"target_url","status","example_source_url","example_anchor_text"
"https://www.searchsarkarinaukri.com/jobs/icmr-nirwoh-senior-consultant-recruitment-2026-walk-in-for-1-post--5025","410","https://www.searchsarkarinaukri.com/jobs?category=health","ICMR NIRWoH Senior Consultant Recruitment 2026 – Walk-in for 1 Post"
"https://www.searchsarkarinaukri.com/jobs/bombay-high-court-cook-recruitment-2026-apply-offline-for-18-posts--5024","410","https://www.searchsarkarinaukri.com/districts/aurangabad","Bombay High Court Cook Recruitment 2026 – Apply Offline for 18 Posts"
"https://www.searchsarkarinaukri.com/jobs/esic-senior-resident-recruitment-2026-walk-in-for-5-posts--5023","410","https://www.searchsarkarinaukri.com/jobs?category=health","ESIC Senior Resident Recruitment 2026 – Walk-in for 5 Posts"
"https://www.searchsarkarinaukri.com/jobs/esic-assistant-professor-recruitment-2026-walk-in-for-7-posts--5022","410","https://www.searchsarkarinaukri.com/jobs?category=health","ESIC Assistant Professor Recruitment 2026 – Walk-in for 7 Posts"
"https://www.searchsarkarinaukri.com/jobs/esic-associate-professor-recruitment-2026-walk-in-for-11-posts--5021","410","https://www.searchsarkarinaukri.com/jobs?category=health","ESIC Associate Professor Recruitment 2026 – Walk-in for 11 Posts"
"https://www.searchsarkarinaukri.com/jobs/esic-professor-recruitment-2026-walk-in-for-6-posts--5020","410","https://www.searchsarkarinaukri.com/jobs?category=health","ESIC Professor Recruitment 2026 – Walk-in for 6 Posts"
"https://www.searchsarkarinaukri.com/jobs/mahatransco-electrician-apprentice-recruitment-2026-apply-online-for-68-posts--5019","410","https://www.searchsarkarinaukri.com/jobs","MAHATRANSCO Electrician Apprentice Recruitment 2026 – Apply Online for 68 Posts"
"https://www.searchsarkarinaukri.com/jobs/csir-neeri-project-associate-recruitment-2026-apply-online-for-2-posts--5016","410","https://www.searchsarkarinaukri.com/districts/nagpur","CSIR NEERI Project Associate Recruitment 2026 – Apply Online for 2 Posts"
"https://www.searchsarkarinaukri.com/jobs/recruitment-notification-brihan-mumbai-mahanagarpalika-mcgm-hiring-17-staff-nurse-x-ray-technician-2026--4998","410","https://www.searchsarkarinaukri.com/districts/mumbai-suburban/health","Recruitment Notification: Brihan Mumbai Mahanagarpalika (MCGM) hiring 17 Staff Nurse, X-ray Technician 2026"
"https://www.searchsarkarinaukri.com/assessment","404","https://www.searchsarkarinaukri.com/daily-assessment","Start Today's Free Assessment"
"https://www.searchsarkarinaukri.com/jobs-in-amravati","404","https://www.searchsarkarinaukri.com/jobs/shivaji-education-society-amravati-shivaji-education-society-amravati-2026--1955","amravati sarkari naukri"
"https://www.searchsarkarinaukri.com/jobs-in-wardha","404","https://www.searchsarkarinaukri.com/jobs/mahatma-gandhi-institute-of-medical-sciences-sevagram-mahatma-gandhi-institute-of-medical-sciences-2--1869","wardha sarkari naukri"
"https://www.searchsarkarinaukri.com/jobs-in-all-districts","404","https://www.searchsarkarinaukri.com/jobs/csir-national-environmental-engineering-research-institute-csir-neeri-recruitment-2026-1-project-202--1672","all districts sarkari naukri"
"https://www.searchsarkarinaukri.com/districts/any-branch/office-of-nainital-bank","404","https://www.searchsarkarinaukri.com/jobs/nainital-bank-hr-officer-recruitment-2026-apply-online-for-3-posts--4990","All government jobs in any branch/office of nainital bank"
"https://www.searchsarkarinaukri.com/jobs-in-any-branch/office-of-nainital-bank","404","https://www.searchsarkarinaukri.com/jobs/nainital-bank-hr-officer-recruitment-2026-apply-online-for-3-posts--4990","any branch/office of nainital bank sarkari naukri"
"https://www.searchsarkarinaukri.com/districts/various-locations-across-india","404","https://www.searchsarkarinaukri.com/jobs/powergrid-diploma-civil-apprentice-recruitment-2026-apply-online-for-35-posts--4985","All government jobs in various locations across india"
"https://www.searchsarkarinaukri.com/jobs-in-various-locations-across-india","404","https://www.searchsarkarinaukri.com/jobs/powergrid-diploma-civil-apprentice-recruitment-2026-apply-online-for-35-posts--4985","various locations across india sarkari naukri"
"https://www.searchsarkarinaukri.com/districts/bengaluru","404","https://www.searchsarkarinaukri.com/jobs/indian-air-force-mts-recruitment-2026-6-posts--2901","All government jobs in bengaluru"
"https://www.searchsarkarinaukri.com/jobs-in-bengaluru","404","https://www.searchsarkarinaukri.com/jobs/indian-air-force-mts-recruitment-2026-6-posts--2901","bengaluru sarkari naukri"
"https://www.searchsarkarinaukri.com/districts/valiamala","404","https://www.searchsarkarinaukri.com/jobs/isro-lpsc-technical-assistant-chemical-recruitment-2026-apply-online--4978","All government jobs in valiamala"
"https://www.searchsarkarinaukri.com/jobs-in-valiamala","404","https://www.searchsarkarinaukri.com/jobs/isro-lpsc-technical-assistant-chemical-recruitment-2026-apply-online--4978","valiamala sarkari naukri"
"https://www.searchsarkarinaukri.com/districts/gorakhpur","404","https://www.searchsarkarinaukri.com/jobs/hurl-engineer-senior-engineer-o-u-recruitment-2026-apply-online--4960","All government jobs in gorakhpur"
"https://www.searchsarkarinaukri.com/jobs-in-gorakhpur","404","https://www.searchsarkarinaukri.com/jobs/hurl-engineer-senior-engineer-o-u-recruitment-2026-apply-online--4960","gorakhpur sarkari naukri"
"https://www.searchsarkarinaukri.com/jobs-in-chhatrapati-sambhajinagar","404","https://www.searchsarkarinaukri.com/jobs/ex-serviceman-contributory-health-scheme-echs-chhatrapati-sambhajinagar-recruitment-notification-ex--1773","chhatrapati sambhajinagar sarkari naukri"
"https://www.searchsarkarinaukri.com/jobs-in-dhule","404","https://www.searchsarkarinaukri.com/jobs/job-2026--1567","dhule sarkari naukri"
"https://www.searchsarkarinaukri.com/districts/ambarnath","404","https://www.searchsarkarinaukri.com/jobs/avnl-mtpf-non-iti-apprentice-fitter-recruitment-2026--4924","All government jobs in ambarnath"
"https://www.searchsarkarinaukri.com/jobs-in-ambarnath","404","https://www.searchsarkarinaukri.com/jobs/avnl-mtpf-non-iti-apprentice-fitter-recruitment-2026--4924","ambarnath sarkari naukri"
"https://www.searchsarkarinaukri.com/districts/delhi","404","https://www.searchsarkarinaukri.com/jobs/upsc-principal-recruitment-2026-apply-online-for-124-principal-posts--3698","All government jobs in delhi"
"https://www.searchsarkarinaukri.com/districts/across-india","404","https://www.searchsarkarinaukri.com/jobs/sbi-assistant-manager-law-deputy-manager-law-recruitment-2026--2674","All government jobs in across india"
"https://www.searchsarkarinaukri.com/jobs-in-across-india","404","https://www.searchsarkarinaukri.com/jobs/sbi-assistant-manager-law-deputy-manager-law-recruitment-2026--2674","across india sarkari naukri"
"https://www.searchsarkarinaukri.com/districts/bihar","404","https://www.searchsarkarinaukri.com/jobs/csc-aadhaar-supervisor-operator-recruitment-2026-bihar-apply-online--3971","All government jobs in bihar"
"https://www.searchsarkarinaukri.com/districts/work-from-home","404","https://www.searchsarkarinaukri.com/jobs/nabfins-telecaller-work-from-home-recruitment-2026--4906","All government jobs in work from home"
"https://www.searchsarkarinaukri.com/jobs-in-work-from-home","404","https://www.searchsarkarinaukri.com/jobs/nabfins-telecaller-work-from-home-recruitment-2026--4906","work from home sarkari naukri"
"https://www.searchsarkarinaukri.com/districts/kurnool","404","https://www.searchsarkarinaukri.com/jobs/dsh-kurnool-general-surgery-specialist-recruitment-2026--4898","All government jobs in kurnool"
"https://www.searchsarkarinaukri.com/jobs-in-kurnool","404","https://www.searchsarkarinaukri.com/jobs/dsh-kurnool-general-surgery-specialist-recruitment-2026--4898","kurnool sarkari naukri"
"https://www.searchsarkarinaukri.com/jobs-in-yavatmal","404","https://www.searchsarkarinaukri.com/jobs/pm-shri-school-jnv-yavatmal-pm-shri-school-jnv-yavatmal-2026--1920","yavatmal sarkari naukri"
"https://www.searchsarkarinaukri.com/jobs-in-sindhudurg","404","https://www.searchsarkarinaukri.com/jobs/dr-balasaheb-sawant-konkan-krishi-vidyapeeth-dapoli-dr-balasaheb-sawant-konkan-krishi-vidyapeeth-202--2412","sindhudurg sarkari naukri"
"https://www.searchsarkarinaukri.com/jobs-in-jalgaon","404","https://www.searchsarkarinaukri.com/jobs/kendriya-vidyalaya-ordnance-factory-varangaon-kendriya-vidyalaya-ordnance-factory-varangaon-invites--2220","jalgaon sarkari naukri"
"https://www.searchsarkarinaukri.com/jobs-in-nanded","404","https://www.searchsarkarinaukri.com/jobs/job-2026--1536","nanded sarkari naukri"
"https://www.searchsarkarinaukri.com/districts/kharghar","404","https://www.searchsarkarinaukri.com/jobs/tmc-actrec-technician-recruitment-2026--4871","All government jobs in kharghar"
"https://www.searchsarkarinaukri.com/jobs-in-kharghar","404","https://www.searchsarkarinaukri.com/jobs/tmc-actrec-technician-recruitment-2026--4871","kharghar sarkari naukri"
"https://www.searchsarkarinaukri.com/districts/sector-22","404","https://www.searchsarkarinaukri.com/jobs/actrec-senior-resident-pathology-recruitment-2026--4872","All government jobs in sector 22"
"https://www.searchsarkarinaukri.com/jobs-in-sector-22","404","https://www.searchsarkarinaukri.com/jobs/actrec-senior-resident-pathology-recruitment-2026--4872","sector 22 sarkari naukri"
"https://www.searchsarkarinaukri.com/districts/narora","404","https://www.searchsarkarinaukri.com/jobs/npcil-dental-surgeon-recruitment-2026--4868","All government jobs in narora"
"https://www.searchsarkarinaukri.com/jobs-in-narora","404","https://www.searchsarkarinaukri.com/jobs/npcil-dental-surgeon-recruitment-2026--4868","narora sarkari naukri"
"https://www.searchsarkarinaukri.com/districts/rohini","404","https://www.searchsarkarinaukri.com/jobs/nfsu-research-assistant-recruitment-2026--4865","All government jobs in rohini"
"https://www.searchsarkarinaukri.com/jobs-in-rohini","404","https://www.searchsarkarinaukri.com/jobs/nfsu-research-assistant-recruitment-2026--4865","rohini sarkari naukri"
"https://www.searchsarkarinaukri.com/districts/khodad","404","https://www.searchsarkarinaukri.com/jobs/ncra-engineer-trainee-servo-recruitment-2026--4852","All government jobs in khodad"
"https://www.searchsarkarinaukri.com/jobs-in-khodad","404","https://www.searchsarkarinaukri.com/jobs/ncra-engineer-trainee-servo-recruitment-2026--4852","khodad sarkari naukri"
"https://www.searchsarkarinaukri.com/jobs/NCRA%20Driver-B%20Pune%20Recruitment%202026%20%E2%80%93%20Apply%20Online","410","https://www.searchsarkarinaukri.com/jobs/ncra-driver-b-pune-recruitment-2026--4860","Apply Online"
"https://www.searchsarkarinaukri.com/districts/pune-/-khodad","404","https://www.searchsarkarinaukri.com/jobs/ncra-administrative-trainee-recruitment-2026--4854","All government jobs in pune / khodad"
"https://www.searchsarkarinaukri.com/jobs-in-pune-/-khodad","404","https://www.searchsarkarinaukri.com/jobs/ncra-administrative-trainee-recruitment-2026--4854","pune / khodad sarkari naukri"
"https://www.searchsarkarinaukri.com/districts/navi-mumbai","404","https://www.searchsarkarinaukri.com/jobs/sbi-manager-manpower-planning-recruitment-2026--4626","All government jobs in navi mumbai"
"https://www.searchsarkarinaukri.com/jobs-in-navi-mumbai","404","https://www.searchsarkarinaukri.com/jobs/sbi-manager-manpower-planning-recruitment-2026--4626","navi mumbai sarkari naukri"
"https://www.searchsarkarinaukri.com/districts/khadki","404","https://www.searchsarkarinaukri.com/jobs/high-explosives-factory-khadki-tenure-based-cpw-recruitment-2026--4825","All government jobs in khadki"
"https://www.searchsarkarinaukri.com/jobs-in-khadki","404","https://www.searchsarkarinaukri.com/jobs/high-explosives-factory-khadki-tenure-based-cpw-recruitment-2026--4825","khadki sarkari naukri"
"https://www.searchsarkarinaukri.com/districts/various-locations","404","https://www.searchsarkarinaukri.com/jobs/cci-engineer-electrical-recruitment-2026--4817","All government jobs in various locations"
"https://www.searchsarkarinaukri.com/jobs-in-various-locations","404","https://www.searchsarkarinaukri.com/jobs/cci-engineer-electrical-recruitment-2026--4817","various locations sarkari naukri"
"https://www.searchsarkarinaukri.com/districts/bangalore","404","https://www.searchsarkarinaukri.com/jobs/beml-graduate-technical-apprentice-recruitment-2026--4809","All government jobs in bangalore"
"https://www.searchsarkarinaukri.com/districts/prayagraj","404","https://www.searchsarkarinaukri.com/jobs/rrc-ncr-apprentice-recruitment-2026-1853-posts--2914","All government jobs in prayagraj"
"https://www.searchsarkarinaukri.com/jobs-in-prayagraj","404","https://www.searchsarkarinaukri.com/jobs/rrc-ncr-apprentice-recruitment-2026-1853-posts--2914","prayagraj sarkari naukri"
"https://www.searchsarkarinaukri.com/districts/kalyani","404","https://www.searchsarkarinaukri.com/jobs/aiims-kalyani-project-research-scientist-i-recruitment-2026--4801","All government jobs in kalyani"
"https://www.searchsarkarinaukri.com/jobs-in-kalyani","404","https://www.searchsarkarinaukri.com/jobs/aiims-kalyani-project-research-scientist-i-recruitment-2026--4801","kalyani sarkari naukri"
"https://www.searchsarkarinaukri.com/jobs-in-gadchiroli","404","https://www.searchsarkarinaukri.com/jobs/samaj-kalyan-gadchiroli-samaj-kalyan-gadchiroli-2026--2830","gadchiroli sarkari naukri"
"https://www.searchsarkarinaukri.com/jobs-in-latur","404","https://www.searchsarkarinaukri.com/jobs/jspm-latur-jspm-latur-2026--1753","latur sarkari naukri"
"https://www.searchsarkarinaukri.com/districts/delhi-ncr","404","https://www.searchsarkarinaukri.com/jobs/csir-technician-recruitment-2026--4762","All government jobs in delhi ncr"
"https://www.searchsarkarinaukri.com/jobs-in-delhi-ncr","404","https://www.searchsarkarinaukri.com/jobs/csir-technician-recruitment-2026--4762","delhi ncr sarkari naukri"
"https://www.searchsarkarinaukri.com/districts/bhel-tiruchirappalli","404","https://www.searchsarkarinaukri.com/jobs/bhel-trichy-graduate-apprentice-civil-engineering-recruitment-2026--4735","All government jobs in bhel tiruchirappalli"
"https://www.searchsarkarinaukri.com/jobs-in-bhel-tiruchirappalli","404","https://www.searchsarkarinaukri.com/jobs/bhel-trichy-graduate-apprentice-civil-engineering-recruitment-2026--4735","bhel tiruchirappalli sarkari naukri"
"https://www.searchsarkarinaukri.com/districts/hal-aircraft-division","404","https://www.searchsarkarinaukri.com/jobs/hal-nasik-tool-die-maker-jig-fixture-apprentice-recruitment-2026--4676","All government jobs in hal aircraft division"
"https://www.searchsarkarinaukri.com/jobs-in-hal-aircraft-division","404","https://www.searchsarkarinaukri.com/jobs/hal-nasik-tool-die-maker-jig-fixture-apprentice-recruitment-2026--4676","hal aircraft division sarkari naukri"
"https://www.searchsarkarinaukri.com/districts/al-aircraft-division","404","https://www.searchsarkarinaukri.com/jobs/hal-nasik-pharmacist-graduate-apprentice-recruitment-2026--4700","All government jobs in al aircraft division"
"https://www.searchsarkarinaukri.com/jobs-in-al-aircraft-division","404","https://www.searchsarkarinaukri.com/jobs/hal-nasik-pharmacist-graduate-apprentice-recruitment-2026--4700","al aircraft division sarkari naukri"
"https://www.searchsarkarinaukri.com/jobs-in-jalna","404","https://www.searchsarkarinaukri.com/jobs/jnv-jalna-jnv-jalna-2026--2270","jalna sarkari naukri"
"https://www.searchsarkarinaukri.com/districts/anywhere-in-india","404","https://www.searchsarkarinaukri.com/jobs/bank-of-baroda-manager-digital-product-recruitment-2026-apply-online-for-13-posts--4161","All government jobs in anywhere in india"
"https://www.searchsarkarinaukri.com/jobs-in-anywhere-in-india","404","https://www.searchsarkarinaukri.com/jobs/bank-of-baroda-manager-digital-product-recruitment-2026-apply-online-for-13-posts--4161","anywhere in india sarkari naukri"
"https://www.searchsarkarinaukri.com/districts/mumbai-/-anywhere-in-india","404","https://www.searchsarkarinaukri.com/jobs/sbi-deputy-vice-president-cyber-security-recruitment-2026--4622","All government jobs in mumbai / anywhere in india"
"https://www.searchsarkarinaukri.com/jobs-in-mumbai-/-anywhere-in-india","404","https://www.searchsarkarinaukri.com/jobs/sbi-deputy-vice-president-cyber-security-recruitment-2026--4622","mumbai / anywhere in india sarkari naukri"
"https://www.searchsarkarinaukri.com/districts/across-24-states/uts","404","https://www.searchsarkarinaukri.com/jobs/sbi-junior-associate-customer-support-sales-recruitment-2026--4619","All government jobs in across 24 states/uts"
"https://www.searchsarkarinaukri.com/jobs-in-across-24-states/uts","404","https://www.searchsarkarinaukri.com/jobs/sbi-junior-associate-customer-support-sales-recruitment-2026--4619","across 24 states/uts sarkari naukri"
"https://www.searchsarkarinaukri.com/jobs-in-gondia","404","https://www.searchsarkarinaukri.com/jobs/gondia-education-society-gondia-education-society-2026--2027","gondia sarkari naukri"
"https://www.searchsarkarinaukri.com/jobs-in-nandurbar","404","https://www.searchsarkarinaukri.com/jobs/jnv-nandurbar-jnv-nandurbar-2026--2513","nandurbar sarkari naukri"
"https://www.searchsarkarinaukri.com/districts/kochi-refinery","404","https://www.searchsarkarinaukri.com/jobs/bpcl-process-operator-chemical-recruitment-2026-kochi-apply-online-for-64-posts--3797","All government jobs in kochi refinery"
"https://www.searchsarkarinaukri.com/jobs-in-kochi-refinery","404","https://www.searchsarkarinaukri.com/jobs/bpcl-process-operator-chemical-recruitment-2026-kochi-apply-online-for-64-posts--3797","kochi refinery sarkari naukri"
"https://www.searchsarkarinaukri.com/districts/mumbai-refinery","404","https://www.searchsarkarinaukri.com/jobs/bpcl-process-technician-chemical-recruitment-2026-mumbai-apply-online-for-60-posts--3796","All government jobs in mumbai refinery"
"https://www.searchsarkarinaukri.com/jobs-in-mumbai-refinery","404","https://www.searchsarkarinaukri.com/jobs/bpcl-process-technician-chemical-recruitment-2026-mumbai-apply-online-for-60-posts--3796","mumbai refinery sarkari naukri"
"https://www.searchsarkarinaukri.com/districts/multiple-locations","404","https://www.searchsarkarinaukri.com/jobs/irel-deputy-manager-sales-recruitment-2026--4560","All government jobs in multiple locations"
"https://www.searchsarkarinaukri.com/jobs-in-multiple-locations","404","https://www.searchsarkarinaukri.com/jobs/irel-deputy-manager-sales-recruitment-2026--4560","multiple locations sarkari naukri"
"https://www.searchsarkarinaukri.com/districts/tamil-nadu-/-kerala","404","https://www.searchsarkarinaukri.com/jobs/irel-assistant-manager-rajbhasha-recruitment-2026--4564","All government jobs in tamil nadu / kerala"
"https://www.searchsarkarinaukri.com/jobs-in-tamil-nadu-/-kerala","404","https://www.searchsarkarinaukri.com/jobs/irel-assistant-manager-rajbhasha-recruitment-2026--4564","tamil nadu / kerala sarkari naukri"
"https://www.searchsarkarinaukri.com/districts/tamil-nadu-/-andhra-pradesh","404","https://www.searchsarkarinaukri.com/jobs/irel-deputy-manager-finance-recruitment-2026--4557","All government jobs in tamil nadu / andhra pradesh"
"https://www.searchsarkarinaukri.com/jobs-in-tamil-nadu-/-andhra-pradesh","404","https://www.searchsarkarinaukri.com/jobs/irel-deputy-manager-finance-recruitment-2026--4557","tamil nadu / andhra pradesh sarkari naukri"
"https://www.searchsarkarinaukri.com/districts/odisha","404","https://www.searchsarkarinaukri.com/jobs/csc-aadhaar-supervisor-operator-recruitment-2026-odisha-apply-online--3979","All government jobs in odisha"
"https://www.searchsarkarinaukri.com/districts/mumbai-/-tamil-nadu-/-kerala","404","https://www.searchsarkarinaukri.com/jobs/irel-chief-manager-finance-recruitment-2026--4555","All government jobs in mumbai / tamil nadu / kerala"
"https://www.searchsarkarinaukri.com/jobs-in-mumbai-/-tamil-nadu-/-kerala","404","https://www.searchsarkarinaukri.com/jobs/irel-chief-manager-finance-recruitment-2026--4555","mumbai / tamil nadu / kerala sarkari naukri"
"https://www.searchsarkarinaukri.com/districts/kerala-/-odisha-/-tamil-nadu","404","https://www.searchsarkarinaukri.com/jobs/irel-manager-legal-recruitment-2026--4550","All government jobs in kerala / odisha / tamil nadu"
"https://www.searchsarkarinaukri.com/jobs-in-kerala-/-odisha-/-tamil-nadu","404","https://www.searchsarkarinaukri.com/jobs/irel-manager-legal-recruitment-2026--4550","kerala / odisha / tamil nadu sarkari naukri"
"https://www.searchsarkarinaukri.com/districts/kerala","404","https://www.searchsarkarinaukri.com/jobs/irel-deputy-manager-mineral-recruitment-2026--4520","All government jobs in kerala"
"https://www.searchsarkarinaukri.com/districts/kerala-/-andhra-pradesh-/-tamil-nadu","404","https://www.searchsarkarinaukri.com/jobs/irel-deputy-manager-it-recruitment-2026--4547","All government jobs in kerala / andhra pradesh / tamil nadu"
"https://www.searchsarkarinaukri.com/jobs-in-kerala-/-andhra-pradesh-/-tamil-nadu","404","https://www.searchsarkarinaukri.com/jobs/irel-deputy-manager-it-recruitment-2026--4547","kerala / andhra pradesh / tamil nadu sarkari naukri"
"https://www.searchsarkarinaukri.com/districts/kerala-/-tamil-nadu","404","https://www.searchsarkarinaukri.com/jobs/irel-deputy-manager-commercial-purchase-recruitment-2026--4541","All government jobs in kerala / tamil nadu"
"https://www.searchsarkarinaukri.com/jobs-in-kerala-/-tamil-nadu","404","https://www.searchsarkarinaukri.com/jobs/irel-deputy-manager-commercial-purchase-recruitment-2026--4541","kerala / tamil nadu sarkari naukri"
"https://www.searchsarkarinaukri.com/districts/odisha-/-kerala","404","https://www.searchsarkarinaukri.com/jobs/irel-assistant-manager-mining-recruitment-2026--4540","All government jobs in odisha / kerala"
"https://www.searchsarkarinaukri.com/jobs-in-odisha-/-kerala","404","https://www.searchsarkarinaukri.com/jobs/irel-assistant-manager-mining-recruitment-2026--4540","odisha / kerala sarkari naukri"
"https://www.searchsarkarinaukri.com/districts/odisha-/-andhra-pradesh","404","https://www.searchsarkarinaukri.com/jobs/irel-assistant-manager-chemical-recruitment-2026--4519","All government jobs in odisha / andhra pradesh"
"https://www.searchsarkarinaukri.com/jobs-in-odisha-/-andhra-pradesh","404","https://www.searchsarkarinaukri.com/jobs/irel-assistant-manager-chemical-recruitment-2026--4519","odisha / andhra pradesh sarkari naukri"
"https://www.searchsarkarinaukri.com/districts/tamil-nadu-/-odisha","404","https://www.searchsarkarinaukri.com/jobs/irel-deputy-manager-electrical-recruitment-2026--4516","All government jobs in tamil nadu / odisha"
"https://www.searchsarkarinaukri.com/jobs-in-tamil-nadu-/-odisha","404","https://www.searchsarkarinaukri.com/jobs/irel-deputy-manager-electrical-recruitment-2026--4516","tamil nadu / odisha sarkari naukri"
"https://www.searchsarkarinaukri.com/districts/tamil-nadu","404","https://www.searchsarkarinaukri.com/jobs/pnb-local-bank-officer-recruitment-2026-tamil-nadu-apply-online-for-51-posts--3324","All government jobs in tamil nadu"
"https://www.searchsarkarinaukri.com/districts/kerala-/-odisha-/-aluva","404","https://www.searchsarkarinaukri.com/jobs/irel-assistant-manager-mechanical-recruitment-2026--4514","All government jobs in kerala / odisha / aluva"
"https://www.searchsarkarinaukri.com/jobs-in-kerala-/-odisha-/-aluva","404","https://www.searchsarkarinaukri.com/jobs/irel-assistant-manager-mechanical-recruitment-2026--4514","kerala / odisha / aluva sarkari naukri"
"https://www.searchsarkarinaukri.com/districts/chhattisgarh","404","https://www.searchsarkarinaukri.com/jobs/csc-aadhaar-supervisor-operator-recruitment-2026-chhattisgarh-apply-online--3977","All government jobs in chhattisgarh"
"https://www.searchsarkarinaukri.com/districts/secunderabad-and-bengaluru","404","https://www.searchsarkarinaukri.com/jobs/dgqa-technician-skilled-recruitment-2026--4506","All government jobs in secunderabad and bengaluru"
"https://www.searchsarkarinaukri.com/jobs-in-secunderabad-and-bengaluru","404","https://www.searchsarkarinaukri.com/jobs/dgqa-technician-skilled-recruitment-2026--4506","secunderabad and bengaluru sarkari naukri"
"https://www.searchsarkarinaukri.com/districts/secunderabad","404","https://www.searchsarkarinaukri.com/jobs/dgqa-technician-semi-skilled-recruitment-2026--4505","All government jobs in secunderabad"
"https://www.searchsarkarinaukri.com/jobs-in-secunderabad","404","https://www.searchsarkarinaukri.com/jobs/dgqa-technician-semi-skilled-recruitment-2026--4505","secunderabad sarkari naukri"
"https://www.searchsarkarinaukri.com/districts/ahmedabad","404","https://www.searchsarkarinaukri.com/jobs/nclt-senior-legal-assistant-recruitment-2026-apply-offline-for-20-posts--3187","All government jobs in ahmedabad"
"https://www.searchsarkarinaukri.com/districts/sccl-areas/regions-as-allotted","404","https://www.searchsarkarinaukri.com/jobs/sccl-engineering-graduate-apprentice-recruitment-2026--4499","All government jobs in sccl areas/regions as allotted"
"https://www.searchsarkarinaukri.com/jobs-in-sccl-areas/regions-as-allotted","404","https://www.searchsarkarinaukri.com/jobs/sccl-engineering-graduate-apprentice-recruitment-2026--4499","sccl areas/regions as allotted sarkari naukri"
"https://www.searchsarkarinaukri.com/districts/maharashtra","404","https://www.searchsarkarinaukri.com/jobs/pnb-local-bank-officer-recruitment-2026-maharashtra-apply-online-for-67-posts--3322","All government jobs in maharashtra"
"https://www.searchsarkarinaukri.com/districts/across-india-/-abroad","404","https://www.searchsarkarinaukri.com/jobs/itbp-super-specialist-medical-officer-recruitment-2026--4496","All government jobs in across india / abroad"
"https://www.searchsarkarinaukri.com/jobs-in-across-india-/-abroad","404","https://www.searchsarkarinaukri.com/jobs/itbp-super-specialist-medical-officer-recruitment-2026--4496","across india / abroad sarkari naukri"
"https://www.searchsarkarinaukri.com/districts/karnataka","404","https://www.searchsarkarinaukri.com/jobs/kea-village-administrative-officer-rpc-recruitment-2026--3111","All government jobs in karnataka"
"https://www.searchsarkarinaukri.com/districts/sutarwadi","404","https://www.searchsarkarinaukri.com/jobs/drdo-hemrl-graduate-apprentice-recruitment-2026--4495","All government jobs in sutarwadi"
"https://www.searchsarkarinaukri.com/jobs-in-sutarwadi","404","https://www.searchsarkarinaukri.com/jobs/drdo-hemrl-graduate-apprentice-recruitment-2026--4495","sutarwadi sarkari naukri"
"https://www.searchsarkarinaukri.com/jobs-in-washim","404","https://www.searchsarkarinaukri.com/jobs/jnv-washim-jnv-washim-2026--1922","washim sarkari naukri"
"https://www.searchsarkarinaukri.com/cdn-cgi/l/email-protection","404","https://www.searchsarkarinaukri.com/jobs/kalbhairav-sahakari-patsanstha-kalbhairav-sahakari-patsanstha-2026--4483","Apply Online"
"https://www.searchsarkarinaukri.com/districts/rourkela","404","https://www.searchsarkarinaukri.com/jobs/sail-rsp-trade-apprentice-aocp-recruitment-2026--4362","All government jobs in rourkela"
"https://www.searchsarkarinaukri.com/jobs-in-rourkela","404","https://www.searchsarkarinaukri.com/jobs/sail-rsp-trade-apprentice-aocp-recruitment-2026--4362","rourkela sarkari naukri"
"https://www.searchsarkarinaukri.com/jobs-in-ahmednagar","404","https://www.searchsarkarinaukri.com/jobs/echs-ahmednagar-echs-ahmednagar-2026--2186","ahmednagar sarkari naukri"
"https://www.searchsarkarinaukri.com/districts/bhubaneswar","404","https://www.searchsarkarinaukri.com/jobs/income-tax-stenographer-grade-ii-recruitment-2026-1-post-sports-quota--2903","All government jobs in bhubaneswar"
"https://www.searchsarkarinaukri.com/jobs-in-bhandara","404","https://www.searchsarkarinaukri.com/jobs/ordnance-factory-hospital-bhandara-job-opening-at-ordnance-factory-hospital-2026--3199","bhandara sarkari naukri"
"https://www.searchsarkarinaukri.com/districts/not-specified","404","https://www.searchsarkarinaukri.com/jobs/ntpc-associate-recruitment-2026-hydro-function--2731","All government jobs in not specified"
"https://www.searchsarkarinaukri.com/jobs-in-not-specified","404","https://www.searchsarkarinaukri.com/jobs/ntpc-associate-recruitment-2026-hydro-function--2731","not specified sarkari naukri"
"https://www.searchsarkarinaukri.com/districts/union-territory-of-ladakh","404","https://www.searchsarkarinaukri.com/jobs/upsc-soil-conservation-assistant-recruitment-2026-apply-online-for-7-posts--4312","All government jobs in union territory of ladakh"
"https://www.searchsarkarinaukri.com/jobs-in-union-territory-of-ladakh","404","https://www.searchsarkarinaukri.com/jobs/upsc-soil-conservation-assistant-recruitment-2026-apply-online-for-7-posts--4312","union territory of ladakh sarkari naukri"
"https://www.searchsarkarinaukri.com/districts/himachal-pradesh","404","https://www.searchsarkarinaukri.com/jobs/hp-high-court-clerk-recruitment-2026-apply-online-for-141-posts--4300","All government jobs in himachal pradesh"
"https://www.searchsarkarinaukri.com/districts/head-office","404","https://www.searchsarkarinaukri.com/jobs/ap-mahesh-bank-assistant-general-manager-senior-manager-manager-recruitment-2026-legal-department--4298","All government jobs in head office"
"https://www.searchsarkarinaukri.com/jobs-in-head-office","404","https://www.searchsarkarinaukri.com/jobs/ap-mahesh-bank-assistant-general-manager-senior-manager-manager-recruitment-2026-legal-department--4298","head office sarkari naukri"
"https://www.searchsarkarinaukri.com/districts/northern-region-%E2%80%93-delhi","404","https://www.searchsarkarinaukri.com/jobs/iocl-technician-apprentice-mechanical-recruitment-2026-apply-online--4284","All government jobs in northern region – delhi"
"https://www.searchsarkarinaukri.com/jobs-in-northern-region-%E2%80%93-delhi","404","https://www.searchsarkarinaukri.com/jobs/iocl-technician-apprentice-mechanical-recruitment-2026-apply-online--4284","northern region – delhi sarkari naukri"
"https://www.searchsarkarinaukri.com/districts/gujarat","404","https://www.searchsarkarinaukri.com/jobs/pnb-local-bank-officer-recruitment-2026-gujarat-apply-online-for-77-posts--3320","All government jobs in gujarat"
"https://www.searchsarkarinaukri.com/districts/various-districts","404","https://www.searchsarkarinaukri.com/jobs/csc-aadhaar-supervisor-operator-recruitment-2026-316-posts--2761","All government jobs in various districts"
"https://www.searchsarkarinaukri.com/jobs-in-various-districts","404","https://www.searchsarkarinaukri.com/jobs/csc-aadhaar-supervisor-operator-recruitment-2026-316-posts--2761","various districts sarkari naukri"
"https://www.searchsarkarinaukri.com/districts/telangana","404","https://www.searchsarkarinaukri.com/jobs/pnb-local-bank-officer-recruitment-2026-telangana-apply-online-for-41-posts--3323","All government jobs in telangana"
"https://www.searchsarkarinaukri.com/jobs/132%20Posts","410","https://www.searchsarkarinaukri.com/jobs/shs-bihar-anaesthetist-recruitment-2026-apply-online-for-132-posts--4250","Apply Online"
"https://www.searchsarkarinaukri.com/districts/across-india-(training-at-ota","404","https://www.searchsarkarinaukri.com/jobs/indian-army-jag-entry-scheme-125th-course-recruitment-2026-apply-online-for-10-ssc-jag-posts--4229","All government jobs in across india (training at ota"
"https://www.searchsarkarinaukri.com/jobs-in-across-india-(training-at-ota","404","https://www.searchsarkarinaukri.com/jobs/indian-army-jag-entry-scheme-125th-course-recruitment-2026-apply-online-for-10-ssc-jag-posts--4229","across india (training at ota sarkari naukri"
"https://www.searchsarkarinaukri.com/districts/madhya-pradesh","404","https://www.searchsarkarinaukri.com/jobs/csc-aadhaar-supervisor-operator-recruitment-2026-madhya-pradesh-apply-online--3976","All government jobs in madhya pradesh"
"https://www.searchsarkarinaukri.com/jobs-in-ratnagiri","404","https://www.searchsarkarinaukri.com/jobs/dr-balasaheb-sawant-konkan-krishi-vidyapeeth-dapoli-dr-balasaheb-sawant-konkan-krishi-vidyapeeth-202--2017","ratnagiri sarkari naukri"
"https://www.searchsarkarinaukri.com/districts/prakasam","404","https://www.searchsarkarinaukri.com/jobs/prakasam-dccb-staff-assistant-recruitment-2026-apply-online-for-60-posts--4192","All government jobs in prakasam"
"https://www.searchsarkarinaukri.com/jobs-in-prakasam","404","https://www.searchsarkarinaukri.com/jobs/prakasam-dccb-staff-assistant-recruitment-2026-apply-online-for-60-posts--4192","prakasam sarkari naukri"
"https://www.searchsarkarinaukri.com/districts/kadapa","404","https://www.searchsarkarinaukri.com/jobs/kadapa-dccb-staff-assistant-recruitment-2026-apply-online-for-40-posts--4190","All government jobs in kadapa"
"https://www.searchsarkarinaukri.com/jobs-in-kadapa","404","https://www.searchsarkarinaukri.com/jobs/kadapa-dccb-staff-assistant-recruitment-2026-apply-online-for-40-posts--4190","kadapa sarkari naukri"
"https://www.searchsarkarinaukri.com/districts/nellore","404","https://www.searchsarkarinaukri.com/jobs/nellore-dccb-staff-assistant-recruitment-2026-apply-online-for-48-posts--4191","All government jobs in nellore"
"https://www.searchsarkarinaukri.com/jobs-in-nellore","404","https://www.searchsarkarinaukri.com/jobs/nellore-dccb-staff-assistant-recruitment-2026-apply-online-for-48-posts--4191","nellore sarkari naukri"
"https://www.searchsarkarinaukri.com/districts/chittoor","404","https://www.searchsarkarinaukri.com/jobs/apcob-staff-assistant-recruitment-2026-apply-online-for-295-posts--4188","All government jobs in chittoor"
"https://www.searchsarkarinaukri.com/jobs-in-chittoor","404","https://www.searchsarkarinaukri.com/jobs/apcob-staff-assistant-recruitment-2026-apply-online-for-295-posts--4188","chittoor sarkari naukri"
"https://www.searchsarkarinaukri.com/districts/kadapa-dccb-&-prakasam-dccb","404","https://www.searchsarkarinaukri.com/jobs/apcob-assistant-manager-recruitment-2026-apply-online-for-43-posts--4187","All government jobs in kadapa dccb & prakasam dccb"
"https://www.searchsarkarinaukri.com/jobs-in-kadapa-dccb-&-prakasam-dccb","404","https://www.searchsarkarinaukri.com/jobs/apcob-assistant-manager-recruitment-2026-apply-online-for-43-posts--4187","kadapa dccb & prakasam dccb sarkari naukri"
"https://www.searchsarkarinaukri.com/districts/across-ntpc-locations","404","https://www.searchsarkarinaukri.com/jobs/ntpc-deputy-manager-control-instrumentation-recruitment-2026-apply-online-for-40-posts--4185","All government jobs in across ntpc locations"
"https://www.searchsarkarinaukri.com/jobs-in-across-ntpc-locations","404","https://www.searchsarkarinaukri.com/jobs/ntpc-deputy-manager-control-instrumentation-recruitment-2026-apply-online-for-40-posts--4185","across ntpc locations sarkari naukri"
"https://www.searchsarkarinaukri.com/districts/kanpur","404","https://www.searchsarkarinaukri.com/jobs/icar-atari-kanpur-young-professional-i-ffp-2026--2369","All government jobs in kanpur"
"https://www.searchsarkarinaukri.com/districts/india-/-abroad-(as-per-rites-requirement)","404","https://www.searchsarkarinaukri.com/jobs/rites-senior-manager-cyber-security-expert-recruitment-2026-apply-online-for-1-post--4115","All government jobs in india / abroad (as per rites requirement)"
"https://www.searchsarkarinaukri.com/jobs-in-india-/-abroad-(as-per-rites-requirement)","404","https://www.searchsarkarinaukri.com/jobs/rites-senior-manager-cyber-security-expert-recruitment-2026-apply-online-for-1-post--4115","india / abroad (as per rites requirement) sarkari naukri"
"https://www.searchsarkarinaukri.com/districts/chittaranjan","404","https://www.searchsarkarinaukri.com/jobs/clw-homeopathic-consultant-recruitment-2026--2956","All government jobs in chittaranjan"
"https://www.searchsarkarinaukri.com/jobs-in-chittaranjan","404","https://www.searchsarkarinaukri.com/jobs/clw-homeopathic-consultant-recruitment-2026--2956","chittaranjan sarkari naukri"
"https://www.searchsarkarinaukri.com/districts/pithoragarh","404","https://www.searchsarkarinaukri.com/jobs/territorial-army-soldier-chef-community-recruitment-rally-2026-apply-for-4-posts--4090","All government jobs in pithoragarh"
"https://www.searchsarkarinaukri.com/jobs-in-pithoragarh","404","https://www.searchsarkarinaukri.com/jobs/territorial-army-soldier-chef-community-recruitment-rally-2026-apply-for-4-posts--4090","pithoragarh sarkari naukri"
"https://www.searchsarkarinaukri.com/districts/neyveli","404","https://www.searchsarkarinaukri.com/jobs/nlc-india-non-engineering-graduate-apprentice-recruitment-2026-apply-online-for-313-training-slots--4053","All government jobs in neyveli"
"https://www.searchsarkarinaukri.com/jobs-in-neyveli","404","https://www.searchsarkarinaukri.com/jobs/nlc-india-non-engineering-graduate-apprentice-recruitment-2026-apply-online-for-313-training-slots--4053","neyveli sarkari naukri"
"https://www.searchsarkarinaukri.com/jobs-in-hingoli","404","https://www.searchsarkarinaukri.com/jobs/jnv-hingoli-jnv-hingoli-2026--2632","hingoli sarkari naukri"
"https://www.searchsarkarinaukri.com/districts/chennai","404","https://www.searchsarkarinaukri.com/jobs/balmer-lawrie-and-company-limited-junior-officer-electrical-and-maintenance-2026--1295","All government jobs in chennai"
"https://www.searchsarkarinaukri.com/districts/mecl-projects/offices-across-india","404","https://www.searchsarkarinaukri.com/jobs/mecl-executive-trainee-electrical-recruitment-2026-apply-online-for-1-post--4040","All government jobs in mecl projects/offices across india"
"https://www.searchsarkarinaukri.com/jobs-in-mecl-projects/offices-across-india","404","https://www.searchsarkarinaukri.com/jobs/mecl-executive-trainee-electrical-recruitment-2026-apply-online-for-1-post--4040","mecl projects/offices across india sarkari naukri"
"https://www.searchsarkarinaukri.com/districts/meerut","404","https://www.searchsarkarinaukri.com/jobs/icar-central-institute-for-research-on-cattle-part-time-medical-officer-2026--1338","All government jobs in meerut"
"https://www.searchsarkarinaukri.com/jobs-in-meerut","404","https://www.searchsarkarinaukri.com/jobs/icar-central-institute-for-research-on-cattle-part-time-medical-officer-2026--1338","meerut sarkari naukri"
"https://www.searchsarkarinaukri.com/districts/maligaon","404","https://www.searchsarkarinaukri.com/jobs/nfr-act-apprentice-recruitment-2026-headquarters-maligaon-apply-online-for-495-slots--4035","All government jobs in maligaon"
"https://www.searchsarkarinaukri.com/jobs-in-maligaon","404","https://www.searchsarkarinaukri.com/jobs/nfr-act-apprentice-recruitment-2026-headquarters-maligaon-apply-online-for-495-slots--4035","maligaon sarkari naukri"
"https://www.searchsarkarinaukri.com/districts/dibrugarh","404","https://www.searchsarkarinaukri.com/jobs/bcpl-senior-engineer-instrumentation-recruitment-2026-apply-online-for-1-post--3282","All government jobs in dibrugarh"
"https://www.searchsarkarinaukri.com/jobs-in-dibrugarh","404","https://www.searchsarkarinaukri.com/jobs/bcpl-senior-engineer-instrumentation-recruitment-2026-apply-online-for-1-post--3282","dibrugarh sarkari naukri"
"https://www.searchsarkarinaukri.com/districts/tinsukia","404","https://www.searchsarkarinaukri.com/jobs/nfr-act-apprentice-recruitment-2026-tinsukia-division-apply-online-for-860-slots--4032","All government jobs in tinsukia"
"https://www.searchsarkarinaukri.com/jobs-in-tinsukia","404","https://www.searchsarkarinaukri.com/jobs/nfr-act-apprentice-recruitment-2026-tinsukia-division-apply-online-for-860-slots--4032","tinsukia sarkari naukri"
"https://www.searchsarkarinaukri.com/districts/lumding","404","https://www.searchsarkarinaukri.com/jobs/nfr-act-apprentice-recruitment-2026-lumding-division-apply-online-for-1274-slots--4031","All government jobs in lumding"
"https://www.searchsarkarinaukri.com/jobs-in-lumding","404","https://www.searchsarkarinaukri.com/jobs/nfr-act-apprentice-recruitment-2026-lumding-division-apply-online-for-1274-slots--4031","lumding sarkari naukri"
"https://www.searchsarkarinaukri.com/districts/new-bongaigaon","404","https://www.searchsarkarinaukri.com/jobs/nfr-act-apprentice-recruitment-2026-new-bongaigaon-workshop-engineering-workshop-apply-online-for-881-slots--4033","All government jobs in new bongaigaon"
"https://www.searchsarkarinaukri.com/jobs-in-new-bongaigaon","404","https://www.searchsarkarinaukri.com/jobs/nfr-act-apprentice-recruitment-2026-new-bongaigaon-workshop-engineering-workshop-apply-online-for-881-slots--4033","new bongaigaon sarkari naukri"
"https://www.searchsarkarinaukri.com/districts/rangiya","404","https://www.searchsarkarinaukri.com/jobs/nfr-act-apprentice-recruitment-2026-rangiya-division-apply-online-for-750-slots--4030","All government jobs in rangiya"
"https://www.searchsarkarinaukri.com/jobs-in-rangiya","404","https://www.searchsarkarinaukri.com/jobs/nfr-act-apprentice-recruitment-2026-rangiya-division-apply-online-for-750-slots--4030","rangiya sarkari naukri"
"https://www.searchsarkarinaukri.com/districts/alipurduar","404","https://www.searchsarkarinaukri.com/jobs/nfr-act-apprentice-recruitment-2026-alipurduar-division-apply-online-for-651-slots--4029","All government jobs in alipurduar"
"https://www.searchsarkarinaukri.com/jobs-in-alipurduar","404","https://www.searchsarkarinaukri.com/jobs/nfr-act-apprentice-recruitment-2026-alipurduar-division-apply-online-for-651-slots--4029","alipurduar sarkari naukri"
"https://www.searchsarkarinaukri.com/districts/katihar-(bihar)-&-tindharia-workshop-(west-bengal)","404","https://www.searchsarkarinaukri.com/jobs/nfr-act-apprentice-recruitment-2026-katihar-kir-tindharia-workshop-apply-online-for-1103-slots--4028","All government jobs in katihar (bihar) & tindharia workshop (west bengal)"
"https://www.searchsarkarinaukri.com/jobs-in-katihar-(bihar)-&-tindharia-workshop-(west-bengal)","404","https://www.searchsarkarinaukri.com/jobs/nfr-act-apprentice-recruitment-2026-katihar-kir-tindharia-workshop-apply-online-for-1103-slots--4028","katihar (bihar) & tindharia workshop (west bengal) sarkari naukri"
"https://www.searchsarkarinaukri.com/districts/konkan-railway-route","404","https://www.searchsarkarinaukri.com/jobs/konkan-railway-junior-engineer-civil-recruitment-2026-apply-online-for-25-posts--4000","All government jobs in konkan railway route"
"https://www.searchsarkarinaukri.com/jobs-in-konkan-railway-route","404","https://www.searchsarkarinaukri.com/jobs/konkan-railway-junior-engineer-civil-recruitment-2026-apply-online-for-25-posts--4000","konkan railway route sarkari naukri"
"https://www.searchsarkarinaukri.com/districts/mumbai-(trombay)","404","https://www.searchsarkarinaukri.com/jobs/rcfl-management-trainee-chemical-recruitment-2026-apply-online-for-32-posts--3982","All government jobs in mumbai (trombay)"
"https://www.searchsarkarinaukri.com/jobs-in-mumbai-(trombay)","404","https://www.searchsarkarinaukri.com/jobs/rcfl-management-trainee-chemical-recruitment-2026-apply-online-for-32-posts--3982","mumbai (trombay) sarkari naukri"
"https://www.searchsarkarinaukri.com/districts/manipur","404","https://www.searchsarkarinaukri.com/jobs/pnb-local-bank-officer-recruitment-2026-manipur-apply-online-for-6-posts--3330","All government jobs in manipur"
"https://www.searchsarkarinaukri.com/districts/goa","404","https://www.searchsarkarinaukri.com/jobs/csc-aadhaar-supervisor-operator-recruitment-2026-goa-apply-online--3981","All government jobs in goa"
"https://www.searchsarkarinaukri.com/districts/rajasthan","404","https://www.searchsarkarinaukri.com/jobs/rvunl-junior-engineer-electrical-recruitment-2026-apply-online-for-727-posts--3371","All government jobs in rajasthan"
"https://www.searchsarkarinaukri.com/districts/punjab","404","https://www.searchsarkarinaukri.com/jobs/csc-aadhaar-supervisor-operator-recruitment-2026-punjab-apply-online--3975","All government jobs in punjab"
"https://www.searchsarkarinaukri.com/districts/haryana","404","https://www.searchsarkarinaukri.com/jobs/csc-aadhaar-supervisor-operator-recruitment-2026-haryana-apply-online--3974","All government jobs in haryana"
"https://www.searchsarkarinaukri.com/districts/uttar-pradesh","404","https://www.searchsarkarinaukri.com/jobs/up-anganwadi-worker-recruitment-2026-apply-for-119-posts--3174","All government jobs in uttar pradesh"
"https://www.searchsarkarinaukri.com/districts/rrsc-south","404","https://www.searchsarkarinaukri.com/jobs/isro-nrsc-junior-research-fellow-agriculture-horticulture-recruitment-2026-bengaluru-apply-online-for-1-post--3948","All government jobs in rrsc south"
"https://www.searchsarkarinaukri.com/jobs-in-rrsc-south","404","https://www.searchsarkarinaukri.com/jobs/isro-nrsc-junior-research-fellow-agriculture-horticulture-recruitment-2026-bengaluru-apply-online-for-1-post--3948","rrsc south sarkari naukri"
"https://www.searchsarkarinaukri.com/districts/hyderabad-/-shadnagar","404","https://www.searchsarkarinaukri.com/jobs/isro-nrsc-research-scientist-geology-recruitment-2026-apply-online-for-2-posts--3932","All government jobs in hyderabad / shadnagar"
"https://www.searchsarkarinaukri.com/jobs-in-hyderabad-/-shadnagar","404","https://www.searchsarkarinaukri.com/jobs/isro-nrsc-research-scientist-geology-recruitment-2026-apply-online-for-2-posts--3932","hyderabad / shadnagar sarkari naukri"
"https://www.searchsarkarinaukri.com/districts/rrsc-north","404","https://www.searchsarkarinaukri.com/jobs/isro-nrsc-research-scientist-remote-sensing-gis-engineering-recruitment-2026-apply-online-for-2-posts--3933","All government jobs in rrsc north"
"https://www.searchsarkarinaukri.com/jobs-in-rrsc-north","404","https://www.searchsarkarinaukri.com/jobs/isro-nrsc-research-scientist-remote-sensing-gis-engineering-recruitment-2026-apply-online-for-2-posts--3933","rrsc north sarkari naukri"
"https://www.searchsarkarinaukri.com/districts/new-delhi","410","https://www.searchsarkarinaukri.com/jobs/balmer-lawrie-and-company-limited-chief-operating-officer-travel-and-vacations-2026--1294","All government jobs in new delhi"
"https://www.searchsarkarinaukri.com/jobs-in-new-delhi","410","https://www.searchsarkarinaukri.com/jobs/balmer-lawrie-and-company-limited-chief-operating-officer-travel-and-vacations-2026--1294","new delhi sarkari naukri"
"https://www.searchsarkarinaukri.com/districts/bhopal","404","https://www.searchsarkarinaukri.com/jobs/epfo-assistant-director-audit-recruitment-2026-bhopal-apply-offline--3926","All government jobs in bhopal"
"https://www.searchsarkarinaukri.com/districts/kolkata","404","https://www.searchsarkarinaukri.com/jobs/balmer-lawrie-and-company-limited-assistant-manager-fico-functional-2026--1312","All government jobs in kolkata"
"https://www.searchsarkarinaukri.com/districts/hyderabad","404","https://www.searchsarkarinaukri.com/jobs/csir-ccmb-technical-officer-2026--1529","All government jobs in hyderabad"
"https://www.searchsarkarinaukri.com/districts/hubli","404","https://www.searchsarkarinaukri.com/jobs/epfo-deputy-director-audit-recruitment-2026-hubli-apply-offline--3917","All government jobs in hubli"
"https://www.searchsarkarinaukri.com/jobs-in-hubli","404","https://www.searchsarkarinaukri.com/jobs/epfo-deputy-director-audit-recruitment-2026-hubli-apply-offline--3917","hubli sarkari naukri"
"https://www.searchsarkarinaukri.com/districts/bandra-(mumbai)","404","https://www.searchsarkarinaukri.com/jobs/epfo-deputy-director-audit-recruitment-2026-bandra-mumbai-apply-offline--3919","All government jobs in bandra (mumbai)"
"https://www.searchsarkarinaukri.com/jobs-in-bandra-(mumbai)","404","https://www.searchsarkarinaukri.com/jobs/epfo-deputy-director-audit-recruitment-2026-bandra-mumbai-apply-offline--3919","bandra (mumbai) sarkari naukri"
"https://www.searchsarkarinaukri.com/jobs-in-buldhana","404","https://www.searchsarkarinaukri.com/jobs/job-2026--1525","buldhana sarkari naukri"
"https://www.searchsarkarinaukri.com/districts/bengaluru-&-chennai","404","https://www.searchsarkarinaukri.com/jobs/railtel-apprentice-recruitment-2026-karnataka-tamil-nadu-locations-apply-online--3889","All government jobs in bengaluru & chennai"
"https://www.searchsarkarinaukri.com/jobs-in-bengaluru-&-chennai","404","https://www.searchsarkarinaukri.com/jobs/railtel-apprentice-recruitment-2026-karnataka-tamil-nadu-locations-apply-online--3889","bengaluru & chennai sarkari naukri"
"https://www.searchsarkarinaukri.com/districts/ranchi","404","https://www.searchsarkarinaukri.com/jobs/railtel-apprentice-recruitment-2026-eastern-india-locations-apply-online--3887","All government jobs in ranchi"
"https://www.searchsarkarinaukri.com/jobs-in-ranchi","404","https://www.searchsarkarinaukri.com/jobs/railtel-apprentice-recruitment-2026-eastern-india-locations-apply-online--3887","ranchi sarkari naukri"
"https://www.searchsarkarinaukri.com/districts/secunderabad-&-vijayawada","404","https://www.searchsarkarinaukri.com/jobs/railtel-apprentice-recruitment-2026-telangana-andhra-pradesh-locations-apply-online--3888","All government jobs in secunderabad & vijayawada"
"https://www.searchsarkarinaukri.com/jobs-in-secunderabad-&-vijayawada","404","https://www.searchsarkarinaukri.com/jobs/railtel-apprentice-recruitment-2026-telangana-andhra-pradesh-locations-apply-online--3888","secunderabad & vijayawada sarkari naukri"
"https://www.searchsarkarinaukri.com/districts/patna","404","https://www.searchsarkarinaukri.com/jobs/railtel-apprentice-recruitment-2026-bihar-locations-apply-online--3886","All government jobs in patna"
"https://www.searchsarkarinaukri.com/districts/jaipur","404","https://www.searchsarkarinaukri.com/jobs/railtel-apprentice-recruitment-2026-rajasthan-locations-apply-online--3882","All government jobs in jaipur"
"https://www.searchsarkarinaukri.com/districts/lucknow","404","https://www.searchsarkarinaukri.com/jobs/csir-central-drug-research-institute-lucknow-engagement-of-project-staff-2026--2645","All government jobs in lucknow"
"https://www.searchsarkarinaukri.com/districts/corporate-office-(new-delhi-&-gurgaon)","404","https://www.searchsarkarinaukri.com/jobs/railtel-apprentice-recruitment-2026-new-delhi-gurgaon-locations-apply-online--3881","All government jobs in corporate office (new delhi & gurgaon)"
"https://www.searchsarkarinaukri.com/jobs-in-corporate-office-(new-delhi-&-gurgaon)","404","https://www.searchsarkarinaukri.com/jobs/railtel-apprentice-recruitment-2026-new-delhi-gurgaon-locations-apply-online--3881","corporate office (new delhi & gurgaon) sarkari naukri"
"https://www.searchsarkarinaukri.com/districts/rohtak","404","https://www.searchsarkarinaukri.com/jobs/railtel-apprentice-recruitment-2026-north-india-locations-apply-online--3884","All government jobs in rohtak"
"https://www.searchsarkarinaukri.com/jobs-in-rohtak","404","https://www.searchsarkarinaukri.com/jobs/railtel-apprentice-recruitment-2026-north-india-locations-apply-online--3884","rohtak sarkari naukri"
"https://www.searchsarkarinaukri.com/districts/buxar-thermal-power-project","404","https://www.searchsarkarinaukri.com/jobs/sjvn-chief-general-manager-recruitment-2026-apply-online-for-1-post--3872","All government jobs in buxar thermal power project"
"https://www.searchsarkarinaukri.com/jobs-in-buxar-thermal-power-project","404","https://www.searchsarkarinaukri.com/jobs/sjvn-chief-general-manager-recruitment-2026-apply-online-for-1-post--3872","buxar thermal power project sarkari naukri"
"https://www.searchsarkarinaukri.com/districts/bhubaneswar-airport","404","https://www.searchsarkarinaukri.com/jobs/aai-bhubaneswar-airport-apprentice-recruitment-2026-apply-online--3869","All government jobs in bhubaneswar airport"
"https://www.searchsarkarinaukri.com/jobs-in-bhubaneswar-airport","404","https://www.searchsarkarinaukri.com/jobs/aai-bhubaneswar-airport-apprentice-recruitment-2026-apply-online--3869","bhubaneswar airport sarkari naukri"
"https://www.searchsarkarinaukri.com/districts/jharsuguda-airport","404","https://www.searchsarkarinaukri.com/jobs/aai-jharsuguda-airport-apprentice-recruitment-2026-apply-online--3871","All government jobs in jharsuguda airport"
"https://www.searchsarkarinaukri.com/jobs-in-jharsuguda-airport","404","https://www.searchsarkarinaukri.com/jobs/aai-jharsuguda-airport-apprentice-recruitment-2026-apply-online--3871","jharsuguda airport sarkari naukri"
"https://www.searchsarkarinaukri.com/districts/pakyong-airport","404","https://www.searchsarkarinaukri.com/jobs/aai-pakyong-airport-apprentice-recruitment-2026-apply-online--3870","All government jobs in pakyong airport"
"https://www.searchsarkarinaukri.com/jobs-in-pakyong-airport","404","https://www.searchsarkarinaukri.com/jobs/aai-pakyong-airport-apprentice-recruitment-2026-apply-online--3870","pakyong airport sarkari naukri"
"https://www.searchsarkarinaukri.com/districts/gaya-airport","404","https://www.searchsarkarinaukri.com/jobs/aai-gaya-airport-apprentice-recruitment-2026-apply-online--3865","All government jobs in gaya airport"
"https://www.searchsarkarinaukri.com/jobs-in-gaya-airport","404","https://www.searchsarkarinaukri.com/jobs/aai-gaya-airport-apprentice-recruitment-2026-apply-online--3865","gaya airport sarkari naukri"
"https://www.searchsarkarinaukri.com/districts/birsa-munda-airport","404","https://www.searchsarkarinaukri.com/jobs/aai-birsa-munda-airport-ranchi-apprentice-recruitment-2026-apply-online--3867","All government jobs in birsa munda airport"
"https://www.searchsarkarinaukri.com/jobs-in-birsa-munda-airport","404","https://www.searchsarkarinaukri.com/jobs/aai-birsa-munda-airport-ranchi-apprentice-recruitment-2026-apply-online--3867","birsa munda airport sarkari naukri"
"https://www.searchsarkarinaukri.com/districts/raipur-airport","404","https://www.searchsarkarinaukri.com/jobs/aai-raipur-airport-apprentice-recruitment-2026-apply-online--3868","All government jobs in raipur airport"
"https://www.searchsarkarinaukri.com/jobs-in-raipur-airport","404","https://www.searchsarkarinaukri.com/jobs/aai-raipur-airport-apprentice-recruitment-2026-apply-online--3868","raipur airport sarkari naukri"
"https://www.searchsarkarinaukri.com/districts/patna-airport","404","https://www.searchsarkarinaukri.com/jobs/aai-patna-airport-apprentice-recruitment-2026-apply-online--3866","All government jobs in patna airport"
"https://www.searchsarkarinaukri.com/jobs-in-patna-airport","404","https://www.searchsarkarinaukri.com/jobs/aai-patna-airport-apprentice-recruitment-2026-apply-online--3866","patna airport sarkari naukri"
"https://www.searchsarkarinaukri.com/districts/bagdogra-airport","404","https://www.searchsarkarinaukri.com/jobs/aai-bagdogra-airport-apprentice-recruitment-2026-apply-online--3864","All government jobs in bagdogra airport"
"https://www.searchsarkarinaukri.com/jobs-in-bagdogra-airport","404","https://www.searchsarkarinaukri.com/jobs/aai-bagdogra-airport-apprentice-recruitment-2026-apply-online--3864","bagdogra airport sarkari naukri"
"https://www.searchsarkarinaukri.com/districts/sri-vijaya-puram-airport","404","https://www.searchsarkarinaukri.com/jobs/aai-sri-vijaya-puram-airport-apprentice-recruitment-2026-apply-online--3863","All government jobs in sri vijaya puram airport"
"https://www.searchsarkarinaukri.com/jobs-in-sri-vijaya-puram-airport","404","https://www.searchsarkarinaukri.com/jobs/aai-sri-vijaya-puram-airport-apprentice-recruitment-2026-apply-online--3863","sri vijaya puram airport sarkari naukri"
"https://www.searchsarkarinaukri.com/districts/regional-headquarters","404","https://www.searchsarkarinaukri.com/jobs/aai-rhq-kolkata-apprentice-recruitment-2026-apply-online--3862","All government jobs in regional headquarters"
"https://www.searchsarkarinaukri.com/jobs-in-regional-headquarters","404","https://www.searchsarkarinaukri.com/jobs/aai-rhq-kolkata-apprentice-recruitment-2026-apply-online--3862","regional headquarters sarkari naukri"
"https://www.searchsarkarinaukri.com/jobs-in-raigad","404","https://www.searchsarkarinaukri.com/jobs/advanced-centre-for-treatment-research-and-education-in-cancer-tmc-actrec-advanced-centre-for-treatm--2119","raigad sarkari naukri"
"https://www.searchsarkarinaukri.com/jobs-in-beed","404","https://www.searchsarkarinaukri.com/jobs/district-court-beed-district-court-beed-2026--3774","beed sarkari naukri"
"https://www.searchsarkarinaukri.com/districts/hind-hridaysamrat-balasaheb-thackeray-medical-college-&-dr.-rustom-narsee-cooper-hospital","404","https://www.searchsarkarinaukri.com/jobs/bmc-electrician-recruitment-2026-apply-offline-for-1-post--3802","All government jobs in hind hridaysamrat balasaheb thackeray medical college & dr. rustom narsee cooper hospital"
"https://www.searchsarkarinaukri.com/jobs-in-hind-hridaysamrat-balasaheb-thackeray-medical-college-&-dr.-rustom-narsee-cooper-hospital","404","https://www.searchsarkarinaukri.com/jobs/bmc-electrician-recruitment-2026-apply-offline-for-1-post--3802","hind hridaysamrat balasaheb thackeray medical college & dr. rustom narsee cooper hospital sarkari naukri"
"https://www.searchsarkarinaukri.com/districts/andaman-&-nicobar-islands","404","https://www.searchsarkarinaukri.com/jobs/andaman-nicobar-administration-laboratory-assistant-recruitment-2026-apply-online-for-6-posts--3729","All government jobs in andaman & nicobar islands"
"https://www.searchsarkarinaukri.com/jobs-in-andaman-&-nicobar-islands","404","https://www.searchsarkarinaukri.com/jobs/andaman-nicobar-administration-laboratory-assistant-recruitment-2026-apply-online-for-6-posts--3729","andaman & nicobar islands sarkari naukri"
"https://www.searchsarkarinaukri.com/districts/northeast-frontier-railway","404","https://www.searchsarkarinaukri.com/jobs/northeast-frontier-railway-athletics-sports-quota-recruitment-2026-apply-online-for-3-posts--3686","All government jobs in northeast frontier railway"
"https://www.searchsarkarinaukri.com/jobs-in-northeast-frontier-railway","404","https://www.searchsarkarinaukri.com/jobs/northeast-frontier-railway-athletics-sports-quota-recruitment-2026-apply-online-for-3-posts--3686","northeast frontier railway sarkari naukri"
"https://www.searchsarkarinaukri.com/districts/esic-medical-college-&-hospital","404","https://www.searchsarkarinaukri.com/jobs/esic-assistant-professor-recruitment-2026-walk-in-interview-for-30-posts--3682","All government jobs in esic medical college & hospital"
"https://www.searchsarkarinaukri.com/jobs-in-esic-medical-college-&-hospital","404","https://www.searchsarkarinaukri.com/jobs/esic-assistant-professor-recruitment-2026-walk-in-interview-for-30-posts--3682","esic medical college & hospital sarkari naukri"
"https://www.searchsarkarinaukri.com/districts/27-participating-aiims-&-central-government-institutes-across-india","404","https://www.searchsarkarinaukri.com/jobs/aiims-norcet-11-nursing-officer-recruitment-2026-apply-online-for-2218-tentative-posts--3679","All government jobs in 27 participating aiims & central government institutes across india"
"https://www.searchsarkarinaukri.com/jobs-in-27-participating-aiims-&-central-government-institutes-across-india","404","https://www.searchsarkarinaukri.com/jobs/aiims-norcet-11-nursing-officer-recruitment-2026-apply-online-for-2218-tentative-posts--3679","27 participating aiims & central government institutes across india sarkari naukri"
"https://www.searchsarkarinaukri.com/districts/india","404","https://www.searchsarkarinaukri.com/jobs/isro-istrac-diploma-apprentice-recruitment-2026-apply-online-for-18-posts--3547","All government jobs in india"
"https://www.searchsarkarinaukri.com/jobs-in-india","404","https://www.searchsarkarinaukri.com/jobs/isro-istrac-diploma-apprentice-recruitment-2026-apply-online-for-18-posts--3547","india sarkari naukri"
"https://www.searchsarkarinaukri.com/districts/kasaragod","404","https://www.searchsarkarinaukri.com/jobs/central-university-of-kerala-laboratory-assistant-recruitment-2026-apply-online-for-5-posts--3366","All government jobs in kasaragod"
"https://www.searchsarkarinaukri.com/jobs-in-kasaragod","404","https://www.searchsarkarinaukri.com/jobs/central-university-of-kerala-laboratory-assistant-recruitment-2026-apply-online-for-5-posts--3366","kasaragod sarkari naukri"
"https://www.searchsarkarinaukri.com/districts/faridabad","404","https://www.searchsarkarinaukri.com/jobs/rcb-lab-assistant-recruitment-2026-walk-in-interview-for-1-post--3336","All government jobs in faridabad"
"https://www.searchsarkarinaukri.com/districts/nagaland","404","https://www.searchsarkarinaukri.com/jobs/pnb-local-bank-officer-recruitment-2026-nagaland-apply-online-for-5-posts--3333","All government jobs in nagaland"
"https://www.searchsarkarinaukri.com/districts/sikkim","404","https://www.searchsarkarinaukri.com/jobs/pnb-local-bank-officer-recruitment-2026-sikkim-apply-online-for-5-posts--3334","All government jobs in sikkim"
"https://www.searchsarkarinaukri.com/districts/mizoram","404","https://www.searchsarkarinaukri.com/jobs/pnb-local-bank-officer-recruitment-2026-mizoram-apply-online-for-5-posts--3332","All government jobs in mizoram"
"https://www.searchsarkarinaukri.com/districts/tripura","404","https://www.searchsarkarinaukri.com/jobs/pnb-local-bank-officer-recruitment-2026-tripura-apply-online-for-18-posts--3335","All government jobs in tripura"
"https://www.searchsarkarinaukri.com/districts/ladakh","404","https://www.searchsarkarinaukri.com/jobs/pnb-local-bank-officer-recruitment-2026-ladakh-apply-online-for-2-posts--3328","All government jobs in ladakh"
"https://www.searchsarkarinaukri.com/jobs-in-ladakh","404","https://www.searchsarkarinaukri.com/jobs/pnb-local-bank-officer-recruitment-2026-ladakh-apply-online-for-2-posts--3328","ladakh sarkari naukri"
"https://www.searchsarkarinaukri.com/districts/meghalaya","404","https://www.searchsarkarinaukri.com/jobs/pnb-local-bank-officer-recruitment-2026-meghalaya-apply-online-for-8-posts--3331","All government jobs in meghalaya"
"https://www.searchsarkarinaukri.com/districts/arunachal-pradesh","404","https://www.searchsarkarinaukri.com/jobs/pnb-local-bank-officer-recruitment-2026-arunachal-pradesh-apply-online-for-4-posts--3329","All government jobs in arunachal pradesh"
"https://www.searchsarkarinaukri.com/districts/west-bengal","404","https://www.searchsarkarinaukri.com/jobs/pnb-local-bank-officer-recruitment-2026-west-bengal-apply-online-for-80-posts--3325","All government jobs in west bengal"
"https://www.searchsarkarinaukri.com/districts/jammu-&-kashmir","404","https://www.searchsarkarinaukri.com/jobs/pnb-local-bank-officer-recruitment-2026-jammu-kashmir-apply-online-for-9-posts--3327","All government jobs in jammu & kashmir"
"https://www.searchsarkarinaukri.com/jobs-in-jammu-&-kashmir","404","https://www.searchsarkarinaukri.com/jobs/pnb-local-bank-officer-recruitment-2026-jammu-kashmir-apply-online-for-9-posts--3327","jammu & kashmir sarkari naukri"
"https://www.searchsarkarinaukri.com/districts/assam","404","https://www.searchsarkarinaukri.com/jobs/nfr-katihar-division-tdh-workshop-apprentice-recruitment-2026--3109","All government jobs in assam"
"https://www.searchsarkarinaukri.com/districts/andhra-pradesh","404","https://www.searchsarkarinaukri.com/jobs/pnb-local-bank-officer-recruitment-2026-andhra-pradesh-apply-online-for-4-posts--3319","All government jobs in andhra pradesh"
"https://www.searchsarkarinaukri.com/districts/kalyana-karnataka-region","404","https://www.searchsarkarinaukri.com/jobs/kea-ksrp-kalyana-karnataka-police-constable-recruitment-2026-apply-online-for-334-posts--3316","All government jobs in kalyana karnataka region"
"https://www.searchsarkarinaukri.com/jobs-in-kalyana-karnataka-region","404","https://www.searchsarkarinaukri.com/jobs/kea-ksrp-kalyana-karnataka-police-constable-recruitment-2026-apply-online-for-334-posts--3316","kalyana karnataka region sarkari naukri"
"https://www.searchsarkarinaukri.com/districts/cuttack","404","https://www.searchsarkarinaukri.com/jobs/svnirtar-laboratory-technician-grade-i-recruitment-2026-apply-online-for-1-post--3243","All government jobs in cuttack"
"https://www.searchsarkarinaukri.com/jobs-in-cuttack","404","https://www.searchsarkarinaukri.com/jobs/svnirtar-laboratory-technician-grade-i-recruitment-2026-apply-online-for-1-post--3243","cuttack sarkari naukri"
"https://www.searchsarkarinaukri.com/districts/guwahati","404","https://www.searchsarkarinaukri.com/jobs/svnirtar-associate-professor-speech-language-pathology-audiology-recruitment-2026-apply-online-for-1-post--3229","All government jobs in guwahati"
"https://www.searchsarkarinaukri.com/jobs-in-guwahati","404","https://www.searchsarkarinaukri.com/jobs/svnirtar-associate-professor-speech-language-pathology-audiology-recruitment-2026-apply-online-for-1-post--3229","guwahati sarkari naukri"
"https://www.searchsarkarinaukri.com/districts/imphal","404","https://www.searchsarkarinaukri.com/jobs/rbi-bank-s-medical-consultant-recruitment-2026--2730","All government jobs in imphal"
"https://www.searchsarkarinaukri.com/jobs-in-imphal","404","https://www.searchsarkarinaukri.com/jobs/rbi-bank-s-medical-consultant-recruitment-2026--2730","imphal sarkari naukri"
"https://www.searchsarkarinaukri.com/districts/shillong","404","https://www.searchsarkarinaukri.com/jobs/svnirtar-assistant-professor-special-education-recruitment-2026-apply-online-for-1-post--3231","All government jobs in shillong"
"https://www.searchsarkarinaukri.com/jobs-in-shillong","404","https://www.searchsarkarinaukri.com/jobs/svnirtar-assistant-professor-special-education-recruitment-2026-apply-online-for-1-post--3231","shillong sarkari naukri"
"https://www.searchsarkarinaukri.com/districts/dehradun-&-field-locations","404","https://www.searchsarkarinaukri.com/jobs/wii-scientific-administrative-assistant-field-worker-recruitment-2026-apply-online-for-3-posts--3228","All government jobs in dehradun & field locations"
"https://www.searchsarkarinaukri.com/jobs-in-dehradun-&-field-locations","404","https://www.searchsarkarinaukri.com/jobs/wii-scientific-administrative-assistant-field-worker-recruitment-2026-apply-online-for-3-posts--3228","dehradun & field locations sarkari naukri"
"https://www.searchsarkarinaukri.com/districts/dehradun-&-project-locations","404","https://www.searchsarkarinaukri.com/jobs/wii-project-assistant-recruitment-2026-apply-online-for-6-posts--3224","All government jobs in dehradun & project locations"
"https://www.searchsarkarinaukri.com/jobs-in-dehradun-&-project-locations","404","https://www.searchsarkarinaukri.com/jobs/wii-project-assistant-recruitment-2026-apply-online-for-6-posts--3224","dehradun & project locations sarkari naukri"
"https://www.searchsarkarinaukri.com/districts/dehradun","404","https://www.searchsarkarinaukri.com/jobs/wii-administrative-assistant-recruitment-2026-apply-online-for-2-posts--3223","All government jobs in dehradun"
"https://www.searchsarkarinaukri.com/districts/maharashtra-&-madhya-pradesh","404","https://www.searchsarkarinaukri.com/jobs/wcl-assistant-foreman-electrical-recruitment-2026-apply-online-for-224-posts--3222","All government jobs in maharashtra & madhya pradesh"
"https://www.searchsarkarinaukri.com/jobs-in-maharashtra-&-madhya-pradesh","404","https://www.searchsarkarinaukri.com/jobs/wcl-assistant-foreman-electrical-recruitment-2026-apply-online-for-224-posts--3222","maharashtra & madhya pradesh sarkari naukri"
"https://www.searchsarkarinaukri.com/districts/amaravati","404","https://www.searchsarkarinaukri.com/jobs/nclt-upper-division-clerk-recruitment-2026-apply-offline-for-3-posts--3192","All government jobs in amaravati"
"https://www.searchsarkarinaukri.com/jobs-in-amaravati","404","https://www.searchsarkarinaukri.com/jobs/nclt-upper-division-clerk-recruitment-2026-apply-offline-for-3-posts--3192","amaravati sarkari naukri"
"https://www.searchsarkarinaukri.com/districts/sangareddy","404","https://www.searchsarkarinaukri.com/jobs/iit-hyderabad-research-associate-ii-recruitment-2026--3178","All government jobs in sangareddy"
"https://www.searchsarkarinaukri.com/jobs-in-sangareddy","404","https://www.searchsarkarinaukri.com/jobs/iit-hyderabad-research-associate-ii-recruitment-2026--3178","sangareddy sarkari naukri"
"https://www.searchsarkarinaukri.com/districts/uttarakhand","404","https://www.searchsarkarinaukri.com/jobs/ukmssb-associate-professor-recruitment-2026-apply-online-for-46-posts--3177","All government jobs in uttarakhand"
"https://www.searchsarkarinaukri.com/districts/izatnagar","404","https://www.searchsarkarinaukri.com/jobs/icar-ivri-junior-research-fellow-recruitment-2026--3179","All government jobs in izatnagar"
"https://www.searchsarkarinaukri.com/jobs-in-izatnagar","404","https://www.searchsarkarinaukri.com/jobs/icar-ivri-junior-research-fellow-recruitment-2026--3179","izatnagar sarkari naukri"
"https://www.searchsarkarinaukri.com/districts/indore","404","https://www.searchsarkarinaukri.com/jobs/iit-indore-joint-research-fellow-recruitment-2026--3151","All government jobs in indore"
"https://www.searchsarkarinaukri.com/districts/new-delhi-/-anywhere-in-india","404","https://www.searchsarkarinaukri.com/jobs/cert-in-scientist-b-computer-science-recruitment-2026--3134","All government jobs in new delhi / anywhere in india"
"https://www.searchsarkarinaukri.com/jobs-in-new-delhi-/-anywhere-in-india","404","https://www.searchsarkarinaukri.com/jobs/cert-in-scientist-b-computer-science-recruitment-2026--3134","new delhi / anywhere in india sarkari naukri"
"https://www.searchsarkarinaukri.com/districts/panipat","404","https://www.searchsarkarinaukri.com/jobs/trade-apprentice-attendant-operator-chemical-plant-recruitment-2026--3098","All government jobs in panipat"
"https://www.searchsarkarinaukri.com/jobs-in-panipat","404","https://www.searchsarkarinaukri.com/jobs/trade-apprentice-attendant-operator-chemical-plant-recruitment-2026--3098","panipat sarkari naukri"
"https://www.searchsarkarinaukri.com/districts/varanasi","404","https://www.searchsarkarinaukri.com/jobs/senior-technical-officer-recruitment-2026--3055","All government jobs in varanasi"
"https://www.searchsarkarinaukri.com/jobs-in-varanasi","404","https://www.searchsarkarinaukri.com/jobs/senior-technical-officer-recruitment-2026--3055","varanasi sarkari naukri"
"https://www.searchsarkarinaukri.com/districts/delhi-(service-liability-anywhere-in-india)","404","https://www.searchsarkarinaukri.com/jobs/specialist-grade-iii-assistant-professor-neonatology-recruitment-2026--3045","All government jobs in delhi (service liability anywhere in india)"
"https://www.searchsarkarinaukri.com/jobs-in-delhi-(service-liability-anywhere-in-india)","404","https://www.searchsarkarinaukri.com/jobs/specialist-grade-iii-assistant-professor-neonatology-recruitment-2026--3045","delhi (service liability anywhere in india) sarkari naukri"
"https://www.searchsarkarinaukri.com/districts/across-jharkhand","404","https://www.searchsarkarinaukri.com/jobs/jssc-jilcce-recruitment-2026--3018","All government jobs in across jharkhand"
"https://www.searchsarkarinaukri.com/jobs-in-across-jharkhand","404","https://www.searchsarkarinaukri.com/jobs/jssc-jilcce-recruitment-2026--3018","across jharkhand sarkari naukri"
"https://www.searchsarkarinaukri.com/districts/across-himachal-pradesh","404","https://www.searchsarkarinaukri.com/jobs/himachal-pradesh-public-service-commission-hppsc-hiring-constables--3021","All government jobs in across himachal pradesh"
"https://www.searchsarkarinaukri.com/jobs-in-across-himachal-pradesh","404","https://www.searchsarkarinaukri.com/jobs/himachal-pradesh-public-service-commission-hppsc-hiring-constables--3021","across himachal pradesh sarkari naukri"
"https://www.searchsarkarinaukri.com/districts/dwarka","404","https://www.searchsarkarinaukri.com/jobs/igh-delhi-senior-resident-recruitment-2026--3016","All government jobs in dwarka"
"https://www.searchsarkarinaukri.com/jobs-in-dwarka","404","https://www.searchsarkarinaukri.com/jobs/igh-delhi-senior-resident-recruitment-2026--3016","dwarka sarkari naukri"
"https://www.searchsarkarinaukri.com/districts/kudankulam","404","https://www.searchsarkarinaukri.com/jobs/npcil-stipendiary-trainee-technician-technician-trades-recruitment-2026--3015","All government jobs in kudankulam"
"https://www.searchsarkarinaukri.com/jobs-in-kudankulam","404","https://www.searchsarkarinaukri.com/jobs/npcil-stipendiary-trainee-technician-technician-trades-recruitment-2026--3015","kudankulam sarkari naukri"
"https://www.searchsarkarinaukri.com/districts/patna-&-kishanganj","404","https://www.searchsarkarinaukri.com/jobs/basu-associate-professor-assistant-professor-recruitment-2026--3017","All government jobs in patna & kishanganj"
"https://www.searchsarkarinaukri.com/jobs-in-patna-&-kishanganj","404","https://www.searchsarkarinaukri.com/jobs/basu-associate-professor-assistant-professor-recruitment-2026--3017","patna & kishanganj sarkari naukri"
"https://www.searchsarkarinaukri.com/districts/avadi","404","https://www.searchsarkarinaukri.com/jobs/avnl-junior-manager-recruitment-2026--3007","All government jobs in avadi"
"https://www.searchsarkarinaukri.com/jobs-in-avadi","404","https://www.searchsarkarinaukri.com/jobs/avnl-junior-manager-recruitment-2026--3007","avadi sarkari naukri"
"https://www.searchsarkarinaukri.com/districts/ahmedabad-/-gandhinagar-/-surat","404","https://www.searchsarkarinaukri.com/jobs/gmrc-assistant-manager-signalling-recruitment-2026--2958","All government jobs in ahmedabad / gandhinagar / surat"
"https://www.searchsarkarinaukri.com/jobs-in-ahmedabad-/-gandhinagar-/-surat","404","https://www.searchsarkarinaukri.com/jobs/gmrc-assistant-manager-signalling-recruitment-2026--2958","ahmedabad / gandhinagar / surat sarkari naukri"
"https://www.searchsarkarinaukri.com/jobs-in-parbhani","404","https://www.searchsarkarinaukri.com/jobs/jnv-parbhani-jnv-parbhani-2026--2842","parbhani sarkari naukri"
"https://www.searchsarkarinaukri.com/districts/psu-jobs","404","https://www.searchsarkarinaukri.com/jobs/ngel-deputy-general-manager-re-recruitment-2026--2950","All government jobs in psu jobs"
"https://www.searchsarkarinaukri.com/jobs-in-psu-jobs","404","https://www.searchsarkarinaukri.com/jobs/ngel-deputy-general-manager-re-recruitment-2026--2950","psu jobs sarkari naukri"
"https://www.searchsarkarinaukri.com/districts/vadodara","404","https://www.searchsarkarinaukri.com/jobs/balmer-lawrie-and-company-limited-officer-sales-and-marketing-2026--1304","All government jobs in vadodara"
"https://www.searchsarkarinaukri.com/districts/delhi-ncr-(examination-centre)-/-central-secretariat","404","https://www.searchsarkarinaukri.com/jobs/ssc-senior-secretariat-assistant-ssa-recruitment-2026--2945","All government jobs in delhi ncr (examination centre) / central secretariat"
"https://www.searchsarkarinaukri.com/jobs-in-delhi-ncr-(examination-centre)-/-central-secretariat","404","https://www.searchsarkarinaukri.com/jobs/ssc-senior-secretariat-assistant-ssa-recruitment-2026--2945","delhi ncr (examination centre) / central secretariat sarkari naukri"
"https://www.searchsarkarinaukri.com/districts/south","404","https://www.searchsarkarinaukri.com/jobs/national-health-systems-resource-centre-lead-consultant-knowledge-management-division-2026--1292","All government jobs in south"
"https://www.searchsarkarinaukri.com/jobs-in-south","404","https://www.searchsarkarinaukri.com/jobs/national-health-systems-resource-centre-lead-consultant-knowledge-management-division-2026--1292","south sarkari naukri"
"https://www.searchsarkarinaukri.com/districts/new-delhi-&-various-regional-offices-across-india","404","https://www.searchsarkarinaukri.com/jobs/cwc-young-professional-recruitment-2026-6-posts--2861","All government jobs in new delhi & various regional offices across india"
"https://www.searchsarkarinaukri.com/jobs-in-new-delhi-&-various-regional-offices-across-india","404","https://www.searchsarkarinaukri.com/jobs/cwc-young-professional-recruitment-2026-6-posts--2861","new delhi & various regional offices across india sarkari naukri"
"https://www.searchsarkarinaukri.com/districts/barrackpore","404","https://www.searchsarkarinaukri.com/jobs/hal-barrackpore-iti-apprentice-recruitment-2026--2859","All government jobs in barrackpore"
"https://www.searchsarkarinaukri.com/jobs-in-barrackpore","404","https://www.searchsarkarinaukri.com/jobs/hal-barrackpore-iti-apprentice-recruitment-2026--2859","barrackpore sarkari naukri"
"https://www.searchsarkarinaukri.com/districts/maidan-garhi","404","https://www.searchsarkarinaukri.com/jobs/aiims-capfims-assistant-professor-recruitment-2026-18-posts--2860","All government jobs in maidan garhi"
"https://www.searchsarkarinaukri.com/jobs-in-maidan-garhi","404","https://www.searchsarkarinaukri.com/jobs/aiims-capfims-assistant-professor-recruitment-2026-18-posts--2860","maidan garhi sarkari naukri"
"https://www.searchsarkarinaukri.com/districts/ludhiana","404","https://www.searchsarkarinaukri.com/jobs/csir-cmeri-recruitment-2026-project-associate-project-assistant-posts--2736","All government jobs in ludhiana"
"https://www.searchsarkarinaukri.com/districts/new-delhi-(all-india-service-liability)","404","https://www.searchsarkarinaukri.com/jobs/upsc-company-prosecutor-recruitment-2026-18-posts--2825","All government jobs in new delhi (all india service liability)"
"https://www.searchsarkarinaukri.com/jobs-in-new-delhi-(all-india-service-liability)","404","https://www.searchsarkarinaukri.com/jobs/upsc-company-prosecutor-recruitment-2026-18-posts--2825","new delhi (all india service liability) sarkari naukri"
"https://www.searchsarkarinaukri.com/districts/mumbai-/-across-india","404","https://www.searchsarkarinaukri.com/jobs/hpcl-chief-manager-deputy-general-manager-technical-services-recruitment-2026--2820","All government jobs in mumbai / across india"
"https://www.searchsarkarinaukri.com/jobs-in-mumbai-/-across-india","404","https://www.searchsarkarinaukri.com/jobs/hpcl-chief-manager-deputy-general-manager-technical-services-recruitment-2026--2820","mumbai / across india sarkari naukri"
"https://www.searchsarkarinaukri.com/districts/khordha","404","https://www.searchsarkarinaukri.com/jobs/dgepo-managing-director-2026--1863","All government jobs in khordha"
"https://www.searchsarkarinaukri.com/jobs-in-khordha","404","https://www.searchsarkarinaukri.com/jobs/dgepo-managing-director-2026--1863","khordha sarkari naukri"
"https://www.searchsarkarinaukri.com/districts/palampur","404","https://www.searchsarkarinaukri.com/jobs/csir-ihbt-project-associate-pat-i-2026--2810","All government jobs in palampur"
"https://www.searchsarkarinaukri.com/jobs-in-palampur","404","https://www.searchsarkarinaukri.com/jobs/csir-ihbt-project-associate-pat-i-2026--2810","palampur sarkari naukri"
"https://www.searchsarkarinaukri.com/districts/various-district-courts","404","https://www.searchsarkarinaukri.com/jobs/punjab-and-haryana-high-court-clerk-recruitment-2026-1265-posts--2763","All government jobs in various district courts"
"https://www.searchsarkarinaukri.com/jobs-in-various-district-courts","404","https://www.searchsarkarinaukri.com/jobs/punjab-and-haryana-high-court-clerk-recruitment-2026-1265-posts--2763","various district courts sarkari naukri"
"https://www.searchsarkarinaukri.com/districts/various-states/uts","404","https://www.searchsarkarinaukri.com/jobs/nhidcl-associate-recruitment-2026-100-posts--2765","All government jobs in various states/uts"
"https://www.searchsarkarinaukri.com/jobs-in-various-states/uts","404","https://www.searchsarkarinaukri.com/jobs/nhidcl-associate-recruitment-2026-100-posts--2765","various states/uts sarkari naukri"
"https://www.searchsarkarinaukri.com/districts/noida","404","https://www.searchsarkarinaukri.com/jobs/pdil-graduate-engineer-diploma-engineer-recruitment-2026-153-posts--2766","All government jobs in noida"
"https://www.searchsarkarinaukri.com/districts/north-eastern-region","404","https://www.searchsarkarinaukri.com/jobs/aai-ner-apprentice-recruitment-2026-95-posts--2764","All government jobs in north eastern region"
"https://www.searchsarkarinaukri.com/jobs-in-north-eastern-region","404","https://www.searchsarkarinaukri.com/jobs/aai-ner-apprentice-recruitment-2026-95-posts--2764","north eastern region sarkari naukri"
"https://www.searchsarkarinaukri.com/districts/anywhere-in-nhsrcl-/-mahsr-project","404","https://www.searchsarkarinaukri.com/jobs/nhsrcl-technician-recruitment-2026-237-posts--2760","All government jobs in anywhere in nhsrcl / mahsr project"
"https://www.searchsarkarinaukri.com/jobs-in-anywhere-in-nhsrcl-/-mahsr-project","404","https://www.searchsarkarinaukri.com/jobs/nhsrcl-technician-recruitment-2026-237-posts--2760","anywhere in nhsrcl / mahsr project sarkari naukri"
"https://www.searchsarkarinaukri.com/jobs/Not%20Applicable%20(Walk-in%20Interview)","410","https://www.searchsarkarinaukri.com/jobs/csir-cmeri-recruitment-2026-project-associate-project-assistant-posts--2736","Apply Online"
"https://www.searchsarkarinaukri.com/districts/new-delhi-&-various-integrated-check-posts-(icps)-across-india","404","https://www.searchsarkarinaukri.com/jobs/lpai-recruitment-2026-63-various-posts-on-deputation--2733","All government jobs in new delhi & various integrated check posts (icps) across india"
"https://www.searchsarkarinaukri.com/jobs-in-new-delhi-&-various-integrated-check-posts-(icps)-across-india","404","https://www.searchsarkarinaukri.com/jobs/lpai-recruitment-2026-63-various-posts-on-deputation--2733","new delhi & various integrated check posts (icps) across india sarkari naukri"
"https://www.searchsarkarinaukri.com/districts/raipur","404","https://www.searchsarkarinaukri.com/jobs/rbi-consultant-site-engineer-recruitment-2026--2729","All government jobs in raipur"
"https://www.searchsarkarinaukri.com/jobs-in-raipur","404","https://www.searchsarkarinaukri.com/jobs/rbi-consultant-site-engineer-recruitment-2026--2729","raipur sarkari naukri"
"https://www.searchsarkarinaukri.com/jobs-in-dharashiv","404","https://www.searchsarkarinaukri.com/jobs/pm-shri-school-jawahar-navodaya-vidyalaya-tuljapur-dharashiv-pm-shri-school-jawahar-navodaya-vidyala--2106","dharashiv sarkari naukri"
"https://www.searchsarkarinaukri.com/districts/abbaiahnahalli-b.o","404","https://www.searchsarkarinaukri.com/jobs/sir-central-food-technological-research-institute-engagement-to-project-associate-ii-2026--1359","All government jobs in abbaiahnahalli b.o"
"https://www.searchsarkarinaukri.com/jobs-in-abbaiahnahalli-b.o","404","https://www.searchsarkarinaukri.com/jobs/sir-central-food-technological-research-institute-engagement-to-project-associate-ii-2026--1359","abbaiahnahalli b.o sarkari naukri"
"https://www.searchsarkarinaukri.com/districts/golaghat","404","https://www.searchsarkarinaukri.com/jobs/numaligarh-refinery-limited-director-technical-2026--2681","All government jobs in golaghat"
"https://www.searchsarkarinaukri.com/jobs-in-golaghat","404","https://www.searchsarkarinaukri.com/jobs/numaligarh-refinery-limited-director-technical-2026--2681","golaghat sarkari naukri"
"https://www.searchsarkarinaukri.com/districts/multiple-locations-(circle-wise)","404","https://www.searchsarkarinaukri.com/jobs/sbi-bank-medical-officer-bmo-ii-recruitment-2026--2675","All government jobs in multiple locations (circle wise)"
"https://www.searchsarkarinaukri.com/jobs-in-multiple-locations-(circle-wise)","404","https://www.searchsarkarinaukri.com/jobs/sbi-bank-medical-officer-bmo-ii-recruitment-2026--2675","multiple locations (circle wise) sarkari naukri"
"https://www.searchsarkarinaukri.com/districts/central","404","https://www.searchsarkarinaukri.com/jobs/balmer-lawrie-and-company-limited-officer-travel-2026--1598","All government jobs in central"
"https://www.searchsarkarinaukri.com/jobs-in-central","404","https://www.searchsarkarinaukri.com/jobs/balmer-lawrie-and-company-limited-officer-travel-2026--1598","central sarkari naukri"
"https://www.searchsarkarinaukri.com/districts/thrissur","404","https://www.searchsarkarinaukri.com/jobs/icar-nbpgr-field-worker-2026--2609","All government jobs in thrissur"
"https://www.searchsarkarinaukri.com/jobs-in-thrissur","404","https://www.searchsarkarinaukri.com/jobs/icar-nbpgr-field-worker-2026--2609","thrissur sarkari naukri"
"https://www.searchsarkarinaukri.com/districts/karnal","404","https://www.searchsarkarinaukri.com/jobs/icar-ndri-deemed-university-contractual-position-of-young-professional-ii-2026--2372","All government jobs in karnal"
"https://www.searchsarkarinaukri.com/jobs-in-karnal","404","https://www.searchsarkarinaukri.com/jobs/icar-ndri-deemed-university-contractual-position-of-young-professional-ii-2026--2372","karnal sarkari naukri"
"https://www.searchsarkarinaukri.com/districts/tirupati","404","https://www.searchsarkarinaukri.com/jobs/satish-dhawan-space-centre-shar-primary-teacher-2026--2197","All government jobs in tirupati"
"https://www.searchsarkarinaukri.com/jobs-in-tirupati","404","https://www.searchsarkarinaukri.com/jobs/satish-dhawan-space-centre-shar-primary-teacher-2026--2197","tirupati sarkari naukri"
"https://www.searchsarkarinaukri.com/districts/kanpur-nagar","410","https://www.searchsarkarinaukri.com/jobs/indian-council-of-agricultural-research-research-assistant-2026--1371","All government jobs in kanpur nagar"
"https://www.searchsarkarinaukri.com/jobs-in-kanpur-nagar","410","https://www.searchsarkarinaukri.com/jobs/indian-council-of-agricultural-research-research-assistant-2026--1371","kanpur nagar sarkari naukri"
"https://www.searchsarkarinaukri.com/districts/west-tripura","404","https://www.searchsarkarinaukri.com/jobs/norrth-eastern-electric-power-corporation-junior-engineer-mechanical-2026--2046","All government jobs in west tripura"
"https://www.searchsarkarinaukri.com/jobs-in-west-tripura","404","https://www.searchsarkarinaukri.com/jobs/norrth-eastern-electric-power-corporation-junior-engineer-mechanical-2026--2046","west tripura sarkari naukri"
"https://www.searchsarkarinaukri.com/districts/dhanbad","404","https://www.searchsarkarinaukri.com/jobs/csir-cimfr-recruitment-of-part-time-doctor-2026--2004","All government jobs in dhanbad"
"https://www.searchsarkarinaukri.com/jobs-in-dhanbad","404","https://www.searchsarkarinaukri.com/jobs/csir-cimfr-recruitment-of-part-time-doctor-2026--2004","dhanbad sarkari naukri"
"https://www.searchsarkarinaukri.com/districts/31-bn-pac-rudarpur-so","404","https://www.searchsarkarinaukri.com/jobs/csir-central-building-research-institute-part-time-doctor-allopathic-system-2026--2003","All government jobs in 31 bn pac rudarpur so"
"https://www.searchsarkarinaukri.com/jobs-in-31-bn-pac-rudarpur-so","404","https://www.searchsarkarinaukri.com/jobs/csir-central-building-research-institute-part-time-doctor-allopathic-system-2026--2003","31 bn pac rudarpur so sarkari naukri"
"https://www.searchsarkarinaukri.com/districts/rangareddy-district-court-s.o","404","https://www.searchsarkarinaukri.com/jobs/national-academy-of-agricultural-research-mangement-young-professional-two-2026--1861","All government jobs in rangareddy district court s.o"
"https://www.searchsarkarinaukri.com/jobs-in-rangareddy-district-court-s.o","404","https://www.searchsarkarinaukri.com/jobs/national-academy-of-agricultural-research-mangement-young-professional-two-2026--1861","rangareddy district court s.o sarkari naukri"
"https://www.searchsarkarinaukri.com/districts/gautam-buddha-nagar","404","https://www.searchsarkarinaukri.com/jobs/national-skill-development-corporation-marketing-executive-2026--1820","All government jobs in gautam buddha nagar"
"https://www.searchsarkarinaukri.com/jobs-in-gautam-buddha-nagar","404","https://www.searchsarkarinaukri.com/jobs/national-skill-development-corporation-marketing-executive-2026--1820","gautam buddha nagar sarkari naukri"
"https://www.searchsarkarinaukri.com/districts/10th-bn-p-a-c-barabanki-s.o.","404","https://www.searchsarkarinaukri.com/jobs/harish-chandra-research-institute-project-system-manager-2026--1619","All government jobs in 10th bn p a c barabanki s.o."
"https://www.searchsarkarinaukri.com/jobs-in-10th-bn-p-a-c-barabanki-s.o.","404","https://www.searchsarkarinaukri.com/jobs/harish-chandra-research-institute-project-system-manager-2026--1619","10th bn p a c barabanki s.o. sarkari naukri"
"https://www.searchsarkarinaukri.com/districts/visakhapatnam-airport-s.o","404","https://www.searchsarkarinaukri.com/jobs/rashtriya-ispat-nigam-ltd-director-personnel-2026--1579","All government jobs in visakhapatnam airport s.o"
"https://www.searchsarkarinaukri.com/jobs-in-visakhapatnam-airport-s.o","404","https://www.searchsarkarinaukri.com/jobs/rashtriya-ispat-nigam-ltd-director-personnel-2026--1579","visakhapatnam airport s.o sarkari naukri"
"https://www.searchsarkarinaukri.com/districts/north-goa","404","https://www.searchsarkarinaukri.com/jobs/csir-national-institute-of-oceanography-project-associate-i-csir-national-institute-2026--1574","All government jobs in north goa"
"https://www.searchsarkarinaukri.com/jobs-in-north-goa","404","https://www.searchsarkarinaukri.com/jobs/csir-national-institute-of-oceanography-project-associate-i-csir-national-institute-2026--1574","north goa sarkari naukri"
"https://www.searchsarkarinaukri.com/districts/jorhat","404","https://www.searchsarkarinaukri.com/jobs/national-institute-of-design-assam-senior-assistant-finance-and-accounts-2026--1553","All government jobs in jorhat"
"https://www.searchsarkarinaukri.com/jobs-in-jorhat","404","https://www.searchsarkarinaukri.com/jobs/national-institute-of-design-assam-senior-assistant-finance-and-accounts-2026--1553","jorhat sarkari naukri"
"https://www.searchsarkarinaukri.com/districts/south-delhi","404","https://www.searchsarkarinaukri.com/jobs/national-research-development-coporation-chairman-and-managing-director-2026--1519","All government jobs in south delhi"
"https://www.searchsarkarinaukri.com/jobs-in-south-delhi","404","https://www.searchsarkarinaukri.com/jobs/national-research-development-coporation-chairman-and-managing-director-2026--1519","south delhi sarkari naukri"
"https://www.searchsarkarinaukri.com/districts/all-india","404","https://www.searchsarkarinaukri.com/jobs/union-public-service-commission-combined-geo-scientist-main-examination-2026-2026--1400","All government jobs in all india"
"https://www.searchsarkarinaukri.com/jobs-in-all-india","404","https://www.searchsarkarinaukri.com/jobs/union-public-service-commission-combined-geo-scientist-main-examination-2026-2026--1400","all india sarkari naukri"
"https://www.searchsarkarinaukri.com/districts/achhanpur-b.o","404","https://www.searchsarkarinaukri.com/jobs/power-grid-corporation-of-india-ltd-officer-trainee-company-secretary-2026--1375","All government jobs in achhanpur b.o"
"https://www.searchsarkarinaukri.com/jobs-in-achhanpur-b.o","404","https://www.searchsarkarinaukri.com/jobs/power-grid-corporation-of-india-ltd-officer-trainee-company-secretary-2026--1375","achhanpur b.o sarkari naukri"
"https://www.searchsarkarinaukri.com/districts/anand","404","https://www.searchsarkarinaukri.com/jobs/icar-directorate-of-medicinal-and-aromatic-plants-research-young-professional-ii-2026--1374","All government jobs in anand"
"https://www.searchsarkarinaukri.com/jobs-in-anand","404","https://www.searchsarkarinaukri.com/jobs/icar-directorate-of-medicinal-and-aromatic-plants-research-young-professional-ii-2026--1374","anand sarkari naukri"
"https://www.searchsarkarinaukri.com/districts/srinagar","404","https://www.searchsarkarinaukri.com/jobs/csir-iiim-jammu-project-assistant-ii-csir-iiim-jammu-2026--1297","All government jobs in srinagar"
"https://www.searchsarkarinaukri.com/jobs-in-srinagar","404","https://www.searchsarkarinaukri.com/jobs/csir-iiim-jammu-project-assistant-ii-csir-iiim-jammu-2026--1297","srinagar sarkari naukri"
"https://www.searchsarkarinaukri.com/districts/dadra-&-nagar-haveli","404","https://www.searchsarkarinaukri.com/jobs/balmer-lawrie-and-company-limited-junior-officer-accounts-and-finance-2026--1299","All government jobs in dadra & nagar haveli"
"https://www.searchsarkarinaukri.com/jobs-in-dadra-&-nagar-haveli","404","https://www.searchsarkarinaukri.com/jobs/balmer-lawrie-and-company-limited-junior-officer-accounts-and-finance-2026--1299","dadra & nagar haveli sarkari naukri"
"https://www.searchsarkarinaukri.com/districts/jammu","404","https://www.searchsarkarinaukri.com/jobs/csir-iiim-jammu-security-assistant-2026--1290","All government jobs in jammu"
"https://www.searchsarkarinaukri.com/jobs-in-jammu","404","https://www.searchsarkarinaukri.com/jobs/csir-iiim-jammu-security-assistant-2026--1290","jammu sarkari naukri"
"https://www.searchsarkarinaukri.com/districts/south-east","404","https://www.searchsarkarinaukri.com/jobs/csir-central-road-research-institute-research-intern-csir-central-road-2026--1289","All government jobs in south east"
"https://www.searchsarkarinaukri.com/jobs-in-south-east","404","https://www.searchsarkarinaukri.com/jobs/csir-central-road-research-institute-research-intern-csir-central-road-2026--1289","south east sarkari naukri"
"https://www.searchsarkarinaukri.com/districts/%E0%A4%A7%E0%A4%BE%E0%A4%B0%E0%A4%BE%E0%A4%B6%E0%A4%BF%E0%A4%B5-(dharashiv)","404","https://www.searchsarkarinaukri.com/jobs/job--997","All government jobs in धाराशिव (dharashiv)"
"https://www.searchsarkarinaukri.com/jobs-in-%E0%A4%A7%E0%A4%BE%E0%A4%B0%E0%A4%BE%E0%A4%B6%E0%A4%BF%E0%A4%B5-(dharashiv)","404","https://www.searchsarkarinaukri.com/jobs/job--997","धाराशिव (dharashiv) sarkari naukri"
"https://www.searchsarkarinaukri.com/districts/%E0%A4%AE%E0%A4%B9%E0%A4%BE%E0%A4%B0%E0%A4%BE%E0%A4%B7%E0%A5%8D%E0%A4%9F%E0%A5%8D%E0%A4%B0-%E0%A4%B0%E0%A4%BE%E0%A4%9C%E0%A5%8D%E0%A4%AF","404","https://www.searchsarkarinaukri.com/jobs/job--982","All government jobs in महाराष्ट्र राज्य"
"https://www.searchsarkarinaukri.com/jobs-in-%E0%A4%AE%E0%A4%B9%E0%A4%BE%E0%A4%B0%E0%A4%BE%E0%A4%B7%E0%A5%8D%E0%A4%9F%E0%A5%8D%E0%A4%B0-%E0%A4%B0%E0%A4%BE%E0%A4%9C%E0%A5%8D%E0%A4%AF","404","https://www.searchsarkarinaukri.com/jobs/job--982","महाराष्ट्र राज्य sarkari naukri"
"https://www.searchsarkarinaukri.com/districts/%E0%A4%AE%E0%A4%B9%E0%A4%BE%E0%A4%B0%E0%A4%BE%E0%A4%B7%E0%A5%8D%E0%A4%9F%E0%A5%8D%E0%A4%B0-(%E0%A4%A8%E0%A5%8D%E0%A4%AF%E0%A4%BE%E0%A4%AF%E0%A4%BE%E0%A4%B2%E0%A4%AF%E0%A5%80%E0%A4%A8-%E0%A4%B5%E0%A4%BF%E0%A4%AD%E0%A4%BE%E0%A4%97)","404","https://www.searchsarkarinaukri.com/jobs/cjjd-jmfc--981","All government jobs in महाराष्ट्र (न्यायालयीन विभाग)"
"https://www.searchsarkarinaukri.com/jobs-in-%E0%A4%AE%E0%A4%B9%E0%A4%BE%E0%A4%B0%E0%A4%BE%E0%A4%B7%E0%A5%8D%E0%A4%9F%E0%A5%8D%E0%A4%B0-(%E0%A4%A8%E0%A5%8D%E0%A4%AF%E0%A4%BE%E0%A4%AF%E0%A4%BE%E0%A4%B2%E0%A4%AF%E0%A5%80%E0%A4%A8-%E0%A4%B5%E0%A4%BF%E0%A4%AD%E0%A4%BE%E0%A4%97)","404","https://www.searchsarkarinaukri.com/jobs/cjjd-jmfc--981","महाराष्ट्र (न्यायालयीन विभाग) sarkari naukri"
"https://www.searchsarkarinaukri.com/districts/%E0%A4%B8%E0%A5%8B%E0%A4%B2%E0%A4%BE%E0%A4%AA%E0%A5%82%E0%A4%B0-(solapur)","404","https://www.searchsarkarinaukri.com/jobs/nhm--996","All government jobs in सोलापूर (solapur)"
"https://www.searchsarkarinaukri.com/jobs-in-%E0%A4%B8%E0%A5%8B%E0%A4%B2%E0%A4%BE%E0%A4%AA%E0%A5%82%E0%A4%B0-(solapur)","404","https://www.searchsarkarinaukri.com/jobs/nhm--996","सोलापूर (solapur) sarkari naukri"
"https://www.searchsarkarinaukri.com/districts/%E0%A4%A8%E0%A4%B5%E0%A5%80-%E0%A4%A6%E0%A4%BF%E0%A4%B2%E0%A5%8D%E0%A4%B2%E0%A5%80","404","https://www.searchsarkarinaukri.com/jobs/senior-consultant--973","All government jobs in नवी दिल्ली"
"https://www.searchsarkarinaukri.com/jobs-in-%E0%A4%A8%E0%A4%B5%E0%A5%80-%E0%A4%A6%E0%A4%BF%E0%A4%B2%E0%A5%8D%E0%A4%B2%E0%A5%80","404","https://www.searchsarkarinaukri.com/jobs/senior-consultant--973","नवी दिल्ली sarkari naukri"
"https://www.searchsarkarinaukri.com/districts/%E0%A4%AE%E0%A4%B9%E0%A4%BE%E0%A4%B0%E0%A4%BE%E0%A4%B7%E0%A5%8D%E0%A4%9F%E0%A5%8D%E0%A4%B0-(%E0%A4%B8%E0%A5%8B%E0%A4%B2%E0%A4%BE%E0%A4%AA%E0%A5%82%E0%A4%B0","404","https://www.searchsarkarinaukri.com/jobs/bde--977","All government jobs in महाराष्ट्र (सोलापूर"
"https://www.searchsarkarinaukri.com/jobs-in-%E0%A4%AE%E0%A4%B9%E0%A4%BE%E0%A4%B0%E0%A4%BE%E0%A4%B7%E0%A5%8D%E0%A4%9F%E0%A5%8D%E0%A4%B0-(%E0%A4%B8%E0%A5%8B%E0%A4%B2%E0%A4%BE%E0%A4%AA%E0%A5%82%E0%A4%B0","404","https://www.searchsarkarinaukri.com/jobs/bde--977","महाराष्ट्र (सोलापूर sarkari naukri"
"https://www.searchsarkarinaukri.com/districts/%E0%A4%9C%E0%A4%BF%E0%A4%B2%E0%A5%8D%E0%A4%B9%E0%A4%BE-%E0%A4%AE%E0%A5%81%E0%A4%96%E0%A5%8D%E0%A4%AF%E0%A4%BE%E0%A4%B2%E0%A4%AF%E0%A5%87-%E0%A4%86%E0%A4%A3%E0%A4%BF-%E0%A4%AE%E0%A5%8B%E0%A4%A0%E0%A5%8D%E0%A4%AF%E0%A4%BE-%E0%A4%B6%E0%A4%B9%E0%A4%B0%E0%A4%BE%E0%A4%82%E0%A4%A4%E0%A5%80%E0%A4%B2-%E0%A4%B6%E0%A4%BE%E0%A4%96%E0%A4%BE.","404","https://www.searchsarkarinaukri.com/jobs/relationship-manager--978","All government jobs in जिल्हा मुख्यालये आणि मोठ्या शहरांतील शाखा."
"https://www.searchsarkarinaukri.com/jobs-in-%E0%A4%9C%E0%A4%BF%E0%A4%B2%E0%A5%8D%E0%A4%B9%E0%A4%BE-%E0%A4%AE%E0%A5%81%E0%A4%96%E0%A5%8D%E0%A4%AF%E0%A4%BE%E0%A4%B2%E0%A4%AF%E0%A5%87-%E0%A4%86%E0%A4%A3%E0%A4%BF-%E0%A4%AE%E0%A5%8B%E0%A4%A0%E0%A5%8D%E0%A4%AF%E0%A4%BE-%E0%A4%B6%E0%A4%B9%E0%A4%B0%E0%A4%BE%E0%A4%82%E0%A4%A4%E0%A5%80%E0%A4%B2-%E0%A4%B6%E0%A4%BE%E0%A4%96%E0%A4%BE.","404","https://www.searchsarkarinaukri.com/jobs/relationship-manager--978","जिल्हा मुख्यालये आणि मोठ्या शहरांतील शाखा. sarkari naukri"
"https://www.searchsarkarinaukri.com/districts/%E0%A4%B8%E0%A4%82%E0%A4%AA%E0%A5%82%E0%A4%B0%E0%A5%8D%E0%A4%A3-%E0%A4%AE%E0%A4%B9%E0%A4%BE%E0%A4%B0%E0%A4%BE%E0%A4%B7%E0%A5%8D%E0%A4%9F%E0%A5%8D%E0%A4%B0","404","https://www.searchsarkarinaukri.com/jobs/job--980","All government jobs in संपूर्ण महाराष्ट्र"
"https://www.searchsarkarinaukri.com/jobs-in-%E0%A4%B8%E0%A4%82%E0%A4%AA%E0%A5%82%E0%A4%B0%E0%A5%8D%E0%A4%A3-%E0%A4%AE%E0%A4%B9%E0%A4%BE%E0%A4%B0%E0%A4%BE%E0%A4%B7%E0%A5%8D%E0%A4%9F%E0%A5%8D%E0%A4%B0","404","https://www.searchsarkarinaukri.com/jobs/job--980","संपूर्ण महाराष्ट्र sarkari naukri"
"https://www.searchsarkarinaukri.com/jobs/society-for-applied-microwave-electronics-engineering-research-mumbai-invites-applications-for-35-graduate-diploma-apprentice-trainee-positi--4656","410","https://www.searchsarkarinaukri.com/districts/mumbai-suburban","Society for Applied Microwave Electronics Engineering & Research Mumbai invites applications for 35 Graduate & Diploma Apprentice Trainee positions 2026"
"https://www.searchsarkarinaukri.com/jobs/advanced-centre-for-treatment-research-and-education-in-cancer-actrec-recruitment-2026-research-nurse-post-vacancy--4610","410","https://www.searchsarkarinaukri.com/districts/mumbai-suburban/education","Advanced Centre for Treatment, Research and Education in Cancer (ACTREC) Recruitment 2026 — Research Nurse Post Vacancy"
"https://www.searchsarkarinaukri.com/jobs/recruitment-notification-konkan-railway-corporation-limited-krcl-hiring-142-apprentice-trainees-and-junior-technical-assistants-2026--4766","410","https://www.searchsarkarinaukri.com/districts/mumbai-city/railway","Recruitment Notification: Konkan Railway Corporation Limited (KRCL) hiring 142 Apprentice Trainees and Junior Technical Assistants 2026"
"https://www.searchsarkarinaukri.com/jobs/konkan-railway-corporation-limited-2026-recruitment-drive-142-junior-technical-assistant-junior-technical-assistant-design-drawing-appre-vac--4596","410","https://www.searchsarkarinaukri.com/districts/mumbai-city/railway","Konkan Railway Corporation Limited 2026 Recruitment Drive: 142 Junior Technical Assistant, Junior Technical Assistant – Design & Drawing, Appre Vacancies Announced"
"https://www.searchsarkarinaukri.com/jobs/recruitment-notification-konkan-railway-corporation-limited-hiring-134-apprentice-trainee-2026--4477","410","https://www.searchsarkarinaukri.com/districts/mumbai-city/railway","Recruitment Notification: Konkan Railway Corporation Limited hiring 134 Apprentice Trainee 2026"
"https://www.searchsarkarinaukri.com/jobs/apply-for-7-young-professional-legal-professional-posts-at-office-of-the-textile-commissioner-ministry-of-textiles-government-of-india-2026--4130","410","https://www.searchsarkarinaukri.com/districts/mumbai-city/central","Apply for 7 Young Professional & Legal Professional Posts at Office of the Textile Commissioner, Ministry of Textiles, Government of India (2026 Recruitment)"
"https://www.searchsarkarinaukri.com/jobs/icar-central-citrus-research-institute-nagpur-2026-recruitment-drive-3-young-professional-i-young-professional-ii-vacancies-announced--4936","410","https://www.searchsarkarinaukri.com/districts/nagpur/central","ICAR-Central Citrus Research Institute, Nagpur 2026 Recruitment Drive: 3 Young Professional – I, Young Professional – II Vacancies Announced"
"https://www.searchsarkarinaukri.com/jobs/recruitment-notification-maharashtra-metro-rail-corporation-limited-hiring-4-deputy-general-manager-mmi-assistant-manager-public-relations-o--4199","410","https://www.searchsarkarinaukri.com/districts/nagpur/railway","Recruitment Notification: Maharashtra Metro Rail Corporation Limited hiring 4 Deputy General Manager (MMI), Assistant Manager (Public Relations), Office Assis 2026"
"https://www.searchsarkarinaukri.com/jobs/recruitment-notification-maharashtra-metro-rail-corporation-limited-hiring-5-manager-hr-assistant-manager-hr-dgm-mmi-assistant-manager-pr-of--4937","410","https://www.searchsarkarinaukri.com/districts/nagpur/railway","Recruitment Notification: Maharashtra Metro Rail Corporation Limited hiring 5 Manager (HR), Assistant Manager (HR), DGM (MMI), Assistant Manager (PR), Office 2026"
"https://www.searchsarkarinaukri.com/jobs/job-openings-at-defence-institute-of-advanced-technology-pune-3-project-associate-i-pa-and-junior-research-fellow-jrf-posts-available--4654","410","https://www.searchsarkarinaukri.com/districts/pune","Job Openings at Defence Institute of Advanced Technology, Pune — 3 Project Associate – I (PA) and Junior Research Fellow (JRF) Posts Available"
"https://www.searchsarkarinaukri.com/jobs/recruitment-notification-national-centre-for-radio-astrophysics-pune-hiring-30-project-administrative-officer-project-technical-assistant-en--4122","410","https://www.searchsarkarinaukri.com/engineering-jobs-in-pune","Recruitment Notification: National Centre for Radio Astrophysics, Pune hiring 30 Project Administrative Officer, Project Technical Assistant, Engineer Trainee, L 2026"
"https://www.searchsarkarinaukri.com/jobs/job--3857","410","https://www.searchsarkarinaukri.com/districts/nashik","१२७ प्राध्यापक पदांसाठी नाशिकच्या गोखले एज्युकेशन सोसायटी भरती अपडेट"
"https://www.searchsarkarinaukri.com/jobs/apply-for-5-full-time-general-duty-medical-officer-contractual-posts-at-india-security-press-nashik-2026-recruitment--4991","410","https://www.searchsarkarinaukri.com/districts/nashik/central","Apply for 5 Full time General Duty Medical Officer (Contractual) Posts at India Security Press, Nashik (2026 Recruitment)"
"https://www.searchsarkarinaukri.com/jobs/recruitment-notification-national-centre-of-radio-astrophysics-pune-hiring-8-administrative-assistant-b-clerk-a-driver-b-laboratory-assistan--4133","410","https://www.searchsarkarinaukri.com/districts/pune/central","Recruitment Notification: National Centre of Radio Astrophysics, Pune hiring 8 Administrative Assistant-B, Clerk-A, Driver-B, Laboratory Assistant-B, Security 2026"
"https://www.searchsarkarinaukri.com/jobs/umed-maharashtra-state-rural-livelihoods-mission-jalgaon-recruitment-2026-16-ifc-block-anchor-senior-community-resource-person-vacancies-ope--4930","410","https://www.searchsarkarinaukri.com/districts/jalgaon","UMED Maharashtra State Rural Livelihoods Mission, Jalgaon Recruitment 2026 — 16 IFC Block Anchor, Senior Community Resource Person Vacancies Open"
"https://www.searchsarkarinaukri.com/jobs/recruitment-notification-mumbai-port-authority-mumbai-port-trust-hiring-63-principal-advisor-civil-sports-trainees-senior-deputy-chief-medic--4602","410","https://www.searchsarkarinaukri.com/jobs?category=central","Recruitment Notification: Mumbai Port Authority (Mumbai Port Trust) hiring 63 Principal Advisor (Civil), Sports Trainees, Senior Deputy Chief Medical Officer 2026"
"https://www.searchsarkarinaukri.com/jobs/recruitment-notification-ex-servicemen-contributory-health-scheme-station-cell-pune-hiring-2-medical-officer-gynaecologist-2026--4769","410","https://www.searchsarkarinaukri.com/jobs?category=health","Recruitment Notification: Ex-Servicemen Contributory Health Scheme Station Cell Pune hiring 2 Medical Officer, Gynaecologist 2026"
"https://www.searchsarkarinaukri.com/jobs/apply-for-1-young-professional-ii-yp-ii-post-at-icar-central-institute-of-fisheries-education-mumbai-2026-recruitment--4942","410","https://www.searchsarkarinaukri.com/districts/mumbai-suburban/education","Apply for 1 Young Professional-II (YP-II) Post at ICAR-Central Institute of Fisheries Education, Mumbai (2026 Recruitment)"
"https://www.searchsarkarinaukri.com/jobs/airports-authority-of-india-aai-western-region-recruitment-2026-36-graduate-and-diploma-apprentice-vacancies-open--4135","410","https://www.searchsarkarinaukri.com/districts/mumbai-city/central","Airports Authority of India (AAI) – Western Region Recruitment 2026 — 36 Graduate and Diploma Apprentice Vacancies Open"
"https://www.searchsarkarinaukri.com/jobs/recruitment-notification-government-dental-college-hospital-jalgaon-hiring-12-assistant-professor-2026--4603","410","https://www.searchsarkarinaukri.com/districts/jalgaon/health","Recruitment Notification: Government Dental College & Hospital, Jalgaon hiring 12 Assistant Professor 2026"
"https://www.searchsarkarinaukri.com/jobs/business-correspondent-supervisor--975","410","https://www.searchsarkarinaukri.com/districts/osmanabad","बीसी पर्यवेक्षक (Business Correspondent Supervisor)"
"https://www.searchsarkarinaukri.com/jobs/job--4731","410","https://www.searchsarkarinaukri.com/districts/kolhapur","कोल्हापूरच्या माजी सैनिक आरोग्य योजने: ५० विविध पदांसाठी भरती सूचना २०२६"
"https://www.searchsarkarinaukri.com/jobs/job--4278","410","https://www.searchsarkarinaukri.com/districts/solapur","सोलापूर विद्यापीठा ९ सहाय्यक प्राध्यापक पदांसाठी पात्रता व अर्ज तपशील"
"https://www.searchsarkarinaukri.com/jobs/tadoba-andhari-tiger-reserve-conservation-forest-department-chandrapur-invites-applications-for-1-kolara-tourism-gate-manager-position-2026--4941","410","https://www.searchsarkarinaukri.com/districts/chandrapur/forest","Tadoba-Andhari Tiger Reserve Conservation, Forest Department Chandrapur invites applications for 1 Kolara Tourism Gate Manager position 2026"
"https://www.searchsarkarinaukri.com/jobs/recruitment-notification-mumbai-port-authority-sports-club-hiring-54-sports-trainee-2026--4196","410","https://www.searchsarkarinaukri.com/districts/mumbai-city/central","Recruitment Notification: Mumbai Port Authority Sports Club hiring 54 Sports Trainee 2026"
"https://www.searchsarkarinaukri.com/jobs/recruitment-notification-mumbai-port-authority-mumbai-port-trust-hiring-51-consultant-fsi-implementation-junior-professional-trainee-clerk-s--4939","410","https://www.searchsarkarinaukri.com/jobs?category=central","Recruitment Notification: Mumbai Port Authority (Mumbai Port Trust) hiring 51 Consultant (FSI Implementation), Junior Professional Trainee (Clerk), Senior Pro 2026"
"https://www.searchsarkarinaukri.com/jobs/back-office-sitting-job--2006","410","https://www.searchsarkarinaukri.com/jobs-in-assam","Back office Sitting JOB"
