"source_url","target_url","target_status","anchor_text","rel"
"https://www.searchsarkarinaukri.com/","https://www.searchsarkarinaukri.com/jobs/icmr-nirwoh-senior-consultant-recruitment-2026-walk-in-for-1-post--5025","410","ICMR NIRWoH Senior Consultant Recruitment 2026 – Walk-in for 1 Post",""
"https://www.searchsarkarinaukri.com/","https://www.searchsarkarinaukri.com/jobs/bombay-high-court-cook-recruitment-2026-apply-offline-for-18-posts--5024","410","Bombay High Court Cook Recruitment 2026 – Apply Offline for 18 Posts",""
"https://www.searchsarkarinaukri.com/","https://www.searchsarkarinaukri.com/jobs/esic-senior-resident-recruitment-2026-walk-in-for-5-posts--5023","410","ESIC Senior Resident Recruitment 2026 – Walk-in for 5 Posts",""
"https://www.searchsarkarinaukri.com/","https://www.searchsarkarinaukri.com/jobs/esic-assistant-professor-recruitment-2026-walk-in-for-7-posts--5022","410","ESIC Assistant Professor Recruitment 2026 – Walk-in for 7 Posts",""
"https://www.searchsarkarinaukri.com/","https://www.searchsarkarinaukri.com/jobs/esic-associate-professor-recruitment-2026-walk-in-for-11-posts--5021","410","ESIC Associate Professor Recruitment 2026 – Walk-in for 11 Posts",""
"https://www.searchsarkarinaukri.com/","https://www.searchsarkarinaukri.com/jobs/esic-professor-recruitment-2026-walk-in-for-6-posts--5020","410","ESIC Professor Recruitment 2026 – Walk-in for 6 Posts",""
"https://www.searchsarkarinaukri.com/","https://www.searchsarkarinaukri.com/jobs/mahatransco-electrician-apprentice-recruitment-2026-apply-online-for-68-posts--5019","410","MAHATRANSCO Electrician Apprentice Recruitment 2026 – Apply Online for 68 Posts",""
"https://www.searchsarkarinaukri.com/","https://www.searchsarkarinaukri.com/jobs/csir-neeri-project-associate-recruitment-2026-apply-online-for-2-posts--5016","410","CSIR NEERI Project Associate Recruitment 2026 – Apply Online for 2 Posts",""
"https://www.searchsarkarinaukri.com/","https://www.searchsarkarinaukri.com/jobs/recruitment-notification-brihan-mumbai-mahanagarpalika-mcgm-hiring-17-staff-nurse-x-ray-technician-2026--4998","410","Recruitment Notification: Brihan Mumbai Mahanagarpalika (MCGM) hiring 17 Staff Nurse, X-ray Technician 2026",""
"https://www.searchsarkarinaukri.com/jobs","https://www.searchsarkarinaukri.com/jobs/icmr-nirwoh-senior-consultant-recruitment-2026-walk-in-for-1-post--5025","410","ICMR NIRWoH Senior Consultant Recruitment 2026 – Walk-in for 1 Post",""
"https://www.searchsarkarinaukri.com/jobs","https://www.searchsarkarinaukri.com/jobs/bombay-high-court-cook-recruitment-2026-apply-offline-for-18-posts--5024","410","Bombay High Court Cook Recruitment 2026 – Apply Offline for 18 Posts",""
"https://www.searchsarkarinaukri.com/jobs","https://www.searchsarkarinaukri.com/jobs/esic-senior-resident-recruitment-2026-walk-in-for-5-posts--5023","410","ESIC Senior Resident Recruitment 2026 – Walk-in for 5 Posts",""
"https://www.searchsarkarinaukri.com/jobs","https://www.searchsarkarinaukri.com/jobs/esic-assistant-professor-recruitment-2026-walk-in-for-7-posts--5022","410","ESIC Assistant Professor Recruitment 2026 – Walk-in for 7 Posts",""
"https://www.searchsarkarinaukri.com/jobs","https://www.searchsarkarinaukri.com/jobs/esic-associate-professor-recruitment-2026-walk-in-for-11-posts--5021","410","ESIC Associate Professor Recruitment 2026 – Walk-in for 11 Posts",""
"https://www.searchsarkarinaukri.com/jobs","https://www.searchsarkarinaukri.com/jobs/esic-professor-recruitment-2026-walk-in-for-6-posts--5020","410","ESIC Professor Recruitment 2026 – Walk-in for 6 Posts",""
"https://www.searchsarkarinaukri.com/jobs","https://www.searchsarkarinaukri.com/jobs/mahatransco-electrician-apprentice-recruitment-2026-apply-online-for-68-posts--5019","410","MAHATRANSCO Electrician Apprentice Recruitment 2026 – Apply Online for 68 Posts",""
"https://www.searchsarkarinaukri.com/jobs","https://www.searchsarkarinaukri.com/jobs/csir-neeri-project-associate-recruitment-2026-apply-online-for-2-posts--5016","410","CSIR NEERI Project Associate Recruitment 2026 – Apply Online for 2 Posts",""
"https://www.searchsarkarinaukri.com/jobs","https://www.searchsarkarinaukri.com/jobs/recruitment-notification-brihan-mumbai-mahanagarpalika-mcgm-hiring-17-staff-nurse-x-ray-technician-2026--4998","410","Recruitment Notification: Brihan Mumbai Mahanagarpalika (MCGM) hiring 17 Staff Nurse, X-ray Technician 2026",""
"https://www.searchsarkarinaukri.com/daily-assessment","https://www.searchsarkarinaukri.com/assessment","404","Start Today's Free Assessment",""
"https://www.searchsarkarinaukri.com/jobs/sgbau-amravati-sgbau-amravati-2026--5012","https://www.searchsarkarinaukri.com/jobs-in-amravati","404","amravati sarkari naukri",""
"https://www.searchsarkarinaukri.com/jobs/jilhadhikari-karyalay-wardha-bharti-2026-details-jilhadhikari-karyalay-wardha-bharti-2026-details-20--5007","https://www.searchsarkarinaukri.com/jobs-in-wardha","404","wardha sarkari naukri",""
"https://www.searchsarkarinaukri.com/jobs/power-grid-corporation-of-india-limited-power-grid-corporation-of-india-limited-2026--4996","https://www.searchsarkarinaukri.com/jobs-in-all-districts","404","all districts sarkari naukri",""
"https://www.searchsarkarinaukri.com/jobs/nainital-bank-risk-officer-recruitment-2026-apply-online-for-2-posts--4989","https://www.searchsarkarinaukri.com/districts/any-branch/office-of-nainital-bank","404","All government jobs in any branch/office of nainital bank",""
"https://www.searchsarkarinaukri.com/jobs/nainital-bank-risk-officer-recruitment-2026-apply-online-for-2-posts--4989","https://www.searchsarkarinaukri.com/jobs-in-any-branch/office-of-nainital-bank","404","any branch/office of nainital bank sarkari naukri",""
"https://www.searchsarkarinaukri.com/jobs/powergrid-graduate-civil-apprentice-recruitment-2026-apply-online-for-15-posts--4987","https://www.searchsarkarinaukri.com/districts/various-locations-across-india","404","All government jobs in various locations across india",""
"https://www.searchsarkarinaukri.com/jobs/powergrid-graduate-civil-apprentice-recruitment-2026-apply-online-for-15-posts--4987","https://www.searchsarkarinaukri.com/jobs-in-various-locations-across-india","404","various locations across india sarkari naukri",""
"https://www.searchsarkarinaukri.com/jobs/nainital-bank-hr-officer-recruitment-2026-apply-online-for-3-posts--4990","https://www.searchsarkarinaukri.com/districts/any-branch/office-of-nainital-bank","404","All government jobs in any branch/office of nainital bank",""
"https://www.searchsarkarinaukri.com/jobs/nainital-bank-hr-officer-recruitment-2026-apply-online-for-3-posts--4990","https://www.searchsarkarinaukri.com/jobs-in-any-branch/office-of-nainital-bank","404","any branch/office of nainital bank sarkari naukri",""
"https://www.searchsarkarinaukri.com/jobs/federal-bank-officer-sales-recruitment-2026-apply-online--4988","https://www.searchsarkarinaukri.com/districts/bengaluru","404","All government jobs in bengaluru",""
"https://www.searchsarkarinaukri.com/jobs/federal-bank-officer-sales-recruitment-2026-apply-online--4988","https://www.searchsarkarinaukri.com/jobs-in-bengaluru","404","bengaluru sarkari naukri",""
"https://www.searchsarkarinaukri.com/jobs/powergrid-diploma-electrical-apprentice-recruitment-2026-apply-online-for-122-posts--4984","https://www.searchsarkarinaukri.com/districts/various-locations-across-india","404","All government jobs in various locations across india",""
"https://www.searchsarkarinaukri.com/jobs/powergrid-diploma-electrical-apprentice-recruitment-2026-apply-online-for-122-posts--4984","https://www.searchsarkarinaukri.com/jobs-in-various-locations-across-india","404","various locations across india sarkari naukri",""
"https://www.searchsarkarinaukri.com/jobs/powergrid-graduate-electrical-apprentice-recruitment-2026-apply-online-for-34-posts--4986","https://www.searchsarkarinaukri.com/districts/various-locations-across-india","404","All government jobs in various locations across india",""
"https://www.searchsarkarinaukri.com/jobs/powergrid-graduate-electrical-apprentice-recruitment-2026-apply-online-for-34-posts--4986","https://www.searchsarkarinaukri.com/jobs-in-various-locations-across-india","404","various locations across india sarkari naukri",""
"https://www.searchsarkarinaukri.com/jobs/powergrid-iti-electrician-apprentice-recruitment-2026-apply-online-for-64-posts--4983","https://www.searchsarkarinaukri.com/districts/various-locations-across-india","404","All government jobs in various locations across india",""
"https://www.searchsarkarinaukri.com/jobs/powergrid-iti-electrician-apprentice-recruitment-2026-apply-online-for-64-posts--4983","https://www.searchsarkarinaukri.com/jobs-in-various-locations-across-india","404","various locations across india sarkari naukri",""
"https://www.searchsarkarinaukri.com/jobs/powergrid-diploma-civil-apprentice-recruitment-2026-apply-online-for-35-posts--4985","https://www.searchsarkarinaukri.com/districts/various-locations-across-india","404","All government jobs in various locations across india",""
"https://www.searchsarkarinaukri.com/jobs/powergrid-diploma-civil-apprentice-recruitment-2026-apply-online-for-35-posts--4985","https://www.searchsarkarinaukri.com/jobs-in-various-locations-across-india","404","various locations across india sarkari naukri",""
"https://www.searchsarkarinaukri.com/jobs/isro-lpsc-fireman-a-recruitment-2026-apply-online--4982","https://www.searchsarkarinaukri.com/districts/valiamala","404","All government jobs in valiamala",""
"https://www.searchsarkarinaukri.com/jobs/isro-lpsc-fireman-a-recruitment-2026-apply-online--4982","https://www.searchsarkarinaukri.com/jobs-in-valiamala","404","valiamala sarkari naukri",""
"https://www.searchsarkarinaukri.com/jobs/isro-lpsc-technician-b-fitter-recruitment-2026-apply-online-for-9-posts--4980","https://www.searchsarkarinaukri.com/districts/valiamala","404","All government jobs in valiamala",""
"https://www.searchsarkarinaukri.com/jobs/isro-lpsc-technician-b-fitter-recruitment-2026-apply-online-for-9-posts--4980","https://www.searchsarkarinaukri.com/jobs-in-valiamala","404","valiamala sarkari naukri",""
"https://www.searchsarkarinaukri.com/jobs/isro-lpsc-technical-assistant-chemical-recruitment-2026-apply-online--4979","https://www.searchsarkarinaukri.com/districts/valiamala","404","All government jobs in valiamala",""
"https://www.searchsarkarinaukri.com/jobs/isro-lpsc-technical-assistant-chemical-recruitment-2026-apply-online--4979","https://www.searchsarkarinaukri.com/jobs-in-valiamala","404","valiamala sarkari naukri",""
"https://www.searchsarkarinaukri.com/jobs/isro-lpsc-draughtsman-b-mechanical-recruitment-2026-apply-online--4981","https://www.searchsarkarinaukri.com/districts/valiamala","404","All government jobs in valiamala",""
"https://www.searchsarkarinaukri.com/jobs/isro-lpsc-draughtsman-b-mechanical-recruitment-2026-apply-online--4981","https://www.searchsarkarinaukri.com/jobs-in-valiamala","404","valiamala sarkari naukri",""
"https://www.searchsarkarinaukri.com/jobs/hurl-jr-engineer-assistant-ii-qa-mechanical-recruitment-2026-apply-online-for-7-posts--4976","https://www.searchsarkarinaukri.com/districts/gorakhpur","404","All government jobs in gorakhpur",""
"https://www.searchsarkarinaukri.com/jobs/hurl-jr-engineer-assistant-ii-qa-mechanical-recruitment-2026-apply-online-for-7-posts--4976","https://www.searchsarkarinaukri.com/jobs-in-gorakhpur","404","gorakhpur sarkari naukri",""
"https://www.searchsarkarinaukri.com/jobs/hurl-jr-engineer-assistant-ii-instrumentation-recruitment-2026-apply-online-for-12-posts--4975","https://www.searchsarkarinaukri.com/districts/gorakhpur","404","All government jobs in gorakhpur",""
"https://www.searchsarkarinaukri.com/jobs/hurl-jr-engineer-assistant-ii-instrumentation-recruitment-2026-apply-online-for-12-posts--4975","https://www.searchsarkarinaukri.com/jobs-in-gorakhpur","404","gorakhpur sarkari naukri",""
"https://www.searchsarkarinaukri.com/jobs/isro-lpsc-technical-assistant-mechanical-recruitment-2026-apply-online-for-6-posts--4977","https://www.searchsarkarinaukri.com/districts/valiamala","404","All government jobs in valiamala",""
"https://www.searchsarkarinaukri.com/jobs/isro-lpsc-technical-assistant-mechanical-recruitment-2026-apply-online-for-6-posts--4977","https://www.searchsarkarinaukri.com/jobs-in-valiamala","404","valiamala sarkari naukri",""
"https://www.searchsarkarinaukri.com/jobs/isro-lpsc-technical-assistant-chemical-recruitment-2026-apply-online--4978","https://www.searchsarkarinaukri.com/districts/valiamala","404","All government jobs in valiamala",""
"https://www.searchsarkarinaukri.com/jobs/isro-lpsc-technical-assistant-chemical-recruitment-2026-apply-online--4978","https://www.searchsarkarinaukri.com/jobs-in-valiamala","404","valiamala sarkari naukri",""
"https://www.searchsarkarinaukri.com/jobs/hurl-jr-engineer-assistant-ii-o-u-recruitment-2026-apply-online-for-6-posts--4971","https://www.searchsarkarinaukri.com/districts/gorakhpur","404","All government jobs in gorakhpur",""
"https://www.searchsarkarinaukri.com/jobs/hurl-jr-engineer-assistant-ii-o-u-recruitment-2026-apply-online-for-6-posts--4971","https://www.searchsarkarinaukri.com/jobs-in-gorakhpur","404","gorakhpur sarkari naukri",""
"https://www.searchsarkarinaukri.com/jobs/hurl-jr-engineer-assistant-ii-ammonia-recruitment-2026-apply-online-for-7-posts--4972","https://www.searchsarkarinaukri.com/districts/gorakhpur","404","All government jobs in gorakhpur",""
"https://www.searchsarkarinaukri.com/jobs/hurl-jr-engineer-assistant-ii-ammonia-recruitment-2026-apply-online-for-7-posts--4972","https://www.searchsarkarinaukri.com/jobs-in-gorakhpur","404","gorakhpur sarkari naukri",""
"https://www.searchsarkarinaukri.com/jobs/hurl-jr-engineer-assistant-ii-urea-recruitment-2026-apply-online-for-3-posts--4973","https://www.searchsarkarinaukri.com/districts/gorakhpur","404","All government jobs in gorakhpur",""
"https://www.searchsarkarinaukri.com/jobs/hurl-jr-engineer-assistant-ii-urea-recruitment-2026-apply-online-for-3-posts--4973","https://www.searchsarkarinaukri.com/jobs-in-gorakhpur","404","gorakhpur sarkari naukri",""
"https://www.searchsarkarinaukri.com/jobs/hurl-jr-engineer-assistant-ii-urea-plant-handling-operations-recruitment-2026-apply-online-for-8-posts--4974","https://www.searchsarkarinaukri.com/districts/gorakhpur","404","All government jobs in gorakhpur",""
"https://www.searchsarkarinaukri.com/jobs/hurl-jr-engineer-assistant-ii-urea-plant-handling-operations-recruitment-2026-apply-online-for-8-posts--4974","https://www.searchsarkarinaukri.com/jobs-in-gorakhpur","404","gorakhpur sarkari naukri",""
"https://www.searchsarkarinaukri.com/jobs/hurl-officer-senior-officer-marketing-recruitment-2026-apply-online--4969","https://www.searchsarkarinaukri.com/districts/gorakhpur","404","All government jobs in gorakhpur",""
"https://www.searchsarkarinaukri.com/jobs/hurl-officer-senior-officer-marketing-recruitment-2026-apply-online--4969","https://www.searchsarkarinaukri.com/jobs-in-gorakhpur","404","gorakhpur sarkari naukri",""
"https://www.searchsarkarinaukri.com/jobs/hurl-deputy-manager-assistant-manager-officer-medical-recruitment-2026-apply-online-for-2-posts--4970","https://www.searchsarkarinaukri.com/districts/gorakhpur","404","All government jobs in gorakhpur",""
"https://www.searchsarkarinaukri.com/jobs/hurl-deputy-manager-assistant-manager-officer-medical-recruitment-2026-apply-online-for-2-posts--4970","https://www.searchsarkarinaukri.com/jobs-in-gorakhpur","404","gorakhpur sarkari naukri",""
"https://www.searchsarkarinaukri.com/jobs/hurl-senior-engineer-assistant-manager-it-sap-sd-recruitment-2026-apply-online--4967","https://www.searchsarkarinaukri.com/districts/gorakhpur","404","All government jobs in gorakhpur",""
"https://www.searchsarkarinaukri.com/jobs/hurl-senior-engineer-assistant-manager-it-sap-sd-recruitment-2026-apply-online--4967","https://www.searchsarkarinaukri.com/jobs-in-gorakhpur","404","gorakhpur sarkari naukri",""
"https://www.searchsarkarinaukri.com/jobs/hurl-officer-senior-officer-human-resource-recruitment-2026-apply-online--4968","https://www.searchsarkarinaukri.com/districts/gorakhpur","404","All government jobs in gorakhpur",""
"https://www.searchsarkarinaukri.com/jobs/hurl-officer-senior-officer-human-resource-recruitment-2026-apply-online--4968","https://www.searchsarkarinaukri.com/jobs-in-gorakhpur","404","gorakhpur sarkari naukri",""
"https://www.searchsarkarinaukri.com/jobs/hurl-senior-engineer-assistant-manager-it-sap-mm-recruitment-2026-apply-online--4966","https://www.searchsarkarinaukri.com/districts/gorakhpur","404","All government jobs in gorakhpur",""
"https://www.searchsarkarinaukri.com/jobs/hurl-senior-engineer-assistant-manager-it-sap-mm-recruitment-2026-apply-online--4966","https://www.searchsarkarinaukri.com/jobs-in-gorakhpur","404","gorakhpur sarkari naukri",""
"https://www.searchsarkarinaukri.com/jobs/hurl-engineer-senior-engineer-mechanical-recruitment-2026-apply-online--4964","https://www.searchsarkarinaukri.com/districts/gorakhpur","404","All government jobs in gorakhpur",""
"https://www.searchsarkarinaukri.com/jobs/hurl-engineer-senior-engineer-mechanical-recruitment-2026-apply-online--4964","https://www.searchsarkarinaukri.com/jobs-in-gorakhpur","404","gorakhpur sarkari naukri",""
"https://www.searchsarkarinaukri.com/jobs/hurl-senior-engineer-assistant-manager-it-sap-fico-recruitment-2026-apply-online--4965","https://www.searchsarkarinaukri.com/districts/gorakhpur","404","All government jobs in gorakhpur",""
"https://www.searchsarkarinaukri.com/jobs/hurl-senior-engineer-assistant-manager-it-sap-fico-recruitment-2026-apply-online--4965","https://www.searchsarkarinaukri.com/jobs-in-gorakhpur","404","gorakhpur sarkari naukri",""
"https://www.searchsarkarinaukri.com/jobs/hurl-engineer-senior-engineer-electrical-recruitment-2026-apply-online--4963","https://www.searchsarkarinaukri.com/districts/gorakhpur","404","All government jobs in gorakhpur",""
"https://www.searchsarkarinaukri.com/jobs/hurl-engineer-senior-engineer-electrical-recruitment-2026-apply-online--4963","https://www.searchsarkarinaukri.com/jobs-in-gorakhpur","404","gorakhpur sarkari naukri",""
"https://www.searchsarkarinaukri.com/jobs/hurl-engineer-senior-engineer-urea-recruitment-2026-apply-online--4962","https://www.searchsarkarinaukri.com/districts/gorakhpur","404","All government jobs in gorakhpur",""
"https://www.searchsarkarinaukri.com/jobs/hurl-engineer-senior-engineer-urea-recruitment-2026-apply-online--4962","https://www.searchsarkarinaukri.com/jobs-in-gorakhpur","404","gorakhpur sarkari naukri",""
"https://www.searchsarkarinaukri.com/jobs/hurl-engineer-senior-engineer-ammonia-recruitment-2026-apply-online--4961","https://www.searchsarkarinaukri.com/districts/gorakhpur","404","All government jobs in gorakhpur",""
"https://www.searchsarkarinaukri.com/jobs/hurl-engineer-senior-engineer-ammonia-recruitment-2026-apply-online--4961","https://www.searchsarkarinaukri.com/jobs-in-gorakhpur","404","gorakhpur sarkari naukri",""
"https://www.searchsarkarinaukri.com/jobs/hurl-engineer-senior-engineer-recruitment-2026-apply-online--4959","https://www.searchsarkarinaukri.com/districts/gorakhpur","404","All government jobs in gorakhpur",""
"https://www.searchsarkarinaukri.com/jobs/hurl-engineer-senior-engineer-recruitment-2026-apply-online--4959","https://www.searchsarkarinaukri.com/jobs-in-gorakhpur","404","gorakhpur sarkari naukri",""
"https://www.searchsarkarinaukri.com/jobs/hurl-engineer-senior-engineer-o-u-recruitment-2026-apply-online--4960","https://www.searchsarkarinaukri.com/districts/gorakhpur","404","All government jobs in gorakhpur",""
"https://www.searchsarkarinaukri.com/jobs/hurl-engineer-senior-engineer-o-u-recruitment-2026-apply-online--4960","https://www.searchsarkarinaukri.com/jobs-in-gorakhpur","404","gorakhpur sarkari naukri",""
"https://www.searchsarkarinaukri.com/jobs/kendriya-vidyalaya-wardha-mgahv-recruitment-notification-kendriya-vidyalaya-wardha-mgahv-2026--4935","https://www.searchsarkarinaukri.com/jobs-in-wardha","404","wardha sarkari naukri",""
"https://www.searchsarkarinaukri.com/jobs/csc-e-governance-services-india-limited-apply-for-20-state-project-manager-2026--4932","https://www.searchsarkarinaukri.com/jobs-in-all-districts","404","all districts sarkari naukri",""
"https://www.searchsarkarinaukri.com/jobs/high-court-of-judicature-at-bombay-bench-at-aurangabad-high-court-of-judicature-at-bombay-2026--4929","https://www.searchsarkarinaukri.com/jobs-in-chhatrapati-sambhajinagar","404","chhatrapati sambhajinagar sarkari naukri",""
"https://www.searchsarkarinaukri.com/jobs/zilla-parishad-dhule-job-opening-at-zilla-parishad-dhule-2026--4933","https://www.searchsarkarinaukri.com/jobs-in-dhule","404","dhule sarkari naukri",""
"https://www.searchsarkarinaukri.com/jobs/avnl-mtpf-non-iti-apprentice-turner-recruitment-2026--4925","https://www.searchsarkarinaukri.com/districts/ambarnath","404","All government jobs in ambarnath",""
"https://www.searchsarkarinaukri.com/jobs/avnl-mtpf-non-iti-apprentice-turner-recruitment-2026--4925","https://www.searchsarkarinaukri.com/jobs-in-ambarnath","404","ambarnath sarkari naukri",""
"https://www.searchsarkarinaukri.com/jobs/avnl-mtpf-ex-iti-apprentice-fitter-recruitment-2026--4928","https://www.searchsarkarinaukri.com/districts/ambarnath","404","All government jobs in ambarnath",""
"https://www.searchsarkarinaukri.com/jobs/avnl-mtpf-ex-iti-apprentice-fitter-recruitment-2026--4928","https://www.searchsarkarinaukri.com/jobs-in-ambarnath","404","ambarnath sarkari naukri",""
"https://www.searchsarkarinaukri.com/jobs/avnl-mtpf-non-iti-apprentice-machinist-recruitment-2026--4926","https://www.searchsarkarinaukri.com/districts/ambarnath","404","All government jobs in ambarnath",""
"https://www.searchsarkarinaukri.com/jobs/avnl-mtpf-non-iti-apprentice-machinist-recruitment-2026--4926","https://www.searchsarkarinaukri.com/jobs-in-ambarnath","404","ambarnath sarkari naukri",""
"https://www.searchsarkarinaukri.com/jobs/avnl-mtpf-non-iti-apprentice-mmtm-recruitment-2026--4927","https://www.searchsarkarinaukri.com/districts/ambarnath","404","All government jobs in ambarnath",""
"https://www.searchsarkarinaukri.com/jobs/avnl-mtpf-non-iti-apprentice-mmtm-recruitment-2026--4927","https://www.searchsarkarinaukri.com/jobs-in-ambarnath","404","ambarnath sarkari naukri",""
"https://www.searchsarkarinaukri.com/jobs/cpcb-taxonomist-recruitment-2026--4921","https://www.searchsarkarinaukri.com/districts/delhi","404","All government jobs in delhi",""
"https://www.searchsarkarinaukri.com/jobs/cpcb-field-assistant-recruitment-2026--4923","https://www.searchsarkarinaukri.com/districts/delhi","404","All government jobs in delhi",""
"https://www.searchsarkarinaukri.com/jobs/cpcb-data-entry-operator-recruitment-2026--4922","https://www.searchsarkarinaukri.com/districts/delhi","404","All government jobs in delhi",""
"https://www.searchsarkarinaukri.com/jobs/avnl-mtpf-non-iti-apprentice-fitter-recruitment-2026--4924","https://www.searchsarkarinaukri.com/districts/ambarnath","404","All government jobs in ambarnath",""
"https://www.searchsarkarinaukri.com/jobs/avnl-mtpf-non-iti-apprentice-fitter-recruitment-2026--4924","https://www.searchsarkarinaukri.com/jobs-in-ambarnath","404","ambarnath sarkari naukri",""
"https://www.searchsarkarinaukri.com/jobs/cpcb-administrative-assistant-recruitment-2026--4919","https://www.searchsarkarinaukri.com/districts/delhi","404","All government jobs in delhi",""
"https://www.searchsarkarinaukri.com/jobs/cpcb-assistant-manager-finance-recruitment-2026--4918","https://www.searchsarkarinaukri.com/districts/delhi","404","All government jobs in delhi",""
"https://www.searchsarkarinaukri.com/jobs/cpcb-scientist-b-recruitment-2026--4917","https://www.searchsarkarinaukri.com/districts/delhi","404","All government jobs in delhi",""
"https://www.searchsarkarinaukri.com/jobs/cpcb-scientific-assistant-recruitment-2026--4920","https://www.searchsarkarinaukri.com/districts/delhi","404","All government jobs in delhi",""
"https://www.searchsarkarinaukri.com/jobs/ngel-executive-rajbhasha-recruitment-2026--4914","https://www.searchsarkarinaukri.com/districts/across-india","404","All government jobs in across india",""
"https://www.searchsarkarinaukri.com/jobs/ngel-executive-rajbhasha-recruitment-2026--4914","https://www.searchsarkarinaukri.com/jobs-in-across-india","404","across india sarkari naukri",""
"https://www.searchsarkarinaukri.com/jobs/cpcb-scientist-c-recruitment-2026--4916","https://www.searchsarkarinaukri.com/districts/delhi","404","All government jobs in delhi",""
"https://www.searchsarkarinaukri.com/jobs/cpcb-scientist-d-recruitment-2026--4915","https://www.searchsarkarinaukri.com/districts/delhi","404","All government jobs in delhi",""
"https://www.searchsarkarinaukri.com/jobs/ngel-executive-csr-recruitment-2026--4913","https://www.searchsarkarinaukri.com/districts/across-india","404","All government jobs in across india",""
"https://www.searchsarkarinaukri.com/jobs/ngel-executive-csr-recruitment-2026--4913","https://www.searchsarkarinaukri.com/jobs-in-across-india","404","across india sarkari naukri",""
"https://www.searchsarkarinaukri.com/jobs/ngel-engineer-re-mechanical-recruitment-2026--4909","https://www.searchsarkarinaukri.com/districts/across-india","404","All government jobs in across india",""
"https://www.searchsarkarinaukri.com/jobs/ngel-engineer-re-mechanical-recruitment-2026--4909","https://www.searchsarkarinaukri.com/jobs-in-across-india","404","across india sarkari naukri",""
"https://www.searchsarkarinaukri.com/jobs/ngel-executive-finance-recruitment-2026--4911","https://www.searchsarkarinaukri.com/districts/across-india","404","All government jobs in across india",""
"https://www.searchsarkarinaukri.com/jobs/ngel-executive-finance-recruitment-2026--4911","https://www.searchsarkarinaukri.com/jobs-in-across-india","404","across india sarkari naukri",""
"https://www.searchsarkarinaukri.com/jobs/ngel-executive-human-resource-recruitment-2026--4910","https://www.searchsarkarinaukri.com/districts/across-india","404","All government jobs in across india",""
"https://www.searchsarkarinaukri.com/jobs/ngel-executive-human-resource-recruitment-2026--4910","https://www.searchsarkarinaukri.com/jobs-in-across-india","404","across india sarkari naukri",""
"https://www.searchsarkarinaukri.com/jobs/ngel-engineer-re-safety-recruitment-2026--4912","https://www.searchsarkarinaukri.com/districts/across-india","404","All government jobs in across india",""
"https://www.searchsarkarinaukri.com/jobs/ngel-engineer-re-safety-recruitment-2026--4912","https://www.searchsarkarinaukri.com/jobs-in-across-india","404","across india sarkari naukri",""
"https://www.searchsarkarinaukri.com/jobs/ngel-engineer-re-electrical-recruitment-2026--4908","https://www.searchsarkarinaukri.com/districts/across-india","404","All government jobs in across india",""
"https://www.searchsarkarinaukri.com/jobs/ngel-engineer-re-electrical-recruitment-2026--4908","https://www.searchsarkarinaukri.com/jobs-in-across-india","404","across india sarkari naukri",""
"https://www.searchsarkarinaukri.com/jobs/ngel-engineer-re-civil-recruitment-2026--4907","https://www.searchsarkarinaukri.com/districts/across-india","404","All government jobs in across india",""
"https://www.searchsarkarinaukri.com/jobs/ngel-engineer-re-civil-recruitment-2026--4907","https://www.searchsarkarinaukri.com/jobs-in-across-india","404","across india sarkari naukri",""
"https://www.searchsarkarinaukri.com/jobs/nabfins-customer-service-officer-recruitment-2026--4905","https://www.searchsarkarinaukri.com/districts/bihar","404","All government jobs in bihar",""
"https://www.searchsarkarinaukri.com/jobs/nabfins-telecaller-work-from-home-recruitment-2026--4906","https://www.searchsarkarinaukri.com/districts/work-from-home","404","All government jobs in work from home",""
"https://www.searchsarkarinaukri.com/jobs/nabfins-telecaller-work-from-home-recruitment-2026--4906","https://www.searchsarkarinaukri.com/jobs-in-work-from-home","404","work from home sarkari naukri",""
"https://www.searchsarkarinaukri.com/jobs/dsh-kurnool-radiology-specialist-recruitment-2026--4901","https://www.searchsarkarinaukri.com/districts/kurnool","404","All government jobs in kurnool",""
"https://www.searchsarkarinaukri.com/jobs/dsh-kurnool-radiology-specialist-recruitment-2026--4901","https://www.searchsarkarinaukri.com/jobs-in-kurnool","404","kurnool sarkari naukri",""
"https://www.searchsarkarinaukri.com/jobs/dsh-kurnool-civil-assistant-surgeon-general-recruitment-2026--4902","https://www.searchsarkarinaukri.com/districts/kurnool","404","All government jobs in kurnool",""
"https://www.searchsarkarinaukri.com/jobs/dsh-kurnool-civil-assistant-surgeon-general-recruitment-2026--4902","https://www.searchsarkarinaukri.com/jobs-in-kurnool","404","kurnool sarkari naukri",""
"https://www.searchsarkarinaukri.com/jobs/ibps-customer-service-associate-recruitment-2026--4903","https://www.searchsarkarinaukri.com/districts/across-india","404","All government jobs in across india",""
"https://www.searchsarkarinaukri.com/jobs/ibps-customer-service-associate-recruitment-2026--4903","https://www.searchsarkarinaukri.com/jobs-in-across-india","404","across india sarkari naukri",""
"https://www.searchsarkarinaukri.com/jobs/ibps-clerk-recruitment-2026--4904","https://www.searchsarkarinaukri.com/districts/across-india","404","All government jobs in across india",""
"https://www.searchsarkarinaukri.com/jobs/ibps-clerk-recruitment-2026--4904","https://www.searchsarkarinaukri.com/jobs-in-across-india","404","across india sarkari naukri",""
"https://www.searchsarkarinaukri.com/jobs/dsh-kurnool-pediatrics-specialist-recruitment-2026--4900","https://www.searchsarkarinaukri.com/districts/kurnool","404","All government jobs in kurnool",""
"https://www.searchsarkarinaukri.com/jobs/dsh-kurnool-pediatrics-specialist-recruitment-2026--4900","https://www.searchsarkarinaukri.com/jobs-in-kurnool","404","kurnool sarkari naukri",""
"https://www.searchsarkarinaukri.com/jobs/dsh-kurnool-general-medicine-specialist-recruitment-2026--4899","https://www.searchsarkarinaukri.com/districts/kurnool","404","All government jobs in kurnool",""
"https://www.searchsarkarinaukri.com/jobs/dsh-kurnool-general-medicine-specialist-recruitment-2026--4899","https://www.searchsarkarinaukri.com/jobs-in-kurnool","404","kurnool sarkari naukri",""
"https://www.searchsarkarinaukri.com/jobs/dsh-kurnool-civil-assistant-surgeon-specialist-gynecology-recruitment-2026--4897","https://www.searchsarkarinaukri.com/districts/kurnool","404","All government jobs in kurnool",""
"https://www.searchsarkarinaukri.com/jobs/dsh-kurnool-civil-assistant-surgeon-specialist-gynecology-recruitment-2026--4897","https://www.searchsarkarinaukri.com/jobs-in-kurnool","404","kurnool sarkari naukri",""
"https://www.searchsarkarinaukri.com/jobs/dsh-kurnool-general-surgery-specialist-recruitment-2026--4898","https://www.searchsarkarinaukri.com/districts/kurnool","404","All government jobs in kurnool",""
"https://www.searchsarkarinaukri.com/jobs/dsh-kurnool-general-surgery-specialist-recruitment-2026--4898","https://www.searchsarkarinaukri.com/jobs-in-kurnool","404","kurnool sarkari naukri",""
"https://www.searchsarkarinaukri.com/jobs/job-2026--4894","https://www.searchsarkarinaukri.com/jobs-in-yavatmal","404","yavatmal sarkari naukri",""
"https://www.searchsarkarinaukri.com/jobs/job-2026--4896","https://www.searchsarkarinaukri.com/jobs-in-sindhudurg","404","sindhudurg sarkari naukri",""
"https://www.searchsarkarinaukri.com/jobs/umed-msrlm-jalgaon-umed-msrlm-jalgaon-2026--4882","https://www.searchsarkarinaukri.com/jobs-in-jalgaon","404","jalgaon sarkari naukri",""
"https://www.searchsarkarinaukri.com/jobs/gramin-technical-and-management-campus-nanded-gramin-technical-and-management-campus-nanded-2026--4876","https://www.searchsarkarinaukri.com/jobs-in-nanded","404","nanded sarkari naukri",""
"https://www.searchsarkarinaukri.com/jobs/tmc-actrec-technician-recruitment-2026--4871","https://www.searchsarkarinaukri.com/districts/kharghar","404","All government jobs in kharghar",""
"https://www.searchsarkarinaukri.com/jobs/tmc-actrec-technician-recruitment-2026--4871","https://www.searchsarkarinaukri.com/jobs-in-kharghar","404","kharghar sarkari naukri",""
"https://www.searchsarkarinaukri.com/jobs/actrec-senior-resident-pathology-recruitment-2026--4872","https://www.searchsarkarinaukri.com/districts/sector-22","404","All government jobs in sector 22",""
"https://www.searchsarkarinaukri.com/jobs/actrec-senior-resident-pathology-recruitment-2026--4872","https://www.searchsarkarinaukri.com/jobs-in-sector-22","404","sector 22 sarkari naukri",""
"https://www.searchsarkarinaukri.com/jobs/sindhudurg-dcc-bank-shipai-peon-recruitment-2026--4873","https://www.searchsarkarinaukri.com/jobs-in-sindhudurg","404","sindhudurg sarkari naukri",""
"https://www.searchsarkarinaukri.com/jobs/npcil-general-duty-medical-officer-recruitment-2026--4869","https://www.searchsarkarinaukri.com/districts/narora","404","All government jobs in narora",""
"https://www.searchsarkarinaukri.com/jobs/npcil-general-duty-medical-officer-recruitment-2026--4869","https://www.searchsarkarinaukri.com/jobs-in-narora","404","narora sarkari naukri",""
"https://www.searchsarkarinaukri.com/jobs/nfsu-field-investigator-recruitment-2026--4866","https://www.searchsarkarinaukri.com/districts/rohini","404","All government jobs in rohini",""
"https://www.searchsarkarinaukri.com/jobs/nfsu-field-investigator-recruitment-2026--4866","https://www.searchsarkarinaukri.com/jobs-in-rohini","404","rohini sarkari naukri",""
"https://www.searchsarkarinaukri.com/jobs/npcil-fixed-term-medical-officer-paediatrician-recruitment-2026--4867","https://www.searchsarkarinaukri.com/districts/narora","404","All government jobs in narora",""
"https://www.searchsarkarinaukri.com/jobs/npcil-fixed-term-medical-officer-paediatrician-recruitment-2026--4867","https://www.searchsarkarinaukri.com/jobs-in-narora","404","narora sarkari naukri",""
"https://www.searchsarkarinaukri.com/jobs/npcil-dental-surgeon-recruitment-2026--4868","https://www.searchsarkarinaukri.com/districts/narora","404","All government jobs in narora",""
"https://www.searchsarkarinaukri.com/jobs/npcil-dental-surgeon-recruitment-2026--4868","https://www.searchsarkarinaukri.com/jobs-in-narora","404","narora sarkari naukri",""
"https://www.searchsarkarinaukri.com/jobs/ncra-driver-b-khodad-recruitment-2026--4863","https://www.searchsarkarinaukri.com/districts/khodad","404","All government jobs in khodad",""
"https://www.searchsarkarinaukri.com/jobs/ncra-driver-b-khodad-recruitment-2026--4863","https://www.searchsarkarinaukri.com/jobs-in-khodad","404","khodad sarkari naukri",""
"https://www.searchsarkarinaukri.com/jobs/ncra-security-guard-recruitment-2026--4864","https://www.searchsarkarinaukri.com/districts/khodad","404","All government jobs in khodad",""
"https://www.searchsarkarinaukri.com/jobs/ncra-security-guard-recruitment-2026--4864","https://www.searchsarkarinaukri.com/jobs-in-khodad","404","khodad sarkari naukri",""
"https://www.searchsarkarinaukri.com/jobs/ncra-clerk-a-khodad-recruitment-2026--4862","https://www.searchsarkarinaukri.com/districts/khodad","404","All government jobs in khodad",""
"https://www.searchsarkarinaukri.com/jobs/ncra-clerk-a-khodad-recruitment-2026--4862","https://www.searchsarkarinaukri.com/jobs-in-khodad","404","khodad sarkari naukri",""
"https://www.searchsarkarinaukri.com/jobs/nfsu-research-assistant-recruitment-2026--4865","https://www.searchsarkarinaukri.com/districts/rohini","404","All government jobs in rohini",""
"https://www.searchsarkarinaukri.com/jobs/nfsu-research-assistant-recruitment-2026--4865","https://www.searchsarkarinaukri.com/jobs-in-rohini","404","rohini sarkari naukri",""
"https://www.searchsarkarinaukri.com/jobs/ncra-driver-b-pune-recruitment-2026--4860","https://www.searchsarkarinaukri.com/jobs/NCRA%20Driver-B%20Pune%20Recruitment%202026%20%E2%80%93%20Apply%20Online","410","Apply Online","nofollow noopener"
"https://www.searchsarkarinaukri.com/jobs/ncra-laboratory-assistant-b-electronics-recruitment-2026--4861","https://www.searchsarkarinaukri.com/districts/khodad","404","All government jobs in khodad",""
"https://www.searchsarkarinaukri.com/jobs/ncra-laboratory-assistant-b-electronics-recruitment-2026--4861","https://www.searchsarkarinaukri.com/jobs-in-khodad","404","khodad sarkari naukri",""
"https://www.searchsarkarinaukri.com/jobs/ncra-administrative-trainee-recruitment-2026--4854","https://www.searchsarkarinaukri.com/districts/pune-/-khodad","404","All government jobs in pune / khodad",""
"https://www.searchsarkarinaukri.com/jobs/ncra-administrative-trainee-recruitment-2026--4854","https://www.searchsarkarinaukri.com/jobs-in-pune-/-khodad","404","pune / khodad sarkari naukri",""
"https://www.searchsarkarinaukri.com/jobs/ncra-engineer-trainee-servo-recruitment-2026--4852","https://www.searchsarkarinaukri.com/districts/khodad","404","All government jobs in khodad",""
"https://www.searchsarkarinaukri.com/jobs/ncra-engineer-trainee-servo-recruitment-2026--4852","https://www.searchsarkarinaukri.com/jobs-in-khodad","404","khodad sarkari naukri",""
"https://www.searchsarkarinaukri.com/jobs/konkan-railway-assistant-mechanical-engineer-recruitment-2026--4846","https://www.searchsarkarinaukri.com/districts/navi-mumbai","404","All government jobs in navi mumbai",""
"https://www.searchsarkarinaukri.com/jobs/konkan-railway-assistant-mechanical-engineer-recruitment-2026--4846","https://www.searchsarkarinaukri.com/jobs-in-navi-mumbai","404","navi mumbai sarkari naukri",""
"https://www.searchsarkarinaukri.com/jobs/konkan-railway-assistant-signal-telecom-engineer-recruitment-2026--4845","https://www.searchsarkarinaukri.com/districts/navi-mumbai","404","All government jobs in navi mumbai",""
"https://www.searchsarkarinaukri.com/jobs/konkan-railway-assistant-signal-telecom-engineer-recruitment-2026--4845","https://www.searchsarkarinaukri.com/jobs-in-navi-mumbai","404","navi mumbai sarkari naukri",""
"https://www.searchsarkarinaukri.com/jobs/konkan-railway-assistant-engineer-civil-recruitment-2026--4844","https://www.searchsarkarinaukri.com/districts/navi-mumbai","404","All government jobs in navi mumbai",""
"https://www.searchsarkarinaukri.com/jobs/konkan-railway-assistant-engineer-civil-recruitment-2026--4844","https://www.searchsarkarinaukri.com/jobs-in-navi-mumbai","404","navi mumbai sarkari naukri",""
"https://www.searchsarkarinaukri.com/jobs/sindhudurg-dcc-bank-peon-recruitment-2026--4843","https://www.searchsarkarinaukri.com/jobs-in-sindhudurg","404","sindhudurg sarkari naukri",""
"https://www.searchsarkarinaukri.com/jobs/sindhudurg-district-central-co-op-bank-sindhudurg-district-central-co-op-bank-2026--4838","https://www.searchsarkarinaukri.com/jobs-in-sindhudurg","404","sindhudurg sarkari naukri",""
"https://www.searchsarkarinaukri.com/jobs/sgbau-amravati-sgbau-amravati-2026--4840","https://www.searchsarkarinaukri.com/jobs-in-amravati","404","amravati sarkari naukri",""
"https://www.searchsarkarinaukri.com/jobs/kvs-wardha-kvs-wardha-2026--4828","https://www.searchsarkarinaukri.com/jobs-in-wardha","404","wardha sarkari naukri",""
"https://www.searchsarkarinaukri.com/jobs/echs-medical-officer-recruitment-2026--4822","https://www.searchsarkarinaukri.com/districts/khadki","404","All government jobs in khadki",""
"https://www.searchsarkarinaukri.com/jobs/echs-medical-officer-recruitment-2026--4822","https://www.searchsarkarinaukri.com/jobs-in-khadki","404","khadki sarkari naukri",""
"https://www.searchsarkarinaukri.com/jobs/echs-gynaecologist-recruitment-2026--4823","https://www.searchsarkarinaukri.com/districts/khadki","404","All government jobs in khadki",""
"https://www.searchsarkarinaukri.com/jobs/echs-gynaecologist-recruitment-2026--4823","https://www.searchsarkarinaukri.com/jobs-in-khadki","404","khadki sarkari naukri",""
"https://www.searchsarkarinaukri.com/jobs/high-explosives-factory-khadki-tenure-based-cpw-recruitment-2026--4825","https://www.searchsarkarinaukri.com/districts/khadki","404","All government jobs in khadki",""
"https://www.searchsarkarinaukri.com/jobs/high-explosives-factory-khadki-tenure-based-cpw-recruitment-2026--4825","https://www.searchsarkarinaukri.com/jobs-in-khadki","404","khadki sarkari naukri",""
"https://www.searchsarkarinaukri.com/jobs/dr-s-c-g-m-c-nanded-medical-officer-recruitment-2026-apply-offline--4824","https://www.searchsarkarinaukri.com/jobs-in-nanded","404","nanded sarkari naukri",""
"https://www.searchsarkarinaukri.com/jobs/cci-analyst-finance-and-accounts-recruitment-2026--4821","https://www.searchsarkarinaukri.com/districts/various-locations","404","All government jobs in various locations",""
"https://www.searchsarkarinaukri.com/jobs/cci-analyst-finance-and-accounts-recruitment-2026--4821","https://www.searchsarkarinaukri.com/jobs-in-various-locations","404","various locations sarkari naukri",""
"https://www.searchsarkarinaukri.com/jobs/cci-officer-marketing-recruitment-2026--4819","https://www.searchsarkarinaukri.com/districts/various-locations","404","All government jobs in various locations",""
"https://www.searchsarkarinaukri.com/jobs/cci-officer-marketing-recruitment-2026--4819","https://www.searchsarkarinaukri.com/jobs-in-various-locations","404","various locations sarkari naukri",""
"https://www.searchsarkarinaukri.com/jobs/cci-officer-material-management-recruitment-2026--4818","https://www.searchsarkarinaukri.com/districts/various-locations","404","All government jobs in various locations",""
"https://www.searchsarkarinaukri.com/jobs/cci-officer-material-management-recruitment-2026--4818","https://www.searchsarkarinaukri.com/jobs-in-various-locations","404","various locations sarkari naukri",""
"https://www.searchsarkarinaukri.com/jobs/cci-officer-legal-recruitment-2026--4820","https://www.searchsarkarinaukri.com/districts/various-locations","404","All government jobs in various locations",""
"https://www.searchsarkarinaukri.com/jobs/cci-officer-legal-recruitment-2026--4820","https://www.searchsarkarinaukri.com/jobs-in-various-locations","404","various locations sarkari naukri",""
"https://www.searchsarkarinaukri.com/jobs/cci-engineer-mechanical-recruitment-2026--4815","https://www.searchsarkarinaukri.com/districts/various-locations","404","All government jobs in various locations",""
"https://www.searchsarkarinaukri.com/jobs/cci-engineer-mechanical-recruitment-2026--4815","https://www.searchsarkarinaukri.com/jobs-in-various-locations","404","various locations sarkari naukri",""
"https://www.searchsarkarinaukri.com/jobs/cci-engineer-mining-recruitment-2026--4816","https://www.searchsarkarinaukri.com/districts/various-locations","404","All government jobs in various locations",""
"https://www.searchsarkarinaukri.com/jobs/cci-engineer-mining-recruitment-2026--4816","https://www.searchsarkarinaukri.com/jobs-in-various-locations","404","various locations sarkari naukri",""
"https://www.searchsarkarinaukri.com/jobs/cci-engineer-production-recruitment-2026--4814","https://www.searchsarkarinaukri.com/districts/various-locations","404","All government jobs in various locations",""
"https://www.searchsarkarinaukri.com/jobs/cci-engineer-production-recruitment-2026--4814","https://www.searchsarkarinaukri.com/jobs-in-various-locations","404","various locations sarkari naukri",""
"https://www.searchsarkarinaukri.com/jobs/cci-engineer-electrical-recruitment-2026--4817","https://www.searchsarkarinaukri.com/districts/various-locations","404","All government jobs in various locations",""
"https://www.searchsarkarinaukri.com/jobs/cci-engineer-electrical-recruitment-2026--4817","https://www.searchsarkarinaukri.com/jobs-in-various-locations","404","various locations sarkari naukri",""
"https://www.searchsarkarinaukri.com/jobs/beml-diploma-apprentice-recruitment-2026--4811","https://www.searchsarkarinaukri.com/districts/bangalore","404","All government jobs in bangalore",""
"https://www.searchsarkarinaukri.com/jobs/beml-iti-trade-apprentice-recruitment-2026--4812","https://www.searchsarkarinaukri.com/districts/bangalore","404","All government jobs in bangalore",""
"https://www.searchsarkarinaukri.com/jobs/beml-graduate-general-apprentice-recruitment-2026--4810","https://www.searchsarkarinaukri.com/districts/bangalore","404","All government jobs in bangalore",""
"https://www.searchsarkarinaukri.com/jobs/rrc-ncr-act-apprentice-recruitment-2026--4813","https://www.searchsarkarinaukri.com/districts/prayagraj","404","All government jobs in prayagraj",""
"https://www.searchsarkarinaukri.com/jobs/rrc-ncr-act-apprentice-recruitment-2026--4813","https://www.searchsarkarinaukri.com/jobs-in-prayagraj","404","prayagraj sarkari naukri",""
"https://www.searchsarkarinaukri.com/jobs/bpsc-higher-secondary-teacher-recruitment-2026--4805","https://www.searchsarkarinaukri.com/districts/bihar","404","All government jobs in bihar",""
"https://www.searchsarkarinaukri.com/jobs/beml-graduate-technical-apprentice-recruitment-2026--4809","https://www.searchsarkarinaukri.com/districts/bangalore","404","All government jobs in bangalore",""
"https://www.searchsarkarinaukri.com/jobs/bpsc-secondary-teacher-recruitment-2026--4804","https://www.searchsarkarinaukri.com/districts/bihar","404","All government jobs in bihar",""
"https://www.searchsarkarinaukri.com/jobs/aiims-kalyani-project-research-scientist-i-recruitment-2026--4801","https://www.searchsarkarinaukri.com/districts/kalyani","404","All government jobs in kalyani",""
"https://www.searchsarkarinaukri.com/jobs/aiims-kalyani-project-research-scientist-i-recruitment-2026--4801","https://www.searchsarkarinaukri.com/jobs-in-kalyani","404","kalyani sarkari naukri",""
"https://www.searchsarkarinaukri.com/jobs/bpsc-middle-school-teacher-recruitment-2026--4803","https://www.searchsarkarinaukri.com/districts/bihar","404","All government jobs in bihar",""
"https://www.searchsarkarinaukri.com/jobs/bpsc-primary-teacher-recruitment-2026--4802","https://www.searchsarkarinaukri.com/districts/bihar","404","All government jobs in bihar",""
"https://www.searchsarkarinaukri.com/jobs/zilla-parishad-yavatmal-zilla-parishad-yavatmal-2026--4789","https://www.searchsarkarinaukri.com/jobs-in-yavatmal","404","yavatmal sarkari naukri",""
"https://www.searchsarkarinaukri.com/jobs/sgbau-amravati-sgbau-amravati-2026--4786","https://www.searchsarkarinaukri.com/jobs-in-amravati","404","amravati sarkari naukri",""
"https://www.searchsarkarinaukri.com/jobs/umed-msrlm-gadchiroli-umed-msrlm-gadchiroli-2026--4784","https://www.searchsarkarinaukri.com/jobs-in-gadchiroli","404","gadchiroli sarkari naukri",""
"https://www.searchsarkarinaukri.com/jobs/maha-sacs-nanded-maha-sacs-nanded-2026--4781","https://www.searchsarkarinaukri.com/jobs-in-nanded","404","nanded sarkari naukri",""
"https://www.searchsarkarinaukri.com/jobs/gmc-latur-gmc-latur-2026--4778","https://www.searchsarkarinaukri.com/jobs-in-latur","404","latur sarkari naukri",""
"https://www.searchsarkarinaukri.com/jobs/high-court-of-judicature-at-bombay-bench-at-aurangabad-high-court-of-judicature-at-bombay-2026--4772","https://www.searchsarkarinaukri.com/jobs-in-chhatrapati-sambhajinagar","404","chhatrapati sambhajinagar sarkari naukri",""
"https://www.searchsarkarinaukri.com/jobs/collector-office-dhule-jilhadhikari-karyalaya-dhule-collector-office-dhule-jilhadhikari-karyalaya-dh--4774","https://www.searchsarkarinaukri.com/jobs-in-dhule","404","dhule sarkari naukri",""
"https://www.searchsarkarinaukri.com/jobs/maharashtra-state-rural-livelihoods-mission-umed-gadchiroli-maharashtra-state-rural-livelihoods-miss--4768","https://www.searchsarkarinaukri.com/jobs-in-gadchiroli","404","gadchiroli sarkari naukri",""
"https://www.searchsarkarinaukri.com/jobs/vilasrao-deshmukh-government-medical-college-and-hospital-latur-vilasrao-deshmukh-government-medical--4765","https://www.searchsarkarinaukri.com/jobs-in-latur","404","latur sarkari naukri",""
"https://www.searchsarkarinaukri.com/jobs/maharashtra-state-aids-control-society-job-opening-at-maharashtra-state-aids-2026--4770","https://www.searchsarkarinaukri.com/jobs-in-nanded","404","nanded sarkari naukri",""
"https://www.searchsarkarinaukri.com/jobs/zilla-parishad-yavatmal-zilla-parishad-yavatmal-invites-applications-for-2026--4767","https://www.searchsarkarinaukri.com/jobs-in-yavatmal","404","yavatmal sarkari naukri",""
"https://www.searchsarkarinaukri.com/jobs/csir-technician-recruitment-2026--4762","https://www.searchsarkarinaukri.com/districts/delhi-ncr","404","All government jobs in delhi ncr",""
"https://www.searchsarkarinaukri.com/jobs/csir-technician-recruitment-2026--4762","https://www.searchsarkarinaukri.com/jobs-in-delhi-ncr","404","delhi ncr sarkari naukri",""
"https://www.searchsarkarinaukri.com/jobs/bhel-trichy-trade-apprentice-motor-mechanic-recruitment-2026--4752","https://www.searchsarkarinaukri.com/districts/bhel-tiruchirappalli","404","All government jobs in bhel tiruchirappalli",""
"https://www.searchsarkarinaukri.com/jobs/bhel-trichy-trade-apprentice-motor-mechanic-recruitment-2026--4752","https://www.searchsarkarinaukri.com/jobs-in-bhel-tiruchirappalli","404","bhel tiruchirappalli sarkari naukri",""
"https://www.searchsarkarinaukri.com/jobs/bhel-trichy-trade-apprentice-copa-recruitment-2026--4754","https://www.searchsarkarinaukri.com/districts/bhel-tiruchirappalli","404","All government jobs in bhel tiruchirappalli",""
"https://www.searchsarkarinaukri.com/jobs/bhel-trichy-trade-apprentice-copa-recruitment-2026--4754","https://www.searchsarkarinaukri.com/jobs-in-bhel-tiruchirappalli","404","bhel tiruchirappalli sarkari naukri",""
"https://www.searchsarkarinaukri.com/jobs/bhel-trichy-trade-apprentice-mechanic-r-ac-recruitment-2026--4753","https://www.searchsarkarinaukri.com/districts/bhel-tiruchirappalli","404","All government jobs in bhel tiruchirappalli",""
"https://www.searchsarkarinaukri.com/jobs/bhel-trichy-trade-apprentice-mechanic-r-ac-recruitment-2026--4753","https://www.searchsarkarinaukri.com/jobs-in-bhel-tiruchirappalli","404","bhel tiruchirappalli sarkari naukri",""
"https://www.searchsarkarinaukri.com/jobs/bhel-trichy-trade-apprentice-instrument-mechanic-recruitment-2026--4751","https://www.searchsarkarinaukri.com/districts/bhel-tiruchirappalli","404","All government jobs in bhel tiruchirappalli",""
"https://www.searchsarkarinaukri.com/jobs/bhel-trichy-trade-apprentice-instrument-mechanic-recruitment-2026--4751","https://www.searchsarkarinaukri.com/jobs-in-bhel-tiruchirappalli","404","bhel tiruchirappalli sarkari naukri",""
"https://www.searchsarkarinaukri.com/jobs/bhel-trichy-trade-apprentice-turner-recruitment-2026--4749","https://www.searchsarkarinaukri.com/districts/bhel-tiruchirappalli","404","All government jobs in bhel tiruchirappalli",""
"https://www.searchsarkarinaukri.com/jobs/bhel-trichy-trade-apprentice-turner-recruitment-2026--4749","https://www.searchsarkarinaukri.com/jobs-in-bhel-tiruchirappalli","404","bhel tiruchirappalli sarkari naukri",""
"https://www.searchsarkarinaukri.com/jobs/bhel-trichy-trade-apprentice-electrician-recruitment-2026--4748","https://www.searchsarkarinaukri.com/districts/bhel-tiruchirappalli","404","All government jobs in bhel tiruchirappalli",""
"https://www.searchsarkarinaukri.com/jobs/bhel-trichy-trade-apprentice-electrician-recruitment-2026--4748","https://www.searchsarkarinaukri.com/jobs-in-bhel-tiruchirappalli","404","bhel tiruchirappalli sarkari naukri",""
"https://www.searchsarkarinaukri.com/jobs/bhel-trichy-trade-apprentice-machinist-recruitment-2026--4750","https://www.searchsarkarinaukri.com/districts/bhel-tiruchirappalli","404","All government jobs in bhel tiruchirappalli",""
"https://www.searchsarkarinaukri.com/jobs/bhel-trichy-trade-apprentice-machinist-recruitment-2026--4750","https://www.searchsarkarinaukri.com/jobs-in-bhel-tiruchirappalli","404","bhel tiruchirappalli sarkari naukri",""
"https://www.searchsarkarinaukri.com/jobs/bhel-trichy-trade-apprentice-welder-recruitment-2026--4747","https://www.searchsarkarinaukri.com/districts/bhel-tiruchirappalli","404","All government jobs in bhel tiruchirappalli",""
"https://www.searchsarkarinaukri.com/jobs/bhel-trichy-trade-apprentice-welder-recruitment-2026--4747","https://www.searchsarkarinaukri.com/jobs-in-bhel-tiruchirappalli","404","bhel tiruchirappalli sarkari naukri",""
"https://www.searchsarkarinaukri.com/jobs/bhel-trichy-technician-apprentice-electronics-communication-engineering-recruitment-2026--4744","https://www.searchsarkarinaukri.com/districts/bhel-tiruchirappalli","404","All government jobs in bhel tiruchirappalli",""
"https://www.searchsarkarinaukri.com/jobs/bhel-trichy-technician-apprentice-electronics-communication-engineering-recruitment-2026--4744","https://www.searchsarkarinaukri.com/jobs-in-bhel-tiruchirappalli","404","bhel tiruchirappalli sarkari naukri",""
"https://www.searchsarkarinaukri.com/jobs/bhel-trichy-trade-apprentice-fitter-recruitment-2026--4746","https://www.searchsarkarinaukri.com/districts/bhel-tiruchirappalli","404","All government jobs in bhel tiruchirappalli",""
"https://www.searchsarkarinaukri.com/jobs/bhel-trichy-trade-apprentice-fitter-recruitment-2026--4746","https://www.searchsarkarinaukri.com/jobs-in-bhel-tiruchirappalli","404","bhel tiruchirappalli sarkari naukri",""
"https://www.searchsarkarinaukri.com/jobs/bhel-trichy-technician-apprentice-electrical-electronics-engineering-recruitment-2026--4745","https://www.searchsarkarinaukri.com/districts/bhel-tiruchirappalli","404","All government jobs in bhel tiruchirappalli",""
"https://www.searchsarkarinaukri.com/jobs/bhel-trichy-technician-apprentice-electrical-electronics-engineering-recruitment-2026--4745","https://www.searchsarkarinaukri.com/jobs-in-bhel-tiruchirappalli","404","bhel tiruchirappalli sarkari naukri",""
"https://www.searchsarkarinaukri.com/jobs/bhel-trichy-technician-apprentice-mechanical-engineering-recruitment-2026--4741","https://www.searchsarkarinaukri.com/districts/bhel-tiruchirappalli","404","All government jobs in bhel tiruchirappalli",""
"https://www.searchsarkarinaukri.com/jobs/bhel-trichy-technician-apprentice-mechanical-engineering-recruitment-2026--4741","https://www.searchsarkarinaukri.com/jobs-in-bhel-tiruchirappalli","404","bhel tiruchirappalli sarkari naukri",""
"https://www.searchsarkarinaukri.com/jobs/bhel-trichy-technician-apprentice-civil-engineering-recruitment-2026--4743","https://www.searchsarkarinaukri.com/districts/bhel-tiruchirappalli","404","All government jobs in bhel tiruchirappalli",""
"https://www.searchsarkarinaukri.com/jobs/bhel-trichy-technician-apprentice-civil-engineering-recruitment-2026--4743","https://www.searchsarkarinaukri.com/jobs-in-bhel-tiruchirappalli","404","bhel tiruchirappalli sarkari naukri",""
"https://www.searchsarkarinaukri.com/jobs/bhel-trichy-graduate-apprentice-assistant-hr-recruitment-2026--4740","https://www.searchsarkarinaukri.com/districts/bhel-tiruchirappalli","404","All government jobs in bhel tiruchirappalli",""
"https://www.searchsarkarinaukri.com/jobs/bhel-trichy-graduate-apprentice-assistant-hr-recruitment-2026--4740","https://www.searchsarkarinaukri.com/jobs-in-bhel-tiruchirappalli","404","bhel tiruchirappalli sarkari naukri",""
"https://www.searchsarkarinaukri.com/jobs/bhel-trichy-technician-apprentice-computer-engineering-recruitment-2026--4742","https://www.searchsarkarinaukri.com/districts/bhel-tiruchirappalli","404","All government jobs in bhel tiruchirappalli",""
"https://www.searchsarkarinaukri.com/jobs/bhel-trichy-technician-apprentice-computer-engineering-recruitment-2026--4742","https://www.searchsarkarinaukri.com/jobs-in-bhel-tiruchirappalli","404","bhel tiruchirappalli sarkari naukri",""
"https://www.searchsarkarinaukri.com/jobs/bhel-trichy-graduate-apprentice-accountant-recruitment-2026--4739","https://www.searchsarkarinaukri.com/districts/bhel-tiruchirappalli","404","All government jobs in bhel tiruchirappalli",""
"https://www.searchsarkarinaukri.com/jobs/bhel-trichy-graduate-apprentice-accountant-recruitment-2026--4739","https://www.searchsarkarinaukri.com/jobs-in-bhel-tiruchirappalli","404","bhel tiruchirappalli sarkari naukri",""
"https://www.searchsarkarinaukri.com/jobs/bhel-trichy-graduate-apprentice-electronics-communication-engineering-recruitment-2026--4737","https://www.searchsarkarinaukri.com/districts/bhel-tiruchirappalli","404","All government jobs in bhel tiruchirappalli",""
"https://www.searchsarkarinaukri.com/jobs/bhel-trichy-graduate-apprentice-electronics-communication-engineering-recruitment-2026--4737","https://www.searchsarkarinaukri.com/jobs-in-bhel-tiruchirappalli","404","bhel tiruchirappalli sarkari naukri",""
"https://www.searchsarkarinaukri.com/jobs/bhel-trichy-graduate-apprentice-electrical-electronics-engineering-recruitment-2026--4738","https://www.searchsarkarinaukri.com/districts/bhel-tiruchirappalli","404","All government jobs in bhel tiruchirappalli",""
"https://www.searchsarkarinaukri.com/jobs/bhel-trichy-graduate-apprentice-electrical-electronics-engineering-recruitment-2026--4738","https://www.searchsarkarinaukri.com/jobs-in-bhel-tiruchirappalli","404","bhel tiruchirappalli sarkari naukri",""
"https://www.searchsarkarinaukri.com/jobs/bhel-trichy-graduate-apprentice-computer-science-engineering-recruitment-2026--4736","https://www.searchsarkarinaukri.com/districts/bhel-tiruchirappalli","404","All government jobs in bhel tiruchirappalli",""
"https://www.searchsarkarinaukri.com/jobs/bhel-trichy-graduate-apprentice-computer-science-engineering-recruitment-2026--4736","https://www.searchsarkarinaukri.com/jobs-in-bhel-tiruchirappalli","404","bhel tiruchirappalli sarkari naukri",""
"https://www.searchsarkarinaukri.com/jobs/bhel-trichy-graduate-apprentice-mechanical-engineering-recruitment-2026--4734","https://www.searchsarkarinaukri.com/districts/bhel-tiruchirappalli","404","All government jobs in bhel tiruchirappalli",""
"https://www.searchsarkarinaukri.com/jobs/bhel-trichy-graduate-apprentice-mechanical-engineering-recruitment-2026--4734","https://www.searchsarkarinaukri.com/jobs-in-bhel-tiruchirappalli","404","bhel tiruchirappalli sarkari naukri",""
"https://www.searchsarkarinaukri.com/jobs/bhel-trichy-graduate-apprentice-civil-engineering-recruitment-2026--4735","https://www.searchsarkarinaukri.com/districts/bhel-tiruchirappalli","404","All government jobs in bhel tiruchirappalli",""
"https://www.searchsarkarinaukri.com/jobs/bhel-trichy-graduate-apprentice-civil-engineering-recruitment-2026--4735","https://www.searchsarkarinaukri.com/jobs-in-bhel-tiruchirappalli","404","bhel tiruchirappalli sarkari naukri",""
"https://www.searchsarkarinaukri.com/jobs/hal-nasik-bba-graduate-apprentice-recruitment-2026--4711","https://www.searchsarkarinaukri.com/districts/hal-aircraft-division","404","All government jobs in hal aircraft division",""
"https://www.searchsarkarinaukri.com/jobs/hal-nasik-bba-graduate-apprentice-recruitment-2026--4711","https://www.searchsarkarinaukri.com/jobs-in-hal-aircraft-division","404","hal aircraft division sarkari naukri",""
"https://www.searchsarkarinaukri.com/jobs/hal-nasik-b-sc-graduate-apprentice-recruitment-2026--4710","https://www.searchsarkarinaukri.com/districts/hal-aircraft-division","404","All government jobs in hal aircraft division",""
"https://www.searchsarkarinaukri.com/jobs/hal-nasik-b-sc-graduate-apprentice-recruitment-2026--4710","https://www.searchsarkarinaukri.com/jobs-in-hal-aircraft-division","404","hal aircraft division sarkari naukri",""
"https://www.searchsarkarinaukri.com/jobs/hal-nasik-ba-graduate-apprentice-recruitment-2026--4708","https://www.searchsarkarinaukri.com/districts/hal-aircraft-division","404","All government jobs in hal aircraft division",""
"https://www.searchsarkarinaukri.com/jobs/hal-nasik-ba-graduate-apprentice-recruitment-2026--4708","https://www.searchsarkarinaukri.com/jobs-in-hal-aircraft-division","404","hal aircraft division sarkari naukri",""
"https://www.searchsarkarinaukri.com/jobs/hal-nasik-medical-lab-technician-diploma-apprentice-recruitment-2026--4707","https://www.searchsarkarinaukri.com/districts/hal-aircraft-division","404","All government jobs in hal aircraft division",""
"https://www.searchsarkarinaukri.com/jobs/hal-nasik-medical-lab-technician-diploma-apprentice-recruitment-2026--4707","https://www.searchsarkarinaukri.com/jobs-in-hal-aircraft-division","404","hal aircraft division sarkari naukri",""
"https://www.searchsarkarinaukri.com/jobs/hal-nasik-mechanical-engineering-diploma-apprentice-recruitment-2026--4706","https://www.searchsarkarinaukri.com/districts/hal-aircraft-division","404","All government jobs in hal aircraft division",""
"https://www.searchsarkarinaukri.com/jobs/hal-nasik-mechanical-engineering-diploma-apprentice-recruitment-2026--4706","https://www.searchsarkarinaukri.com/jobs-in-hal-aircraft-division","404","hal aircraft division sarkari naukri",""
"https://www.searchsarkarinaukri.com/jobs/hal-nasik-b-com-graduate-apprentice-recruitment-2026--4709","https://www.searchsarkarinaukri.com/districts/hal-aircraft-division","404","All government jobs in hal aircraft division",""
"https://www.searchsarkarinaukri.com/jobs/hal-nasik-b-com-graduate-apprentice-recruitment-2026--4709","https://www.searchsarkarinaukri.com/jobs-in-hal-aircraft-division","404","hal aircraft division sarkari naukri",""
"https://www.searchsarkarinaukri.com/jobs/hal-nasik-electrical-engineering-diploma-apprentice-recruitment-2026--4704","https://www.searchsarkarinaukri.com/districts/hal-aircraft-division","404","All government jobs in hal aircraft division",""
"https://www.searchsarkarinaukri.com/jobs/hal-nasik-electrical-engineering-diploma-apprentice-recruitment-2026--4704","https://www.searchsarkarinaukri.com/jobs-in-hal-aircraft-division","404","hal aircraft division sarkari naukri",""
"https://www.searchsarkarinaukri.com/jobs/hal-nasik-computer-engineering-it-diploma-apprentice-recruitment-2026--4703","https://www.searchsarkarinaukri.com/districts/hal-aircraft-division","404","All government jobs in hal aircraft division",""
"https://www.searchsarkarinaukri.com/jobs/hal-nasik-computer-engineering-it-diploma-apprentice-recruitment-2026--4703","https://www.searchsarkarinaukri.com/jobs-in-hal-aircraft-division","404","hal aircraft division sarkari naukri",""
"https://www.searchsarkarinaukri.com/jobs/hal-nasik-civil-engineering-diploma-apprentice-recruitment-2026--4702","https://www.searchsarkarinaukri.com/districts/hal-aircraft-division","404","All government jobs in hal aircraft division",""
"https://www.searchsarkarinaukri.com/jobs/hal-nasik-civil-engineering-diploma-apprentice-recruitment-2026--4702","https://www.searchsarkarinaukri.com/jobs-in-hal-aircraft-division","404","hal aircraft division sarkari naukri",""
"https://www.searchsarkarinaukri.com/jobs/hal-nasik-electronics-ece-eee-diploma-apprentice-recruitment-2026--4705","https://www.searchsarkarinaukri.com/districts/hal-aircraft-division","404","All government jobs in hal aircraft division",""
"https://www.searchsarkarinaukri.com/jobs/hal-nasik-electronics-ece-eee-diploma-apprentice-recruitment-2026--4705","https://www.searchsarkarinaukri.com/jobs-in-hal-aircraft-division","404","hal aircraft division sarkari naukri",""
"https://www.searchsarkarinaukri.com/jobs/hal-nasik-pharmacist-graduate-apprentice-recruitment-2026--4700","https://www.searchsarkarinaukri.com/districts/al-aircraft-division","404","All government jobs in al aircraft division",""
"https://www.searchsarkarinaukri.com/jobs/hal-nasik-pharmacist-graduate-apprentice-recruitment-2026--4700","https://www.searchsarkarinaukri.com/jobs-in-al-aircraft-division","404","al aircraft division sarkari naukri",""
"https://www.searchsarkarinaukri.com/jobs/hal-nasik-aeronautical-aerospace-diploma-apprentice-recruitment-2026--4701","https://www.searchsarkarinaukri.com/districts/hal-aircraft-division","404","All government jobs in hal aircraft division",""
"https://www.searchsarkarinaukri.com/jobs/hal-nasik-aeronautical-aerospace-diploma-apprentice-recruitment-2026--4701","https://www.searchsarkarinaukri.com/jobs-in-hal-aircraft-division","404","hal aircraft division sarkari naukri",""
"https://www.searchsarkarinaukri.com/jobs/hal-nasik-chemical-engineering-graduate-apprentice-recruitment-2026--4698","https://www.searchsarkarinaukri.com/districts/hal-aircraft-division","404","All government jobs in hal aircraft division",""
"https://www.searchsarkarinaukri.com/jobs/hal-nasik-chemical-engineering-graduate-apprentice-recruitment-2026--4698","https://www.searchsarkarinaukri.com/jobs-in-hal-aircraft-division","404","hal aircraft division sarkari naukri",""
"https://www.searchsarkarinaukri.com/jobs/hal-nasik-ai-ds-ai-ml-graduate-apprentice-recruitment-2026--4699","https://www.searchsarkarinaukri.com/districts/hal-aircraft-division","404","All government jobs in hal aircraft division",""
"https://www.searchsarkarinaukri.com/jobs/hal-nasik-ai-ds-ai-ml-graduate-apprentice-recruitment-2026--4699","https://www.searchsarkarinaukri.com/jobs-in-hal-aircraft-division","404","hal aircraft division sarkari naukri",""
"https://www.searchsarkarinaukri.com/jobs/hal-nasik-mechanical-engineering-graduate-apprentice-recruitment-2026--4697","https://www.searchsarkarinaukri.com/districts/hal-aircraft-division","404","All government jobs in hal aircraft division",""
"https://www.searchsarkarinaukri.com/jobs/hal-nasik-mechanical-engineering-graduate-apprentice-recruitment-2026--4697","https://www.searchsarkarinaukri.com/jobs-in-hal-aircraft-division","404","hal aircraft division sarkari naukri",""
"https://www.searchsarkarinaukri.com/jobs/hal-nasik-electronics-ece-eee-graduate-apprentice-recruitment-2026--4696","https://www.searchsarkarinaukri.com/districts/hal-aircraft-division","404","All government jobs in hal aircraft division",""
"https://www.searchsarkarinaukri.com/jobs/hal-nasik-electronics-ece-eee-graduate-apprentice-recruitment-2026--4696","https://www.searchsarkarinaukri.com/jobs-in-hal-aircraft-division","404","hal aircraft division sarkari naukri",""
"https://www.searchsarkarinaukri.com/jobs/hal-nasik-civil-engineering-graduate-apprentice-recruitment-2026--4694","https://www.searchsarkarinaukri.com/districts/hal-aircraft-division","404","All government jobs in hal aircraft division",""
"https://www.searchsarkarinaukri.com/jobs/hal-nasik-civil-engineering-graduate-apprentice-recruitment-2026--4694","https://www.searchsarkarinaukri.com/jobs-in-hal-aircraft-division","404","hal aircraft division sarkari naukri",""
"https://www.searchsarkarinaukri.com/jobs/hal-nasik-electrical-engineering-graduate-apprentice-recruitment-2026--4695","https://www.searchsarkarinaukri.com/districts/hal-aircraft-division","404","All government jobs in hal aircraft division",""
"https://www.searchsarkarinaukri.com/jobs/hal-nasik-electrical-engineering-graduate-apprentice-recruitment-2026--4695","https://www.searchsarkarinaukri.com/jobs-in-hal-aircraft-division","404","hal aircraft division sarkari naukri",""
"https://www.searchsarkarinaukri.com/jobs/hal-nasik-aeronautical-aerospace-engineering-graduate-apprentice-recruitment-2026--4692","https://www.searchsarkarinaukri.com/districts/hal-aircraft-division","404","All government jobs in hal aircraft division",""
"https://www.searchsarkarinaukri.com/jobs/hal-nasik-aeronautical-aerospace-engineering-graduate-apprentice-recruitment-2026--4692","https://www.searchsarkarinaukri.com/jobs-in-hal-aircraft-division","404","hal aircraft division sarkari naukri",""
"https://www.searchsarkarinaukri.com/jobs/hal-nasik-copa-apprentice-recruitment-2026--4690","https://www.searchsarkarinaukri.com/districts/hal-aircraft-division","404","All government jobs in hal aircraft division",""
"https://www.searchsarkarinaukri.com/jobs/hal-nasik-copa-apprentice-recruitment-2026--4690","https://www.searchsarkarinaukri.com/jobs-in-hal-aircraft-division","404","hal aircraft division sarkari naukri",""
"https://www.searchsarkarinaukri.com/jobs/hal-nasik-welder-apprentice-recruitment-2026--4691","https://www.searchsarkarinaukri.com/districts/hal-aircraft-division","404","All government jobs in hal aircraft division",""
"https://www.searchsarkarinaukri.com/jobs/hal-nasik-welder-apprentice-recruitment-2026--4691","https://www.searchsarkarinaukri.com/jobs-in-hal-aircraft-division","404","hal aircraft division sarkari naukri",""
"https://www.searchsarkarinaukri.com/jobs/hal-nasik-computer-engineering-it-graduate-apprentice-recruitment-2026--4693","https://www.searchsarkarinaukri.com/districts/hal-aircraft-division","404","All government jobs in hal aircraft division",""
"https://www.searchsarkarinaukri.com/jobs/hal-nasik-computer-engineering-it-graduate-apprentice-recruitment-2026--4693","https://www.searchsarkarinaukri.com/jobs-in-hal-aircraft-division","404","hal aircraft division sarkari naukri",""
"https://www.searchsarkarinaukri.com/jobs/hal-nasik-aerospace-structural-fitter-apprentice-recruitment-2026--4687","https://www.searchsarkarinaukri.com/districts/hal-aircraft-division","404","All government jobs in hal aircraft division",""
"https://www.searchsarkarinaukri.com/jobs/hal-nasik-aerospace-structural-fitter-apprentice-recruitment-2026--4687","https://www.searchsarkarinaukri.com/jobs-in-hal-aircraft-division","404","hal aircraft division sarkari naukri",""
"https://www.searchsarkarinaukri.com/jobs/hal-nasik-sheet-metal-worker-apprentice-recruitment-2026--4689","https://www.searchsarkarinaukri.com/districts/hal-aircraft-division","404","All government jobs in hal aircraft division",""
"https://www.searchsarkarinaukri.com/jobs/hal-nasik-sheet-metal-worker-apprentice-recruitment-2026--4689","https://www.searchsarkarinaukri.com/jobs-in-hal-aircraft-division","404","hal aircraft division sarkari naukri",""
"https://www.searchsarkarinaukri.com/jobs/hal-nasik-painter-general-apprentice-recruitment-2026--4686","https://www.searchsarkarinaukri.com/districts/hal-aircraft-division","404","All government jobs in hal aircraft division",""
"https://www.searchsarkarinaukri.com/jobs/hal-nasik-painter-general-apprentice-recruitment-2026--4686","https://www.searchsarkarinaukri.com/jobs-in-hal-aircraft-division","404","hal aircraft division sarkari naukri",""
"https://www.searchsarkarinaukri.com/jobs/hal-nasik-carpenter-apprentice-recruitment-2026--4688","https://www.searchsarkarinaukri.com/districts/hal-aircraft-division","404","All government jobs in hal aircraft division",""
"https://www.searchsarkarinaukri.com/jobs/hal-nasik-carpenter-apprentice-recruitment-2026--4688","https://www.searchsarkarinaukri.com/jobs-in-hal-aircraft-division","404","hal aircraft division sarkari naukri",""
"https://www.searchsarkarinaukri.com/jobs/hal-nasik-refrigeration-air-conditioning-mechanic-apprentice-recruitment-2026--4685","https://www.searchsarkarinaukri.com/districts/hal-aircraft-division","404","All government jobs in hal aircraft division",""
"https://www.searchsarkarinaukri.com/jobs/hal-nasik-refrigeration-air-conditioning-mechanic-apprentice-recruitment-2026--4685","https://www.searchsarkarinaukri.com/jobs-in-hal-aircraft-division","404","hal aircraft division sarkari naukri",""
"https://www.searchsarkarinaukri.com/jobs/hal-nasik-electronics-mechanic-apprentice-recruitment-2026--4682","https://www.searchsarkarinaukri.com/districts/hal-aircraft-division","404","All government jobs in hal aircraft division",""
"https://www.searchsarkarinaukri.com/jobs/hal-nasik-electronics-mechanic-apprentice-recruitment-2026--4682","https://www.searchsarkarinaukri.com/jobs-in-hal-aircraft-division","404","hal aircraft division sarkari naukri",""
"https://www.searchsarkarinaukri.com/jobs/hal-nasik-draughtsman-mechanical-apprentice-recruitment-2026--4683","https://www.searchsarkarinaukri.com/districts/hal-aircraft-division","404","All government jobs in hal aircraft division",""
"https://www.searchsarkarinaukri.com/jobs/hal-nasik-draughtsman-mechanical-apprentice-recruitment-2026--4683","https://www.searchsarkarinaukri.com/jobs-in-hal-aircraft-division","404","hal aircraft division sarkari naukri",""
"https://www.searchsarkarinaukri.com/jobs/hal-nasik-mechanic-motor-vehicle-apprentice-recruitment-2026--4684","https://www.searchsarkarinaukri.com/districts/hal-aircraft-division","404","All government jobs in hal aircraft division",""
"https://www.searchsarkarinaukri.com/jobs/hal-nasik-mechanic-motor-vehicle-apprentice-recruitment-2026--4684","https://www.searchsarkarinaukri.com/jobs-in-hal-aircraft-division","404","hal aircraft division sarkari naukri",""
"https://www.searchsarkarinaukri.com/jobs/hal-nasik-machinist-grinder-apprentice-recruitment-2026--4680","https://www.searchsarkarinaukri.com/districts/hal-aircraft-division","404","All government jobs in hal aircraft division",""
"https://www.searchsarkarinaukri.com/jobs/hal-nasik-machinist-grinder-apprentice-recruitment-2026--4680","https://www.searchsarkarinaukri.com/jobs-in-hal-aircraft-division","404","hal aircraft division sarkari naukri",""
"https://www.searchsarkarinaukri.com/jobs/hal-nasik-machinist-apprentice-recruitment-2026--4679","https://www.searchsarkarinaukri.com/districts/hal-aircraft-division","404","All government jobs in hal aircraft division",""
"https://www.searchsarkarinaukri.com/jobs/hal-nasik-machinist-apprentice-recruitment-2026--4679","https://www.searchsarkarinaukri.com/jobs-in-hal-aircraft-division","404","hal aircraft division sarkari naukri",""
"https://www.searchsarkarinaukri.com/jobs/hal-nasik-turner-apprentice-recruitment-2026--4678","https://www.searchsarkarinaukri.com/districts/hal-aircraft-division","404","All government jobs in hal aircraft division",""
"https://www.searchsarkarinaukri.com/jobs/hal-nasik-turner-apprentice-recruitment-2026--4678","https://www.searchsarkarinaukri.com/jobs-in-hal-aircraft-division","404","hal aircraft division sarkari naukri",""
"https://www.searchsarkarinaukri.com/jobs/hal-nasik-electrician-apprentice-recruitment-2026--4681","https://www.searchsarkarinaukri.com/districts/hal-aircraft-division","404","All government jobs in hal aircraft division",""
"https://www.searchsarkarinaukri.com/jobs/hal-nasik-electrician-apprentice-recruitment-2026--4681","https://www.searchsarkarinaukri.com/jobs-in-hal-aircraft-division","404","hal aircraft division sarkari naukri",""
"https://www.searchsarkarinaukri.com/jobs/hal-nasik-tool-die-maker-die-mould-apprentice-recruitment-2026--4677","https://www.searchsarkarinaukri.com/districts/hal-aircraft-division","404","All government jobs in hal aircraft division",""
"https://www.searchsarkarinaukri.com/jobs/hal-nasik-tool-die-maker-die-mould-apprentice-recruitment-2026--4677","https://www.searchsarkarinaukri.com/jobs-in-hal-aircraft-division","404","hal aircraft division sarkari naukri",""
"https://www.searchsarkarinaukri.com/jobs/hal-nasik-fitter-apprentice-recruitment-2026--4675","https://www.searchsarkarinaukri.com/districts/hal-aircraft-division","404","All government jobs in hal aircraft division",""
"https://www.searchsarkarinaukri.com/jobs/hal-nasik-fitter-apprentice-recruitment-2026--4675","https://www.searchsarkarinaukri.com/jobs-in-hal-aircraft-division","404","hal aircraft division sarkari naukri",""
"https://www.searchsarkarinaukri.com/jobs/hal-nasik-tool-die-maker-jig-fixture-apprentice-recruitment-2026--4676","https://www.searchsarkarinaukri.com/districts/hal-aircraft-division","404","All government jobs in hal aircraft division",""
"https://www.searchsarkarinaukri.com/jobs/hal-nasik-tool-die-maker-jig-fixture-apprentice-recruitment-2026--4676","https://www.searchsarkarinaukri.com/jobs-in-hal-aircraft-division","404","hal aircraft division sarkari naukri",""
"https://www.searchsarkarinaukri.com/jobs/pachora-peoples-co-op-bank-jalgaon-pachora-peoples-co-op-bank-jalgaon-2026--4670","https://www.searchsarkarinaukri.com/jobs-in-jalgaon","404","jalgaon sarkari naukri",""
"https://www.searchsarkarinaukri.com/jobs/jilhadhikari-karyalay-dhule-jilhadhikari-karyalay-dhule-2026--4668","https://www.searchsarkarinaukri.com/jobs-in-dhule","404","dhule sarkari naukri",""
"https://www.searchsarkarinaukri.com/jobs/gmc-nanded-gmc-nanded-2026--4661","https://www.searchsarkarinaukri.com/jobs-in-nanded","404","nanded sarkari naukri",""
"https://www.searchsarkarinaukri.com/jobs/matsyodari-shikshan-sanstha-jalna-matsyodari-shikshan-sanstha-jalna-2026--4658","https://www.searchsarkarinaukri.com/jobs-in-jalna","404","jalna sarkari naukri",""
"https://www.searchsarkarinaukri.com/jobs/bank-of-baroda-chief-manager-investor-relations-recruitment-2026--4651","https://www.searchsarkarinaukri.com/districts/anywhere-in-india","404","All government jobs in anywhere in india",""
"https://www.searchsarkarinaukri.com/jobs/bank-of-baroda-chief-manager-investor-relations-recruitment-2026--4651","https://www.searchsarkarinaukri.com/jobs-in-anywhere-in-india","404","anywhere in india sarkari naukri",""
"https://www.searchsarkarinaukri.com/jobs/dr-shankarrao-chavan-government-medical-college-nanded-dr-shankarrao-chavan-government-medical-colle--4652","https://www.searchsarkarinaukri.com/jobs-in-nanded","404","nanded sarkari naukri",""
"https://www.searchsarkarinaukri.com/jobs/bank-of-baroda-senior-manager-taxation-recruitment-2026--4649","https://www.searchsarkarinaukri.com/districts/anywhere-in-india","404","All government jobs in anywhere in india",""
"https://www.searchsarkarinaukri.com/jobs/bank-of-baroda-senior-manager-taxation-recruitment-2026--4649","https://www.searchsarkarinaukri.com/jobs-in-anywhere-in-india","404","anywhere in india sarkari naukri",""
"https://www.searchsarkarinaukri.com/jobs/bank-of-baroda-manager-taxation-recruitment-2026--4647","https://www.searchsarkarinaukri.com/districts/anywhere-in-india","404","All government jobs in anywhere in india",""
"https://www.searchsarkarinaukri.com/jobs/bank-of-baroda-manager-taxation-recruitment-2026--4647","https://www.searchsarkarinaukri.com/jobs-in-anywhere-in-india","404","anywhere in india sarkari naukri",""
"https://www.searchsarkarinaukri.com/jobs/bank-of-baroda-manager-accounts-recruitment-2026--4648","https://www.searchsarkarinaukri.com/districts/anywhere-in-india","404","All government jobs in anywhere in india",""
"https://www.searchsarkarinaukri.com/jobs/bank-of-baroda-manager-accounts-recruitment-2026--4648","https://www.searchsarkarinaukri.com/jobs-in-anywhere-in-india","404","anywhere in india sarkari naukri",""
"https://www.searchsarkarinaukri.com/jobs/bank-of-baroda-senior-manager-accounts-recruitment-2026--4650","https://www.searchsarkarinaukri.com/districts/anywhere-in-india","404","All government jobs in anywhere in india",""
"https://www.searchsarkarinaukri.com/jobs/bank-of-baroda-senior-manager-accounts-recruitment-2026--4650","https://www.searchsarkarinaukri.com/jobs-in-anywhere-in-india","404","anywhere in india sarkari naukri",""
"https://www.searchsarkarinaukri.com/jobs/bank-of-baroda-senior-manager-data-scientist-recruitment-2026--4643","https://www.searchsarkarinaukri.com/districts/anywhere-in-india","404","All government jobs in anywhere in india",""
"https://www.searchsarkarinaukri.com/jobs/bank-of-baroda-senior-manager-data-scientist-recruitment-2026--4643","https://www.searchsarkarinaukri.com/jobs-in-anywhere-in-india","404","anywhere in india sarkari naukri",""
"https://www.searchsarkarinaukri.com/jobs/bank-of-baroda-senior-manager-bi-dashboard-development-recruitment-2026--4646","https://www.searchsarkarinaukri.com/districts/anywhere-in-india","404","All government jobs in anywhere in india",""
"https://www.searchsarkarinaukri.com/jobs/bank-of-baroda-senior-manager-bi-dashboard-development-recruitment-2026--4646","https://www.searchsarkarinaukri.com/jobs-in-anywhere-in-india","404","anywhere in india sarkari naukri",""
"https://www.searchsarkarinaukri.com/jobs/bank-of-baroda-senior-manager-data-profiling-recruitment-2026--4644","https://www.searchsarkarinaukri.com/districts/anywhere-in-india","404","All government jobs in anywhere in india",""
"https://www.searchsarkarinaukri.com/jobs/bank-of-baroda-senior-manager-data-profiling-recruitment-2026--4644","https://www.searchsarkarinaukri.com/jobs-in-anywhere-in-india","404","anywhere in india sarkari naukri",""
"https://www.searchsarkarinaukri.com/jobs/bank-of-baroda-senior-manager-dq-analyst-recruitment-2026--4645","https://www.searchsarkarinaukri.com/districts/anywhere-in-india","404","All government jobs in anywhere in india",""
"https://www.searchsarkarinaukri.com/jobs/bank-of-baroda-senior-manager-dq-analyst-recruitment-2026--4645","https://www.searchsarkarinaukri.com/jobs-in-anywhere-in-india","404","anywhere in india sarkari naukri",""
"https://www.searchsarkarinaukri.com/jobs/bank-of-baroda-manager-security-recruitment-2026--4641","https://www.searchsarkarinaukri.com/districts/anywhere-in-india","404","All government jobs in anywhere in india",""
"https://www.searchsarkarinaukri.com/jobs/bank-of-baroda-manager-security-recruitment-2026--4641","https://www.searchsarkarinaukri.com/jobs-in-anywhere-in-india","404","anywhere in india sarkari naukri",""
"https://www.searchsarkarinaukri.com/jobs/bank-of-baroda-chief-manager-data-scientist-recruitment-2026--4642","https://www.searchsarkarinaukri.com/districts/anywhere-in-india","404","All government jobs in anywhere in india",""
"https://www.searchsarkarinaukri.com/jobs/bank-of-baroda-chief-manager-data-scientist-recruitment-2026--4642","https://www.searchsarkarinaukri.com/jobs-in-anywhere-in-india","404","anywhere in india sarkari naukri",""
"https://www.searchsarkarinaukri.com/jobs/bank-of-baroda-manager-information-security-recruitment-2026--4639","https://www.searchsarkarinaukri.com/districts/anywhere-in-india","404","All government jobs in anywhere in india",""
"https://www.searchsarkarinaukri.com/jobs/bank-of-baroda-manager-information-security-recruitment-2026--4639","https://www.searchsarkarinaukri.com/jobs-in-anywhere-in-india","404","anywhere in india sarkari naukri",""
"https://www.searchsarkarinaukri.com/jobs/bank-of-baroda-senior-manager-information-security-recruitment-2026--4640","https://www.searchsarkarinaukri.com/districts/anywhere-in-india","404","All government jobs in anywhere in india",""
"https://www.searchsarkarinaukri.com/jobs/bank-of-baroda-senior-manager-information-security-recruitment-2026--4640","https://www.searchsarkarinaukri.com/jobs-in-anywhere-in-india","404","anywhere in india sarkari naukri",""
"https://www.searchsarkarinaukri.com/jobs/bank-of-baroda-technical-manager-electrical-engineer-recruitment-2026--4637","https://www.searchsarkarinaukri.com/districts/anywhere-in-india","404","All government jobs in anywhere in india",""
"https://www.searchsarkarinaukri.com/jobs/bank-of-baroda-technical-manager-electrical-engineer-recruitment-2026--4637","https://www.searchsarkarinaukri.com/jobs-in-anywhere-in-india","404","anywhere in india sarkari naukri",""
"https://www.searchsarkarinaukri.com/jobs/bank-of-baroda-technical-officer-electrical-engineer-recruitment-2026--4636","https://www.searchsarkarinaukri.com/districts/anywhere-in-india","404","All government jobs in anywhere in india",""
"https://www.searchsarkarinaukri.com/jobs/bank-of-baroda-technical-officer-electrical-engineer-recruitment-2026--4636","https://www.searchsarkarinaukri.com/jobs-in-anywhere-in-india","404","anywhere in india sarkari naukri",""
"https://www.searchsarkarinaukri.com/jobs/bank-of-baroda-technical-senior-manager-electrical-engineer-recruitment-2026--4638","https://www.searchsarkarinaukri.com/districts/anywhere-in-india","404","All government jobs in anywhere in india",""
"https://www.searchsarkarinaukri.com/jobs/bank-of-baroda-technical-senior-manager-electrical-engineer-recruitment-2026--4638","https://www.searchsarkarinaukri.com/jobs-in-anywhere-in-india","404","anywhere in india sarkari naukri",""
"https://www.searchsarkarinaukri.com/jobs/bank-of-baroda-technical-senior-manager-civil-engineer-recruitment-2026--4635","https://www.searchsarkarinaukri.com/districts/anywhere-in-india","404","All government jobs in anywhere in india",""
"https://www.searchsarkarinaukri.com/jobs/bank-of-baroda-technical-senior-manager-civil-engineer-recruitment-2026--4635","https://www.searchsarkarinaukri.com/jobs-in-anywhere-in-india","404","anywhere in india sarkari naukri",""
"https://www.searchsarkarinaukri.com/jobs/bank-of-baroda-senior-manager-digital-product-recruitment-2026--4631","https://www.searchsarkarinaukri.com/districts/anywhere-in-india","404","All government jobs in anywhere in india",""
"https://www.searchsarkarinaukri.com/jobs/bank-of-baroda-senior-manager-digital-product-recruitment-2026--4631","https://www.searchsarkarinaukri.com/jobs-in-anywhere-in-india","404","anywhere in india sarkari naukri",""
"https://www.searchsarkarinaukri.com/jobs/bank-of-baroda-technical-manager-civil-engineer-recruitment-2026--4634","https://www.searchsarkarinaukri.com/districts/anywhere-in-india","404","All government jobs in anywhere in india",""
"https://www.searchsarkarinaukri.com/jobs/bank-of-baroda-technical-manager-civil-engineer-recruitment-2026--4634","https://www.searchsarkarinaukri.com/jobs-in-anywhere-in-india","404","anywhere in india sarkari naukri",""
"https://www.searchsarkarinaukri.com/jobs/bank-of-baroda-technical-officer-civil-engineer-recruitment-2026--4633","https://www.searchsarkarinaukri.com/districts/anywhere-in-india","404","All government jobs in anywhere in india",""
"https://www.searchsarkarinaukri.com/jobs/bank-of-baroda-technical-officer-civil-engineer-recruitment-2026--4633","https://www.searchsarkarinaukri.com/jobs-in-anywhere-in-india","404","anywhere in india sarkari naukri",""
"https://www.searchsarkarinaukri.com/jobs/bank-of-baroda-product-manager-digital-lending-recruitment-2026--4632","https://www.searchsarkarinaukri.com/districts/anywhere-in-india","404","All government jobs in anywhere in india",""
"https://www.searchsarkarinaukri.com/jobs/bank-of-baroda-product-manager-digital-lending-recruitment-2026--4632","https://www.searchsarkarinaukri.com/jobs-in-anywhere-in-india","404","anywhere in india sarkari naukri",""
"https://www.searchsarkarinaukri.com/jobs/sbi-manager-learning-development-recruitment-2026--4627","https://www.searchsarkarinaukri.com/districts/navi-mumbai","404","All government jobs in navi mumbai",""
"https://www.searchsarkarinaukri.com/jobs/sbi-manager-learning-development-recruitment-2026--4627","https://www.searchsarkarinaukri.com/jobs-in-navi-mumbai","404","navi mumbai sarkari naukri",""
"https://www.searchsarkarinaukri.com/jobs/sbi-deputy-chief-technology-officer-enterprise-architecture-recruitment-2026--4628","https://www.searchsarkarinaukri.com/districts/navi-mumbai","404","All government jobs in navi mumbai",""
"https://www.searchsarkarinaukri.com/jobs/sbi-deputy-chief-technology-officer-enterprise-architecture-recruitment-2026--4628","https://www.searchsarkarinaukri.com/jobs-in-navi-mumbai","404","navi mumbai sarkari naukri",""
"https://www.searchsarkarinaukri.com/jobs/bank-of-baroda-manager-digital-product-recruitment-2026--4630","https://www.searchsarkarinaukri.com/districts/anywhere-in-india","404","All government jobs in anywhere in india",""
"https://www.searchsarkarinaukri.com/jobs/bank-of-baroda-manager-digital-product-recruitment-2026--4630","https://www.searchsarkarinaukri.com/jobs-in-anywhere-in-india","404","anywhere in india sarkari naukri",""
"https://www.searchsarkarinaukri.com/jobs/sbi-vice-president-enterprise-technology-architect-recruitment-2026--4629","https://www.searchsarkarinaukri.com/districts/navi-mumbai","404","All government jobs in navi mumbai",""
"https://www.searchsarkarinaukri.com/jobs/sbi-vice-president-enterprise-technology-architect-recruitment-2026--4629","https://www.searchsarkarinaukri.com/jobs-in-navi-mumbai","404","navi mumbai sarkari naukri",""
"https://www.searchsarkarinaukri.com/jobs/sbi-manager-manpower-planning-recruitment-2026--4626","https://www.searchsarkarinaukri.com/districts/navi-mumbai","404","All government jobs in navi mumbai",""
"https://www.searchsarkarinaukri.com/jobs/sbi-manager-manpower-planning-recruitment-2026--4626","https://www.searchsarkarinaukri.com/jobs-in-navi-mumbai","404","navi mumbai sarkari naukri",""
"https://www.searchsarkarinaukri.com/jobs/sbi-deputy-manager-it-security-expert-recruitment-2026--4624","https://www.searchsarkarinaukri.com/districts/mumbai-/-anywhere-in-india","404","All government jobs in mumbai / anywhere in india",""
"https://www.searchsarkarinaukri.com/jobs/sbi-deputy-manager-it-security-expert-recruitment-2026--4624","https://www.searchsarkarinaukri.com/jobs-in-mumbai-/-anywhere-in-india","404","mumbai / anywhere in india sarkari naukri",""
"https://www.searchsarkarinaukri.com/jobs/sbi-deputy-manager-cyber-security-analyst-recruitment-2026--4625","https://www.searchsarkarinaukri.com/districts/mumbai-/-anywhere-in-india","404","All government jobs in mumbai / anywhere in india",""
"https://www.searchsarkarinaukri.com/jobs/sbi-deputy-manager-cyber-security-analyst-recruitment-2026--4625","https://www.searchsarkarinaukri.com/jobs-in-mumbai-/-anywhere-in-india","404","mumbai / anywhere in india sarkari naukri",""
"https://www.searchsarkarinaukri.com/jobs/sbi-deputy-manager-ai-specialist-recruitment-2026--4623","https://www.searchsarkarinaukri.com/districts/mumbai-/-anywhere-in-india","404","All government jobs in mumbai / anywhere in india",""
"https://www.searchsarkarinaukri.com/jobs/sbi-deputy-manager-ai-specialist-recruitment-2026--4623","https://www.searchsarkarinaukri.com/jobs-in-mumbai-/-anywhere-in-india","404","mumbai / anywhere in india sarkari naukri",""
"https://www.searchsarkarinaukri.com/jobs/sbi-deputy-vice-president-cyber-innovation-simulation-lab-recruitment-2026--4620","https://www.searchsarkarinaukri.com/districts/mumbai-/-anywhere-in-india","404","All government jobs in mumbai / anywhere in india",""
"https://www.searchsarkarinaukri.com/jobs/sbi-deputy-vice-president-cyber-innovation-simulation-lab-recruitment-2026--4620","https://www.searchsarkarinaukri.com/jobs-in-mumbai-/-anywhere-in-india","404","mumbai / anywhere in india sarkari naukri",""
"https://www.searchsarkarinaukri.com/jobs/sbi-deputy-vice-president-citizen-centric-initiatives-recruitment-2026--4621","https://www.searchsarkarinaukri.com/districts/mumbai-/-anywhere-in-india","404","All government jobs in mumbai / anywhere in india",""
"https://www.searchsarkarinaukri.com/jobs/sbi-deputy-vice-president-citizen-centric-initiatives-recruitment-2026--4621","https://www.searchsarkarinaukri.com/jobs-in-mumbai-/-anywhere-in-india","404","mumbai / anywhere in india sarkari naukri",""
"https://www.searchsarkarinaukri.com/jobs/sbi-deputy-vice-president-cyber-security-recruitment-2026--4622","https://www.searchsarkarinaukri.com/districts/mumbai-/-anywhere-in-india","404","All government jobs in mumbai / anywhere in india",""
"https://www.searchsarkarinaukri.com/jobs/sbi-deputy-vice-president-cyber-security-recruitment-2026--4622","https://www.searchsarkarinaukri.com/jobs-in-mumbai-/-anywhere-in-india","404","mumbai / anywhere in india sarkari naukri",""
"https://www.searchsarkarinaukri.com/jobs/sbi-junior-associate-customer-support-sales-recruitment-2026--4619","https://www.searchsarkarinaukri.com/districts/across-24-states/uts","404","All government jobs in across 24 states/uts",""
"https://www.searchsarkarinaukri.com/jobs/sbi-junior-associate-customer-support-sales-recruitment-2026--4619","https://www.searchsarkarinaukri.com/jobs-in-across-24-states/uts","404","across 24 states/uts sarkari naukri",""
"https://www.searchsarkarinaukri.com/jobs/hindi-vishwavidyalaya-wardha-hindi-vishwavidyalaya-wardha-2026--4614","https://www.searchsarkarinaukri.com/jobs-in-wardha","404","wardha sarkari naukri",""
"https://www.searchsarkarinaukri.com/jobs/railway-recruitment-board-rrb-recruitment-notification-railway-recruitment-board-rrb-2026--4594","https://www.searchsarkarinaukri.com/jobs-in-all-districts","404","all districts sarkari naukri",""
"https://www.searchsarkarinaukri.com/jobs/government-medical-college-gondia-government-medical-college-gondia-2026--4581","https://www.searchsarkarinaukri.com/jobs-in-gondia","404","gondia sarkari naukri",""
"https://www.searchsarkarinaukri.com/jobs/jnv-nandurbar-jnv-nandurbar-2026--4580","https://www.searchsarkarinaukri.com/jobs-in-nandurbar","404","nandurbar sarkari naukri",""
"https://www.searchsarkarinaukri.com/jobs/government-dental-college-and-hospital-jalgaon-government-dental-college-and-hospital-jalgaon-2026--4579","https://www.searchsarkarinaukri.com/jobs-in-jalgaon","404","jalgaon sarkari naukri",""
"https://www.searchsarkarinaukri.com/jobs/nagar-parishad-morshi-amravati-nagar-parishad-morshi-amravati-2026--4577","https://www.searchsarkarinaukri.com/jobs-in-amravati","404","amravati sarkari naukri",""
"https://www.searchsarkarinaukri.com/jobs/bpcl-technician-electrical-recruitment-2026--4569","https://www.searchsarkarinaukri.com/districts/kochi-refinery","404","All government jobs in kochi refinery",""
"https://www.searchsarkarinaukri.com/jobs/bpcl-technician-electrical-recruitment-2026--4569","https://www.searchsarkarinaukri.com/jobs-in-kochi-refinery","404","kochi refinery sarkari naukri",""
"https://www.searchsarkarinaukri.com/jobs/nabfins-customer-service-officer-recruitment-2026--4570","https://www.searchsarkarinaukri.com/districts/bihar","404","All government jobs in bihar",""
"https://www.searchsarkarinaukri.com/jobs/bpcl-technician-operator-mechanical-recruitment-2026--4568","https://www.searchsarkarinaukri.com/districts/kochi-refinery","404","All government jobs in kochi refinery",""
"https://www.searchsarkarinaukri.com/jobs/bpcl-technician-operator-mechanical-recruitment-2026--4568","https://www.searchsarkarinaukri.com/jobs-in-kochi-refinery","404","kochi refinery sarkari naukri",""
"https://www.searchsarkarinaukri.com/jobs/bpcl-process-technician-chemical-recruitment-2026--4566","https://www.searchsarkarinaukri.com/districts/mumbai-refinery","404","All government jobs in mumbai refinery",""
"https://www.searchsarkarinaukri.com/jobs/bpcl-process-technician-chemical-recruitment-2026--4566","https://www.searchsarkarinaukri.com/jobs-in-mumbai-refinery","404","mumbai refinery sarkari naukri",""
"https://www.searchsarkarinaukri.com/jobs/bpcl-process-operator-operator-chemical-recruitment-2026--4567","https://www.searchsarkarinaukri.com/districts/kochi-refinery","404","All government jobs in kochi refinery",""
"https://www.searchsarkarinaukri.com/jobs/bpcl-process-operator-operator-chemical-recruitment-2026--4567","https://www.searchsarkarinaukri.com/jobs-in-kochi-refinery","404","kochi refinery sarkari naukri",""
"https://www.searchsarkarinaukri.com/jobs/irel-assistant-manager-hrm-recruitment-2026--4563","https://www.searchsarkarinaukri.com/districts/multiple-locations","404","All government jobs in multiple locations",""
"https://www.searchsarkarinaukri.com/jobs/irel-assistant-manager-hrm-recruitment-2026--4563","https://www.searchsarkarinaukri.com/jobs-in-multiple-locations","404","multiple locations sarkari naukri",""
"https://www.searchsarkarinaukri.com/jobs/irel-assistant-manager-rajbhasha-recruitment-2026--4564","https://www.searchsarkarinaukri.com/districts/tamil-nadu-/-kerala","404","All government jobs in tamil nadu / kerala",""
"https://www.searchsarkarinaukri.com/jobs/irel-assistant-manager-rajbhasha-recruitment-2026--4564","https://www.searchsarkarinaukri.com/jobs-in-tamil-nadu-/-kerala","404","tamil nadu / kerala sarkari naukri",""
"https://www.searchsarkarinaukri.com/jobs/irel-deputy-manager-finance-recruitment-2026--4557","https://www.searchsarkarinaukri.com/districts/tamil-nadu-/-andhra-pradesh","404","All government jobs in tamil nadu / andhra pradesh",""
"https://www.searchsarkarinaukri.com/jobs/irel-deputy-manager-finance-recruitment-2026--4557","https://www.searchsarkarinaukri.com/jobs-in-tamil-nadu-/-andhra-pradesh","404","tamil nadu / andhra pradesh sarkari naukri",""
"https://www.searchsarkarinaukri.com/jobs/irel-deputy-manager-sales-recruitment-2026--4560","https://www.searchsarkarinaukri.com/districts/multiple-locations","404","All government jobs in multiple locations",""
"https://www.searchsarkarinaukri.com/jobs/irel-deputy-manager-sales-recruitment-2026--4560","https://www.searchsarkarinaukri.com/jobs-in-multiple-locations","404","multiple locations sarkari naukri",""
"https://www.searchsarkarinaukri.com/jobs/irel-senior-manager-medical-recruitment-2026--4553","https://www.searchsarkarinaukri.com/districts/odisha","404","All government jobs in odisha",""
"https://www.searchsarkarinaukri.com/jobs/irel-chief-manager-finance-recruitment-2026--4555","https://www.searchsarkarinaukri.com/districts/mumbai-/-tamil-nadu-/-kerala","404","All government jobs in mumbai / tamil nadu / kerala",""
"https://www.searchsarkarinaukri.com/jobs/irel-chief-manager-finance-recruitment-2026--4555","https://www.searchsarkarinaukri.com/jobs-in-mumbai-/-tamil-nadu-/-kerala","404","mumbai / tamil nadu / kerala sarkari naukri",""
"https://www.searchsarkarinaukri.com/jobs/irel-manager-legal-recruitment-2026--4550","https://www.searchsarkarinaukri.com/districts/kerala-/-odisha-/-tamil-nadu","404","All government jobs in kerala / odisha / tamil nadu",""
"https://www.searchsarkarinaukri.com/jobs/irel-manager-legal-recruitment-2026--4550","https://www.searchsarkarinaukri.com/jobs-in-kerala-/-odisha-/-tamil-nadu","404","kerala / odisha / tamil nadu sarkari naukri",""
"https://www.searchsarkarinaukri.com/jobs/irel-manager-security-recruitment-2026--4552","https://www.searchsarkarinaukri.com/districts/kerala","404","All government jobs in kerala",""
"https://www.searchsarkarinaukri.com/jobs/irel-senior-manager-security-recruitment-2026--4551","https://www.searchsarkarinaukri.com/districts/odisha","404","All government jobs in odisha",""
"https://www.searchsarkarinaukri.com/jobs/irel-manager-it-recruitment-2026--4546","https://www.searchsarkarinaukri.com/districts/odisha","404","All government jobs in odisha",""
"https://www.searchsarkarinaukri.com/jobs/irel-deputy-manager-geology-recruitment-2026--4548","https://www.searchsarkarinaukri.com/districts/kerala","404","All government jobs in kerala",""
"https://www.searchsarkarinaukri.com/jobs/irel-deputy-manager-it-recruitment-2026--4547","https://www.searchsarkarinaukri.com/districts/kerala-/-andhra-pradesh-/-tamil-nadu","404","All government jobs in kerala / andhra pradesh / tamil nadu",""
"https://www.searchsarkarinaukri.com/jobs/irel-deputy-manager-it-recruitment-2026--4547","https://www.searchsarkarinaukri.com/jobs-in-kerala-/-andhra-pradesh-/-tamil-nadu","404","kerala / andhra pradesh / tamil nadu sarkari naukri",""
"https://www.searchsarkarinaukri.com/jobs/irel-deputy-manager-industrial-safety-recruitment-2026--4542","https://www.searchsarkarinaukri.com/districts/odisha","404","All government jobs in odisha",""
"https://www.searchsarkarinaukri.com/jobs/irel-assistant-manager-instrumentation-recruitment-2026--4544","https://www.searchsarkarinaukri.com/districts/odisha","404","All government jobs in odisha",""
"https://www.searchsarkarinaukri.com/jobs/irel-assistant-manager-industrial-safety-recruitment-2026--4543","https://www.searchsarkarinaukri.com/districts/kerala","404","All government jobs in kerala",""
"https://www.searchsarkarinaukri.com/jobs/irel-deputy-manager-commercial-purchase-recruitment-2026--4541","https://www.searchsarkarinaukri.com/districts/kerala-/-tamil-nadu","404","All government jobs in kerala / tamil nadu",""
"https://www.searchsarkarinaukri.com/jobs/irel-deputy-manager-commercial-purchase-recruitment-2026--4541","https://www.searchsarkarinaukri.com/jobs-in-kerala-/-tamil-nadu","404","kerala / tamil nadu sarkari naukri",""
"https://www.searchsarkarinaukri.com/jobs/irel-assistant-manager-mining-recruitment-2026--4540","https://www.searchsarkarinaukri.com/districts/odisha-/-kerala","404","All government jobs in odisha / kerala",""
"https://www.searchsarkarinaukri.com/jobs/irel-assistant-manager-mining-recruitment-2026--4540","https://www.searchsarkarinaukri.com/jobs-in-odisha-/-kerala","404","odisha / kerala sarkari naukri",""
"https://www.searchsarkarinaukri.com/jobs/irel-manager-mining-recruitment-2026--4521","https://www.searchsarkarinaukri.com/districts/kerala","404","All government jobs in kerala",""
"https://www.searchsarkarinaukri.com/jobs/irel-assistant-manager-chemical-recruitment-2026--4519","https://www.searchsarkarinaukri.com/districts/odisha-/-andhra-pradesh","404","All government jobs in odisha / andhra pradesh",""
"https://www.searchsarkarinaukri.com/jobs/irel-assistant-manager-chemical-recruitment-2026--4519","https://www.searchsarkarinaukri.com/jobs-in-odisha-/-andhra-pradesh","404","odisha / andhra pradesh sarkari naukri",""
"https://www.searchsarkarinaukri.com/jobs/irel-deputy-manager-chemical-recruitment-2026--4518","https://www.searchsarkarinaukri.com/districts/kerala","404","All government jobs in kerala",""
"https://www.searchsarkarinaukri.com/jobs/irel-assistant-manager-electrical-recruitment-2026--4517","https://www.searchsarkarinaukri.com/districts/odisha","404","All government jobs in odisha",""
"https://www.searchsarkarinaukri.com/jobs/irel-deputy-manager-mineral-recruitment-2026--4520","https://www.searchsarkarinaukri.com/districts/kerala","404","All government jobs in kerala",""
"https://www.searchsarkarinaukri.com/jobs/irel-chief-manager-electrical-recruitment-2026--4515","https://www.searchsarkarinaukri.com/districts/odisha","404","All government jobs in odisha",""
"https://www.searchsarkarinaukri.com/jobs/irel-deputy-manager-electrical-recruitment-2026--4516","https://www.searchsarkarinaukri.com/districts/tamil-nadu-/-odisha","404","All government jobs in tamil nadu / odisha",""
"https://www.searchsarkarinaukri.com/jobs/irel-deputy-manager-electrical-recruitment-2026--4516","https://www.searchsarkarinaukri.com/jobs-in-tamil-nadu-/-odisha","404","tamil nadu / odisha sarkari naukri",""
"https://www.searchsarkarinaukri.com/jobs/irel-deputy-manager-mechanical-recruitment-2026--4513","https://www.searchsarkarinaukri.com/districts/tamil-nadu","404","All government jobs in tamil nadu",""
"https://www.searchsarkarinaukri.com/jobs/irel-assistant-manager-mechanical-recruitment-2026--4514","https://www.searchsarkarinaukri.com/districts/kerala-/-odisha-/-aluva","404","All government jobs in kerala / odisha / aluva",""
"https://www.searchsarkarinaukri.com/jobs/irel-assistant-manager-mechanical-recruitment-2026--4514","https://www.searchsarkarinaukri.com/jobs-in-kerala-/-odisha-/-aluva","404","kerala / odisha / aluva sarkari naukri",""
"https://www.searchsarkarinaukri.com/jobs/irel-chief-manager-mechanical-recruitment-2026--4512","https://www.searchsarkarinaukri.com/districts/odisha","404","All government jobs in odisha",""
"https://www.searchsarkarinaukri.com/jobs/cgssb-watch-room-operator-recruitment-2026--4511","https://www.searchsarkarinaukri.com/districts/chhattisgarh","404","All government jobs in chhattisgarh",""
"https://www.searchsarkarinaukri.com/jobs/cgssb-mechanic-recruitment-2026--4510","https://www.searchsarkarinaukri.com/districts/chhattisgarh","404","All government jobs in chhattisgarh",""
"https://www.searchsarkarinaukri.com/jobs/cgssb-store-keeper-recruitment-2026--4509","https://www.searchsarkarinaukri.com/districts/chhattisgarh","404","All government jobs in chhattisgarh",""
"https://www.searchsarkarinaukri.com/jobs/dgqa-technician-skilled-recruitment-2026--4506","https://www.searchsarkarinaukri.com/districts/secunderabad-and-bengaluru","404","All government jobs in secunderabad and bengaluru",""
"https://www.searchsarkarinaukri.com/jobs/dgqa-technician-skilled-recruitment-2026--4506","https://www.searchsarkarinaukri.com/jobs-in-secunderabad-and-bengaluru","404","secunderabad and bengaluru sarkari naukri",""
"https://www.searchsarkarinaukri.com/jobs/cgssb-vahan-chalak-cum-operator-recruitment-2026--4508","https://www.searchsarkarinaukri.com/districts/chhattisgarh","404","All government jobs in chhattisgarh",""
"https://www.searchsarkarinaukri.com/jobs/cgssb-vahan-chalak-driver-recruitment-2026--4507","https://www.searchsarkarinaukri.com/districts/chhattisgarh","404","All government jobs in chhattisgarh",""
"https://www.searchsarkarinaukri.com/jobs/dgqa-technician-semi-skilled-recruitment-2026--4505","https://www.searchsarkarinaukri.com/districts/secunderabad","404","All government jobs in secunderabad",""
"https://www.searchsarkarinaukri.com/jobs/dgqa-technician-semi-skilled-recruitment-2026--4505","https://www.searchsarkarinaukri.com/jobs-in-secunderabad","404","secunderabad sarkari naukri",""
"https://www.searchsarkarinaukri.com/jobs/indbank-dealer-recruitment-2026--4503","https://www.searchsarkarinaukri.com/districts/ahmedabad","404","All government jobs in ahmedabad",""
"https://www.searchsarkarinaukri.com/jobs/sccl-diploma-apprentice-recruitment-2026--4501","https://www.searchsarkarinaukri.com/districts/sccl-areas/regions-as-allotted","404","All government jobs in sccl areas/regions as allotted",""
"https://www.searchsarkarinaukri.com/jobs/sccl-diploma-apprentice-recruitment-2026--4501","https://www.searchsarkarinaukri.com/jobs-in-sccl-areas/regions-as-allotted","404","sccl areas/regions as allotted sarkari naukri",""
"https://www.searchsarkarinaukri.com/jobs/icds-maharashtra-mukhyasevika-supervisor-recruitment-2026--4504","https://www.searchsarkarinaukri.com/districts/maharashtra","404","All government jobs in maharashtra",""
"https://www.searchsarkarinaukri.com/jobs/indbank-relationship-manager-recruitment-2026--4502","https://www.searchsarkarinaukri.com/districts/ahmedabad","404","All government jobs in ahmedabad",""
"https://www.searchsarkarinaukri.com/jobs/sccl-non-engineering-graduate-apprentice-recruitment-2026--4500","https://www.searchsarkarinaukri.com/districts/sccl-areas/regions-as-allotted","404","All government jobs in sccl areas/regions as allotted",""
"https://www.searchsarkarinaukri.com/jobs/sccl-non-engineering-graduate-apprentice-recruitment-2026--4500","https://www.searchsarkarinaukri.com/jobs-in-sccl-areas/regions-as-allotted","404","sccl areas/regions as allotted sarkari naukri",""
"https://www.searchsarkarinaukri.com/jobs/sccl-engineering-graduate-apprentice-recruitment-2026--4499","https://www.searchsarkarinaukri.com/districts/sccl-areas/regions-as-allotted","404","All government jobs in sccl areas/regions as allotted",""
"https://www.searchsarkarinaukri.com/jobs/sccl-engineering-graduate-apprentice-recruitment-2026--4499","https://www.searchsarkarinaukri.com/jobs-in-sccl-areas/regions-as-allotted","404","sccl areas/regions as allotted sarkari naukri",""
"https://www.searchsarkarinaukri.com/jobs/itbp-specialist-medical-officer-recruitment-2026--4497","https://www.searchsarkarinaukri.com/districts/across-india-/-abroad","404","All government jobs in across india / abroad",""
"https://www.searchsarkarinaukri.com/jobs/itbp-specialist-medical-officer-recruitment-2026--4497","https://www.searchsarkarinaukri.com/jobs-in-across-india-/-abroad","404","across india / abroad sarkari naukri",""
"https://www.searchsarkarinaukri.com/jobs/itbp-medical-officer-recruitment-2026--4498","https://www.searchsarkarinaukri.com/districts/across-india-/-abroad","404","All government jobs in across india / abroad",""
"https://www.searchsarkarinaukri.com/jobs/itbp-medical-officer-recruitment-2026--4498","https://www.searchsarkarinaukri.com/jobs-in-across-india-/-abroad","404","across india / abroad sarkari naukri",""
"https://www.searchsarkarinaukri.com/jobs/itbp-super-specialist-medical-officer-recruitment-2026--4496","https://www.searchsarkarinaukri.com/districts/across-india-/-abroad","404","All government jobs in across india / abroad",""
"https://www.searchsarkarinaukri.com/jobs/itbp-super-specialist-medical-officer-recruitment-2026--4496","https://www.searchsarkarinaukri.com/jobs-in-across-india-/-abroad","404","across india / abroad sarkari naukri",""
"https://www.searchsarkarinaukri.com/jobs/computer-science-teacher-cst-recruitment-2026--4493","https://www.searchsarkarinaukri.com/districts/karnataka","404","All government jobs in karnataka",""
"https://www.searchsarkarinaukri.com/jobs/drdo-hemrl-graduate-apprentice-recruitment-2026--4495","https://www.searchsarkarinaukri.com/districts/sutarwadi","404","All government jobs in sutarwadi",""
"https://www.searchsarkarinaukri.com/jobs/drdo-hemrl-graduate-apprentice-recruitment-2026--4495","https://www.searchsarkarinaukri.com/jobs-in-sutarwadi","404","sutarwadi sarkari naukri",""
"https://www.searchsarkarinaukri.com/jobs/esic-panel-advocate-recruitment-2026--4494","https://www.searchsarkarinaukri.com/districts/maharashtra","404","All government jobs in maharashtra",""
"https://www.searchsarkarinaukri.com/jobs/physical-education-teacher-pet-recruitment-2026--4492","https://www.searchsarkarinaukri.com/districts/karnataka","404","All government jobs in karnataka",""
"https://www.searchsarkarinaukri.com/jobs/graduate-primary-teacher-gpt-recruitment-2026--4489","https://www.searchsarkarinaukri.com/districts/karnataka","404","All government jobs in karnataka",""
"https://www.searchsarkarinaukri.com/jobs/primary-school-teacher-pst-recruitment-2026--4491","https://www.searchsarkarinaukri.com/districts/karnataka","404","All government jobs in karnataka",""
"https://www.searchsarkarinaukri.com/jobs/assistant-master-am-recruitment-2026--4490","https://www.searchsarkarinaukri.com/districts/karnataka","404","All government jobs in karnataka",""
"https://www.searchsarkarinaukri.com/jobs/kendriya-vidyalaya-washim-kendriya-vidyalaya-washim-2026--4485","https://www.searchsarkarinaukri.com/jobs-in-washim","404","washim sarkari naukri",""
"https://www.searchsarkarinaukri.com/jobs/kalbhairav-sahakari-patsanstha-kalbhairav-sahakari-patsanstha-2026--4483","https://www.searchsarkarinaukri.com/cdn-cgi/l/email-protection","404","Apply Online","nofollow noopener"
"https://www.searchsarkarinaukri.com/jobs/pm-shri-kendriya-vidyalaya-stc-bsf-chakur-pm-shri-kendriya-vidyalaya-stc-bsf-2026--4478","https://www.searchsarkarinaukri.com/jobs-in-latur","404","latur sarkari naukri",""
"https://www.searchsarkarinaukri.com/jobs/sail-rsp-data-entry-operator-pgdca-apprentice-recruitment-2026--4469","https://www.searchsarkarinaukri.com/districts/rourkela","404","All government jobs in rourkela",""
"https://www.searchsarkarinaukri.com/jobs/sail-rsp-data-entry-operator-pgdca-apprentice-recruitment-2026--4469","https://www.searchsarkarinaukri.com/jobs-in-rourkela","404","rourkela sarkari naukri",""
"https://www.searchsarkarinaukri.com/jobs/employees-state-insurance-corporation-esic-mumbai-apply-for-366-advocate-posts-at-2026--4470","https://www.searchsarkarinaukri.com/jobs-in-all-districts","404","all districts sarkari naukri",""
"https://www.searchsarkarinaukri.com/jobs/women-and-child-development-department-maharashtra-recruitment-notification-women-and-child-developm--4475","https://www.searchsarkarinaukri.com/jobs-in-all-districts","404","all districts sarkari naukri",""
"https://www.searchsarkarinaukri.com/jobs/sail-rsp-diploma-graduate-apprentice-electronics-communication-recruitment-2026--4466","https://www.searchsarkarinaukri.com/districts/rourkela","404","All government jobs in rourkela",""
"https://www.searchsarkarinaukri.com/jobs/sail-rsp-diploma-graduate-apprentice-electronics-communication-recruitment-2026--4466","https://www.searchsarkarinaukri.com/jobs-in-rourkela","404","rourkela sarkari naukri",""
"https://www.searchsarkarinaukri.com/jobs/sail-rsp-graduate-apprentice-electronics-instrumentation-recruitment-2026--4467","https://www.searchsarkarinaukri.com/districts/rourkela","404","All government jobs in rourkela",""
"https://www.searchsarkarinaukri.com/jobs/sail-rsp-graduate-apprentice-electronics-instrumentation-recruitment-2026--4467","https://www.searchsarkarinaukri.com/jobs-in-rourkela","404","rourkela sarkari naukri",""
"https://www.searchsarkarinaukri.com/jobs/sail-rsp-graduate-apprentice-production-recruitment-2026--4468","https://www.searchsarkarinaukri.com/districts/rourkela","404","All government jobs in rourkela",""
"https://www.searchsarkarinaukri.com/jobs/sail-rsp-graduate-apprentice-production-recruitment-2026--4468","https://www.searchsarkarinaukri.com/jobs-in-rourkela","404","rourkela sarkari naukri",""
"https://www.searchsarkarinaukri.com/jobs/sail-rsp-graduate-apprentice-b-sc-nursing-recruitment-2026--4465","https://www.searchsarkarinaukri.com/districts/rourkela","404","All government jobs in rourkela",""
"https://www.searchsarkarinaukri.com/jobs/sail-rsp-graduate-apprentice-b-sc-nursing-recruitment-2026--4465","https://www.searchsarkarinaukri.com/jobs-in-rourkela","404","rourkela sarkari naukri",""
"https://www.searchsarkarinaukri.com/jobs/sail-rsp-graduate-apprentice-bachelor-of-business-administration-recruitment-2026--4464","https://www.searchsarkarinaukri.com/districts/rourkela","404","All government jobs in rourkela",""
"https://www.searchsarkarinaukri.com/jobs/sail-rsp-graduate-apprentice-bachelor-of-business-administration-recruitment-2026--4464","https://www.searchsarkarinaukri.com/jobs-in-rourkela","404","rourkela sarkari naukri",""
"https://www.searchsarkarinaukri.com/jobs/sail-rsp-graduate-apprentice-bachelor-of-commerce-recruitment-2026--4462","https://www.searchsarkarinaukri.com/districts/rourkela","404","All government jobs in rourkela",""
"https://www.searchsarkarinaukri.com/jobs/sail-rsp-graduate-apprentice-bachelor-of-commerce-recruitment-2026--4462","https://www.searchsarkarinaukri.com/jobs-in-rourkela","404","rourkela sarkari naukri",""
"https://www.searchsarkarinaukri.com/jobs/sail-rsp-graduate-apprentice-bachelor-of-computer-application-recruitment-2026--4463","https://www.searchsarkarinaukri.com/districts/rourkela","404","All government jobs in rourkela",""
"https://www.searchsarkarinaukri.com/jobs/sail-rsp-graduate-apprentice-bachelor-of-computer-application-recruitment-2026--4463","https://www.searchsarkarinaukri.com/jobs-in-rourkela","404","rourkela sarkari naukri",""
"https://www.searchsarkarinaukri.com/jobs/sail-rsp-graduate-apprentice-bachelor-of-science-recruitment-2026--4461","https://www.searchsarkarinaukri.com/districts/rourkela","404","All government jobs in rourkela",""
"https://www.searchsarkarinaukri.com/jobs/sail-rsp-graduate-apprentice-bachelor-of-science-recruitment-2026--4461","https://www.searchsarkarinaukri.com/jobs-in-rourkela","404","rourkela sarkari naukri",""
"https://www.searchsarkarinaukri.com/jobs/sail-rsp-graduate-apprentice-electronics-communication-recruitment-2026--4457","https://www.searchsarkarinaukri.com/districts/rourkela","404","All government jobs in rourkela",""
"https://www.searchsarkarinaukri.com/jobs/sail-rsp-graduate-apprentice-electronics-communication-recruitment-2026--4457","https://www.searchsarkarinaukri.com/jobs-in-rourkela","404","rourkela sarkari naukri",""
"https://www.searchsarkarinaukri.com/jobs/sail-rsp-graduate-apprentice-electronics-instrumentation-recruitment-2026--4458","https://www.searchsarkarinaukri.com/districts/rourkela","404","All government jobs in rourkela",""
"https://www.searchsarkarinaukri.com/jobs/sail-rsp-graduate-apprentice-electronics-instrumentation-recruitment-2026--4458","https://www.searchsarkarinaukri.com/jobs-in-rourkela","404","rourkela sarkari naukri",""
"https://www.searchsarkarinaukri.com/jobs/sail-rsp-graduate-apprentice-bachelor-of-arts-recruitment-2026--4460","https://www.searchsarkarinaukri.com/districts/rourkela","404","All government jobs in rourkela",""
"https://www.searchsarkarinaukri.com/jobs/sail-rsp-graduate-apprentice-bachelor-of-arts-recruitment-2026--4460","https://www.searchsarkarinaukri.com/jobs-in-rourkela","404","rourkela sarkari naukri",""
"https://www.searchsarkarinaukri.com/jobs/sail-rsp-graduate-apprentice-production-recruitment-2026--4459","https://www.searchsarkarinaukri.com/districts/rourkela","404","All government jobs in rourkela",""
"https://www.searchsarkarinaukri.com/jobs/sail-rsp-graduate-apprentice-production-recruitment-2026--4459","https://www.searchsarkarinaukri.com/jobs-in-rourkela","404","rourkela sarkari naukri",""
"https://www.searchsarkarinaukri.com/jobs/sail-rsp-diploma-graduate-apprentice-information-technology-recruitment-2026--4455","https://www.searchsarkarinaukri.com/districts/rourkela","404","All government jobs in rourkela",""
"https://www.searchsarkarinaukri.com/jobs/sail-rsp-diploma-graduate-apprentice-information-technology-recruitment-2026--4455","https://www.searchsarkarinaukri.com/jobs-in-rourkela","404","rourkela sarkari naukri",""
"https://www.searchsarkarinaukri.com/jobs/sail-rsp-diploma-graduate-apprentice-automobile-recruitment-2026--4456","https://www.searchsarkarinaukri.com/districts/rourkela","404","All government jobs in rourkela",""
"https://www.searchsarkarinaukri.com/jobs/sail-rsp-diploma-graduate-apprentice-automobile-recruitment-2026--4456","https://www.searchsarkarinaukri.com/jobs-in-rourkela","404","rourkela sarkari naukri",""
"https://www.searchsarkarinaukri.com/jobs/sail-rsp-diploma-graduate-apprentice-electronics-telecommunication-recruitment-2026--4454","https://www.searchsarkarinaukri.com/districts/rourkela","404","All government jobs in rourkela",""
"https://www.searchsarkarinaukri.com/jobs/sail-rsp-diploma-graduate-apprentice-electronics-telecommunication-recruitment-2026--4454","https://www.searchsarkarinaukri.com/jobs-in-rourkela","404","rourkela sarkari naukri",""
"https://www.searchsarkarinaukri.com/jobs/sail-rsp-diploma-graduate-apprentice-metallurgy-recruitment-2026--4453","https://www.searchsarkarinaukri.com/districts/rourkela","404","All government jobs in rourkela",""
"https://www.searchsarkarinaukri.com/jobs/sail-rsp-diploma-graduate-apprentice-metallurgy-recruitment-2026--4453","https://www.searchsarkarinaukri.com/jobs-in-rourkela","404","rourkela sarkari naukri",""
"https://www.searchsarkarinaukri.com/jobs/sail-rsp-diploma-graduate-apprentice-mechanical-mechatronics-recruitment-2026--4452","https://www.searchsarkarinaukri.com/districts/rourkela","404","All government jobs in rourkela",""
"https://www.searchsarkarinaukri.com/jobs/sail-rsp-diploma-graduate-apprentice-mechanical-mechatronics-recruitment-2026--4452","https://www.searchsarkarinaukri.com/jobs-in-rourkela","404","rourkela sarkari naukri",""
"https://www.searchsarkarinaukri.com/jobs/sail-rsp-diploma-graduate-apprentice-electrical-recruitment-2026--4451","https://www.searchsarkarinaukri.com/districts/rourkela","404","All government jobs in rourkela",""
"https://www.searchsarkarinaukri.com/jobs/sail-rsp-diploma-graduate-apprentice-electrical-recruitment-2026--4451","https://www.searchsarkarinaukri.com/jobs-in-rourkela","404","rourkela sarkari naukri",""
"https://www.searchsarkarinaukri.com/jobs/sail-rsp-diploma-graduate-apprentice-eee-recruitment-2026--4450","https://www.searchsarkarinaukri.com/districts/rourkela","404","All government jobs in rourkela",""
"https://www.searchsarkarinaukri.com/jobs/sail-rsp-diploma-graduate-apprentice-eee-recruitment-2026--4450","https://www.searchsarkarinaukri.com/jobs-in-rourkela","404","rourkela sarkari naukri",""
"https://www.searchsarkarinaukri.com/jobs/sail-rsp-diploma-graduate-apprentice-computer-science-recruitment-2026--4449","https://www.searchsarkarinaukri.com/districts/rourkela","404","All government jobs in rourkela",""
"https://www.searchsarkarinaukri.com/jobs/sail-rsp-diploma-graduate-apprentice-computer-science-recruitment-2026--4449","https://www.searchsarkarinaukri.com/jobs-in-rourkela","404","rourkela sarkari naukri",""
"https://www.searchsarkarinaukri.com/jobs/sail-rsp-diploma-graduate-apprentice-civil-recruitment-2026--4448","https://www.searchsarkarinaukri.com/districts/rourkela","404","All government jobs in rourkela",""
"https://www.searchsarkarinaukri.com/jobs/sail-rsp-diploma-graduate-apprentice-civil-recruitment-2026--4448","https://www.searchsarkarinaukri.com/jobs-in-rourkela","404","rourkela sarkari naukri",""
"https://www.searchsarkarinaukri.com/jobs/sail-rsp-diploma-graduate-apprentice-chemical-recruitment-2026--4447","https://www.searchsarkarinaukri.com/districts/rourkela","404","All government jobs in rourkela",""
"https://www.searchsarkarinaukri.com/jobs/sail-rsp-diploma-graduate-apprentice-chemical-recruitment-2026--4447","https://www.searchsarkarinaukri.com/jobs-in-rourkela","404","rourkela sarkari naukri",""
"https://www.searchsarkarinaukri.com/jobs/sail-rsp-trade-apprentice-manufacturing-process-control-automation-recruitment-2026--4445","https://www.searchsarkarinaukri.com/districts/rourkela","404","All government jobs in rourkela",""
"https://www.searchsarkarinaukri.com/jobs/sail-rsp-trade-apprentice-manufacturing-process-control-automation-recruitment-2026--4445","https://www.searchsarkarinaukri.com/jobs-in-rourkela","404","rourkela sarkari naukri",""
"https://www.searchsarkarinaukri.com/jobs/sail-rsp-diploma-graduate-apprentice-ceramic-technology-recruitment-2026--4446","https://www.searchsarkarinaukri.com/districts/rourkela","404","All government jobs in rourkela",""
"https://www.searchsarkarinaukri.com/jobs/sail-rsp-diploma-graduate-apprentice-ceramic-technology-recruitment-2026--4446","https://www.searchsarkarinaukri.com/jobs-in-rourkela","404","rourkela sarkari naukri",""
"https://www.searchsarkarinaukri.com/jobs/sail-rsp-trade-apprentice-central-ac-plant-mechanic-recruitment-2026--4443","https://www.searchsarkarinaukri.com/districts/rourkela","404","All government jobs in rourkela",""
"https://www.searchsarkarinaukri.com/jobs/sail-rsp-trade-apprentice-central-ac-plant-mechanic-recruitment-2026--4443","https://www.searchsarkarinaukri.com/jobs-in-rourkela","404","rourkela sarkari naukri",""
"https://www.searchsarkarinaukri.com/jobs/sail-rsp-trade-apprentice-welder-recruitment-2026--4441","https://www.searchsarkarinaukri.com/districts/rourkela","404","All government jobs in rourkela",""
"https://www.searchsarkarinaukri.com/jobs/sail-rsp-trade-apprentice-welder-recruitment-2026--4441","https://www.searchsarkarinaukri.com/jobs-in-rourkela","404","rourkela sarkari naukri",""
"https://www.searchsarkarinaukri.com/jobs/sail-rsp-trade-apprentice-ictsm-recruitment-2026--4442","https://www.searchsarkarinaukri.com/districts/rourkela","404","All government jobs in rourkela",""
"https://www.searchsarkarinaukri.com/jobs/sail-rsp-trade-apprentice-ictsm-recruitment-2026--4442","https://www.searchsarkarinaukri.com/jobs-in-rourkela","404","rourkela sarkari naukri",""
"https://www.searchsarkarinaukri.com/jobs/sail-rsp-trade-apprentice-technician-mechatronics-recruitment-2026--4444","https://www.searchsarkarinaukri.com/districts/rourkela","404","All government jobs in rourkela",""
"https://www.searchsarkarinaukri.com/jobs/sail-rsp-trade-apprentice-technician-mechatronics-recruitment-2026--4444","https://www.searchsarkarinaukri.com/jobs-in-rourkela","404","rourkela sarkari naukri",""
"https://www.searchsarkarinaukri.com/jobs/sail-rsp-trade-apprentice-turner-recruitment-2026--4440","https://www.searchsarkarinaukri.com/districts/rourkela","404","All government jobs in rourkela",""
"https://www.searchsarkarinaukri.com/jobs/sail-rsp-trade-apprentice-turner-recruitment-2026--4440","https://www.searchsarkarinaukri.com/jobs-in-rourkela","404","rourkela sarkari naukri",""
"https://www.searchsarkarinaukri.com/jobs/sail-rsp-trade-apprentice-machinist-recruitment-2026--4437","https://www.searchsarkarinaukri.com/districts/rourkela","404","All government jobs in rourkela",""
"https://www.searchsarkarinaukri.com/jobs/sail-rsp-trade-apprentice-machinist-recruitment-2026--4437","https://www.searchsarkarinaukri.com/jobs-in-rourkela","404","rourkela sarkari naukri",""
"https://www.searchsarkarinaukri.com/jobs/sail-rsp-trade-apprentice-mechanic-refrigeration-and-ac-recruitment-2026--4439","https://www.searchsarkarinaukri.com/districts/rourkela","404","All government jobs in rourkela",""
"https://www.searchsarkarinaukri.com/jobs/sail-rsp-trade-apprentice-mechanic-refrigeration-and-ac-recruitment-2026--4439","https://www.searchsarkarinaukri.com/jobs-in-rourkela","404","rourkela sarkari naukri",""
"https://www.searchsarkarinaukri.com/jobs/sail-rsp-trade-apprentice-mechanic-motor-vehicle-recruitment-2026--4438","https://www.searchsarkarinaukri.com/districts/rourkela","404","All government jobs in rourkela",""
"https://www.searchsarkarinaukri.com/jobs/sail-rsp-trade-apprentice-mechanic-motor-vehicle-recruitment-2026--4438","https://www.searchsarkarinaukri.com/jobs-in-rourkela","404","rourkela sarkari naukri",""
"https://www.searchsarkarinaukri.com/jobs/sail-rsp-trade-apprentice-lacp-recruitment-2026--4436","https://www.searchsarkarinaukri.com/districts/rourkela","404","All government jobs in rourkela",""
"https://www.searchsarkarinaukri.com/jobs/sail-rsp-trade-apprentice-lacp-recruitment-2026--4436","https://www.searchsarkarinaukri.com/jobs-in-rourkela","404","rourkela sarkari naukri",""
"https://www.searchsarkarinaukri.com/jobs/zp-ahmednagar-zp-ahmednagar-2026--4431","https://www.searchsarkarinaukri.com/jobs-in-ahmednagar","404","ahmednagar sarkari naukri",""
"https://www.searchsarkarinaukri.com/jobs/union-bank-of-india-data-centre-specialist-recruitment-2026--4417","https://www.searchsarkarinaukri.com/districts/anywhere-in-india","404","All government jobs in anywhere in india",""
"https://www.searchsarkarinaukri.com/jobs/union-bank-of-india-data-centre-specialist-recruitment-2026--4417","https://www.searchsarkarinaukri.com/jobs-in-anywhere-in-india","404","anywhere in india sarkari naukri",""
"https://www.searchsarkarinaukri.com/jobs/union-bank-of-india-data-privacy-officer-recruitment-2026--4419","https://www.searchsarkarinaukri.com/districts/anywhere-in-india","404","All government jobs in anywhere in india",""
"https://www.searchsarkarinaukri.com/jobs/union-bank-of-india-data-privacy-officer-recruitment-2026--4419","https://www.searchsarkarinaukri.com/jobs-in-anywhere-in-india","404","anywhere in india sarkari naukri",""
"https://www.searchsarkarinaukri.com/jobs/maharashtra-public-service-commission-mpsc-maharashtra-public-service-commission-mpsc-invites-2026--4420","https://www.searchsarkarinaukri.com/jobs-in-all-districts","404","all districts sarkari naukri",""
"https://www.searchsarkarinaukri.com/jobs/union-bank-of-india-data-centre-specialist-recruitment-2026--4418","https://www.searchsarkarinaukri.com/districts/anywhere-in-india","404","All government jobs in anywhere in india",""
"https://www.searchsarkarinaukri.com/jobs/union-bank-of-india-data-centre-specialist-recruitment-2026--4418","https://www.searchsarkarinaukri.com/jobs-in-anywhere-in-india","404","anywhere in india sarkari naukri",""
"https://www.searchsarkarinaukri.com/jobs/union-bank-of-india-data-centre-specialist-recruitment-2026--4416","https://www.searchsarkarinaukri.com/districts/anywhere-in-india","404","All government jobs in anywhere in india",""
"https://www.searchsarkarinaukri.com/jobs/union-bank-of-india-data-centre-specialist-recruitment-2026--4416","https://www.searchsarkarinaukri.com/jobs-in-anywhere-in-india","404","anywhere in india sarkari naukri",""
"https://www.searchsarkarinaukri.com/jobs/union-bank-of-india-cyber-security-forensic-analyst-recruitment-2026--4413","https://www.searchsarkarinaukri.com/districts/anywhere-in-india","404","All government jobs in anywhere in india",""
"https://www.searchsarkarinaukri.com/jobs/union-bank-of-india-cyber-security-forensic-analyst-recruitment-2026--4413","https://www.searchsarkarinaukri.com/jobs-in-anywhere-in-india","404","anywhere in india sarkari naukri",""
"https://www.searchsarkarinaukri.com/jobs/union-bank-of-india-cyber-security-forensic-analyst-recruitment-2026--4414","https://www.searchsarkarinaukri.com/districts/anywhere-in-india","404","All government jobs in anywhere in india",""
"https://www.searchsarkarinaukri.com/jobs/union-bank-of-india-cyber-security-forensic-analyst-recruitment-2026--4414","https://www.searchsarkarinaukri.com/jobs-in-anywhere-in-india","404","anywhere in india sarkari naukri",""
"https://www.searchsarkarinaukri.com/jobs/union-bank-of-india-data-centre-specialist-recruitment-2026--4415","https://www.searchsarkarinaukri.com/districts/anywhere-in-india","404","All government jobs in anywhere in india",""
"https://www.searchsarkarinaukri.com/jobs/union-bank-of-india-data-centre-specialist-recruitment-2026--4415","https://www.searchsarkarinaukri.com/jobs-in-anywhere-in-india","404","anywhere in india sarkari naukri",""
"https://www.searchsarkarinaukri.com/jobs/union-bank-of-india-block-chain-quantum-computing-recruitment-2026--4411","https://www.searchsarkarinaukri.com/districts/anywhere-in-india","404","All government jobs in anywhere in india",""
"https://www.searchsarkarinaukri.com/jobs/union-bank-of-india-block-chain-quantum-computing-recruitment-2026--4411","https://www.searchsarkarinaukri.com/jobs-in-anywhere-in-india","404","anywhere in india sarkari naukri",""
"https://www.searchsarkarinaukri.com/jobs/union-bank-of-india-cloud-administrator-recruitment-2026--4412","https://www.searchsarkarinaukri.com/districts/anywhere-in-india","404","All government jobs in anywhere in india",""
"https://www.searchsarkarinaukri.com/jobs/union-bank-of-india-cloud-administrator-recruitment-2026--4412","https://www.searchsarkarinaukri.com/jobs-in-anywhere-in-india","404","anywhere in india sarkari naukri",""
"https://www.searchsarkarinaukri.com/jobs/union-bank-of-india-api-management-recruitment-2026--4409","https://www.searchsarkarinaukri.com/districts/anywhere-in-india","404","All government jobs in anywhere in india",""
"https://www.searchsarkarinaukri.com/jobs/union-bank-of-india-api-management-recruitment-2026--4409","https://www.searchsarkarinaukri.com/jobs-in-anywhere-in-india","404","anywhere in india sarkari naukri",""
"https://www.searchsarkarinaukri.com/jobs/union-bank-of-india-api-management-recruitment-2026--4410","https://www.searchsarkarinaukri.com/districts/anywhere-in-india","404","All government jobs in anywhere in india",""
"https://www.searchsarkarinaukri.com/jobs/union-bank-of-india-api-management-recruitment-2026--4410","https://www.searchsarkarinaukri.com/jobs-in-anywhere-in-india","404","anywhere in india sarkari naukri",""
"https://www.searchsarkarinaukri.com/jobs/union-bank-of-india-vendor-management-non-it-recruitment-2026--4405","https://www.searchsarkarinaukri.com/districts/anywhere-in-india","404","All government jobs in anywhere in india",""
"https://www.searchsarkarinaukri.com/jobs/union-bank-of-india-vendor-management-non-it-recruitment-2026--4405","https://www.searchsarkarinaukri.com/jobs-in-anywhere-in-india","404","anywhere in india sarkari naukri",""
"https://www.searchsarkarinaukri.com/jobs/union-bank-of-india-forex-officer-recruitment-2026--4407","https://www.searchsarkarinaukri.com/districts/anywhere-in-india","404","All government jobs in anywhere in india",""
"https://www.searchsarkarinaukri.com/jobs/union-bank-of-india-forex-officer-recruitment-2026--4407","https://www.searchsarkarinaukri.com/jobs-in-anywhere-in-india","404","anywhere in india sarkari naukri",""
"https://www.searchsarkarinaukri.com/jobs/union-bank-of-india-forex-officer-recruitment-2026--4408","https://www.searchsarkarinaukri.com/districts/anywhere-in-india","404","All government jobs in anywhere in india",""
"https://www.searchsarkarinaukri.com/jobs/union-bank-of-india-forex-officer-recruitment-2026--4408","https://www.searchsarkarinaukri.com/jobs-in-anywhere-in-india","404","anywhere in india sarkari naukri",""
"https://www.searchsarkarinaukri.com/jobs/union-bank-of-india-vendor-management-non-it-recruitment-2026--4406","https://www.searchsarkarinaukri.com/districts/anywhere-in-india","404","All government jobs in anywhere in india",""
"https://www.searchsarkarinaukri.com/jobs/union-bank-of-india-vendor-management-non-it-recruitment-2026--4406","https://www.searchsarkarinaukri.com/jobs-in-anywhere-in-india","404","anywhere in india sarkari naukri",""
"https://www.searchsarkarinaukri.com/jobs/union-bank-of-india-general-banking-officer-recruitment-2026--4403","https://www.searchsarkarinaukri.com/districts/anywhere-in-india","404","All government jobs in anywhere in india",""
"https://www.searchsarkarinaukri.com/jobs/union-bank-of-india-general-banking-officer-recruitment-2026--4403","https://www.searchsarkarinaukri.com/jobs-in-anywhere-in-india","404","anywhere in india sarkari naukri",""
"https://www.searchsarkarinaukri.com/jobs/union-bank-of-india-personal-assistants-to-executives-recruitment-2026--4401","https://www.searchsarkarinaukri.com/districts/anywhere-in-india","404","All government jobs in anywhere in india",""
"https://www.searchsarkarinaukri.com/jobs/union-bank-of-india-personal-assistants-to-executives-recruitment-2026--4401","https://www.searchsarkarinaukri.com/jobs-in-anywhere-in-india","404","anywhere in india sarkari naukri",""
"https://www.searchsarkarinaukri.com/jobs/union-bank-of-india-general-banking-officer-recruitment-2026--4402","https://www.searchsarkarinaukri.com/districts/anywhere-in-india","404","All government jobs in anywhere in india",""
"https://www.searchsarkarinaukri.com/jobs/union-bank-of-india-general-banking-officer-recruitment-2026--4402","https://www.searchsarkarinaukri.com/jobs-in-anywhere-in-india","404","anywhere in india sarkari naukri",""
"https://www.searchsarkarinaukri.com/jobs/union-bank-of-india-vendor-management-non-it-recruitment-2026--4404","https://www.searchsarkarinaukri.com/districts/anywhere-in-india","404","All government jobs in anywhere in india",""
"https://www.searchsarkarinaukri.com/jobs/union-bank-of-india-vendor-management-non-it-recruitment-2026--4404","https://www.searchsarkarinaukri.com/jobs-in-anywhere-in-india","404","anywhere in india sarkari naukri",""
"https://www.searchsarkarinaukri.com/jobs/union-bank-of-india-disaster-management-professional-recruitment-2026--4398","https://www.searchsarkarinaukri.com/districts/anywhere-in-india","404","All government jobs in anywhere in india",""
"https://www.searchsarkarinaukri.com/jobs/union-bank-of-india-disaster-management-professional-recruitment-2026--4398","https://www.searchsarkarinaukri.com/jobs-in-anywhere-in-india","404","anywhere in india sarkari naukri",""
"https://www.searchsarkarinaukri.com/jobs/union-bank-of-india-personal-assistants-to-executives-recruitment-2026--4400","https://www.searchsarkarinaukri.com/districts/anywhere-in-india","404","All government jobs in anywhere in india",""
"https://www.searchsarkarinaukri.com/jobs/union-bank-of-india-personal-assistants-to-executives-recruitment-2026--4400","https://www.searchsarkarinaukri.com/jobs-in-anywhere-in-india","404","anywhere in india sarkari naukri",""
"https://www.searchsarkarinaukri.com/jobs/union-bank-of-india-agm-capital-planning-investor-relations-recruitment-2026--4397","https://www.searchsarkarinaukri.com/districts/anywhere-in-india","404","All government jobs in anywhere in india",""
"https://www.searchsarkarinaukri.com/jobs/union-bank-of-india-agm-capital-planning-investor-relations-recruitment-2026--4397","https://www.searchsarkarinaukri.com/jobs-in-anywhere-in-india","404","anywhere in india sarkari naukri",""
"https://www.searchsarkarinaukri.com/jobs/union-bank-of-india-disaster-management-professional-recruitment-2026--4399","https://www.searchsarkarinaukri.com/districts/anywhere-in-india","404","All government jobs in anywhere in india",""
"https://www.searchsarkarinaukri.com/jobs/union-bank-of-india-disaster-management-professional-recruitment-2026--4399","https://www.searchsarkarinaukri.com/jobs-in-anywhere-in-india","404","anywhere in india sarkari naukri",""
"https://www.searchsarkarinaukri.com/jobs/union-bank-of-india-project-management-professional-recruitment-2026--4393","https://www.searchsarkarinaukri.com/districts/anywhere-in-india","404","All government jobs in anywhere in india",""
"https://www.searchsarkarinaukri.com/jobs/union-bank-of-india-project-management-professional-recruitment-2026--4393","https://www.searchsarkarinaukri.com/jobs-in-anywhere-in-india","404","anywhere in india sarkari naukri",""
"https://www.searchsarkarinaukri.com/jobs/union-bank-of-india-agm-ind-as-recruitment-2026--4396","https://www.searchsarkarinaukri.com/districts/anywhere-in-india","404","All government jobs in anywhere in india",""
"https://www.searchsarkarinaukri.com/jobs/union-bank-of-india-agm-ind-as-recruitment-2026--4396","https://www.searchsarkarinaukri.com/jobs-in-anywhere-in-india","404","anywhere in india sarkari naukri",""
"https://www.searchsarkarinaukri.com/jobs/union-bank-of-india-agm-taxation-recruitment-2026--4395","https://www.searchsarkarinaukri.com/districts/anywhere-in-india","404","All government jobs in anywhere in india",""
"https://www.searchsarkarinaukri.com/jobs/union-bank-of-india-agm-taxation-recruitment-2026--4395","https://www.searchsarkarinaukri.com/jobs-in-anywhere-in-india","404","anywhere in india sarkari naukri",""
"https://www.searchsarkarinaukri.com/jobs/union-bank-of-india-project-management-professional-recruitment-2026--4394","https://www.searchsarkarinaukri.com/districts/anywhere-in-india","404","All government jobs in anywhere in india",""
"https://www.searchsarkarinaukri.com/jobs/union-bank-of-india-project-management-professional-recruitment-2026--4394","https://www.searchsarkarinaukri.com/jobs-in-anywhere-in-india","404","anywhere in india sarkari naukri",""
"https://www.searchsarkarinaukri.com/jobs/union-bank-of-india-certified-financial-crimes-investigator-recruitment-2026--4390","https://www.searchsarkarinaukri.com/districts/anywhere-in-india","404","All government jobs in anywhere in india",""
"https://www.searchsarkarinaukri.com/jobs/union-bank-of-india-certified-financial-crimes-investigator-recruitment-2026--4390","https://www.searchsarkarinaukri.com/jobs-in-anywhere-in-india","404","anywhere in india sarkari naukri",""
"https://www.searchsarkarinaukri.com/jobs/union-bank-of-india-certified-anti-money-laundering-specialist-recruitment-2026--4389","https://www.searchsarkarinaukri.com/districts/anywhere-in-india","404","All government jobs in anywhere in india",""
"https://www.searchsarkarinaukri.com/jobs/union-bank-of-india-certified-anti-money-laundering-specialist-recruitment-2026--4389","https://www.searchsarkarinaukri.com/jobs-in-anywhere-in-india","404","anywhere in india sarkari naukri",""
"https://www.searchsarkarinaukri.com/jobs/union-bank-of-india-project-management-professional-recruitment-2026--4391","https://www.searchsarkarinaukri.com/districts/anywhere-in-india","404","All government jobs in anywhere in india",""
"https://www.searchsarkarinaukri.com/jobs/union-bank-of-india-project-management-professional-recruitment-2026--4391","https://www.searchsarkarinaukri.com/jobs-in-anywhere-in-india","404","anywhere in india sarkari naukri",""
"https://www.searchsarkarinaukri.com/jobs/union-bank-of-india-project-management-professional-recruitment-2026--4392","https://www.searchsarkarinaukri.com/districts/anywhere-in-india","404","All government jobs in anywhere in india",""
"https://www.searchsarkarinaukri.com/jobs/union-bank-of-india-project-management-professional-recruitment-2026--4392","https://www.searchsarkarinaukri.com/jobs-in-anywhere-in-india","404","anywhere in india sarkari naukri",""
"https://www.searchsarkarinaukri.com/jobs/union-bank-of-india-certified-fraud-examiner-recruitment-2026--4388","https://www.searchsarkarinaukri.com/districts/anywhere-in-india","404","All government jobs in anywhere in india",""
"https://www.searchsarkarinaukri.com/jobs/union-bank-of-india-certified-fraud-examiner-recruitment-2026--4388","https://www.searchsarkarinaukri.com/jobs-in-anywhere-in-india","404","anywhere in india sarkari naukri",""
"https://www.searchsarkarinaukri.com/jobs/sgbau-amravati-sgbau-amravati-2026--4380","https://www.searchsarkarinaukri.com/jobs-in-amravati","404","amravati sarkari naukri",""
"https://www.searchsarkarinaukri.com/jobs/sail-rsp-trade-apprentice-instrument-mechanic-recruitment-2026--4369","https://www.searchsarkarinaukri.com/districts/rourkela","404","All government jobs in rourkela",""
"https://www.searchsarkarinaukri.com/jobs/sail-rsp-trade-apprentice-instrument-mechanic-recruitment-2026--4369","https://www.searchsarkarinaukri.com/jobs-in-rourkela","404","rourkela sarkari naukri",""
"https://www.searchsarkarinaukri.com/jobs/sail-rsp-trade-apprentice-tool-die-maker-recruitment-2026--4367","https://www.searchsarkarinaukri.com/districts/rourkela","404","All government jobs in rourkela",""
"https://www.searchsarkarinaukri.com/jobs/sail-rsp-trade-apprentice-tool-die-maker-recruitment-2026--4367","https://www.searchsarkarinaukri.com/jobs-in-rourkela","404","rourkela sarkari naukri",""
"https://www.searchsarkarinaukri.com/jobs/sail-rsp-trade-apprentice-electrician-recruitment-2026--4365","https://www.searchsarkarinaukri.com/districts/rourkela","404","All government jobs in rourkela",""
"https://www.searchsarkarinaukri.com/jobs/sail-rsp-trade-apprentice-electrician-recruitment-2026--4365","https://www.searchsarkarinaukri.com/jobs-in-rourkela","404","rourkela sarkari naukri",""
"https://www.searchsarkarinaukri.com/jobs/sail-rsp-trade-apprentice-electronics-mechanic-recruitment-2026--4368","https://www.searchsarkarinaukri.com/districts/rourkela","404","All government jobs in rourkela",""
"https://www.searchsarkarinaukri.com/jobs/sail-rsp-trade-apprentice-electronics-mechanic-recruitment-2026--4368","https://www.searchsarkarinaukri.com/jobs-in-rourkela","404","rourkela sarkari naukri",""
"https://www.searchsarkarinaukri.com/jobs/sail-rsp-trade-apprentice-fitter-recruitment-2026--4366","https://www.searchsarkarinaukri.com/districts/rourkela","404","All government jobs in rourkela",""
"https://www.searchsarkarinaukri.com/jobs/sail-rsp-trade-apprentice-fitter-recruitment-2026--4366","https://www.searchsarkarinaukri.com/jobs-in-rourkela","404","rourkela sarkari naukri",""
"https://www.searchsarkarinaukri.com/jobs/sail-rsp-trade-apprentice-diesel-mechanic-recruitment-2026--4364","https://www.searchsarkarinaukri.com/districts/rourkela","404","All government jobs in rourkela",""
"https://www.searchsarkarinaukri.com/jobs/sail-rsp-trade-apprentice-diesel-mechanic-recruitment-2026--4364","https://www.searchsarkarinaukri.com/jobs-in-rourkela","404","rourkela sarkari naukri",""
"https://www.searchsarkarinaukri.com/jobs/sail-rsp-trade-apprentice-copa-recruitment-2026--4363","https://www.searchsarkarinaukri.com/districts/rourkela","404","All government jobs in rourkela",""
"https://www.searchsarkarinaukri.com/jobs/sail-rsp-trade-apprentice-copa-recruitment-2026--4363","https://www.searchsarkarinaukri.com/jobs-in-rourkela","404","rourkela sarkari naukri",""
"https://www.searchsarkarinaukri.com/jobs/sail-rsp-trade-apprentice-aocp-recruitment-2026--4362","https://www.searchsarkarinaukri.com/districts/rourkela","404","All government jobs in rourkela",""
"https://www.searchsarkarinaukri.com/jobs/sail-rsp-trade-apprentice-aocp-recruitment-2026--4362","https://www.searchsarkarinaukri.com/jobs-in-rourkela","404","rourkela sarkari naukri",""
"https://www.searchsarkarinaukri.com/jobs/csir-immt-iti-apprentice-trainee-welder-recruitment-2026-3-posts--4361","https://www.searchsarkarinaukri.com/districts/bhubaneswar","404","All government jobs in bhubaneswar",""
"https://www.searchsarkarinaukri.com/jobs/csir-immt-iti-apprentice-trainee-turner-recruitment-2026-1-post--4359","https://www.searchsarkarinaukri.com/districts/bhubaneswar","404","All government jobs in bhubaneswar",""
"https://www.searchsarkarinaukri.com/jobs/csir-immt-iti-apprentice-trainee-pasaa-copa-recruitment-2026-1-post--4360","https://www.searchsarkarinaukri.com/districts/bhubaneswar","404","All government jobs in bhubaneswar",""
"https://www.searchsarkarinaukri.com/jobs/csir-immt-iti-apprentice-trainee-electronics-mechanic-recruitment-2026-2-posts--4358","https://www.searchsarkarinaukri.com/districts/bhubaneswar","404","All government jobs in bhubaneswar",""
"https://www.searchsarkarinaukri.com/jobs/csir-immt-iti-apprentice-trainee-mechanic-of-refrigeration-ac-recruitment-2026-1-post--4357","https://www.searchsarkarinaukri.com/districts/bhubaneswar","404","All government jobs in bhubaneswar",""
"https://www.searchsarkarinaukri.com/jobs/csir-immt-iti-apprentice-trainee-machinist-recruitment-2026-2-posts--4356","https://www.searchsarkarinaukri.com/districts/bhubaneswar","404","All government jobs in bhubaneswar",""
"https://www.searchsarkarinaukri.com/jobs/csir-immt-diploma-apprentice-trainee-electronics-engineering-recruitment-2026-2-posts--4353","https://www.searchsarkarinaukri.com/districts/bhubaneswar","404","All government jobs in bhubaneswar",""
"https://www.searchsarkarinaukri.com/jobs/csir-immt-iti-apprentice-trainee-fitter-recruitment-2026-2-posts--4354","https://www.searchsarkarinaukri.com/districts/bhubaneswar","404","All government jobs in bhubaneswar",""
"https://www.searchsarkarinaukri.com/jobs/csir-immt-iti-apprentice-trainee-electrician-recruitment-2026-2-posts--4355","https://www.searchsarkarinaukri.com/districts/bhubaneswar","404","All government jobs in bhubaneswar",""
"https://www.searchsarkarinaukri.com/jobs/csir-immt-diploma-apprentice-trainee-chemical-engineering-recruitment-2026-3-posts--4351","https://www.searchsarkarinaukri.com/districts/bhubaneswar","404","All government jobs in bhubaneswar",""
"https://www.searchsarkarinaukri.com/jobs/csir-immt-diploma-apprentice-trainee-metallurgy-recruitment-2026-2-posts--4350","https://www.searchsarkarinaukri.com/districts/bhubaneswar","404","All government jobs in bhubaneswar",""
"https://www.searchsarkarinaukri.com/jobs/csir-immt-diploma-apprentice-trainee-modern-office-management-recruitment-2026-1-post--4349","https://www.searchsarkarinaukri.com/districts/bhubaneswar","404","All government jobs in bhubaneswar",""
"https://www.searchsarkarinaukri.com/jobs/csir-immt-diploma-apprentice-trainee-civil-engineering-recruitment-2026-2-posts--4352","https://www.searchsarkarinaukri.com/districts/bhubaneswar","404","All government jobs in bhubaneswar",""
"https://www.searchsarkarinaukri.com/jobs/csir-immt-diploma-apprentice-trainee-electrical-engineering-recruitment-2026-2-posts--4347","https://www.searchsarkarinaukri.com/districts/bhubaneswar","404","All government jobs in bhubaneswar",""
"https://www.searchsarkarinaukri.com/jobs/csir-immt-apprentice-trainee-electronics-engineering-recruitment-2026-3-posts--4345","https://www.searchsarkarinaukri.com/districts/bhubaneswar","404","All government jobs in bhubaneswar",""
"https://www.searchsarkarinaukri.com/jobs/csir-immt-apprentice-trainee-office-assistant-recruitment-2026-2-posts--4346","https://www.searchsarkarinaukri.com/districts/bhubaneswar","404","All government jobs in bhubaneswar",""
"https://www.searchsarkarinaukri.com/jobs/csir-immt-diploma-apprentice-trainee-mechanical-engineering-recruitment-2026-1-post--4348","https://www.searchsarkarinaukri.com/districts/bhubaneswar","404","All government jobs in bhubaneswar",""
"https://www.searchsarkarinaukri.com/jobs/csir-immt-apprentice-trainee-chemical-engineering-recruitment-2026-4-posts--4342","https://www.searchsarkarinaukri.com/districts/bhubaneswar","404","All government jobs in bhubaneswar",""
"https://www.searchsarkarinaukri.com/jobs/csir-immt-apprentice-trainee-metallurgy-recruitment-2026-3-posts--4343","https://www.searchsarkarinaukri.com/districts/bhubaneswar","404","All government jobs in bhubaneswar",""
"https://www.searchsarkarinaukri.com/jobs/tnstc-graduate-apprentice-non-engineering-recruitment-2026-623-posts--4341","https://www.searchsarkarinaukri.com/districts/tamil-nadu","404","All government jobs in tamil nadu",""
"https://www.searchsarkarinaukri.com/jobs/csir-immt-apprentice-trainee-mechanical-engineering-recruitment-2026-2-posts--4344","https://www.searchsarkarinaukri.com/districts/bhubaneswar","404","All government jobs in bhubaneswar",""
"https://www.searchsarkarinaukri.com/jobs/tnstc-graduate-apprentice-engineering-recruitment-2026--4339","https://www.searchsarkarinaukri.com/districts/tamil-nadu","404","All government jobs in tamil nadu",""
"https://www.searchsarkarinaukri.com/jobs/tnstc-technician-diploma-apprentice-recruitment-2026-438-posts--4340","https://www.searchsarkarinaukri.com/districts/tamil-nadu","404","All government jobs in tamil nadu",""
"https://www.searchsarkarinaukri.com/jobs/jilhadhikari-karyalay-bhandara-recruitment-2026-details-jilhadhikari-karyalay-bhandara-recruitment-2--4326","https://www.searchsarkarinaukri.com/jobs-in-bhandara","404","bhandara sarkari naukri",""
"https://www.searchsarkarinaukri.com/jobs/nmu-jalgaon-nmu-jalgaon-2026--4319","https://www.searchsarkarinaukri.com/jobs-in-jalgaon","404","jalgaon sarkari naukri",""
"https://www.searchsarkarinaukri.com/jobs/maharashtra-state-tribal-development-department-apply-for-2421-primary-secondary-and-2026--4313","https://www.searchsarkarinaukri.com/jobs-in-all-districts","404","all districts sarkari naukri",""
"https://www.searchsarkarinaukri.com/jobs/district-court-gadchiroli-zila-nyayalay-gadchiroli-job-opening-at-district-court-gadchiroli-2026--4315","https://www.searchsarkarinaukri.com/jobs-in-gadchiroli","404","gadchiroli sarkari naukri",""
"https://www.searchsarkarinaukri.com/jobs/upsc-superintendent-translation-hindi-branch-recruitment-2026-apply-online-for-1-post--4309","https://www.searchsarkarinaukri.com/districts/not-specified","404","All government jobs in not specified",""
"https://www.searchsarkarinaukri.com/jobs/upsc-superintendent-translation-hindi-branch-recruitment-2026-apply-online-for-1-post--4309","https://www.searchsarkarinaukri.com/jobs-in-not-specified","404","not specified sarkari naukri",""
"https://www.searchsarkarinaukri.com/jobs/upsc-horticulture-development-officer-recruitment-2026-apply-online-for-4-posts--4311","https://www.searchsarkarinaukri.com/districts/not-specified","404","All government jobs in not specified",""
"https://www.searchsarkarinaukri.com/jobs/upsc-horticulture-development-officer-recruitment-2026-apply-online-for-4-posts--4311","https://www.searchsarkarinaukri.com/jobs-in-not-specified","404","not specified sarkari naukri",""
"https://www.searchsarkarinaukri.com/jobs/upsc-research-officer-recruitment-2026-apply-online-for-11-posts--4310","https://www.searchsarkarinaukri.com/districts/not-specified","404","All government jobs in not specified",""
"https://www.searchsarkarinaukri.com/jobs/upsc-research-officer-recruitment-2026-apply-online-for-11-posts--4310","https://www.searchsarkarinaukri.com/jobs-in-not-specified","404","not specified sarkari naukri",""
"https://www.searchsarkarinaukri.com/jobs/upsc-soil-conservation-assistant-recruitment-2026-apply-online-for-7-posts--4312","https://www.searchsarkarinaukri.com/districts/union-territory-of-ladakh","404","All government jobs in union territory of ladakh",""
"https://www.searchsarkarinaukri.com/jobs/upsc-soil-conservation-assistant-recruitment-2026-apply-online-for-7-posts--4312","https://www.searchsarkarinaukri.com/jobs-in-union-territory-of-ladakh","404","union territory of ladakh sarkari naukri",""
"https://www.searchsarkarinaukri.com/jobs/upsc-assistant-executive-engineer-electronics-recruitment-2026-apply-online-for-9-posts--4307","https://www.searchsarkarinaukri.com/districts/not-specified","404","All government jobs in not specified",""
"https://www.searchsarkarinaukri.com/jobs/upsc-assistant-executive-engineer-electronics-recruitment-2026-apply-online-for-9-posts--4307","https://www.searchsarkarinaukri.com/jobs-in-not-specified","404","not specified sarkari naukri",""
"https://www.searchsarkarinaukri.com/jobs/upsc-assistant-executive-engineer-civil-recruitment-2026-apply-online-for-1-post--4306","https://www.searchsarkarinaukri.com/districts/not-specified","404","All government jobs in not specified",""
"https://www.searchsarkarinaukri.com/jobs/upsc-assistant-executive-engineer-civil-recruitment-2026-apply-online-for-1-post--4306","https://www.searchsarkarinaukri.com/jobs-in-not-specified","404","not specified sarkari naukri",""
"https://www.searchsarkarinaukri.com/jobs/upsc-assistant-director-engineering-recruitment-2026-apply-online-for-1-post--4308","https://www.searchsarkarinaukri.com/districts/not-specified","404","All government jobs in not specified",""
"https://www.searchsarkarinaukri.com/jobs/upsc-assistant-director-engineering-recruitment-2026-apply-online-for-1-post--4308","https://www.searchsarkarinaukri.com/jobs-in-not-specified","404","not specified sarkari naukri",""
"https://www.searchsarkarinaukri.com/jobs/hprca-clerk-recruitment-2026-apply-online-for-40-posts--4305","https://www.searchsarkarinaukri.com/districts/himachal-pradesh","404","All government jobs in himachal pradesh",""
"https://www.searchsarkarinaukri.com/jobs/hp-high-court-court-manager-recruitment-2026-apply-online-for-5-posts--4304","https://www.searchsarkarinaukri.com/districts/himachal-pradesh","404","All government jobs in himachal pradesh",""
"https://www.searchsarkarinaukri.com/jobs/hp-high-court-driver-recruitment-2026-apply-online-for-9-posts--4302","https://www.searchsarkarinaukri.com/districts/himachal-pradesh","404","All government jobs in himachal pradesh",""
"https://www.searchsarkarinaukri.com/jobs/hp-high-court-stenographer-grade-iii-recruitment-2026-apply-online-for-79-posts--4301","https://www.searchsarkarinaukri.com/districts/himachal-pradesh","404","All government jobs in himachal pradesh",""
"https://www.searchsarkarinaukri.com/jobs/hp-high-court-process-server-recruitment-2026-apply-online-for-65-posts--4303","https://www.searchsarkarinaukri.com/districts/himachal-pradesh","404","All government jobs in himachal pradesh",""
"https://www.searchsarkarinaukri.com/jobs/iocl-trade-apprentice-data-entry-operator-skill-certificate-holders-recruitment-2026-apply-online--4297","https://www.searchsarkarinaukri.com/districts/delhi","404","All government jobs in delhi",""
"https://www.searchsarkarinaukri.com/jobs/ap-mahesh-bank-officer-recruitment-2026-legal-department-2-posts--4299","https://www.searchsarkarinaukri.com/districts/head-office","404","All government jobs in head office",""
"https://www.searchsarkarinaukri.com/jobs/ap-mahesh-bank-officer-recruitment-2026-legal-department-2-posts--4299","https://www.searchsarkarinaukri.com/jobs-in-head-office","404","head office sarkari naukri",""
"https://www.searchsarkarinaukri.com/jobs/ap-mahesh-bank-assistant-general-manager-senior-manager-manager-recruitment-2026-legal-department--4298","https://www.searchsarkarinaukri.com/districts/head-office","404","All government jobs in head office",""
"https://www.searchsarkarinaukri.com/jobs/ap-mahesh-bank-assistant-general-manager-senior-manager-manager-recruitment-2026-legal-department--4298","https://www.searchsarkarinaukri.com/jobs-in-head-office","404","head office sarkari naukri",""
"https://www.searchsarkarinaukri.com/jobs/hp-high-court-clerk-recruitment-2026-apply-online-for-141-posts--4300","https://www.searchsarkarinaukri.com/districts/himachal-pradesh","404","All government jobs in himachal pradesh",""
"https://www.searchsarkarinaukri.com/jobs/iocl-trade-apprentice-instrument-mechanic-recruitment-2026-apply-online--4293","https://www.searchsarkarinaukri.com/districts/delhi","404","All government jobs in delhi",""
"https://www.searchsarkarinaukri.com/jobs/iocl-graduate-apprentice-recruitment-2026-apply-online-for-104-posts--4295","https://www.searchsarkarinaukri.com/districts/delhi","404","All government jobs in delhi",""
"https://www.searchsarkarinaukri.com/jobs/iocl-trade-apprentice-machinist-recruitment-2026-apply-online--4294","https://www.searchsarkarinaukri.com/districts/delhi","404","All government jobs in delhi",""
"https://www.searchsarkarinaukri.com/jobs/iocl-trade-apprentice-data-entry-operator-fresher-recruitment-2026-apply-online--4296","https://www.searchsarkarinaukri.com/districts/delhi","404","All government jobs in delhi",""
"https://www.searchsarkarinaukri.com/jobs/iocl-technician-apprentice-electronics-recruitment-2026-apply-online--4289","https://www.searchsarkarinaukri.com/districts/northern-region-%E2%80%93-delhi","404","All government jobs in northern region – delhi",""
"https://www.searchsarkarinaukri.com/jobs/iocl-technician-apprentice-electronics-recruitment-2026-apply-online--4289","https://www.searchsarkarinaukri.com/jobs-in-northern-region-%E2%80%93-delhi","404","northern region – delhi sarkari naukri",""
"https://www.searchsarkarinaukri.com/jobs/iocl-trade-apprentice-electrician-recruitment-2026-apply-online--4291","https://www.searchsarkarinaukri.com/districts/delhi","404","All government jobs in delhi",""
"https://www.searchsarkarinaukri.com/jobs/iocl-trade-apprentice-fitter-recruitment-2026-apply-online--4290","https://www.searchsarkarinaukri.com/districts/delhi","404","All government jobs in delhi",""
"https://www.searchsarkarinaukri.com/jobs/iocl-trade-apprentice-electronics-mechanic-recruitment-2026-apply-online--4292","https://www.searchsarkarinaukri.com/districts/delhi","404","All government jobs in delhi",""
"https://www.searchsarkarinaukri.com/jobs/iocl-technician-apprentice-civil-recruitment-2026-apply-online--4287","https://www.searchsarkarinaukri.com/districts/northern-region-%E2%80%93-delhi","404","All government jobs in northern region – delhi",""
"https://www.searchsarkarinaukri.com/jobs/iocl-technician-apprentice-civil-recruitment-2026-apply-online--4287","https://www.searchsarkarinaukri.com/jobs-in-northern-region-%E2%80%93-delhi","404","northern region – delhi sarkari naukri",""
"https://www.searchsarkarinaukri.com/jobs/iocl-technician-apprentice-electrical-recruitment-2026-apply-online--4285","https://www.searchsarkarinaukri.com/districts/northern-region-%E2%80%93-delhi","404","All government jobs in northern region – delhi",""
"https://www.searchsarkarinaukri.com/jobs/iocl-technician-apprentice-electrical-recruitment-2026-apply-online--4285","https://www.searchsarkarinaukri.com/jobs-in-northern-region-%E2%80%93-delhi","404","northern region – delhi sarkari naukri",""
"https://www.searchsarkarinaukri.com/jobs/iocl-technician-apprentice-instrumentation-recruitment-2026-apply-online--4286","https://www.searchsarkarinaukri.com/districts/northern-region-%E2%80%93-delhi","404","All government jobs in northern region – delhi",""
"https://www.searchsarkarinaukri.com/jobs/iocl-technician-apprentice-instrumentation-recruitment-2026-apply-online--4286","https://www.searchsarkarinaukri.com/jobs-in-northern-region-%E2%80%93-delhi","404","northern region – delhi sarkari naukri",""
"https://www.searchsarkarinaukri.com/jobs/iocl-technician-apprentice-electrical-electronics-recruitment-2026-apply-online--4288","https://www.searchsarkarinaukri.com/districts/northern-region-%E2%80%93-delhi","404","All government jobs in northern region – delhi",""
"https://www.searchsarkarinaukri.com/jobs/iocl-technician-apprentice-electrical-electronics-recruitment-2026-apply-online--4288","https://www.searchsarkarinaukri.com/jobs-in-northern-region-%E2%80%93-delhi","404","northern region – delhi sarkari naukri",""
"https://www.searchsarkarinaukri.com/jobs/iocl-technician-apprentice-mechanical-recruitment-2026-apply-online--4284","https://www.searchsarkarinaukri.com/districts/northern-region-%E2%80%93-delhi","404","All government jobs in northern region – delhi",""
"https://www.searchsarkarinaukri.com/jobs/iocl-technician-apprentice-mechanical-recruitment-2026-apply-online--4284","https://www.searchsarkarinaukri.com/jobs-in-northern-region-%E2%80%93-delhi","404","northern region – delhi sarkari naukri",""
"https://www.searchsarkarinaukri.com/jobs/indian-overseas-bank-local-bank-officer-recruitment-2026-maharashtra-50-posts--4282","https://www.searchsarkarinaukri.com/districts/maharashtra","404","All government jobs in maharashtra",""
"https://www.searchsarkarinaukri.com/jobs/indian-overseas-bank-local-bank-officer-recruitment-2026-karnataka-50-posts--4281","https://www.searchsarkarinaukri.com/districts/karnataka","404","All government jobs in karnataka",""
"https://www.searchsarkarinaukri.com/jobs/indian-overseas-bank-local-bank-officer-recruitment-2026-gujarat-50-posts--4283","https://www.searchsarkarinaukri.com/districts/gujarat","404","All government jobs in gujarat",""
"https://www.searchsarkarinaukri.com/jobs/indian-overseas-bank-local-bank-officer-recruitment-2026-tamil-nadu-100-posts--4280","https://www.searchsarkarinaukri.com/districts/tamil-nadu","404","All government jobs in tamil nadu",""
"https://www.searchsarkarinaukri.com/jobs/shs-bihar-md-medicine-physician-recruitment-2026-apply-online-for-60-posts--4253","https://www.searchsarkarinaukri.com/districts/various-districts","404","All government jobs in various districts",""
"https://www.searchsarkarinaukri.com/jobs/shs-bihar-md-medicine-physician-recruitment-2026-apply-online-for-60-posts--4253","https://www.searchsarkarinaukri.com/jobs-in-various-districts","404","various districts sarkari naukri",""
"https://www.searchsarkarinaukri.com/jobs/shs-bihar-orthopaedic-surgeon-recruitment-2026-apply-online-for-22-posts--4255","https://www.searchsarkarinaukri.com/districts/various-districts","404","All government jobs in various districts",""
"https://www.searchsarkarinaukri.com/jobs/shs-bihar-orthopaedic-surgeon-recruitment-2026-apply-online-for-22-posts--4255","https://www.searchsarkarinaukri.com/jobs-in-various-districts","404","various districts sarkari naukri",""
"https://www.searchsarkarinaukri.com/jobs/shs-bihar-general-surgeon-recruitment-2026-apply-online-for-27-posts--4254","https://www.searchsarkarinaukri.com/districts/various-districts","404","All government jobs in various districts",""
"https://www.searchsarkarinaukri.com/jobs/shs-bihar-general-surgeon-recruitment-2026-apply-online-for-27-posts--4254","https://www.searchsarkarinaukri.com/jobs-in-various-districts","404","various districts sarkari naukri",""
"https://www.searchsarkarinaukri.com/jobs/shs-bihar-paediatrician-recruitment-2026-apply-online-for-115-posts--4251","https://www.searchsarkarinaukri.com/districts/various-districts","404","All government jobs in various districts",""
"https://www.searchsarkarinaukri.com/jobs/shs-bihar-paediatrician-recruitment-2026-apply-online-for-115-posts--4251","https://www.searchsarkarinaukri.com/jobs-in-various-districts","404","various districts sarkari naukri",""
"https://www.searchsarkarinaukri.com/jobs/tslprb-warder-female-recruitment-2026-apply-online-for-12-posts--4249","https://www.searchsarkarinaukri.com/districts/telangana","404","All government jobs in telangana",""
"https://www.searchsarkarinaukri.com/jobs/shs-bihar-anaesthetist-recruitment-2026-apply-online-for-132-posts--4250","https://www.searchsarkarinaukri.com/jobs/132%20Posts","410","Apply Online","nofollow noopener"
"https://www.searchsarkarinaukri.com/jobs/shs-bihar-anaesthetist-recruitment-2026-apply-online-for-132-posts--4250","https://www.searchsarkarinaukri.com/districts/various-districts","404","All government jobs in various districts",""
"https://www.searchsarkarinaukri.com/jobs/shs-bihar-anaesthetist-recruitment-2026-apply-online-for-132-posts--4250","https://www.searchsarkarinaukri.com/jobs-in-various-districts","404","various districts sarkari naukri",""
"https://www.searchsarkarinaukri.com/jobs/shs-bihar-obstetrician-gynaecologist-recruitment-2026-apply-online-for-94-posts--4252","https://www.searchsarkarinaukri.com/districts/various-districts","404","All government jobs in various districts",""
"https://www.searchsarkarinaukri.com/jobs/shs-bihar-obstetrician-gynaecologist-recruitment-2026-apply-online-for-94-posts--4252","https://www.searchsarkarinaukri.com/jobs-in-various-districts","404","various districts sarkari naukri",""
"https://www.searchsarkarinaukri.com/jobs/tslprb-warder-male-recruitment-2026-apply-online-for-196-posts--4248","https://www.searchsarkarinaukri.com/districts/telangana","404","All government jobs in telangana",""
"https://www.searchsarkarinaukri.com/jobs/tslprb-fire-fighter-recruitment-2026-apply-online-for-751-posts--4247","https://www.searchsarkarinaukri.com/districts/telangana","404","All government jobs in telangana",""
"https://www.searchsarkarinaukri.com/jobs/tslprb-special-protection-force-spf-constable-recruitment-2026-apply-online-for-1-380-posts--4246","https://www.searchsarkarinaukri.com/districts/telangana","404","All government jobs in telangana",""
"https://www.searchsarkarinaukri.com/jobs/tslprb-sct-police-constable-sar-cpl-recruitment-2026-apply-online-for-24-posts--4245","https://www.searchsarkarinaukri.com/districts/telangana","404","All government jobs in telangana",""
"https://www.searchsarkarinaukri.com/jobs/tslprb-sct-police-constable-ar-recruitment-2026-apply-online-for-1-052-posts--4244","https://www.searchsarkarinaukri.com/districts/telangana","404","All government jobs in telangana",""
"https://www.searchsarkarinaukri.com/jobs/tslprb-sct-police-constable-civil-recruitment-2026-apply-online-for-3-697-posts--4243","https://www.searchsarkarinaukri.com/districts/telangana","404","All government jobs in telangana",""
"https://www.searchsarkarinaukri.com/jobs/mpesb-assistant-quality-inspector-recruitment-2026-apply-online-for-24-posts--4241","https://www.searchsarkarinaukri.com/districts/various-districts","404","All government jobs in various districts",""
"https://www.searchsarkarinaukri.com/jobs/mpesb-assistant-quality-inspector-recruitment-2026-apply-online-for-24-posts--4241","https://www.searchsarkarinaukri.com/jobs-in-various-districts","404","various districts sarkari naukri",""
"https://www.searchsarkarinaukri.com/jobs/mpesb-rural-horticulture-extension-officer-recruitment-2026-apply-online-for-20-posts--4242","https://www.searchsarkarinaukri.com/districts/various-districts","404","All government jobs in various districts",""
"https://www.searchsarkarinaukri.com/jobs/mpesb-rural-horticulture-extension-officer-recruitment-2026-apply-online-for-20-posts--4242","https://www.searchsarkarinaukri.com/jobs-in-various-districts","404","various districts sarkari naukri",""
"https://www.searchsarkarinaukri.com/jobs/mpesb-senior-assistant-cum-computer-operator-recruitment-2026-apply-online-for-53-posts--4240","https://www.searchsarkarinaukri.com/districts/various-districts","404","All government jobs in various districts",""
"https://www.searchsarkarinaukri.com/jobs/mpesb-senior-assistant-cum-computer-operator-recruitment-2026-apply-online-for-53-posts--4240","https://www.searchsarkarinaukri.com/jobs-in-various-districts","404","various districts sarkari naukri",""
"https://www.searchsarkarinaukri.com/jobs/mpesb-surveyor-recruitment-2026-apply-online-for-34-posts--4239","https://www.searchsarkarinaukri.com/districts/various-districts","404","All government jobs in various districts",""
"https://www.searchsarkarinaukri.com/jobs/mpesb-surveyor-recruitment-2026-apply-online-for-34-posts--4239","https://www.searchsarkarinaukri.com/jobs-in-various-districts","404","various districts sarkari naukri",""
"https://www.searchsarkarinaukri.com/jobs/mpesb-computer-operator-recruitment-2026-apply-online-for-124-posts--4238","https://www.searchsarkarinaukri.com/districts/various-districts","404","All government jobs in various districts",""
"https://www.searchsarkarinaukri.com/jobs/mpesb-computer-operator-recruitment-2026-apply-online-for-124-posts--4238","https://www.searchsarkarinaukri.com/jobs-in-various-districts","404","various districts sarkari naukri",""
"https://www.searchsarkarinaukri.com/jobs/mpesb-assistant-public-relations-officer-recruitment-2026-apply-online-for-365-posts--4237","https://www.searchsarkarinaukri.com/districts/various-districts","404","All government jobs in various districts",""
"https://www.searchsarkarinaukri.com/jobs/mpesb-assistant-public-relations-officer-recruitment-2026-apply-online-for-365-posts--4237","https://www.searchsarkarinaukri.com/jobs-in-various-districts","404","various districts sarkari naukri",""
"https://www.searchsarkarinaukri.com/jobs/mpesb-statistical-investigator-recruitment-2026-apply-online-for-88-posts--4233","https://www.searchsarkarinaukri.com/districts/various-districts","404","All government jobs in various districts",""
"https://www.searchsarkarinaukri.com/jobs/mpesb-statistical-investigator-recruitment-2026-apply-online-for-88-posts--4233","https://www.searchsarkarinaukri.com/jobs-in-various-districts","404","various districts sarkari naukri",""
"https://www.searchsarkarinaukri.com/jobs/mpesb-rural-agriculture-extension-officer-recruitment-2026-apply-online-for-82-posts--4234","https://www.searchsarkarinaukri.com/districts/various-districts","404","All government jobs in various districts",""
"https://www.searchsarkarinaukri.com/jobs/mpesb-rural-agriculture-extension-officer-recruitment-2026-apply-online-for-82-posts--4234","https://www.searchsarkarinaukri.com/jobs-in-various-districts","404","various districts sarkari naukri",""
"https://www.searchsarkarinaukri.com/jobs/mpesb-assistant-accountant-recruitment-2026-apply-online-for-72-posts--4235","https://www.searchsarkarinaukri.com/districts/various-districts","404","All government jobs in various districts",""
"https://www.searchsarkarinaukri.com/jobs/mpesb-assistant-accountant-recruitment-2026-apply-online-for-72-posts--4235","https://www.searchsarkarinaukri.com/jobs-in-various-districts","404","various districts sarkari naukri",""
"https://www.searchsarkarinaukri.com/jobs/mpesb-junior-assistant-recruitment-2026-apply-online-for-67-posts--4236","https://www.searchsarkarinaukri.com/districts/various-districts","404","All government jobs in various districts",""
"https://www.searchsarkarinaukri.com/jobs/mpesb-junior-assistant-recruitment-2026-apply-online-for-67-posts--4236","https://www.searchsarkarinaukri.com/jobs-in-various-districts","404","various districts sarkari naukri",""
"https://www.searchsarkarinaukri.com/jobs/mpesb-patwari-recruitment-2026-apply-online-for-200-posts-pwd--4230","https://www.searchsarkarinaukri.com/districts/various-districts","404","All government jobs in various districts",""
"https://www.searchsarkarinaukri.com/jobs/mpesb-patwari-recruitment-2026-apply-online-for-200-posts-pwd--4230","https://www.searchsarkarinaukri.com/jobs-in-various-districts","404","various districts sarkari naukri",""
"https://www.searchsarkarinaukri.com/jobs/indian-army-jag-entry-scheme-125th-course-recruitment-2026-apply-online-for-10-ssc-jag-posts--4229","https://www.searchsarkarinaukri.com/districts/across-india-(training-at-ota","404","All government jobs in across india (training at ota",""
"https://www.searchsarkarinaukri.com/jobs/indian-army-jag-entry-scheme-125th-course-recruitment-2026-apply-online-for-10-ssc-jag-posts--4229","https://www.searchsarkarinaukri.com/jobs-in-across-india-(training-at-ota","404","across india (training at ota sarkari naukri",""
"https://www.searchsarkarinaukri.com/jobs/mpesb-deputy-auditor-recruitment-2026-apply-online-for-105-posts--4232","https://www.searchsarkarinaukri.com/districts/madhya-pradesh","404","All government jobs in madhya pradesh",""
"https://www.searchsarkarinaukri.com/jobs/mpesb-assistant-sub-inspector-recruitment-2026-apply-online-for-530-posts--4231","https://www.searchsarkarinaukri.com/districts/madhya-pradesh","404","All government jobs in madhya pradesh",""
"https://www.searchsarkarinaukri.com/jobs/csir-nal-project-associate-ii-recruitment-2026-walk-in-for-37-posts--4225","https://www.searchsarkarinaukri.com/districts/bengaluru","404","All government jobs in bengaluru",""
"https://www.searchsarkarinaukri.com/jobs/csir-nal-project-associate-ii-recruitment-2026-walk-in-for-37-posts--4225","https://www.searchsarkarinaukri.com/jobs-in-bengaluru","404","bengaluru sarkari naukri",""
"https://www.searchsarkarinaukri.com/jobs/csir-nal-principal-project-associate-recruitment-2026-walk-in-for-1-post--4228","https://www.searchsarkarinaukri.com/districts/bengaluru","404","All government jobs in bengaluru",""
"https://www.searchsarkarinaukri.com/jobs/csir-nal-principal-project-associate-recruitment-2026-walk-in-for-1-post--4228","https://www.searchsarkarinaukri.com/jobs-in-bengaluru","404","bengaluru sarkari naukri",""
"https://www.searchsarkarinaukri.com/jobs/csir-nal-senior-project-associate-recruitment-2026-walk-in-for-4-posts--4227","https://www.searchsarkarinaukri.com/districts/bengaluru","404","All government jobs in bengaluru",""
"https://www.searchsarkarinaukri.com/jobs/csir-nal-senior-project-associate-recruitment-2026-walk-in-for-4-posts--4227","https://www.searchsarkarinaukri.com/jobs-in-bengaluru","404","bengaluru sarkari naukri",""
"https://www.searchsarkarinaukri.com/jobs/csir-nal-project-associate-ii-net-gate-recruitment-2026-walk-in-for-2-posts--4226","https://www.searchsarkarinaukri.com/districts/bengaluru","404","All government jobs in bengaluru",""
"https://www.searchsarkarinaukri.com/jobs/csir-nal-project-associate-ii-net-gate-recruitment-2026-walk-in-for-2-posts--4226","https://www.searchsarkarinaukri.com/jobs-in-bengaluru","404","bengaluru sarkari naukri",""
"https://www.searchsarkarinaukri.com/jobs/csir-nal-project-assistant-ii-recruitment-2026-walk-in-for-5-posts--4222","https://www.searchsarkarinaukri.com/districts/bengaluru","404","All government jobs in bengaluru",""
"https://www.searchsarkarinaukri.com/jobs/csir-nal-project-assistant-ii-recruitment-2026-walk-in-for-5-posts--4222","https://www.searchsarkarinaukri.com/jobs-in-bengaluru","404","bengaluru sarkari naukri",""
"https://www.searchsarkarinaukri.com/jobs/csir-nal-project-associate-i-net-gate-recruitment-2026-walk-in-for-1-post--4224","https://www.searchsarkarinaukri.com/districts/bengaluru","404","All government jobs in bengaluru",""
"https://www.searchsarkarinaukri.com/jobs/csir-nal-project-associate-i-net-gate-recruitment-2026-walk-in-for-1-post--4224","https://www.searchsarkarinaukri.com/jobs-in-bengaluru","404","bengaluru sarkari naukri",""
"https://www.searchsarkarinaukri.com/jobs/csir-nal-project-assistant-i-recruitment-2026-walk-in-for-8-posts--4221","https://www.searchsarkarinaukri.com/districts/bengaluru","404","All government jobs in bengaluru",""
"https://www.searchsarkarinaukri.com/jobs/csir-nal-project-assistant-i-recruitment-2026-walk-in-for-8-posts--4221","https://www.searchsarkarinaukri.com/jobs-in-bengaluru","404","bengaluru sarkari naukri",""
"https://www.searchsarkarinaukri.com/jobs/csir-nal-project-associate-i-recruitment-2026-walk-in-for-31-posts--4223","https://www.searchsarkarinaukri.com/districts/bengaluru","404","All government jobs in bengaluru",""
"https://www.searchsarkarinaukri.com/jobs/csir-nal-project-associate-i-recruitment-2026-walk-in-for-31-posts--4223","https://www.searchsarkarinaukri.com/jobs-in-bengaluru","404","bengaluru sarkari naukri",""
"https://www.searchsarkarinaukri.com/jobs/vasantrao-naik-college-yavatmal-vasantrao-naik-college-yavatmal-2026--4204","https://www.searchsarkarinaukri.com/jobs-in-yavatmal","404","yavatmal sarkari naukri",""
"https://www.searchsarkarinaukri.com/jobs/dr-balasaheb-sawant-konkan-krishi-vidyapeeth-dapoli-dr-balasaheb-sawant-konkan-krishi-vidyapeeth-202--4201","https://www.searchsarkarinaukri.com/jobs-in-ratnagiri","404","ratnagiri sarkari naukri",""
"https://www.searchsarkarinaukri.com/jobs/prakasam-dccb-staff-assistant-recruitment-2026-apply-online-for-60-posts--4192","https://www.searchsarkarinaukri.com/districts/prakasam","404","All government jobs in prakasam",""
"https://www.searchsarkarinaukri.com/jobs/prakasam-dccb-staff-assistant-recruitment-2026-apply-online-for-60-posts--4192","https://www.searchsarkarinaukri.com/jobs-in-prakasam","404","prakasam sarkari naukri",""
"https://www.searchsarkarinaukri.com/jobs/kadapa-dccb-staff-assistant-recruitment-2026-apply-online-for-40-posts--4190","https://www.searchsarkarinaukri.com/districts/kadapa","404","All government jobs in kadapa",""
"https://www.searchsarkarinaukri.com/jobs/kadapa-dccb-staff-assistant-recruitment-2026-apply-online-for-40-posts--4190","https://www.searchsarkarinaukri.com/jobs-in-kadapa","404","kadapa sarkari naukri",""
"https://www.searchsarkarinaukri.com/jobs/nellore-dccb-staff-assistant-recruitment-2026-apply-online-for-48-posts--4191","https://www.searchsarkarinaukri.com/districts/nellore","404","All government jobs in nellore",""
"https://www.searchsarkarinaukri.com/jobs/nellore-dccb-staff-assistant-recruitment-2026-apply-online-for-48-posts--4191","https://www.searchsarkarinaukri.com/jobs-in-nellore","404","nellore sarkari naukri",""
"https://www.searchsarkarinaukri.com/jobs/chittoor-dccb-staff-assistant-recruitment-2026-apply-online-for-75-posts--4189","https://www.searchsarkarinaukri.com/districts/chittoor","404","All government jobs in chittoor",""
"https://www.searchsarkarinaukri.com/jobs/chittoor-dccb-staff-assistant-recruitment-2026-apply-online-for-75-posts--4189","https://www.searchsarkarinaukri.com/jobs-in-chittoor","404","chittoor sarkari naukri",""
"https://www.searchsarkarinaukri.com/jobs/apcob-staff-assistant-recruitment-2026-apply-online-for-295-posts--4188","https://www.searchsarkarinaukri.com/districts/chittoor","404","All government jobs in chittoor",""
"https://www.searchsarkarinaukri.com/jobs/apcob-staff-assistant-recruitment-2026-apply-online-for-295-posts--4188","https://www.searchsarkarinaukri.com/jobs-in-chittoor","404","chittoor sarkari naukri",""
"https://www.searchsarkarinaukri.com/jobs/apcob-assistant-manager-recruitment-2026-apply-online-for-43-posts--4187","https://www.searchsarkarinaukri.com/districts/kadapa-dccb-&-prakasam-dccb","404","All government jobs in kadapa dccb & prakasam dccb",""
"https://www.searchsarkarinaukri.com/jobs/apcob-assistant-manager-recruitment-2026-apply-online-for-43-posts--4187","https://www.searchsarkarinaukri.com/jobs-in-kadapa-dccb-&-prakasam-dccb","404","kadapa dccb & prakasam dccb sarkari naukri",""
"https://www.searchsarkarinaukri.com/jobs/ntpc-deputy-manager-recruitment-2026-apply-online-for-135-posts--4186","https://www.searchsarkarinaukri.com/districts/across-ntpc-locations","404","All government jobs in across ntpc locations",""
"https://www.searchsarkarinaukri.com/jobs/ntpc-deputy-manager-recruitment-2026-apply-online-for-135-posts--4186","https://www.searchsarkarinaukri.com/jobs-in-across-ntpc-locations","404","across ntpc locations sarkari naukri",""
"https://www.searchsarkarinaukri.com/jobs/bank-of-baroda-chief-manager-investor-relations-recruitment-2026-apply-online-for-1-post--4182","https://www.searchsarkarinaukri.com/districts/anywhere-in-india","404","All government jobs in anywhere in india",""
"https://www.searchsarkarinaukri.com/jobs/bank-of-baroda-chief-manager-investor-relations-recruitment-2026-apply-online-for-1-post--4182","https://www.searchsarkarinaukri.com/jobs-in-anywhere-in-india","404","anywhere in india sarkari naukri",""
"https://www.searchsarkarinaukri.com/jobs/ntpc-deputy-manager-electrical-recruitment-2026-apply-online-for-40-posts--4183","https://www.searchsarkarinaukri.com/districts/across-ntpc-locations","404","All government jobs in across ntpc locations",""
"https://www.searchsarkarinaukri.com/jobs/ntpc-deputy-manager-electrical-recruitment-2026-apply-online-for-40-posts--4183","https://www.searchsarkarinaukri.com/jobs-in-across-ntpc-locations","404","across ntpc locations sarkari naukri",""
"https://www.searchsarkarinaukri.com/jobs/ntpc-deputy-manager-mechanical-recruitment-2026-apply-online-for-55-posts--4184","https://www.searchsarkarinaukri.com/districts/across-ntpc-locations","404","All government jobs in across ntpc locations",""
"https://www.searchsarkarinaukri.com/jobs/ntpc-deputy-manager-mechanical-recruitment-2026-apply-online-for-55-posts--4184","https://www.searchsarkarinaukri.com/jobs-in-across-ntpc-locations","404","across ntpc locations sarkari naukri",""
"https://www.searchsarkarinaukri.com/jobs/ntpc-deputy-manager-control-instrumentation-recruitment-2026-apply-online-for-40-posts--4185","https://www.searchsarkarinaukri.com/districts/across-ntpc-locations","404","All government jobs in across ntpc locations",""
"https://www.searchsarkarinaukri.com/jobs/ntpc-deputy-manager-control-instrumentation-recruitment-2026-apply-online-for-40-posts--4185","https://www.searchsarkarinaukri.com/jobs-in-across-ntpc-locations","404","across ntpc locations sarkari naukri",""
"https://www.searchsarkarinaukri.com/jobs/bank-of-baroda-senior-manager-accounts-recruitment-2026-apply-online-for-2-posts--4181","https://www.searchsarkarinaukri.com/districts/anywhere-in-india","404","All government jobs in anywhere in india",""
"https://www.searchsarkarinaukri.com/jobs/bank-of-baroda-senior-manager-accounts-recruitment-2026-apply-online-for-2-posts--4181","https://www.searchsarkarinaukri.com/jobs-in-anywhere-in-india","404","anywhere in india sarkari naukri",""
"https://www.searchsarkarinaukri.com/jobs/bank-of-baroda-manager-accounts-recruitment-2026-apply-online-for-5-posts--4179","https://www.searchsarkarinaukri.com/districts/anywhere-in-india","404","All government jobs in anywhere in india",""
"https://www.searchsarkarinaukri.com/jobs/bank-of-baroda-manager-accounts-recruitment-2026-apply-online-for-5-posts--4179","https://www.searchsarkarinaukri.com/jobs-in-anywhere-in-india","404","anywhere in india sarkari naukri",""
"https://www.searchsarkarinaukri.com/jobs/bank-of-baroda-manager-taxation-recruitment-2026-apply-online-for-5-posts--4178","https://www.searchsarkarinaukri.com/districts/anywhere-in-india","404","All government jobs in anywhere in india",""
"https://www.searchsarkarinaukri.com/jobs/bank-of-baroda-manager-taxation-recruitment-2026-apply-online-for-5-posts--4178","https://www.searchsarkarinaukri.com/jobs-in-anywhere-in-india","404","anywhere in india sarkari naukri",""
"https://www.searchsarkarinaukri.com/jobs/bank-of-baroda-senior-manager-taxation-recruitment-2026-apply-online-for-2-posts--4180","https://www.searchsarkarinaukri.com/districts/anywhere-in-india","404","All government jobs in anywhere in india",""
"https://www.searchsarkarinaukri.com/jobs/bank-of-baroda-senior-manager-taxation-recruitment-2026-apply-online-for-2-posts--4180","https://www.searchsarkarinaukri.com/jobs-in-anywhere-in-india","404","anywhere in india sarkari naukri",""
"https://www.searchsarkarinaukri.com/jobs/bank-of-baroda-senior-manager-dq-analyst-recruitment-2026-apply-online-for-2-posts--4176","https://www.searchsarkarinaukri.com/districts/anywhere-in-india","404","All government jobs in anywhere in india",""
"https://www.searchsarkarinaukri.com/jobs/bank-of-baroda-senior-manager-dq-analyst-recruitment-2026-apply-online-for-2-posts--4176","https://www.searchsarkarinaukri.com/jobs-in-anywhere-in-india","404","anywhere in india sarkari naukri",""
"https://www.searchsarkarinaukri.com/jobs/bank-of-baroda-senior-manager-data-profiling-recruitment-2026-apply-online-for-2-posts--4175","https://www.searchsarkarinaukri.com/districts/anywhere-in-india","404","All government jobs in anywhere in india",""
"https://www.searchsarkarinaukri.com/jobs/bank-of-baroda-senior-manager-data-profiling-recruitment-2026-apply-online-for-2-posts--4175","https://www.searchsarkarinaukri.com/jobs-in-anywhere-in-india","404","anywhere in india sarkari naukri",""
"https://www.searchsarkarinaukri.com/jobs/bank-of-baroda-senior-manager-bi-dashboard-development-recruitment-2026-apply-online-for-8-posts--4177","https://www.searchsarkarinaukri.com/districts/anywhere-in-india","404","All government jobs in anywhere in india",""
"https://www.searchsarkarinaukri.com/jobs/bank-of-baroda-senior-manager-bi-dashboard-development-recruitment-2026-apply-online-for-8-posts--4177","https://www.searchsarkarinaukri.com/jobs-in-anywhere-in-india","404","anywhere in india sarkari naukri",""
"https://www.searchsarkarinaukri.com/jobs/bank-of-baroda-senior-manager-data-scientist-recruitment-2026-apply-online-for-1-post--4174","https://www.searchsarkarinaukri.com/districts/anywhere-in-india","404","All government jobs in anywhere in india",""
"https://www.searchsarkarinaukri.com/jobs/bank-of-baroda-senior-manager-data-scientist-recruitment-2026-apply-online-for-1-post--4174","https://www.searchsarkarinaukri.com/jobs-in-anywhere-in-india","404","anywhere in india sarkari naukri",""
"https://www.searchsarkarinaukri.com/jobs/bank-of-baroda-manager-information-security-recruitment-2026-apply-online-for-13-posts--4170","https://www.searchsarkarinaukri.com/districts/anywhere-in-india","404","All government jobs in anywhere in india",""
"https://www.searchsarkarinaukri.com/jobs/bank-of-baroda-manager-information-security-recruitment-2026-apply-online-for-13-posts--4170","https://www.searchsarkarinaukri.com/jobs-in-anywhere-in-india","404","anywhere in india sarkari naukri",""
"https://www.searchsarkarinaukri.com/jobs/bank-of-baroda-senior-manager-information-security-recruitment-2026-apply-online-for-3-posts--4171","https://www.searchsarkarinaukri.com/districts/anywhere-in-india","404","All government jobs in anywhere in india",""
"https://www.searchsarkarinaukri.com/jobs/bank-of-baroda-senior-manager-information-security-recruitment-2026-apply-online-for-3-posts--4171","https://www.searchsarkarinaukri.com/jobs-in-anywhere-in-india","404","anywhere in india sarkari naukri",""
"https://www.searchsarkarinaukri.com/jobs/bank-of-baroda-chief-manager-data-scientist-recruitment-2026-apply-online-for-1-post--4173","https://www.searchsarkarinaukri.com/districts/anywhere-in-india","404","All government jobs in anywhere in india",""
"https://www.searchsarkarinaukri.com/jobs/bank-of-baroda-chief-manager-data-scientist-recruitment-2026-apply-online-for-1-post--4173","https://www.searchsarkarinaukri.com/jobs-in-anywhere-in-india","404","anywhere in india sarkari naukri",""
"https://www.searchsarkarinaukri.com/jobs/bank-of-baroda-manager-security-recruitment-2026-apply-online-for-54-posts--4172","https://www.searchsarkarinaukri.com/districts/anywhere-in-india","404","All government jobs in anywhere in india",""
"https://www.searchsarkarinaukri.com/jobs/bank-of-baroda-manager-security-recruitment-2026-apply-online-for-54-posts--4172","https://www.searchsarkarinaukri.com/jobs-in-anywhere-in-india","404","anywhere in india sarkari naukri",""
"https://www.searchsarkarinaukri.com/jobs/bank-of-baroda-technical-officer-electrical-engineer-recruitment-2026-apply-online-for-15-posts--4167","https://www.searchsarkarinaukri.com/districts/anywhere-in-india","404","All government jobs in anywhere in india",""
"https://www.searchsarkarinaukri.com/jobs/bank-of-baroda-technical-officer-electrical-engineer-recruitment-2026-apply-online-for-15-posts--4167","https://www.searchsarkarinaukri.com/jobs-in-anywhere-in-india","404","anywhere in india sarkari naukri",""
"https://www.searchsarkarinaukri.com/jobs/bank-of-baroda-technical-senior-manager-electrical-engineer-recruitment-2026-apply-online-for-2-posts--4169","https://www.searchsarkarinaukri.com/districts/anywhere-in-india","404","All government jobs in anywhere in india",""
"https://www.searchsarkarinaukri.com/jobs/bank-of-baroda-technical-senior-manager-electrical-engineer-recruitment-2026-apply-online-for-2-posts--4169","https://www.searchsarkarinaukri.com/jobs-in-anywhere-in-india","404","anywhere in india sarkari naukri",""
"https://www.searchsarkarinaukri.com/jobs/bank-of-baroda-technical-manager-electrical-engineer-recruitment-2026-apply-online-for-9-posts--4168","https://www.searchsarkarinaukri.com/districts/anywhere-in-india","404","All government jobs in anywhere in india",""
"https://www.searchsarkarinaukri.com/jobs/bank-of-baroda-technical-manager-electrical-engineer-recruitment-2026-apply-online-for-9-posts--4168","https://www.searchsarkarinaukri.com/jobs-in-anywhere-in-india","404","anywhere in india sarkari naukri",""
"https://www.searchsarkarinaukri.com/jobs/bank-of-baroda-technical-senior-manager-civil-engineer-recruitment-2026-apply-online-for-6-posts--4166","https://www.searchsarkarinaukri.com/districts/anywhere-in-india","404","All government jobs in anywhere in india",""
"https://www.searchsarkarinaukri.com/jobs/bank-of-baroda-technical-senior-manager-civil-engineer-recruitment-2026-apply-online-for-6-posts--4166","https://www.searchsarkarinaukri.com/jobs-in-anywhere-in-india","404","anywhere in india sarkari naukri",""
"https://www.searchsarkarinaukri.com/jobs/bank-of-baroda-technical-manager-civil-engineer-recruitment-2026-apply-online-for-21-posts--4165","https://www.searchsarkarinaukri.com/districts/anywhere-in-india","404","All government jobs in anywhere in india",""
"https://www.searchsarkarinaukri.com/jobs/bank-of-baroda-technical-manager-civil-engineer-recruitment-2026-apply-online-for-21-posts--4165","https://www.searchsarkarinaukri.com/jobs-in-anywhere-in-india","404","anywhere in india sarkari naukri",""
"https://www.searchsarkarinaukri.com/jobs/bank-of-baroda-senior-manager-digital-product-recruitment-2026-apply-online-for-1-post--4162","https://www.searchsarkarinaukri.com/districts/anywhere-in-india","404","All government jobs in anywhere in india",""
"https://www.searchsarkarinaukri.com/jobs/bank-of-baroda-senior-manager-digital-product-recruitment-2026-apply-online-for-1-post--4162","https://www.searchsarkarinaukri.com/jobs-in-anywhere-in-india","404","anywhere in india sarkari naukri",""
"https://www.searchsarkarinaukri.com/jobs/bank-of-baroda-product-manager-digital-lending-recruitment-2026-apply-online-for-5-posts--4163","https://www.searchsarkarinaukri.com/districts/anywhere-in-india","404","All government jobs in anywhere in india",""
"https://www.searchsarkarinaukri.com/jobs/bank-of-baroda-product-manager-digital-lending-recruitment-2026-apply-online-for-5-posts--4163","https://www.searchsarkarinaukri.com/jobs-in-anywhere-in-india","404","anywhere in india sarkari naukri",""
"https://www.searchsarkarinaukri.com/jobs/bank-of-baroda-technical-officer-civil-engineer-recruitment-2026-apply-online-for-35-posts--4164","https://www.searchsarkarinaukri.com/districts/anywhere-in-india","404","All government jobs in anywhere in india",""
"https://www.searchsarkarinaukri.com/jobs/bank-of-baroda-technical-officer-civil-engineer-recruitment-2026-apply-online-for-35-posts--4164","https://www.searchsarkarinaukri.com/jobs-in-anywhere-in-india","404","anywhere in india sarkari naukri",""
"https://www.searchsarkarinaukri.com/jobs/bank-of-baroda-manager-digital-product-recruitment-2026-apply-online-for-13-posts--4161","https://www.searchsarkarinaukri.com/districts/anywhere-in-india","404","All government jobs in anywhere in india",""
"https://www.searchsarkarinaukri.com/jobs/bank-of-baroda-manager-digital-product-recruitment-2026-apply-online-for-13-posts--4161","https://www.searchsarkarinaukri.com/jobs-in-anywhere-in-india","404","anywhere in india sarkari naukri",""
"https://www.searchsarkarinaukri.com/jobs/mahapareshan-yavatmal-mahapareshan-yavatmal-2026--4147","https://www.searchsarkarinaukri.com/jobs-in-yavatmal","404","yavatmal sarkari naukri",""
"https://www.searchsarkarinaukri.com/jobs/sgbau-amravati-sgbau-amravati-2026--4143","https://www.searchsarkarinaukri.com/jobs-in-amravati","404","amravati sarkari naukri",""
"https://www.searchsarkarinaukri.com/jobs/adivasi-gramin-vikas-shikshan-sanstha-gadchiroli-adivasi-gramin-vikas-shikshan-sanstha-gadchiroli-20--4140","https://www.searchsarkarinaukri.com/jobs-in-gadchiroli","404","gadchiroli sarkari naukri",""
"https://www.searchsarkarinaukri.com/jobs/aweil-junior-executive-finance-trainee-recruitment-2026-apply-offline-for-6-posts--4119","https://www.searchsarkarinaukri.com/districts/kanpur","404","All government jobs in kanpur",""
"https://www.searchsarkarinaukri.com/jobs/aweil-executive-finance-trainee-recruitment-2026-apply-offline-for-3-posts--4118","https://www.searchsarkarinaukri.com/districts/kanpur","404","All government jobs in kanpur",""
"https://www.searchsarkarinaukri.com/jobs/aweil-executive-finance-recruitment-2026-apply-offline-for-9-posts--4117","https://www.searchsarkarinaukri.com/districts/kanpur","404","All government jobs in kanpur",""
"https://www.searchsarkarinaukri.com/jobs/rites-deputy-general-manager-joint-program-manager-recruitment-2026-apply-online-for-1-post--4114","https://www.searchsarkarinaukri.com/districts/india-/-abroad-(as-per-rites-requirement)","404","All government jobs in india / abroad (as per rites requirement)",""
"https://www.searchsarkarinaukri.com/jobs/rites-deputy-general-manager-joint-program-manager-recruitment-2026-apply-online-for-1-post--4114","https://www.searchsarkarinaukri.com/jobs-in-india-/-abroad-(as-per-rites-requirement)","404","india / abroad (as per rites requirement) sarkari naukri",""
"https://www.searchsarkarinaukri.com/jobs/rites-manager-api-developer-recruitment-2026-apply-online-for-1-post--4116","https://www.searchsarkarinaukri.com/districts/india-/-abroad-(as-per-rites-requirement)","404","All government jobs in india / abroad (as per rites requirement)",""
"https://www.searchsarkarinaukri.com/jobs/rites-manager-api-developer-recruitment-2026-apply-online-for-1-post--4116","https://www.searchsarkarinaukri.com/jobs-in-india-/-abroad-(as-per-rites-requirement)","404","india / abroad (as per rites requirement) sarkari naukri",""
"https://www.searchsarkarinaukri.com/jobs/rites-senior-manager-cyber-security-expert-recruitment-2026-apply-online-for-1-post--4115","https://www.searchsarkarinaukri.com/districts/india-/-abroad-(as-per-rites-requirement)","404","All government jobs in india / abroad (as per rites requirement)",""
"https://www.searchsarkarinaukri.com/jobs/rites-senior-manager-cyber-security-expert-recruitment-2026-apply-online-for-1-post--4115","https://www.searchsarkarinaukri.com/jobs-in-india-/-abroad-(as-per-rites-requirement)","404","india / abroad (as per rites requirement) sarkari naukri",""
"https://www.searchsarkarinaukri.com/jobs/clw-sports-quota-recruitment-2026-apply-offline-for-25-posts--4113","https://www.searchsarkarinaukri.com/districts/chittaranjan","404","All government jobs in chittaranjan",""
"https://www.searchsarkarinaukri.com/jobs/clw-sports-quota-recruitment-2026-apply-offline-for-25-posts--4113","https://www.searchsarkarinaukri.com/jobs-in-chittaranjan","404","chittaranjan sarkari naukri",""
"https://www.searchsarkarinaukri.com/jobs/clw-level-5-level-4-sports-quota-recruitment-2026-apply-offline-for-2-posts--4112","https://www.searchsarkarinaukri.com/districts/chittaranjan","404","All government jobs in chittaranjan",""
"https://www.searchsarkarinaukri.com/jobs/clw-level-5-level-4-sports-quota-recruitment-2026-apply-offline-for-2-posts--4112","https://www.searchsarkarinaukri.com/jobs-in-chittaranjan","404","chittaranjan sarkari naukri",""
"https://www.searchsarkarinaukri.com/jobs/clw-swimming-men-sports-quota-recruitment-2026-apply-offline-for-1-post--4109","https://www.searchsarkarinaukri.com/districts/chittaranjan","404","All government jobs in chittaranjan",""
"https://www.searchsarkarinaukri.com/jobs/clw-swimming-men-sports-quota-recruitment-2026-apply-offline-for-1-post--4109","https://www.searchsarkarinaukri.com/jobs-in-chittaranjan","404","chittaranjan sarkari naukri",""
"https://www.searchsarkarinaukri.com/jobs/clw-swimming-women-sports-quota-recruitment-2026-apply-offline-for-1-post--4110","https://www.searchsarkarinaukri.com/districts/chittaranjan","404","All government jobs in chittaranjan",""
"https://www.searchsarkarinaukri.com/jobs/clw-swimming-women-sports-quota-recruitment-2026-apply-offline-for-1-post--4110","https://www.searchsarkarinaukri.com/jobs-in-chittaranjan","404","chittaranjan sarkari naukri",""
"https://www.searchsarkarinaukri.com/jobs/clw-shooting-men-sports-quota-recruitment-2026-apply-offline-for-1-post--4111","https://www.searchsarkarinaukri.com/districts/chittaranjan","404","All government jobs in chittaranjan",""
"https://www.searchsarkarinaukri.com/jobs/clw-shooting-men-sports-quota-recruitment-2026-apply-offline-for-1-post--4111","https://www.searchsarkarinaukri.com/jobs-in-chittaranjan","404","chittaranjan sarkari naukri",""
"https://www.searchsarkarinaukri.com/jobs/clw-gymnastics-men-sports-quota-recruitment-2026-apply-offline-for-2-posts--4107","https://www.searchsarkarinaukri.com/districts/chittaranjan","404","All government jobs in chittaranjan",""
"https://www.searchsarkarinaukri.com/jobs/clw-gymnastics-men-sports-quota-recruitment-2026-apply-offline-for-2-posts--4107","https://www.searchsarkarinaukri.com/jobs-in-chittaranjan","404","chittaranjan sarkari naukri",""
"https://www.searchsarkarinaukri.com/jobs/clw-gymnastics-women-sports-quota-recruitment-2026-apply-offline-for-1-post--4108","https://www.searchsarkarinaukri.com/districts/chittaranjan","404","All government jobs in chittaranjan",""
"https://www.searchsarkarinaukri.com/jobs/clw-gymnastics-women-sports-quota-recruitment-2026-apply-offline-for-1-post--4108","https://www.searchsarkarinaukri.com/jobs-in-chittaranjan","404","chittaranjan sarkari naukri",""
"https://www.searchsarkarinaukri.com/jobs/clw-football-men-sports-quota-recruitment-2026-apply-offline-for-3-posts--4106","https://www.searchsarkarinaukri.com/districts/chittaranjan","404","All government jobs in chittaranjan",""
"https://www.searchsarkarinaukri.com/jobs/clw-football-men-sports-quota-recruitment-2026-apply-offline-for-3-posts--4106","https://www.searchsarkarinaukri.com/jobs-in-chittaranjan","404","chittaranjan sarkari naukri",""
"https://www.searchsarkarinaukri.com/jobs/clw-golf-men-sports-quota-recruitment-2026-apply-offline-for-1-post--4105","https://www.searchsarkarinaukri.com/districts/chittaranjan","404","All government jobs in chittaranjan",""
"https://www.searchsarkarinaukri.com/jobs/clw-golf-men-sports-quota-recruitment-2026-apply-offline-for-1-post--4105","https://www.searchsarkarinaukri.com/jobs-in-chittaranjan","404","chittaranjan sarkari naukri",""
"https://www.searchsarkarinaukri.com/jobs/clw-basketball-women-sports-quota-recruitment-2026-apply-offline-for-3-posts--4104","https://www.searchsarkarinaukri.com/districts/chittaranjan","404","All government jobs in chittaranjan",""
"https://www.searchsarkarinaukri.com/jobs/clw-basketball-women-sports-quota-recruitment-2026-apply-offline-for-3-posts--4104","https://www.searchsarkarinaukri.com/jobs-in-chittaranjan","404","chittaranjan sarkari naukri",""
"https://www.searchsarkarinaukri.com/jobs/clw-basketball-men-sports-quota-recruitment-2026-apply-offline-for-4-posts--4103","https://www.searchsarkarinaukri.com/districts/chittaranjan","404","All government jobs in chittaranjan",""
"https://www.searchsarkarinaukri.com/jobs/clw-basketball-men-sports-quota-recruitment-2026-apply-offline-for-4-posts--4103","https://www.searchsarkarinaukri.com/jobs-in-chittaranjan","404","chittaranjan sarkari naukri",""
"https://www.searchsarkarinaukri.com/jobs/clw-badminton-women-singles-sports-quota-recruitment-2026-apply-offline-for-2-posts--4101","https://www.searchsarkarinaukri.com/districts/chittaranjan","404","All government jobs in chittaranjan",""
"https://www.searchsarkarinaukri.com/jobs/clw-badminton-women-singles-sports-quota-recruitment-2026-apply-offline-for-2-posts--4101","https://www.searchsarkarinaukri.com/jobs-in-chittaranjan","404","chittaranjan sarkari naukri",""
"https://www.searchsarkarinaukri.com/jobs/clw-badminton-men-singles-sports-quota-recruitment-2026-apply-offline-for-2-posts--4102","https://www.searchsarkarinaukri.com/districts/chittaranjan","404","All government jobs in chittaranjan",""
"https://www.searchsarkarinaukri.com/jobs/clw-badminton-men-singles-sports-quota-recruitment-2026-apply-offline-for-2-posts--4102","https://www.searchsarkarinaukri.com/jobs-in-chittaranjan","404","chittaranjan sarkari naukri",""
"https://www.searchsarkarinaukri.com/jobs/territorial-army-soldier-clerk-recruitment-rally-2026-apply-for-1-post--4098","https://www.searchsarkarinaukri.com/districts/pithoragarh","404","All government jobs in pithoragarh",""
"https://www.searchsarkarinaukri.com/jobs/territorial-army-soldier-clerk-recruitment-rally-2026-apply-for-1-post--4098","https://www.searchsarkarinaukri.com/jobs-in-pithoragarh","404","pithoragarh sarkari naukri",""
"https://www.searchsarkarinaukri.com/jobs/clw-archery-men-recurve-sports-quota-recruitment-2026-apply-offline-for-2-posts--4099","https://www.searchsarkarinaukri.com/districts/chittaranjan","404","All government jobs in chittaranjan",""
"https://www.searchsarkarinaukri.com/jobs/clw-archery-men-recurve-sports-quota-recruitment-2026-apply-offline-for-2-posts--4099","https://www.searchsarkarinaukri.com/jobs-in-chittaranjan","404","chittaranjan sarkari naukri",""
"https://www.searchsarkarinaukri.com/jobs/territorial-army-soldier-black-smith-recruitment-rally-2026-apply-for-1-post--4097","https://www.searchsarkarinaukri.com/districts/pithoragarh","404","All government jobs in pithoragarh",""
"https://www.searchsarkarinaukri.com/jobs/territorial-army-soldier-black-smith-recruitment-rally-2026-apply-for-1-post--4097","https://www.searchsarkarinaukri.com/jobs-in-pithoragarh","404","pithoragarh sarkari naukri",""
"https://www.searchsarkarinaukri.com/jobs/clw-archery-women-compound-sports-quota-recruitment-2026-apply-offline-for-2-posts--4100","https://www.searchsarkarinaukri.com/districts/chittaranjan","404","All government jobs in chittaranjan",""
"https://www.searchsarkarinaukri.com/jobs/clw-archery-women-compound-sports-quota-recruitment-2026-apply-offline-for-2-posts--4100","https://www.searchsarkarinaukri.com/jobs-in-chittaranjan","404","chittaranjan sarkari naukri",""
"https://www.searchsarkarinaukri.com/jobs/territorial-army-soldier-equipment-repairer-recruitment-rally-2026-apply-for-2-posts--4095","https://www.searchsarkarinaukri.com/districts/pithoragarh","404","All government jobs in pithoragarh",""
"https://www.searchsarkarinaukri.com/jobs/territorial-army-soldier-equipment-repairer-recruitment-rally-2026-apply-for-2-posts--4095","https://www.searchsarkarinaukri.com/jobs-in-pithoragarh","404","pithoragarh sarkari naukri",""
"https://www.searchsarkarinaukri.com/jobs/territorial-army-soldier-house-keeper-recruitment-rally-2026-apply-for-2-posts--4096","https://www.searchsarkarinaukri.com/districts/pithoragarh","404","All government jobs in pithoragarh",""
"https://www.searchsarkarinaukri.com/jobs/territorial-army-soldier-house-keeper-recruitment-rally-2026-apply-for-2-posts--4096","https://www.searchsarkarinaukri.com/jobs-in-pithoragarh","404","pithoragarh sarkari naukri",""
"https://www.searchsarkarinaukri.com/jobs/territorial-army-soldier-washer-man-recruitment-rally-2026-apply-for-2-posts--4093","https://www.searchsarkarinaukri.com/districts/pithoragarh","404","All government jobs in pithoragarh",""
"https://www.searchsarkarinaukri.com/jobs/territorial-army-soldier-washer-man-recruitment-rally-2026-apply-for-2-posts--4093","https://www.searchsarkarinaukri.com/jobs-in-pithoragarh","404","pithoragarh sarkari naukri",""
"https://www.searchsarkarinaukri.com/jobs/territorial-army-soldier-tailor-recruitment-rally-2026-apply-for-2-posts--4094","https://www.searchsarkarinaukri.com/districts/pithoragarh","404","All government jobs in pithoragarh",""
"https://www.searchsarkarinaukri.com/jobs/territorial-army-soldier-tailor-recruitment-rally-2026-apply-for-2-posts--4094","https://www.searchsarkarinaukri.com/jobs-in-pithoragarh","404","pithoragarh sarkari naukri",""
"https://www.searchsarkarinaukri.com/jobs/territorial-army-soldier-carpenter-recruitment-rally-2026-apply-for-3-posts--4092","https://www.searchsarkarinaukri.com/districts/pithoragarh","404","All government jobs in pithoragarh",""
"https://www.searchsarkarinaukri.com/jobs/territorial-army-soldier-carpenter-recruitment-rally-2026-apply-for-3-posts--4092","https://www.searchsarkarinaukri.com/jobs-in-pithoragarh","404","pithoragarh sarkari naukri",""
"https://www.searchsarkarinaukri.com/jobs/territorial-army-soldier-hair-dresser-recruitment-rally-2026-apply-for-3-posts--4091","https://www.searchsarkarinaukri.com/districts/pithoragarh","404","All government jobs in pithoragarh",""
"https://www.searchsarkarinaukri.com/jobs/territorial-army-soldier-hair-dresser-recruitment-rally-2026-apply-for-3-posts--4091","https://www.searchsarkarinaukri.com/jobs-in-pithoragarh","404","pithoragarh sarkari naukri",""
"https://www.searchsarkarinaukri.com/jobs/territorial-army-soldier-general-duty-recruitment-rally-2026-apply-for-49-posts--4089","https://www.searchsarkarinaukri.com/districts/pithoragarh","404","All government jobs in pithoragarh",""
"https://www.searchsarkarinaukri.com/jobs/territorial-army-soldier-general-duty-recruitment-rally-2026-apply-for-49-posts--4089","https://www.searchsarkarinaukri.com/jobs-in-pithoragarh","404","pithoragarh sarkari naukri",""
"https://www.searchsarkarinaukri.com/jobs/territorial-army-soldier-chef-community-recruitment-rally-2026-apply-for-4-posts--4090","https://www.searchsarkarinaukri.com/districts/pithoragarh","404","All government jobs in pithoragarh",""
"https://www.searchsarkarinaukri.com/jobs/territorial-army-soldier-chef-community-recruitment-rally-2026-apply-for-4-posts--4090","https://www.searchsarkarinaukri.com/jobs-in-pithoragarh","404","pithoragarh sarkari naukri",""
"https://www.searchsarkarinaukri.com/jobs/collector-office-gadchiroli-jilhadhikari-karyalay-gadchiroli-collector-office-gadchiroli-jilhadhikar--4065","https://www.searchsarkarinaukri.com/jobs-in-gadchiroli","404","gadchiroli sarkari naukri",""
"https://www.searchsarkarinaukri.com/jobs/nlc-india-mechanical-engineering-graduate-apprentice-recruitment-2026-apply-online--4058","https://www.searchsarkarinaukri.com/districts/neyveli","404","All government jobs in neyveli",""
"https://www.searchsarkarinaukri.com/jobs/nlc-india-mechanical-engineering-graduate-apprentice-recruitment-2026-apply-online--4058","https://www.searchsarkarinaukri.com/jobs-in-neyveli","404","neyveli sarkari naukri",""
"https://www.searchsarkarinaukri.com/jobs/nlc-india-computer-science-engineering-graduate-apprentice-recruitment-2026-apply-online--4059","https://www.searchsarkarinaukri.com/districts/neyveli","404","All government jobs in neyveli",""
"https://www.searchsarkarinaukri.com/jobs/nlc-india-computer-science-engineering-graduate-apprentice-recruitment-2026-apply-online--4059","https://www.searchsarkarinaukri.com/jobs-in-neyveli","404","neyveli sarkari naukri",""
"https://www.searchsarkarinaukri.com/jobs/maharashtra-state-electricity-distribution-company-limited-mahadiscom-maharashtra-state-electricity--4060","https://www.searchsarkarinaukri.com/jobs-in-hingoli","404","hingoli sarkari naukri",""
"https://www.searchsarkarinaukri.com/jobs/nlc-india-iti-fitter-apprentice-recruitment-2026-apply-online--4056","https://www.searchsarkarinaukri.com/districts/neyveli","404","All government jobs in neyveli",""
"https://www.searchsarkarinaukri.com/jobs/nlc-india-iti-fitter-apprentice-recruitment-2026-apply-online--4056","https://www.searchsarkarinaukri.com/jobs-in-neyveli","404","neyveli sarkari naukri",""
"https://www.searchsarkarinaukri.com/jobs/nlc-india-technician-diploma-apprentice-recruitment-2026-apply-online-for-124-training-slots--4055","https://www.searchsarkarinaukri.com/districts/neyveli","404","All government jobs in neyveli",""
"https://www.searchsarkarinaukri.com/jobs/nlc-india-technician-diploma-apprentice-recruitment-2026-apply-online-for-124-training-slots--4055","https://www.searchsarkarinaukri.com/jobs-in-neyveli","404","neyveli sarkari naukri",""
"https://www.searchsarkarinaukri.com/jobs/nlc-india-iti-electrician-apprentice-recruitment-2026-apply-online--4057","https://www.searchsarkarinaukri.com/districts/neyveli","404","All government jobs in neyveli",""
"https://www.searchsarkarinaukri.com/jobs/nlc-india-iti-electrician-apprentice-recruitment-2026-apply-online--4057","https://www.searchsarkarinaukri.com/jobs-in-neyveli","404","neyveli sarkari naukri",""
"https://www.searchsarkarinaukri.com/jobs/nlc-india-engineering-graduate-apprentice-recruitment-2026-apply-online-for-302-training-slots--4054","https://www.searchsarkarinaukri.com/districts/neyveli","404","All government jobs in neyveli",""
"https://www.searchsarkarinaukri.com/jobs/nlc-india-engineering-graduate-apprentice-recruitment-2026-apply-online-for-302-training-slots--4054","https://www.searchsarkarinaukri.com/jobs-in-neyveli","404","neyveli sarkari naukri",""
"https://www.searchsarkarinaukri.com/jobs/tmb-oracle-hcm-talent-workflow-experience-recruitment-2026-apply-online--4051","https://www.searchsarkarinaukri.com/districts/chennai","404","All government jobs in chennai",""
"https://www.searchsarkarinaukri.com/jobs/nlc-india-trade-iti-apprentice-recruitment-2026-apply-online-for-496-training-slots--4052","https://www.searchsarkarinaukri.com/districts/neyveli","404","All government jobs in neyveli",""
"https://www.searchsarkarinaukri.com/jobs/nlc-india-trade-iti-apprentice-recruitment-2026-apply-online-for-496-training-slots--4052","https://www.searchsarkarinaukri.com/jobs-in-neyveli","404","neyveli sarkari naukri",""
"https://www.searchsarkarinaukri.com/jobs/nlc-india-non-engineering-graduate-apprentice-recruitment-2026-apply-online-for-313-training-slots--4053","https://www.searchsarkarinaukri.com/districts/neyveli","404","All government jobs in neyveli",""
"https://www.searchsarkarinaukri.com/jobs/nlc-india-non-engineering-graduate-apprentice-recruitment-2026-apply-online-for-313-training-slots--4053","https://www.searchsarkarinaukri.com/jobs-in-neyveli","404","neyveli sarkari naukri",""
"https://www.searchsarkarinaukri.com/jobs/tmb-oracle-hcm-payroll-integrations-recruitment-2026-apply-online--4050","https://www.searchsarkarinaukri.com/districts/chennai","404","All government jobs in chennai",""
"https://www.searchsarkarinaukri.com/jobs/tmb-software-engineer-software-programmer-recruitment-2026-apply-online--4049","https://www.searchsarkarinaukri.com/districts/chennai","404","All government jobs in chennai",""
"https://www.searchsarkarinaukri.com/jobs/tmb-cbs-support-engineer-recruitment-2026-apply-online--4048","https://www.searchsarkarinaukri.com/districts/chennai","404","All government jobs in chennai",""
"https://www.searchsarkarinaukri.com/jobs/tmb-statistician-manager-recruitment-2026-apply-online--4046","https://www.searchsarkarinaukri.com/districts/chennai","404","All government jobs in chennai",""
"https://www.searchsarkarinaukri.com/jobs/tmb-software-developer-assistant-manager-recruitment-2026-apply-online--4047","https://www.searchsarkarinaukri.com/districts/chennai","404","All government jobs in chennai",""
"https://www.searchsarkarinaukri.com/jobs/mecl-executive-trainee-mechanical-drilling-division-recruitment-2026-apply-online-for-5-posts--4043","https://www.searchsarkarinaukri.com/districts/mecl-projects/offices-across-india","404","All government jobs in mecl projects/offices across india",""
"https://www.searchsarkarinaukri.com/jobs/mecl-executive-trainee-mechanical-drilling-division-recruitment-2026-apply-online-for-5-posts--4043","https://www.searchsarkarinaukri.com/jobs-in-mecl-projects/offices-across-india","404","mecl projects/offices across india sarkari naukri",""
"https://www.searchsarkarinaukri.com/jobs/tmb-data-scientist-manager-recruitment-2026-apply-online--4045","https://www.searchsarkarinaukri.com/districts/chennai","404","All government jobs in chennai",""
"https://www.searchsarkarinaukri.com/jobs/tmb-software-developer-manager-recruitment-2026-apply-online--4044","https://www.searchsarkarinaukri.com/districts/chennai","404","All government jobs in chennai",""
"https://www.searchsarkarinaukri.com/jobs/mecl-executive-trainee-mechanical-store-disposal-division-recruitment-2026-apply-online-for-2-posts--4042","https://www.searchsarkarinaukri.com/districts/mecl-projects/offices-across-india","404","All government jobs in mecl projects/offices across india",""
"https://www.searchsarkarinaukri.com/jobs/mecl-executive-trainee-mechanical-store-disposal-division-recruitment-2026-apply-online-for-2-posts--4042","https://www.searchsarkarinaukri.com/jobs-in-mecl-projects/offices-across-india","404","mecl projects/offices across india sarkari naukri",""
"https://www.searchsarkarinaukri.com/jobs/mecl-executive-trainee-mechanical-procurement-contract-division-recruitment-2026-apply-online-for-5-posts--4041","https://www.searchsarkarinaukri.com/districts/mecl-projects/offices-across-india","404","All government jobs in mecl projects/offices across india",""
"https://www.searchsarkarinaukri.com/jobs/mecl-executive-trainee-mechanical-procurement-contract-division-recruitment-2026-apply-online-for-5-posts--4041","https://www.searchsarkarinaukri.com/jobs-in-mecl-projects/offices-across-india","404","mecl projects/offices across india sarkari naukri",""
"https://www.searchsarkarinaukri.com/jobs/mecl-executive-trainee-electrical-recruitment-2026-apply-online-for-1-post--4040","https://www.searchsarkarinaukri.com/districts/mecl-projects/offices-across-india","404","All government jobs in mecl projects/offices across india",""
"https://www.searchsarkarinaukri.com/jobs/mecl-executive-trainee-electrical-recruitment-2026-apply-online-for-1-post--4040","https://www.searchsarkarinaukri.com/jobs-in-mecl-projects/offices-across-india","404","mecl projects/offices across india sarkari naukri",""
"https://www.searchsarkarinaukri.com/jobs/svpuat-programme-assistant-lab-technician-recruitment-2026-apply-online-for-11-posts--4038","https://www.searchsarkarinaukri.com/districts/meerut","404","All government jobs in meerut",""
"https://www.searchsarkarinaukri.com/jobs/svpuat-programme-assistant-lab-technician-recruitment-2026-apply-online-for-11-posts--4038","https://www.searchsarkarinaukri.com/jobs-in-meerut","404","meerut sarkari naukri",""
"https://www.searchsarkarinaukri.com/jobs/svpuat-assistant-recruitment-2026-apply-online-for-8-posts--4039","https://www.searchsarkarinaukri.com/districts/meerut","404","All government jobs in meerut",""
"https://www.searchsarkarinaukri.com/jobs/svpuat-assistant-recruitment-2026-apply-online-for-8-posts--4039","https://www.searchsarkarinaukri.com/jobs-in-meerut","404","meerut sarkari naukri",""
"https://www.searchsarkarinaukri.com/jobs/svpuat-farm-manager-recruitment-2026-apply-online-for-6-posts--4036","https://www.searchsarkarinaukri.com/districts/meerut","404","All government jobs in meerut",""
"https://www.searchsarkarinaukri.com/jobs/svpuat-farm-manager-recruitment-2026-apply-online-for-6-posts--4036","https://www.searchsarkarinaukri.com/jobs-in-meerut","404","meerut sarkari naukri",""
"https://www.searchsarkarinaukri.com/jobs/nfr-act-apprentice-recruitment-2026-headquarters-maligaon-apply-online-for-495-slots--4035","https://www.searchsarkarinaukri.com/districts/maligaon","404","All government jobs in maligaon",""
"https://www.searchsarkarinaukri.com/jobs/nfr-act-apprentice-recruitment-2026-headquarters-maligaon-apply-online-for-495-slots--4035","https://www.searchsarkarinaukri.com/jobs-in-maligaon","404","maligaon sarkari naukri",""
"https://www.searchsarkarinaukri.com/jobs/nfr-act-apprentice-recruitment-2026-dibrugarh-workshop-apply-online-for-763-slots--4034","https://www.searchsarkarinaukri.com/districts/dibrugarh","404","All government jobs in dibrugarh",""
"https://www.searchsarkarinaukri.com/jobs/nfr-act-apprentice-recruitment-2026-dibrugarh-workshop-apply-online-for-763-slots--4034","https://www.searchsarkarinaukri.com/jobs-in-dibrugarh","404","dibrugarh sarkari naukri",""
"https://www.searchsarkarinaukri.com/jobs/svpuat-programme-assistant-computer-recruitment-2026-apply-online-for-7-posts--4037","https://www.searchsarkarinaukri.com/districts/meerut","404","All government jobs in meerut",""
"https://www.searchsarkarinaukri.com/jobs/svpuat-programme-assistant-computer-recruitment-2026-apply-online-for-7-posts--4037","https://www.searchsarkarinaukri.com/jobs-in-meerut","404","meerut sarkari naukri",""
"https://www.searchsarkarinaukri.com/jobs/nfr-act-apprentice-recruitment-2026-tinsukia-division-apply-online-for-860-slots--4032","https://www.searchsarkarinaukri.com/districts/tinsukia","404","All government jobs in tinsukia",""
"https://www.searchsarkarinaukri.com/jobs/nfr-act-apprentice-recruitment-2026-tinsukia-division-apply-online-for-860-slots--4032","https://www.searchsarkarinaukri.com/jobs-in-tinsukia","404","tinsukia sarkari naukri",""
"https://www.searchsarkarinaukri.com/jobs/nfr-act-apprentice-recruitment-2026-lumding-division-apply-online-for-1274-slots--4031","https://www.searchsarkarinaukri.com/districts/lumding","404","All government jobs in lumding",""
"https://www.searchsarkarinaukri.com/jobs/nfr-act-apprentice-recruitment-2026-lumding-division-apply-online-for-1274-slots--4031","https://www.searchsarkarinaukri.com/jobs-in-lumding","404","lumding sarkari naukri",""
"https://www.searchsarkarinaukri.com/jobs/nfr-act-apprentice-recruitment-2026-new-bongaigaon-workshop-engineering-workshop-apply-online-for-881-slots--4033","https://www.searchsarkarinaukri.com/districts/new-bongaigaon","404","All government jobs in new bongaigaon",""
"https://www.searchsarkarinaukri.com/jobs/nfr-act-apprentice-recruitment-2026-new-bongaigaon-workshop-engineering-workshop-apply-online-for-881-slots--4033","https://www.searchsarkarinaukri.com/jobs-in-new-bongaigaon","404","new bongaigaon sarkari naukri",""
"https://www.searchsarkarinaukri.com/jobs/nfr-act-apprentice-recruitment-2026-rangiya-division-apply-online-for-750-slots--4030","https://www.searchsarkarinaukri.com/districts/rangiya","404","All government jobs in rangiya",""
"https://www.searchsarkarinaukri.com/jobs/nfr-act-apprentice-recruitment-2026-rangiya-division-apply-online-for-750-slots--4030","https://www.searchsarkarinaukri.com/jobs-in-rangiya","404","rangiya sarkari naukri",""
"https://www.searchsarkarinaukri.com/jobs/nfr-act-apprentice-recruitment-2026-alipurduar-division-apply-online-for-651-slots--4029","https://www.searchsarkarinaukri.com/districts/alipurduar","404","All government jobs in alipurduar",""
"https://www.searchsarkarinaukri.com/jobs/nfr-act-apprentice-recruitment-2026-alipurduar-division-apply-online-for-651-slots--4029","https://www.searchsarkarinaukri.com/jobs-in-alipurduar","404","alipurduar sarkari naukri",""
"https://www.searchsarkarinaukri.com/jobs/nfr-act-apprentice-recruitment-2026-katihar-kir-tindharia-workshop-apply-online-for-1103-slots--4028","https://www.searchsarkarinaukri.com/districts/katihar-(bihar)-&-tindharia-workshop-(west-bengal)","404","All government jobs in katihar (bihar) & tindharia workshop (west bengal)",""
"https://www.searchsarkarinaukri.com/jobs/nfr-act-apprentice-recruitment-2026-katihar-kir-tindharia-workshop-apply-online-for-1103-slots--4028","https://www.searchsarkarinaukri.com/jobs-in-katihar-(bihar)-&-tindharia-workshop-(west-bengal)","404","katihar (bihar) & tindharia workshop (west bengal) sarkari naukri",""
"https://www.searchsarkarinaukri.com/jobs/konkan-railway-senior-section-engineer-signal-telecommunication-recruitment-2026-apply-online-for-5-posts--4002","https://www.searchsarkarinaukri.com/districts/konkan-railway-route","404","All government jobs in konkan railway route",""
"https://www.searchsarkarinaukri.com/jobs/konkan-railway-senior-section-engineer-signal-telecommunication-recruitment-2026-apply-online-for-5-posts--4002","https://www.searchsarkarinaukri.com/jobs-in-konkan-railway-route","404","konkan railway route sarkari naukri",""
"https://www.searchsarkarinaukri.com/jobs/konkan-railway-track-maintainer-recruitment-2026-apply-online-for-57-posts--4001","https://www.searchsarkarinaukri.com/districts/konkan-railway-route","404","All government jobs in konkan railway route",""
"https://www.searchsarkarinaukri.com/jobs/konkan-railway-track-maintainer-recruitment-2026-apply-online-for-57-posts--4001","https://www.searchsarkarinaukri.com/jobs-in-konkan-railway-route","404","konkan railway route sarkari naukri",""
"https://www.searchsarkarinaukri.com/jobs/konkan-railway-estm-iii-recruitment-2026-apply-online-for-15-posts--4003","https://www.searchsarkarinaukri.com/districts/konkan-railway-route","404","All government jobs in konkan railway route",""
"https://www.searchsarkarinaukri.com/jobs/konkan-railway-estm-iii-recruitment-2026-apply-online-for-15-posts--4003","https://www.searchsarkarinaukri.com/jobs-in-konkan-railway-route","404","konkan railway route sarkari naukri",""
"https://www.searchsarkarinaukri.com/jobs/rcfl-management-trainee-finance-recruitment-2026-apply-online-for-10-posts--3994","https://www.searchsarkarinaukri.com/districts/mumbai-(trombay)","404","All government jobs in mumbai (trombay)",""
"https://www.searchsarkarinaukri.com/jobs/rcfl-management-trainee-finance-recruitment-2026-apply-online-for-10-posts--3994","https://www.searchsarkarinaukri.com/jobs-in-mumbai-(trombay)","404","mumbai (trombay) sarkari naukri",""
"https://www.searchsarkarinaukri.com/jobs/manipur-ssc-special-primary-teacher-recruitment-2026-apply-online-for-80-posts--3999","https://www.searchsarkarinaukri.com/districts/manipur","404","All government jobs in manipur",""
"https://www.searchsarkarinaukri.com/jobs/konkan-railway-junior-engineer-civil-recruitment-2026-apply-online-for-25-posts--4000","https://www.searchsarkarinaukri.com/districts/konkan-railway-route","404","All government jobs in konkan railway route",""
"https://www.searchsarkarinaukri.com/jobs/konkan-railway-junior-engineer-civil-recruitment-2026-apply-online-for-25-posts--4000","https://www.searchsarkarinaukri.com/jobs-in-konkan-railway-route","404","konkan railway route sarkari naukri",""
"https://www.searchsarkarinaukri.com/jobs/rcfl-management-trainee-marketing-recruitment-2026-apply-online-for-10-posts--3995","https://www.searchsarkarinaukri.com/districts/mumbai-(trombay)","404","All government jobs in mumbai (trombay)",""
"https://www.searchsarkarinaukri.com/jobs/rcfl-management-trainee-marketing-recruitment-2026-apply-online-for-10-posts--3995","https://www.searchsarkarinaukri.com/jobs-in-mumbai-(trombay)","404","mumbai (trombay) sarkari naukri",""
"https://www.searchsarkarinaukri.com/jobs/rcfl-management-trainee-rajbhasha-recruitment-2026-apply-online-for-2-posts--3993","https://www.searchsarkarinaukri.com/districts/mumbai-(trombay)","404","All government jobs in mumbai (trombay)",""
"https://www.searchsarkarinaukri.com/jobs/rcfl-management-trainee-rajbhasha-recruitment-2026-apply-online-for-2-posts--3993","https://www.searchsarkarinaukri.com/jobs-in-mumbai-(trombay)","404","mumbai (trombay) sarkari naukri",""
"https://www.searchsarkarinaukri.com/jobs/rcfl-management-trainee-industrial-engineering-recruitment-2026-apply-online-for-2-posts--3991","https://www.searchsarkarinaukri.com/districts/mumbai-(trombay)","404","All government jobs in mumbai (trombay)",""
"https://www.searchsarkarinaukri.com/jobs/rcfl-management-trainee-industrial-engineering-recruitment-2026-apply-online-for-2-posts--3991","https://www.searchsarkarinaukri.com/jobs-in-mumbai-(trombay)","404","mumbai (trombay) sarkari naukri",""
"https://www.searchsarkarinaukri.com/jobs/rcfl-management-trainee-information-technology-recruitment-2026-apply-online-for-5-posts--3992","https://www.searchsarkarinaukri.com/districts/mumbai-(trombay)","404","All government jobs in mumbai (trombay)",""
"https://www.searchsarkarinaukri.com/jobs/rcfl-management-trainee-information-technology-recruitment-2026-apply-online-for-5-posts--3992","https://www.searchsarkarinaukri.com/jobs-in-mumbai-(trombay)","404","mumbai (trombay) sarkari naukri",""
"https://www.searchsarkarinaukri.com/jobs/rcfl-management-trainee-cc-lab-recruitment-2026-apply-online-for-1-post--3990","https://www.searchsarkarinaukri.com/districts/mumbai-(trombay)","404","All government jobs in mumbai (trombay)",""
"https://www.searchsarkarinaukri.com/jobs/rcfl-management-trainee-cc-lab-recruitment-2026-apply-online-for-1-post--3990","https://www.searchsarkarinaukri.com/jobs-in-mumbai-(trombay)","404","mumbai (trombay) sarkari naukri",""
"https://www.searchsarkarinaukri.com/jobs/rcfl-management-trainee-civil-recruitment-2026-apply-online-for-1-post--3988","https://www.searchsarkarinaukri.com/districts/mumbai-(trombay)","404","All government jobs in mumbai (trombay)",""
"https://www.searchsarkarinaukri.com/jobs/rcfl-management-trainee-civil-recruitment-2026-apply-online-for-1-post--3988","https://www.searchsarkarinaukri.com/jobs-in-mumbai-(trombay)","404","mumbai (trombay) sarkari naukri",""
"https://www.searchsarkarinaukri.com/jobs/rcfl-management-trainee-instrumentation-recruitment-2026-apply-online-for-9-posts--3986","https://www.searchsarkarinaukri.com/districts/mumbai-(trombay)","404","All government jobs in mumbai (trombay)",""
"https://www.searchsarkarinaukri.com/jobs/rcfl-management-trainee-instrumentation-recruitment-2026-apply-online-for-9-posts--3986","https://www.searchsarkarinaukri.com/jobs-in-mumbai-(trombay)","404","mumbai (trombay) sarkari naukri",""
"https://www.searchsarkarinaukri.com/jobs/rcfl-management-trainee-fire-recruitment-2026-apply-online-for-1-post--3989","https://www.searchsarkarinaukri.com/districts/mumbai-(trombay)","404","All government jobs in mumbai (trombay)",""
"https://www.searchsarkarinaukri.com/jobs/rcfl-management-trainee-fire-recruitment-2026-apply-online-for-1-post--3989","https://www.searchsarkarinaukri.com/jobs-in-mumbai-(trombay)","404","mumbai (trombay) sarkari naukri",""
"https://www.searchsarkarinaukri.com/jobs/rcfl-management-trainee-materials-recruitment-2026-apply-online-for-1-post--3987","https://www.searchsarkarinaukri.com/districts/mumbai-(trombay)","404","All government jobs in mumbai (trombay)",""
"https://www.searchsarkarinaukri.com/jobs/rcfl-management-trainee-materials-recruitment-2026-apply-online-for-1-post--3987","https://www.searchsarkarinaukri.com/jobs-in-mumbai-(trombay)","404","mumbai (trombay) sarkari naukri",""
"https://www.searchsarkarinaukri.com/jobs/rcfl-management-trainee-boiler-recruitment-2026-apply-online-for-6-posts--3983","https://www.searchsarkarinaukri.com/districts/mumbai-(trombay)","404","All government jobs in mumbai (trombay)",""
"https://www.searchsarkarinaukri.com/jobs/rcfl-management-trainee-boiler-recruitment-2026-apply-online-for-6-posts--3983","https://www.searchsarkarinaukri.com/jobs-in-mumbai-(trombay)","404","mumbai (trombay) sarkari naukri",""
"https://www.searchsarkarinaukri.com/jobs/rcfl-management-trainee-mechanical-recruitment-2026-apply-online-for-4-posts--3984","https://www.searchsarkarinaukri.com/districts/mumbai-(trombay)","404","All government jobs in mumbai (trombay)",""
"https://www.searchsarkarinaukri.com/jobs/rcfl-management-trainee-mechanical-recruitment-2026-apply-online-for-4-posts--3984","https://www.searchsarkarinaukri.com/jobs-in-mumbai-(trombay)","404","mumbai (trombay) sarkari naukri",""
"https://www.searchsarkarinaukri.com/jobs/rcfl-management-trainee-electrical-recruitment-2026-apply-online-for-10-posts--3985","https://www.searchsarkarinaukri.com/districts/mumbai-(trombay)","404","All government jobs in mumbai (trombay)",""
"https://www.searchsarkarinaukri.com/jobs/rcfl-management-trainee-electrical-recruitment-2026-apply-online-for-10-posts--3985","https://www.searchsarkarinaukri.com/jobs-in-mumbai-(trombay)","404","mumbai (trombay) sarkari naukri",""
"https://www.searchsarkarinaukri.com/jobs/rcfl-management-trainee-chemical-recruitment-2026-apply-online-for-32-posts--3982","https://www.searchsarkarinaukri.com/districts/mumbai-(trombay)","404","All government jobs in mumbai (trombay)",""
"https://www.searchsarkarinaukri.com/jobs/rcfl-management-trainee-chemical-recruitment-2026-apply-online-for-32-posts--3982","https://www.searchsarkarinaukri.com/jobs-in-mumbai-(trombay)","404","mumbai (trombay) sarkari naukri",""
"https://www.searchsarkarinaukri.com/jobs/csc-aadhaar-supervisor-operator-recruitment-2026-goa-apply-online--3981","https://www.searchsarkarinaukri.com/districts/goa","404","All government jobs in goa",""
"https://www.searchsarkarinaukri.com/jobs/csc-aadhaar-supervisor-operator-recruitment-2026-maharashtra-apply-online--3978","https://www.searchsarkarinaukri.com/districts/maharashtra","404","All government jobs in maharashtra",""
"https://www.searchsarkarinaukri.com/jobs/csc-aadhaar-supervisor-operator-recruitment-2026-odisha-apply-online--3979","https://www.searchsarkarinaukri.com/districts/odisha","404","All government jobs in odisha",""
"https://www.searchsarkarinaukri.com/jobs/csc-aadhaar-supervisor-operator-recruitment-2026-rajasthan-apply-online--3980","https://www.searchsarkarinaukri.com/districts/rajasthan","404","All government jobs in rajasthan",""
"https://www.searchsarkarinaukri.com/jobs/csc-aadhaar-supervisor-operator-recruitment-2026-punjab-apply-online--3975","https://www.searchsarkarinaukri.com/districts/punjab","404","All government jobs in punjab",""
"https://www.searchsarkarinaukri.com/jobs/csc-aadhaar-supervisor-operator-recruitment-2026-madhya-pradesh-apply-online--3976","https://www.searchsarkarinaukri.com/districts/madhya-pradesh","404","All government jobs in madhya pradesh",""
"https://www.searchsarkarinaukri.com/jobs/csc-aadhaar-supervisor-operator-recruitment-2026-haryana-apply-online--3974","https://www.searchsarkarinaukri.com/districts/haryana","404","All government jobs in haryana",""
"https://www.searchsarkarinaukri.com/jobs/csc-aadhaar-supervisor-operator-recruitment-2026-chhattisgarh-apply-online--3977","https://www.searchsarkarinaukri.com/districts/chhattisgarh","404","All government jobs in chhattisgarh",""
"https://www.searchsarkarinaukri.com/jobs/csc-aadhaar-supervisor-operator-recruitment-2026-karnataka-apply-online--3973","https://www.searchsarkarinaukri.com/districts/karnataka","404","All government jobs in karnataka",""
"https://www.searchsarkarinaukri.com/jobs/csc-aadhaar-supervisor-operator-recruitment-2026-uttar-pradesh-apply-online--3972","https://www.searchsarkarinaukri.com/districts/uttar-pradesh","404","All government jobs in uttar pradesh",""
"https://www.searchsarkarinaukri.com/jobs/csc-aadhaar-supervisor-operator-recruitment-2026-bihar-apply-online--3971","https://www.searchsarkarinaukri.com/districts/bihar","404","All government jobs in bihar",""
"https://www.searchsarkarinaukri.com/jobs/mahavitaran-hingoli-mahavitaran-hingoli-2026--3967","https://www.searchsarkarinaukri.com/jobs-in-hingoli","404","hingoli sarkari naukri",""
"https://www.searchsarkarinaukri.com/jobs/jilhadhikari-karyalay-gadchiroli-jilhadhikari-karyalay-gadchiroli-2026--3959","https://www.searchsarkarinaukri.com/jobs-in-gadchiroli","404","gadchiroli sarkari naukri",""
"https://www.searchsarkarinaukri.com/jobs/sgbau-amravati-sgbau-amravati-2026--3957","https://www.searchsarkarinaukri.com/jobs-in-amravati","404","amravati sarkari naukri",""
"https://www.searchsarkarinaukri.com/jobs/isro-nrsc-junior-research-fellow-computer-science-ai-data-science-recruitment-2026-bengaluru-apply-online-for-1-post--3949","https://www.searchsarkarinaukri.com/districts/rrsc-south","404","All government jobs in rrsc south",""
"https://www.searchsarkarinaukri.com/jobs/isro-nrsc-junior-research-fellow-computer-science-ai-data-science-recruitment-2026-bengaluru-apply-online-for-1-post--3949","https://www.searchsarkarinaukri.com/jobs-in-rrsc-south","404","rrsc south sarkari naukri",""
"https://www.searchsarkarinaukri.com/jobs/isro-nrsc-junior-research-fellow-agrometeorology-recruitment-2026-bengaluru-apply-online-for-1-post--3946","https://www.searchsarkarinaukri.com/districts/rrsc-south","404","All government jobs in rrsc south",""
"https://www.searchsarkarinaukri.com/jobs/isro-nrsc-junior-research-fellow-agrometeorology-recruitment-2026-bengaluru-apply-online-for-1-post--3946","https://www.searchsarkarinaukri.com/jobs-in-rrsc-south","404","rrsc south sarkari naukri",""
"https://www.searchsarkarinaukri.com/jobs/isro-nrsc-junior-research-fellow-remote-sensing-gis-agriculture-recruitment-2026-bengaluru-apply-online-for-1-post--3947","https://www.searchsarkarinaukri.com/districts/rrsc-south","404","All government jobs in rrsc south",""
"https://www.searchsarkarinaukri.com/jobs/isro-nrsc-junior-research-fellow-remote-sensing-gis-agriculture-recruitment-2026-bengaluru-apply-online-for-1-post--3947","https://www.searchsarkarinaukri.com/jobs-in-rrsc-south","404","rrsc south sarkari naukri",""
"https://www.searchsarkarinaukri.com/jobs/isro-nrsc-junior-research-fellow-ocean-science-geophysics-recruitment-2026-apply-online-for-6-posts--3945","https://www.searchsarkarinaukri.com/districts/hyderabad-/-shadnagar","404","All government jobs in hyderabad / shadnagar",""
"https://www.searchsarkarinaukri.com/jobs/isro-nrsc-junior-research-fellow-ocean-science-geophysics-recruitment-2026-apply-online-for-6-posts--3945","https://www.searchsarkarinaukri.com/jobs-in-hyderabad-/-shadnagar","404","hyderabad / shadnagar sarkari naukri",""
"https://www.searchsarkarinaukri.com/jobs/isro-nrsc-junior-research-fellow-agriculture-horticulture-recruitment-2026-bengaluru-apply-online-for-1-post--3948","https://www.searchsarkarinaukri.com/districts/rrsc-south","404","All government jobs in rrsc south",""
"https://www.searchsarkarinaukri.com/jobs/isro-nrsc-junior-research-fellow-agriculture-horticulture-recruitment-2026-bengaluru-apply-online-for-1-post--3948","https://www.searchsarkarinaukri.com/jobs-in-rrsc-south","404","rrsc south sarkari naukri",""
"https://www.searchsarkarinaukri.com/jobs/isro-nrsc-project-scientist-i-computer-science-it-recruitment-2026-apply-online-for-2-posts--3943","https://www.searchsarkarinaukri.com/districts/hyderabad-/-shadnagar","404","All government jobs in hyderabad / shadnagar",""
"https://www.searchsarkarinaukri.com/jobs/isro-nrsc-project-scientist-i-computer-science-it-recruitment-2026-apply-online-for-2-posts--3943","https://www.searchsarkarinaukri.com/jobs-in-hyderabad-/-shadnagar","404","hyderabad / shadnagar sarkari naukri",""
"https://www.searchsarkarinaukri.com/jobs/isro-nrsc-project-scientist-b-remote-sensing-environmental-sciences-recruitment-2026-apply-online-for-1-post--3942","https://www.searchsarkarinaukri.com/districts/hyderabad-/-shadnagar","404","All government jobs in hyderabad / shadnagar",""
"https://www.searchsarkarinaukri.com/jobs/isro-nrsc-project-scientist-b-remote-sensing-environmental-sciences-recruitment-2026-apply-online-for-1-post--3942","https://www.searchsarkarinaukri.com/jobs-in-hyderabad-/-shadnagar","404","hyderabad / shadnagar sarkari naukri",""
"https://www.searchsarkarinaukri.com/jobs/isro-nrsc-junior-research-fellow-atmospheric-science-physics-recruitment-2026-apply-online-for-9-posts--3944","https://www.searchsarkarinaukri.com/districts/hyderabad-/-shadnagar","404","All government jobs in hyderabad / shadnagar",""
"https://www.searchsarkarinaukri.com/jobs/isro-nrsc-junior-research-fellow-atmospheric-science-physics-recruitment-2026-apply-online-for-9-posts--3944","https://www.searchsarkarinaukri.com/jobs-in-hyderabad-/-shadnagar","404","hyderabad / shadnagar sarkari naukri",""
"https://www.searchsarkarinaukri.com/jobs/isro-nrsc-project-scientist-b-computer-science-it-recruitment-2026-apply-online-for-5-posts--3941","https://www.searchsarkarinaukri.com/districts/hyderabad-/-shadnagar","404","All government jobs in hyderabad / shadnagar",""
"https://www.searchsarkarinaukri.com/jobs/isro-nrsc-project-scientist-b-computer-science-it-recruitment-2026-apply-online-for-5-posts--3941","https://www.searchsarkarinaukri.com/jobs-in-hyderabad-/-shadnagar","404","hyderabad / shadnagar sarkari naukri",""
"https://www.searchsarkarinaukri.com/jobs/isro-nrsc-project-associate-ii-computer-science-it-recruitment-2026-new-delhi-apply-online-for-1-post--3937","https://www.searchsarkarinaukri.com/districts/rrsc-north","404","All government jobs in rrsc north",""
"https://www.searchsarkarinaukri.com/jobs/isro-nrsc-project-associate-ii-computer-science-it-recruitment-2026-new-delhi-apply-online-for-1-post--3937","https://www.searchsarkarinaukri.com/jobs-in-rrsc-north","404","rrsc north sarkari naukri",""
"https://www.searchsarkarinaukri.com/jobs/isro-nrsc-project-scientist-b-geology-recruitment-2026-apply-online-for-1-post--3939","https://www.searchsarkarinaukri.com/districts/hyderabad-/-shadnagar","404","All government jobs in hyderabad / shadnagar",""
"https://www.searchsarkarinaukri.com/jobs/isro-nrsc-project-scientist-b-geology-recruitment-2026-apply-online-for-1-post--3939","https://www.searchsarkarinaukri.com/jobs-in-hyderabad-/-shadnagar","404","hyderabad / shadnagar sarkari naukri",""
"https://www.searchsarkarinaukri.com/jobs/isro-nrsc-project-scientist-b-remote-sensing-gis-recruitment-2026-apply-online-for-1-post--3940","https://www.searchsarkarinaukri.com/districts/hyderabad-/-shadnagar","404","All government jobs in hyderabad / shadnagar",""
"https://www.searchsarkarinaukri.com/jobs/isro-nrsc-project-scientist-b-remote-sensing-gis-recruitment-2026-apply-online-for-1-post--3940","https://www.searchsarkarinaukri.com/jobs-in-hyderabad-/-shadnagar","404","hyderabad / shadnagar sarkari naukri",""
"https://www.searchsarkarinaukri.com/jobs/isro-nrsc-project-associate-ii-geoinformatics-recruitment-2026-new-delhi-apply-online-for-1-post--3938","https://www.searchsarkarinaukri.com/districts/rrsc-north","404","All government jobs in rrsc north",""
"https://www.searchsarkarinaukri.com/jobs/isro-nrsc-project-associate-ii-geoinformatics-recruitment-2026-new-delhi-apply-online-for-1-post--3938","https://www.searchsarkarinaukri.com/jobs-in-rrsc-north","404","rrsc north sarkari naukri",""
"https://www.searchsarkarinaukri.com/jobs/isro-nrsc-project-associate-i-computer-science-it-recruitment-2026-apply-online-for-3-posts--3936","https://www.searchsarkarinaukri.com/districts/hyderabad-/-shadnagar","404","All government jobs in hyderabad / shadnagar",""
"https://www.searchsarkarinaukri.com/jobs/isro-nrsc-project-associate-i-computer-science-it-recruitment-2026-apply-online-for-3-posts--3936","https://www.searchsarkarinaukri.com/jobs-in-hyderabad-/-shadnagar","404","hyderabad / shadnagar sarkari naukri",""
"https://www.searchsarkarinaukri.com/jobs/isro-nrsc-research-scientist-ai-machine-learning-data-science-recruitment-2026-apply-online-for-1-post--3935","https://www.searchsarkarinaukri.com/districts/hyderabad-/-shadnagar","404","All government jobs in hyderabad / shadnagar",""
"https://www.searchsarkarinaukri.com/jobs/isro-nrsc-research-scientist-ai-machine-learning-data-science-recruitment-2026-apply-online-for-1-post--3935","https://www.searchsarkarinaukri.com/jobs-in-hyderabad-/-shadnagar","404","hyderabad / shadnagar sarkari naukri",""
"https://www.searchsarkarinaukri.com/jobs/isro-nrsc-research-scientist-remote-sensing-gis-engineering-recruitment-2026-apply-online-for-2-posts--3933","https://www.searchsarkarinaukri.com/districts/rrsc-north","404","All government jobs in rrsc north",""
"https://www.searchsarkarinaukri.com/jobs/isro-nrsc-research-scientist-remote-sensing-gis-engineering-recruitment-2026-apply-online-for-2-posts--3933","https://www.searchsarkarinaukri.com/jobs-in-rrsc-north","404","rrsc north sarkari naukri",""
"https://www.searchsarkarinaukri.com/jobs/isro-nrsc-research-scientist-computer-science-it-recruitment-2026-apply-online-for-1-post--3934","https://www.searchsarkarinaukri.com/districts/hyderabad-/-shadnagar","404","All government jobs in hyderabad / shadnagar",""
"https://www.searchsarkarinaukri.com/jobs/isro-nrsc-research-scientist-computer-science-it-recruitment-2026-apply-online-for-1-post--3934","https://www.searchsarkarinaukri.com/jobs-in-hyderabad-/-shadnagar","404","hyderabad / shadnagar sarkari naukri",""
"https://www.searchsarkarinaukri.com/jobs/isro-nrsc-research-scientist-civil-engineering-recruitment-2026-apply-online-for-3-posts--3930","https://www.searchsarkarinaukri.com/districts/hyderabad-/-shadnagar","404","All government jobs in hyderabad / shadnagar",""
"https://www.searchsarkarinaukri.com/jobs/isro-nrsc-research-scientist-civil-engineering-recruitment-2026-apply-online-for-3-posts--3930","https://www.searchsarkarinaukri.com/jobs-in-hyderabad-/-shadnagar","404","hyderabad / shadnagar sarkari naukri",""
"https://www.searchsarkarinaukri.com/jobs/epfo-assistant-director-audit-recruitment-2026-new-delhi-apply-offline--3929","https://www.searchsarkarinaukri.com/districts/new-delhi","410","All government jobs in new delhi",""
"https://www.searchsarkarinaukri.com/jobs/epfo-assistant-director-audit-recruitment-2026-new-delhi-apply-offline--3929","https://www.searchsarkarinaukri.com/jobs-in-new-delhi","410","new delhi sarkari naukri",""
"https://www.searchsarkarinaukri.com/jobs/isro-nrsc-research-scientist-remote-sensing-gis-recruitment-2026-apply-online-for-5-posts--3931","https://www.searchsarkarinaukri.com/districts/hyderabad-/-shadnagar","404","All government jobs in hyderabad / shadnagar",""
"https://www.searchsarkarinaukri.com/jobs/isro-nrsc-research-scientist-remote-sensing-gis-recruitment-2026-apply-online-for-5-posts--3931","https://www.searchsarkarinaukri.com/jobs-in-hyderabad-/-shadnagar","404","hyderabad / shadnagar sarkari naukri",""
"https://www.searchsarkarinaukri.com/jobs/isro-nrsc-research-scientist-geology-recruitment-2026-apply-online-for-2-posts--3932","https://www.searchsarkarinaukri.com/districts/hyderabad-/-shadnagar","404","All government jobs in hyderabad / shadnagar",""
"https://www.searchsarkarinaukri.com/jobs/isro-nrsc-research-scientist-geology-recruitment-2026-apply-online-for-2-posts--3932","https://www.searchsarkarinaukri.com/jobs-in-hyderabad-/-shadnagar","404","hyderabad / shadnagar sarkari naukri",""
"https://www.searchsarkarinaukri.com/jobs/epfo-assistant-director-audit-recruitment-2026-bhopal-apply-offline--3926","https://www.searchsarkarinaukri.com/districts/bhopal","404","All government jobs in bhopal",""
"https://www.searchsarkarinaukri.com/jobs/epfo-assistant-director-audit-recruitment-2026-ahmedabad-apply-offline--3925","https://www.searchsarkarinaukri.com/districts/ahmedabad","404","All government jobs in ahmedabad",""
"https://www.searchsarkarinaukri.com/jobs/epfo-assistant-director-audit-recruitment-2026-chennai-apply-offline--3927","https://www.searchsarkarinaukri.com/districts/chennai","404","All government jobs in chennai",""
"https://www.searchsarkarinaukri.com/jobs/epfo-assistant-director-audit-recruitment-2026-kolkata-apply-offline--3928","https://www.searchsarkarinaukri.com/districts/kolkata","404","All government jobs in kolkata",""
"https://www.searchsarkarinaukri.com/jobs/epfo-assistant-director-audit-recruitment-2026-hyderabad-apply-offline--3923","https://www.searchsarkarinaukri.com/districts/hyderabad","404","All government jobs in hyderabad",""
"https://www.searchsarkarinaukri.com/jobs/epfo-deputy-director-audit-recruitment-2026-new-delhi-apply-offline--3922","https://www.searchsarkarinaukri.com/districts/new-delhi","410","All government jobs in new delhi",""
"https://www.searchsarkarinaukri.com/jobs/epfo-deputy-director-audit-recruitment-2026-new-delhi-apply-offline--3922","https://www.searchsarkarinaukri.com/jobs-in-new-delhi","410","new delhi sarkari naukri",""
"https://www.searchsarkarinaukri.com/jobs/epfo-deputy-director-audit-recruitment-2026-kanpur-apply-offline--3921","https://www.searchsarkarinaukri.com/districts/kanpur","404","All government jobs in kanpur",""
"https://www.searchsarkarinaukri.com/jobs/epfo-assistant-director-audit-recruitment-2026-hubli-apply-offline--3924","https://www.searchsarkarinaukri.com/districts/hubli","404","All government jobs in hubli",""
"https://www.searchsarkarinaukri.com/jobs/epfo-assistant-director-audit-recruitment-2026-hubli-apply-offline--3924","https://www.searchsarkarinaukri.com/jobs-in-hubli","404","hubli sarkari naukri",""
"https://www.searchsarkarinaukri.com/jobs/epfo-deputy-director-audit-recruitment-2026-ahmedabad-apply-offline--3918","https://www.searchsarkarinaukri.com/districts/ahmedabad","404","All government jobs in ahmedabad",""
"https://www.searchsarkarinaukri.com/jobs/epfo-deputy-director-audit-recruitment-2026-hubli-apply-offline--3917","https://www.searchsarkarinaukri.com/districts/hubli","404","All government jobs in hubli",""
"https://www.searchsarkarinaukri.com/jobs/epfo-deputy-director-audit-recruitment-2026-hubli-apply-offline--3917","https://www.searchsarkarinaukri.com/jobs-in-hubli","404","hubli sarkari naukri",""
"https://www.searchsarkarinaukri.com/jobs/epfo-deputy-director-audit-recruitment-2026-bandra-mumbai-apply-offline--3919","https://www.searchsarkarinaukri.com/districts/bandra-(mumbai)","404","All government jobs in bandra (mumbai)",""
"https://www.searchsarkarinaukri.com/jobs/epfo-deputy-director-audit-recruitment-2026-bandra-mumbai-apply-offline--3919","https://www.searchsarkarinaukri.com/jobs-in-bandra-(mumbai)","404","bandra (mumbai) sarkari naukri",""
"https://www.searchsarkarinaukri.com/jobs/epfo-deputy-director-audit-recruitment-2026-bengaluru-apply-offline--3916","https://www.searchsarkarinaukri.com/districts/bengaluru","404","All government jobs in bengaluru",""
"https://www.searchsarkarinaukri.com/jobs/epfo-deputy-director-audit-recruitment-2026-bengaluru-apply-offline--3916","https://www.searchsarkarinaukri.com/jobs-in-bengaluru","404","bengaluru sarkari naukri",""
"https://www.searchsarkarinaukri.com/jobs/ahmednagar-jilha-maratha-vidya-prasarak-samaj-ahmednagar-jilha-maratha-vidya-prasarak-samaj-2026--3903","https://www.searchsarkarinaukri.com/jobs-in-ahmednagar","404","ahmednagar sarkari naukri",""
"https://www.searchsarkarinaukri.com/jobs/district-hospital-buldhana-district-hospital-buldhana-2026--3904","https://www.searchsarkarinaukri.com/jobs-in-buldhana","404","buldhana sarkari naukri",""
"https://www.searchsarkarinaukri.com/jobs/railtel-apprentice-recruitment-2026-karnataka-tamil-nadu-locations-apply-online--3889","https://www.searchsarkarinaukri.com/districts/bengaluru-&-chennai","404","All government jobs in bengaluru & chennai",""
"https://www.searchsarkarinaukri.com/jobs/railtel-apprentice-recruitment-2026-karnataka-tamil-nadu-locations-apply-online--3889","https://www.searchsarkarinaukri.com/jobs-in-bengaluru-&-chennai","404","bengaluru & chennai sarkari naukri",""
"https://www.searchsarkarinaukri.com/jobs/railtel-apprentice-recruitment-2026-eastern-india-locations-apply-online--3887","https://www.searchsarkarinaukri.com/districts/ranchi","404","All government jobs in ranchi",""
"https://www.searchsarkarinaukri.com/jobs/railtel-apprentice-recruitment-2026-eastern-india-locations-apply-online--3887","https://www.searchsarkarinaukri.com/jobs-in-ranchi","404","ranchi sarkari naukri",""
"https://www.searchsarkarinaukri.com/jobs/railtel-apprentice-recruitment-2026-west-bengal-locations-apply-online--3885","https://www.searchsarkarinaukri.com/districts/kolkata","404","All government jobs in kolkata",""
"https://www.searchsarkarinaukri.com/jobs/railtel-apprentice-recruitment-2026-telangana-andhra-pradesh-locations-apply-online--3888","https://www.searchsarkarinaukri.com/districts/secunderabad-&-vijayawada","404","All government jobs in secunderabad & vijayawada",""
"https://www.searchsarkarinaukri.com/jobs/railtel-apprentice-recruitment-2026-telangana-andhra-pradesh-locations-apply-online--3888","https://www.searchsarkarinaukri.com/jobs-in-secunderabad-&-vijayawada","404","secunderabad & vijayawada sarkari naukri",""
"https://www.searchsarkarinaukri.com/jobs/railtel-apprentice-recruitment-2026-bihar-locations-apply-online--3886","https://www.searchsarkarinaukri.com/districts/patna","404","All government jobs in patna",""
"https://www.searchsarkarinaukri.com/jobs/railtel-apprentice-recruitment-2026-rajasthan-locations-apply-online--3882","https://www.searchsarkarinaukri.com/districts/jaipur","404","All government jobs in jaipur",""
"https://www.searchsarkarinaukri.com/jobs/railtel-apprentice-recruitment-2026-uttar-pradesh-locations-apply-online--3883","https://www.searchsarkarinaukri.com/districts/lucknow","404","All government jobs in lucknow",""
"https://www.searchsarkarinaukri.com/jobs/railtel-apprentice-recruitment-2026-new-delhi-gurgaon-locations-apply-online--3881","https://www.searchsarkarinaukri.com/districts/corporate-office-(new-delhi-&-gurgaon)","404","All government jobs in corporate office (new delhi & gurgaon)",""
"https://www.searchsarkarinaukri.com/jobs/railtel-apprentice-recruitment-2026-new-delhi-gurgaon-locations-apply-online--3881","https://www.searchsarkarinaukri.com/jobs-in-corporate-office-(new-delhi-&-gurgaon)","404","corporate office (new delhi & gurgaon) sarkari naukri",""
"https://www.searchsarkarinaukri.com/jobs/railtel-apprentice-recruitment-2026-north-india-locations-apply-online--3884","https://www.searchsarkarinaukri.com/districts/rohtak","404","All government jobs in rohtak",""
"https://www.searchsarkarinaukri.com/jobs/railtel-apprentice-recruitment-2026-north-india-locations-apply-online--3884","https://www.searchsarkarinaukri.com/jobs-in-rohtak","404","rohtak sarkari naukri",""
"https://www.searchsarkarinaukri.com/jobs/sjvn-engineer-c-i-recruitment-2026-apply-online-for-2-posts--3878","https://www.searchsarkarinaukri.com/districts/buxar-thermal-power-project","404","All government jobs in buxar thermal power project",""
"https://www.searchsarkarinaukri.com/jobs/sjvn-engineer-c-i-recruitment-2026-apply-online-for-2-posts--3878","https://www.searchsarkarinaukri.com/jobs-in-buxar-thermal-power-project","404","buxar thermal power project sarkari naukri",""
"https://www.searchsarkarinaukri.com/jobs/sjvn-deputy-manager-c-i-recruitment-2026-apply-online-for-1-post--3877","https://www.searchsarkarinaukri.com/districts/buxar-thermal-power-project","404","All government jobs in buxar thermal power project",""
"https://www.searchsarkarinaukri.com/jobs/sjvn-deputy-manager-c-i-recruitment-2026-apply-online-for-1-post--3877","https://www.searchsarkarinaukri.com/jobs-in-buxar-thermal-power-project","404","buxar thermal power project sarkari naukri",""
"https://www.searchsarkarinaukri.com/jobs/sjvn-deputy-manager-chemical-recruitment-2026-apply-online-for-1-post--3879","https://www.searchsarkarinaukri.com/districts/buxar-thermal-power-project","404","All government jobs in buxar thermal power project",""
"https://www.searchsarkarinaukri.com/jobs/sjvn-deputy-manager-chemical-recruitment-2026-apply-online-for-1-post--3879","https://www.searchsarkarinaukri.com/jobs-in-buxar-thermal-power-project","404","buxar thermal power project sarkari naukri",""
"https://www.searchsarkarinaukri.com/jobs/sjvn-engineer-chemical-recruitment-2026-apply-online-for-1-post--3880","https://www.searchsarkarinaukri.com/districts/buxar-thermal-power-project","404","All government jobs in buxar thermal power project",""
"https://www.searchsarkarinaukri.com/jobs/sjvn-engineer-chemical-recruitment-2026-apply-online-for-1-post--3880","https://www.searchsarkarinaukri.com/jobs-in-buxar-thermal-power-project","404","buxar thermal power project sarkari naukri",""
"https://www.searchsarkarinaukri.com/jobs/sjvn-deputy-manager-electrical-recruitment-2026-apply-online-for-3-posts--3875","https://www.searchsarkarinaukri.com/districts/buxar-thermal-power-project","404","All government jobs in buxar thermal power project",""
"https://www.searchsarkarinaukri.com/jobs/sjvn-deputy-manager-electrical-recruitment-2026-apply-online-for-3-posts--3875","https://www.searchsarkarinaukri.com/jobs-in-buxar-thermal-power-project","404","buxar thermal power project sarkari naukri",""
"https://www.searchsarkarinaukri.com/jobs/sjvn-engineer-electrical-recruitment-2026-apply-online-for-3-posts--3876","https://www.searchsarkarinaukri.com/districts/buxar-thermal-power-project","404","All government jobs in buxar thermal power project",""
"https://www.searchsarkarinaukri.com/jobs/sjvn-engineer-electrical-recruitment-2026-apply-online-for-3-posts--3876","https://www.searchsarkarinaukri.com/jobs-in-buxar-thermal-power-project","404","buxar thermal power project sarkari naukri",""
"https://www.searchsarkarinaukri.com/jobs/sjvn-engineer-mechanical-recruitment-2026-apply-online-for-6-posts--3874","https://www.searchsarkarinaukri.com/districts/buxar-thermal-power-project","404","All government jobs in buxar thermal power project",""
"https://www.searchsarkarinaukri.com/jobs/sjvn-engineer-mechanical-recruitment-2026-apply-online-for-6-posts--3874","https://www.searchsarkarinaukri.com/jobs-in-buxar-thermal-power-project","404","buxar thermal power project sarkari naukri",""
"https://www.searchsarkarinaukri.com/jobs/sjvn-deputy-manager-mechanical-recruitment-2026-apply-online-for-3-posts--3873","https://www.searchsarkarinaukri.com/districts/buxar-thermal-power-project","404","All government jobs in buxar thermal power project",""
"https://www.searchsarkarinaukri.com/jobs/sjvn-deputy-manager-mechanical-recruitment-2026-apply-online-for-3-posts--3873","https://www.searchsarkarinaukri.com/jobs-in-buxar-thermal-power-project","404","buxar thermal power project sarkari naukri",""
"https://www.searchsarkarinaukri.com/jobs/aai-bhubaneswar-airport-apprentice-recruitment-2026-apply-online--3869","https://www.searchsarkarinaukri.com/districts/bhubaneswar-airport","404","All government jobs in bhubaneswar airport",""
"https://www.searchsarkarinaukri.com/jobs/aai-bhubaneswar-airport-apprentice-recruitment-2026-apply-online--3869","https://www.searchsarkarinaukri.com/jobs-in-bhubaneswar-airport","404","bhubaneswar airport sarkari naukri",""
"https://www.searchsarkarinaukri.com/jobs/sjvn-chief-general-manager-recruitment-2026-apply-online-for-1-post--3872","https://www.searchsarkarinaukri.com/districts/buxar-thermal-power-project","404","All government jobs in buxar thermal power project",""
"https://www.searchsarkarinaukri.com/jobs/sjvn-chief-general-manager-recruitment-2026-apply-online-for-1-post--3872","https://www.searchsarkarinaukri.com/jobs-in-buxar-thermal-power-project","404","buxar thermal power project sarkari naukri",""
"https://www.searchsarkarinaukri.com/jobs/aai-jharsuguda-airport-apprentice-recruitment-2026-apply-online--3871","https://www.searchsarkarinaukri.com/districts/jharsuguda-airport","404","All government jobs in jharsuguda airport",""
"https://www.searchsarkarinaukri.com/jobs/aai-jharsuguda-airport-apprentice-recruitment-2026-apply-online--3871","https://www.searchsarkarinaukri.com/jobs-in-jharsuguda-airport","404","jharsuguda airport sarkari naukri",""
"https://www.searchsarkarinaukri.com/jobs/aai-pakyong-airport-apprentice-recruitment-2026-apply-online--3870","https://www.searchsarkarinaukri.com/districts/pakyong-airport","404","All government jobs in pakyong airport",""
"https://www.searchsarkarinaukri.com/jobs/aai-pakyong-airport-apprentice-recruitment-2026-apply-online--3870","https://www.searchsarkarinaukri.com/jobs-in-pakyong-airport","404","pakyong airport sarkari naukri",""
"https://www.searchsarkarinaukri.com/jobs/aai-gaya-airport-apprentice-recruitment-2026-apply-online--3865","https://www.searchsarkarinaukri.com/districts/gaya-airport","404","All government jobs in gaya airport",""
"https://www.searchsarkarinaukri.com/jobs/aai-gaya-airport-apprentice-recruitment-2026-apply-online--3865","https://www.searchsarkarinaukri.com/jobs-in-gaya-airport","404","gaya airport sarkari naukri",""
"https://www.searchsarkarinaukri.com/jobs/aai-birsa-munda-airport-ranchi-apprentice-recruitment-2026-apply-online--3867","https://www.searchsarkarinaukri.com/districts/birsa-munda-airport","404","All government jobs in birsa munda airport",""
"https://www.searchsarkarinaukri.com/jobs/aai-birsa-munda-airport-ranchi-apprentice-recruitment-2026-apply-online--3867","https://www.searchsarkarinaukri.com/jobs-in-birsa-munda-airport","404","birsa munda airport sarkari naukri",""
"https://www.searchsarkarinaukri.com/jobs/aai-raipur-airport-apprentice-recruitment-2026-apply-online--3868","https://www.searchsarkarinaukri.com/districts/raipur-airport","404","All government jobs in raipur airport",""
"https://www.searchsarkarinaukri.com/jobs/aai-raipur-airport-apprentice-recruitment-2026-apply-online--3868","https://www.searchsarkarinaukri.com/jobs-in-raipur-airport","404","raipur airport sarkari naukri",""
"https://www.searchsarkarinaukri.com/jobs/aai-patna-airport-apprentice-recruitment-2026-apply-online--3866","https://www.searchsarkarinaukri.com/districts/patna-airport","404","All government jobs in patna airport",""
"https://www.searchsarkarinaukri.com/jobs/aai-patna-airport-apprentice-recruitment-2026-apply-online--3866","https://www.searchsarkarinaukri.com/jobs-in-patna-airport","404","patna airport sarkari naukri",""
"https://www.searchsarkarinaukri.com/jobs/aai-bagdogra-airport-apprentice-recruitment-2026-apply-online--3864","https://www.searchsarkarinaukri.com/districts/bagdogra-airport","404","All government jobs in bagdogra airport",""
"https://www.searchsarkarinaukri.com/jobs/aai-bagdogra-airport-apprentice-recruitment-2026-apply-online--3864","https://www.searchsarkarinaukri.com/jobs-in-bagdogra-airport","404","bagdogra airport sarkari naukri",""
"https://www.searchsarkarinaukri.com/jobs/aai-sri-vijaya-puram-airport-apprentice-recruitment-2026-apply-online--3863","https://www.searchsarkarinaukri.com/districts/sri-vijaya-puram-airport","404","All government jobs in sri vijaya puram airport",""
"https://www.searchsarkarinaukri.com/jobs/aai-sri-vijaya-puram-airport-apprentice-recruitment-2026-apply-online--3863","https://www.searchsarkarinaukri.com/jobs-in-sri-vijaya-puram-airport","404","sri vijaya puram airport sarkari naukri",""
"https://www.searchsarkarinaukri.com/jobs/aai-rhq-kolkata-apprentice-recruitment-2026-apply-online--3862","https://www.searchsarkarinaukri.com/districts/regional-headquarters","404","All government jobs in regional headquarters",""
"https://www.searchsarkarinaukri.com/jobs/aai-rhq-kolkata-apprentice-recruitment-2026-apply-online--3862","https://www.searchsarkarinaukri.com/jobs-in-regional-headquarters","404","regional headquarters sarkari naukri",""
"https://www.searchsarkarinaukri.com/jobs/isro-ursc-commercial-practice-apprentice-recruitment-2026-apply-online-for-70-posts--3861","https://www.searchsarkarinaukri.com/districts/bengaluru","404","All government jobs in bengaluru",""
"https://www.searchsarkarinaukri.com/jobs/isro-ursc-commercial-practice-apprentice-recruitment-2026-apply-online-for-70-posts--3861","https://www.searchsarkarinaukri.com/jobs-in-bengaluru","404","bengaluru sarkari naukri",""
"https://www.searchsarkarinaukri.com/jobs/isro-ursc-technician-apprentice-recruitment-2026-apply-online-for-120-posts--3860","https://www.searchsarkarinaukri.com/districts/bengaluru","404","All government jobs in bengaluru",""
"https://www.searchsarkarinaukri.com/jobs/isro-ursc-technician-apprentice-recruitment-2026-apply-online-for-120-posts--3860","https://www.searchsarkarinaukri.com/jobs-in-bengaluru","404","bengaluru sarkari naukri",""
"https://www.searchsarkarinaukri.com/jobs/isro-ursc-graduate-apprentice-recruitment-2026-apply-online-for-220-posts--3859","https://www.searchsarkarinaukri.com/districts/bengaluru","404","All government jobs in bengaluru",""
"https://www.searchsarkarinaukri.com/jobs/isro-ursc-graduate-apprentice-recruitment-2026-apply-online-for-220-posts--3859","https://www.searchsarkarinaukri.com/jobs-in-bengaluru","404","bengaluru sarkari naukri",""
"https://www.searchsarkarinaukri.com/jobs/sgbau-amravati-sgbau-amravati-2026--3852","https://www.searchsarkarinaukri.com/jobs-in-amravati","404","amravati sarkari naukri",""
"https://www.searchsarkarinaukri.com/jobs/vasantrao-naik-college-raigad-vasantrao-naik-college-raigad-2026--3844","https://www.searchsarkarinaukri.com/jobs-in-raigad","404","raigad sarkari naukri",""
"https://www.searchsarkarinaukri.com/jobs/bal-vikas-prakalp-ahilyanagar-integrated-child-development-services-scheme-project-bal-vikas-prakalp--3838","https://www.searchsarkarinaukri.com/jobs-in-ahmednagar","404","ahmednagar sarkari naukri",""
"https://www.searchsarkarinaukri.com/jobs/government-medical-college-and-hospital-chhatrapati-sambhajinagar-government-medical-college-and-hos--3836","https://www.searchsarkarinaukri.com/jobs-in-chhatrapati-sambhajinagar","404","chhatrapati sambhajinagar sarkari naukri",""
"https://www.searchsarkarinaukri.com/jobs/district-and-sessions-court-beed-district-and-sessions-court-beed-invites-2026--3834","https://www.searchsarkarinaukri.com/jobs-in-beed","404","beed sarkari naukri",""
"https://www.searchsarkarinaukri.com/jobs/bmc-assistant-helper-recruitment-2026-apply-offline-for-1-post--3822","https://www.searchsarkarinaukri.com/districts/hind-hridaysamrat-balasaheb-thackeray-medical-college-&-dr.-rustom-narsee-cooper-hospital","404","All government jobs in hind hridaysamrat balasaheb thackeray medical college & dr. rustom narsee cooper hospital",""
"https://www.searchsarkarinaukri.com/jobs/bmc-assistant-helper-recruitment-2026-apply-offline-for-1-post--3822","https://www.searchsarkarinaukri.com/jobs-in-hind-hridaysamrat-balasaheb-thackeray-medical-college-&-dr.-rustom-narsee-cooper-hospital","404","hind hridaysamrat balasaheb thackeray medical college & dr. rustom narsee cooper hospital sarkari naukri",""
"https://www.searchsarkarinaukri.com/jobs/bmc-dresser-wound-care-attendant-recruitment-2026-apply-offline-for-2-posts--3820","https://www.searchsarkarinaukri.com/districts/hind-hridaysamrat-balasaheb-thackeray-medical-college-&-dr.-rustom-narsee-cooper-hospital","404","All government jobs in hind hridaysamrat balasaheb thackeray medical college & dr. rustom narsee cooper hospital",""
"https://www.searchsarkarinaukri.com/jobs/bmc-dresser-wound-care-attendant-recruitment-2026-apply-offline-for-2-posts--3820","https://www.searchsarkarinaukri.com/jobs-in-hind-hridaysamrat-balasaheb-thackeray-medical-college-&-dr.-rustom-narsee-cooper-hospital","404","hind hridaysamrat balasaheb thackeray medical college & dr. rustom narsee cooper hospital sarkari naukri",""
"https://www.searchsarkarinaukri.com/jobs/bmc-tailor-recruitment-2026-apply-offline-for-2-posts--3823","https://www.searchsarkarinaukri.com/districts/hind-hridaysamrat-balasaheb-thackeray-medical-college-&-dr.-rustom-narsee-cooper-hospital","404","All government jobs in hind hridaysamrat balasaheb thackeray medical college & dr. rustom narsee cooper hospital",""
"https://www.searchsarkarinaukri.com/jobs/bmc-tailor-recruitment-2026-apply-offline-for-2-posts--3823","https://www.searchsarkarinaukri.com/jobs-in-hind-hridaysamrat-balasaheb-thackeray-medical-college-&-dr.-rustom-narsee-cooper-hospital","404","hind hridaysamrat balasaheb thackeray medical college & dr. rustom narsee cooper hospital sarkari naukri",""
"https://www.searchsarkarinaukri.com/jobs/bmc-barber-recruitment-2026-apply-offline-for-2-posts--3821","https://www.searchsarkarinaukri.com/districts/hind-hridaysamrat-balasaheb-thackeray-medical-college-&-dr.-rustom-narsee-cooper-hospital","404","All government jobs in hind hridaysamrat balasaheb thackeray medical college & dr. rustom narsee cooper hospital",""
"https://www.searchsarkarinaukri.com/jobs/bmc-barber-recruitment-2026-apply-offline-for-2-posts--3821","https://www.searchsarkarinaukri.com/jobs-in-hind-hridaysamrat-balasaheb-thackeray-medical-college-&-dr.-rustom-narsee-cooper-hospital","404","hind hridaysamrat balasaheb thackeray medical college & dr. rustom narsee cooper hospital sarkari naukri",""
"https://www.searchsarkarinaukri.com/jobs/bmc-hearse-attendant-halalkhor-ambulance-attendant-recruitment-2026-apply-offline-for-5-posts--3819","https://www.searchsarkarinaukri.com/districts/hind-hridaysamrat-balasaheb-thackeray-medical-college-&-dr.-rustom-narsee-cooper-hospital","404","All government jobs in hind hridaysamrat balasaheb thackeray medical college & dr. rustom narsee cooper hospital",""
"https://www.searchsarkarinaukri.com/jobs/bmc-hearse-attendant-halalkhor-ambulance-attendant-recruitment-2026-apply-offline-for-5-posts--3819","https://www.searchsarkarinaukri.com/jobs-in-hind-hridaysamrat-balasaheb-thackeray-medical-college-&-dr.-rustom-narsee-cooper-hospital","404","hind hridaysamrat balasaheb thackeray medical college & dr. rustom narsee cooper hospital sarkari naukri",""
"https://www.searchsarkarinaukri.com/jobs/bmc-worker-recruitment-2026-apply-offline-for-2-posts--3817","https://www.searchsarkarinaukri.com/districts/hind-hridaysamrat-balasaheb-thackeray-medical-college-&-dr.-rustom-narsee-cooper-hospital","404","All government jobs in hind hridaysamrat balasaheb thackeray medical college & dr. rustom narsee cooper hospital",""
"https://www.searchsarkarinaukri.com/jobs/bmc-worker-recruitment-2026-apply-offline-for-2-posts--3817","https://www.searchsarkarinaukri.com/jobs-in-hind-hridaysamrat-balasaheb-thackeray-medical-college-&-dr.-rustom-narsee-cooper-hospital","404","hind hridaysamrat balasaheb thackeray medical college & dr. rustom narsee cooper hospital sarkari naukri",""
"https://www.searchsarkarinaukri.com/jobs/bmc-ambulance-attendant-recruitment-2026-apply-offline-for-2-posts--3818","https://www.searchsarkarinaukri.com/districts/hind-hridaysamrat-balasaheb-thackeray-medical-college-&-dr.-rustom-narsee-cooper-hospital","404","All government jobs in hind hridaysamrat balasaheb thackeray medical college & dr. rustom narsee cooper hospital",""
"https://www.searchsarkarinaukri.com/jobs/bmc-ambulance-attendant-recruitment-2026-apply-offline-for-2-posts--3818","https://www.searchsarkarinaukri.com/jobs-in-hind-hridaysamrat-balasaheb-thackeray-medical-college-&-dr.-rustom-narsee-cooper-hospital","404","hind hridaysamrat balasaheb thackeray medical college & dr. rustom narsee cooper hospital sarkari naukri",""
"https://www.searchsarkarinaukri.com/jobs/bmc-porter-worker-recruitment-2026-apply-offline-for-1-post--3816","https://www.searchsarkarinaukri.com/districts/hind-hridaysamrat-balasaheb-thackeray-medical-college-&-dr.-rustom-narsee-cooper-hospital","404","All government jobs in hind hridaysamrat balasaheb thackeray medical college & dr. rustom narsee cooper hospital",""
"https://www.searchsarkarinaukri.com/jobs/bmc-porter-worker-recruitment-2026-apply-offline-for-1-post--3816","https://www.searchsarkarinaukri.com/jobs-in-hind-hridaysamrat-balasaheb-thackeray-medical-college-&-dr.-rustom-narsee-cooper-hospital","404","hind hridaysamrat balasaheb thackeray medical college & dr. rustom narsee cooper hospital sarkari naukri",""
"https://www.searchsarkarinaukri.com/jobs/bmc-gardener-sweeper-recruitment-2026-apply-offline-for-3-posts--3812","https://www.searchsarkarinaukri.com/districts/hind-hridaysamrat-balasaheb-thackeray-medical-college-&-dr.-rustom-narsee-cooper-hospital","404","All government jobs in hind hridaysamrat balasaheb thackeray medical college & dr. rustom narsee cooper hospital",""
"https://www.searchsarkarinaukri.com/jobs/bmc-gardener-sweeper-recruitment-2026-apply-offline-for-3-posts--3812","https://www.searchsarkarinaukri.com/jobs-in-hind-hridaysamrat-balasaheb-thackeray-medical-college-&-dr.-rustom-narsee-cooper-hospital","404","hind hridaysamrat balasaheb thackeray medical college & dr. rustom narsee cooper hospital sarkari naukri",""
"https://www.searchsarkarinaukri.com/jobs/bmc-sweeper-halalkhor-recruitment-2026-apply-offline-for-1-post--3814","https://www.searchsarkarinaukri.com/districts/hind-hridaysamrat-balasaheb-thackeray-medical-college-&-dr.-rustom-narsee-cooper-hospital","404","All government jobs in hind hridaysamrat balasaheb thackeray medical college & dr. rustom narsee cooper hospital",""
"https://www.searchsarkarinaukri.com/jobs/bmc-sweeper-halalkhor-recruitment-2026-apply-offline-for-1-post--3814","https://www.searchsarkarinaukri.com/jobs-in-hind-hridaysamrat-balasaheb-thackeray-medical-college-&-dr.-rustom-narsee-cooper-hospital","404","hind hridaysamrat balasaheb thackeray medical college & dr. rustom narsee cooper hospital sarkari naukri",""
"https://www.searchsarkarinaukri.com/jobs/bmc-gardener-recruitment-2026-apply-offline-for-3-posts--3813","https://www.searchsarkarinaukri.com/districts/hind-hridaysamrat-balasaheb-thackeray-medical-college-&-dr.-rustom-narsee-cooper-hospital","404","All government jobs in hind hridaysamrat balasaheb thackeray medical college & dr. rustom narsee cooper hospital",""
"https://www.searchsarkarinaukri.com/jobs/bmc-gardener-recruitment-2026-apply-offline-for-3-posts--3813","https://www.searchsarkarinaukri.com/jobs-in-hind-hridaysamrat-balasaheb-thackeray-medical-college-&-dr.-rustom-narsee-cooper-hospital","404","hind hridaysamrat balasaheb thackeray medical college & dr. rustom narsee cooper hospital sarkari naukri",""
"https://www.searchsarkarinaukri.com/jobs/bmc-porter-recruitment-2026-apply-offline-for-2-posts--3815","https://www.searchsarkarinaukri.com/districts/hind-hridaysamrat-balasaheb-thackeray-medical-college-&-dr.-rustom-narsee-cooper-hospital","404","All government jobs in hind hridaysamrat balasaheb thackeray medical college & dr. rustom narsee cooper hospital",""
"https://www.searchsarkarinaukri.com/jobs/bmc-porter-recruitment-2026-apply-offline-for-2-posts--3815","https://www.searchsarkarinaukri.com/jobs-in-hind-hridaysamrat-balasaheb-thackeray-medical-college-&-dr.-rustom-narsee-cooper-hospital","404","hind hridaysamrat balasaheb thackeray medical college & dr. rustom narsee cooper hospital sarkari naukri",""
"https://www.searchsarkarinaukri.com/jobs/bmc-ward-attendant-recruitment-2026-apply-offline-for-12-posts--3809","https://www.searchsarkarinaukri.com/districts/hind-hridaysamrat-balasaheb-thackeray-medical-college-&-dr.-rustom-narsee-cooper-hospital","404","All government jobs in hind hridaysamrat balasaheb thackeray medical college & dr. rustom narsee cooper hospital",""
"https://www.searchsarkarinaukri.com/jobs/bmc-ward-attendant-recruitment-2026-apply-offline-for-12-posts--3809","https://www.searchsarkarinaukri.com/jobs-in-hind-hridaysamrat-balasaheb-thackeray-medical-college-&-dr.-rustom-narsee-cooper-hospital","404","hind hridaysamrat balasaheb thackeray medical college & dr. rustom narsee cooper hospital sarkari naukri",""
"https://www.searchsarkarinaukri.com/jobs/bmc-sweeper-recruitment-2026-apply-offline-for-31-posts--3808","https://www.searchsarkarinaukri.com/districts/hind-hridaysamrat-balasaheb-thackeray-medical-college-&-dr.-rustom-narsee-cooper-hospital","404","All government jobs in hind hridaysamrat balasaheb thackeray medical college & dr. rustom narsee cooper hospital",""
"https://www.searchsarkarinaukri.com/jobs/bmc-sweeper-recruitment-2026-apply-offline-for-31-posts--3808","https://www.searchsarkarinaukri.com/jobs-in-hind-hridaysamrat-balasaheb-thackeray-medical-college-&-dr.-rustom-narsee-cooper-hospital","404","hind hridaysamrat balasaheb thackeray medical college & dr. rustom narsee cooper hospital sarkari naukri",""
"https://www.searchsarkarinaukri.com/jobs/bmc-ward-servant-recruitment-2026-apply-offline-for-2-posts--3810","https://www.searchsarkarinaukri.com/districts/hind-hridaysamrat-balasaheb-thackeray-medical-college-&-dr.-rustom-narsee-cooper-hospital","404","All government jobs in hind hridaysamrat balasaheb thackeray medical college & dr. rustom narsee cooper hospital",""
"https://www.searchsarkarinaukri.com/jobs/bmc-ward-servant-recruitment-2026-apply-offline-for-2-posts--3810","https://www.searchsarkarinaukri.com/jobs-in-hind-hridaysamrat-balasaheb-thackeray-medical-college-&-dr.-rustom-narsee-cooper-hospital","404","hind hridaysamrat balasaheb thackeray medical college & dr. rustom narsee cooper hospital sarkari naukri",""
"https://www.searchsarkarinaukri.com/jobs/bmc-ayah-nursing-attendant-recruitment-2026-apply-offline-for-22-posts--3811","https://www.searchsarkarinaukri.com/districts/hind-hridaysamrat-balasaheb-thackeray-medical-college-&-dr.-rustom-narsee-cooper-hospital","404","All government jobs in hind hridaysamrat balasaheb thackeray medical college & dr. rustom narsee cooper hospital",""
"https://www.searchsarkarinaukri.com/jobs/bmc-ayah-nursing-attendant-recruitment-2026-apply-offline-for-22-posts--3811","https://www.searchsarkarinaukri.com/jobs-in-hind-hridaysamrat-balasaheb-thackeray-medical-college-&-dr.-rustom-narsee-cooper-hospital","404","hind hridaysamrat balasaheb thackeray medical college & dr. rustom narsee cooper hospital sarkari naukri",""
"https://www.searchsarkarinaukri.com/jobs/bmc-training-assistant-recruitment-2026-apply-offline-for-5-posts--3807","https://www.searchsarkarinaukri.com/districts/hind-hridaysamrat-balasaheb-thackeray-medical-college-&-dr.-rustom-narsee-cooper-hospital","404","All government jobs in hind hridaysamrat balasaheb thackeray medical college & dr. rustom narsee cooper hospital",""
"https://www.searchsarkarinaukri.com/jobs/bmc-training-assistant-recruitment-2026-apply-offline-for-5-posts--3807","https://www.searchsarkarinaukri.com/jobs-in-hind-hridaysamrat-balasaheb-thackeray-medical-college-&-dr.-rustom-narsee-cooper-hospital","404","hind hridaysamrat balasaheb thackeray medical college & dr. rustom narsee cooper hospital sarkari naukri",""
"https://www.searchsarkarinaukri.com/jobs/bmc-lift-operator-wireman-iii-pump-operator-recruitment-2026-apply-offline-for-1-post--3805","https://www.searchsarkarinaukri.com/districts/hind-hridaysamrat-balasaheb-thackeray-medical-college-&-dr.-rustom-narsee-cooper-hospital","404","All government jobs in hind hridaysamrat balasaheb thackeray medical college & dr. rustom narsee cooper hospital",""
"https://www.searchsarkarinaukri.com/jobs/bmc-lift-operator-wireman-iii-pump-operator-recruitment-2026-apply-offline-for-1-post--3805","https://www.searchsarkarinaukri.com/jobs-in-hind-hridaysamrat-balasaheb-thackeray-medical-college-&-dr.-rustom-narsee-cooper-hospital","404","hind hridaysamrat balasaheb thackeray medical college & dr. rustom narsee cooper hospital sarkari naukri",""
"https://www.searchsarkarinaukri.com/jobs/bmc-lift-operator-recruitment-2026-apply-offline-for-3-posts--3804","https://www.searchsarkarinaukri.com/districts/hind-hridaysamrat-balasaheb-thackeray-medical-college-&-dr.-rustom-narsee-cooper-hospital","404","All government jobs in hind hridaysamrat balasaheb thackeray medical college & dr. rustom narsee cooper hospital",""
"https://www.searchsarkarinaukri.com/jobs/bmc-lift-operator-recruitment-2026-apply-offline-for-3-posts--3804","https://www.searchsarkarinaukri.com/jobs-in-hind-hridaysamrat-balasaheb-thackeray-medical-college-&-dr.-rustom-narsee-cooper-hospital","404","hind hridaysamrat balasaheb thackeray medical college & dr. rustom narsee cooper hospital sarkari naukri",""
"https://www.searchsarkarinaukri.com/jobs/bmc-wireman-iii-lift-operator-pump-operator-recruitment-2026-apply-offline-for-1-post--3806","https://www.searchsarkarinaukri.com/districts/hind-hridaysamrat-balasaheb-thackeray-medical-college-&-dr.-rustom-narsee-cooper-hospital","404","All government jobs in hind hridaysamrat balasaheb thackeray medical college & dr. rustom narsee cooper hospital",""
"https://www.searchsarkarinaukri.com/jobs/bmc-wireman-iii-lift-operator-pump-operator-recruitment-2026-apply-offline-for-1-post--3806","https://www.searchsarkarinaukri.com/jobs-in-hind-hridaysamrat-balasaheb-thackeray-medical-college-&-dr.-rustom-narsee-cooper-hospital","404","hind hridaysamrat balasaheb thackeray medical college & dr. rustom narsee cooper hospital sarkari naukri",""
"https://www.searchsarkarinaukri.com/jobs/bmc-wireman-recruitment-2026-apply-offline-for-1-post--3803","https://www.searchsarkarinaukri.com/districts/hind-hridaysamrat-balasaheb-thackeray-medical-college-&-dr.-rustom-narsee-cooper-hospital","404","All government jobs in hind hridaysamrat balasaheb thackeray medical college & dr. rustom narsee cooper hospital",""
"https://www.searchsarkarinaukri.com/jobs/bmc-wireman-recruitment-2026-apply-offline-for-1-post--3803","https://www.searchsarkarinaukri.com/jobs-in-hind-hridaysamrat-balasaheb-thackeray-medical-college-&-dr.-rustom-narsee-cooper-hospital","404","hind hridaysamrat balasaheb thackeray medical college & dr. rustom narsee cooper hospital sarkari naukri",""
"https://www.searchsarkarinaukri.com/jobs/bmc-laboratory-attendant-recruitment-2026-apply-offline-for-7-posts--3800","https://www.searchsarkarinaukri.com/districts/hind-hridaysamrat-balasaheb-thackeray-medical-college-&-dr.-rustom-narsee-cooper-hospital","404","All government jobs in hind hridaysamrat balasaheb thackeray medical college & dr. rustom narsee cooper hospital",""
"https://www.searchsarkarinaukri.com/jobs/bmc-laboratory-attendant-recruitment-2026-apply-offline-for-7-posts--3800","https://www.searchsarkarinaukri.com/jobs-in-hind-hridaysamrat-balasaheb-thackeray-medical-college-&-dr.-rustom-narsee-cooper-hospital","404","hind hridaysamrat balasaheb thackeray medical college & dr. rustom narsee cooper hospital sarkari naukri",""
"https://www.searchsarkarinaukri.com/jobs/bmc-laboratory-servant-recruitment-2026-apply-offline-for-3-posts--3801","https://www.searchsarkarinaukri.com/districts/hind-hridaysamrat-balasaheb-thackeray-medical-college-&-dr.-rustom-narsee-cooper-hospital","404","All government jobs in hind hridaysamrat balasaheb thackeray medical college & dr. rustom narsee cooper hospital",""
"https://www.searchsarkarinaukri.com/jobs/bmc-laboratory-servant-recruitment-2026-apply-offline-for-3-posts--3801","https://www.searchsarkarinaukri.com/jobs-in-hind-hridaysamrat-balasaheb-thackeray-medical-college-&-dr.-rustom-narsee-cooper-hospital","404","hind hridaysamrat balasaheb thackeray medical college & dr. rustom narsee cooper hospital sarkari naukri",""
"https://www.searchsarkarinaukri.com/jobs/bmc-electrician-recruitment-2026-apply-offline-for-1-post--3802","https://www.searchsarkarinaukri.com/districts/hind-hridaysamrat-balasaheb-thackeray-medical-college-&-dr.-rustom-narsee-cooper-hospital","404","All government jobs in hind hridaysamrat balasaheb thackeray medical college & dr. rustom narsee cooper hospital",""
"https://www.searchsarkarinaukri.com/jobs/bmc-electrician-recruitment-2026-apply-offline-for-1-post--3802","https://www.searchsarkarinaukri.com/jobs-in-hind-hridaysamrat-balasaheb-thackeray-medical-college-&-dr.-rustom-narsee-cooper-hospital","404","hind hridaysamrat balasaheb thackeray medical college & dr. rustom narsee cooper hospital sarkari naukri",""
"https://www.searchsarkarinaukri.com/jobs/bpcl-process-technician-chemical-recruitment-2026-mumbai-apply-online-for-60-posts--3796","https://www.searchsarkarinaukri.com/districts/mumbai-refinery","404","All government jobs in mumbai refinery",""
"https://www.searchsarkarinaukri.com/jobs/bpcl-process-technician-chemical-recruitment-2026-mumbai-apply-online-for-60-posts--3796","https://www.searchsarkarinaukri.com/jobs-in-mumbai-refinery","404","mumbai refinery sarkari naukri",""
"https://www.searchsarkarinaukri.com/jobs/bpcl-technician-operator-mechanical-recruitment-2026-kochi-apply-online-for-13-posts--3798","https://www.searchsarkarinaukri.com/districts/kochi-refinery","404","All government jobs in kochi refinery",""
"https://www.searchsarkarinaukri.com/jobs/bpcl-technician-operator-mechanical-recruitment-2026-kochi-apply-online-for-13-posts--3798","https://www.searchsarkarinaukri.com/jobs-in-kochi-refinery","404","kochi refinery sarkari naukri",""
"https://www.searchsarkarinaukri.com/jobs/bpcl-technician-electrical-recruitment-2026-kochi-apply-online-for-17-posts--3799","https://www.searchsarkarinaukri.com/districts/kochi-refinery","404","All government jobs in kochi refinery",""
"https://www.searchsarkarinaukri.com/jobs/bpcl-technician-electrical-recruitment-2026-kochi-apply-online-for-17-posts--3799","https://www.searchsarkarinaukri.com/jobs-in-kochi-refinery","404","kochi refinery sarkari naukri",""
"https://www.searchsarkarinaukri.com/jobs/bpcl-process-operator-chemical-recruitment-2026-kochi-apply-online-for-64-posts--3797","https://www.searchsarkarinaukri.com/districts/kochi-refinery","404","All government jobs in kochi refinery",""
"https://www.searchsarkarinaukri.com/jobs/bpcl-process-operator-chemical-recruitment-2026-kochi-apply-online-for-64-posts--3797","https://www.searchsarkarinaukri.com/jobs-in-kochi-refinery","404","kochi refinery sarkari naukri",""
"https://www.searchsarkarinaukri.com/jobs/wardha-nagarik-sahakari-adhikosh-bank-wardha-nagarik-sahakari-adhikosh-bank-2026--3788","https://www.searchsarkarinaukri.com/jobs-in-wardha","404","wardha sarkari naukri",""
"https://www.searchsarkarinaukri.com/jobs/laxmi-urban-co-op-bank-latur-laxmi-urban-co-op-bank-latur-2026--3782","https://www.searchsarkarinaukri.com/jobs-in-latur","404","latur sarkari naukri",""
"https://www.searchsarkarinaukri.com/jobs/shahu-bank-beed-shahu-bank-beed-2026--3783","https://www.searchsarkarinaukri.com/jobs-in-beed","404","beed sarkari naukri",""
"https://www.searchsarkarinaukri.com/jobs/nhm-latur-nhm-latur-2026--3778","https://www.searchsarkarinaukri.com/jobs-in-latur","404","latur sarkari naukri",""
"https://www.searchsarkarinaukri.com/jobs/district-court-beed-district-court-beed-2026--3774","https://www.searchsarkarinaukri.com/jobs-in-beed","404","beed sarkari naukri",""
"https://www.searchsarkarinaukri.com/jobs/andaman-nicobar-administration-pay-level-4-assistant-recruitment-2026-apply-online-for-1-post--3762","https://www.searchsarkarinaukri.com/districts/andaman-&-nicobar-islands","404","All government jobs in andaman & nicobar islands",""
"https://www.searchsarkarinaukri.com/jobs/andaman-nicobar-administration-pay-level-4-assistant-recruitment-2026-apply-online-for-1-post--3762","https://www.searchsarkarinaukri.com/jobs-in-andaman-&-nicobar-islands","404","andaman & nicobar islands sarkari naukri",""
"https://www.searchsarkarinaukri.com/jobs/andaman-nicobar-administration-lower-grade-worker-recruitment-2026-apply-online-for-9-posts--3763","https://www.searchsarkarinaukri.com/districts/andaman-&-nicobar-islands","404","All government jobs in andaman & nicobar islands",""
"https://www.searchsarkarinaukri.com/jobs/andaman-nicobar-administration-lower-grade-worker-recruitment-2026-apply-online-for-9-posts--3763","https://www.searchsarkarinaukri.com/jobs-in-andaman-&-nicobar-islands","404","andaman & nicobar islands sarkari naukri",""
"https://www.searchsarkarinaukri.com/jobs/andaman-nicobar-administration-sweeper-recruitment-2026-apply-online-for-1-post--3764","https://www.searchsarkarinaukri.com/districts/andaman-&-nicobar-islands","404","All government jobs in andaman & nicobar islands",""
"https://www.searchsarkarinaukri.com/jobs/andaman-nicobar-administration-sweeper-recruitment-2026-apply-online-for-1-post--3764","https://www.searchsarkarinaukri.com/jobs-in-andaman-&-nicobar-islands","404","andaman & nicobar islands sarkari naukri",""
"https://www.searchsarkarinaukri.com/jobs/andaman-nicobar-administration-stenographer-grade-i-recruitment-2026-apply-online-for-33-posts--3761","https://www.searchsarkarinaukri.com/districts/andaman-&-nicobar-islands","404","All government jobs in andaman & nicobar islands",""
"https://www.searchsarkarinaukri.com/jobs/andaman-nicobar-administration-stenographer-grade-i-recruitment-2026-apply-online-for-33-posts--3761","https://www.searchsarkarinaukri.com/jobs-in-andaman-&-nicobar-islands","404","andaman & nicobar islands sarkari naukri",""
"https://www.searchsarkarinaukri.com/jobs/andaman-nicobar-administration-tally-clerk-recruitment-2026-apply-online-for-7-posts--3758","https://www.searchsarkarinaukri.com/districts/andaman-&-nicobar-islands","404","All government jobs in andaman & nicobar islands",""
"https://www.searchsarkarinaukri.com/jobs/andaman-nicobar-administration-tally-clerk-recruitment-2026-apply-online-for-7-posts--3758","https://www.searchsarkarinaukri.com/jobs-in-andaman-&-nicobar-islands","404","andaman & nicobar islands sarkari naukri",""
"https://www.searchsarkarinaukri.com/jobs/andaman-nicobar-administration-lower-grade-record-keeper-recruitment-2026-apply-online-for-426-posts--3760","https://www.searchsarkarinaukri.com/districts/andaman-&-nicobar-islands","404","All government jobs in andaman & nicobar islands",""
"https://www.searchsarkarinaukri.com/jobs/andaman-nicobar-administration-lower-grade-record-keeper-recruitment-2026-apply-online-for-426-posts--3760","https://www.searchsarkarinaukri.com/jobs-in-andaman-&-nicobar-islands","404","andaman & nicobar islands sarkari naukri",""
"https://www.searchsarkarinaukri.com/jobs/andaman-nicobar-administration-marine-radio-operator-recruitment-2026-apply-online-for-23-posts--3759","https://www.searchsarkarinaukri.com/districts/andaman-&-nicobar-islands","404","All government jobs in andaman & nicobar islands",""
"https://www.searchsarkarinaukri.com/jobs/andaman-nicobar-administration-marine-radio-operator-recruitment-2026-apply-online-for-23-posts--3759","https://www.searchsarkarinaukri.com/jobs-in-andaman-&-nicobar-islands","404","andaman & nicobar islands sarkari naukri",""
"https://www.searchsarkarinaukri.com/jobs/andaman-nicobar-administration-typist-cum-weigher-recruitment-2026-apply-online-for-3-posts--3755","https://www.searchsarkarinaukri.com/districts/andaman-&-nicobar-islands","404","All government jobs in andaman & nicobar islands",""
"https://www.searchsarkarinaukri.com/jobs/andaman-nicobar-administration-typist-cum-weigher-recruitment-2026-apply-online-for-3-posts--3755","https://www.searchsarkarinaukri.com/jobs-in-andaman-&-nicobar-islands","404","andaman & nicobar islands sarkari naukri",""
"https://www.searchsarkarinaukri.com/jobs/andaman-nicobar-administration-visitor-recruitment-2026-apply-online-for-1-post--3754","https://www.searchsarkarinaukri.com/districts/andaman-&-nicobar-islands","404","All government jobs in andaman & nicobar islands",""
"https://www.searchsarkarinaukri.com/jobs/andaman-nicobar-administration-visitor-recruitment-2026-apply-online-for-1-post--3754","https://www.searchsarkarinaukri.com/jobs-in-andaman-&-nicobar-islands","404","andaman & nicobar islands sarkari naukri",""
"https://www.searchsarkarinaukri.com/jobs/andaman-nicobar-administration-deputy-cook-recruitment-2026-apply-online-for-1-post--3756","https://www.searchsarkarinaukri.com/districts/andaman-&-nicobar-islands","404","All government jobs in andaman & nicobar islands",""
"https://www.searchsarkarinaukri.com/jobs/andaman-nicobar-administration-deputy-cook-recruitment-2026-apply-online-for-1-post--3756","https://www.searchsarkarinaukri.com/jobs-in-andaman-&-nicobar-islands","404","andaman & nicobar islands sarkari naukri",""
"https://www.searchsarkarinaukri.com/jobs/andaman-nicobar-administration-craft-instructor-recruitment-2026-apply-online-for-3-posts--3757","https://www.searchsarkarinaukri.com/districts/andaman-&-nicobar-islands","404","All government jobs in andaman & nicobar islands",""
"https://www.searchsarkarinaukri.com/jobs/andaman-nicobar-administration-craft-instructor-recruitment-2026-apply-online-for-3-posts--3757","https://www.searchsarkarinaukri.com/jobs-in-andaman-&-nicobar-islands","404","andaman & nicobar islands sarkari naukri",""
"https://www.searchsarkarinaukri.com/jobs/andaman-nicobar-administration-weighman-recruitment-2026-apply-online-for-3-posts--3753","https://www.searchsarkarinaukri.com/districts/andaman-&-nicobar-islands","404","All government jobs in andaman & nicobar islands",""
"https://www.searchsarkarinaukri.com/jobs/andaman-nicobar-administration-weighman-recruitment-2026-apply-online-for-3-posts--3753","https://www.searchsarkarinaukri.com/jobs-in-andaman-&-nicobar-islands","404","andaman & nicobar islands sarkari naukri",""
"https://www.searchsarkarinaukri.com/jobs/andaman-nicobar-administration-booking-clerk-recruitment-2026-apply-online-for-1-post--3751","https://www.searchsarkarinaukri.com/districts/andaman-&-nicobar-islands","404","All government jobs in andaman & nicobar islands",""
"https://www.searchsarkarinaukri.com/jobs/andaman-nicobar-administration-booking-clerk-recruitment-2026-apply-online-for-1-post--3751","https://www.searchsarkarinaukri.com/jobs-in-andaman-&-nicobar-islands","404","andaman & nicobar islands sarkari naukri",""
"https://www.searchsarkarinaukri.com/jobs/andaman-nicobar-administration-sub-store-keeper-recruitment-2026-apply-online-for-8-posts--3752","https://www.searchsarkarinaukri.com/districts/andaman-&-nicobar-islands","404","All government jobs in andaman & nicobar islands",""
"https://www.searchsarkarinaukri.com/jobs/andaman-nicobar-administration-sub-store-keeper-recruitment-2026-apply-online-for-8-posts--3752","https://www.searchsarkarinaukri.com/jobs-in-andaman-&-nicobar-islands","404","andaman & nicobar islands sarkari naukri",""
"https://www.searchsarkarinaukri.com/jobs/andaman-nicobar-administration-ferry-level-mazdoor-recruitment-2026-apply-online-for-7-posts--3750","https://www.searchsarkarinaukri.com/districts/andaman-&-nicobar-islands","404","All government jobs in andaman & nicobar islands",""
"https://www.searchsarkarinaukri.com/jobs/andaman-nicobar-administration-ferry-level-mazdoor-recruitment-2026-apply-online-for-7-posts--3750","https://www.searchsarkarinaukri.com/jobs-in-andaman-&-nicobar-islands","404","andaman & nicobar islands sarkari naukri",""
"https://www.searchsarkarinaukri.com/jobs/andaman-nicobar-administration-multi-tasking-staff-recruitment-2026-apply-online-for-215-posts--3747","https://www.searchsarkarinaukri.com/districts/andaman-&-nicobar-islands","404","All government jobs in andaman & nicobar islands",""
"https://www.searchsarkarinaukri.com/jobs/andaman-nicobar-administration-multi-tasking-staff-recruitment-2026-apply-online-for-215-posts--3747","https://www.searchsarkarinaukri.com/jobs-in-andaman-&-nicobar-islands","404","andaman & nicobar islands sarkari naukri",""
"https://www.searchsarkarinaukri.com/jobs/andaman-nicobar-administration-marine-radio-assistant-recruitment-2026-apply-online-for-4-posts--3749","https://www.searchsarkarinaukri.com/districts/andaman-&-nicobar-islands","404","All government jobs in andaman & nicobar islands",""
"https://www.searchsarkarinaukri.com/jobs/andaman-nicobar-administration-marine-radio-assistant-recruitment-2026-apply-online-for-4-posts--3749","https://www.searchsarkarinaukri.com/jobs-in-andaman-&-nicobar-islands","404","andaman & nicobar islands sarkari naukri",""
"https://www.searchsarkarinaukri.com/jobs/andaman-nicobar-administration-driver-grade-ii-recruitment-2026-apply-online-for-15-posts--3748","https://www.searchsarkarinaukri.com/districts/andaman-&-nicobar-islands","404","All government jobs in andaman & nicobar islands",""
"https://www.searchsarkarinaukri.com/jobs/andaman-nicobar-administration-driver-grade-ii-recruitment-2026-apply-online-for-15-posts--3748","https://www.searchsarkarinaukri.com/jobs-in-andaman-&-nicobar-islands","404","andaman & nicobar islands sarkari naukri",""
"https://www.searchsarkarinaukri.com/jobs/andaman-nicobar-administration-gram-sevika-recruitment-2026-apply-online-for-12-posts--3746","https://www.searchsarkarinaukri.com/districts/andaman-&-nicobar-islands","404","All government jobs in andaman & nicobar islands",""
"https://www.searchsarkarinaukri.com/jobs/andaman-nicobar-administration-gram-sevika-recruitment-2026-apply-online-for-12-posts--3746","https://www.searchsarkarinaukri.com/jobs-in-andaman-&-nicobar-islands","404","andaman & nicobar islands sarkari naukri",""
"https://www.searchsarkarinaukri.com/jobs/andaman-nicobar-administration-plant-room-technician-recruitment-2026-apply-online-for-1-post--3742","https://www.searchsarkarinaukri.com/districts/andaman-&-nicobar-islands","404","All government jobs in andaman & nicobar islands",""
"https://www.searchsarkarinaukri.com/jobs/andaman-nicobar-administration-plant-room-technician-recruitment-2026-apply-online-for-1-post--3742","https://www.searchsarkarinaukri.com/jobs-in-andaman-&-nicobar-islands","404","andaman & nicobar islands sarkari naukri",""
"https://www.searchsarkarinaukri.com/jobs/andaman-nicobar-administration-pump-driver-recruitment-2026-apply-online-for-1-post--3743","https://www.searchsarkarinaukri.com/districts/andaman-&-nicobar-islands","404","All government jobs in andaman & nicobar islands",""
"https://www.searchsarkarinaukri.com/jobs/andaman-nicobar-administration-pump-driver-recruitment-2026-apply-online-for-1-post--3743","https://www.searchsarkarinaukri.com/jobs-in-andaman-&-nicobar-islands","404","andaman & nicobar islands sarkari naukri",""
"https://www.searchsarkarinaukri.com/jobs/andaman-nicobar-administration-lineman-recruitment-2026-apply-online-for-2-posts--3744","https://www.searchsarkarinaukri.com/districts/andaman-&-nicobar-islands","404","All government jobs in andaman & nicobar islands",""
"https://www.searchsarkarinaukri.com/jobs/andaman-nicobar-administration-lineman-recruitment-2026-apply-online-for-2-posts--3744","https://www.searchsarkarinaukri.com/jobs-in-andaman-&-nicobar-islands","404","andaman & nicobar islands sarkari naukri",""
"https://www.searchsarkarinaukri.com/jobs/andaman-nicobar-administration-village-level-worker-recruitment-2026-apply-online-for-18-posts--3745","https://www.searchsarkarinaukri.com/districts/andaman-&-nicobar-islands","404","All government jobs in andaman & nicobar islands",""
"https://www.searchsarkarinaukri.com/jobs/andaman-nicobar-administration-village-level-worker-recruitment-2026-apply-online-for-18-posts--3745","https://www.searchsarkarinaukri.com/jobs-in-andaman-&-nicobar-islands","404","andaman & nicobar islands sarkari naukri",""
"https://www.searchsarkarinaukri.com/jobs/andaman-nicobar-administration-fisheries-extension-worker-recruitment-2026-apply-online-for-2-posts--3741","https://www.searchsarkarinaukri.com/districts/andaman-&-nicobar-islands","404","All government jobs in andaman & nicobar islands",""
"https://www.searchsarkarinaukri.com/jobs/andaman-nicobar-administration-fisheries-extension-worker-recruitment-2026-apply-online-for-2-posts--3741","https://www.searchsarkarinaukri.com/jobs-in-andaman-&-nicobar-islands","404","andaman & nicobar islands sarkari naukri",""
"https://www.searchsarkarinaukri.com/jobs/andaman-nicobar-administration-field-assistant-recruitment-2026-apply-online-for-13-posts--3738","https://www.searchsarkarinaukri.com/districts/andaman-&-nicobar-islands","404","All government jobs in andaman & nicobar islands",""
"https://www.searchsarkarinaukri.com/jobs/andaman-nicobar-administration-field-assistant-recruitment-2026-apply-online-for-13-posts--3738","https://www.searchsarkarinaukri.com/jobs-in-andaman-&-nicobar-islands","404","andaman & nicobar islands sarkari naukri",""
"https://www.searchsarkarinaukri.com/jobs/andaman-nicobar-administration-laboratory-assistant-recruitment-2026-apply-online-for-9-posts--3740","https://www.searchsarkarinaukri.com/districts/andaman-&-nicobar-islands","404","All government jobs in andaman & nicobar islands",""
"https://www.searchsarkarinaukri.com/jobs/andaman-nicobar-administration-laboratory-assistant-recruitment-2026-apply-online-for-9-posts--3740","https://www.searchsarkarinaukri.com/jobs-in-andaman-&-nicobar-islands","404","andaman & nicobar islands sarkari naukri",""
"https://www.searchsarkarinaukri.com/jobs/andaman-nicobar-administration-godown-keeper-recruitment-2026-apply-online-for-2-posts--3739","https://www.searchsarkarinaukri.com/districts/andaman-&-nicobar-islands","404","All government jobs in andaman & nicobar islands",""
"https://www.searchsarkarinaukri.com/jobs/andaman-nicobar-administration-godown-keeper-recruitment-2026-apply-online-for-2-posts--3739","https://www.searchsarkarinaukri.com/jobs-in-andaman-&-nicobar-islands","404","andaman & nicobar islands sarkari naukri",""
"https://www.searchsarkarinaukri.com/jobs/andaman-nicobar-administration-computer-assistant-grade-i-recruitment-2026-apply-online-for-3-posts--3735","https://www.searchsarkarinaukri.com/districts/andaman-&-nicobar-islands","404","All government jobs in andaman & nicobar islands",""
"https://www.searchsarkarinaukri.com/jobs/andaman-nicobar-administration-computer-assistant-grade-i-recruitment-2026-apply-online-for-3-posts--3735","https://www.searchsarkarinaukri.com/jobs-in-andaman-&-nicobar-islands","404","andaman & nicobar islands sarkari naukri",""
"https://www.searchsarkarinaukri.com/jobs/andaman-nicobar-administration-stenographer-grade-i-recruitment-2026-apply-online-for-3-posts--3734","https://www.searchsarkarinaukri.com/districts/andaman-&-nicobar-islands","404","All government jobs in andaman & nicobar islands",""
"https://www.searchsarkarinaukri.com/jobs/andaman-nicobar-administration-stenographer-grade-i-recruitment-2026-apply-online-for-3-posts--3734","https://www.searchsarkarinaukri.com/jobs-in-andaman-&-nicobar-islands","404","andaman & nicobar islands sarkari naukri",""
"https://www.searchsarkarinaukri.com/jobs/andaman-nicobar-administration-patwari-recruitment-2026-apply-online-for-8-posts--3736","https://www.searchsarkarinaukri.com/districts/andaman-&-nicobar-islands","404","All government jobs in andaman & nicobar islands",""
"https://www.searchsarkarinaukri.com/jobs/andaman-nicobar-administration-patwari-recruitment-2026-apply-online-for-8-posts--3736","https://www.searchsarkarinaukri.com/jobs-in-andaman-&-nicobar-islands","404","andaman & nicobar islands sarkari naukri",""
"https://www.searchsarkarinaukri.com/jobs/andaman-nicobar-administration-food-assistant-recruitment-2026-apply-online-for-4-posts--3737","https://www.searchsarkarinaukri.com/districts/andaman-&-nicobar-islands","404","All government jobs in andaman & nicobar islands",""
"https://www.searchsarkarinaukri.com/jobs/andaman-nicobar-administration-food-assistant-recruitment-2026-apply-online-for-4-posts--3737","https://www.searchsarkarinaukri.com/jobs-in-andaman-&-nicobar-islands","404","andaman & nicobar islands sarkari naukri",""
"https://www.searchsarkarinaukri.com/jobs/andaman-nicobar-administration-lower-division-clerk-recruitment-2026-apply-online-for-5-posts--3731","https://www.searchsarkarinaukri.com/districts/andaman-&-nicobar-islands","404","All government jobs in andaman & nicobar islands",""
"https://www.searchsarkarinaukri.com/jobs/andaman-nicobar-administration-lower-division-clerk-recruitment-2026-apply-online-for-5-posts--3731","https://www.searchsarkarinaukri.com/jobs-in-andaman-&-nicobar-islands","404","andaman & nicobar islands sarkari naukri",""
"https://www.searchsarkarinaukri.com/jobs/andaman-nicobar-administration-library-assistant-recruitment-2026-apply-online-for-2-posts--3730","https://www.searchsarkarinaukri.com/districts/andaman-&-nicobar-islands","404","All government jobs in andaman & nicobar islands",""
"https://www.searchsarkarinaukri.com/jobs/andaman-nicobar-administration-library-assistant-recruitment-2026-apply-online-for-2-posts--3730","https://www.searchsarkarinaukri.com/jobs-in-andaman-&-nicobar-islands","404","andaman & nicobar islands sarkari naukri",""
"https://www.searchsarkarinaukri.com/jobs/andaman-nicobar-administration-mechanical-foreman-recruitment-2026-apply-online-for-1-post--3732","https://www.searchsarkarinaukri.com/districts/andaman-&-nicobar-islands","404","All government jobs in andaman & nicobar islands",""
"https://www.searchsarkarinaukri.com/jobs/andaman-nicobar-administration-mechanical-foreman-recruitment-2026-apply-online-for-1-post--3732","https://www.searchsarkarinaukri.com/jobs-in-andaman-&-nicobar-islands","404","andaman & nicobar islands sarkari naukri",""
"https://www.searchsarkarinaukri.com/jobs/andaman-nicobar-administration-follower-recruitment-2026-apply-online-for-36-posts--3733","https://www.searchsarkarinaukri.com/districts/andaman-&-nicobar-islands","404","All government jobs in andaman & nicobar islands",""
"https://www.searchsarkarinaukri.com/jobs/andaman-nicobar-administration-follower-recruitment-2026-apply-online-for-36-posts--3733","https://www.searchsarkarinaukri.com/jobs-in-andaman-&-nicobar-islands","404","andaman & nicobar islands sarkari naukri",""
"https://www.searchsarkarinaukri.com/jobs/andaman-nicobar-administration-laboratory-assistant-recruitment-2026-apply-online-for-6-posts--3729","https://www.searchsarkarinaukri.com/districts/andaman-&-nicobar-islands","404","All government jobs in andaman & nicobar islands",""
"https://www.searchsarkarinaukri.com/jobs/andaman-nicobar-administration-laboratory-assistant-recruitment-2026-apply-online-for-6-posts--3729","https://www.searchsarkarinaukri.com/jobs-in-andaman-&-nicobar-islands","404","andaman & nicobar islands sarkari naukri",""
"https://www.searchsarkarinaukri.com/jobs/dhamangaon-education-society-amravati-dhamangaon-education-society-amravati-2026--3721","https://www.searchsarkarinaukri.com/jobs-in-amravati","404","amravati sarkari naukri",""
"https://www.searchsarkarinaukri.com/jobs/all-india-institute-of-medical-sciences-all-india-institute-of-medical-sciences-2026--3708","https://www.searchsarkarinaukri.com/jobs-in-all-districts","404","all districts sarkari naukri",""
"https://www.searchsarkarinaukri.com/jobs/upsc-vice-principal-recruitment-2026-apply-online-for-704-vice-principal-posts--3699","https://www.searchsarkarinaukri.com/districts/delhi","404","All government jobs in delhi",""
"https://www.searchsarkarinaukri.com/jobs/advanced-centre-for-treatment-research-and-education-in-cancer-actrec-advanced-centre-for-treatment--3704","https://www.searchsarkarinaukri.com/jobs-in-raigad","404","raigad sarkari naukri",""
"https://www.searchsarkarinaukri.com/jobs/upsc-principal-recruitment-2026-apply-online-for-124-principal-posts--3698","https://www.searchsarkarinaukri.com/districts/delhi","404","All government jobs in delhi",""
"https://www.searchsarkarinaukri.com/jobs/northeast-frontier-railway-volleyball-sports-quota-recruitment-2026-apply-online-for-8-posts--3696","https://www.searchsarkarinaukri.com/districts/northeast-frontier-railway","404","All government jobs in northeast frontier railway",""
"https://www.searchsarkarinaukri.com/jobs/northeast-frontier-railway-volleyball-sports-quota-recruitment-2026-apply-online-for-8-posts--3696","https://www.searchsarkarinaukri.com/jobs-in-northeast-frontier-railway","404","northeast frontier railway sarkari naukri",""
"https://www.searchsarkarinaukri.com/jobs/northeast-frontier-railway-table-tennis-sports-quota-recruitment-2026-apply-online-for-4-posts--3695","https://www.searchsarkarinaukri.com/districts/northeast-frontier-railway","404","All government jobs in northeast frontier railway",""
"https://www.searchsarkarinaukri.com/jobs/northeast-frontier-railway-table-tennis-sports-quota-recruitment-2026-apply-online-for-4-posts--3695","https://www.searchsarkarinaukri.com/jobs-in-northeast-frontier-railway","404","northeast frontier railway sarkari naukri",""
"https://www.searchsarkarinaukri.com/jobs/northeast-frontier-railway-weightlifting-sports-quota-recruitment-2026-apply-online-for-7-posts--3697","https://www.searchsarkarinaukri.com/districts/northeast-frontier-railway","404","All government jobs in northeast frontier railway",""
"https://www.searchsarkarinaukri.com/jobs/northeast-frontier-railway-weightlifting-sports-quota-recruitment-2026-apply-online-for-7-posts--3697","https://www.searchsarkarinaukri.com/jobs-in-northeast-frontier-railway","404","northeast frontier railway sarkari naukri",""
"https://www.searchsarkarinaukri.com/jobs/northeast-frontier-railway-kabaddi-sports-quota-recruitment-2026-apply-online-for-4-posts--3693","https://www.searchsarkarinaukri.com/districts/northeast-frontier-railway","404","All government jobs in northeast frontier railway",""
"https://www.searchsarkarinaukri.com/jobs/northeast-frontier-railway-kabaddi-sports-quota-recruitment-2026-apply-online-for-4-posts--3693","https://www.searchsarkarinaukri.com/jobs-in-northeast-frontier-railway","404","northeast frontier railway sarkari naukri",""
"https://www.searchsarkarinaukri.com/jobs/northeast-frontier-railway-powerlifting-sports-quota-recruitment-2026-apply-online-for-3-posts--3694","https://www.searchsarkarinaukri.com/districts/northeast-frontier-railway","404","All government jobs in northeast frontier railway",""
"https://www.searchsarkarinaukri.com/jobs/northeast-frontier-railway-powerlifting-sports-quota-recruitment-2026-apply-online-for-3-posts--3694","https://www.searchsarkarinaukri.com/jobs-in-northeast-frontier-railway","404","northeast frontier railway sarkari naukri",""
"https://www.searchsarkarinaukri.com/jobs/northeast-frontier-railway-football-sports-quota-recruitment-2026-apply-online-for-4-posts--3691","https://www.searchsarkarinaukri.com/districts/northeast-frontier-railway","404","All government jobs in northeast frontier railway",""
"https://www.searchsarkarinaukri.com/jobs/northeast-frontier-railway-football-sports-quota-recruitment-2026-apply-online-for-4-posts--3691","https://www.searchsarkarinaukri.com/jobs-in-northeast-frontier-railway","404","northeast frontier railway sarkari naukri",""
"https://www.searchsarkarinaukri.com/jobs/northeast-frontier-railway-golf-sports-quota-recruitment-2026-apply-online-for-2-posts--3692","https://www.searchsarkarinaukri.com/districts/northeast-frontier-railway","404","All government jobs in northeast frontier railway",""
"https://www.searchsarkarinaukri.com/jobs/northeast-frontier-railway-golf-sports-quota-recruitment-2026-apply-online-for-2-posts--3692","https://www.searchsarkarinaukri.com/jobs-in-northeast-frontier-railway","404","northeast frontier railway sarkari naukri",""
"https://www.searchsarkarinaukri.com/jobs/northeast-frontier-railway-cricket-sports-quota-recruitment-2026-apply-online-for-5-posts--3690","https://www.searchsarkarinaukri.com/districts/northeast-frontier-railway","404","All government jobs in northeast frontier railway",""
"https://www.searchsarkarinaukri.com/jobs/northeast-frontier-railway-cricket-sports-quota-recruitment-2026-apply-online-for-5-posts--3690","https://www.searchsarkarinaukri.com/jobs-in-northeast-frontier-railway","404","northeast frontier railway sarkari naukri",""
"https://www.searchsarkarinaukri.com/jobs/northeast-frontier-railway-badminton-sports-quota-recruitment-2026-apply-online-for-3-posts--3687","https://www.searchsarkarinaukri.com/districts/northeast-frontier-railway","404","All government jobs in northeast frontier railway",""
"https://www.searchsarkarinaukri.com/jobs/northeast-frontier-railway-badminton-sports-quota-recruitment-2026-apply-online-for-3-posts--3687","https://www.searchsarkarinaukri.com/jobs-in-northeast-frontier-railway","404","northeast frontier railway sarkari naukri",""
"https://www.searchsarkarinaukri.com/jobs/northeast-frontier-railway-boxing-sports-quota-recruitment-2026-apply-online-for-6-posts--3689","https://www.searchsarkarinaukri.com/districts/northeast-frontier-railway","404","All government jobs in northeast frontier railway",""
"https://www.searchsarkarinaukri.com/jobs/northeast-frontier-railway-boxing-sports-quota-recruitment-2026-apply-online-for-6-posts--3689","https://www.searchsarkarinaukri.com/jobs-in-northeast-frontier-railway","404","northeast frontier railway sarkari naukri",""
"https://www.searchsarkarinaukri.com/jobs/northeast-frontier-railway-basketball-sports-quota-recruitment-2026-apply-online-for-5-posts--3688","https://www.searchsarkarinaukri.com/districts/northeast-frontier-railway","404","All government jobs in northeast frontier railway",""
"https://www.searchsarkarinaukri.com/jobs/northeast-frontier-railway-basketball-sports-quota-recruitment-2026-apply-online-for-5-posts--3688","https://www.searchsarkarinaukri.com/jobs-in-northeast-frontier-railway","404","northeast frontier railway sarkari naukri",""
"https://www.searchsarkarinaukri.com/jobs/esic-medical-officer-recruitment-2026-walk-in-interview-for-6-posts--3684","https://www.searchsarkarinaukri.com/districts/esic-medical-college-&-hospital","404","All government jobs in esic medical college & hospital",""
"https://www.searchsarkarinaukri.com/jobs/esic-medical-officer-recruitment-2026-walk-in-interview-for-6-posts--3684","https://www.searchsarkarinaukri.com/jobs-in-esic-medical-college-&-hospital","404","esic medical college & hospital sarkari naukri",""
"https://www.searchsarkarinaukri.com/jobs/northeast-frontier-railway-archery-sports-quota-recruitment-2026-apply-online-for-3-posts--3685","https://www.searchsarkarinaukri.com/districts/northeast-frontier-railway","404","All government jobs in northeast frontier railway",""
"https://www.searchsarkarinaukri.com/jobs/northeast-frontier-railway-archery-sports-quota-recruitment-2026-apply-online-for-3-posts--3685","https://www.searchsarkarinaukri.com/jobs-in-northeast-frontier-railway","404","northeast frontier railway sarkari naukri",""
"https://www.searchsarkarinaukri.com/jobs/esic-senior-resident-recruitment-2026-walk-in-interview-for-56-posts--3683","https://www.searchsarkarinaukri.com/districts/esic-medical-college-&-hospital","404","All government jobs in esic medical college & hospital",""
"https://www.searchsarkarinaukri.com/jobs/esic-senior-resident-recruitment-2026-walk-in-interview-for-56-posts--3683","https://www.searchsarkarinaukri.com/jobs-in-esic-medical-college-&-hospital","404","esic medical college & hospital sarkari naukri",""
"https://www.searchsarkarinaukri.com/jobs/northeast-frontier-railway-athletics-sports-quota-recruitment-2026-apply-online-for-3-posts--3686","https://www.searchsarkarinaukri.com/districts/northeast-frontier-railway","404","All government jobs in northeast frontier railway",""
"https://www.searchsarkarinaukri.com/jobs/northeast-frontier-railway-athletics-sports-quota-recruitment-2026-apply-online-for-3-posts--3686","https://www.searchsarkarinaukri.com/jobs-in-northeast-frontier-railway","404","northeast frontier railway sarkari naukri",""
"https://www.searchsarkarinaukri.com/jobs/esic-professor-recruitment-2026-walk-in-interview-for-11-posts--3680","https://www.searchsarkarinaukri.com/districts/esic-medical-college-&-hospital","404","All government jobs in esic medical college & hospital",""
"https://www.searchsarkarinaukri.com/jobs/esic-professor-recruitment-2026-walk-in-interview-for-11-posts--3680","https://www.searchsarkarinaukri.com/jobs-in-esic-medical-college-&-hospital","404","esic medical college & hospital sarkari naukri",""
"https://www.searchsarkarinaukri.com/jobs/esic-associate-professor-recruitment-2026-walk-in-interview-for-19-posts--3681","https://www.searchsarkarinaukri.com/districts/esic-medical-college-&-hospital","404","All government jobs in esic medical college & hospital",""
"https://www.searchsarkarinaukri.com/jobs/esic-associate-professor-recruitment-2026-walk-in-interview-for-19-posts--3681","https://www.searchsarkarinaukri.com/jobs-in-esic-medical-college-&-hospital","404","esic medical college & hospital sarkari naukri",""
"https://www.searchsarkarinaukri.com/jobs/aiims-norcet-11-nursing-officer-recruitment-2026-apply-online-for-2218-tentative-posts--3679","https://www.searchsarkarinaukri.com/districts/27-participating-aiims-&-central-government-institutes-across-india","404","All government jobs in 27 participating aiims & central government institutes across india",""
"https://www.searchsarkarinaukri.com/jobs/aiims-norcet-11-nursing-officer-recruitment-2026-apply-online-for-2218-tentative-posts--3679","https://www.searchsarkarinaukri.com/jobs-in-27-participating-aiims-&-central-government-institutes-across-india","404","27 participating aiims & central government institutes across india sarkari naukri",""
"https://www.searchsarkarinaukri.com/jobs/esic-assistant-professor-recruitment-2026-walk-in-interview-for-30-posts--3682","https://www.searchsarkarinaukri.com/districts/esic-medical-college-&-hospital","404","All government jobs in esic medical college & hospital",""
"https://www.searchsarkarinaukri.com/jobs/esic-assistant-professor-recruitment-2026-walk-in-interview-for-30-posts--3682","https://www.searchsarkarinaukri.com/jobs-in-esic-medical-college-&-hospital","404","esic medical college & hospital sarkari naukri",""
"https://www.searchsarkarinaukri.com/jobs/isro-stenographer-recruitment-2026-apply-online-for-10-posts--3676","https://www.searchsarkarinaukri.com/districts/bengaluru","404","All government jobs in bengaluru",""
"https://www.searchsarkarinaukri.com/jobs/isro-stenographer-recruitment-2026-apply-online-for-10-posts--3676","https://www.searchsarkarinaukri.com/jobs-in-bengaluru","404","bengaluru sarkari naukri",""
"https://www.searchsarkarinaukri.com/jobs/isro-junior-personal-assistant-autonomous-institutions-recruitment-2026-apply-online-for-1-post--3678","https://www.searchsarkarinaukri.com/districts/ahmedabad","404","All government jobs in ahmedabad",""
"https://www.searchsarkarinaukri.com/jobs/isro-upper-division-clerk-udc-recruitment-2026-apply-online-for-22-posts--3675","https://www.searchsarkarinaukri.com/districts/bengaluru","404","All government jobs in bengaluru",""
"https://www.searchsarkarinaukri.com/jobs/isro-upper-division-clerk-udc-recruitment-2026-apply-online-for-22-posts--3675","https://www.searchsarkarinaukri.com/jobs-in-bengaluru","404","bengaluru sarkari naukri",""
"https://www.searchsarkarinaukri.com/jobs/isro-assistant-autonomous-institutions-recruitment-2026-apply-online-for-17-posts--3677","https://www.searchsarkarinaukri.com/districts/ahmedabad","404","All government jobs in ahmedabad",""
"https://www.searchsarkarinaukri.com/jobs/aai-junior-executive-survey-cartography-recruitment-2026-apply-online-for-8-posts--3672","https://www.searchsarkarinaukri.com/districts/india","404","All government jobs in india",""
"https://www.searchsarkarinaukri.com/jobs/aai-junior-executive-survey-cartography-recruitment-2026-apply-online-for-8-posts--3672","https://www.searchsarkarinaukri.com/jobs-in-india","404","india sarkari naukri",""
"https://www.searchsarkarinaukri.com/jobs/aai-junior-executive-operations-recruitment-2026-apply-online-for-79-posts--3671","https://www.searchsarkarinaukri.com/districts/india","404","All government jobs in india",""
"https://www.searchsarkarinaukri.com/jobs/aai-junior-executive-operations-recruitment-2026-apply-online-for-79-posts--3671","https://www.searchsarkarinaukri.com/jobs-in-india","404","india sarkari naukri",""
"https://www.searchsarkarinaukri.com/jobs/isro-junior-personal-assistant-jpa-recruitment-2026-apply-online-for-81-posts--3674","https://www.searchsarkarinaukri.com/districts/ahmedabad","404","All government jobs in ahmedabad",""
"https://www.searchsarkarinaukri.com/jobs/isro-assistant-recruitment-2026-apply-online-for-113-posts--3673","https://www.searchsarkarinaukri.com/districts/ahmedabad","404","All government jobs in ahmedabad",""
"https://www.searchsarkarinaukri.com/jobs/aai-junior-executive-finance-recruitment-2026-apply-online-for-36-posts--3669","https://www.searchsarkarinaukri.com/districts/india","404","All government jobs in india",""
"https://www.searchsarkarinaukri.com/jobs/aai-junior-executive-finance-recruitment-2026-apply-online-for-36-posts--3669","https://www.searchsarkarinaukri.com/jobs-in-india","404","india sarkari naukri",""
"https://www.searchsarkarinaukri.com/jobs/aai-manager-corporate-communications-recruitment-2026-apply-online-for-2-posts--3668","https://www.searchsarkarinaukri.com/districts/india","404","All government jobs in india",""
"https://www.searchsarkarinaukri.com/jobs/aai-manager-corporate-communications-recruitment-2026-apply-online-for-2-posts--3668","https://www.searchsarkarinaukri.com/jobs-in-india","404","india sarkari naukri",""
"https://www.searchsarkarinaukri.com/jobs/aai-junior-executive-law-recruitment-2026-apply-online-for-6-posts--3670","https://www.searchsarkarinaukri.com/districts/india","404","All government jobs in india",""
"https://www.searchsarkarinaukri.com/jobs/aai-junior-executive-law-recruitment-2026-apply-online-for-6-posts--3670","https://www.searchsarkarinaukri.com/jobs-in-india","404","india sarkari naukri",""
"https://www.searchsarkarinaukri.com/jobs/sgbau-amravati-sgbau-amravati-2026--3663","https://www.searchsarkarinaukri.com/jobs-in-amravati","404","amravati sarkari naukri",""
"https://www.searchsarkarinaukri.com/jobs/jnv-nandurbar-jnv-nandurbar-2026--3657","https://www.searchsarkarinaukri.com/jobs-in-nandurbar","404","nandurbar sarkari naukri",""
"https://www.searchsarkarinaukri.com/jobs/nhm-latur-nhm-latur-2026--3660","https://www.searchsarkarinaukri.com/jobs-in-latur","404","latur sarkari naukri",""
"https://www.searchsarkarinaukri.com/jobs/aai-manager-commercial-recruitment-2026-apply-online-for-9-posts--3646","https://www.searchsarkarinaukri.com/districts/india","404","All government jobs in india",""
"https://www.searchsarkarinaukri.com/jobs/aai-manager-commercial-recruitment-2026-apply-online-for-9-posts--3646","https://www.searchsarkarinaukri.com/jobs-in-india","404","india sarkari naukri",""
"https://www.searchsarkarinaukri.com/jobs/aai-manager-corporate-planning-management-services-recruitment-2026-apply-online-for-1-post--3647","https://www.searchsarkarinaukri.com/districts/india","404","All government jobs in india",""
"https://www.searchsarkarinaukri.com/jobs/aai-manager-corporate-planning-management-services-recruitment-2026-apply-online-for-1-post--3647","https://www.searchsarkarinaukri.com/jobs-in-india","404","india sarkari naukri",""
"https://www.searchsarkarinaukri.com/jobs/aai-manager-operations-recruitment-2026-apply-online-for-28-posts--3645","https://www.searchsarkarinaukri.com/districts/india","404","All government jobs in india",""
"https://www.searchsarkarinaukri.com/jobs/aai-manager-operations-recruitment-2026-apply-online-for-28-posts--3645","https://www.searchsarkarinaukri.com/jobs-in-india","404","india sarkari naukri",""
"https://www.searchsarkarinaukri.com/jobs/aai-manager-fire-services-recruitment-2026-apply-online-for-14-posts--3644","https://www.searchsarkarinaukri.com/districts/india","404","All government jobs in india",""
"https://www.searchsarkarinaukri.com/jobs/aai-manager-fire-services-recruitment-2026-apply-online-for-14-posts--3644","https://www.searchsarkarinaukri.com/jobs-in-india","404","india sarkari naukri",""
"https://www.searchsarkarinaukri.com/jobs/aai-manager-law-recruitment-2026-apply-online-for-2-posts--3643","https://www.searchsarkarinaukri.com/districts/india","404","All government jobs in india",""
"https://www.searchsarkarinaukri.com/jobs/aai-manager-law-recruitment-2026-apply-online-for-2-posts--3643","https://www.searchsarkarinaukri.com/jobs-in-india","404","india sarkari naukri",""
"https://www.searchsarkarinaukri.com/jobs/aai-manager-architecture-recruitment-2026-apply-online-for-4-posts--3642","https://www.searchsarkarinaukri.com/districts/india","404","All government jobs in india",""
"https://www.searchsarkarinaukri.com/jobs/aai-manager-architecture-recruitment-2026-apply-online-for-4-posts--3642","https://www.searchsarkarinaukri.com/jobs-in-india","404","india sarkari naukri",""
"https://www.searchsarkarinaukri.com/jobs/aai-manager-information-technology-recruitment-2026-apply-online-for-5-posts--3641","https://www.searchsarkarinaukri.com/districts/india","404","All government jobs in india",""
"https://www.searchsarkarinaukri.com/jobs/aai-manager-information-technology-recruitment-2026-apply-online-for-5-posts--3641","https://www.searchsarkarinaukri.com/jobs-in-india","404","india sarkari naukri",""
"https://www.searchsarkarinaukri.com/jobs/aai-manager-engineering-electrical-recruitment-2026-apply-online-for-16-posts--3639","https://www.searchsarkarinaukri.com/districts/india","404","All government jobs in india",""
"https://www.searchsarkarinaukri.com/jobs/aai-manager-engineering-electrical-recruitment-2026-apply-online-for-16-posts--3639","https://www.searchsarkarinaukri.com/jobs-in-india","404","india sarkari naukri",""
"https://www.searchsarkarinaukri.com/jobs/aai-manager-finance-recruitment-2026-apply-online-for-34-posts--3640","https://www.searchsarkarinaukri.com/districts/india","404","All government jobs in india",""
"https://www.searchsarkarinaukri.com/jobs/aai-manager-finance-recruitment-2026-apply-online-for-34-posts--3640","https://www.searchsarkarinaukri.com/jobs-in-india","404","india sarkari naukri",""
"https://www.searchsarkarinaukri.com/jobs/aai-manager-engineering-civil-recruitment-2026-apply-online-for-145-posts--3638","https://www.searchsarkarinaukri.com/districts/india","404","All government jobs in india",""
"https://www.searchsarkarinaukri.com/jobs/aai-manager-engineering-civil-recruitment-2026-apply-online-for-145-posts--3638","https://www.searchsarkarinaukri.com/jobs-in-india","404","india sarkari naukri",""
"https://www.searchsarkarinaukri.com/jobs/ccrum-multi-tasking-staff-mts-recruitment-2026-apply-online-for-38-posts--3637","https://www.searchsarkarinaukri.com/districts/india","404","All government jobs in india",""
"https://www.searchsarkarinaukri.com/jobs/ccrum-multi-tasking-staff-mts-recruitment-2026-apply-online-for-38-posts--3637","https://www.searchsarkarinaukri.com/jobs-in-india","404","india sarkari naukri",""
"https://www.searchsarkarinaukri.com/jobs/ccrum-lower-division-clerk-ldc-recruitment-2026-apply-online-for-14-posts--3635","https://www.searchsarkarinaukri.com/districts/india","404","All government jobs in india",""
"https://www.searchsarkarinaukri.com/jobs/ccrum-lower-division-clerk-ldc-recruitment-2026-apply-online-for-14-posts--3635","https://www.searchsarkarinaukri.com/jobs-in-india","404","india sarkari naukri",""
"https://www.searchsarkarinaukri.com/jobs/ccrum-stenographer-grade-ii-recruitment-2026-apply-online-for-7-posts--3633","https://www.searchsarkarinaukri.com/districts/india","404","All government jobs in india",""
"https://www.searchsarkarinaukri.com/jobs/ccrum-stenographer-grade-ii-recruitment-2026-apply-online-for-7-posts--3633","https://www.searchsarkarinaukri.com/jobs-in-india","404","india sarkari naukri",""
"https://www.searchsarkarinaukri.com/jobs/ccrum-upper-division-clerk-udc-recruitment-2026-apply-online-for-31-posts--3634","https://www.searchsarkarinaukri.com/districts/india","404","All government jobs in india",""
"https://www.searchsarkarinaukri.com/jobs/ccrum-upper-division-clerk-udc-recruitment-2026-apply-online-for-31-posts--3634","https://www.searchsarkarinaukri.com/jobs-in-india","404","india sarkari naukri",""
"https://www.searchsarkarinaukri.com/jobs/ccrum-staff-car-driver-recruitment-2026-apply-online-for-5-posts--3636","https://www.searchsarkarinaukri.com/districts/india","404","All government jobs in india",""
"https://www.searchsarkarinaukri.com/jobs/ccrum-staff-car-driver-recruitment-2026-apply-online-for-5-posts--3636","https://www.searchsarkarinaukri.com/jobs-in-india","404","india sarkari naukri",""
"https://www.searchsarkarinaukri.com/jobs/ccrum-social-worker-recruitment-2026-apply-online-for-2-posts--3630","https://www.searchsarkarinaukri.com/districts/india","404","All government jobs in india",""
"https://www.searchsarkarinaukri.com/jobs/ccrum-social-worker-recruitment-2026-apply-online-for-2-posts--3630","https://www.searchsarkarinaukri.com/jobs-in-india","404","india sarkari naukri",""
"https://www.searchsarkarinaukri.com/jobs/ccrum-compounder-recruitment-2026-apply-online-for-3-posts--3632","https://www.searchsarkarinaukri.com/districts/india","404","All government jobs in india",""
"https://www.searchsarkarinaukri.com/jobs/ccrum-compounder-recruitment-2026-apply-online-for-3-posts--3632","https://www.searchsarkarinaukri.com/jobs-in-india","404","india sarkari naukri",""
"https://www.searchsarkarinaukri.com/jobs/ccrum-pharmacist-recruitment-2026-apply-online-for-6-posts--3629","https://www.searchsarkarinaukri.com/districts/india","404","All government jobs in india",""
"https://www.searchsarkarinaukri.com/jobs/ccrum-pharmacist-recruitment-2026-apply-online-for-6-posts--3629","https://www.searchsarkarinaukri.com/jobs-in-india","404","india sarkari naukri",""
"https://www.searchsarkarinaukri.com/jobs/ccrum-radiographer-recruitment-2026-apply-online-for-1-post--3631","https://www.searchsarkarinaukri.com/districts/india","404","All government jobs in india",""
"https://www.searchsarkarinaukri.com/jobs/ccrum-radiographer-recruitment-2026-apply-online-for-1-post--3631","https://www.searchsarkarinaukri.com/jobs-in-india","404","india sarkari naukri",""
"https://www.searchsarkarinaukri.com/jobs/ccrum-medical-laboratory-technologist-mlt-recruitment-2026-apply-online-for-12-posts--3625","https://www.searchsarkarinaukri.com/districts/india","404","All government jobs in india",""
"https://www.searchsarkarinaukri.com/jobs/ccrum-medical-laboratory-technologist-mlt-recruitment-2026-apply-online-for-12-posts--3625","https://www.searchsarkarinaukri.com/jobs-in-india","404","india sarkari naukri",""
"https://www.searchsarkarinaukri.com/jobs/ccrum-hindi-assistant-recruitment-2026-apply-online-for-2-posts--3628","https://www.searchsarkarinaukri.com/districts/india","404","All government jobs in india",""
"https://www.searchsarkarinaukri.com/jobs/ccrum-hindi-assistant-recruitment-2026-apply-online-for-2-posts--3628","https://www.searchsarkarinaukri.com/jobs-in-india","404","india sarkari naukri",""
"https://www.searchsarkarinaukri.com/jobs/ccrum-library-information-assistant-recruitment-2026-apply-online-for-3-posts--3626","https://www.searchsarkarinaukri.com/districts/india","404","All government jobs in india",""
"https://www.searchsarkarinaukri.com/jobs/ccrum-library-information-assistant-recruitment-2026-apply-online-for-3-posts--3626","https://www.searchsarkarinaukri.com/jobs-in-india","404","india sarkari naukri",""
"https://www.searchsarkarinaukri.com/jobs/ccrum-proof-reader-recruitment-2026-apply-online-for-1-post--3627","https://www.searchsarkarinaukri.com/districts/india","404","All government jobs in india",""
"https://www.searchsarkarinaukri.com/jobs/ccrum-proof-reader-recruitment-2026-apply-online-for-1-post--3627","https://www.searchsarkarinaukri.com/jobs-in-india","404","india sarkari naukri",""
"https://www.searchsarkarinaukri.com/jobs/ccrum-research-assistant-botany-recruitment-2026-apply-online-for-3-posts--3623","https://www.searchsarkarinaukri.com/districts/india","404","All government jobs in india",""
"https://www.searchsarkarinaukri.com/jobs/ccrum-research-assistant-botany-recruitment-2026-apply-online-for-3-posts--3623","https://www.searchsarkarinaukri.com/jobs-in-india","404","india sarkari naukri",""
"https://www.searchsarkarinaukri.com/jobs/ccrum-research-assistant-chemistry-recruitment-2026-apply-online-for-2-posts--3622","https://www.searchsarkarinaukri.com/districts/india","404","All government jobs in india",""
"https://www.searchsarkarinaukri.com/jobs/ccrum-research-assistant-chemistry-recruitment-2026-apply-online-for-2-posts--3622","https://www.searchsarkarinaukri.com/jobs-in-india","404","india sarkari naukri",""
"https://www.searchsarkarinaukri.com/jobs/ccrum-accounts-officer-hqs-recruitment-2026-apply-online-for-1-post--3621","https://www.searchsarkarinaukri.com/districts/new-delhi","410","All government jobs in new delhi",""
"https://www.searchsarkarinaukri.com/jobs/ccrum-accounts-officer-hqs-recruitment-2026-apply-online-for-1-post--3621","https://www.searchsarkarinaukri.com/jobs-in-new-delhi","410","new delhi sarkari naukri",""
"https://www.searchsarkarinaukri.com/jobs/ccrum-investigator-statistics-recruitment-2026-apply-online-for-3-posts--3624","https://www.searchsarkarinaukri.com/districts/india","404","All government jobs in india",""
"https://www.searchsarkarinaukri.com/jobs/ccrum-investigator-statistics-recruitment-2026-apply-online-for-3-posts--3624","https://www.searchsarkarinaukri.com/jobs-in-india","404","india sarkari naukri",""
"https://www.searchsarkarinaukri.com/jobs/ccrum-assistant-research-officer-pharmacology-recruitment-2026-apply-online-for-1-post--3618","https://www.searchsarkarinaukri.com/districts/india","404","All government jobs in india",""
"https://www.searchsarkarinaukri.com/jobs/ccrum-assistant-research-officer-pharmacology-recruitment-2026-apply-online-for-1-post--3618","https://www.searchsarkarinaukri.com/jobs-in-india","404","india sarkari naukri",""
"https://www.searchsarkarinaukri.com/jobs/ccrum-assistant-research-officer-pharmacognosy-recruitment-2026-apply-online-for-2-posts--3619","https://www.searchsarkarinaukri.com/districts/india","404","All government jobs in india",""
"https://www.searchsarkarinaukri.com/jobs/ccrum-assistant-research-officer-pharmacognosy-recruitment-2026-apply-online-for-2-posts--3619","https://www.searchsarkarinaukri.com/jobs-in-india","404","india sarkari naukri",""
"https://www.searchsarkarinaukri.com/jobs/ccrum-research-officer-physiology-recruitment-2026-apply-online-for-1-post--3617","https://www.searchsarkarinaukri.com/districts/india","404","All government jobs in india",""
"https://www.searchsarkarinaukri.com/jobs/ccrum-research-officer-physiology-recruitment-2026-apply-online-for-1-post--3617","https://www.searchsarkarinaukri.com/jobs-in-india","404","india sarkari naukri",""
"https://www.searchsarkarinaukri.com/jobs/ccrum-staff-nurse-recruitment-2026-apply-online-for-7-posts--3620","https://www.searchsarkarinaukri.com/districts/india","404","All government jobs in india",""
"https://www.searchsarkarinaukri.com/jobs/ccrum-staff-nurse-recruitment-2026-apply-online-for-7-posts--3620","https://www.searchsarkarinaukri.com/jobs-in-india","404","india sarkari naukri",""
"https://www.searchsarkarinaukri.com/jobs/ccrum-research-officer-unani-recruitment-2026-apply-online-for-16-posts--3615","https://www.searchsarkarinaukri.com/districts/india","404","All government jobs in india",""
"https://www.searchsarkarinaukri.com/jobs/ccrum-research-officer-unani-recruitment-2026-apply-online-for-16-posts--3615","https://www.searchsarkarinaukri.com/jobs-in-india","404","india sarkari naukri",""
"https://www.searchsarkarinaukri.com/jobs/ccrum-research-officer-pathology-recruitment-2026-apply-online-for-2-posts--3616","https://www.searchsarkarinaukri.com/districts/india","404","All government jobs in india",""
"https://www.searchsarkarinaukri.com/jobs/ccrum-research-officer-pathology-recruitment-2026-apply-online-for-2-posts--3616","https://www.searchsarkarinaukri.com/jobs-in-india","404","india sarkari naukri",""
"https://www.searchsarkarinaukri.com/jobs/ex-serviceman-contributory-health-scheme-echs-station-hq-pulgaon-ex-serviceman-contributory-health-s--3608","https://www.searchsarkarinaukri.com/jobs-in-wardha","404","wardha sarkari naukri",""
"https://www.searchsarkarinaukri.com/jobs/ekatmik-bal-vikas-seva-yojana-district-ratnagiri-apply-for-3-anganwadi-sevika-anganwadi-2026--3603","https://www.searchsarkarinaukri.com/jobs-in-ratnagiri","404","ratnagiri sarkari naukri",""
"https://www.searchsarkarinaukri.com/jobs/collector-office-dhule-jilhadhikari-karyalaya-dhule-collector-office-dhule-jilhadhikari-karyalaya-dh--3602","https://www.searchsarkarinaukri.com/jobs-in-dhule","404","dhule sarkari naukri",""
"https://www.searchsarkarinaukri.com/jobs/maharashtra-public-service-commission-mpsc-revenue-and-forest-department-apply-for-1539-talathi-vill--3601","https://www.searchsarkarinaukri.com/jobs-in-all-districts","404","all districts sarkari naukri",""
"https://www.searchsarkarinaukri.com/jobs/ekatmik-bal-vikas-seva-yojana-dist-sindhudurg-recruitment-notification-ekatmik-bal-vikas-seva-2026--3604","https://www.searchsarkarinaukri.com/jobs-in-sindhudurg","404","sindhudurg sarkari naukri",""
"https://www.searchsarkarinaukri.com/jobs/sgbau-amravati-sgbau-amravati-2026--3589","https://www.searchsarkarinaukri.com/jobs-in-amravati","404","amravati sarkari naukri",""
"https://www.searchsarkarinaukri.com/jobs/kendriya-vidyalaya-dhule-kendriya-vidyalaya-dhule-2026--3578","https://www.searchsarkarinaukri.com/jobs-in-dhule","404","dhule sarkari naukri",""
"https://www.searchsarkarinaukri.com/jobs/pm-shri-school-jawahar-navodaya-vidyalaya-washim-pm-shri-school-jawahar-navodaya-vidyalaya-2026--3573","https://www.searchsarkarinaukri.com/jobs-in-washim","404","washim sarkari naukri",""
"https://www.searchsarkarinaukri.com/jobs/national-health-mission-ratnagiri-apply-for-4-medical-officer-mbbs-2026--3570","https://www.searchsarkarinaukri.com/jobs-in-ratnagiri","404","ratnagiri sarkari naukri",""
"https://www.searchsarkarinaukri.com/jobs/indian-navy-engineering-branch-general-service-ssc-officer-recruitment-2026-apply-online-for-24-posts--3569","https://www.searchsarkarinaukri.com/districts/india","404","All government jobs in india",""
"https://www.searchsarkarinaukri.com/jobs/indian-navy-engineering-branch-general-service-ssc-officer-recruitment-2026-apply-online-for-24-posts--3569","https://www.searchsarkarinaukri.com/jobs-in-india","404","india sarkari naukri",""
"https://www.searchsarkarinaukri.com/jobs/indian-navy-education-branch-ssc-officer-recruitment-2026-apply-online-for-13-posts--3568","https://www.searchsarkarinaukri.com/districts/india","404","All government jobs in india",""
"https://www.searchsarkarinaukri.com/jobs/indian-navy-education-branch-ssc-officer-recruitment-2026-apply-online-for-13-posts--3568","https://www.searchsarkarinaukri.com/jobs-in-india","404","india sarkari naukri",""
"https://www.searchsarkarinaukri.com/jobs/indian-navy-logistics-ssc-officer-recruitment-2026-apply-online-for-10-posts--3566","https://www.searchsarkarinaukri.com/districts/india","404","All government jobs in india",""
"https://www.searchsarkarinaukri.com/jobs/indian-navy-logistics-ssc-officer-recruitment-2026-apply-online-for-10-posts--3566","https://www.searchsarkarinaukri.com/jobs-in-india","404","india sarkari naukri",""
"https://www.searchsarkarinaukri.com/jobs/indian-navy-air-traffic-controller-atc-ssc-officer-recruitment-2026-apply-online-for-15-posts--3565","https://www.searchsarkarinaukri.com/districts/india","404","All government jobs in india",""
"https://www.searchsarkarinaukri.com/jobs/indian-navy-air-traffic-controller-atc-ssc-officer-recruitment-2026-apply-online-for-15-posts--3565","https://www.searchsarkarinaukri.com/jobs-in-india","404","india sarkari naukri",""
"https://www.searchsarkarinaukri.com/jobs/indian-navy-naval-armament-inspectorate-cadre-naic-ssc-officer-recruitment-2026-apply-online-for-14-posts--3567","https://www.searchsarkarinaukri.com/districts/india","404","All government jobs in india",""
"https://www.searchsarkarinaukri.com/jobs/indian-navy-naval-armament-inspectorate-cadre-naic-ssc-officer-recruitment-2026-apply-online-for-14-posts--3567","https://www.searchsarkarinaukri.com/jobs-in-india","404","india sarkari naukri",""
"https://www.searchsarkarinaukri.com/jobs/indian-navy-naval-air-operations-officer-observer-recruitment-2026-apply-online-for-18-posts--3564","https://www.searchsarkarinaukri.com/districts/india","404","All government jobs in india",""
"https://www.searchsarkarinaukri.com/jobs/indian-navy-naval-air-operations-officer-observer-recruitment-2026-apply-online-for-18-posts--3564","https://www.searchsarkarinaukri.com/jobs-in-india","404","india sarkari naukri",""
"https://www.searchsarkarinaukri.com/jobs/upsc-assistant-industrial-adviser-recruitment-2026-apply-online-for-2-posts--3560","https://www.searchsarkarinaukri.com/districts/india","404","All government jobs in india",""
"https://www.searchsarkarinaukri.com/jobs/upsc-assistant-industrial-adviser-recruitment-2026-apply-online-for-2-posts--3560","https://www.searchsarkarinaukri.com/jobs-in-india","404","india sarkari naukri",""
"https://www.searchsarkarinaukri.com/jobs/upsc-veterinary-assistant-surgeon-recruitment-2026-apply-online-for-4-posts--3561","https://www.searchsarkarinaukri.com/districts/india","404","All government jobs in india",""
"https://www.searchsarkarinaukri.com/jobs/upsc-veterinary-assistant-surgeon-recruitment-2026-apply-online-for-4-posts--3561","https://www.searchsarkarinaukri.com/jobs-in-india","404","india sarkari naukri",""
"https://www.searchsarkarinaukri.com/jobs/indian-navy-executive-branch-gs-x-hydro-ssc-officer-recruitment-2026-apply-online-for-90-posts--3562","https://www.searchsarkarinaukri.com/districts/india","404","All government jobs in india",""
"https://www.searchsarkarinaukri.com/jobs/indian-navy-executive-branch-gs-x-hydro-ssc-officer-recruitment-2026-apply-online-for-90-posts--3562","https://www.searchsarkarinaukri.com/jobs-in-india","404","india sarkari naukri",""
"https://www.searchsarkarinaukri.com/jobs/indian-navy-pilot-ssc-officer-recruitment-2026-apply-online-for-25-posts--3563","https://www.searchsarkarinaukri.com/districts/india","404","All government jobs in india",""
"https://www.searchsarkarinaukri.com/jobs/indian-navy-pilot-ssc-officer-recruitment-2026-apply-online-for-25-posts--3563","https://www.searchsarkarinaukri.com/jobs-in-india","404","india sarkari naukri",""
"https://www.searchsarkarinaukri.com/jobs/upsc-civilian-medical-officer-recruitment-2026-apply-online-for-18-posts--3557","https://www.searchsarkarinaukri.com/districts/india","404","All government jobs in india",""
"https://www.searchsarkarinaukri.com/jobs/upsc-civilian-medical-officer-recruitment-2026-apply-online-for-18-posts--3557","https://www.searchsarkarinaukri.com/jobs-in-india","404","india sarkari naukri",""
"https://www.searchsarkarinaukri.com/jobs/upsc-specialist-grade-iii-assistant-professor-surgical-oncology-recruitment-2026-apply-online--3559","https://www.searchsarkarinaukri.com/districts/india","404","All government jobs in india",""
"https://www.searchsarkarinaukri.com/jobs/upsc-specialist-grade-iii-assistant-professor-surgical-oncology-recruitment-2026-apply-online--3559","https://www.searchsarkarinaukri.com/jobs-in-india","404","india sarkari naukri",""
"https://www.searchsarkarinaukri.com/jobs/upsc-scientist-b-zoology-recruitment-2026-apply-online--3556","https://www.searchsarkarinaukri.com/districts/lucknow","404","All government jobs in lucknow",""
"https://www.searchsarkarinaukri.com/jobs/upsc-specialist-grade-iii-assistant-professor-immuno-haematology-blood-transfusion-recruitment-2026-apply-online-for-5-posts--3558","https://www.searchsarkarinaukri.com/districts/india","404","All government jobs in india",""
"https://www.searchsarkarinaukri.com/jobs/upsc-specialist-grade-iii-assistant-professor-immuno-haematology-blood-transfusion-recruitment-2026-apply-online-for-5-posts--3558","https://www.searchsarkarinaukri.com/jobs-in-india","404","india sarkari naukri",""
"https://www.searchsarkarinaukri.com/jobs/upsc-scientist-b-botany-recruitment-2026-apply-online--3552","https://www.searchsarkarinaukri.com/districts/lucknow","404","All government jobs in lucknow",""
"https://www.searchsarkarinaukri.com/jobs/upsc-scientist-b-geology-recruitment-2026-apply-online--3554","https://www.searchsarkarinaukri.com/districts/lucknow","404","All government jobs in lucknow",""
"https://www.searchsarkarinaukri.com/jobs/upsc-scientist-b-environmental-science-recruitment-2026-apply-online--3553","https://www.searchsarkarinaukri.com/districts/lucknow","404","All government jobs in lucknow",""
"https://www.searchsarkarinaukri.com/jobs/upsc-scientist-b-physics-recruitment-2026-apply-online--3555","https://www.searchsarkarinaukri.com/districts/lucknow","404","All government jobs in lucknow",""
"https://www.searchsarkarinaukri.com/jobs/upsc-agricultural-engineer-recruitment-2026-apply-online-for-1-post--3550","https://www.searchsarkarinaukri.com/districts/india","404","All government jobs in india",""
"https://www.searchsarkarinaukri.com/jobs/upsc-agricultural-engineer-recruitment-2026-apply-online-for-1-post--3550","https://www.searchsarkarinaukri.com/jobs-in-india","404","india sarkari naukri",""
"https://www.searchsarkarinaukri.com/jobs/upsc-medical-officer-research-officer-unani-recruitment-2026-apply-online-for-4-posts--3551","https://www.searchsarkarinaukri.com/districts/india","404","All government jobs in india",""
"https://www.searchsarkarinaukri.com/jobs/upsc-medical-officer-research-officer-unani-recruitment-2026-apply-online-for-4-posts--3551","https://www.searchsarkarinaukri.com/jobs-in-india","404","india sarkari naukri",""
"https://www.searchsarkarinaukri.com/jobs/isro-istrac-iti-trade-apprentice-recruitment-2026-apply-online-for-14-posts--3549","https://www.searchsarkarinaukri.com/districts/india","404","All government jobs in india",""
"https://www.searchsarkarinaukri.com/jobs/isro-istrac-iti-trade-apprentice-recruitment-2026-apply-online-for-14-posts--3549","https://www.searchsarkarinaukri.com/jobs-in-india","404","india sarkari naukri",""
"https://www.searchsarkarinaukri.com/jobs/isro-istrac-commercial-practice-apprentice-recruitment-2026-apply-online-for-5-posts--3548","https://www.searchsarkarinaukri.com/districts/india","404","All government jobs in india",""
"https://www.searchsarkarinaukri.com/jobs/isro-istrac-commercial-practice-apprentice-recruitment-2026-apply-online-for-5-posts--3548","https://www.searchsarkarinaukri.com/jobs-in-india","404","india sarkari naukri",""
"https://www.searchsarkarinaukri.com/jobs/isro-istrac-graduate-apprentice-recruitment-2026-apply-online-for-58-posts--3546","https://www.searchsarkarinaukri.com/districts/india","404","All government jobs in india",""
"https://www.searchsarkarinaukri.com/jobs/isro-istrac-graduate-apprentice-recruitment-2026-apply-online-for-58-posts--3546","https://www.searchsarkarinaukri.com/jobs-in-india","404","india sarkari naukri",""
"https://www.searchsarkarinaukri.com/jobs/isro-istrac-diploma-apprentice-recruitment-2026-apply-online-for-18-posts--3547","https://www.searchsarkarinaukri.com/districts/india","404","All government jobs in india",""
"https://www.searchsarkarinaukri.com/jobs/isro-istrac-diploma-apprentice-recruitment-2026-apply-online-for-18-posts--3547","https://www.searchsarkarinaukri.com/jobs-in-india","404","india sarkari naukri",""
"https://www.searchsarkarinaukri.com/jobs/upsssc-laboratory-assistant-prayogshala-sahayak-recruitment-2026-apply-online-for-61-posts--3544","https://www.searchsarkarinaukri.com/districts/uttar-pradesh","404","All government jobs in uttar pradesh",""
"https://www.searchsarkarinaukri.com/jobs/upessc-principal-recruitment-2026-apply-online-for-111-posts--3545","https://www.searchsarkarinaukri.com/districts/uttar-pradesh","404","All government jobs in uttar pradesh",""
"https://www.searchsarkarinaukri.com/jobs/upsssc-scientific-assistant-physics-recruitment-2026-apply-online--3541","https://www.searchsarkarinaukri.com/districts/uttar-pradesh","404","All government jobs in uttar pradesh",""
"https://www.searchsarkarinaukri.com/jobs/upsssc-scientific-assistant-biology-recruitment-2026-apply-online--3543","https://www.searchsarkarinaukri.com/districts/uttar-pradesh","404","All government jobs in uttar pradesh",""
"https://www.searchsarkarinaukri.com/jobs/union-bank-of-india-waf-administrator-recruitment-2026-apply-online-for-1-post--3540","https://www.searchsarkarinaukri.com/districts/across-india","404","All government jobs in across india",""
"https://www.searchsarkarinaukri.com/jobs/union-bank-of-india-waf-administrator-recruitment-2026-apply-online-for-1-post--3540","https://www.searchsarkarinaukri.com/jobs-in-across-india","404","across india sarkari naukri",""
"https://www.searchsarkarinaukri.com/jobs/upsssc-scientific-assistant-chemistry-recruitment-2026-apply-online--3542","https://www.searchsarkarinaukri.com/districts/uttar-pradesh","404","All government jobs in uttar pradesh",""
"https://www.searchsarkarinaukri.com/jobs/union-bank-of-india-linux-unix-administrator-recruitment-2026-apply-online-for-1-post--3536","https://www.searchsarkarinaukri.com/districts/across-india","404","All government jobs in across india",""
"https://www.searchsarkarinaukri.com/jobs/union-bank-of-india-linux-unix-administrator-recruitment-2026-apply-online-for-1-post--3536","https://www.searchsarkarinaukri.com/jobs-in-across-india","404","across india sarkari naukri",""
"https://www.searchsarkarinaukri.com/jobs/union-bank-of-india-patch-administrator-recruitment-2026-apply-online-for-1-post--3539","https://www.searchsarkarinaukri.com/districts/across-india","404","All government jobs in across india",""
"https://www.searchsarkarinaukri.com/jobs/union-bank-of-india-patch-administrator-recruitment-2026-apply-online-for-1-post--3539","https://www.searchsarkarinaukri.com/jobs-in-across-india","404","across india sarkari naukri",""
"https://www.searchsarkarinaukri.com/jobs/union-bank-of-india-nbad-network-behaviour-analytics-administrator-recruitment-2026-apply-online-for-1-post--3537","https://www.searchsarkarinaukri.com/districts/across-india","404","All government jobs in across india",""
"https://www.searchsarkarinaukri.com/jobs/union-bank-of-india-nbad-network-behaviour-analytics-administrator-recruitment-2026-apply-online-for-1-post--3537","https://www.searchsarkarinaukri.com/jobs-in-across-india","404","across india sarkari naukri",""
"https://www.searchsarkarinaukri.com/jobs/union-bank-of-india-pam-privileged-access-management-administrator-recruitment-2026-apply-online-for-2-posts--3538","https://www.searchsarkarinaukri.com/districts/across-india","404","All government jobs in across india",""
"https://www.searchsarkarinaukri.com/jobs/union-bank-of-india-pam-privileged-access-management-administrator-recruitment-2026-apply-online-for-2-posts--3538","https://www.searchsarkarinaukri.com/jobs-in-across-india","404","across india sarkari naukri",""
"https://www.searchsarkarinaukri.com/jobs/ratnagiri-anganwadi-ratnagiri-anganwadi-2026--3531","https://www.searchsarkarinaukri.com/jobs-in-ratnagiri","404","ratnagiri sarkari naukri",""
"https://www.searchsarkarinaukri.com/jobs/nhm-ratnagiri-nhm-ratnagiri-2026--3534","https://www.searchsarkarinaukri.com/jobs-in-ratnagiri","404","ratnagiri sarkari naukri",""
"https://www.searchsarkarinaukri.com/jobs/sindhudurg-anganwadi-sindhudurg-anganwadi-2026--3527","https://www.searchsarkarinaukri.com/jobs-in-sindhudurg","404","sindhudurg sarkari naukri",""
"https://www.searchsarkarinaukri.com/jobs/jilhadhikari-karyalay-dhule-jilhadhikari-karyalay-dhule-2026--3525","https://www.searchsarkarinaukri.com/jobs-in-dhule","404","dhule sarkari naukri",""
"https://www.searchsarkarinaukri.com/jobs/union-bank-of-india-full-stack-developer-recruitment-2026-apply-online-for-1-post--3510","https://www.searchsarkarinaukri.com/districts/across-india","404","All government jobs in across india",""
"https://www.searchsarkarinaukri.com/jobs/union-bank-of-india-full-stack-developer-recruitment-2026-apply-online-for-1-post--3510","https://www.searchsarkarinaukri.com/jobs-in-across-india","404","across india sarkari naukri",""
"https://www.searchsarkarinaukri.com/jobs/union-bank-of-india-flutter-ui-developer-recruitment-2026-apply-online-for-2-posts--3511","https://www.searchsarkarinaukri.com/districts/across-india","404","All government jobs in across india",""
"https://www.searchsarkarinaukri.com/jobs/union-bank-of-india-flutter-ui-developer-recruitment-2026-apply-online-for-2-posts--3511","https://www.searchsarkarinaukri.com/jobs-in-across-india","404","across india sarkari naukri",""
"https://www.searchsarkarinaukri.com/jobs/union-bank-of-india-load-balancer-recruitment-2026-apply-online-for-2-posts--3512","https://www.searchsarkarinaukri.com/districts/across-india","404","All government jobs in across india",""
"https://www.searchsarkarinaukri.com/jobs/union-bank-of-india-load-balancer-recruitment-2026-apply-online-for-2-posts--3512","https://www.searchsarkarinaukri.com/jobs-in-across-india","404","across india sarkari naukri",""
"https://www.searchsarkarinaukri.com/jobs/union-bank-of-india-full-stack-developer-mern-recruitment-2026-apply-online-for-1-post--3509","https://www.searchsarkarinaukri.com/districts/across-india","404","All government jobs in across india",""
"https://www.searchsarkarinaukri.com/jobs/union-bank-of-india-full-stack-developer-mern-recruitment-2026-apply-online-for-1-post--3509","https://www.searchsarkarinaukri.com/jobs-in-across-india","404","across india sarkari naukri",""
"https://www.searchsarkarinaukri.com/jobs/union-bank-of-india-email-administrator-recruitment-2026-apply-online-for-1-post--3506","https://www.searchsarkarinaukri.com/districts/across-india","404","All government jobs in across india",""
"https://www.searchsarkarinaukri.com/jobs/union-bank-of-india-email-administrator-recruitment-2026-apply-online-for-1-post--3506","https://www.searchsarkarinaukri.com/jobs-in-across-india","404","across india sarkari naukri",""
"https://www.searchsarkarinaukri.com/jobs/union-bank-of-india-figma-ui-developer-recruitment-2026-apply-online-for-2-posts--3508","https://www.searchsarkarinaukri.com/districts/across-india","404","All government jobs in across india",""
"https://www.searchsarkarinaukri.com/jobs/union-bank-of-india-figma-ui-developer-recruitment-2026-apply-online-for-2-posts--3508","https://www.searchsarkarinaukri.com/jobs-in-across-india","404","across india sarkari naukri",""
"https://www.searchsarkarinaukri.com/jobs/union-bank-of-india-firewall-administrator-recruitment-2026-apply-online-for-2-posts--3507","https://www.searchsarkarinaukri.com/districts/across-india","404","All government jobs in across india",""
"https://www.searchsarkarinaukri.com/jobs/union-bank-of-india-firewall-administrator-recruitment-2026-apply-online-for-2-posts--3507","https://www.searchsarkarinaukri.com/jobs-in-across-india","404","across india sarkari naukri",""
"https://www.searchsarkarinaukri.com/jobs/union-bank-of-india-ad-av-edr-xdr-administrator-recruitment-2026-apply-online-for-2-posts--3503","https://www.searchsarkarinaukri.com/districts/across-india","404","All government jobs in across india",""
"https://www.searchsarkarinaukri.com/jobs/union-bank-of-india-ad-av-edr-xdr-administrator-recruitment-2026-apply-online-for-2-posts--3503","https://www.searchsarkarinaukri.com/jobs-in-across-india","404","across india sarkari naukri",""
"https://www.searchsarkarinaukri.com/jobs/union-bank-of-india-dam-database-activity-monitoring-administrator-recruitment-2026-apply-online-for-2-posts--3504","https://www.searchsarkarinaukri.com/districts/across-india","404","All government jobs in across india",""
"https://www.searchsarkarinaukri.com/jobs/union-bank-of-india-dam-database-activity-monitoring-administrator-recruitment-2026-apply-online-for-2-posts--3504","https://www.searchsarkarinaukri.com/jobs-in-across-india","404","across india sarkari naukri",""
"https://www.searchsarkarinaukri.com/jobs/union-bank-of-india-soc-analyst-recruitment-2026-apply-online-for-2-posts--3502","https://www.searchsarkarinaukri.com/districts/across-india","404","All government jobs in across india",""
"https://www.searchsarkarinaukri.com/jobs/union-bank-of-india-soc-analyst-recruitment-2026-apply-online-for-2-posts--3502","https://www.searchsarkarinaukri.com/jobs-in-across-india","404","across india sarkari naukri",""
"https://www.searchsarkarinaukri.com/jobs/union-bank-of-india-ddos-administrator-recruitment-2026-apply-online-for-1-post--3505","https://www.searchsarkarinaukri.com/districts/across-india","404","All government jobs in across india",""
"https://www.searchsarkarinaukri.com/jobs/union-bank-of-india-ddos-administrator-recruitment-2026-apply-online-for-1-post--3505","https://www.searchsarkarinaukri.com/jobs-in-across-india","404","across india sarkari naukri",""
"https://www.searchsarkarinaukri.com/jobs/union-bank-of-india-z-os-administrator-recruitment-2026-apply-online-for-2-posts--3498","https://www.searchsarkarinaukri.com/districts/across-india","404","All government jobs in across india",""
"https://www.searchsarkarinaukri.com/jobs/union-bank-of-india-z-os-administrator-recruitment-2026-apply-online-for-2-posts--3498","https://www.searchsarkarinaukri.com/jobs-in-across-india","404","across india sarkari naukri",""
"https://www.searchsarkarinaukri.com/jobs/union-bank-of-india-robotic-process-automation-rpa-professional-recruitment-2026-apply-online-for-3-posts--3501","https://www.searchsarkarinaukri.com/districts/across-india","404","All government jobs in across india",""
"https://www.searchsarkarinaukri.com/jobs/union-bank-of-india-robotic-process-automation-rpa-professional-recruitment-2026-apply-online-for-3-posts--3501","https://www.searchsarkarinaukri.com/jobs-in-across-india","404","across india sarkari naukri",""
"https://www.searchsarkarinaukri.com/jobs/union-bank-of-india-open-banking-platform-recruitment-2026-apply-online-for-3-posts--3499","https://www.searchsarkarinaukri.com/districts/across-india","404","All government jobs in across india",""
"https://www.searchsarkarinaukri.com/jobs/union-bank-of-india-open-banking-platform-recruitment-2026-apply-online-for-3-posts--3499","https://www.searchsarkarinaukri.com/jobs-in-across-india","404","across india sarkari naukri",""
"https://www.searchsarkarinaukri.com/jobs/union-bank-of-india-quality-assurances-recruitment-2026-apply-online-for-4-posts--3500","https://www.searchsarkarinaukri.com/districts/across-india","404","All government jobs in across india",""
"https://www.searchsarkarinaukri.com/jobs/union-bank-of-india-quality-assurances-recruitment-2026-apply-online-for-4-posts--3500","https://www.searchsarkarinaukri.com/jobs-in-across-india","404","across india sarkari naukri",""
"https://www.searchsarkarinaukri.com/jobs/union-bank-of-india-web-developer-recruitment-2026-apply-online-for-2-posts--3497","https://www.searchsarkarinaukri.com/districts/across-india","404","All government jobs in across india",""
"https://www.searchsarkarinaukri.com/jobs/union-bank-of-india-web-developer-recruitment-2026-apply-online-for-2-posts--3497","https://www.searchsarkarinaukri.com/jobs-in-across-india","404","across india sarkari naukri",""
"https://www.searchsarkarinaukri.com/jobs/union-bank-of-india-ux-researcher-recruitment-2026-apply-online-for-2-posts--3495","https://www.searchsarkarinaukri.com/districts/across-india","404","All government jobs in across india",""
"https://www.searchsarkarinaukri.com/jobs/union-bank-of-india-ux-researcher-recruitment-2026-apply-online-for-2-posts--3495","https://www.searchsarkarinaukri.com/jobs-in-across-india","404","across india sarkari naukri",""
"https://www.searchsarkarinaukri.com/jobs/union-bank-of-india-ui-ux-designer-recruitment-2026-apply-online-for-2-posts--3494","https://www.searchsarkarinaukri.com/districts/across-india","404","All government jobs in across india",""
"https://www.searchsarkarinaukri.com/jobs/union-bank-of-india-ui-ux-designer-recruitment-2026-apply-online-for-2-posts--3494","https://www.searchsarkarinaukri.com/jobs-in-across-india","404","across india sarkari naukri",""
"https://www.searchsarkarinaukri.com/jobs/union-bank-of-india-voice-administrator-recruitment-2026-apply-online-for-2-posts--3496","https://www.searchsarkarinaukri.com/districts/across-india","404","All government jobs in across india",""
"https://www.searchsarkarinaukri.com/jobs/union-bank-of-india-voice-administrator-recruitment-2026-apply-online-for-2-posts--3496","https://www.searchsarkarinaukri.com/jobs-in-across-india","404","across india sarkari naukri",""
"https://www.searchsarkarinaukri.com/jobs/union-bank-of-india-vulnerability-assessment-penetration-testing-vapt-recruitment-2026-apply-online-for-2-posts--3492","https://www.searchsarkarinaukri.com/districts/across-india","404","All government jobs in across india",""
"https://www.searchsarkarinaukri.com/jobs/union-bank-of-india-vulnerability-assessment-penetration-testing-vapt-recruitment-2026-apply-online-for-2-posts--3492","https://www.searchsarkarinaukri.com/jobs-in-across-india","404","across india sarkari naukri",""
"https://www.searchsarkarinaukri.com/jobs/union-bank-of-india-windows-administrator-recruitment-2026-apply-online-for-2-posts--3493","https://www.searchsarkarinaukri.com/districts/across-india","404","All government jobs in across india",""
"https://www.searchsarkarinaukri.com/jobs/union-bank-of-india-windows-administrator-recruitment-2026-apply-online-for-2-posts--3493","https://www.searchsarkarinaukri.com/jobs-in-across-india","404","across india sarkari naukri",""
"https://www.searchsarkarinaukri.com/jobs/union-bank-of-india-unix-administrator-recruitment-2026-apply-online-for-2-posts--3490","https://www.searchsarkarinaukri.com/districts/across-india","404","All government jobs in across india",""
"https://www.searchsarkarinaukri.com/jobs/union-bank-of-india-unix-administrator-recruitment-2026-apply-online-for-2-posts--3490","https://www.searchsarkarinaukri.com/jobs-in-across-india","404","across india sarkari naukri",""
"https://www.searchsarkarinaukri.com/jobs/union-bank-of-india-virtualization-specialist-recruitment-2026-apply-online-for-2-posts--3491","https://www.searchsarkarinaukri.com/districts/across-india","404","All government jobs in across india",""
"https://www.searchsarkarinaukri.com/jobs/union-bank-of-india-virtualization-specialist-recruitment-2026-apply-online-for-2-posts--3491","https://www.searchsarkarinaukri.com/jobs-in-across-india","404","across india sarkari naukri",""
"https://www.searchsarkarinaukri.com/jobs/union-bank-of-india-sdlc-professional-recruitment-2026-apply-online-for-2-posts--3486","https://www.searchsarkarinaukri.com/districts/across-india","404","All government jobs in across india",""
"https://www.searchsarkarinaukri.com/jobs/union-bank-of-india-sdlc-professional-recruitment-2026-apply-online-for-2-posts--3486","https://www.searchsarkarinaukri.com/jobs-in-across-india","404","across india sarkari naukri",""
"https://www.searchsarkarinaukri.com/jobs/union-bank-of-india-software-developer-recruitment-2026-apply-online-for-5-posts--3487","https://www.searchsarkarinaukri.com/districts/across-india","404","All government jobs in across india",""
"https://www.searchsarkarinaukri.com/jobs/union-bank-of-india-software-developer-recruitment-2026-apply-online-for-5-posts--3487","https://www.searchsarkarinaukri.com/jobs-in-across-india","404","across india sarkari naukri",""
"https://www.searchsarkarinaukri.com/jobs/union-bank-of-india-storage-administrator-recruitment-2026-apply-online-for-2-posts--3489","https://www.searchsarkarinaukri.com/districts/across-india","404","All government jobs in across india",""
"https://www.searchsarkarinaukri.com/jobs/union-bank-of-india-storage-administrator-recruitment-2026-apply-online-for-2-posts--3489","https://www.searchsarkarinaukri.com/jobs-in-across-india","404","across india sarkari naukri",""
"https://www.searchsarkarinaukri.com/jobs/union-bank-of-india-solution-architect-recruitment-2026-apply-online-for-3-posts--3488","https://www.searchsarkarinaukri.com/districts/across-india","404","All government jobs in across india",""
"https://www.searchsarkarinaukri.com/jobs/union-bank-of-india-solution-architect-recruitment-2026-apply-online-for-3-posts--3488","https://www.searchsarkarinaukri.com/jobs-in-across-india","404","across india sarkari naukri",""
"https://www.searchsarkarinaukri.com/jobs/union-bank-of-india-production-support-engineer-recruitment-2026-apply-online-for-2-posts--3485","https://www.searchsarkarinaukri.com/districts/across-india","404","All government jobs in across india",""
"https://www.searchsarkarinaukri.com/jobs/union-bank-of-india-production-support-engineer-recruitment-2026-apply-online-for-2-posts--3485","https://www.searchsarkarinaukri.com/jobs-in-across-india","404","across india sarkari naukri",""
"https://www.searchsarkarinaukri.com/jobs/union-bank-of-india-platform-engineer-recruitment-2026-apply-online-for-2-posts--3484","https://www.searchsarkarinaukri.com/districts/across-india","404","All government jobs in across india",""
"https://www.searchsarkarinaukri.com/jobs/union-bank-of-india-platform-engineer-recruitment-2026-apply-online-for-2-posts--3484","https://www.searchsarkarinaukri.com/jobs-in-across-india","404","across india sarkari naukri",""
"https://www.searchsarkarinaukri.com/jobs/union-bank-of-india-oracle-dba-recruitment-2026-apply-online-for-2-posts--3483","https://www.searchsarkarinaukri.com/districts/across-india","404","All government jobs in across india",""
"https://www.searchsarkarinaukri.com/jobs/union-bank-of-india-oracle-dba-recruitment-2026-apply-online-for-2-posts--3483","https://www.searchsarkarinaukri.com/jobs-in-across-india","404","across india sarkari naukri",""
"https://www.searchsarkarinaukri.com/jobs/union-bank-of-india-open-source-developer-recruitment-2026-apply-online-for-2-posts--3482","https://www.searchsarkarinaukri.com/districts/across-india","404","All government jobs in across india",""
"https://www.searchsarkarinaukri.com/jobs/union-bank-of-india-open-source-developer-recruitment-2026-apply-online-for-2-posts--3482","https://www.searchsarkarinaukri.com/jobs-in-across-india","404","across india sarkari naukri",""
"https://www.searchsarkarinaukri.com/jobs/union-bank-of-india-it-infrastructure-management-recruitment-2026-apply-online-for-2-posts--3479","https://www.searchsarkarinaukri.com/districts/across-india","404","All government jobs in across india",""
"https://www.searchsarkarinaukri.com/jobs/union-bank-of-india-it-infrastructure-management-recruitment-2026-apply-online-for-2-posts--3479","https://www.searchsarkarinaukri.com/jobs-in-across-india","404","across india sarkari naukri",""
"https://www.searchsarkarinaukri.com/jobs/union-bank-of-india-mq-jboss-administrator-recruitment-2026-apply-online-for-2-posts--3481","https://www.searchsarkarinaukri.com/districts/across-india","404","All government jobs in across india",""
"https://www.searchsarkarinaukri.com/jobs/union-bank-of-india-mq-jboss-administrator-recruitment-2026-apply-online-for-2-posts--3481","https://www.searchsarkarinaukri.com/jobs-in-across-india","404","across india sarkari naukri",""
"https://www.searchsarkarinaukri.com/jobs/union-bank-of-india-mobile-app-developer-recruitment-2026-apply-online-for-2-posts--3480","https://www.searchsarkarinaukri.com/districts/across-india","404","All government jobs in across india",""
"https://www.searchsarkarinaukri.com/jobs/union-bank-of-india-mobile-app-developer-recruitment-2026-apply-online-for-2-posts--3480","https://www.searchsarkarinaukri.com/jobs-in-across-india","404","across india sarkari naukri",""
"https://www.searchsarkarinaukri.com/jobs/union-bank-of-india-innovation-r-d-recruitment-2026-apply-online-for-4-posts--3460","https://www.searchsarkarinaukri.com/districts/across-india","404","All government jobs in across india",""
"https://www.searchsarkarinaukri.com/jobs/union-bank-of-india-innovation-r-d-recruitment-2026-apply-online-for-4-posts--3460","https://www.searchsarkarinaukri.com/jobs-in-across-india","404","across india sarkari naukri",""
"https://www.searchsarkarinaukri.com/jobs/union-bank-of-india-iot-edge-computing-recruitment-2026-apply-online-for-2-posts--3461","https://www.searchsarkarinaukri.com/districts/across-india","404","All government jobs in across india",""
"https://www.searchsarkarinaukri.com/jobs/union-bank-of-india-iot-edge-computing-recruitment-2026-apply-online-for-2-posts--3461","https://www.searchsarkarinaukri.com/jobs-in-across-india","404","across india sarkari naukri",""
"https://www.searchsarkarinaukri.com/jobs/union-bank-of-india-gen-ai-ml-professional-recruitment-2026-apply-online-for-5-posts--3459","https://www.searchsarkarinaukri.com/districts/across-india","404","All government jobs in across india",""
"https://www.searchsarkarinaukri.com/jobs/union-bank-of-india-gen-ai-ml-professional-recruitment-2026-apply-online-for-5-posts--3459","https://www.searchsarkarinaukri.com/jobs-in-across-india","404","across india sarkari naukri",""
"https://www.searchsarkarinaukri.com/jobs/union-bank-of-india-digital-identity-biometrics-recruitment-2026-apply-online-for-3-posts--3456","https://www.searchsarkarinaukri.com/districts/across-india","404","All government jobs in across india",""
"https://www.searchsarkarinaukri.com/jobs/union-bank-of-india-digital-identity-biometrics-recruitment-2026-apply-online-for-3-posts--3456","https://www.searchsarkarinaukri.com/jobs-in-across-india","404","across india sarkari naukri",""
"https://www.searchsarkarinaukri.com/jobs/union-bank-of-india-etl-developer-recruitment-2026-apply-online-for-3-posts--3458","https://www.searchsarkarinaukri.com/districts/across-india","404","All government jobs in across india",""
"https://www.searchsarkarinaukri.com/jobs/union-bank-of-india-etl-developer-recruitment-2026-apply-online-for-3-posts--3458","https://www.searchsarkarinaukri.com/jobs-in-across-india","404","across india sarkari naukri",""
"https://www.searchsarkarinaukri.com/jobs/union-bank-of-india-enterprise-architect-recruitment-2026-apply-online-for-3-posts--3457","https://www.searchsarkarinaukri.com/districts/across-india","404","All government jobs in across india",""
"https://www.searchsarkarinaukri.com/jobs/union-bank-of-india-enterprise-architect-recruitment-2026-apply-online-for-3-posts--3457","https://www.searchsarkarinaukri.com/jobs-in-across-india","404","across india sarkari naukri",""
"https://www.searchsarkarinaukri.com/jobs/union-bank-of-india-devsecops-recruitment-2026-apply-online-for-2-posts--3455","https://www.searchsarkarinaukri.com/districts/across-india","404","All government jobs in across india",""
"https://www.searchsarkarinaukri.com/jobs/union-bank-of-india-devsecops-recruitment-2026-apply-online-for-2-posts--3455","https://www.searchsarkarinaukri.com/jobs-in-across-india","404","across india sarkari naukri",""
"https://www.searchsarkarinaukri.com/jobs/union-bank-of-india-blockchain-quantum-computing-recruitment-2026-apply-online-for-1-post--3452","https://www.searchsarkarinaukri.com/districts/across-india","404","All government jobs in across india",""
"https://www.searchsarkarinaukri.com/jobs/union-bank-of-india-blockchain-quantum-computing-recruitment-2026-apply-online-for-1-post--3452","https://www.searchsarkarinaukri.com/jobs-in-across-india","404","across india sarkari naukri",""
"https://www.searchsarkarinaukri.com/jobs/union-bank-of-india-data-scientist-analyst-recruitment-2026-apply-online-for-1-post--3454","https://www.searchsarkarinaukri.com/districts/across-india","404","All government jobs in across india",""
"https://www.searchsarkarinaukri.com/jobs/union-bank-of-india-data-scientist-analyst-recruitment-2026-apply-online-for-1-post--3454","https://www.searchsarkarinaukri.com/jobs-in-across-india","404","across india sarkari naukri",""
"https://www.searchsarkarinaukri.com/jobs/union-bank-of-india-data-privacy-officer-recruitment-2026-apply-online-for-1-post--3453","https://www.searchsarkarinaukri.com/districts/across-india","404","All government jobs in across india",""
"https://www.searchsarkarinaukri.com/jobs/union-bank-of-india-data-privacy-officer-recruitment-2026-apply-online-for-1-post--3453","https://www.searchsarkarinaukri.com/jobs-in-across-india","404","across india sarkari naukri",""
"https://www.searchsarkarinaukri.com/jobs/union-bank-of-india-linux-administrator-recruitment-2026-apply-online-for-4-posts--3448","https://www.searchsarkarinaukri.com/districts/across-india","404","All government jobs in across india",""
"https://www.searchsarkarinaukri.com/jobs/union-bank-of-india-linux-administrator-recruitment-2026-apply-online-for-4-posts--3448","https://www.searchsarkarinaukri.com/jobs-in-across-india","404","across india sarkari naukri",""
"https://www.searchsarkarinaukri.com/jobs/union-bank-of-india-storage-administrator-recruitment-2026-apply-online-for-3-posts--3451","https://www.searchsarkarinaukri.com/districts/across-india","404","All government jobs in across india",""
"https://www.searchsarkarinaukri.com/jobs/union-bank-of-india-storage-administrator-recruitment-2026-apply-online-for-3-posts--3451","https://www.searchsarkarinaukri.com/jobs-in-across-india","404","across india sarkari naukri",""
"https://www.searchsarkarinaukri.com/jobs/union-bank-of-india-windows-administrator-recruitment-2026-apply-online-for-4-posts--3449","https://www.searchsarkarinaukri.com/districts/across-india","404","All government jobs in across india",""
"https://www.searchsarkarinaukri.com/jobs/union-bank-of-india-windows-administrator-recruitment-2026-apply-online-for-4-posts--3449","https://www.searchsarkarinaukri.com/jobs-in-across-india","404","across india sarkari naukri",""
"https://www.searchsarkarinaukri.com/jobs/union-bank-of-india-oracle-database-administrator-recruitment-2026-apply-online-for-3-posts--3450","https://www.searchsarkarinaukri.com/districts/across-india","404","All government jobs in across india",""
"https://www.searchsarkarinaukri.com/jobs/union-bank-of-india-oracle-database-administrator-recruitment-2026-apply-online-for-3-posts--3450","https://www.searchsarkarinaukri.com/jobs-in-across-india","404","across india sarkari naukri",""
"https://www.searchsarkarinaukri.com/jobs/union-bank-of-india-database-administrator-recruitment-2026-apply-online-for-5-posts--3445","https://www.searchsarkarinaukri.com/districts/across-india","404","All government jobs in across india",""
"https://www.searchsarkarinaukri.com/jobs/union-bank-of-india-database-administrator-recruitment-2026-apply-online-for-5-posts--3445","https://www.searchsarkarinaukri.com/jobs-in-across-india","404","across india sarkari naukri",""
"https://www.searchsarkarinaukri.com/jobs/union-bank-of-india-middleware-administrator-recruitment-2026-apply-online-for-4-posts--3446","https://www.searchsarkarinaukri.com/districts/across-india","404","All government jobs in across india",""
"https://www.searchsarkarinaukri.com/jobs/union-bank-of-india-middleware-administrator-recruitment-2026-apply-online-for-4-posts--3446","https://www.searchsarkarinaukri.com/jobs-in-across-india","404","across india sarkari naukri",""
"https://www.searchsarkarinaukri.com/jobs/union-bank-of-india-cloud-administrator-recruitment-2026-apply-online-for-6-posts--3444","https://www.searchsarkarinaukri.com/districts/across-india","404","All government jobs in across india",""
"https://www.searchsarkarinaukri.com/jobs/union-bank-of-india-cloud-administrator-recruitment-2026-apply-online-for-6-posts--3444","https://www.searchsarkarinaukri.com/jobs-in-across-india","404","across india sarkari naukri",""
"https://www.searchsarkarinaukri.com/jobs/union-bank-of-india-devops-engineer-recruitment-2026-apply-online-for-5-posts--3447","https://www.searchsarkarinaukri.com/districts/across-india","404","All government jobs in across india",""
"https://www.searchsarkarinaukri.com/jobs/union-bank-of-india-devops-engineer-recruitment-2026-apply-online-for-5-posts--3447","https://www.searchsarkarinaukri.com/jobs-in-across-india","404","across india sarkari naukri",""
"https://www.searchsarkarinaukri.com/jobs/union-bank-of-india-cyber-security-professional-recruitment-2026-apply-online-for-12-posts--3442","https://www.searchsarkarinaukri.com/districts/across-india","404","All government jobs in across india",""
"https://www.searchsarkarinaukri.com/jobs/union-bank-of-india-cyber-security-professional-recruitment-2026-apply-online-for-12-posts--3442","https://www.searchsarkarinaukri.com/jobs-in-across-india","404","across india sarkari naukri",""
"https://www.searchsarkarinaukri.com/jobs/union-bank-of-india-data-centre-specialist-recruitment-2026-apply-online-for-10-posts--3441","https://www.searchsarkarinaukri.com/districts/across-india","404","All government jobs in across india",""
"https://www.searchsarkarinaukri.com/jobs/union-bank-of-india-data-centre-specialist-recruitment-2026-apply-online-for-10-posts--3441","https://www.searchsarkarinaukri.com/jobs-in-across-india","404","across india sarkari naukri",""
"https://www.searchsarkarinaukri.com/jobs/union-bank-of-india-network-administrator-recruitment-2026-apply-online-for-8-posts--3443","https://www.searchsarkarinaukri.com/districts/across-india","404","All government jobs in across india",""
"https://www.searchsarkarinaukri.com/jobs/union-bank-of-india-network-administrator-recruitment-2026-apply-online-for-8-posts--3443","https://www.searchsarkarinaukri.com/jobs-in-across-india","404","across india sarkari naukri",""
"https://www.searchsarkarinaukri.com/jobs/union-bank-of-india-api-management-professional-recruitment-2026-apply-online-for-4-posts--3440","https://www.searchsarkarinaukri.com/districts/across-india","404","All government jobs in across india",""
"https://www.searchsarkarinaukri.com/jobs/union-bank-of-india-api-management-professional-recruitment-2026-apply-online-for-4-posts--3440","https://www.searchsarkarinaukri.com/jobs-in-across-india","404","across india sarkari naukri",""
"https://www.searchsarkarinaukri.com/jobs/union-bank-of-india-forex-officer-recruitment-2026-apply-online-for-25-posts--3439","https://www.searchsarkarinaukri.com/districts/across-india","404","All government jobs in across india",""
"https://www.searchsarkarinaukri.com/jobs/union-bank-of-india-forex-officer-recruitment-2026-apply-online-for-25-posts--3439","https://www.searchsarkarinaukri.com/jobs-in-across-india","404","across india sarkari naukri",""
"https://www.searchsarkarinaukri.com/jobs/union-bank-of-india-general-banking-officer-recruitment-2026-apply-online-for-250-posts--3437","https://www.searchsarkarinaukri.com/districts/across-india","404","All government jobs in across india",""
"https://www.searchsarkarinaukri.com/jobs/union-bank-of-india-general-banking-officer-recruitment-2026-apply-online-for-250-posts--3437","https://www.searchsarkarinaukri.com/jobs-in-across-india","404","across india sarkari naukri",""
"https://www.searchsarkarinaukri.com/jobs/union-bank-of-india-personal-assistant-to-executives-recruitment-2026-apply-online-for-2-posts--3436","https://www.searchsarkarinaukri.com/districts/across-india","404","All government jobs in across india",""
"https://www.searchsarkarinaukri.com/jobs/union-bank-of-india-personal-assistant-to-executives-recruitment-2026-apply-online-for-2-posts--3436","https://www.searchsarkarinaukri.com/jobs-in-across-india","404","across india sarkari naukri",""
"https://www.searchsarkarinaukri.com/jobs/union-bank-of-india-vendor-management-professional-non-it-recruitment-2026-apply-online-for-2-posts--3438","https://www.searchsarkarinaukri.com/districts/across-india","404","All government jobs in across india",""
"https://www.searchsarkarinaukri.com/jobs/union-bank-of-india-vendor-management-professional-non-it-recruitment-2026-apply-online-for-2-posts--3438","https://www.searchsarkarinaukri.com/jobs-in-across-india","404","across india sarkari naukri",""
"https://www.searchsarkarinaukri.com/jobs/union-bank-of-india-agm-taxation-direct-indirect-recruitment-2026-apply-online--3432","https://www.searchsarkarinaukri.com/districts/across-india","404","All government jobs in across india",""
"https://www.searchsarkarinaukri.com/jobs/union-bank-of-india-agm-taxation-direct-indirect-recruitment-2026-apply-online--3432","https://www.searchsarkarinaukri.com/jobs-in-across-india","404","across india sarkari naukri",""
"https://www.searchsarkarinaukri.com/jobs/union-bank-of-india-agm-capital-planning-investor-relations-recruitment-2026-apply-online--3434","https://www.searchsarkarinaukri.com/districts/across-india","404","All government jobs in across india",""
"https://www.searchsarkarinaukri.com/jobs/union-bank-of-india-agm-capital-planning-investor-relations-recruitment-2026-apply-online--3434","https://www.searchsarkarinaukri.com/jobs-in-across-india","404","across india sarkari naukri",""
"https://www.searchsarkarinaukri.com/jobs/union-bank-of-india-disaster-management-professional-recruitment-2026-apply-online-for-1-post--3435","https://www.searchsarkarinaukri.com/districts/across-india","404","All government jobs in across india",""
"https://www.searchsarkarinaukri.com/jobs/union-bank-of-india-disaster-management-professional-recruitment-2026-apply-online-for-1-post--3435","https://www.searchsarkarinaukri.com/jobs-in-across-india","404","across india sarkari naukri",""
"https://www.searchsarkarinaukri.com/jobs/union-bank-of-india-agm-ind-as-recruitment-2026-apply-online--3433","https://www.searchsarkarinaukri.com/districts/across-india","404","All government jobs in across india",""
"https://www.searchsarkarinaukri.com/jobs/union-bank-of-india-agm-ind-as-recruitment-2026-apply-online--3433","https://www.searchsarkarinaukri.com/jobs-in-across-india","404","across india sarkari naukri",""
"https://www.searchsarkarinaukri.com/jobs/union-bank-of-india-certified-financial-crimes-investigator-recruitment-2026-apply-online-for-1-post--3430","https://www.searchsarkarinaukri.com/districts/across-india","404","All government jobs in across india",""
"https://www.searchsarkarinaukri.com/jobs/union-bank-of-india-certified-financial-crimes-investigator-recruitment-2026-apply-online-for-1-post--3430","https://www.searchsarkarinaukri.com/jobs-in-across-india","404","across india sarkari naukri",""
"https://www.searchsarkarinaukri.com/jobs/union-bank-of-india-certified-fraud-examiner-recruitment-2026-apply-online-for-1-post--3429","https://www.searchsarkarinaukri.com/districts/across-india","404","All government jobs in across india",""
"https://www.searchsarkarinaukri.com/jobs/union-bank-of-india-certified-fraud-examiner-recruitment-2026-apply-online-for-1-post--3429","https://www.searchsarkarinaukri.com/jobs-in-across-india","404","across india sarkari naukri",""
"https://www.searchsarkarinaukri.com/jobs/union-bank-of-india-project-management-professional-recruitment-2026-apply-online-for-1-post--3431","https://www.searchsarkarinaukri.com/districts/across-india","404","All government jobs in across india",""
"https://www.searchsarkarinaukri.com/jobs/union-bank-of-india-project-management-professional-recruitment-2026-apply-online-for-1-post--3431","https://www.searchsarkarinaukri.com/jobs-in-across-india","404","across india sarkari naukri",""
"https://www.searchsarkarinaukri.com/jobs/nmc-bank-nanded-nmc-bank-nanded-2026--3415","https://www.searchsarkarinaukri.com/jobs-in-nanded","404","nanded sarkari naukri",""
"https://www.searchsarkarinaukri.com/jobs/jilhadhikari-karyalay-nanded-jilhadhikari-karyalay-nanded-2026--3402","https://www.searchsarkarinaukri.com/jobs-in-nanded","404","nanded sarkari naukri",""
"https://www.searchsarkarinaukri.com/jobs/gramin-technical-and-management-campus-nanded-gramin-technical-and-management-campus-nanded-2026--3400","https://www.searchsarkarinaukri.com/jobs-in-nanded","404","nanded sarkari naukri",""
"https://www.searchsarkarinaukri.com/jobs/maharashtra-state-rural-livelihoods-mission-umed-amravati-maharashtra-state-rural-livelihoods-missio--3395","https://www.searchsarkarinaukri.com/jobs-in-amravati","404","amravati sarkari naukri",""
"https://www.searchsarkarinaukri.com/jobs/umed-maharashtra-state-rural-livelihoods-mission-msrlm-yavatmal-umed-maharashtra-state-rural-livelih--3397","https://www.searchsarkarinaukri.com/jobs-in-yavatmal","404","yavatmal sarkari naukri",""
"https://www.searchsarkarinaukri.com/jobs/railway-recruitment-board-rrb-recruitment-notification-railway-recruitment-board-rrb-2026--3390","https://www.searchsarkarinaukri.com/jobs-in-all-districts","404","all districts sarkari naukri",""
"https://www.searchsarkarinaukri.com/jobs/umed-maharashtra-state-rural-livelihood-mission-ahilyanagar-umed-maharashtra-state-rural-livelihood--3391","https://www.searchsarkarinaukri.com/jobs-in-ahmednagar","404","ahmednagar sarkari naukri",""
"https://www.searchsarkarinaukri.com/jobs/indian-army-ssc-tech-68-men-recruitment-2026-apply-online-for-40-posts--3387","https://www.searchsarkarinaukri.com/districts/across-india","404","All government jobs in across india",""
"https://www.searchsarkarinaukri.com/jobs/indian-army-ssc-tech-68-men-recruitment-2026-apply-online-for-40-posts--3387","https://www.searchsarkarinaukri.com/jobs-in-across-india","404","across india sarkari naukri",""
"https://www.searchsarkarinaukri.com/jobs/indian-space-research-organisation-isro-department-of-space-recruitment-notification-indian-space-re--3389","https://www.searchsarkarinaukri.com/jobs-in-all-districts","404","all districts sarkari naukri",""
"https://www.searchsarkarinaukri.com/jobs/indian-army-sscw-tech-68-women-recruitment-2026-apply-online-for-30-posts--3388","https://www.searchsarkarinaukri.com/districts/across-india","404","All government jobs in across india",""
"https://www.searchsarkarinaukri.com/jobs/indian-army-sscw-tech-68-women-recruitment-2026-apply-online-for-30-posts--3388","https://www.searchsarkarinaukri.com/jobs-in-across-india","404","across india sarkari naukri",""
"https://www.searchsarkarinaukri.com/jobs/indian-army-ncc-special-entry-125th-course-women-wards-of-battle-casualties-recruitment-2026-apply-online-for-1-post--3386","https://www.searchsarkarinaukri.com/districts/across-india","404","All government jobs in across india",""
"https://www.searchsarkarinaukri.com/jobs/indian-army-ncc-special-entry-125th-course-women-wards-of-battle-casualties-recruitment-2026-apply-online-for-1-post--3386","https://www.searchsarkarinaukri.com/jobs-in-across-india","404","across india sarkari naukri",""
"https://www.searchsarkarinaukri.com/jobs/ibps-law-officer-scale-i-recruitment-2026-apply-online-for-105-posts--3382","https://www.searchsarkarinaukri.com/districts/across-india","404","All government jobs in across india",""
"https://www.searchsarkarinaukri.com/jobs/ibps-law-officer-scale-i-recruitment-2026-apply-online-for-105-posts--3382","https://www.searchsarkarinaukri.com/jobs-in-across-india","404","across india sarkari naukri",""
"https://www.searchsarkarinaukri.com/jobs/ibps-rajbhasha-adhikari-scale-i-recruitment-2026-apply-online-for-89-posts--3383","https://www.searchsarkarinaukri.com/districts/across-india","404","All government jobs in across india",""
"https://www.searchsarkarinaukri.com/jobs/ibps-rajbhasha-adhikari-scale-i-recruitment-2026-apply-online-for-89-posts--3383","https://www.searchsarkarinaukri.com/jobs-in-across-india","404","across india sarkari naukri",""
"https://www.searchsarkarinaukri.com/jobs/indian-army-ncc-special-entry-125th-course-women-recruitment-2026-apply-online-for-5-posts--3385","https://www.searchsarkarinaukri.com/districts/across-india","404","All government jobs in across india",""
"https://www.searchsarkarinaukri.com/jobs/indian-army-ncc-special-entry-125th-course-women-recruitment-2026-apply-online-for-5-posts--3385","https://www.searchsarkarinaukri.com/jobs-in-across-india","404","across india sarkari naukri",""
"https://www.searchsarkarinaukri.com/jobs/ibps-hr-personnel-officer-scale-i-recruitment-2026-apply-online-for-60-posts--3384","https://www.searchsarkarinaukri.com/districts/across-india","404","All government jobs in across india",""
"https://www.searchsarkarinaukri.com/jobs/ibps-hr-personnel-officer-scale-i-recruitment-2026-apply-online-for-60-posts--3384","https://www.searchsarkarinaukri.com/jobs-in-across-india","404","across india sarkari naukri",""
"https://www.searchsarkarinaukri.com/jobs/sidbi-consultant-credit-analyst-recruitment-2026-apply-online-for-50-posts--3379","https://www.searchsarkarinaukri.com/districts/new-delhi","410","All government jobs in new delhi",""
"https://www.searchsarkarinaukri.com/jobs/sidbi-consultant-credit-analyst-recruitment-2026-apply-online-for-50-posts--3379","https://www.searchsarkarinaukri.com/jobs-in-new-delhi","410","new delhi sarkari naukri",""
"https://www.searchsarkarinaukri.com/jobs/ibps-agricultural-field-officer-scale-i-recruitment-2026-apply-online-for-190-posts--3381","https://www.searchsarkarinaukri.com/districts/across-india","404","All government jobs in across india",""
"https://www.searchsarkarinaukri.com/jobs/ibps-agricultural-field-officer-scale-i-recruitment-2026-apply-online-for-190-posts--3381","https://www.searchsarkarinaukri.com/jobs-in-across-india","404","across india sarkari naukri",""
"https://www.searchsarkarinaukri.com/jobs/ibps-it-officer-scale-i-recruitment-2026-apply-online-for-301-posts--3380","https://www.searchsarkarinaukri.com/districts/across-india","404","All government jobs in across india",""
"https://www.searchsarkarinaukri.com/jobs/ibps-it-officer-scale-i-recruitment-2026-apply-online-for-301-posts--3380","https://www.searchsarkarinaukri.com/jobs-in-across-india","404","across india sarkari naukri",""
"https://www.searchsarkarinaukri.com/jobs/icsi-administrative-assistant-recruitment-2026-apply-online--3378","https://www.searchsarkarinaukri.com/districts/new-delhi","410","All government jobs in new delhi",""
"https://www.searchsarkarinaukri.com/jobs/icsi-administrative-assistant-recruitment-2026-apply-online--3378","https://www.searchsarkarinaukri.com/jobs-in-new-delhi","410","new delhi sarkari naukri",""
"https://www.searchsarkarinaukri.com/jobs/rvunl-junior-accountant-recruitment-2026-apply-online-for-371-posts--3374","https://www.searchsarkarinaukri.com/districts/rajasthan","404","All government jobs in rajasthan",""
"https://www.searchsarkarinaukri.com/jobs/rvunl-junior-assistant-recruitment-2026-apply-online-for-765-posts--3375","https://www.searchsarkarinaukri.com/districts/rajasthan","404","All government jobs in rajasthan",""
"https://www.searchsarkarinaukri.com/jobs/icsi-executive-assistant-recruitment-2026-apply-online--3377","https://www.searchsarkarinaukri.com/districts/new-delhi","410","All government jobs in new delhi",""
"https://www.searchsarkarinaukri.com/jobs/icsi-executive-assistant-recruitment-2026-apply-online--3377","https://www.searchsarkarinaukri.com/jobs-in-new-delhi","410","new delhi sarkari naukri",""
"https://www.searchsarkarinaukri.com/jobs/rvunl-commercial-assistant-ii-recruitment-2026-apply-online--3376","https://www.searchsarkarinaukri.com/districts/rajasthan","404","All government jobs in rajasthan",""
"https://www.searchsarkarinaukri.com/jobs/rvunl-junior-engineer-civil-recruitment-2026-apply-online-for-32-posts--3373","https://www.searchsarkarinaukri.com/districts/rajasthan","404","All government jobs in rajasthan",""
"https://www.searchsarkarinaukri.com/jobs/rrb-chemical-metallurgical-assistant-recruitment-2026-apply-online--3370","https://www.searchsarkarinaukri.com/districts/across-india","404","All government jobs in across india",""
"https://www.searchsarkarinaukri.com/jobs/rrb-chemical-metallurgical-assistant-recruitment-2026-apply-online--3370","https://www.searchsarkarinaukri.com/jobs-in-across-india","404","across india sarkari naukri",""
"https://www.searchsarkarinaukri.com/jobs/rvunl-junior-engineer-mechanical-recruitment-2026-apply-online-for-110-posts--3372","https://www.searchsarkarinaukri.com/districts/rajasthan","404","All government jobs in rajasthan",""
"https://www.searchsarkarinaukri.com/jobs/rvunl-junior-engineer-electrical-recruitment-2026-apply-online-for-727-posts--3371","https://www.searchsarkarinaukri.com/districts/rajasthan","404","All government jobs in rajasthan",""
"https://www.searchsarkarinaukri.com/jobs/rrb-depot-material-superintendent-dms-recruitment-2026-apply-online--3369","https://www.searchsarkarinaukri.com/districts/across-india","404","All government jobs in across india",""
"https://www.searchsarkarinaukri.com/jobs/rrb-depot-material-superintendent-dms-recruitment-2026-apply-online--3369","https://www.searchsarkarinaukri.com/jobs-in-across-india","404","across india sarkari naukri",""
"https://www.searchsarkarinaukri.com/jobs/rrb-junior-engineer-je-recruitment-2026-apply-online--3368","https://www.searchsarkarinaukri.com/districts/across-india","404","All government jobs in across india",""
"https://www.searchsarkarinaukri.com/jobs/rrb-junior-engineer-je-recruitment-2026-apply-online--3368","https://www.searchsarkarinaukri.com/jobs-in-across-india","404","across india sarkari naukri",""
"https://www.searchsarkarinaukri.com/jobs/central-university-of-kerala-computer-operator-recruitment-2026-apply-online-for-1-post--3367","https://www.searchsarkarinaukri.com/districts/kasaragod","404","All government jobs in kasaragod",""
"https://www.searchsarkarinaukri.com/jobs/central-university-of-kerala-computer-operator-recruitment-2026-apply-online-for-1-post--3367","https://www.searchsarkarinaukri.com/jobs-in-kasaragod","404","kasaragod sarkari naukri",""
"https://www.searchsarkarinaukri.com/jobs/central-university-of-kerala-laboratory-assistant-recruitment-2026-apply-online-for-5-posts--3366","https://www.searchsarkarinaukri.com/districts/kasaragod","404","All government jobs in kasaragod",""
"https://www.searchsarkarinaukri.com/jobs/central-university-of-kerala-laboratory-assistant-recruitment-2026-apply-online-for-5-posts--3366","https://www.searchsarkarinaukri.com/jobs-in-kasaragod","404","kasaragod sarkari naukri",""
"https://www.searchsarkarinaukri.com/jobs/ordnance-factory-bhandara-ordnance-factory-bhandara-2026--3360","https://www.searchsarkarinaukri.com/jobs-in-bhandara","404","bhandara sarkari naukri",""
"https://www.searchsarkarinaukri.com/jobs/umed-msrlm-amravati-umed-msrlm-amravati-2026--3353","https://www.searchsarkarinaukri.com/jobs-in-amravati","404","amravati sarkari naukri",""
"https://www.searchsarkarinaukri.com/jobs/umed-msrlm-yavatmal-umed-msrlm-yavatmal-2026--3348","https://www.searchsarkarinaukri.com/jobs-in-yavatmal","404","yavatmal sarkari naukri",""
"https://www.searchsarkarinaukri.com/jobs/rcb-lab-assistant-recruitment-2026-walk-in-interview-for-1-post--3336","https://www.searchsarkarinaukri.com/districts/faridabad","404","All government jobs in faridabad",""
"https://www.searchsarkarinaukri.com/jobs/pm-shri-school-jawahar-navodaya-vidyalaya-kannada-chhatrapati-sambhajinagar-apply-for-6-pgt-tgt-phys--3337","https://www.searchsarkarinaukri.com/jobs-in-chhatrapati-sambhajinagar","404","chhatrapati sambhajinagar sarkari naukri",""
"https://www.searchsarkarinaukri.com/jobs/pnb-local-bank-officer-recruitment-2026-nagaland-apply-online-for-5-posts--3333","https://www.searchsarkarinaukri.com/districts/nagaland","404","All government jobs in nagaland",""
"https://www.searchsarkarinaukri.com/jobs/pnb-local-bank-officer-recruitment-2026-sikkim-apply-online-for-5-posts--3334","https://www.searchsarkarinaukri.com/districts/sikkim","404","All government jobs in sikkim",""
"https://www.searchsarkarinaukri.com/jobs/pnb-local-bank-officer-recruitment-2026-mizoram-apply-online-for-5-posts--3332","https://www.searchsarkarinaukri.com/districts/mizoram","404","All government jobs in mizoram",""
"https://www.searchsarkarinaukri.com/jobs/pnb-local-bank-officer-recruitment-2026-tripura-apply-online-for-18-posts--3335","https://www.searchsarkarinaukri.com/districts/tripura","404","All government jobs in tripura",""
"https://www.searchsarkarinaukri.com/jobs/pnb-local-bank-officer-recruitment-2026-ladakh-apply-online-for-2-posts--3328","https://www.searchsarkarinaukri.com/districts/ladakh","404","All government jobs in ladakh",""
"https://www.searchsarkarinaukri.com/jobs/pnb-local-bank-officer-recruitment-2026-ladakh-apply-online-for-2-posts--3328","https://www.searchsarkarinaukri.com/jobs-in-ladakh","404","ladakh sarkari naukri",""
"https://www.searchsarkarinaukri.com/jobs/pnb-local-bank-officer-recruitment-2026-manipur-apply-online-for-6-posts--3330","https://www.searchsarkarinaukri.com/districts/manipur","404","All government jobs in manipur",""
"https://www.searchsarkarinaukri.com/jobs/pnb-local-bank-officer-recruitment-2026-meghalaya-apply-online-for-8-posts--3331","https://www.searchsarkarinaukri.com/districts/meghalaya","404","All government jobs in meghalaya",""
"https://www.searchsarkarinaukri.com/jobs/pnb-local-bank-officer-recruitment-2026-arunachal-pradesh-apply-online-for-4-posts--3329","https://www.searchsarkarinaukri.com/districts/arunachal-pradesh","404","All government jobs in arunachal pradesh",""
"https://www.searchsarkarinaukri.com/jobs/pnb-local-bank-officer-recruitment-2026-tamil-nadu-apply-online-for-51-posts--3324","https://www.searchsarkarinaukri.com/districts/tamil-nadu","404","All government jobs in tamil nadu",""
"https://www.searchsarkarinaukri.com/jobs/pnb-local-bank-officer-recruitment-2026-west-bengal-apply-online-for-80-posts--3325","https://www.searchsarkarinaukri.com/districts/west-bengal","404","All government jobs in west bengal",""
"https://www.searchsarkarinaukri.com/jobs/pnb-local-bank-officer-recruitment-2026-jammu-kashmir-apply-online-for-9-posts--3327","https://www.searchsarkarinaukri.com/districts/jammu-&-kashmir","404","All government jobs in jammu & kashmir",""
"https://www.searchsarkarinaukri.com/jobs/pnb-local-bank-officer-recruitment-2026-jammu-kashmir-apply-online-for-9-posts--3327","https://www.searchsarkarinaukri.com/jobs-in-jammu-&-kashmir","404","jammu & kashmir sarkari naukri",""
"https://www.searchsarkarinaukri.com/jobs/pnb-local-bank-officer-recruitment-2026-assam-apply-online-for-85-posts--3326","https://www.searchsarkarinaukri.com/districts/assam","404","All government jobs in assam",""
"https://www.searchsarkarinaukri.com/jobs/pnb-local-bank-officer-recruitment-2026-maharashtra-apply-online-for-67-posts--3322","https://www.searchsarkarinaukri.com/districts/maharashtra","404","All government jobs in maharashtra",""
"https://www.searchsarkarinaukri.com/jobs/pnb-local-bank-officer-recruitment-2026-karnataka-apply-online-for-78-posts--3321","https://www.searchsarkarinaukri.com/districts/karnataka","404","All government jobs in karnataka",""
"https://www.searchsarkarinaukri.com/jobs/pnb-local-bank-officer-recruitment-2026-telangana-apply-online-for-41-posts--3323","https://www.searchsarkarinaukri.com/districts/telangana","404","All government jobs in telangana",""
"https://www.searchsarkarinaukri.com/jobs/pnb-local-bank-officer-recruitment-2026-gujarat-apply-online-for-77-posts--3320","https://www.searchsarkarinaukri.com/districts/gujarat","404","All government jobs in gujarat",""
"https://www.searchsarkarinaukri.com/jobs/pnb-local-bank-officer-recruitment-2026-andhra-pradesh-apply-online-for-4-posts--3319","https://www.searchsarkarinaukri.com/districts/andhra-pradesh","404","All government jobs in andhra pradesh",""
"https://www.searchsarkarinaukri.com/jobs/kea-ksisf-police-constable-recruitment-2026-apply-online-for-364-posts--3317","https://www.searchsarkarinaukri.com/districts/kalyana-karnataka-region","404","All government jobs in kalyana karnataka region",""
"https://www.searchsarkarinaukri.com/jobs/kea-ksisf-police-constable-recruitment-2026-apply-online-for-364-posts--3317","https://www.searchsarkarinaukri.com/jobs-in-kalyana-karnataka-region","404","kalyana karnataka region sarkari naukri",""
"https://www.searchsarkarinaukri.com/jobs/kea-irb-special-reserve-police-constable-recruitment-2026-apply-online-for-161-posts--3318","https://www.searchsarkarinaukri.com/districts/kalyana-karnataka-region","404","All government jobs in kalyana karnataka region",""
"https://www.searchsarkarinaukri.com/jobs/kea-irb-special-reserve-police-constable-recruitment-2026-apply-online-for-161-posts--3318","https://www.searchsarkarinaukri.com/jobs-in-kalyana-karnataka-region","404","kalyana karnataka region sarkari naukri",""
"https://www.searchsarkarinaukri.com/jobs/kea-ksrp-kalyana-karnataka-police-constable-recruitment-2026-apply-online-for-334-posts--3316","https://www.searchsarkarinaukri.com/districts/kalyana-karnataka-region","404","All government jobs in kalyana karnataka region",""
"https://www.searchsarkarinaukri.com/jobs/kea-ksrp-kalyana-karnataka-police-constable-recruitment-2026-apply-online-for-334-posts--3316","https://www.searchsarkarinaukri.com/jobs-in-kalyana-karnataka-region","404","kalyana karnataka region sarkari naukri",""
"https://www.searchsarkarinaukri.com/jobs/kea-special-reserve-police-constable-ksrp-state-cadre-recruitment-2026-apply-online-for-1455-posts--3315","https://www.searchsarkarinaukri.com/districts/karnataka","404","All government jobs in karnataka",""
"https://www.searchsarkarinaukri.com/jobs/kendriya-vidyalaya-washim-kendriya-vidyalaya-washim-2026--3305","https://www.searchsarkarinaukri.com/jobs-in-washim","404","washim sarkari naukri",""
"https://www.searchsarkarinaukri.com/jobs/bcpl-deputy-manager-information-technology-recruitment-2026-apply-online-for-1-post--3296","https://www.searchsarkarinaukri.com/districts/dibrugarh","404","All government jobs in dibrugarh",""
"https://www.searchsarkarinaukri.com/jobs/bcpl-deputy-manager-information-technology-recruitment-2026-apply-online-for-1-post--3296","https://www.searchsarkarinaukri.com/jobs-in-dibrugarh","404","dibrugarh sarkari naukri",""
"https://www.searchsarkarinaukri.com/jobs/bcpl-deputy-manager-mechanical-recruitment-2026-apply-online-for-1-post--3292","https://www.searchsarkarinaukri.com/districts/dibrugarh","404","All government jobs in dibrugarh",""
"https://www.searchsarkarinaukri.com/jobs/bcpl-deputy-manager-mechanical-recruitment-2026-apply-online-for-1-post--3292","https://www.searchsarkarinaukri.com/jobs-in-dibrugarh","404","dibrugarh sarkari naukri",""
"https://www.searchsarkarinaukri.com/jobs/bcpl-deputy-manager-human-resources-recruitment-2026-apply-online-for-1-post--3295","https://www.searchsarkarinaukri.com/districts/dibrugarh","404","All government jobs in dibrugarh",""
"https://www.searchsarkarinaukri.com/jobs/bcpl-deputy-manager-human-resources-recruitment-2026-apply-online-for-1-post--3295","https://www.searchsarkarinaukri.com/jobs-in-dibrugarh","404","dibrugarh sarkari naukri",""
"https://www.searchsarkarinaukri.com/jobs/bcpl-deputy-manager-contract-procurement-recruitment-2026-apply-online-for-1-post--3294","https://www.searchsarkarinaukri.com/districts/dibrugarh","404","All government jobs in dibrugarh",""
"https://www.searchsarkarinaukri.com/jobs/bcpl-deputy-manager-contract-procurement-recruitment-2026-apply-online-for-1-post--3294","https://www.searchsarkarinaukri.com/jobs-in-dibrugarh","404","dibrugarh sarkari naukri",""
"https://www.searchsarkarinaukri.com/jobs/bcpl-deputy-manager-finance-accounts-recruitment-2026-apply-online-for-1-post--3293","https://www.searchsarkarinaukri.com/districts/dibrugarh","404","All government jobs in dibrugarh",""
"https://www.searchsarkarinaukri.com/jobs/bcpl-deputy-manager-finance-accounts-recruitment-2026-apply-online-for-1-post--3293","https://www.searchsarkarinaukri.com/jobs-in-dibrugarh","404","dibrugarh sarkari naukri",""
"https://www.searchsarkarinaukri.com/jobs/bcpl-deputy-manager-instrumentation-recruitment-2026-apply-online-for-1-post--3291","https://www.searchsarkarinaukri.com/districts/dibrugarh","404","All government jobs in dibrugarh",""
"https://www.searchsarkarinaukri.com/jobs/bcpl-deputy-manager-instrumentation-recruitment-2026-apply-online-for-1-post--3291","https://www.searchsarkarinaukri.com/jobs-in-dibrugarh","404","dibrugarh sarkari naukri",""
"https://www.searchsarkarinaukri.com/jobs/bcpl-manager-chemical-recruitment-2026-apply-online-for-2-posts--3288","https://www.searchsarkarinaukri.com/districts/dibrugarh","404","All government jobs in dibrugarh",""
"https://www.searchsarkarinaukri.com/jobs/bcpl-manager-chemical-recruitment-2026-apply-online-for-2-posts--3288","https://www.searchsarkarinaukri.com/jobs-in-dibrugarh","404","dibrugarh sarkari naukri",""
"https://www.searchsarkarinaukri.com/jobs/bcpl-manager-human-resources-recruitment-2026-apply-online-for-1-post--3289","https://www.searchsarkarinaukri.com/districts/dibrugarh","404","All government jobs in dibrugarh",""
"https://www.searchsarkarinaukri.com/jobs/bcpl-manager-human-resources-recruitment-2026-apply-online-for-1-post--3289","https://www.searchsarkarinaukri.com/jobs-in-dibrugarh","404","dibrugarh sarkari naukri",""
"https://www.searchsarkarinaukri.com/jobs/bcpl-deputy-manager-electrical-recruitment-2026-apply-online-for-1-post--3290","https://www.searchsarkarinaukri.com/districts/dibrugarh","404","All government jobs in dibrugarh",""
"https://www.searchsarkarinaukri.com/jobs/bcpl-deputy-manager-electrical-recruitment-2026-apply-online-for-1-post--3290","https://www.searchsarkarinaukri.com/jobs-in-dibrugarh","404","dibrugarh sarkari naukri",""
"https://www.searchsarkarinaukri.com/jobs/bcpl-senior-manager-mechanical-recruitment-2026-apply-online-for-1-post--3286","https://www.searchsarkarinaukri.com/districts/dibrugarh","404","All government jobs in dibrugarh",""
"https://www.searchsarkarinaukri.com/jobs/bcpl-senior-manager-mechanical-recruitment-2026-apply-online-for-1-post--3286","https://www.searchsarkarinaukri.com/jobs-in-dibrugarh","404","dibrugarh sarkari naukri",""
"https://www.searchsarkarinaukri.com/jobs/bcpl-senior-manager-chemical-recruitment-2026-apply-online-for-2-posts--3284","https://www.searchsarkarinaukri.com/districts/dibrugarh","404","All government jobs in dibrugarh",""
"https://www.searchsarkarinaukri.com/jobs/bcpl-senior-manager-chemical-recruitment-2026-apply-online-for-2-posts--3284","https://www.searchsarkarinaukri.com/jobs-in-dibrugarh","404","dibrugarh sarkari naukri",""
"https://www.searchsarkarinaukri.com/jobs/bcpl-senior-manager-marketing-recruitment-2026-apply-online-for-1-post--3287","https://www.searchsarkarinaukri.com/districts/dibrugarh","404","All government jobs in dibrugarh",""
"https://www.searchsarkarinaukri.com/jobs/bcpl-senior-manager-marketing-recruitment-2026-apply-online-for-1-post--3287","https://www.searchsarkarinaukri.com/jobs-in-dibrugarh","404","dibrugarh sarkari naukri",""
"https://www.searchsarkarinaukri.com/jobs/bcpl-senior-manager-finance-accounts-recruitment-2026-apply-online-for-1-post--3285","https://www.searchsarkarinaukri.com/districts/dibrugarh","404","All government jobs in dibrugarh",""
"https://www.searchsarkarinaukri.com/jobs/bcpl-senior-manager-finance-accounts-recruitment-2026-apply-online-for-1-post--3285","https://www.searchsarkarinaukri.com/jobs-in-dibrugarh","404","dibrugarh sarkari naukri",""
"https://www.searchsarkarinaukri.com/jobs/bcpl-chief-manager-human-resources-recruitment-2026-apply-online-for-1-post--3283","https://www.searchsarkarinaukri.com/districts/dibrugarh","404","All government jobs in dibrugarh",""
"https://www.searchsarkarinaukri.com/jobs/bcpl-chief-manager-human-resources-recruitment-2026-apply-online-for-1-post--3283","https://www.searchsarkarinaukri.com/jobs-in-dibrugarh","404","dibrugarh sarkari naukri",""
"https://www.searchsarkarinaukri.com/jobs/bcpl-senior-officer-finance-accounts-recruitment-2026-apply-online-for-1-post--3281","https://www.searchsarkarinaukri.com/districts/dibrugarh","404","All government jobs in dibrugarh",""
"https://www.searchsarkarinaukri.com/jobs/bcpl-senior-officer-finance-accounts-recruitment-2026-apply-online-for-1-post--3281","https://www.searchsarkarinaukri.com/jobs-in-dibrugarh","404","dibrugarh sarkari naukri",""
"https://www.searchsarkarinaukri.com/jobs/bcpl-senior-engineer-environment-recruitment-2026-apply-online-for-1-post--3280","https://www.searchsarkarinaukri.com/districts/dibrugarh","404","All government jobs in dibrugarh",""
"https://www.searchsarkarinaukri.com/jobs/bcpl-senior-engineer-environment-recruitment-2026-apply-online-for-1-post--3280","https://www.searchsarkarinaukri.com/jobs-in-dibrugarh","404","dibrugarh sarkari naukri",""
"https://www.searchsarkarinaukri.com/jobs/bcpl-senior-engineer-instrumentation-recruitment-2026-apply-online-for-1-post--3282","https://www.searchsarkarinaukri.com/districts/dibrugarh","404","All government jobs in dibrugarh",""
"https://www.searchsarkarinaukri.com/jobs/bcpl-senior-engineer-instrumentation-recruitment-2026-apply-online-for-1-post--3282","https://www.searchsarkarinaukri.com/jobs-in-dibrugarh","404","dibrugarh sarkari naukri",""
"https://www.searchsarkarinaukri.com/jobs/bcpl-chief-manager-fire-safety-recruitment-2026-apply-online-for-1-post--3277","https://www.searchsarkarinaukri.com/districts/assam","404","All government jobs in assam",""
"https://www.searchsarkarinaukri.com/jobs/bcpl-senior-engineer-chemical-recruitment-2026-apply-online-for-2-posts--3278","https://www.searchsarkarinaukri.com/districts/assam","404","All government jobs in assam",""
"https://www.searchsarkarinaukri.com/jobs/bcpl-deputy-general-manager-fire-safety-recruitment-2026-apply-online-for-1-post--3276","https://www.searchsarkarinaukri.com/districts/assam","404","All government jobs in assam",""
"https://www.searchsarkarinaukri.com/jobs/bcpl-senior-officer-company-secretariat-recruitment-2026-apply-online-for-1-post--3279","https://www.searchsarkarinaukri.com/districts/assam","404","All government jobs in assam",""
"https://www.searchsarkarinaukri.com/jobs/bcpl-general-manager-chemical-recruitment-2026-apply-online-for-2-posts--3275","https://www.searchsarkarinaukri.com/districts/assam","404","All government jobs in assam",""
"https://www.searchsarkarinaukri.com/jobs/ahmednagar-merchant-co-op-bank-ahmednagar-merchant-co-op-bank-2026--3258","https://www.searchsarkarinaukri.com/jobs-in-ahmednagar","404","ahmednagar sarkari naukri",""
"https://www.searchsarkarinaukri.com/jobs/sgbau-amravati-sgbau-amravati-2026--3255","https://www.searchsarkarinaukri.com/jobs-in-amravati","404","amravati sarkari naukri",""
"https://www.searchsarkarinaukri.com/jobs/mgims-wardha-mgims-wardha-2026--3247","https://www.searchsarkarinaukri.com/jobs-in-wardha","404","wardha sarkari naukri",""
"https://www.searchsarkarinaukri.com/jobs/svnirtar-speech-therapist-recruitment-2026-apply-online-for-1-post--3240","https://www.searchsarkarinaukri.com/districts/cuttack","404","All government jobs in cuttack",""
"https://www.searchsarkarinaukri.com/jobs/svnirtar-speech-therapist-recruitment-2026-apply-online-for-1-post--3240","https://www.searchsarkarinaukri.com/jobs-in-cuttack","404","cuttack sarkari naukri",""
"https://www.searchsarkarinaukri.com/jobs/svnirtar-radiographer-grade-i-recruitment-2026-apply-online-for-1-post--3242","https://www.searchsarkarinaukri.com/districts/cuttack","404","All government jobs in cuttack",""
"https://www.searchsarkarinaukri.com/jobs/svnirtar-radiographer-grade-i-recruitment-2026-apply-online-for-1-post--3242","https://www.searchsarkarinaukri.com/jobs-in-cuttack","404","cuttack sarkari naukri",""
"https://www.searchsarkarinaukri.com/jobs/svnirtar-senior-stenographer-recruitment-2026-apply-online-for-1-post--3241","https://www.searchsarkarinaukri.com/districts/cuttack","404","All government jobs in cuttack",""
"https://www.searchsarkarinaukri.com/jobs/svnirtar-senior-stenographer-recruitment-2026-apply-online-for-1-post--3241","https://www.searchsarkarinaukri.com/jobs-in-cuttack","404","cuttack sarkari naukri",""
"https://www.searchsarkarinaukri.com/jobs/svnirtar-laboratory-technician-grade-i-recruitment-2026-apply-online-for-1-post--3243","https://www.searchsarkarinaukri.com/districts/cuttack","404","All government jobs in cuttack",""
"https://www.searchsarkarinaukri.com/jobs/svnirtar-laboratory-technician-grade-i-recruitment-2026-apply-online-for-1-post--3243","https://www.searchsarkarinaukri.com/jobs-in-cuttack","404","cuttack sarkari naukri",""
"https://www.searchsarkarinaukri.com/jobs/svnirtar-speech-pathologist-audiologist-grade-ii-recruitment-2026-apply-online-for-1-post--3236","https://www.searchsarkarinaukri.com/districts/guwahati","404","All government jobs in guwahati",""
"https://www.searchsarkarinaukri.com/jobs/svnirtar-speech-pathologist-audiologist-grade-ii-recruitment-2026-apply-online-for-1-post--3236","https://www.searchsarkarinaukri.com/jobs-in-guwahati","404","guwahati sarkari naukri",""
"https://www.searchsarkarinaukri.com/jobs/svnirtar-accountant-recruitment-2026-apply-online-for-1-post--3238","https://www.searchsarkarinaukri.com/districts/imphal","404","All government jobs in imphal",""
"https://www.searchsarkarinaukri.com/jobs/svnirtar-accountant-recruitment-2026-apply-online-for-1-post--3238","https://www.searchsarkarinaukri.com/jobs-in-imphal","404","imphal sarkari naukri",""
"https://www.searchsarkarinaukri.com/jobs/svnirtar-workshop-supervisor-cum-store-keeper-recruitment-2026-apply-online-for-1-post--3239","https://www.searchsarkarinaukri.com/districts/guwahati","404","All government jobs in guwahati",""
"https://www.searchsarkarinaukri.com/jobs/svnirtar-workshop-supervisor-cum-store-keeper-recruitment-2026-apply-online-for-1-post--3239","https://www.searchsarkarinaukri.com/jobs-in-guwahati","404","guwahati sarkari naukri",""
"https://www.searchsarkarinaukri.com/jobs/svnirtar-assistant-recruitment-2026-apply-online-for-1-post--3237","https://www.searchsarkarinaukri.com/districts/guwahati","404","All government jobs in guwahati",""
"https://www.searchsarkarinaukri.com/jobs/svnirtar-assistant-recruitment-2026-apply-online-for-1-post--3237","https://www.searchsarkarinaukri.com/jobs-in-guwahati","404","guwahati sarkari naukri",""
"https://www.searchsarkarinaukri.com/jobs/svnirtar-special-educator-orientation-mobility-instructor-recruitment-2026-apply-online-for-1-post--3235","https://www.searchsarkarinaukri.com/districts/shillong","404","All government jobs in shillong",""
"https://www.searchsarkarinaukri.com/jobs/svnirtar-special-educator-orientation-mobility-instructor-recruitment-2026-apply-online-for-1-post--3235","https://www.searchsarkarinaukri.com/jobs-in-shillong","404","shillong sarkari naukri",""
"https://www.searchsarkarinaukri.com/jobs/svnirtar-lecturer-occupational-therapy-recruitment-2026-apply-online-for-1-post--3232","https://www.searchsarkarinaukri.com/districts/shillong","404","All government jobs in shillong",""
"https://www.searchsarkarinaukri.com/jobs/svnirtar-lecturer-occupational-therapy-recruitment-2026-apply-online-for-1-post--3232","https://www.searchsarkarinaukri.com/jobs-in-shillong","404","shillong sarkari naukri",""
"https://www.searchsarkarinaukri.com/jobs/svnirtar-rehabilitation-officer-recruitment-2026-apply-online-for-1-post--3233","https://www.searchsarkarinaukri.com/districts/shillong","404","All government jobs in shillong",""
"https://www.searchsarkarinaukri.com/jobs/svnirtar-rehabilitation-officer-recruitment-2026-apply-online-for-1-post--3233","https://www.searchsarkarinaukri.com/jobs-in-shillong","404","shillong sarkari naukri",""
"https://www.searchsarkarinaukri.com/jobs/svnirtar-prosthetist-orthotist-recruitment-2026-apply-online-for-1-post--3234","https://www.searchsarkarinaukri.com/districts/shillong","404","All government jobs in shillong",""
"https://www.searchsarkarinaukri.com/jobs/svnirtar-prosthetist-orthotist-recruitment-2026-apply-online-for-1-post--3234","https://www.searchsarkarinaukri.com/jobs-in-shillong","404","shillong sarkari naukri",""
"https://www.searchsarkarinaukri.com/jobs/svnirtar-associate-professor-clinical-psychology-recruitment-2026-apply-online-for-1-post--3230","https://www.searchsarkarinaukri.com/districts/shillong","404","All government jobs in shillong",""
"https://www.searchsarkarinaukri.com/jobs/svnirtar-associate-professor-clinical-psychology-recruitment-2026-apply-online-for-1-post--3230","https://www.searchsarkarinaukri.com/jobs-in-shillong","404","shillong sarkari naukri",""
"https://www.searchsarkarinaukri.com/jobs/wii-scientific-administrative-assistant-field-worker-recruitment-2026-apply-online-for-3-posts--3228","https://www.searchsarkarinaukri.com/districts/dehradun-&-field-locations","404","All government jobs in dehradun & field locations",""
"https://www.searchsarkarinaukri.com/jobs/wii-scientific-administrative-assistant-field-worker-recruitment-2026-apply-online-for-3-posts--3228","https://www.searchsarkarinaukri.com/jobs-in-dehradun-&-field-locations","404","dehradun & field locations sarkari naukri",""
"https://www.searchsarkarinaukri.com/jobs/svnirtar-associate-professor-speech-language-pathology-audiology-recruitment-2026-apply-online-for-1-post--3229","https://www.searchsarkarinaukri.com/districts/guwahati","404","All government jobs in guwahati",""
"https://www.searchsarkarinaukri.com/jobs/svnirtar-associate-professor-speech-language-pathology-audiology-recruitment-2026-apply-online-for-1-post--3229","https://www.searchsarkarinaukri.com/jobs-in-guwahati","404","guwahati sarkari naukri",""
"https://www.searchsarkarinaukri.com/jobs/svnirtar-assistant-professor-special-education-recruitment-2026-apply-online-for-1-post--3231","https://www.searchsarkarinaukri.com/districts/shillong","404","All government jobs in shillong",""
"https://www.searchsarkarinaukri.com/jobs/svnirtar-assistant-professor-special-education-recruitment-2026-apply-online-for-1-post--3231","https://www.searchsarkarinaukri.com/jobs-in-shillong","404","shillong sarkari naukri",""
"https://www.searchsarkarinaukri.com/jobs/wii-project-associate-ii-recruitment-2026-apply-online-for-3-posts--3226","https://www.searchsarkarinaukri.com/districts/dehradun-&-project-locations","404","All government jobs in dehradun & project locations",""
"https://www.searchsarkarinaukri.com/jobs/wii-project-associate-ii-recruitment-2026-apply-online-for-3-posts--3226","https://www.searchsarkarinaukri.com/jobs-in-dehradun-&-project-locations","404","dehradun & project locations sarkari naukri",""
"https://www.searchsarkarinaukri.com/jobs/wii-project-associate-i-recruitment-2026-apply-online-for-4-posts--3225","https://www.searchsarkarinaukri.com/districts/dehradun-&-project-locations","404","All government jobs in dehradun & project locations",""
"https://www.searchsarkarinaukri.com/jobs/wii-project-associate-i-recruitment-2026-apply-online-for-4-posts--3225","https://www.searchsarkarinaukri.com/jobs-in-dehradun-&-project-locations","404","dehradun & project locations sarkari naukri",""
"https://www.searchsarkarinaukri.com/jobs/wii-senior-project-associate-recruitment-2026-apply-online-for-1-post--3227","https://www.searchsarkarinaukri.com/districts/dehradun","404","All government jobs in dehradun",""
"https://www.searchsarkarinaukri.com/jobs/wii-project-assistant-recruitment-2026-apply-online-for-6-posts--3224","https://www.searchsarkarinaukri.com/districts/dehradun-&-project-locations","404","All government jobs in dehradun & project locations",""
"https://www.searchsarkarinaukri.com/jobs/wii-project-assistant-recruitment-2026-apply-online-for-6-posts--3224","https://www.searchsarkarinaukri.com/jobs-in-dehradun-&-project-locations","404","dehradun & project locations sarkari naukri",""
"https://www.searchsarkarinaukri.com/jobs/wii-administrative-assistant-recruitment-2026-apply-online-for-2-posts--3223","https://www.searchsarkarinaukri.com/districts/dehradun","404","All government jobs in dehradun",""
"https://www.searchsarkarinaukri.com/jobs/wcl-assistant-foreman-electrical-recruitment-2026-apply-online-for-224-posts--3222","https://www.searchsarkarinaukri.com/districts/maharashtra-&-madhya-pradesh","404","All government jobs in maharashtra & madhya pradesh",""
"https://www.searchsarkarinaukri.com/jobs/wcl-assistant-foreman-electrical-recruitment-2026-apply-online-for-224-posts--3222","https://www.searchsarkarinaukri.com/jobs-in-maharashtra-&-madhya-pradesh","404","maharashtra & madhya pradesh sarkari naukri",""
"https://www.searchsarkarinaukri.com/jobs/government-medical-college-jalna-job-openings-at-government-medical-college-2026--3207","https://www.searchsarkarinaukri.com/jobs-in-jalna","404","jalna sarkari naukri",""
"https://www.searchsarkarinaukri.com/jobs/arogya-vibhag-zilla-parishad-hingoli-job-openings-at-arogya-vibhag-zilla-2026--3206","https://www.searchsarkarinaukri.com/jobs-in-hingoli","404","hingoli sarkari naukri",""
"https://www.searchsarkarinaukri.com/jobs/swami-ramanand-teerth-marathwada-university-nanded-swami-ramanand-teerth-marathwada-university-nande--3208","https://www.searchsarkarinaukri.com/jobs-in-nanded","404","nanded sarkari naukri",""
"https://www.searchsarkarinaukri.com/jobs/maharashtra-state-electricity-distribution-company-limited-msedcl-maharashtra-state-electricity-dist--3201","https://www.searchsarkarinaukri.com/jobs-in-jalgaon","404","jalgaon sarkari naukri",""
"https://www.searchsarkarinaukri.com/jobs/mrudu-and-jalsandharan-vibhag-department-of-soil-and-water-conservation-mrudu-and-jalsandharan-vibha--3196","https://www.searchsarkarinaukri.com/jobs-in-all-districts","404","all districts sarkari naukri",""
"https://www.searchsarkarinaukri.com/jobs/ordnance-factory-hospital-bhandara-job-opening-at-ordnance-factory-hospital-2026--3199","https://www.searchsarkarinaukri.com/jobs-in-bhandara","404","bhandara sarkari naukri",""
"https://www.searchsarkarinaukri.com/jobs/ongc-graduate-trainee-recruitment-2026-apply-online-for-geologists-engineers-posts--3194","https://www.searchsarkarinaukri.com/districts/across-india","404","All government jobs in across india",""
"https://www.searchsarkarinaukri.com/jobs/ongc-graduate-trainee-recruitment-2026-apply-online-for-geologists-engineers-posts--3194","https://www.searchsarkarinaukri.com/jobs-in-across-india","404","across india sarkari naukri",""
"https://www.searchsarkarinaukri.com/jobs/cwc-young-professional-recruitment-2026-apply-online-for-6-posts--3195","https://www.searchsarkarinaukri.com/districts/new-delhi","410","All government jobs in new delhi",""
"https://www.searchsarkarinaukri.com/jobs/cwc-young-professional-recruitment-2026-apply-online-for-6-posts--3195","https://www.searchsarkarinaukri.com/jobs-in-new-delhi","410","new delhi sarkari naukri",""
"https://www.searchsarkarinaukri.com/jobs/nclt-staff-car-driver-recruitment-2026-apply-offline-for-2-posts--3193","https://www.searchsarkarinaukri.com/districts/new-delhi","410","All government jobs in new delhi",""
"https://www.searchsarkarinaukri.com/jobs/nclt-staff-car-driver-recruitment-2026-apply-offline-for-2-posts--3193","https://www.searchsarkarinaukri.com/jobs-in-new-delhi","410","new delhi sarkari naukri",""
"https://www.searchsarkarinaukri.com/jobs/nclt-upper-division-clerk-recruitment-2026-apply-offline-for-3-posts--3192","https://www.searchsarkarinaukri.com/districts/amaravati","404","All government jobs in amaravati",""
"https://www.searchsarkarinaukri.com/jobs/nclt-upper-division-clerk-recruitment-2026-apply-offline-for-3-posts--3192","https://www.searchsarkarinaukri.com/jobs-in-amaravati","404","amaravati sarkari naukri",""
"https://www.searchsarkarinaukri.com/jobs/nclt-cashier-recruitment-2026-apply-offline-for-1-post--3190","https://www.searchsarkarinaukri.com/districts/new-delhi","410","All government jobs in new delhi",""
"https://www.searchsarkarinaukri.com/jobs/nclt-cashier-recruitment-2026-apply-offline-for-1-post--3190","https://www.searchsarkarinaukri.com/jobs-in-new-delhi","410","new delhi sarkari naukri",""
"https://www.searchsarkarinaukri.com/jobs/nclt-assistant-recruitment-2026-apply-offline-for-14-posts--3188","https://www.searchsarkarinaukri.com/districts/ahmedabad","404","All government jobs in ahmedabad",""
"https://www.searchsarkarinaukri.com/jobs/nclt-stenographer-grade-i-personal-assistant-recruitment-2026-apply-offline-for-7-posts--3189","https://www.searchsarkarinaukri.com/districts/ahmedabad","404","All government jobs in ahmedabad",""
"https://www.searchsarkarinaukri.com/jobs/nclt-record-assistant-recruitment-2026-apply-offline-for-8-posts--3191","https://www.searchsarkarinaukri.com/districts/ahmedabad","404","All government jobs in ahmedabad",""
"https://www.searchsarkarinaukri.com/jobs/nclt-programmer-recruitment-2026-apply-offline-for-1-post--3184","https://www.searchsarkarinaukri.com/districts/new-delhi","410","All government jobs in new delhi",""
"https://www.searchsarkarinaukri.com/jobs/nclt-programmer-recruitment-2026-apply-offline-for-1-post--3184","https://www.searchsarkarinaukri.com/jobs-in-new-delhi","410","new delhi sarkari naukri",""
"https://www.searchsarkarinaukri.com/jobs/nclt-court-officer-recruitment-2026-apply-offline-for-12-posts--3185","https://www.searchsarkarinaukri.com/districts/ahmedabad","404","All government jobs in ahmedabad",""
"https://www.searchsarkarinaukri.com/jobs/nclt-private-secretary-recruitment-2026-apply-offline-for-23-posts--3186","https://www.searchsarkarinaukri.com/districts/ahmedabad","404","All government jobs in ahmedabad",""
"https://www.searchsarkarinaukri.com/jobs/nclt-senior-legal-assistant-recruitment-2026-apply-offline-for-20-posts--3187","https://www.searchsarkarinaukri.com/districts/ahmedabad","404","All government jobs in ahmedabad",""
"https://www.searchsarkarinaukri.com/jobs/iit-kanpur-project-research-scientist-i-recruitment-2026--3180","https://www.searchsarkarinaukri.com/districts/kanpur","404","All government jobs in kanpur",""
"https://www.searchsarkarinaukri.com/jobs/nclt-joint-registrar-recruitment-2026-apply-offline-for-2-posts--3181","https://www.searchsarkarinaukri.com/districts/new-delhi","410","All government jobs in new delhi",""
"https://www.searchsarkarinaukri.com/jobs/nclt-joint-registrar-recruitment-2026-apply-offline-for-2-posts--3181","https://www.searchsarkarinaukri.com/jobs-in-new-delhi","410","new delhi sarkari naukri",""
"https://www.searchsarkarinaukri.com/jobs/nclt-deputy-registrar-recruitment-2026-apply-offline-for-6-posts--3182","https://www.searchsarkarinaukri.com/districts/chennai","404","All government jobs in chennai",""
"https://www.searchsarkarinaukri.com/jobs/nclt-assistant-registrar-recruitment-2026-apply-offline-for-2-posts--3183","https://www.searchsarkarinaukri.com/districts/chennai","404","All government jobs in chennai",""
"https://www.searchsarkarinaukri.com/jobs/iit-hyderabad-research-associate-ii-recruitment-2026--3178","https://www.searchsarkarinaukri.com/districts/sangareddy","404","All government jobs in sangareddy",""
"https://www.searchsarkarinaukri.com/jobs/iit-hyderabad-research-associate-ii-recruitment-2026--3178","https://www.searchsarkarinaukri.com/jobs-in-sangareddy","404","sangareddy sarkari naukri",""
"https://www.searchsarkarinaukri.com/jobs/ukmssb-professor-recruitment-2026-apply-online-for-8-posts--3176","https://www.searchsarkarinaukri.com/districts/uttarakhand","404","All government jobs in uttarakhand",""
"https://www.searchsarkarinaukri.com/jobs/ukmssb-associate-professor-recruitment-2026-apply-online-for-46-posts--3177","https://www.searchsarkarinaukri.com/districts/uttarakhand","404","All government jobs in uttarakhand",""
"https://www.searchsarkarinaukri.com/jobs/icar-ivri-junior-research-fellow-recruitment-2026--3179","https://www.searchsarkarinaukri.com/districts/izatnagar","404","All government jobs in izatnagar",""
"https://www.searchsarkarinaukri.com/jobs/icar-ivri-junior-research-fellow-recruitment-2026--3179","https://www.searchsarkarinaukri.com/jobs-in-izatnagar","404","izatnagar sarkari naukri",""
"https://www.searchsarkarinaukri.com/jobs/nicl-assistant-recruitment-2026-apply-online-for-500-posts--3175","https://www.searchsarkarinaukri.com/districts/across-india","404","All government jobs in across india",""
"https://www.searchsarkarinaukri.com/jobs/nicl-assistant-recruitment-2026-apply-online-for-500-posts--3175","https://www.searchsarkarinaukri.com/jobs-in-across-india","404","across india sarkari naukri",""
"https://www.searchsarkarinaukri.com/jobs/up-anganwadi-worker-recruitment-2026-apply-for-119-posts--3174","https://www.searchsarkarinaukri.com/districts/uttar-pradesh","404","All government jobs in uttar pradesh",""
"https://www.searchsarkarinaukri.com/jobs/hpcl-graduate-apprentice-instrumentation-engineering-recruitment-2026--3155","https://www.searchsarkarinaukri.com/districts/across-india","404","All government jobs in across india",""
"https://www.searchsarkarinaukri.com/jobs/hpcl-graduate-apprentice-instrumentation-engineering-recruitment-2026--3155","https://www.searchsarkarinaukri.com/jobs-in-across-india","404","across india sarkari naukri",""
"https://www.searchsarkarinaukri.com/jobs/hindustan-petroleum-corporation-limited-recruitment-notification-hindustan-petroleum-corporation-lim--3159","https://www.searchsarkarinaukri.com/jobs-in-all-districts","404","all districts sarkari naukri",""
"https://www.searchsarkarinaukri.com/jobs/hpcl-graduate-apprentice-civil-engineering-recruitment-2026--3152","https://www.searchsarkarinaukri.com/districts/across-india","404","All government jobs in across india",""
"https://www.searchsarkarinaukri.com/jobs/hpcl-graduate-apprentice-civil-engineering-recruitment-2026--3152","https://www.searchsarkarinaukri.com/jobs-in-across-india","404","across india sarkari naukri",""
"https://www.searchsarkarinaukri.com/jobs/hpcl-graduate-apprentice-electrical-engineering-recruitment-2026--3154","https://www.searchsarkarinaukri.com/districts/across-india","404","All government jobs in across india",""
"https://www.searchsarkarinaukri.com/jobs/hpcl-graduate-apprentice-electrical-engineering-recruitment-2026--3154","https://www.searchsarkarinaukri.com/jobs-in-across-india","404","across india sarkari naukri",""
"https://www.searchsarkarinaukri.com/jobs/hpcl-graduate-apprentice-mechanical-engineering-recruitment-2026--3153","https://www.searchsarkarinaukri.com/districts/across-india","404","All government jobs in across india",""
"https://www.searchsarkarinaukri.com/jobs/hpcl-graduate-apprentice-mechanical-engineering-recruitment-2026--3153","https://www.searchsarkarinaukri.com/jobs-in-across-india","404","across india sarkari naukri",""
"https://www.searchsarkarinaukri.com/jobs/iit-indore-joint-research-fellow-recruitment-2026--3151","https://www.searchsarkarinaukri.com/districts/indore","404","All government jobs in indore",""
"https://www.searchsarkarinaukri.com/jobs/sbi-bank-medical-officer-recruitment-2026--3149","https://www.searchsarkarinaukri.com/districts/across-india","404","All government jobs in across india",""
"https://www.searchsarkarinaukri.com/jobs/sbi-bank-medical-officer-recruitment-2026--3149","https://www.searchsarkarinaukri.com/jobs-in-across-india","404","across india sarkari naukri",""
"https://www.searchsarkarinaukri.com/jobs/cmti-project-associate-i-recruitment-2026--3150","https://www.searchsarkarinaukri.com/districts/bengaluru","404","All government jobs in bengaluru",""
"https://www.searchsarkarinaukri.com/jobs/cmti-project-associate-i-recruitment-2026--3150","https://www.searchsarkarinaukri.com/jobs-in-bengaluru","404","bengaluru sarkari naukri",""
"https://www.searchsarkarinaukri.com/jobs/iaf-agniveervayu-musician-recruitment-2026--3148","https://www.searchsarkarinaukri.com/districts/across-india","404","All government jobs in across india",""
"https://www.searchsarkarinaukri.com/jobs/iaf-agniveervayu-musician-recruitment-2026--3148","https://www.searchsarkarinaukri.com/jobs-in-across-india","404","across india sarkari naukri",""
"https://www.searchsarkarinaukri.com/jobs/indian-overseas-bank-apprentice-recruitment-2026--3147","https://www.searchsarkarinaukri.com/districts/across-india","404","All government jobs in across india",""
"https://www.searchsarkarinaukri.com/jobs/indian-overseas-bank-apprentice-recruitment-2026--3147","https://www.searchsarkarinaukri.com/jobs-in-across-india","404","across india sarkari naukri",""
"https://www.searchsarkarinaukri.com/jobs/icai-executive-officer-recruitment-2026--3146","https://www.searchsarkarinaukri.com/districts/across-india","404","All government jobs in across india",""
"https://www.searchsarkarinaukri.com/jobs/icai-executive-officer-recruitment-2026--3146","https://www.searchsarkarinaukri.com/jobs-in-across-india","404","across india sarkari naukri",""
"https://www.searchsarkarinaukri.com/jobs/cert-in-scientist-b-data-science-artificial-intelligence-recruitment-2026--3135","https://www.searchsarkarinaukri.com/districts/new-delhi-/-anywhere-in-india","404","All government jobs in new delhi / anywhere in india",""
"https://www.searchsarkarinaukri.com/jobs/cert-in-scientist-b-data-science-artificial-intelligence-recruitment-2026--3135","https://www.searchsarkarinaukri.com/jobs-in-new-delhi-/-anywhere-in-india","404","new delhi / anywhere in india sarkari naukri",""
"https://www.searchsarkarinaukri.com/jobs/cert-in-scientist-b-electronics-communication-recruitment-2026--3136","https://www.searchsarkarinaukri.com/districts/new-delhi-/-anywhere-in-india","404","All government jobs in new delhi / anywhere in india",""
"https://www.searchsarkarinaukri.com/jobs/cert-in-scientist-b-electronics-communication-recruitment-2026--3136","https://www.searchsarkarinaukri.com/jobs-in-new-delhi-/-anywhere-in-india","404","new delhi / anywhere in india sarkari naukri",""
"https://www.searchsarkarinaukri.com/jobs/cert-in-scientist-b-computer-science-recruitment-2026--3134","https://www.searchsarkarinaukri.com/districts/new-delhi-/-anywhere-in-india","404","All government jobs in new delhi / anywhere in india",""
"https://www.searchsarkarinaukri.com/jobs/cert-in-scientist-b-computer-science-recruitment-2026--3134","https://www.searchsarkarinaukri.com/jobs-in-new-delhi-/-anywhere-in-india","404","new delhi / anywhere in india sarkari naukri",""
"https://www.searchsarkarinaukri.com/jobs/mahavitaran-jalgaon-bharti-2026-details-mahavitaran-jalgaon-bharti-2026-details-2026--3129","https://www.searchsarkarinaukri.com/jobs-in-jalgaon","404","jalgaon sarkari naukri",""
"https://www.searchsarkarinaukri.com/jobs/jnv-buldhana-jnv-buldhana-2026--3124","https://www.searchsarkarinaukri.com/jobs-in-buldhana","404","buldhana sarkari naukri",""
"https://www.searchsarkarinaukri.com/jobs/zp-hingoli-zp-hingoli-2026--3123","https://www.searchsarkarinaukri.com/jobs-in-hingoli","404","hingoli sarkari naukri",""
"https://www.searchsarkarinaukri.com/jobs/government-medical-college-jalna-government-medical-college-jalna-2026--3122","https://www.searchsarkarinaukri.com/jobs-in-jalna","404","jalna sarkari naukri",""
"https://www.searchsarkarinaukri.com/jobs/idbi-bank-manager-recruitment-2026--3115","https://www.searchsarkarinaukri.com/districts/across-india","404","All government jobs in across india",""
"https://www.searchsarkarinaukri.com/jobs/idbi-bank-manager-recruitment-2026--3115","https://www.searchsarkarinaukri.com/jobs-in-across-india","404","across india sarkari naukri",""
"https://www.searchsarkarinaukri.com/jobs/kea-village-administrative-officer-kalyana-karnataka-recruitment-2026--3112","https://www.searchsarkarinaukri.com/districts/karnataka","404","All government jobs in karnataka",""
"https://www.searchsarkarinaukri.com/jobs/kea-village-administrative-officer-rpc-recruitment-2026--3111","https://www.searchsarkarinaukri.com/districts/karnataka","404","All government jobs in karnataka",""
"https://www.searchsarkarinaukri.com/jobs/idbi-bank-deputy-general-manager-recruitment-2026--3113","https://www.searchsarkarinaukri.com/districts/across-india","404","All government jobs in across india",""
"https://www.searchsarkarinaukri.com/jobs/idbi-bank-deputy-general-manager-recruitment-2026--3113","https://www.searchsarkarinaukri.com/jobs-in-across-india","404","across india sarkari naukri",""
"https://www.searchsarkarinaukri.com/jobs/idbi-bank-assistant-general-manager-recruitment-2026--3114","https://www.searchsarkarinaukri.com/districts/across-india","404","All government jobs in across india",""
"https://www.searchsarkarinaukri.com/jobs/idbi-bank-assistant-general-manager-recruitment-2026--3114","https://www.searchsarkarinaukri.com/jobs-in-across-india","404","across india sarkari naukri",""
"https://www.searchsarkarinaukri.com/jobs/rrb-section-controller-recruitment-2026--3110","https://www.searchsarkarinaukri.com/districts/across-india","404","All government jobs in across india",""
"https://www.searchsarkarinaukri.com/jobs/rrb-section-controller-recruitment-2026--3110","https://www.searchsarkarinaukri.com/jobs-in-across-india","404","across india sarkari naukri",""
"https://www.searchsarkarinaukri.com/jobs/trade-apprentice-data-entry-operator-fresher-recruitment-2026--3107","https://www.searchsarkarinaukri.com/districts/panipat","404","All government jobs in panipat",""
"https://www.searchsarkarinaukri.com/jobs/trade-apprentice-data-entry-operator-fresher-recruitment-2026--3107","https://www.searchsarkarinaukri.com/jobs-in-panipat","404","panipat sarkari naukri",""
"https://www.searchsarkarinaukri.com/jobs/trade-apprentice-data-entry-operator-skill-certificate-holders-recruitment-2026--3108","https://www.searchsarkarinaukri.com/districts/panipat","404","All government jobs in panipat",""
"https://www.searchsarkarinaukri.com/jobs/trade-apprentice-data-entry-operator-skill-certificate-holders-recruitment-2026--3108","https://www.searchsarkarinaukri.com/jobs-in-panipat","404","panipat sarkari naukri",""
"https://www.searchsarkarinaukri.com/jobs/nfr-katihar-division-tdh-workshop-apprentice-recruitment-2026--3109","https://www.searchsarkarinaukri.com/districts/assam","404","All government jobs in assam",""
"https://www.searchsarkarinaukri.com/jobs/trade-apprentice-accountant-recruitment-2026--3106","https://www.searchsarkarinaukri.com/districts/panipat","404","All government jobs in panipat",""
"https://www.searchsarkarinaukri.com/jobs/trade-apprentice-accountant-recruitment-2026--3106","https://www.searchsarkarinaukri.com/jobs-in-panipat","404","panipat sarkari naukri",""
"https://www.searchsarkarinaukri.com/jobs/technician-apprentice-instrumentation-recruitment-2026--3103","https://www.searchsarkarinaukri.com/districts/panipat","404","All government jobs in panipat",""
"https://www.searchsarkarinaukri.com/jobs/technician-apprentice-instrumentation-recruitment-2026--3103","https://www.searchsarkarinaukri.com/jobs-in-panipat","404","panipat sarkari naukri",""
"https://www.searchsarkarinaukri.com/jobs/trade-apprentice-secretarial-assistant-panipat-recruitment-2026--3104","https://www.searchsarkarinaukri.com/districts/panipat","404","All government jobs in panipat",""
"https://www.searchsarkarinaukri.com/jobs/trade-apprentice-secretarial-assistant-panipat-recruitment-2026--3104","https://www.searchsarkarinaukri.com/jobs-in-panipat","404","panipat sarkari naukri",""
"https://www.searchsarkarinaukri.com/jobs/trade-apprentice-secretarial-assistant-new-delhi-recruitment-2026--3105","https://www.searchsarkarinaukri.com/districts/new-delhi","410","All government jobs in new delhi",""
"https://www.searchsarkarinaukri.com/jobs/trade-apprentice-secretarial-assistant-new-delhi-recruitment-2026--3105","https://www.searchsarkarinaukri.com/jobs-in-new-delhi","410","new delhi sarkari naukri",""
"https://www.searchsarkarinaukri.com/jobs/trade-apprentice-fitter-recruitment-2026--3099","https://www.searchsarkarinaukri.com/districts/panipat","404","All government jobs in panipat",""
"https://www.searchsarkarinaukri.com/jobs/trade-apprentice-fitter-recruitment-2026--3099","https://www.searchsarkarinaukri.com/jobs-in-panipat","404","panipat sarkari naukri",""
"https://www.searchsarkarinaukri.com/jobs/technician-apprentice-electrical-recruitment-2026--3102","https://www.searchsarkarinaukri.com/districts/panipat","404","All government jobs in panipat",""
"https://www.searchsarkarinaukri.com/jobs/technician-apprentice-electrical-recruitment-2026--3102","https://www.searchsarkarinaukri.com/jobs-in-panipat","404","panipat sarkari naukri",""
"https://www.searchsarkarinaukri.com/jobs/technician-apprentice-chemical-recruitment-2026--3100","https://www.searchsarkarinaukri.com/districts/panipat","404","All government jobs in panipat",""
"https://www.searchsarkarinaukri.com/jobs/technician-apprentice-chemical-recruitment-2026--3100","https://www.searchsarkarinaukri.com/jobs-in-panipat","404","panipat sarkari naukri",""
"https://www.searchsarkarinaukri.com/jobs/technician-apprentice-mechanical-recruitment-2026--3101","https://www.searchsarkarinaukri.com/districts/panipat","404","All government jobs in panipat",""
"https://www.searchsarkarinaukri.com/jobs/technician-apprentice-mechanical-recruitment-2026--3101","https://www.searchsarkarinaukri.com/jobs-in-panipat","404","panipat sarkari naukri",""
"https://www.searchsarkarinaukri.com/jobs/hindi-officer-recruitment-2026--3095","https://www.searchsarkarinaukri.com/districts/varanasi","404","All government jobs in varanasi",""
"https://www.searchsarkarinaukri.com/jobs/hindi-officer-recruitment-2026--3095","https://www.searchsarkarinaukri.com/jobs-in-varanasi","404","varanasi sarkari naukri",""
"https://www.searchsarkarinaukri.com/jobs/trade-apprentice-attendant-operator-chemical-plant-recruitment-2026--3098","https://www.searchsarkarinaukri.com/districts/panipat","404","All government jobs in panipat",""
"https://www.searchsarkarinaukri.com/jobs/trade-apprentice-attendant-operator-chemical-plant-recruitment-2026--3098","https://www.searchsarkarinaukri.com/jobs-in-panipat","404","panipat sarkari naukri",""
"https://www.searchsarkarinaukri.com/jobs/sports-officer-recruitment-2026--3097","https://www.searchsarkarinaukri.com/districts/varanasi","404","All government jobs in varanasi",""
"https://www.searchsarkarinaukri.com/jobs/sports-officer-recruitment-2026--3097","https://www.searchsarkarinaukri.com/jobs-in-varanasi","404","varanasi sarkari naukri",""
"https://www.searchsarkarinaukri.com/jobs/chief-sports-officer-recruitment-2026--3096","https://www.searchsarkarinaukri.com/districts/varanasi","404","All government jobs in varanasi",""
"https://www.searchsarkarinaukri.com/jobs/chief-sports-officer-recruitment-2026--3096","https://www.searchsarkarinaukri.com/jobs-in-varanasi","404","varanasi sarkari naukri",""
"https://www.searchsarkarinaukri.com/jobs/system-analyst-recruitment-2026--3092","https://www.searchsarkarinaukri.com/districts/varanasi","404","All government jobs in varanasi",""
"https://www.searchsarkarinaukri.com/jobs/system-analyst-recruitment-2026--3092","https://www.searchsarkarinaukri.com/jobs-in-varanasi","404","varanasi sarkari naukri",""
"https://www.searchsarkarinaukri.com/jobs/assistant-executive-engineer-recruitment-2026--3094","https://www.searchsarkarinaukri.com/districts/varanasi","404","All government jobs in varanasi",""
"https://www.searchsarkarinaukri.com/jobs/assistant-executive-engineer-recruitment-2026--3094","https://www.searchsarkarinaukri.com/jobs-in-varanasi","404","varanasi sarkari naukri",""
"https://www.searchsarkarinaukri.com/jobs/executive-engineer-recruitment-2026--3093","https://www.searchsarkarinaukri.com/districts/varanasi","404","All government jobs in varanasi",""
"https://www.searchsarkarinaukri.com/jobs/executive-engineer-recruitment-2026--3093","https://www.searchsarkarinaukri.com/jobs-in-varanasi","404","varanasi sarkari naukri",""
"https://www.searchsarkarinaukri.com/jobs/government-polytechnic-ahmednagar-government-polytechnic-ahmednagar-2026--3081","https://www.searchsarkarinaukri.com/jobs-in-ahmednagar","404","ahmednagar sarkari naukri",""
"https://www.searchsarkarinaukri.com/jobs/ex-serviceman-contributory-health-scheme-echs-wardha-ex-serviceman-contributory-health-scheme-echs-w--3068","https://www.searchsarkarinaukri.com/jobs-in-wardha","404","wardha sarkari naukri",""
"https://www.searchsarkarinaukri.com/jobs/principal-system-analyst-recruitment-2026--3062","https://www.searchsarkarinaukri.com/districts/varanasi","404","All government jobs in varanasi",""
"https://www.searchsarkarinaukri.com/jobs/principal-system-analyst-recruitment-2026--3062","https://www.searchsarkarinaukri.com/jobs-in-varanasi","404","varanasi sarkari naukri",""
"https://www.searchsarkarinaukri.com/jobs/senior-system-analyst-recruitment-2026--3063","https://www.searchsarkarinaukri.com/districts/varanasi","404","All government jobs in varanasi",""
"https://www.searchsarkarinaukri.com/jobs/senior-system-analyst-recruitment-2026--3063","https://www.searchsarkarinaukri.com/jobs-in-varanasi","404","varanasi sarkari naukri",""
"https://www.searchsarkarinaukri.com/jobs/deputy-librarian-recruitment-2026--3060","https://www.searchsarkarinaukri.com/districts/varanasi","404","All government jobs in varanasi",""
"https://www.searchsarkarinaukri.com/jobs/deputy-librarian-recruitment-2026--3060","https://www.searchsarkarinaukri.com/jobs-in-varanasi","404","varanasi sarkari naukri",""
"https://www.searchsarkarinaukri.com/jobs/librarian-recruitment-2026--3059","https://www.searchsarkarinaukri.com/districts/varanasi","404","All government jobs in varanasi",""
"https://www.searchsarkarinaukri.com/jobs/librarian-recruitment-2026--3059","https://www.searchsarkarinaukri.com/jobs-in-varanasi","404","varanasi sarkari naukri",""
"https://www.searchsarkarinaukri.com/jobs/assistant-librarian-recruitment-2026--3061","https://www.searchsarkarinaukri.com/districts/varanasi","404","All government jobs in varanasi",""
"https://www.searchsarkarinaukri.com/jobs/assistant-librarian-recruitment-2026--3061","https://www.searchsarkarinaukri.com/jobs-in-varanasi","404","varanasi sarkari naukri",""
"https://www.searchsarkarinaukri.com/jobs/technical-officer-group-iii-recruitment-2026--3058","https://www.searchsarkarinaukri.com/districts/varanasi","404","All government jobs in varanasi",""
"https://www.searchsarkarinaukri.com/jobs/technical-officer-group-iii-recruitment-2026--3058","https://www.searchsarkarinaukri.com/jobs-in-varanasi","404","varanasi sarkari naukri",""
"https://www.searchsarkarinaukri.com/jobs/assistant-registrar-recruitment-2026--3054","https://www.searchsarkarinaukri.com/districts/varanasi","404","All government jobs in varanasi",""
"https://www.searchsarkarinaukri.com/jobs/assistant-registrar-recruitment-2026--3054","https://www.searchsarkarinaukri.com/jobs-in-varanasi","404","varanasi sarkari naukri",""
"https://www.searchsarkarinaukri.com/jobs/technical-officer-group-ii-recruitment-2026--3057","https://www.searchsarkarinaukri.com/districts/varanasi","404","All government jobs in varanasi",""
"https://www.searchsarkarinaukri.com/jobs/technical-officer-group-ii-recruitment-2026--3057","https://www.searchsarkarinaukri.com/jobs-in-varanasi","404","varanasi sarkari naukri",""
"https://www.searchsarkarinaukri.com/jobs/technical-officer-group-i-recruitment-2026--3056","https://www.searchsarkarinaukri.com/districts/varanasi","404","All government jobs in varanasi",""
"https://www.searchsarkarinaukri.com/jobs/technical-officer-group-i-recruitment-2026--3056","https://www.searchsarkarinaukri.com/jobs-in-varanasi","404","varanasi sarkari naukri",""
"https://www.searchsarkarinaukri.com/jobs/senior-technical-officer-recruitment-2026--3055","https://www.searchsarkarinaukri.com/districts/varanasi","404","All government jobs in varanasi",""
"https://www.searchsarkarinaukri.com/jobs/senior-technical-officer-recruitment-2026--3055","https://www.searchsarkarinaukri.com/jobs-in-varanasi","404","varanasi sarkari naukri",""
"https://www.searchsarkarinaukri.com/jobs/entomologist-recruitment-2026--3051","https://www.searchsarkarinaukri.com/districts/new-delhi","410","All government jobs in new delhi",""
"https://www.searchsarkarinaukri.com/jobs/entomologist-recruitment-2026--3051","https://www.searchsarkarinaukri.com/jobs-in-new-delhi","410","new delhi sarkari naukri",""
"https://www.searchsarkarinaukri.com/jobs/superintendent-legal-recruitment-2026--3053","https://www.searchsarkarinaukri.com/districts/new-delhi","410","All government jobs in new delhi",""
"https://www.searchsarkarinaukri.com/jobs/superintendent-legal-recruitment-2026--3053","https://www.searchsarkarinaukri.com/jobs-in-new-delhi","410","new delhi sarkari naukri",""
"https://www.searchsarkarinaukri.com/jobs/deputy-assistant-director-entomology-recruitment-2026--3050","https://www.searchsarkarinaukri.com/districts/new-delhi","410","All government jobs in new delhi",""
"https://www.searchsarkarinaukri.com/jobs/deputy-assistant-director-entomology-recruitment-2026--3050","https://www.searchsarkarinaukri.com/jobs-in-new-delhi","410","new delhi sarkari naukri",""
"https://www.searchsarkarinaukri.com/jobs/junior-scientific-officer-toxicology-recruitment-2026--3052","https://www.searchsarkarinaukri.com/districts/new-delhi","410","All government jobs in new delhi",""
"https://www.searchsarkarinaukri.com/jobs/junior-scientific-officer-toxicology-recruitment-2026--3052","https://www.searchsarkarinaukri.com/jobs-in-new-delhi","410","new delhi sarkari naukri",""
"https://www.searchsarkarinaukri.com/jobs/specialist-grade-iii-assistant-professor-nuclear-medicine-recruitment-2026--3046","https://www.searchsarkarinaukri.com/districts/delhi-(service-liability-anywhere-in-india)","404","All government jobs in delhi (service liability anywhere in india)",""
"https://www.searchsarkarinaukri.com/jobs/specialist-grade-iii-assistant-professor-nuclear-medicine-recruitment-2026--3046","https://www.searchsarkarinaukri.com/jobs-in-delhi-(service-liability-anywhere-in-india)","404","delhi (service liability anywhere in india) sarkari naukri",""
"https://www.searchsarkarinaukri.com/jobs/specialist-grade-iii-assistant-professor-paediatric-cardiology-recruitment-2026--3048","https://www.searchsarkarinaukri.com/districts/delhi-(service-liability-anywhere-in-india)","404","All government jobs in delhi (service liability anywhere in india)",""
"https://www.searchsarkarinaukri.com/jobs/specialist-grade-iii-assistant-professor-paediatric-cardiology-recruitment-2026--3048","https://www.searchsarkarinaukri.com/jobs-in-delhi-(service-liability-anywhere-in-india)","404","delhi (service liability anywhere in india) sarkari naukri",""
"https://www.searchsarkarinaukri.com/jobs/specialist-grade-iii-assistant-professor-surgical-gastroenterology-recruitment-2026--3049","https://www.searchsarkarinaukri.com/districts/delhi-(service-liability-anywhere-in-india)","404","All government jobs in delhi (service liability anywhere in india)",""
"https://www.searchsarkarinaukri.com/jobs/specialist-grade-iii-assistant-professor-surgical-gastroenterology-recruitment-2026--3049","https://www.searchsarkarinaukri.com/jobs-in-delhi-(service-liability-anywhere-in-india)","404","delhi (service liability anywhere in india) sarkari naukri",""
"https://www.searchsarkarinaukri.com/jobs/specialist-grade-iii-assistant-professor-pulmonary-medicine-recruitment-2026--3047","https://www.searchsarkarinaukri.com/districts/delhi-(service-liability-anywhere-in-india)","404","All government jobs in delhi (service liability anywhere in india)",""
"https://www.searchsarkarinaukri.com/jobs/specialist-grade-iii-assistant-professor-pulmonary-medicine-recruitment-2026--3047","https://www.searchsarkarinaukri.com/jobs-in-delhi-(service-liability-anywhere-in-india)","404","delhi (service liability anywhere in india) sarkari naukri",""
"https://www.searchsarkarinaukri.com/jobs/specialist-grade-iii-assistant-professor-clinical-hematology-recruitment-2026--3043","https://www.searchsarkarinaukri.com/districts/delhi-(service-liability-anywhere-in-india)","404","All government jobs in delhi (service liability anywhere in india)",""
"https://www.searchsarkarinaukri.com/jobs/specialist-grade-iii-assistant-professor-clinical-hematology-recruitment-2026--3043","https://www.searchsarkarinaukri.com/jobs-in-delhi-(service-liability-anywhere-in-india)","404","delhi (service liability anywhere in india) sarkari naukri",""
"https://www.searchsarkarinaukri.com/jobs/prosecutor-recruitment-2026--3042","https://www.searchsarkarinaukri.com/districts/new-delhi","410","All government jobs in new delhi",""
"https://www.searchsarkarinaukri.com/jobs/prosecutor-recruitment-2026--3042","https://www.searchsarkarinaukri.com/jobs-in-new-delhi","410","new delhi sarkari naukri",""
"https://www.searchsarkarinaukri.com/jobs/specialist-grade-iii-assistant-professor-endocrinology-recruitment-2026--3044","https://www.searchsarkarinaukri.com/districts/delhi-(service-liability-anywhere-in-india)","404","All government jobs in delhi (service liability anywhere in india)",""
"https://www.searchsarkarinaukri.com/jobs/specialist-grade-iii-assistant-professor-endocrinology-recruitment-2026--3044","https://www.searchsarkarinaukri.com/jobs-in-delhi-(service-liability-anywhere-in-india)","404","delhi (service liability anywhere in india) sarkari naukri",""
"https://www.searchsarkarinaukri.com/jobs/specialist-grade-iii-assistant-professor-neonatology-recruitment-2026--3045","https://www.searchsarkarinaukri.com/districts/delhi-(service-liability-anywhere-in-india)","404","All government jobs in delhi (service liability anywhere in india)",""
"https://www.searchsarkarinaukri.com/jobs/specialist-grade-iii-assistant-professor-neonatology-recruitment-2026--3045","https://www.searchsarkarinaukri.com/jobs-in-delhi-(service-liability-anywhere-in-india)","404","delhi (service liability anywhere in india) sarkari naukri",""
"https://www.searchsarkarinaukri.com/jobs/assistant-soil-chemist-recruitment-2026--3041","https://www.searchsarkarinaukri.com/districts/new-delhi","410","All government jobs in new delhi",""
"https://www.searchsarkarinaukri.com/jobs/assistant-soil-chemist-recruitment-2026--3041","https://www.searchsarkarinaukri.com/jobs-in-new-delhi","410","new delhi sarkari naukri",""
"https://www.searchsarkarinaukri.com/jobs/echs-wardha-echs-wardha-2026--3038","https://www.searchsarkarinaukri.com/jobs-in-wardha","404","wardha sarkari naukri",""
"https://www.searchsarkarinaukri.com/jobs/kendriya-vidyalaya-latur-kendriya-vidyalaya-latur-2026--3029","https://www.searchsarkarinaukri.com/jobs-in-latur","404","latur sarkari naukri",""
"https://www.searchsarkarinaukri.com/jobs/government-polytechnic-jalna-government-polytechnic-jalna-2026--3025","https://www.searchsarkarinaukri.com/jobs-in-jalna","404","jalna sarkari naukri",""
"https://www.searchsarkarinaukri.com/jobs/jssc-jilcce-recruitment-2026--3018","https://www.searchsarkarinaukri.com/districts/across-jharkhand","404","All government jobs in across jharkhand",""
"https://www.searchsarkarinaukri.com/jobs/jssc-jilcce-recruitment-2026--3018","https://www.searchsarkarinaukri.com/jobs-in-across-jharkhand","404","across jharkhand sarkari naukri",""
"https://www.searchsarkarinaukri.com/jobs/ssc-junior-secretariat-assistant-jsa-lower-division-clerk-ldc-recruitment-2026--3019","https://www.searchsarkarinaukri.com/districts/new-delhi","410","All government jobs in new delhi",""
"https://www.searchsarkarinaukri.com/jobs/ssc-junior-secretariat-assistant-jsa-lower-division-clerk-ldc-recruitment-2026--3019","https://www.searchsarkarinaukri.com/jobs-in-new-delhi","410","new delhi sarkari naukri",""
"https://www.searchsarkarinaukri.com/jobs/idbi-bank-specialist-officer-so-recruitment-2026--3020","https://www.searchsarkarinaukri.com/districts/across-india","404","All government jobs in across india",""
"https://www.searchsarkarinaukri.com/jobs/idbi-bank-specialist-officer-so-recruitment-2026--3020","https://www.searchsarkarinaukri.com/jobs-in-across-india","404","across india sarkari naukri",""
"https://www.searchsarkarinaukri.com/jobs/himachal-pradesh-public-service-commission-hppsc-hiring-constables--3021","https://www.searchsarkarinaukri.com/districts/across-himachal-pradesh","404","All government jobs in across himachal pradesh",""
"https://www.searchsarkarinaukri.com/jobs/himachal-pradesh-public-service-commission-hppsc-hiring-constables--3021","https://www.searchsarkarinaukri.com/jobs-in-across-himachal-pradesh","404","across himachal pradesh sarkari naukri",""
"https://www.searchsarkarinaukri.com/jobs/igh-delhi-senior-resident-recruitment-2026--3016","https://www.searchsarkarinaukri.com/districts/dwarka","404","All government jobs in dwarka",""
"https://www.searchsarkarinaukri.com/jobs/igh-delhi-senior-resident-recruitment-2026--3016","https://www.searchsarkarinaukri.com/jobs-in-dwarka","404","dwarka sarkari naukri",""
"https://www.searchsarkarinaukri.com/jobs/npcil-stipendiary-trainee-technician-plant-operator-recruitment-2026--3014","https://www.searchsarkarinaukri.com/districts/kudankulam","404","All government jobs in kudankulam",""
"https://www.searchsarkarinaukri.com/jobs/npcil-stipendiary-trainee-technician-plant-operator-recruitment-2026--3014","https://www.searchsarkarinaukri.com/jobs-in-kudankulam","404","kudankulam sarkari naukri",""
"https://www.searchsarkarinaukri.com/jobs/basu-associate-professor-assistant-professor-recruitment-2026--3017","https://www.searchsarkarinaukri.com/districts/patna-&-kishanganj","404","All government jobs in patna & kishanganj",""
"https://www.searchsarkarinaukri.com/jobs/basu-associate-professor-assistant-professor-recruitment-2026--3017","https://www.searchsarkarinaukri.com/jobs-in-patna-&-kishanganj","404","patna & kishanganj sarkari naukri",""
"https://www.searchsarkarinaukri.com/jobs/npcil-stipendiary-trainee-technician-technician-trades-recruitment-2026--3015","https://www.searchsarkarinaukri.com/districts/kudankulam","404","All government jobs in kudankulam",""
"https://www.searchsarkarinaukri.com/jobs/npcil-stipendiary-trainee-technician-technician-trades-recruitment-2026--3015","https://www.searchsarkarinaukri.com/jobs-in-kudankulam","404","kudankulam sarkari naukri",""
"https://www.searchsarkarinaukri.com/jobs/avnl-additional-general-manager-recruitment-2026--3012","https://www.searchsarkarinaukri.com/districts/avadi","404","All government jobs in avadi",""
"https://www.searchsarkarinaukri.com/jobs/avnl-additional-general-manager-recruitment-2026--3012","https://www.searchsarkarinaukri.com/jobs-in-avadi","404","avadi sarkari naukri",""
"https://www.searchsarkarinaukri.com/jobs/avnl-consultant-recruitment-2026--3013","https://www.searchsarkarinaukri.com/districts/avadi","404","All government jobs in avadi",""
"https://www.searchsarkarinaukri.com/jobs/avnl-consultant-recruitment-2026--3013","https://www.searchsarkarinaukri.com/jobs-in-avadi","404","avadi sarkari naukri",""
"https://www.searchsarkarinaukri.com/jobs/avnl-senior-manager-recruitment-2026--3010","https://www.searchsarkarinaukri.com/districts/avadi","404","All government jobs in avadi",""
"https://www.searchsarkarinaukri.com/jobs/avnl-senior-manager-recruitment-2026--3010","https://www.searchsarkarinaukri.com/jobs-in-avadi","404","avadi sarkari naukri",""
"https://www.searchsarkarinaukri.com/jobs/avnl-deputy-general-manager-recruitment-2026--3011","https://www.searchsarkarinaukri.com/districts/avadi","404","All government jobs in avadi",""
"https://www.searchsarkarinaukri.com/jobs/avnl-deputy-general-manager-recruitment-2026--3011","https://www.searchsarkarinaukri.com/jobs-in-avadi","404","avadi sarkari naukri",""
"https://www.searchsarkarinaukri.com/jobs/avnl-deputy-manager-recruitment-2026--3009","https://www.searchsarkarinaukri.com/districts/avadi","404","All government jobs in avadi",""
"https://www.searchsarkarinaukri.com/jobs/avnl-deputy-manager-recruitment-2026--3009","https://www.searchsarkarinaukri.com/jobs-in-avadi","404","avadi sarkari naukri",""
"https://www.searchsarkarinaukri.com/jobs/avnl-junior-technician-recruitment-2026--3006","https://www.searchsarkarinaukri.com/districts/avadi","404","All government jobs in avadi",""
"https://www.searchsarkarinaukri.com/jobs/avnl-junior-technician-recruitment-2026--3006","https://www.searchsarkarinaukri.com/jobs-in-avadi","404","avadi sarkari naukri",""
"https://www.searchsarkarinaukri.com/jobs/avnl-assistant-manager-recruitment-2026--3008","https://www.searchsarkarinaukri.com/districts/avadi","404","All government jobs in avadi",""
"https://www.searchsarkarinaukri.com/jobs/avnl-assistant-manager-recruitment-2026--3008","https://www.searchsarkarinaukri.com/jobs-in-avadi","404","avadi sarkari naukri",""
"https://www.searchsarkarinaukri.com/jobs/avnl-junior-manager-recruitment-2026--3007","https://www.searchsarkarinaukri.com/districts/avadi","404","All government jobs in avadi",""
"https://www.searchsarkarinaukri.com/jobs/avnl-junior-manager-recruitment-2026--3007","https://www.searchsarkarinaukri.com/jobs-in-avadi","404","avadi sarkari naukri",""
"https://www.searchsarkarinaukri.com/jobs/gmrc-deputy-general-manager-civil-safety-recruitment-2026--3005","https://www.searchsarkarinaukri.com/districts/ahmedabad-/-gandhinagar-/-surat","404","All government jobs in ahmedabad / gandhinagar / surat",""
"https://www.searchsarkarinaukri.com/jobs/gmrc-deputy-general-manager-civil-safety-recruitment-2026--3005","https://www.searchsarkarinaukri.com/jobs-in-ahmedabad-/-gandhinagar-/-surat","404","ahmedabad / gandhinagar / surat sarkari naukri",""
"https://www.searchsarkarinaukri.com/jobs/gmrc-jgm-sr-dgm-dgm-civil-qa-qc-recruitment-2026--3003","https://www.searchsarkarinaukri.com/districts/ahmedabad-/-gandhinagar-/-surat","404","All government jobs in ahmedabad / gandhinagar / surat",""
"https://www.searchsarkarinaukri.com/jobs/gmrc-jgm-sr-dgm-dgm-civil-qa-qc-recruitment-2026--3003","https://www.searchsarkarinaukri.com/jobs-in-ahmedabad-/-gandhinagar-/-surat","404","ahmedabad / gandhinagar / surat sarkari naukri",""
"https://www.searchsarkarinaukri.com/jobs/gmrc-jgm-sr-dgm-dgm-civil-maintenance-recruitment-2026--3002","https://www.searchsarkarinaukri.com/districts/ahmedabad-/-gandhinagar-/-surat","404","All government jobs in ahmedabad / gandhinagar / surat",""
"https://www.searchsarkarinaukri.com/jobs/gmrc-jgm-sr-dgm-dgm-civil-maintenance-recruitment-2026--3002","https://www.searchsarkarinaukri.com/jobs-in-ahmedabad-/-gandhinagar-/-surat","404","ahmedabad / gandhinagar / surat sarkari naukri",""
"https://www.searchsarkarinaukri.com/jobs/gmrc-sr-dgm-dgm-civil-underground-tunnel-elevated-recruitment-2026--3004","https://www.searchsarkarinaukri.com/districts/ahmedabad-/-gandhinagar-/-surat","404","All government jobs in ahmedabad / gandhinagar / surat",""
"https://www.searchsarkarinaukri.com/jobs/gmrc-sr-dgm-dgm-civil-underground-tunnel-elevated-recruitment-2026--3004","https://www.searchsarkarinaukri.com/jobs-in-ahmedabad-/-gandhinagar-/-surat","404","ahmedabad / gandhinagar / surat sarkari naukri",""
"https://www.searchsarkarinaukri.com/jobs/gmrc-engineer-junior-grade-environment-recruitment-2026--3000","https://www.searchsarkarinaukri.com/districts/ahmedabad-/-gandhinagar-/-surat","404","All government jobs in ahmedabad / gandhinagar / surat",""
"https://www.searchsarkarinaukri.com/jobs/gmrc-engineer-junior-grade-environment-recruitment-2026--3000","https://www.searchsarkarinaukri.com/jobs-in-ahmedabad-/-gandhinagar-/-surat","404","ahmedabad / gandhinagar / surat sarkari naukri",""
"https://www.searchsarkarinaukri.com/jobs/gmrc-general-manager-civil-maintenance-recruitment-2026--3001","https://www.searchsarkarinaukri.com/districts/ahmedabad-/-gandhinagar-/-surat","404","All government jobs in ahmedabad / gandhinagar / surat",""
"https://www.searchsarkarinaukri.com/jobs/gmrc-general-manager-civil-maintenance-recruitment-2026--3001","https://www.searchsarkarinaukri.com/jobs-in-ahmedabad-/-gandhinagar-/-surat","404","ahmedabad / gandhinagar / surat sarkari naukri",""
"https://www.searchsarkarinaukri.com/jobs/hasti-coop-bank-dhule-hasti-coop-bank-dhule-2026--2997","https://www.searchsarkarinaukri.com/jobs-in-dhule","404","dhule sarkari naukri",""
"https://www.searchsarkarinaukri.com/jobs/jnv-dhule-jnv-dhule-2026--2994","https://www.searchsarkarinaukri.com/jobs-in-dhule","404","dhule sarkari naukri",""
"https://www.searchsarkarinaukri.com/jobs/dhule-mahanagarpalika-dhule-mahanagarpalika-2026--2992","https://www.searchsarkarinaukri.com/jobs-in-dhule","404","dhule sarkari naukri",""
"https://www.searchsarkarinaukri.com/jobs/vasantrao-naik-marathwada-agricultural-university-parbhani-vasantrao-naik-marathwada-agricultural-un--2979","https://www.searchsarkarinaukri.com/jobs-in-parbhani","404","parbhani sarkari naukri",""
"https://www.searchsarkarinaukri.com/jobs/national-health-mission-nhm-jalgaon-national-health-mission-nhm-jalgaon-recruitment-2026--2978","https://www.searchsarkarinaukri.com/jobs-in-jalgaon","404","jalgaon sarkari naukri",""
"https://www.searchsarkarinaukri.com/jobs/government-college-of-engineering-jalgaon-government-college-of-engineering-jalgaon-2026-2026--2977","https://www.searchsarkarinaukri.com/jobs-in-jalgaon","404","jalgaon sarkari naukri",""
"https://www.searchsarkarinaukri.com/jobs/bal-vikas-prakalp-ahilyanagar-integrated-child-development-services-scheme-project-bal-vikas-prakalp--2974","https://www.searchsarkarinaukri.com/jobs-in-ahmednagar","404","ahmednagar sarkari naukri",""
"https://www.searchsarkarinaukri.com/jobs/dr-balasaheb-sawant-konkan-krishi-vidyapeeth-dapoli-dr-balasaheb-sawant-konkan-krishi-vidyapeeth-202--2968","https://www.searchsarkarinaukri.com/jobs-in-ratnagiri","404","ratnagiri sarkari naukri",""
"https://www.searchsarkarinaukri.com/jobs/assistant-commissioner-social-welfare-gadchiroli-apply-for-5-higher-primary-and-2026--2973","https://www.searchsarkarinaukri.com/jobs-in-gadchiroli","404","gadchiroli sarkari naukri",""
"https://www.searchsarkarinaukri.com/jobs/zilla-parishad-wardha-zilla-parishad-wardha-2026-recruitment-drive-2026--2966","https://www.searchsarkarinaukri.com/jobs-in-wardha","404","wardha sarkari naukri",""
"https://www.searchsarkarinaukri.com/jobs/gmrc-engineer-senior-grade-signalling-recruitment-2026--2962","https://www.searchsarkarinaukri.com/districts/ahmedabad-/-gandhinagar-/-surat","404","All government jobs in ahmedabad / gandhinagar / surat",""
"https://www.searchsarkarinaukri.com/jobs/gmrc-engineer-senior-grade-signalling-recruitment-2026--2962","https://www.searchsarkarinaukri.com/jobs-in-ahmedabad-/-gandhinagar-/-surat","404","ahmedabad / gandhinagar / surat sarkari naukri",""
"https://www.searchsarkarinaukri.com/jobs/gmrc-assistant-manager-platform-screen-door-recruitment-2026--2960","https://www.searchsarkarinaukri.com/districts/ahmedabad-/-gandhinagar-/-surat","404","All government jobs in ahmedabad / gandhinagar / surat",""
"https://www.searchsarkarinaukri.com/jobs/gmrc-assistant-manager-platform-screen-door-recruitment-2026--2960","https://www.searchsarkarinaukri.com/jobs-in-ahmedabad-/-gandhinagar-/-surat","404","ahmedabad / gandhinagar / surat sarkari naukri",""
"https://www.searchsarkarinaukri.com/jobs/bal-vikas-prakalp-ahilyanagar-integrated-child-development-services-scheme-project-bal-vikas-prakalp--2963","https://www.searchsarkarinaukri.com/jobs-in-ahmednagar","404","ahmednagar sarkari naukri",""
"https://www.searchsarkarinaukri.com/jobs/gmrc-engineer-senior-grade-telecom-recruitment-2026--2961","https://www.searchsarkarinaukri.com/districts/ahmedabad-/-gandhinagar-/-surat","404","All government jobs in ahmedabad / gandhinagar / surat",""
"https://www.searchsarkarinaukri.com/jobs/gmrc-engineer-senior-grade-telecom-recruitment-2026--2961","https://www.searchsarkarinaukri.com/jobs-in-ahmedabad-/-gandhinagar-/-surat","404","ahmedabad / gandhinagar / surat sarkari naukri",""
"https://www.searchsarkarinaukri.com/jobs/clw-homeopathic-consultant-recruitment-2026--2956","https://www.searchsarkarinaukri.com/districts/chittaranjan","404","All government jobs in chittaranjan",""
"https://www.searchsarkarinaukri.com/jobs/clw-homeopathic-consultant-recruitment-2026--2956","https://www.searchsarkarinaukri.com/jobs-in-chittaranjan","404","chittaranjan sarkari naukri",""
"https://www.searchsarkarinaukri.com/jobs/gmrc-assistant-manager-automatic-fare-collection-recruitment-2026--2959","https://www.searchsarkarinaukri.com/districts/ahmedabad-/-gandhinagar-/-surat","404","All government jobs in ahmedabad / gandhinagar / surat",""
"https://www.searchsarkarinaukri.com/jobs/gmrc-assistant-manager-automatic-fare-collection-recruitment-2026--2959","https://www.searchsarkarinaukri.com/jobs-in-ahmedabad-/-gandhinagar-/-surat","404","ahmedabad / gandhinagar / surat sarkari naukri",""
"https://www.searchsarkarinaukri.com/jobs/gmrc-manager-signalling-recruitment-2026--2957","https://www.searchsarkarinaukri.com/districts/ahmedabad-/-gandhinagar-/-surat","404","All government jobs in ahmedabad / gandhinagar / surat",""
"https://www.searchsarkarinaukri.com/jobs/gmrc-manager-signalling-recruitment-2026--2957","https://www.searchsarkarinaukri.com/jobs-in-ahmedabad-/-gandhinagar-/-surat","404","ahmedabad / gandhinagar / surat sarkari naukri",""
"https://www.searchsarkarinaukri.com/jobs/gmrc-assistant-manager-signalling-recruitment-2026--2958","https://www.searchsarkarinaukri.com/districts/ahmedabad-/-gandhinagar-/-surat","404","All government jobs in ahmedabad / gandhinagar / surat",""
"https://www.searchsarkarinaukri.com/jobs/gmrc-assistant-manager-signalling-recruitment-2026--2958","https://www.searchsarkarinaukri.com/jobs-in-ahmedabad-/-gandhinagar-/-surat","404","ahmedabad / gandhinagar / surat sarkari naukri",""
"https://www.searchsarkarinaukri.com/jobs/indian-army-sscw-tech-recruitment-2026--2953","https://www.searchsarkarinaukri.com/districts/across-india","404","All government jobs in across india",""
"https://www.searchsarkarinaukri.com/jobs/indian-army-sscw-tech-recruitment-2026--2953","https://www.searchsarkarinaukri.com/jobs-in-across-india","404","across india sarkari naukri",""
"https://www.searchsarkarinaukri.com/jobs/rrb-technician-grade-i-signal-recruitment-2026--2954","https://www.searchsarkarinaukri.com/districts/across-india","404","All government jobs in across india",""
"https://www.searchsarkarinaukri.com/jobs/rrb-technician-grade-i-signal-recruitment-2026--2954","https://www.searchsarkarinaukri.com/jobs-in-across-india","404","across india sarkari naukri",""
"https://www.searchsarkarinaukri.com/jobs/indian-army-ssc-tech-men-recruitment-2026--2952","https://www.searchsarkarinaukri.com/districts/across-india","404","All government jobs in across india",""
"https://www.searchsarkarinaukri.com/jobs/indian-army-ssc-tech-men-recruitment-2026--2952","https://www.searchsarkarinaukri.com/jobs-in-across-india","404","across india sarkari naukri",""
"https://www.searchsarkarinaukri.com/jobs/rrb-technician-grade-iii-recruitment-2026--2955","https://www.searchsarkarinaukri.com/districts/across-india","404","All government jobs in across india",""
"https://www.searchsarkarinaukri.com/jobs/rrb-technician-grade-iii-recruitment-2026--2955","https://www.searchsarkarinaukri.com/jobs-in-across-india","404","across india sarkari naukri",""
"https://www.searchsarkarinaukri.com/jobs/ngel-deputy-general-manager-re-recruitment-2026--2950","https://www.searchsarkarinaukri.com/districts/psu-jobs","404","All government jobs in psu jobs",""
"https://www.searchsarkarinaukri.com/jobs/ngel-deputy-general-manager-re-recruitment-2026--2950","https://www.searchsarkarinaukri.com/jobs-in-psu-jobs","404","psu jobs sarkari naukri",""
"https://www.searchsarkarinaukri.com/jobs/ngel-assistant-engineer-re-recruitment-2026--2951","https://www.searchsarkarinaukri.com/districts/across-india","404","All government jobs in across india",""
"https://www.searchsarkarinaukri.com/jobs/ngel-assistant-engineer-re-recruitment-2026--2951","https://www.searchsarkarinaukri.com/jobs-in-across-india","404","across india sarkari naukri",""
"https://www.searchsarkarinaukri.com/jobs/gipcl-supervisor-senior-assistant-admin-recruitment-2026--2948","https://www.searchsarkarinaukri.com/districts/vadodara","404","All government jobs in vadodara",""
"https://www.searchsarkarinaukri.com/jobs/gipcl-senior-supervisor-supervisor-secretarial-recruitment-2026--2949","https://www.searchsarkarinaukri.com/districts/vadodara","404","All government jobs in vadodara",""
"https://www.searchsarkarinaukri.com/jobs/gipcl-deputy-general-manager-finance-recruitment-2026--2947","https://www.searchsarkarinaukri.com/districts/vadodara","404","All government jobs in vadodara",""
"https://www.searchsarkarinaukri.com/jobs/ssc-junior-secretariat-assistant-jsa-lower-division-clerk-ldc-recruitment-2026--2946","https://www.searchsarkarinaukri.com/districts/new-delhi","410","All government jobs in new delhi",""
"https://www.searchsarkarinaukri.com/jobs/ssc-junior-secretariat-assistant-jsa-lower-division-clerk-ldc-recruitment-2026--2946","https://www.searchsarkarinaukri.com/jobs-in-new-delhi","410","new delhi sarkari naukri",""
"https://www.searchsarkarinaukri.com/jobs/ssc-senior-secretariat-assistant-ssa-recruitment-2026--2945","https://www.searchsarkarinaukri.com/districts/delhi-ncr-(examination-centre)-/-central-secretariat","404","All government jobs in delhi ncr (examination centre) / central secretariat",""
"https://www.searchsarkarinaukri.com/jobs/ssc-senior-secretariat-assistant-ssa-recruitment-2026--2945","https://www.searchsarkarinaukri.com/jobs-in-delhi-ncr-(examination-centre)-/-central-secretariat","404","delhi ncr (examination centre) / central secretariat sarkari naukri",""
"https://www.searchsarkarinaukri.com/jobs/ssc-assistant-section-officer-aso-recruitment-2026--2944","https://www.searchsarkarinaukri.com/districts/across-india","404","All government jobs in across india",""
"https://www.searchsarkarinaukri.com/jobs/ssc-assistant-section-officer-aso-recruitment-2026--2944","https://www.searchsarkarinaukri.com/jobs-in-across-india","404","across india sarkari naukri",""
"https://www.searchsarkarinaukri.com/jobs/ssc-aso-recruitment-2026-apply-online-for-341-assistant-section-officer-assistant-posts--2943","https://www.searchsarkarinaukri.com/districts/across-india","404","All government jobs in across india",""
"https://www.searchsarkarinaukri.com/jobs/ssc-aso-recruitment-2026-apply-online-for-341-assistant-section-officer-assistant-posts--2943","https://www.searchsarkarinaukri.com/jobs-in-across-india","404","across india sarkari naukri",""
"https://www.searchsarkarinaukri.com/jobs/software-technology-parks-of-india-director-general-2026--2942","https://www.searchsarkarinaukri.com/districts/south","404","All government jobs in south",""
"https://www.searchsarkarinaukri.com/jobs/software-technology-parks-of-india-director-general-2026--2942","https://www.searchsarkarinaukri.com/jobs-in-south","404","south sarkari naukri",""
"https://www.searchsarkarinaukri.com/jobs/nhm-wardha-nhm-wardha-2026--2920","https://www.searchsarkarinaukri.com/jobs-in-wardha","404","wardha sarkari naukri",""
"https://www.searchsarkarinaukri.com/jobs/tmb-data-scientist-recruitment-2026--2916","https://www.searchsarkarinaukri.com/districts/chennai","404","All government jobs in chennai",""
"https://www.searchsarkarinaukri.com/jobs/beml-manager-recruitment-2026--2912","https://www.searchsarkarinaukri.com/districts/across-india","404","All government jobs in across india",""
"https://www.searchsarkarinaukri.com/jobs/beml-manager-recruitment-2026--2912","https://www.searchsarkarinaukri.com/jobs-in-across-india","404","across india sarkari naukri",""
"https://www.searchsarkarinaukri.com/jobs/beml-senior-manager-recruitment-2026--2913","https://www.searchsarkarinaukri.com/districts/across-india","404","All government jobs in across india",""
"https://www.searchsarkarinaukri.com/jobs/beml-senior-manager-recruitment-2026--2913","https://www.searchsarkarinaukri.com/jobs-in-across-india","404","across india sarkari naukri",""
"https://www.searchsarkarinaukri.com/jobs/rrc-ncr-apprentice-recruitment-2026-1853-posts--2914","https://www.searchsarkarinaukri.com/districts/prayagraj","404","All government jobs in prayagraj",""
"https://www.searchsarkarinaukri.com/jobs/rrc-ncr-apprentice-recruitment-2026-1853-posts--2914","https://www.searchsarkarinaukri.com/jobs-in-prayagraj","404","prayagraj sarkari naukri",""
"https://www.searchsarkarinaukri.com/jobs/tmb-senior-relationship-manager-recruitment-2026--2915","https://www.searchsarkarinaukri.com/districts/across-india","404","All government jobs in across india",""
"https://www.searchsarkarinaukri.com/jobs/tmb-senior-relationship-manager-recruitment-2026--2915","https://www.searchsarkarinaukri.com/jobs-in-across-india","404","across india sarkari naukri",""
"https://www.searchsarkarinaukri.com/jobs/ibps-po-management-trainee-recruitment-2026--2908","https://www.searchsarkarinaukri.com/districts/across-india","404","All government jobs in across india",""
"https://www.searchsarkarinaukri.com/jobs/ibps-po-management-trainee-recruitment-2026--2908","https://www.searchsarkarinaukri.com/jobs-in-across-india","404","across india sarkari naukri",""
"https://www.searchsarkarinaukri.com/jobs/beml-engineer-recruitment-2026--2910","https://www.searchsarkarinaukri.com/districts/across-india","404","All government jobs in across india",""
"https://www.searchsarkarinaukri.com/jobs/beml-engineer-recruitment-2026--2910","https://www.searchsarkarinaukri.com/jobs-in-across-india","404","across india sarkari naukri",""
"https://www.searchsarkarinaukri.com/jobs/ibps-specialist-officer-so-recruitment-2026--2909","https://www.searchsarkarinaukri.com/districts/across-india","404","All government jobs in across india",""
"https://www.searchsarkarinaukri.com/jobs/ibps-specialist-officer-so-recruitment-2026--2909","https://www.searchsarkarinaukri.com/jobs-in-across-india","404","across india sarkari naukri",""
"https://www.searchsarkarinaukri.com/jobs/beml-assistant-manager-recruitment-2026--2911","https://www.searchsarkarinaukri.com/districts/across-india","404","All government jobs in across india",""
"https://www.searchsarkarinaukri.com/jobs/beml-assistant-manager-recruitment-2026--2911","https://www.searchsarkarinaukri.com/jobs-in-across-india","404","across india sarkari naukri",""
"https://www.searchsarkarinaukri.com/jobs/income-tax-mts-recruitment-2026-4-posts-sports-quota--2904","https://www.searchsarkarinaukri.com/districts/bhubaneswar","404","All government jobs in bhubaneswar",""
"https://www.searchsarkarinaukri.com/jobs/idbi-bank-assistant-general-manager-recruitment-2026-4-posts--2905","https://www.searchsarkarinaukri.com/districts/across-india","404","All government jobs in across india",""
"https://www.searchsarkarinaukri.com/jobs/idbi-bank-assistant-general-manager-recruitment-2026-4-posts--2905","https://www.searchsarkarinaukri.com/jobs-in-across-india","404","across india sarkari naukri",""
"https://www.searchsarkarinaukri.com/jobs/idbi-bank-manager-recruitment-2026-19-posts--2907","https://www.searchsarkarinaukri.com/districts/across-india","404","All government jobs in across india",""
"https://www.searchsarkarinaukri.com/jobs/idbi-bank-manager-recruitment-2026-19-posts--2907","https://www.searchsarkarinaukri.com/jobs-in-across-india","404","across india sarkari naukri",""
"https://www.searchsarkarinaukri.com/jobs/idbi-bank-deputy-general-manager-recruitment-2026-8-posts--2906","https://www.searchsarkarinaukri.com/districts/across-india","404","All government jobs in across india",""
"https://www.searchsarkarinaukri.com/jobs/idbi-bank-deputy-general-manager-recruitment-2026-8-posts--2906","https://www.searchsarkarinaukri.com/jobs-in-across-india","404","across india sarkari naukri",""
"https://www.searchsarkarinaukri.com/jobs/income-tax-tax-assistant-recruitment-2026-7-posts-sports-quota--2902","https://www.searchsarkarinaukri.com/districts/bhubaneswar","404","All government jobs in bhubaneswar",""
"https://www.searchsarkarinaukri.com/jobs/income-tax-stenographer-grade-ii-recruitment-2026-1-post-sports-quota--2903","https://www.searchsarkarinaukri.com/districts/bhubaneswar","404","All government jobs in bhubaneswar",""
"https://www.searchsarkarinaukri.com/jobs/indian-air-force-airmen-group-y-medical-assistant-pharmacist-recruitment-2026--2900","https://www.searchsarkarinaukri.com/districts/across-india","404","All government jobs in across india",""
"https://www.searchsarkarinaukri.com/jobs/indian-air-force-airmen-group-y-medical-assistant-pharmacist-recruitment-2026--2900","https://www.searchsarkarinaukri.com/jobs-in-across-india","404","across india sarkari naukri",""
"https://www.searchsarkarinaukri.com/jobs/indian-air-force-mts-recruitment-2026-6-posts--2901","https://www.searchsarkarinaukri.com/districts/bengaluru","404","All government jobs in bengaluru",""
"https://www.searchsarkarinaukri.com/jobs/indian-air-force-mts-recruitment-2026-6-posts--2901","https://www.searchsarkarinaukri.com/jobs-in-bengaluru","404","bengaluru sarkari naukri",""
"https://www.searchsarkarinaukri.com/jobs/indian-air-force-airmen-group-y-medical-assistant-recruitment-2026--2899","https://www.searchsarkarinaukri.com/districts/across-india","404","All government jobs in across india",""
"https://www.searchsarkarinaukri.com/jobs/indian-air-force-airmen-group-y-medical-assistant-recruitment-2026--2899","https://www.searchsarkarinaukri.com/jobs-in-across-india","404","across india sarkari naukri",""
"https://www.searchsarkarinaukri.com/jobs/indian-army-ssc-tech-68-men-recruitment-2026-350-posts--2896","https://www.searchsarkarinaukri.com/districts/across-india","404","All government jobs in across india",""
"https://www.searchsarkarinaukri.com/jobs/indian-army-ssc-tech-68-men-recruitment-2026-350-posts--2896","https://www.searchsarkarinaukri.com/jobs-in-across-india","404","across india sarkari naukri",""
"https://www.searchsarkarinaukri.com/jobs/indian-army-68th-sscw-technical-recruitment-2026-30-posts--2897","https://www.searchsarkarinaukri.com/districts/across-india","404","All government jobs in across india",""
"https://www.searchsarkarinaukri.com/jobs/indian-army-68th-sscw-technical-recruitment-2026-30-posts--2897","https://www.searchsarkarinaukri.com/jobs-in-across-india","404","across india sarkari naukri",""
"https://www.searchsarkarinaukri.com/jobs/indian-air-force-agniveervayu-intake-02-2027-recruitment-2026--2898","https://www.searchsarkarinaukri.com/districts/across-india","404","All government jobs in across india",""
"https://www.searchsarkarinaukri.com/jobs/indian-air-force-agniveervayu-intake-02-2027-recruitment-2026--2898","https://www.searchsarkarinaukri.com/jobs-in-across-india","404","across india sarkari naukri",""
"https://www.searchsarkarinaukri.com/jobs/indian-army-68th-sscw-technical-recruitment-2026-30-posts--2895","https://www.searchsarkarinaukri.com/districts/across-india","404","All government jobs in across india",""
"https://www.searchsarkarinaukri.com/jobs/indian-army-68th-sscw-technical-recruitment-2026-30-posts--2895","https://www.searchsarkarinaukri.com/jobs-in-across-india","404","across india sarkari naukri",""
"https://www.searchsarkarinaukri.com/jobs/national-health-mission-jalgaon-national-health-mission-jalgaon-2026--2883","https://www.searchsarkarinaukri.com/jobs-in-jalgaon","404","jalgaon sarkari naukri",""
"https://www.searchsarkarinaukri.com/jobs/jnv-gadchiroli-jnv-gadchiroli-2026--2882","https://www.searchsarkarinaukri.com/jobs-in-gadchiroli","404","gadchiroli sarkari naukri",""
"https://www.searchsarkarinaukri.com/jobs/sgbau-amravati-sgbau-amravati-2026--2880","https://www.searchsarkarinaukri.com/jobs-in-amravati","404","amravati sarkari naukri",""
"https://www.searchsarkarinaukri.com/jobs/gmc-raigad-gmc-raigad-2026--2873","https://www.searchsarkarinaukri.com/jobs-in-raigad","404","raigad sarkari naukri",""
"https://www.searchsarkarinaukri.com/jobs/jilhadhikari-karyalay-washim-collector-office-washim-recruitment-notification-jilhadhikari-karyalay--2868","https://www.searchsarkarinaukri.com/jobs-in-washim","404","washim sarkari naukri",""
"https://www.searchsarkarinaukri.com/jobs/government-medical-college-jalgaon-recruitment-notification-government-medical-college-jalgaon-2026--2870","https://www.searchsarkarinaukri.com/jobs-in-jalgaon","404","jalgaon sarkari naukri",""
"https://www.searchsarkarinaukri.com/jobs/the-csc-e-governance-services-india-uidai-apply-for-1-aadhaar-supervisor-operator-2026--2867","https://www.searchsarkarinaukri.com/jobs-in-yavatmal","404","yavatmal sarkari naukri",""
"https://www.searchsarkarinaukri.com/jobs/cci-junior-commercial-executive-recruitment-2026-50-posts--2865","https://www.searchsarkarinaukri.com/districts/across-india","404","All government jobs in across india",""
"https://www.searchsarkarinaukri.com/jobs/cci-junior-commercial-executive-recruitment-2026-50-posts--2865","https://www.searchsarkarinaukri.com/jobs-in-across-india","404","across india sarkari naukri",""
"https://www.searchsarkarinaukri.com/jobs/cci-management-trainee-accounts-recruitment-2026-8-posts--2864","https://www.searchsarkarinaukri.com/districts/across-india","404","All government jobs in across india",""
"https://www.searchsarkarinaukri.com/jobs/cci-management-trainee-accounts-recruitment-2026-8-posts--2864","https://www.searchsarkarinaukri.com/jobs-in-across-india","404","across india sarkari naukri",""
"https://www.searchsarkarinaukri.com/jobs/cci-management-trainee-marketing-recruitment-2026-8-posts--2863","https://www.searchsarkarinaukri.com/districts/across-india","404","All government jobs in across india",""
"https://www.searchsarkarinaukri.com/jobs/cci-management-trainee-marketing-recruitment-2026-8-posts--2863","https://www.searchsarkarinaukri.com/jobs-in-across-india","404","across india sarkari naukri",""
"https://www.searchsarkarinaukri.com/jobs/cci-junior-assistant-recruitment-2026-80-posts--2866","https://www.searchsarkarinaukri.com/districts/across-india","404","All government jobs in across india",""
"https://www.searchsarkarinaukri.com/jobs/cci-junior-assistant-recruitment-2026-80-posts--2866","https://www.searchsarkarinaukri.com/jobs-in-across-india","404","across india sarkari naukri",""
"https://www.searchsarkarinaukri.com/jobs/cwc-young-professional-recruitment-2026-6-posts--2861","https://www.searchsarkarinaukri.com/districts/new-delhi-&-various-regional-offices-across-india","404","All government jobs in new delhi & various regional offices across india",""
"https://www.searchsarkarinaukri.com/jobs/cwc-young-professional-recruitment-2026-6-posts--2861","https://www.searchsarkarinaukri.com/jobs-in-new-delhi-&-various-regional-offices-across-india","404","new delhi & various regional offices across india sarkari naukri",""
"https://www.searchsarkarinaukri.com/jobs/hal-barrackpore-iti-apprentice-recruitment-2026--2859","https://www.searchsarkarinaukri.com/districts/barrackpore","404","All government jobs in barrackpore",""
"https://www.searchsarkarinaukri.com/jobs/hal-barrackpore-iti-apprentice-recruitment-2026--2859","https://www.searchsarkarinaukri.com/jobs-in-barrackpore","404","barrackpore sarkari naukri",""
"https://www.searchsarkarinaukri.com/jobs/aiims-capfims-assistant-professor-recruitment-2026-18-posts--2860","https://www.searchsarkarinaukri.com/districts/maidan-garhi","404","All government jobs in maidan garhi",""
"https://www.searchsarkarinaukri.com/jobs/aiims-capfims-assistant-professor-recruitment-2026-18-posts--2860","https://www.searchsarkarinaukri.com/jobs-in-maidan-garhi","404","maidan garhi sarkari naukri",""
"https://www.searchsarkarinaukri.com/jobs/cci-assistant-manager-recruitment-2026-2-posts--2862","https://www.searchsarkarinaukri.com/districts/across-india","404","All government jobs in across india",""
"https://www.searchsarkarinaukri.com/jobs/cci-assistant-manager-recruitment-2026-2-posts--2862","https://www.searchsarkarinaukri.com/jobs-in-across-india","404","across india sarkari naukri",""
"https://www.searchsarkarinaukri.com/jobs/csir-central-mechanical-engineering-research-institute-recruitment-to-the-posts-of-technician-2026--2856","https://www.searchsarkarinaukri.com/districts/ludhiana","404","All government jobs in ludhiana",""
"https://www.searchsarkarinaukri.com/jobs/bank-of-india-credit-officer-recruitment-2026-779-posts--2857","https://www.searchsarkarinaukri.com/districts/across-india","404","All government jobs in across india",""
"https://www.searchsarkarinaukri.com/jobs/bank-of-india-credit-officer-recruitment-2026-779-posts--2857","https://www.searchsarkarinaukri.com/jobs-in-across-india","404","across india sarkari naukri",""
"https://www.searchsarkarinaukri.com/jobs/echs-ludhiana-recruitment-2026-33-medical-driver-other-posts--2858","https://www.searchsarkarinaukri.com/districts/ludhiana","404","All government jobs in ludhiana",""
"https://www.searchsarkarinaukri.com/jobs/national-health-systems-resource-centre-junior-consultant-knowledge-management-division-nhsrc-2026--2852","https://www.searchsarkarinaukri.com/districts/south","404","All government jobs in south",""
"https://www.searchsarkarinaukri.com/jobs/national-health-systems-resource-centre-junior-consultant-knowledge-management-division-nhsrc-2026--2852","https://www.searchsarkarinaukri.com/jobs-in-south","404","south sarkari naukri",""
"https://www.searchsarkarinaukri.com/jobs/national-health-systems-resource-centre-senior-consultant-community-processes-nhsrc-2026--2854","https://www.searchsarkarinaukri.com/districts/south","404","All government jobs in south",""
"https://www.searchsarkarinaukri.com/jobs/national-health-systems-resource-centre-senior-consultant-community-processes-nhsrc-2026--2854","https://www.searchsarkarinaukri.com/jobs-in-south","404","south sarkari naukri",""
"https://www.searchsarkarinaukri.com/jobs/umed-msrlm-jalna-umed-msrlm-jalna-2026--2845","https://www.searchsarkarinaukri.com/jobs-in-jalna","404","jalna sarkari naukri",""
"https://www.searchsarkarinaukri.com/jobs/gmc-jalgaon-gmc-jalgaon-2026--2841","https://www.searchsarkarinaukri.com/jobs-in-jalgaon","404","jalgaon sarkari naukri",""
"https://www.searchsarkarinaukri.com/jobs/latur-anganwadi-latur-anganwadi-2026--2844","https://www.searchsarkarinaukri.com/jobs-in-latur","404","latur sarkari naukri",""
"https://www.searchsarkarinaukri.com/jobs/jnv-parbhani-jnv-parbhani-2026--2842","https://www.searchsarkarinaukri.com/jobs-in-parbhani","404","parbhani sarkari naukri",""
"https://www.searchsarkarinaukri.com/jobs/samaj-kalyan-gadchiroli-samaj-kalyan-gadchiroli-2026--2830","https://www.searchsarkarinaukri.com/jobs-in-gadchiroli","404","gadchiroli sarkari naukri",""
"https://www.searchsarkarinaukri.com/jobs/ahmednagar-merchant-co-op-bank-ahmednagar-merchant-co-op-bank-2026--2829","https://www.searchsarkarinaukri.com/jobs-in-ahmednagar","404","ahmednagar sarkari naukri",""
"https://www.searchsarkarinaukri.com/jobs/upsc-aeronautical-officer-recruitment-2026-11-posts--2827","https://www.searchsarkarinaukri.com/districts/new-delhi","410","All government jobs in new delhi",""
"https://www.searchsarkarinaukri.com/jobs/upsc-aeronautical-officer-recruitment-2026-11-posts--2827","https://www.searchsarkarinaukri.com/jobs-in-new-delhi","410","new delhi sarkari naukri",""
"https://www.searchsarkarinaukri.com/jobs/upsc-legal-officer-recruitment-2026-12-posts--2826","https://www.searchsarkarinaukri.com/districts/new-delhi","410","All government jobs in new delhi",""
"https://www.searchsarkarinaukri.com/jobs/upsc-legal-officer-recruitment-2026-12-posts--2826","https://www.searchsarkarinaukri.com/jobs-in-new-delhi","410","new delhi sarkari naukri",""
"https://www.searchsarkarinaukri.com/jobs/upsc-assistant-engineer-civil-recruitment-2026-11-posts--2828","https://www.searchsarkarinaukri.com/districts/across-india","404","All government jobs in across india",""
"https://www.searchsarkarinaukri.com/jobs/upsc-assistant-engineer-civil-recruitment-2026-11-posts--2828","https://www.searchsarkarinaukri.com/jobs-in-across-india","404","across india sarkari naukri",""
"https://www.searchsarkarinaukri.com/jobs/upsc-company-prosecutor-recruitment-2026-18-posts--2825","https://www.searchsarkarinaukri.com/districts/new-delhi-(all-india-service-liability)","404","All government jobs in new delhi (all india service liability)",""
"https://www.searchsarkarinaukri.com/jobs/upsc-company-prosecutor-recruitment-2026-18-posts--2825","https://www.searchsarkarinaukri.com/jobs-in-new-delhi-(all-india-service-liability)","404","new delhi (all india service liability) sarkari naukri",""
"https://www.searchsarkarinaukri.com/jobs/upsc-drug-inspector-recruitment-2026-186-postsv--2824","https://www.searchsarkarinaukri.com/districts/across-india","404","All government jobs in across india",""
"https://www.searchsarkarinaukri.com/jobs/upsc-drug-inspector-recruitment-2026-186-postsv--2824","https://www.searchsarkarinaukri.com/jobs-in-across-india","404","across india sarkari naukri",""
"https://www.searchsarkarinaukri.com/jobs/hpcl-economist-recruitment-2026-senior-manager-chief-manager-deputy-general-manager--2821","https://www.searchsarkarinaukri.com/districts/mumbai-/-across-india","404","All government jobs in mumbai / across india",""
"https://www.searchsarkarinaukri.com/jobs/hpcl-economist-recruitment-2026-senior-manager-chief-manager-deputy-general-manager--2821","https://www.searchsarkarinaukri.com/jobs-in-mumbai-/-across-india","404","mumbai / across india sarkari naukri",""
"https://www.searchsarkarinaukri.com/jobs/bank-of-india-credit-officer-recruitment-2026-779-posts--2823","https://www.searchsarkarinaukri.com/districts/across-india","404","All government jobs in across india",""
"https://www.searchsarkarinaukri.com/jobs/bank-of-india-credit-officer-recruitment-2026-779-posts--2823","https://www.searchsarkarinaukri.com/jobs-in-across-india","404","across india sarkari naukri",""
"https://www.searchsarkarinaukri.com/jobs/hpcl-dgm-gm-cgm-sales-marketing-petrochemicals-recruitment-2026--2822","https://www.searchsarkarinaukri.com/districts/mumbai-/-across-india","404","All government jobs in mumbai / across india",""
"https://www.searchsarkarinaukri.com/jobs/hpcl-dgm-gm-cgm-sales-marketing-petrochemicals-recruitment-2026--2822","https://www.searchsarkarinaukri.com/jobs-in-mumbai-/-across-india","404","mumbai / across india sarkari naukri",""
"https://www.searchsarkarinaukri.com/jobs/hpcl-assistant-manager-manager-projects-recruitment-2026--2819","https://www.searchsarkarinaukri.com/districts/across-india","404","All government jobs in across india",""
"https://www.searchsarkarinaukri.com/jobs/hpcl-assistant-manager-manager-projects-recruitment-2026--2819","https://www.searchsarkarinaukri.com/jobs-in-across-india","404","across india sarkari naukri",""
"https://www.searchsarkarinaukri.com/jobs/hpcl-chief-manager-deputy-general-manager-technical-services-recruitment-2026--2820","https://www.searchsarkarinaukri.com/districts/mumbai-/-across-india","404","All government jobs in mumbai / across india",""
"https://www.searchsarkarinaukri.com/jobs/hpcl-chief-manager-deputy-general-manager-technical-services-recruitment-2026--2820","https://www.searchsarkarinaukri.com/jobs-in-mumbai-/-across-india","404","mumbai / across india sarkari naukri",""
"https://www.searchsarkarinaukri.com/jobs/csir-institute-of-minerals-and-materials-technology-project-associate-csir-institute-of-minerals-202--2811","https://www.searchsarkarinaukri.com/districts/khordha","404","All government jobs in khordha",""
"https://www.searchsarkarinaukri.com/jobs/csir-institute-of-minerals-and-materials-technology-project-associate-csir-institute-of-minerals-202--2811","https://www.searchsarkarinaukri.com/jobs-in-khordha","404","khordha sarkari naukri",""
"https://www.searchsarkarinaukri.com/jobs/csir-ihbt-project-associate-pat-i-2026--2810","https://www.searchsarkarinaukri.com/districts/palampur","404","All government jobs in palampur",""
"https://www.searchsarkarinaukri.com/jobs/csir-ihbt-project-associate-pat-i-2026--2810","https://www.searchsarkarinaukri.com/jobs-in-palampur","404","palampur sarkari naukri",""
"https://www.searchsarkarinaukri.com/jobs/national-health-systems-resource-centre-lead-consultant-child-health-me-and-2026--2812","https://www.searchsarkarinaukri.com/districts/new-delhi","410","All government jobs in new delhi",""
"https://www.searchsarkarinaukri.com/jobs/national-health-systems-resource-centre-lead-consultant-child-health-me-and-2026--2812","https://www.searchsarkarinaukri.com/jobs-in-new-delhi","410","new delhi sarkari naukri",""
"https://www.searchsarkarinaukri.com/jobs/government-polytechnic-dhule-government-polytechnic-dhule-2026--2806","https://www.searchsarkarinaukri.com/jobs-in-dhule","404","dhule sarkari naukri",""
"https://www.searchsarkarinaukri.com/jobs/sgbau-amravati-sgbau-amravati-2026--2794","https://www.searchsarkarinaukri.com/jobs-in-amravati","404","amravati sarkari naukri",""
"https://www.searchsarkarinaukri.com/jobs/government-polytechnic-washim-government-polytechnic-washim-2026--2789","https://www.searchsarkarinaukri.com/jobs-in-washim","404","washim sarkari naukri",""
"https://www.searchsarkarinaukri.com/jobs/bal-vikas-prakalp-ahilyanagar-integrated-child-development-services-scheme-project-bal-vikas-prakalp--2782","https://www.searchsarkarinaukri.com/jobs-in-ahmednagar","404","ahmednagar sarkari naukri",""
"https://www.searchsarkarinaukri.com/jobs/umed-maharashtra-state-rural-livelihood-mission-msrlm-jalna-umed-maharashtra-state-rural-livelihood--2771","https://www.searchsarkarinaukri.com/jobs-in-jalna","404","jalna sarkari naukri",""
"https://www.searchsarkarinaukri.com/jobs/pm-shri-school-jawahar-navodaya-vidyalaya-washim-pm-shri-school-jawahar-navodaya-vidyalaya-2026--2772","https://www.searchsarkarinaukri.com/jobs-in-washim","404","washim sarkari naukri",""
"https://www.searchsarkarinaukri.com/jobs/pm-shri-kendriya-vidyalaya-no-1-2-and-3-ahmednagar-pm-shri-kendriya-vidyalaya-no-1-2026--2773","https://www.searchsarkarinaukri.com/jobs-in-ahmednagar","404","ahmednagar sarkari naukri",""
"https://www.searchsarkarinaukri.com/jobs/hpcl-junior-executive-fire-safety-recruitment-2026-17-posts--2768","https://www.searchsarkarinaukri.com/districts/across-india","404","All government jobs in across india",""
"https://www.searchsarkarinaukri.com/jobs/hpcl-junior-executive-fire-safety-recruitment-2026-17-posts--2768","https://www.searchsarkarinaukri.com/jobs-in-across-india","404","across india sarkari naukri",""
"https://www.searchsarkarinaukri.com/jobs/hpcl-senior-officer-sales-recruitment-2026-52-posts--2769","https://www.searchsarkarinaukri.com/districts/across-india","404","All government jobs in across india",""
"https://www.searchsarkarinaukri.com/jobs/hpcl-senior-officer-sales-recruitment-2026-52-posts--2769","https://www.searchsarkarinaukri.com/jobs-in-across-india","404","across india sarkari naukri",""
"https://www.searchsarkarinaukri.com/jobs/ekatmik-bal-vikas-seva-yojana-prakalp-dist-latur-job-openings-at-ekatmik-bal-vikas-2026--2770","https://www.searchsarkarinaukri.com/jobs-in-latur","404","latur sarkari naukri",""
"https://www.searchsarkarinaukri.com/jobs/hpcl-recruitment-2026-junior-executive-chemical-37-posts--2767","https://www.searchsarkarinaukri.com/districts/across-india","404","All government jobs in across india",""
"https://www.searchsarkarinaukri.com/jobs/hpcl-recruitment-2026-junior-executive-chemical-37-posts--2767","https://www.searchsarkarinaukri.com/jobs-in-across-india","404","across india sarkari naukri",""
"https://www.searchsarkarinaukri.com/jobs/punjab-and-haryana-high-court-clerk-recruitment-2026-1265-posts--2763","https://www.searchsarkarinaukri.com/districts/various-district-courts","404","All government jobs in various district courts",""
"https://www.searchsarkarinaukri.com/jobs/punjab-and-haryana-high-court-clerk-recruitment-2026-1265-posts--2763","https://www.searchsarkarinaukri.com/jobs-in-various-district-courts","404","various district courts sarkari naukri",""
"https://www.searchsarkarinaukri.com/jobs/nhidcl-associate-recruitment-2026-100-posts--2765","https://www.searchsarkarinaukri.com/districts/various-states/uts","404","All government jobs in various states/uts",""
"https://www.searchsarkarinaukri.com/jobs/nhidcl-associate-recruitment-2026-100-posts--2765","https://www.searchsarkarinaukri.com/jobs-in-various-states/uts","404","various states/uts sarkari naukri",""
"https://www.searchsarkarinaukri.com/jobs/pdil-graduate-engineer-diploma-engineer-recruitment-2026-153-posts--2766","https://www.searchsarkarinaukri.com/districts/noida","404","All government jobs in noida",""
"https://www.searchsarkarinaukri.com/jobs/aai-ner-apprentice-recruitment-2026-95-posts--2764","https://www.searchsarkarinaukri.com/districts/north-eastern-region","404","All government jobs in north eastern region",""
"https://www.searchsarkarinaukri.com/jobs/aai-ner-apprentice-recruitment-2026-95-posts--2764","https://www.searchsarkarinaukri.com/jobs-in-north-eastern-region","404","north eastern region sarkari naukri",""
"https://www.searchsarkarinaukri.com/jobs/nhsrcl-technician-recruitment-2026-237-posts--2760","https://www.searchsarkarinaukri.com/districts/anywhere-in-nhsrcl-/-mahsr-project","404","All government jobs in anywhere in nhsrcl / mahsr project",""
"https://www.searchsarkarinaukri.com/jobs/nhsrcl-technician-recruitment-2026-237-posts--2760","https://www.searchsarkarinaukri.com/jobs-in-anywhere-in-nhsrcl-/-mahsr-project","404","anywhere in nhsrcl / mahsr project sarkari naukri",""
"https://www.searchsarkarinaukri.com/jobs/csc-aadhaar-supervisor-operator-recruitment-2026-316-posts--2761","https://www.searchsarkarinaukri.com/districts/various-districts","404","All government jobs in various districts",""
"https://www.searchsarkarinaukri.com/jobs/csc-aadhaar-supervisor-operator-recruitment-2026-316-posts--2761","https://www.searchsarkarinaukri.com/jobs-in-various-districts","404","various districts sarkari naukri",""
"https://www.searchsarkarinaukri.com/jobs/indian-overseas-bank-apprentice-recruitment-2026-750-posts--2762","https://www.searchsarkarinaukri.com/districts/across-india","404","All government jobs in across india",""
"https://www.searchsarkarinaukri.com/jobs/indian-overseas-bank-apprentice-recruitment-2026-750-posts--2762","https://www.searchsarkarinaukri.com/jobs-in-across-india","404","across india sarkari naukri",""
"https://www.searchsarkarinaukri.com/jobs/hindi-vishwavidyalaya-wardha-hindi-vishwavidyalaya-wardha-2026--2750","https://www.searchsarkarinaukri.com/jobs-in-wardha","404","wardha sarkari naukri",""
"https://www.searchsarkarinaukri.com/jobs/upsc-recruitment-2026-joint-director-crops-development-directorate-06-posts--2737","https://www.searchsarkarinaukri.com/districts/new-delhi","410","All government jobs in new delhi",""
"https://www.searchsarkarinaukri.com/jobs/upsc-recruitment-2026-joint-director-crops-development-directorate-06-posts--2737","https://www.searchsarkarinaukri.com/jobs-in-new-delhi","410","new delhi sarkari naukri",""
"https://www.searchsarkarinaukri.com/jobs/upsc-medical-officer-research-officer-siddha-recruitment-2026-01-post--2738","https://www.searchsarkarinaukri.com/districts/new-delhi","410","All government jobs in new delhi",""
"https://www.searchsarkarinaukri.com/jobs/upsc-medical-officer-research-officer-siddha-recruitment-2026-01-post--2738","https://www.searchsarkarinaukri.com/jobs-in-new-delhi","410","new delhi sarkari naukri",""
"https://www.searchsarkarinaukri.com/jobs/csir-cmeri-recruitment-2026-project-associate-project-assistant-posts--2736","https://www.searchsarkarinaukri.com/jobs/Not%20Applicable%20(Walk-in%20Interview)","410","Apply Online","nofollow noopener"
"https://www.searchsarkarinaukri.com/jobs/csir-cmeri-recruitment-2026-project-associate-project-assistant-posts--2736","https://www.searchsarkarinaukri.com/districts/ludhiana","404","All government jobs in ludhiana",""
"https://www.searchsarkarinaukri.com/jobs/csir-tkdl-project-associate-i-recruitment-2026-5-posts--2735","https://www.searchsarkarinaukri.com/districts/new-delhi","410","All government jobs in new delhi",""
"https://www.searchsarkarinaukri.com/jobs/csir-tkdl-project-associate-i-recruitment-2026-5-posts--2735","https://www.searchsarkarinaukri.com/jobs-in-new-delhi","410","new delhi sarkari naukri",""
"https://www.searchsarkarinaukri.com/jobs/sbi-specialist-cadre-officer-recruitment-2026--2734","https://www.searchsarkarinaukri.com/districts/new-delhi","410","All government jobs in new delhi",""
"https://www.searchsarkarinaukri.com/jobs/sbi-specialist-cadre-officer-recruitment-2026--2734","https://www.searchsarkarinaukri.com/jobs-in-new-delhi","410","new delhi sarkari naukri",""
"https://www.searchsarkarinaukri.com/jobs/ntpc-assistant-chemist-trainee-recruitment-2026--2732","https://www.searchsarkarinaukri.com/districts/across-india","404","All government jobs in across india",""
"https://www.searchsarkarinaukri.com/jobs/ntpc-assistant-chemist-trainee-recruitment-2026--2732","https://www.searchsarkarinaukri.com/jobs-in-across-india","404","across india sarkari naukri",""
"https://www.searchsarkarinaukri.com/jobs/ntpc-associate-recruitment-2026-hydro-function--2731","https://www.searchsarkarinaukri.com/districts/not-specified","404","All government jobs in not specified",""
"https://www.searchsarkarinaukri.com/jobs/ntpc-associate-recruitment-2026-hydro-function--2731","https://www.searchsarkarinaukri.com/jobs-in-not-specified","404","not specified sarkari naukri",""
"https://www.searchsarkarinaukri.com/jobs/lpai-recruitment-2026-63-various-posts-on-deputation--2733","https://www.searchsarkarinaukri.com/districts/new-delhi-&-various-integrated-check-posts-(icps)-across-india","404","All government jobs in new delhi & various integrated check posts (icps) across india",""
"https://www.searchsarkarinaukri.com/jobs/lpai-recruitment-2026-63-various-posts-on-deputation--2733","https://www.searchsarkarinaukri.com/jobs-in-new-delhi-&-various-integrated-check-posts-(icps)-across-india","404","new delhi & various integrated check posts (icps) across india sarkari naukri",""
"https://www.searchsarkarinaukri.com/jobs/rbi-consultant-site-engineer-recruitment-2026--2729","https://www.searchsarkarinaukri.com/districts/raipur","404","All government jobs in raipur",""
"https://www.searchsarkarinaukri.com/jobs/rbi-consultant-site-engineer-recruitment-2026--2729","https://www.searchsarkarinaukri.com/jobs-in-raipur","404","raipur sarkari naukri",""
"https://www.searchsarkarinaukri.com/jobs/rbi-bank-s-medical-consultant-recruitment-2026--2730","https://www.searchsarkarinaukri.com/districts/imphal","404","All government jobs in imphal",""
"https://www.searchsarkarinaukri.com/jobs/rbi-bank-s-medical-consultant-recruitment-2026--2730","https://www.searchsarkarinaukri.com/jobs-in-imphal","404","imphal sarkari naukri",""
"https://www.searchsarkarinaukri.com/jobs/sgbau-amravati-sgbau-amravati-2026--2715","https://www.searchsarkarinaukri.com/jobs-in-amravati","404","amravati sarkari naukri",""
"https://www.searchsarkarinaukri.com/jobs/jspm-latur-jspm-latur-2026--2703","https://www.searchsarkarinaukri.com/jobs-in-latur","404","latur sarkari naukri",""
"https://www.searchsarkarinaukri.com/jobs/dcc-bank-jalna-dcc-bank-jalna-2026--2702","https://www.searchsarkarinaukri.com/jobs-in-jalna","404","jalna sarkari naukri",""
"https://www.searchsarkarinaukri.com/jobs/district-civil-hospital-alibag-raigad-job-openings-at-district-civil-hospital-2026--2697","https://www.searchsarkarinaukri.com/jobs-in-raigad","404","raigad sarkari naukri",""
"https://www.searchsarkarinaukri.com/jobs/government-medical-college-alibag-raigad-government-medical-college-alibag-raigad-2026--2692","https://www.searchsarkarinaukri.com/jobs-in-raigad","404","raigad sarkari naukri",""
"https://www.searchsarkarinaukri.com/jobs/mahatma-jyotirao-phule-jan-arogya-yojana-mjpjay-dharashiv-mahatma-jyotirao-phule-jan-arogya-yojana-2--2695","https://www.searchsarkarinaukri.com/jobs-in-dharashiv","404","dharashiv sarkari naukri",""
"https://www.searchsarkarinaukri.com/jobs/maharashtra-state-electricity-distribution-company-limited-msedcl-maharashtra-state-electricity-dist--2685","https://www.searchsarkarinaukri.com/jobs-in-jalgaon","404","jalgaon sarkari naukri",""
"https://www.searchsarkarinaukri.com/jobs/indian-army-bhartiya-sena-apply-for-sports-person-havildar-2026--2684","https://www.searchsarkarinaukri.com/jobs-in-all-districts","404","all districts sarkari naukri",""
"https://www.searchsarkarinaukri.com/jobs/sir-central-food-technological-research-institute-engagement-to-project-associate-i-2026--2682","https://www.searchsarkarinaukri.com/districts/abbaiahnahalli-b.o","404","All government jobs in abbaiahnahalli b.o",""
"https://www.searchsarkarinaukri.com/jobs/sir-central-food-technological-research-institute-engagement-to-project-associate-i-2026--2682","https://www.searchsarkarinaukri.com/jobs-in-abbaiahnahalli-b.o","404","abbaiahnahalli b.o sarkari naukri",""
"https://www.searchsarkarinaukri.com/jobs/sir-central-food-technological-research-institute-engagement-to-project-associate-i-2026--2680","https://www.searchsarkarinaukri.com/districts/abbaiahnahalli-b.o","404","All government jobs in abbaiahnahalli b.o",""
"https://www.searchsarkarinaukri.com/jobs/sir-central-food-technological-research-institute-engagement-to-project-associate-i-2026--2680","https://www.searchsarkarinaukri.com/jobs-in-abbaiahnahalli-b.o","404","abbaiahnahalli b.o sarkari naukri",""
"https://www.searchsarkarinaukri.com/jobs/numaligarh-refinery-limited-director-technical-2026--2681","https://www.searchsarkarinaukri.com/districts/golaghat","404","All government jobs in golaghat",""
"https://www.searchsarkarinaukri.com/jobs/numaligarh-refinery-limited-director-technical-2026--2681","https://www.searchsarkarinaukri.com/jobs-in-golaghat","404","golaghat sarkari naukri",""
"https://www.searchsarkarinaukri.com/jobs/sbi-bank-medical-officer-bmo-ii-recruitment-2026--2675","https://www.searchsarkarinaukri.com/districts/multiple-locations-(circle-wise)","404","All government jobs in multiple locations (circle wise)",""
"https://www.searchsarkarinaukri.com/jobs/sbi-bank-medical-officer-bmo-ii-recruitment-2026--2675","https://www.searchsarkarinaukri.com/jobs-in-multiple-locations-(circle-wise)","404","multiple locations (circle wise) sarkari naukri",""
"https://www.searchsarkarinaukri.com/jobs/sbi-probationary-officer-po-recruitment-2026--2676","https://www.searchsarkarinaukri.com/districts/across-india","404","All government jobs in across india",""
"https://www.searchsarkarinaukri.com/jobs/sbi-probationary-officer-po-recruitment-2026--2676","https://www.searchsarkarinaukri.com/jobs-in-across-india","404","across india sarkari naukri",""
"https://www.searchsarkarinaukri.com/jobs/sbi-assistant-manager-law-deputy-manager-law-recruitment-2026--2674","https://www.searchsarkarinaukri.com/districts/across-india","404","All government jobs in across india",""
"https://www.searchsarkarinaukri.com/jobs/sbi-assistant-manager-law-deputy-manager-law-recruitment-2026--2674","https://www.searchsarkarinaukri.com/jobs-in-across-india","404","across india sarkari naukri",""
"https://www.searchsarkarinaukri.com/jobs/district-hospital-raigad-district-hospital-raigad-2026--2659","https://www.searchsarkarinaukri.com/jobs-in-raigad","404","raigad sarkari naukri",""
"https://www.searchsarkarinaukri.com/jobs/gmc-raigad-gmc-raigad-2026--2658","https://www.searchsarkarinaukri.com/jobs-in-raigad","404","raigad sarkari naukri",""
"https://www.searchsarkarinaukri.com/jobs/krushi-utpanna-bazar-samiti-wardha-krushi-utpanna-bazar-samiti-wardha-2026--2648","https://www.searchsarkarinaukri.com/jobs-in-wardha","404","wardha sarkari naukri",""
"https://www.searchsarkarinaukri.com/jobs/csir-central-drug-research-institute-lucknow-engagement-of-project-staff-2026--2645","https://www.searchsarkarinaukri.com/districts/lucknow","404","All government jobs in lucknow",""
"https://www.searchsarkarinaukri.com/jobs/dlsa-gondia-dlsa-gondia-2026--2636","https://www.searchsarkarinaukri.com/jobs-in-gondia","404","gondia sarkari naukri",""
"https://www.searchsarkarinaukri.com/jobs/jnv-hingoli-jnv-hingoli-2026--2632","https://www.searchsarkarinaukri.com/jobs-in-hingoli","404","hingoli sarkari naukri",""
"https://www.searchsarkarinaukri.com/jobs/icar-nbpgr-project-scientist-iii-2026--2610","https://www.searchsarkarinaukri.com/districts/central","404","All government jobs in central",""
"https://www.searchsarkarinaukri.com/jobs/icar-nbpgr-project-scientist-iii-2026--2610","https://www.searchsarkarinaukri.com/jobs-in-central","404","central sarkari naukri",""
"https://www.searchsarkarinaukri.com/jobs/icar-nbpgr-field-worker-2026--2609","https://www.searchsarkarinaukri.com/districts/thrissur","404","All government jobs in thrissur",""
"https://www.searchsarkarinaukri.com/jobs/icar-nbpgr-field-worker-2026--2609","https://www.searchsarkarinaukri.com/jobs-in-thrissur","404","thrissur sarkari naukri",""
"https://www.searchsarkarinaukri.com/jobs/mns-bank-latur-mns-bank-latur-2026--2601","https://www.searchsarkarinaukri.com/jobs-in-latur","404","latur sarkari naukri",""
"https://www.searchsarkarinaukri.com/jobs/government-polytechnic-jalgaon-government-polytechnic-jalgaon-2026--2590","https://www.searchsarkarinaukri.com/jobs-in-jalgaon","404","jalgaon sarkari naukri",""
"https://www.searchsarkarinaukri.com/jobs/jalna-city-municipal-corporation-jcmc-jalna-city-municipal-corporation-jcmc-recruitment-2026--2583","https://www.searchsarkarinaukri.com/jobs-in-jalna","404","jalna sarkari naukri",""
"https://www.searchsarkarinaukri.com/jobs/pm-shri-kendriya-vidyalaya-washim-pm-shri-kendriya-vidyalaya-washim-2026-2026--2586","https://www.searchsarkarinaukri.com/jobs-in-washim","404","washim sarkari naukri",""
"https://www.searchsarkarinaukri.com/jobs/railway-recruitment-board-rrb-recruitment-notification-railway-recruitment-board-rrb-2026--2579","https://www.searchsarkarinaukri.com/jobs-in-all-districts","404","all districts sarkari naukri",""
"https://www.searchsarkarinaukri.com/jobs/dr-balasaheb-sawant-konkan-krishi-vidyapeeth-dapoli-dr-balasaheb-sawant-konkan-krishi-vidyapeeth-202--2578","https://www.searchsarkarinaukri.com/jobs-in-ratnagiri","404","ratnagiri sarkari naukri",""
"https://www.searchsarkarinaukri.com/jobs/district-legal-services-authority-gondia-district-legal-services-authority-gondia-recruitment-2026--2572","https://www.searchsarkarinaukri.com/jobs-in-gondia","404","gondia sarkari naukri",""
"https://www.searchsarkarinaukri.com/jobs/arogya-vibhag-zilla-parishad-sindhudurg-recruitment-notification-arogya-vibhag-zilla-parishad-2026--2573","https://www.searchsarkarinaukri.com/jobs-in-sindhudurg","404","sindhudurg sarkari naukri",""
"https://www.searchsarkarinaukri.com/jobs/icar-central-institute-for-research-on-cattle-young-professional-ii-2026--2568","https://www.searchsarkarinaukri.com/districts/meerut","404","All government jobs in meerut",""
"https://www.searchsarkarinaukri.com/jobs/icar-central-institute-for-research-on-cattle-young-professional-ii-2026--2568","https://www.searchsarkarinaukri.com/jobs-in-meerut","404","meerut sarkari naukri",""
"https://www.searchsarkarinaukri.com/jobs/jalna-mahanagarpalika-jalna-mahanagarpalika-2026--2555","https://www.searchsarkarinaukri.com/jobs-in-jalna","404","jalna sarkari naukri",""
"https://www.searchsarkarinaukri.com/jobs/kendriya-vidyalaya-washim-kendriya-vidyalaya-washim-2026--2557","https://www.searchsarkarinaukri.com/jobs-in-washim","404","washim sarkari naukri",""
"https://www.searchsarkarinaukri.com/jobs/sgbau-amravati-sgbau-amravati-2026--2551","https://www.searchsarkarinaukri.com/jobs-in-amravati","404","amravati sarkari naukri",""
"https://www.searchsarkarinaukri.com/jobs/jnv-buldhana-jnv-buldhana-2026--2554","https://www.searchsarkarinaukri.com/jobs-in-buldhana","404","buldhana sarkari naukri",""
"https://www.searchsarkarinaukri.com/jobs/ahmednagar-merchant-co-op-bank-ltd-ahmednagar-merchant-co-op-bank-ltd-2026--2549","https://www.searchsarkarinaukri.com/jobs-in-ahmednagar","404","ahmednagar sarkari naukri",""
"https://www.searchsarkarinaukri.com/jobs/jnv-nandurbar-jnv-nandurbar-2026--2513","https://www.searchsarkarinaukri.com/jobs-in-nandurbar","404","nandurbar sarkari naukri",""
"https://www.searchsarkarinaukri.com/jobs/district-collector-office-washim-district-collector-office-washim-recruitment-2026-2026--2486","https://www.searchsarkarinaukri.com/jobs-in-washim","404","washim sarkari naukri",""
"https://www.searchsarkarinaukri.com/jobs/csc-e-governance-services-india-ltd-csc-e-governance-services-india-ltd-recruitment-2026--2489","https://www.searchsarkarinaukri.com/jobs-in-yavatmal","404","yavatmal sarkari naukri",""
"https://www.searchsarkarinaukri.com/jobs/central-bank-of-india-amravati-central-bank-of-india-amravati-2026--2478","https://www.searchsarkarinaukri.com/jobs-in-amravati","404","amravati sarkari naukri",""
"https://www.searchsarkarinaukri.com/jobs/nmu-jalgaon-nmu-jalgaon-2026--2468","https://www.searchsarkarinaukri.com/jobs-in-jalgaon","404","jalgaon sarkari naukri",""
"https://www.searchsarkarinaukri.com/jobs/district-court-latur-district-court-latur-2026--2461","https://www.searchsarkarinaukri.com/jobs-in-latur","404","latur sarkari naukri",""
"https://www.searchsarkarinaukri.com/jobs/ahmednagar-merchant-co-op-bank-ltd-ahmednagar-merchant-co-op-bank-ltd-2026--2449","https://www.searchsarkarinaukri.com/jobs-in-ahmednagar","404","ahmednagar sarkari naukri",""
"https://www.searchsarkarinaukri.com/jobs/government-polytechnic-latur-government-polytechnic-latur-2026--2443","https://www.searchsarkarinaukri.com/jobs-in-latur","404","latur sarkari naukri",""
"https://www.searchsarkarinaukri.com/jobs/district-hospital-raigad-district-hospital-raigad-2026--2438","https://www.searchsarkarinaukri.com/jobs-in-raigad","404","raigad sarkari naukri",""
"https://www.searchsarkarinaukri.com/jobs/jilhadhikari-karyalay-washim-collector-office-washim-recruitment-notification-jilhadhikari-karyalay--2432","https://www.searchsarkarinaukri.com/jobs-in-washim","404","washim sarkari naukri",""
"https://www.searchsarkarinaukri.com/jobs/maharashtra-public-service-commission-apply-for-2619-industries-inspector-technical-2026--2417","https://www.searchsarkarinaukri.com/jobs-in-all-districts","404","all districts sarkari naukri",""
"https://www.searchsarkarinaukri.com/jobs/nawegaon-nagzira-tiger-reserve-forest-department-nawegaon-nagzira-tiger-reserve-forest-department-20--2418","https://www.searchsarkarinaukri.com/jobs-in-gondia","404","gondia sarkari naukri",""
"https://www.searchsarkarinaukri.com/jobs/national-health-mission-chhatrapati-sambhajinagar-job-openings-at-national-health-mission-2026--2415","https://www.searchsarkarinaukri.com/jobs-in-chhatrapati-sambhajinagar","404","chhatrapati sambhajinagar sarkari naukri",""
"https://www.searchsarkarinaukri.com/jobs/maharashtra-state-electricity-distribution-company-limited-msedcl-maharashtra-state-electricity-dist--2413","https://www.searchsarkarinaukri.com/jobs-in-ahmednagar","404","ahmednagar sarkari naukri",""
"https://www.searchsarkarinaukri.com/jobs/dr-balasaheb-sawant-konkan-krishi-vidyapeeth-dapoli-dr-balasaheb-sawant-konkan-krishi-vidyapeeth-202--2412","https://www.searchsarkarinaukri.com/jobs-in-sindhudurg","404","sindhudurg sarkari naukri",""
"https://www.searchsarkarinaukri.com/jobs/district-civil-hospital-alibag-raigad-job-opening-at-district-civil-hospital-2026--2411","https://www.searchsarkarinaukri.com/jobs-in-raigad","404","raigad sarkari naukri",""
"https://www.searchsarkarinaukri.com/jobs/sir-central-food-technological-research-institute-engagement-to-project-associate-i-2026--2407","https://www.searchsarkarinaukri.com/districts/abbaiahnahalli-b.o","404","All government jobs in abbaiahnahalli b.o",""
"https://www.searchsarkarinaukri.com/jobs/sir-central-food-technological-research-institute-engagement-to-project-associate-i-2026--2407","https://www.searchsarkarinaukri.com/jobs-in-abbaiahnahalli-b.o","404","abbaiahnahalli b.o sarkari naukri",""
"https://www.searchsarkarinaukri.com/jobs/nawegaon-nagzira-tiger-reserve-gondia-nawegaon-nagzira-tiger-reserve-gondia-2026--2384","https://www.searchsarkarinaukri.com/jobs-in-gondia","404","gondia sarkari naukri",""
"https://www.searchsarkarinaukri.com/jobs/icar-ndri-deemed-university-contractual-position-of-young-professional-i-2026--2374","https://www.searchsarkarinaukri.com/districts/karnal","404","All government jobs in karnal",""
"https://www.searchsarkarinaukri.com/jobs/icar-ndri-deemed-university-contractual-position-of-young-professional-i-2026--2374","https://www.searchsarkarinaukri.com/jobs-in-karnal","404","karnal sarkari naukri",""
"https://www.searchsarkarinaukri.com/jobs/icar-ndri-deemed-university-contractual-position-of-young-professional-ii-2026--2373","https://www.searchsarkarinaukri.com/districts/karnal","404","All government jobs in karnal",""
"https://www.searchsarkarinaukri.com/jobs/icar-ndri-deemed-university-contractual-position-of-young-professional-ii-2026--2373","https://www.searchsarkarinaukri.com/jobs-in-karnal","404","karnal sarkari naukri",""
"https://www.searchsarkarinaukri.com/jobs/icar-ndri-deemed-university-contractual-position-of-young-professional-ii-2026--2372","https://www.searchsarkarinaukri.com/districts/karnal","404","All government jobs in karnal",""
"https://www.searchsarkarinaukri.com/jobs/icar-ndri-deemed-university-contractual-position-of-young-professional-ii-2026--2372","https://www.searchsarkarinaukri.com/jobs-in-karnal","404","karnal sarkari naukri",""
"https://www.searchsarkarinaukri.com/jobs/icar-atari-kanpur-young-professional-i-ffp-2026--2369","https://www.searchsarkarinaukri.com/districts/kanpur","404","All government jobs in kanpur",""
"https://www.searchsarkarinaukri.com/jobs/jilhadhikari-karyalay-washim-jilhadhikari-karyalay-washim-2026--2359","https://www.searchsarkarinaukri.com/jobs-in-washim","404","washim sarkari naukri",""
"https://www.searchsarkarinaukri.com/jobs/krishi-vigyan-kendra-wardha-recruitment-notification-krishi-vigyan-kendra-wardha-2026--2327","https://www.searchsarkarinaukri.com/jobs-in-wardha","404","wardha sarkari naukri",""
"https://www.searchsarkarinaukri.com/jobs/icar-nbpgr-project-assistant-icar-nbpgr-2026--2293","https://www.searchsarkarinaukri.com/districts/central","404","All government jobs in central",""
"https://www.searchsarkarinaukri.com/jobs/icar-nbpgr-project-assistant-icar-nbpgr-2026--2293","https://www.searchsarkarinaukri.com/jobs-in-central","404","central sarkari naukri",""
"https://www.searchsarkarinaukri.com/jobs/icar-nbpgr-project-scientist-iii-2026--2292","https://www.searchsarkarinaukri.com/districts/central","404","All government jobs in central",""
"https://www.searchsarkarinaukri.com/jobs/icar-nbpgr-project-scientist-iii-2026--2292","https://www.searchsarkarinaukri.com/jobs-in-central","404","central sarkari naukri",""
"https://www.searchsarkarinaukri.com/jobs/icar-nbpgr-field-worker-2026--2291","https://www.searchsarkarinaukri.com/districts/central","404","All government jobs in central",""
"https://www.searchsarkarinaukri.com/jobs/icar-nbpgr-field-worker-2026--2291","https://www.searchsarkarinaukri.com/jobs-in-central","404","central sarkari naukri",""
"https://www.searchsarkarinaukri.com/jobs/icar-nbpgr-young-professional-i-2026--2294","https://www.searchsarkarinaukri.com/districts/central","404","All government jobs in central",""
"https://www.searchsarkarinaukri.com/jobs/icar-nbpgr-young-professional-i-2026--2294","https://www.searchsarkarinaukri.com/jobs-in-central","404","central sarkari naukri",""
"https://www.searchsarkarinaukri.com/jobs/mahapareshan-raigad-mahapareshan-raigad-2026--2275","https://www.searchsarkarinaukri.com/jobs-in-raigad","404","raigad sarkari naukri",""
"https://www.searchsarkarinaukri.com/jobs/jnv-jalna-jnv-jalna-2026--2270","https://www.searchsarkarinaukri.com/jobs-in-jalna","404","jalna sarkari naukri",""
"https://www.searchsarkarinaukri.com/jobs/nmc-bank-nanded-nmc-bank-nanded-2026--2249","https://www.searchsarkarinaukri.com/jobs-in-nanded","404","nanded sarkari naukri",""
"https://www.searchsarkarinaukri.com/jobs/shivaji-education-society-amravati-shivaji-education-society-amravati-2026--2231","https://www.searchsarkarinaukri.com/jobs-in-amravati","404","amravati sarkari naukri",""
"https://www.searchsarkarinaukri.com/jobs/krishi-vigyan-kendra-wardha-krishi-vigyan-kendra-wardha-2026--2225","https://www.searchsarkarinaukri.com/jobs-in-wardha","404","wardha sarkari naukri",""
"https://www.searchsarkarinaukri.com/jobs/kendriya-vidyalaya-ordnance-factory-varangaon-kendriya-vidyalaya-ordnance-factory-varangaon-invites--2220","https://www.searchsarkarinaukri.com/jobs-in-jalgaon","404","jalgaon sarkari naukri",""
"https://www.searchsarkarinaukri.com/jobs/ex-serviceman-contributory-health-scheme-echs-ahilyanagar-recruitment-notification-ex-serviceman-con--2208","https://www.searchsarkarinaukri.com/jobs-in-ahmednagar","404","ahmednagar sarkari naukri",""
"https://www.searchsarkarinaukri.com/jobs/satish-dhawan-space-centre-shar-trained-graduate-teacher-2026--2198","https://www.searchsarkarinaukri.com/districts/tirupati","404","All government jobs in tirupati",""
"https://www.searchsarkarinaukri.com/jobs/satish-dhawan-space-centre-shar-trained-graduate-teacher-2026--2198","https://www.searchsarkarinaukri.com/jobs-in-tirupati","404","tirupati sarkari naukri",""
"https://www.searchsarkarinaukri.com/jobs/pm-shri-jawahar-navodaya-vidyalaya-wardha-pm-shri-jawahar-navodaya-vidyalaya-wardha-2026--2204","https://www.searchsarkarinaukri.com/jobs-in-wardha","404","wardha sarkari naukri",""
"https://www.searchsarkarinaukri.com/jobs/satish-dhawan-space-centre-shar-primary-teacher-2026--2197","https://www.searchsarkarinaukri.com/districts/tirupati","404","All government jobs in tirupati",""
"https://www.searchsarkarinaukri.com/jobs/satish-dhawan-space-centre-shar-primary-teacher-2026--2197","https://www.searchsarkarinaukri.com/jobs-in-tirupati","404","tirupati sarkari naukri",""
"https://www.searchsarkarinaukri.com/jobs/echs-ahmednagar-echs-ahmednagar-2026--2186","https://www.searchsarkarinaukri.com/jobs-in-ahmednagar","404","ahmednagar sarkari naukri",""
"https://www.searchsarkarinaukri.com/jobs/dhule-mahanagarpalika-dhule-mahanagarpalika-2026--2175","https://www.searchsarkarinaukri.com/jobs-in-dhule","404","dhule sarkari naukri",""
"https://www.searchsarkarinaukri.com/jobs/bank-of-baroda-bank-of-baroda-2026-recruitment-drive-2026--2120","https://www.searchsarkarinaukri.com/jobs-in-all-districts","404","all districts sarkari naukri",""
"https://www.searchsarkarinaukri.com/jobs/advanced-centre-for-treatment-research-and-education-in-cancer-tmc-actrec-advanced-centre-for-treatm--2119","https://www.searchsarkarinaukri.com/jobs-in-raigad","404","raigad sarkari naukri",""
"https://www.searchsarkarinaukri.com/jobs/drdo-young-scientist-laboratory-quantum-technologies-dysl-qt-apply-for-2-jrf-electronics-posts-2026--2118","https://www.searchsarkarinaukri.com/jobs-in-all-districts","404","all districts sarkari naukri",""
"https://www.searchsarkarinaukri.com/jobs/maharashtra-public-service-commission-maharashtra-public-service-commission-2026-recruitment-2026--2112","https://www.searchsarkarinaukri.com/jobs-in-all-districts","404","all districts sarkari naukri",""
"https://www.searchsarkarinaukri.com/jobs/pm-shri-school-jawahar-navodaya-vidyalaya-tuljapur-dharashiv-pm-shri-school-jawahar-navodaya-vidyala--2106","https://www.searchsarkarinaukri.com/jobs-in-dharashiv","404","dharashiv sarkari naukri",""
"https://www.searchsarkarinaukri.com/jobs/indian-agricultural-statistics-research-institute-recruitment-of-young-professional-ii-2026--2094","https://www.searchsarkarinaukri.com/districts/new-delhi","410","All government jobs in new delhi",""
"https://www.searchsarkarinaukri.com/jobs/indian-agricultural-statistics-research-institute-recruitment-of-young-professional-ii-2026--2094","https://www.searchsarkarinaukri.com/jobs-in-new-delhi","410","new delhi sarkari naukri",""
"https://www.searchsarkarinaukri.com/jobs/indian-council-of-agricultural-research-young-professional-ii-2026--2050","https://www.searchsarkarinaukri.com/districts/kanpur-nagar","410","All government jobs in kanpur nagar",""
"https://www.searchsarkarinaukri.com/jobs/indian-council-of-agricultural-research-young-professional-ii-2026--2050","https://www.searchsarkarinaukri.com/jobs-in-kanpur-nagar","410","kanpur nagar sarkari naukri",""
"https://www.searchsarkarinaukri.com/jobs/indian-council-of-agricultural-research-young-professional-ii-2026--2051","https://www.searchsarkarinaukri.com/districts/kanpur-nagar","410","All government jobs in kanpur nagar",""
"https://www.searchsarkarinaukri.com/jobs/indian-council-of-agricultural-research-young-professional-ii-2026--2051","https://www.searchsarkarinaukri.com/jobs-in-kanpur-nagar","410","kanpur nagar sarkari naukri",""
"https://www.searchsarkarinaukri.com/jobs/indian-agricultural-statistics-research-institute-young-professional-i-2026--2047","https://www.searchsarkarinaukri.com/districts/new-delhi","410","All government jobs in new delhi",""
"https://www.searchsarkarinaukri.com/jobs/indian-agricultural-statistics-research-institute-young-professional-i-2026--2047","https://www.searchsarkarinaukri.com/jobs-in-new-delhi","410","new delhi sarkari naukri",""
"https://www.searchsarkarinaukri.com/jobs/norrth-eastern-electric-power-corporation-junior-engineer-mechanical-2026--2046","https://www.searchsarkarinaukri.com/districts/west-tripura","404","All government jobs in west tripura",""
"https://www.searchsarkarinaukri.com/jobs/norrth-eastern-electric-power-corporation-junior-engineer-mechanical-2026--2046","https://www.searchsarkarinaukri.com/jobs-in-west-tripura","404","west tripura sarkari naukri",""
"https://www.searchsarkarinaukri.com/jobs/gondia-education-society-gondia-education-society-2026--2027","https://www.searchsarkarinaukri.com/jobs-in-gondia","404","gondia sarkari naukri",""
"https://www.searchsarkarinaukri.com/jobs/dr-balasaheb-sawant-konkan-krishi-vidyapeeth-dapoli-dr-balasaheb-sawant-konkan-krishi-vidyapeeth-202--2017","https://www.searchsarkarinaukri.com/jobs-in-ratnagiri","404","ratnagiri sarkari naukri",""
"https://www.searchsarkarinaukri.com/jobs/government-college-of-engineering-chhatrapati-sambhajinagar-government-college-of-engineering-chhatr--2010","https://www.searchsarkarinaukri.com/jobs-in-chhatrapati-sambhajinagar","404","chhatrapati sambhajinagar sarkari naukri",""
"https://www.searchsarkarinaukri.com/jobs/csir-cimfr-recruitment-of-part-time-doctor-2026--2004","https://www.searchsarkarinaukri.com/districts/dhanbad","404","All government jobs in dhanbad",""
"https://www.searchsarkarinaukri.com/jobs/csir-cimfr-recruitment-of-part-time-doctor-2026--2004","https://www.searchsarkarinaukri.com/jobs-in-dhanbad","404","dhanbad sarkari naukri",""
"https://www.searchsarkarinaukri.com/jobs/csir-central-building-research-institute-part-time-doctor-allopathic-system-2026--2003","https://www.searchsarkarinaukri.com/districts/31-bn-pac-rudarpur-so","404","All government jobs in 31 bn pac rudarpur so",""
"https://www.searchsarkarinaukri.com/jobs/csir-central-building-research-institute-part-time-doctor-allopathic-system-2026--2003","https://www.searchsarkarinaukri.com/jobs-in-31-bn-pac-rudarpur-so","404","31 bn pac rudarpur so sarkari naukri",""
"https://www.searchsarkarinaukri.com/jobs/shivaji-education-society-amravati-shivaji-education-society-amravati-2026--1955","https://www.searchsarkarinaukri.com/jobs-in-amravati","404","amravati sarkari naukri",""
"https://www.searchsarkarinaukri.com/jobs/pm-shri-school-jawahar-navodaya-vidyalaya-washim-recruitment-notification-pm-shri-school-jawahar-202--1939","https://www.searchsarkarinaukri.com/jobs-in-washim","404","washim sarkari naukri",""
"https://www.searchsarkarinaukri.com/jobs/jnv-washim-jnv-washim-2026--1922","https://www.searchsarkarinaukri.com/jobs-in-washim","404","washim sarkari naukri",""
"https://www.searchsarkarinaukri.com/jobs/pm-shri-school-jnv-yavatmal-pm-shri-school-jnv-yavatmal-2026--1920","https://www.searchsarkarinaukri.com/jobs-in-yavatmal","404","yavatmal sarkari naukri",""
"https://www.searchsarkarinaukri.com/jobs/mgims-wardha-mgims-wardha-2026--1884","https://www.searchsarkarinaukri.com/jobs-in-wardha","404","wardha sarkari naukri",""
"https://www.searchsarkarinaukri.com/jobs/mahatma-gandhi-institute-of-medical-sciences-sevagram-mahatma-gandhi-institute-of-medical-sciences-2--1869","https://www.searchsarkarinaukri.com/jobs-in-wardha","404","wardha sarkari naukri",""
"https://www.searchsarkarinaukri.com/jobs/government-institute-of-forensic-science-chhatrapati-sambhajinagar-job-openings-at-government-instit--1868","https://www.searchsarkarinaukri.com/jobs-in-chhatrapati-sambhajinagar","404","chhatrapati sambhajinagar sarkari naukri",""
"https://www.searchsarkarinaukri.com/jobs/national-academy-of-agricultural-research-mangement-young-professional-two-2026--1861","https://www.searchsarkarinaukri.com/districts/rangareddy-district-court-s.o","404","All government jobs in rangareddy district court s.o",""
"https://www.searchsarkarinaukri.com/jobs/national-academy-of-agricultural-research-mangement-young-professional-two-2026--1861","https://www.searchsarkarinaukri.com/jobs-in-rangareddy-district-court-s.o","404","rangareddy district court s.o sarkari naukri",""
"https://www.searchsarkarinaukri.com/jobs/dgepo-managing-director-2026--1863","https://www.searchsarkarinaukri.com/districts/khordha","404","All government jobs in khordha",""
"https://www.searchsarkarinaukri.com/jobs/dgepo-managing-director-2026--1863","https://www.searchsarkarinaukri.com/jobs-in-khordha","404","khordha sarkari naukri",""
"https://www.searchsarkarinaukri.com/jobs/csir-indian-institute-of-chemical-biology-engagement-of-project-personnel-at-csir-iicb-2026--1857","https://www.searchsarkarinaukri.com/districts/kolkata","404","All government jobs in kolkata",""
"https://www.searchsarkarinaukri.com/jobs/mgmcen-nanded-mgmcen-nanded-2026--1829","https://www.searchsarkarinaukri.com/jobs-in-nanded","404","nanded sarkari naukri",""
"https://www.searchsarkarinaukri.com/jobs/national-skill-development-corporation-marketing-executive-2026--1820","https://www.searchsarkarinaukri.com/districts/gautam-buddha-nagar","404","All government jobs in gautam buddha nagar",""
"https://www.searchsarkarinaukri.com/jobs/national-skill-development-corporation-marketing-executive-2026--1820","https://www.searchsarkarinaukri.com/jobs-in-gautam-buddha-nagar","404","gautam buddha nagar sarkari naukri",""
"https://www.searchsarkarinaukri.com/jobs/international-centre-for-theoretical-sciences-icts-tata-institute-of-fundamental-research-tifr-clerk--1819","https://www.searchsarkarinaukri.com/districts/abbaiahnahalli-b.o","404","All government jobs in abbaiahnahalli b.o",""
"https://www.searchsarkarinaukri.com/jobs/international-centre-for-theoretical-sciences-icts-tata-institute-of-fundamental-research-tifr-clerk--1819","https://www.searchsarkarinaukri.com/jobs-in-abbaiahnahalli-b.o","404","abbaiahnahalli b.o sarkari naukri",""
"https://www.searchsarkarinaukri.com/jobs/national-health-mission-dhule-national-health-mission-dhule-2026--1800","https://www.searchsarkarinaukri.com/jobs-in-dhule","404","dhule sarkari naukri",""
"https://www.searchsarkarinaukri.com/jobs/latur-police-patil-latur-police-patil-2026--1799","https://www.searchsarkarinaukri.com/jobs-in-latur","404","latur sarkari naukri",""
"https://www.searchsarkarinaukri.com/jobs/national-health-mission-zilla-parishad-dhule-apply-for-yoga-instructor-post-at-2026--1787","https://www.searchsarkarinaukri.com/jobs-in-dhule","404","dhule sarkari naukri",""
"https://www.searchsarkarinaukri.com/jobs/ex-serviceman-contributory-health-scheme-echs-chhatrapati-sambhajinagar-recruitment-notification-ex--1773","https://www.searchsarkarinaukri.com/jobs-in-chhatrapati-sambhajinagar","404","chhatrapati sambhajinagar sarkari naukri",""
"https://www.searchsarkarinaukri.com/jobs/jspm-latur-jspm-latur-2026--1753","https://www.searchsarkarinaukri.com/jobs-in-latur","404","latur sarkari naukri",""
"https://www.searchsarkarinaukri.com/jobs/hll-lifecare-limited-hll-lifecare-recruitment-2026-146-2026--1683","https://www.searchsarkarinaukri.com/jobs-in-all-districts","404","all districts sarkari naukri",""
"https://www.searchsarkarinaukri.com/jobs/bob-capital-markets-ltd-bobcaps-bobcaps-recruitment-2026-business-development-2026--1684","https://www.searchsarkarinaukri.com/jobs-in-all-districts","404","all districts sarkari naukri",""
"https://www.searchsarkarinaukri.com/jobs/csir-national-environmental-engineering-research-institute-csir-neeri-recruitment-2026-1-project-202--1672","https://www.searchsarkarinaukri.com/jobs-in-all-districts","404","all districts sarkari naukri",""
"https://www.searchsarkarinaukri.com/jobs/sir-central-food-technological-research-institute-engagement-to-project-associate-i-2026--1637","https://www.searchsarkarinaukri.com/districts/abbaiahnahalli-b.o","404","All government jobs in abbaiahnahalli b.o",""
"https://www.searchsarkarinaukri.com/jobs/sir-central-food-technological-research-institute-engagement-to-project-associate-i-2026--1637","https://www.searchsarkarinaukri.com/jobs-in-abbaiahnahalli-b.o","404","abbaiahnahalli b.o sarkari naukri",""
"https://www.searchsarkarinaukri.com/jobs/icar-nbpgr-project-associate-i-icar-nbpgr-2026--1633","https://www.searchsarkarinaukri.com/districts/central","404","All government jobs in central",""
"https://www.searchsarkarinaukri.com/jobs/icar-nbpgr-project-associate-i-icar-nbpgr-2026--1633","https://www.searchsarkarinaukri.com/jobs-in-central","404","central sarkari naukri",""
"https://www.searchsarkarinaukri.com/jobs/balmer-lawrie-and-company-limited-junior-officer-or-officer-commercial-2026--1627","https://www.searchsarkarinaukri.com/districts/central","404","All government jobs in central",""
"https://www.searchsarkarinaukri.com/jobs/balmer-lawrie-and-company-limited-junior-officer-or-officer-commercial-2026--1627","https://www.searchsarkarinaukri.com/jobs-in-central","404","central sarkari naukri",""
"https://www.searchsarkarinaukri.com/jobs/indian-agricultural-statistics-research-institute-hiring-contractual-staff-2026--1630","https://www.searchsarkarinaukri.com/districts/new-delhi","410","All government jobs in new delhi",""
"https://www.searchsarkarinaukri.com/jobs/indian-agricultural-statistics-research-institute-hiring-contractual-staff-2026--1630","https://www.searchsarkarinaukri.com/jobs-in-new-delhi","410","new delhi sarkari naukri",""
"https://www.searchsarkarinaukri.com/jobs/harish-chandra-research-institute-project-system-manager-2026--1619","https://www.searchsarkarinaukri.com/districts/10th-bn-p-a-c-barabanki-s.o.","404","All government jobs in 10th bn p a c barabanki s.o.",""
"https://www.searchsarkarinaukri.com/jobs/harish-chandra-research-institute-project-system-manager-2026--1619","https://www.searchsarkarinaukri.com/jobs-in-10th-bn-p-a-c-barabanki-s.o.","404","10th bn p a c barabanki s.o. sarkari naukri",""
"https://www.searchsarkarinaukri.com/jobs/balmer-lawrie-and-company-limited-officer-mice-operations-2026--1614","https://www.searchsarkarinaukri.com/districts/central","404","All government jobs in central",""
"https://www.searchsarkarinaukri.com/jobs/balmer-lawrie-and-company-limited-officer-mice-operations-2026--1614","https://www.searchsarkarinaukri.com/jobs-in-central","404","central sarkari naukri",""
"https://www.searchsarkarinaukri.com/jobs/balmer-lawrie-and-company-limited-assistant-manager-sales-private-2026--1616","https://www.searchsarkarinaukri.com/districts/central","404","All government jobs in central",""
"https://www.searchsarkarinaukri.com/jobs/balmer-lawrie-and-company-limited-assistant-manager-sales-private-2026--1616","https://www.searchsarkarinaukri.com/jobs-in-central","404","central sarkari naukri",""
"https://www.searchsarkarinaukri.com/jobs/balmer-lawrie-and-company-limited-assistant-manager-mice-govt-and-psu-2026--1615","https://www.searchsarkarinaukri.com/districts/central","404","All government jobs in central",""
"https://www.searchsarkarinaukri.com/jobs/balmer-lawrie-and-company-limited-assistant-manager-mice-govt-and-psu-2026--1615","https://www.searchsarkarinaukri.com/jobs-in-central","404","central sarkari naukri",""
"https://www.searchsarkarinaukri.com/jobs/balmer-lawrie-and-company-limited-officer-commerical-corporate-2026--1613","https://www.searchsarkarinaukri.com/districts/central","404","All government jobs in central",""
"https://www.searchsarkarinaukri.com/jobs/balmer-lawrie-and-company-limited-officer-commerical-corporate-2026--1613","https://www.searchsarkarinaukri.com/jobs-in-central","404","central sarkari naukri",""
"https://www.searchsarkarinaukri.com/jobs/balmer-lawrie-and-company-limited-junior-officer-collections-2026--1609","https://www.searchsarkarinaukri.com/districts/central","404","All government jobs in central",""
"https://www.searchsarkarinaukri.com/jobs/balmer-lawrie-and-company-limited-junior-officer-collections-2026--1609","https://www.searchsarkarinaukri.com/jobs-in-central","404","central sarkari naukri",""
"https://www.searchsarkarinaukri.com/jobs/balmer-lawrie-and-company-limited-officer-it-2026--1608","https://www.searchsarkarinaukri.com/districts/central","404","All government jobs in central",""
"https://www.searchsarkarinaukri.com/jobs/balmer-lawrie-and-company-limited-officer-it-2026--1608","https://www.searchsarkarinaukri.com/jobs-in-central","404","central sarkari naukri",""
"https://www.searchsarkarinaukri.com/jobs/balmer-lawrie-and-company-limited-manager-creative-and-design-2026--1612","https://www.searchsarkarinaukri.com/districts/central","404","All government jobs in central",""
"https://www.searchsarkarinaukri.com/jobs/balmer-lawrie-and-company-limited-manager-creative-and-design-2026--1612","https://www.searchsarkarinaukri.com/jobs-in-central","404","central sarkari naukri",""
"https://www.searchsarkarinaukri.com/jobs/balmer-lawrie-and-company-limited-deputy-manager-key-account-manager-2026--1605","https://www.searchsarkarinaukri.com/districts/central","404","All government jobs in central",""
"https://www.searchsarkarinaukri.com/jobs/balmer-lawrie-and-company-limited-deputy-manager-key-account-manager-2026--1605","https://www.searchsarkarinaukri.com/jobs-in-central","404","central sarkari naukri",""
"https://www.searchsarkarinaukri.com/jobs/balmer-lawrie-and-company-limited-manager-key-account-manager-2026--1606","https://www.searchsarkarinaukri.com/districts/central","404","All government jobs in central",""
"https://www.searchsarkarinaukri.com/jobs/balmer-lawrie-and-company-limited-manager-key-account-manager-2026--1606","https://www.searchsarkarinaukri.com/jobs-in-central","404","central sarkari naukri",""
"https://www.searchsarkarinaukri.com/jobs/balmer-lawrie-and-company-limited-assistant-manager-commercial-2026--1601","https://www.searchsarkarinaukri.com/districts/central","404","All government jobs in central",""
"https://www.searchsarkarinaukri.com/jobs/balmer-lawrie-and-company-limited-assistant-manager-commercial-2026--1601","https://www.searchsarkarinaukri.com/jobs-in-central","404","central sarkari naukri",""
"https://www.searchsarkarinaukri.com/jobs/balmer-lawrie-and-company-limited-assistant-manager-travel-2026--1599","https://www.searchsarkarinaukri.com/districts/central","404","All government jobs in central",""
"https://www.searchsarkarinaukri.com/jobs/balmer-lawrie-and-company-limited-assistant-manager-travel-2026--1599","https://www.searchsarkarinaukri.com/jobs-in-central","404","central sarkari naukri",""
"https://www.searchsarkarinaukri.com/jobs/balmer-lawrie-and-company-limited-officer-commercial-2026--1602","https://www.searchsarkarinaukri.com/districts/central","404","All government jobs in central",""
"https://www.searchsarkarinaukri.com/jobs/balmer-lawrie-and-company-limited-officer-commercial-2026--1602","https://www.searchsarkarinaukri.com/jobs-in-central","404","central sarkari naukri",""
"https://www.searchsarkarinaukri.com/jobs/balmer-lawrie-and-company-limited-officer-ticketing-mice-2026--1597","https://www.searchsarkarinaukri.com/districts/central","404","All government jobs in central",""
"https://www.searchsarkarinaukri.com/jobs/balmer-lawrie-and-company-limited-officer-ticketing-mice-2026--1597","https://www.searchsarkarinaukri.com/jobs-in-central","404","central sarkari naukri",""
"https://www.searchsarkarinaukri.com/jobs/balmer-lawrie-and-company-limited-officer-travel-2026--1598","https://www.searchsarkarinaukri.com/districts/central","404","All government jobs in central",""
"https://www.searchsarkarinaukri.com/jobs/balmer-lawrie-and-company-limited-officer-travel-2026--1598","https://www.searchsarkarinaukri.com/jobs-in-central","404","central sarkari naukri",""
"https://www.searchsarkarinaukri.com/jobs/rashtriya-ispat-nigam-ltd-director-personnel-2026--1579","https://www.searchsarkarinaukri.com/districts/visakhapatnam-airport-s.o","404","All government jobs in visakhapatnam airport s.o",""
"https://www.searchsarkarinaukri.com/jobs/rashtriya-ispat-nigam-ltd-director-personnel-2026--1579","https://www.searchsarkarinaukri.com/jobs-in-visakhapatnam-airport-s.o","404","visakhapatnam airport s.o sarkari naukri",""
"https://www.searchsarkarinaukri.com/jobs/csir-national-institute-of-oceanography-project-scientist-ii-2026--1585","https://www.searchsarkarinaukri.com/districts/north-goa","404","All government jobs in north goa",""
"https://www.searchsarkarinaukri.com/jobs/csir-national-institute-of-oceanography-project-scientist-ii-2026--1585","https://www.searchsarkarinaukri.com/jobs-in-north-goa","404","north goa sarkari naukri",""
"https://www.searchsarkarinaukri.com/jobs/csir-national-institute-of-oceanography-project-associate-i-csir-national-institute-2026--1574","https://www.searchsarkarinaukri.com/districts/north-goa","404","All government jobs in north goa",""
"https://www.searchsarkarinaukri.com/jobs/csir-national-institute-of-oceanography-project-associate-i-csir-national-institute-2026--1574","https://www.searchsarkarinaukri.com/jobs-in-north-goa","404","north goa sarkari naukri",""
"https://www.searchsarkarinaukri.com/jobs/csir-ccmb-technician-driver-and-technical-officer-2026--1573","https://www.searchsarkarinaukri.com/districts/hyderabad","404","All government jobs in hyderabad",""
"https://www.searchsarkarinaukri.com/jobs/job-2026--1567","https://www.searchsarkarinaukri.com/jobs-in-dhule","404","dhule sarkari naukri",""
"https://www.searchsarkarinaukri.com/jobs/national-backwad-classes-finance-and-development-corporation-managing-director-2026--1563","https://www.searchsarkarinaukri.com/districts/new-delhi","410","All government jobs in new delhi",""
"https://www.searchsarkarinaukri.com/jobs/national-backwad-classes-finance-and-development-corporation-managing-director-2026--1563","https://www.searchsarkarinaukri.com/jobs-in-new-delhi","410","new delhi sarkari naukri",""
"https://www.searchsarkarinaukri.com/jobs/national-institute-of-design-assam-senior-assistant-finance-and-accounts-2026--1553","https://www.searchsarkarinaukri.com/districts/jorhat","404","All government jobs in jorhat",""
"https://www.searchsarkarinaukri.com/jobs/national-institute-of-design-assam-senior-assistant-finance-and-accounts-2026--1553","https://www.searchsarkarinaukri.com/jobs-in-jorhat","404","jorhat sarkari naukri",""
"https://www.searchsarkarinaukri.com/jobs/job-2026--1536","https://www.searchsarkarinaukri.com/jobs-in-nanded","404","nanded sarkari naukri",""
"https://www.searchsarkarinaukri.com/jobs/csir-ccmb-technician-2026--1531","https://www.searchsarkarinaukri.com/districts/hyderabad","404","All government jobs in hyderabad",""
"https://www.searchsarkarinaukri.com/jobs/csir-ccmb-driver-2026--1530","https://www.searchsarkarinaukri.com/districts/hyderabad","404","All government jobs in hyderabad",""
"https://www.searchsarkarinaukri.com/jobs/csir-ccmb-technical-officer-2026--1529","https://www.searchsarkarinaukri.com/districts/hyderabad","404","All government jobs in hyderabad",""
"https://www.searchsarkarinaukri.com/jobs/job-2026--1525","https://www.searchsarkarinaukri.com/jobs-in-buldhana","404","buldhana sarkari naukri",""
"https://www.searchsarkarinaukri.com/jobs/national-research-development-coporation-chairman-and-managing-director-2026--1519","https://www.searchsarkarinaukri.com/districts/south-delhi","404","All government jobs in south delhi",""
"https://www.searchsarkarinaukri.com/jobs/national-research-development-coporation-chairman-and-managing-director-2026--1519","https://www.searchsarkarinaukri.com/jobs-in-south-delhi","404","south delhi sarkari naukri",""
"https://www.searchsarkarinaukri.com/jobs/union-public-service-commission-national-defence-academy-and-naval-academy-2026--1484","https://www.searchsarkarinaukri.com/districts/all-india","404","All government jobs in all india",""
"https://www.searchsarkarinaukri.com/jobs/union-public-service-commission-national-defence-academy-and-naval-academy-2026--1484","https://www.searchsarkarinaukri.com/jobs-in-all-india","404","all india sarkari naukri",""
"https://www.searchsarkarinaukri.com/jobs/union-public-service-commission-combined-defence-services-examination-ii-2026-2026--1483","https://www.searchsarkarinaukri.com/districts/all-india","404","All government jobs in all india",""
"https://www.searchsarkarinaukri.com/jobs/union-public-service-commission-combined-defence-services-examination-ii-2026-2026--1483","https://www.searchsarkarinaukri.com/jobs-in-all-india","404","all india sarkari naukri",""
"https://www.searchsarkarinaukri.com/jobs/ongc-ongc-announces-recruitment-for-experienced-civil-2026--1470","https://www.searchsarkarinaukri.com/districts/all-india","404","All government jobs in all india",""
"https://www.searchsarkarinaukri.com/jobs/ongc-ongc-announces-recruitment-for-experienced-civil-2026--1470","https://www.searchsarkarinaukri.com/jobs-in-all-india","404","all india sarkari naukri",""
"https://www.searchsarkarinaukri.com/jobs/bel-bel-announces-recruitment-for-340-probationary-2026--1468","https://www.searchsarkarinaukri.com/districts/all-india","404","All government jobs in all india",""
"https://www.searchsarkarinaukri.com/jobs/bel-bel-announces-recruitment-for-340-probationary-2026--1468","https://www.searchsarkarinaukri.com/jobs-in-all-india","404","all india sarkari naukri",""
"https://www.searchsarkarinaukri.com/jobs/dmrc-dmrc-announces-recruitment-for-non-executives-for-2026--1469","https://www.searchsarkarinaukri.com/districts/all-india","404","All government jobs in all india",""
"https://www.searchsarkarinaukri.com/jobs/dmrc-dmrc-announces-recruitment-for-non-executives-for-2026--1469","https://www.searchsarkarinaukri.com/jobs-in-all-india","404","all india sarkari naukri",""
"https://www.searchsarkarinaukri.com/jobs/jawaharlal-nehru-port-authority-jawaharlal-nehru-port-authority-announces-recruitment-2026--1464","https://www.searchsarkarinaukri.com/districts/all-india","404","All government jobs in all india",""
"https://www.searchsarkarinaukri.com/jobs/jawaharlal-nehru-port-authority-jawaharlal-nehru-port-authority-announces-recruitment-2026--1464","https://www.searchsarkarinaukri.com/jobs-in-all-india","404","all india sarkari naukri",""
"https://www.searchsarkarinaukri.com/jobs/nhb-nhb-announces-recruitment-for-regular-contractual-2026--1462","https://www.searchsarkarinaukri.com/districts/all-india","404","All government jobs in all india",""
"https://www.searchsarkarinaukri.com/jobs/nhb-nhb-announces-recruitment-for-regular-contractual-2026--1462","https://www.searchsarkarinaukri.com/jobs-in-all-india","404","all india sarkari naukri",""
"https://www.searchsarkarinaukri.com/jobs/acsir-recruitment-2025-for-16-admin-acsir-recruitment-2025-for-16-admin-2026--1461","https://www.searchsarkarinaukri.com/districts/all-india","404","All government jobs in all india",""
"https://www.searchsarkarinaukri.com/jobs/acsir-recruitment-2025-for-16-admin-acsir-recruitment-2025-for-16-admin-2026--1461","https://www.searchsarkarinaukri.com/jobs-in-all-india","404","all india sarkari naukri",""
"https://www.searchsarkarinaukri.com/jobs/cdac-cdac-announces-recruitment-opportunities-for-2026--1463","https://www.searchsarkarinaukri.com/districts/all-india","404","All government jobs in all india",""
"https://www.searchsarkarinaukri.com/jobs/cdac-cdac-announces-recruitment-opportunities-for-2026--1463","https://www.searchsarkarinaukri.com/jobs-in-all-india","404","all india sarkari naukri",""
"https://www.searchsarkarinaukri.com/jobs/border-roads-organisation-border-roads-organisation-announces-542-vacancies-2026--1459","https://www.searchsarkarinaukri.com/districts/all-india","404","All government jobs in all india",""
"https://www.searchsarkarinaukri.com/jobs/border-roads-organisation-border-roads-organisation-announces-542-vacancies-2026--1459","https://www.searchsarkarinaukri.com/jobs-in-all-india","404","all india sarkari naukri",""
"https://www.searchsarkarinaukri.com/jobs/aecs-mumbai-aecs-mumbai-announces-recruitment-for-contract-2026--1458","https://www.searchsarkarinaukri.com/districts/all-india","404","All government jobs in all india",""
"https://www.searchsarkarinaukri.com/jobs/aecs-mumbai-aecs-mumbai-announces-recruitment-for-contract-2026--1458","https://www.searchsarkarinaukri.com/jobs-in-all-india","404","all india sarkari naukri",""
"https://www.searchsarkarinaukri.com/jobs/lbsnaa-mussoorie-lbsnaa-mussoorie-announces-recruitment-for-teaching-2026--1457","https://www.searchsarkarinaukri.com/districts/all-india","404","All government jobs in all india",""
"https://www.searchsarkarinaukri.com/jobs/lbsnaa-mussoorie-lbsnaa-mussoorie-announces-recruitment-for-teaching-2026--1457","https://www.searchsarkarinaukri.com/jobs-in-all-india","404","all india sarkari naukri",""
"https://www.searchsarkarinaukri.com/jobs/mahatma-gandhi-antarrashtriya-hindi-vishwavidyalaya-mahatma-gandhi-antarrashtriya-hindi-vishwavidyal--1454","https://www.searchsarkarinaukri.com/districts/all-india","404","All government jobs in all india",""
"https://www.searchsarkarinaukri.com/jobs/mahatma-gandhi-antarrashtriya-hindi-vishwavidyalaya-mahatma-gandhi-antarrashtriya-hindi-vishwavidyal--1454","https://www.searchsarkarinaukri.com/jobs-in-all-india","404","all india sarkari naukri",""
"https://www.searchsarkarinaukri.com/jobs/ccrh-ccrh-announces-recruitment-for-33-research-2026--1455","https://www.searchsarkarinaukri.com/districts/all-india","404","All government jobs in all india",""
"https://www.searchsarkarinaukri.com/jobs/ccrh-ccrh-announces-recruitment-for-33-research-2026--1455","https://www.searchsarkarinaukri.com/jobs-in-all-india","404","all india sarkari naukri",""
"https://www.searchsarkarinaukri.com/jobs/union-public-service-commission-indian-forest-service-preliminary-examination-2025-2026--1444","https://www.searchsarkarinaukri.com/districts/all-india","404","All government jobs in all india",""
"https://www.searchsarkarinaukri.com/jobs/union-public-service-commission-indian-forest-service-preliminary-examination-2025-2026--1444","https://www.searchsarkarinaukri.com/jobs-in-all-india","404","all india sarkari naukri",""
"https://www.searchsarkarinaukri.com/jobs/union-public-service-commission-combined-defence-services-examination-ii-2025-2026--1442","https://www.searchsarkarinaukri.com/districts/all-india","404","All government jobs in all india",""
"https://www.searchsarkarinaukri.com/jobs/union-public-service-commission-combined-defence-services-examination-ii-2025-2026--1442","https://www.searchsarkarinaukri.com/jobs-in-all-india","404","all india sarkari naukri",""
"https://www.searchsarkarinaukri.com/jobs/union-public-service-commission-central-armed-police-forces-acs-examination-2026--1443","https://www.searchsarkarinaukri.com/districts/all-india","404","All government jobs in all india",""
"https://www.searchsarkarinaukri.com/jobs/union-public-service-commission-central-armed-police-forces-acs-examination-2026--1443","https://www.searchsarkarinaukri.com/jobs-in-all-india","404","all india sarkari naukri",""
"https://www.searchsarkarinaukri.com/jobs/union-public-service-commission-civil-services-preliminary-examination-2025-2026--1445","https://www.searchsarkarinaukri.com/districts/all-india","404","All government jobs in all india",""
"https://www.searchsarkarinaukri.com/jobs/union-public-service-commission-civil-services-preliminary-examination-2025-2026--1445","https://www.searchsarkarinaukri.com/jobs-in-all-india","404","all india sarkari naukri",""
"https://www.searchsarkarinaukri.com/jobs/union-public-service-commission-engineering-services-preliminary-examination-2026-2026--1438","https://www.searchsarkarinaukri.com/districts/all-india","404","All government jobs in all india",""
"https://www.searchsarkarinaukri.com/jobs/union-public-service-commission-engineering-services-preliminary-examination-2026-2026--1438","https://www.searchsarkarinaukri.com/jobs-in-all-india","404","all india sarkari naukri",""
"https://www.searchsarkarinaukri.com/jobs/union-public-service-commission-civil-services-main-examination-2025-2026--1440","https://www.searchsarkarinaukri.com/districts/all-india","404","All government jobs in all india",""
"https://www.searchsarkarinaukri.com/jobs/union-public-service-commission-civil-services-main-examination-2025-2026--1440","https://www.searchsarkarinaukri.com/jobs-in-all-india","404","all india sarkari naukri",""
"https://www.searchsarkarinaukri.com/jobs/union-public-service-commission-indian-forest-service-main-examination-2025-2026--1439","https://www.searchsarkarinaukri.com/districts/all-india","404","All government jobs in all india",""
"https://www.searchsarkarinaukri.com/jobs/union-public-service-commission-indian-forest-service-main-examination-2025-2026--1439","https://www.searchsarkarinaukri.com/jobs-in-all-india","404","all india sarkari naukri",""
"https://www.searchsarkarinaukri.com/jobs/union-public-service-commission-national-defence-academy-and-naval-academy-2026--1441","https://www.searchsarkarinaukri.com/districts/all-india","404","All government jobs in all india",""
"https://www.searchsarkarinaukri.com/jobs/union-public-service-commission-national-defence-academy-and-naval-academy-2026--1441","https://www.searchsarkarinaukri.com/jobs-in-all-india","404","all india sarkari naukri",""
"https://www.searchsarkarinaukri.com/jobs/union-public-service-commission-national-defence-academy-and-naval-academy-2026--1436","https://www.searchsarkarinaukri.com/districts/all-india","404","All government jobs in all india",""
"https://www.searchsarkarinaukri.com/jobs/union-public-service-commission-national-defence-academy-and-naval-academy-2026--1436","https://www.searchsarkarinaukri.com/jobs-in-all-india","404","all india sarkari naukri",""
"https://www.searchsarkarinaukri.com/jobs/union-public-service-commission-civil-services-preliminary-examination-2026-2026--1434","https://www.searchsarkarinaukri.com/districts/all-india","404","All government jobs in all india",""
"https://www.searchsarkarinaukri.com/jobs/union-public-service-commission-civil-services-preliminary-examination-2026-2026--1434","https://www.searchsarkarinaukri.com/jobs-in-all-india","404","all india sarkari naukri",""
"https://www.searchsarkarinaukri.com/jobs/union-public-service-commission-combined-defence-services-examination-i-2026-2026--1435","https://www.searchsarkarinaukri.com/districts/all-india","404","All government jobs in all india",""
"https://www.searchsarkarinaukri.com/jobs/union-public-service-commission-combined-defence-services-examination-i-2026-2026--1435","https://www.searchsarkarinaukri.com/jobs-in-all-india","404","all india sarkari naukri",""
"https://www.searchsarkarinaukri.com/jobs/union-public-service-commission-cisf-acexe-ldce-2026-2026--1437","https://www.searchsarkarinaukri.com/districts/all-india","404","All government jobs in all india",""
"https://www.searchsarkarinaukri.com/jobs/union-public-service-commission-cisf-acexe-ldce-2026-2026--1437","https://www.searchsarkarinaukri.com/jobs-in-all-india","404","all india sarkari naukri",""
"https://www.searchsarkarinaukri.com/jobs/union-public-service-commission-central-armed-police-forces-acs-examination-2026--1431","https://www.searchsarkarinaukri.com/districts/all-india","404","All government jobs in all india",""
"https://www.searchsarkarinaukri.com/jobs/union-public-service-commission-central-armed-police-forces-acs-examination-2026--1431","https://www.searchsarkarinaukri.com/jobs-in-all-india","404","all india sarkari naukri",""
"https://www.searchsarkarinaukri.com/jobs/union-public-service-commission-indian-forest-service-preliminary-examination-2026-2026--1433","https://www.searchsarkarinaukri.com/districts/all-india","404","All government jobs in all india",""
"https://www.searchsarkarinaukri.com/jobs/union-public-service-commission-indian-forest-service-preliminary-examination-2026-2026--1433","https://www.searchsarkarinaukri.com/jobs-in-all-india","404","all india sarkari naukri",""
"https://www.searchsarkarinaukri.com/jobs/union-public-service-commission-civil-services-examination-2025-2026--1430","https://www.searchsarkarinaukri.com/districts/all-india","404","All government jobs in all india",""
"https://www.searchsarkarinaukri.com/jobs/union-public-service-commission-civil-services-examination-2025-2026--1430","https://www.searchsarkarinaukri.com/jobs-in-all-india","404","all india sarkari naukri",""
"https://www.searchsarkarinaukri.com/jobs/union-public-service-commission-indian-economic-service-indian-statistical-2026--1432","https://www.searchsarkarinaukri.com/districts/all-india","404","All government jobs in all india",""
"https://www.searchsarkarinaukri.com/jobs/union-public-service-commission-indian-economic-service-indian-statistical-2026--1432","https://www.searchsarkarinaukri.com/jobs-in-all-india","404","all india sarkari naukri",""
"https://www.searchsarkarinaukri.com/jobs/union-public-service-commission-combined-medical-services-examination-2026-2026--1429","https://www.searchsarkarinaukri.com/districts/all-india","404","All government jobs in all india",""
"https://www.searchsarkarinaukri.com/jobs/union-public-service-commission-combined-medical-services-examination-2026-2026--1429","https://www.searchsarkarinaukri.com/jobs-in-all-india","404","all india sarkari naukri",""
"https://www.searchsarkarinaukri.com/jobs/union-public-service-commission-indian-forest-service-examination-2025-2026--1427","https://www.searchsarkarinaukri.com/districts/all-india","404","All government jobs in all india",""
"https://www.searchsarkarinaukri.com/jobs/union-public-service-commission-indian-forest-service-examination-2025-2026--1427","https://www.searchsarkarinaukri.com/jobs-in-all-india","404","all india sarkari naukri",""
"https://www.searchsarkarinaukri.com/jobs/railway-recruitment-board-rrb-alp-technicians-recruitment-2018-2026--1426","https://www.searchsarkarinaukri.com/districts/all-india","404","All government jobs in all india",""
"https://www.searchsarkarinaukri.com/jobs/railway-recruitment-board-rrb-alp-technicians-recruitment-2018-2026--1426","https://www.searchsarkarinaukri.com/jobs-in-all-india","404","all india sarkari naukri",""
"https://www.searchsarkarinaukri.com/jobs/union-public-service-commission-engineering-services-main-examination-2026-2026--1428","https://www.searchsarkarinaukri.com/districts/all-india","404","All government jobs in all india",""
"https://www.searchsarkarinaukri.com/jobs/union-public-service-commission-engineering-services-main-examination-2026-2026--1428","https://www.searchsarkarinaukri.com/jobs-in-all-india","404","all india sarkari naukri",""
"https://www.searchsarkarinaukri.com/jobs/railway-recruitment-board-rrb-paramedical-posts-recruitment-2019-cen-022019-2026--1422","https://www.searchsarkarinaukri.com/districts/all-india","404","All government jobs in all india",""
"https://www.searchsarkarinaukri.com/jobs/railway-recruitment-board-rrb-paramedical-posts-recruitment-2019-cen-022019-2026--1422","https://www.searchsarkarinaukri.com/jobs-in-all-india","404","all india sarkari naukri",""
"https://www.searchsarkarinaukri.com/jobs/railway-recruitment-board-rrb-je-dms-cma-posts-2026--1424","https://www.searchsarkarinaukri.com/districts/all-india","404","All government jobs in all india",""
"https://www.searchsarkarinaukri.com/jobs/railway-recruitment-board-rrb-je-dms-cma-posts-2026--1424","https://www.searchsarkarinaukri.com/jobs-in-all-india","404","all india sarkari naukri",""
"https://www.searchsarkarinaukri.com/jobs/railway-recruitment-board-rrb-paylevel-1-group-d-posts-recruitment-2026--1425","https://www.searchsarkarinaukri.com/districts/all-india","404","All government jobs in all india",""
"https://www.searchsarkarinaukri.com/jobs/railway-recruitment-board-rrb-paylevel-1-group-d-posts-recruitment-2026--1425","https://www.searchsarkarinaukri.com/jobs-in-all-india","404","all india sarkari naukri",""
"https://www.searchsarkarinaukri.com/jobs/railway-recruitment-board-rrb-ntpc-non-technical-popular-categories-2026--1423","https://www.searchsarkarinaukri.com/districts/all-india","404","All government jobs in all india",""
"https://www.searchsarkarinaukri.com/jobs/railway-recruitment-board-rrb-ntpc-non-technical-popular-categories-2026--1423","https://www.searchsarkarinaukri.com/jobs-in-all-india","404","all india sarkari naukri",""
"https://www.searchsarkarinaukri.com/jobs/railway-recruitment-board-rrb-assistant-loco-pilot-recruitment-2024-cen-012024-2026--1420","https://www.searchsarkarinaukri.com/districts/all-india","404","All government jobs in all india",""
"https://www.searchsarkarinaukri.com/jobs/railway-recruitment-board-rrb-assistant-loco-pilot-recruitment-2024-cen-012024-2026--1420","https://www.searchsarkarinaukri.com/jobs-in-all-india","404","all india sarkari naukri",""
"https://www.searchsarkarinaukri.com/jobs/railway-recruitment-board-rrb-je-dms-cma-2026--1418","https://www.searchsarkarinaukri.com/districts/all-india","404","All government jobs in all india",""
"https://www.searchsarkarinaukri.com/jobs/railway-recruitment-board-rrb-je-dms-cma-2026--1418","https://www.searchsarkarinaukri.com/jobs-in-all-india","404","all india sarkari naukri",""
"https://www.searchsarkarinaukri.com/jobs/railway-recruitment-board-rrb-technicians-recruitment-2024-cen-022024-2026--1419","https://www.searchsarkarinaukri.com/districts/all-india","404","All government jobs in all india",""
"https://www.searchsarkarinaukri.com/jobs/railway-recruitment-board-rrb-technicians-recruitment-2024-cen-022024-2026--1419","https://www.searchsarkarinaukri.com/jobs-in-all-india","404","all india sarkari naukri",""
"https://www.searchsarkarinaukri.com/jobs/railway-recruitment-board-rrb-ministerial-isolated-category-posts-2026--1421","https://www.searchsarkarinaukri.com/districts/all-india","404","All government jobs in all india",""
"https://www.searchsarkarinaukri.com/jobs/railway-recruitment-board-rrb-ministerial-isolated-category-posts-2026--1421","https://www.searchsarkarinaukri.com/jobs-in-all-india","404","all india sarkari naukri",""
"https://www.searchsarkarinaukri.com/jobs/railway-recruitment-board-rrb-ntpc-undergraduate-posts-recruitment-2024-cen-062024-2026--1415","https://www.searchsarkarinaukri.com/districts/all-india","404","All government jobs in all india",""
"https://www.searchsarkarinaukri.com/jobs/railway-recruitment-board-rrb-ntpc-undergraduate-posts-recruitment-2024-cen-062024-2026--1415","https://www.searchsarkarinaukri.com/jobs-in-all-india","404","all india sarkari naukri",""
"https://www.searchsarkarinaukri.com/jobs/railway-recruitment-board-rrb-ministerial-isolated-category-posts-2026--1414","https://www.searchsarkarinaukri.com/districts/all-india","404","All government jobs in all india",""
"https://www.searchsarkarinaukri.com/jobs/railway-recruitment-board-rrb-ministerial-isolated-category-posts-2026--1414","https://www.searchsarkarinaukri.com/jobs-in-all-india","404","all india sarkari naukri",""
"https://www.searchsarkarinaukri.com/jobs/railway-recruitment-board-rrb-ntpc-graduate-posts-recruitment-2024-cen-052024-2026--1416","https://www.searchsarkarinaukri.com/districts/all-india","404","All government jobs in all india",""
"https://www.searchsarkarinaukri.com/jobs/railway-recruitment-board-rrb-ntpc-graduate-posts-recruitment-2024-cen-052024-2026--1416","https://www.searchsarkarinaukri.com/jobs-in-all-india","404","all india sarkari naukri",""
"https://www.searchsarkarinaukri.com/jobs/railway-recruitment-board-rrb-paramedical-posts-recruitment-2024-cen-042024-2026--1417","https://www.searchsarkarinaukri.com/districts/all-india","404","All government jobs in all india",""
"https://www.searchsarkarinaukri.com/jobs/railway-recruitment-board-rrb-paramedical-posts-recruitment-2024-cen-042024-2026--1417","https://www.searchsarkarinaukri.com/jobs-in-all-india","404","all india sarkari naukri",""
"https://www.searchsarkarinaukri.com/jobs/railway-recruitment-board-rrb-assistant-loco-pilot-recruitment-2025-cen-012025-2026--1412","https://www.searchsarkarinaukri.com/districts/all-india","404","All government jobs in all india",""
"https://www.searchsarkarinaukri.com/jobs/railway-recruitment-board-rrb-assistant-loco-pilot-recruitment-2025-cen-012025-2026--1412","https://www.searchsarkarinaukri.com/jobs-in-all-india","404","all india sarkari naukri",""
"https://www.searchsarkarinaukri.com/jobs/railway-recruitment-board-rrb-paramedical-posts-recruitment-2025-cen-032025-2026--1410","https://www.searchsarkarinaukri.com/districts/all-india","404","All government jobs in all india",""
"https://www.searchsarkarinaukri.com/jobs/railway-recruitment-board-rrb-paramedical-posts-recruitment-2025-cen-032025-2026--1410","https://www.searchsarkarinaukri.com/jobs-in-all-india","404","all india sarkari naukri",""
"https://www.searchsarkarinaukri.com/jobs/railway-recruitment-board-rrb-technicians-recruitment-2025-cen-022025-2026--1411","https://www.searchsarkarinaukri.com/districts/all-india","404","All government jobs in all india",""
"https://www.searchsarkarinaukri.com/jobs/railway-recruitment-board-rrb-technicians-recruitment-2025-cen-022025-2026--1411","https://www.searchsarkarinaukri.com/jobs-in-all-india","404","all india sarkari naukri",""
"https://www.searchsarkarinaukri.com/jobs/railway-recruitment-board-rrb-pay-level-1-group-d-posts-2026--1413","https://www.searchsarkarinaukri.com/districts/all-india","404","All government jobs in all india",""
"https://www.searchsarkarinaukri.com/jobs/railway-recruitment-board-rrb-pay-level-1-group-d-posts-2026--1413","https://www.searchsarkarinaukri.com/jobs-in-all-india","404","all india sarkari naukri",""
"https://www.searchsarkarinaukri.com/jobs/railway-recruitment-board-rrb-je-dms-cma-2026--1408","https://www.searchsarkarinaukri.com/districts/all-india","404","All government jobs in all india",""
"https://www.searchsarkarinaukri.com/jobs/railway-recruitment-board-rrb-je-dms-cma-2026--1408","https://www.searchsarkarinaukri.com/jobs-in-all-india","404","all india sarkari naukri",""
"https://www.searchsarkarinaukri.com/jobs/railway-recruitment-board-rrb-ntpc-graduate-posts-recruitment-2025-cen-062025-2026--1407","https://www.searchsarkarinaukri.com/districts/all-india","404","All government jobs in all india",""
"https://www.searchsarkarinaukri.com/jobs/railway-recruitment-board-rrb-ntpc-graduate-posts-recruitment-2025-cen-062025-2026--1407","https://www.searchsarkarinaukri.com/jobs-in-all-india","404","all india sarkari naukri",""
"https://www.searchsarkarinaukri.com/jobs/railway-recruitment-board-rrb-ntpc-undergraduate-posts-recruitment-2025-cen-072025-2026--1406","https://www.searchsarkarinaukri.com/districts/all-india","404","All government jobs in all india",""
"https://www.searchsarkarinaukri.com/jobs/railway-recruitment-board-rrb-ntpc-undergraduate-posts-recruitment-2025-cen-072025-2026--1406","https://www.searchsarkarinaukri.com/jobs-in-all-india","404","all india sarkari naukri",""
"https://www.searchsarkarinaukri.com/jobs/railway-recruitment-board-rrb-section-controller-recruitment-2025-cen-042025-2026--1409","https://www.searchsarkarinaukri.com/districts/all-india","404","All government jobs in all india",""
"https://www.searchsarkarinaukri.com/jobs/railway-recruitment-board-rrb-section-controller-recruitment-2025-cen-042025-2026--1409","https://www.searchsarkarinaukri.com/jobs-in-all-india","404","all india sarkari naukri",""
"https://www.searchsarkarinaukri.com/jobs/railway-recruitment-board-rrb-assistant-loco-pilot-recruitment-2026-cen-012026-2026--1403","https://www.searchsarkarinaukri.com/districts/all-india","404","All government jobs in all india",""
"https://www.searchsarkarinaukri.com/jobs/railway-recruitment-board-rrb-assistant-loco-pilot-recruitment-2026-cen-012026-2026--1403","https://www.searchsarkarinaukri.com/jobs-in-all-india","404","all india sarkari naukri",""
"https://www.searchsarkarinaukri.com/jobs/union-public-service-commission-combined-geo-scientist-preliminary-examination-2026-2026--1402","https://www.searchsarkarinaukri.com/districts/all-india","404","All government jobs in all india",""
"https://www.searchsarkarinaukri.com/jobs/union-public-service-commission-combined-geo-scientist-preliminary-examination-2026-2026--1402","https://www.searchsarkarinaukri.com/jobs-in-all-india","404","all india sarkari naukri",""
"https://www.searchsarkarinaukri.com/jobs/railway-recruitment-board-rrb-isolated-category-posts-recruitment-2025-2026--1405","https://www.searchsarkarinaukri.com/districts/all-india","404","All government jobs in all india",""
"https://www.searchsarkarinaukri.com/jobs/railway-recruitment-board-rrb-isolated-category-posts-recruitment-2025-2026--1405","https://www.searchsarkarinaukri.com/jobs-in-all-india","404","all india sarkari naukri",""
"https://www.searchsarkarinaukri.com/jobs/railway-recruitment-board-rrb-pay-level-1-group-d-posts-2026--1404","https://www.searchsarkarinaukri.com/districts/all-india","404","All government jobs in all india",""
"https://www.searchsarkarinaukri.com/jobs/railway-recruitment-board-rrb-pay-level-1-group-d-posts-2026--1404","https://www.searchsarkarinaukri.com/jobs-in-all-india","404","all india sarkari naukri",""
"https://www.searchsarkarinaukri.com/jobs/union-public-service-commission-combined-section-officers-grade-b-ldce-2025-2026--1401","https://www.searchsarkarinaukri.com/districts/all-india","404","All government jobs in all india",""
"https://www.searchsarkarinaukri.com/jobs/union-public-service-commission-combined-section-officers-grade-b-ldce-2025-2026--1401","https://www.searchsarkarinaukri.com/jobs-in-all-india","404","all india sarkari naukri",""
"https://www.searchsarkarinaukri.com/jobs/union-public-service-commission-combined-geo-scientist-main-examination-2026-2026--1400","https://www.searchsarkarinaukri.com/districts/all-india","404","All government jobs in all india",""
"https://www.searchsarkarinaukri.com/jobs/union-public-service-commission-combined-geo-scientist-main-examination-2026-2026--1400","https://www.searchsarkarinaukri.com/jobs-in-all-india","404","all india sarkari naukri",""
"https://www.searchsarkarinaukri.com/jobs/national-centre-for-cold-chain-development-young-professional-operations-2026--1396","https://www.searchsarkarinaukri.com/districts/achhanpur-b.o","404","All government jobs in achhanpur b.o",""
"https://www.searchsarkarinaukri.com/jobs/national-centre-for-cold-chain-development-young-professional-operations-2026--1396","https://www.searchsarkarinaukri.com/jobs-in-achhanpur-b.o","404","achhanpur b.o sarkari naukri",""
"https://www.searchsarkarinaukri.com/jobs/national-dope-testing-laboratory-scientist-e-national-dope-testing-2026--1384","https://www.searchsarkarinaukri.com/districts/new-delhi","410","All government jobs in new delhi",""
"https://www.searchsarkarinaukri.com/jobs/national-dope-testing-laboratory-scientist-e-national-dope-testing-2026--1384","https://www.searchsarkarinaukri.com/jobs-in-new-delhi","410","new delhi sarkari naukri",""
"https://www.searchsarkarinaukri.com/jobs/indian-council-of-agricultural-research-research-assistant-2026--1372","https://www.searchsarkarinaukri.com/districts/kanpur-nagar","410","All government jobs in kanpur nagar",""
"https://www.searchsarkarinaukri.com/jobs/indian-council-of-agricultural-research-research-assistant-2026--1372","https://www.searchsarkarinaukri.com/jobs-in-kanpur-nagar","410","kanpur nagar sarkari naukri",""
"https://www.searchsarkarinaukri.com/jobs/icar-directorate-of-medicinal-and-aromatic-plants-research-young-professional-ii-2026--1374","https://www.searchsarkarinaukri.com/districts/anand","404","All government jobs in anand",""
"https://www.searchsarkarinaukri.com/jobs/icar-directorate-of-medicinal-and-aromatic-plants-research-young-professional-ii-2026--1374","https://www.searchsarkarinaukri.com/jobs-in-anand","404","anand sarkari naukri",""
"https://www.searchsarkarinaukri.com/jobs/dgepo-consultant-research-officer-finance-2026--1373","https://www.searchsarkarinaukri.com/districts/achhanpur-b.o","404","All government jobs in achhanpur b.o",""
"https://www.searchsarkarinaukri.com/jobs/dgepo-consultant-research-officer-finance-2026--1373","https://www.searchsarkarinaukri.com/jobs-in-achhanpur-b.o","404","achhanpur b.o sarkari naukri",""
"https://www.searchsarkarinaukri.com/jobs/power-grid-corporation-of-india-ltd-officer-trainee-company-secretary-2026--1375","https://www.searchsarkarinaukri.com/districts/achhanpur-b.o","404","All government jobs in achhanpur b.o",""
"https://www.searchsarkarinaukri.com/jobs/power-grid-corporation-of-india-ltd-officer-trainee-company-secretary-2026--1375","https://www.searchsarkarinaukri.com/jobs-in-achhanpur-b.o","404","achhanpur b.o sarkari naukri",""
"https://www.searchsarkarinaukri.com/jobs/bharat-heavy-electricals-ltd-chairman-and-managing-director-2026--1370","https://www.searchsarkarinaukri.com/districts/south","404","All government jobs in south",""
"https://www.searchsarkarinaukri.com/jobs/bharat-heavy-electricals-ltd-chairman-and-managing-director-2026--1370","https://www.searchsarkarinaukri.com/jobs-in-south","404","south sarkari naukri",""
"https://www.searchsarkarinaukri.com/jobs/indian-council-of-agricultural-research-research-assistant-2026--1371","https://www.searchsarkarinaukri.com/districts/kanpur-nagar","410","All government jobs in kanpur nagar",""
"https://www.searchsarkarinaukri.com/jobs/indian-council-of-agricultural-research-research-assistant-2026--1371","https://www.searchsarkarinaukri.com/jobs-in-kanpur-nagar","410","kanpur nagar sarkari naukri",""
"https://www.searchsarkarinaukri.com/jobs/sir-central-food-technological-research-institute-engagement-to-project-associate-ii-2026--1359","https://www.searchsarkarinaukri.com/districts/abbaiahnahalli-b.o","404","All government jobs in abbaiahnahalli b.o",""
"https://www.searchsarkarinaukri.com/jobs/sir-central-food-technological-research-institute-engagement-to-project-associate-ii-2026--1359","https://www.searchsarkarinaukri.com/jobs-in-abbaiahnahalli-b.o","404","abbaiahnahalli b.o sarkari naukri",""
"https://www.searchsarkarinaukri.com/jobs/balmer-lawrie-and-company-limited-deputy-manager-hr-2026--1322","https://www.searchsarkarinaukri.com/districts/kolkata","404","All government jobs in kolkata",""
"https://www.searchsarkarinaukri.com/jobs/icar-central-institute-for-research-on-cattle-part-time-medical-officer-2026--1338","https://www.searchsarkarinaukri.com/districts/meerut","404","All government jobs in meerut",""
"https://www.searchsarkarinaukri.com/jobs/icar-central-institute-for-research-on-cattle-part-time-medical-officer-2026--1338","https://www.searchsarkarinaukri.com/jobs-in-meerut","404","meerut sarkari naukri",""
"https://www.searchsarkarinaukri.com/jobs/balmer-lawrie-and-company-limited-deputy-manager-marketing-2026--1317","https://www.searchsarkarinaukri.com/districts/kolkata","404","All government jobs in kolkata",""
"https://www.searchsarkarinaukri.com/jobs/balmer-lawrie-and-company-limited-assistant-manager-commercial-2026--1313","https://www.searchsarkarinaukri.com/districts/kolkata","404","All government jobs in kolkata",""
"https://www.searchsarkarinaukri.com/jobs/balmer-lawrie-and-company-limited-assistant-manager-fico-functional-2026--1312","https://www.searchsarkarinaukri.com/districts/kolkata","404","All government jobs in kolkata",""
"https://www.searchsarkarinaukri.com/jobs/balmer-lawrie-and-company-limited-officer-commercial-2026--1309","https://www.searchsarkarinaukri.com/districts/new-delhi","410","All government jobs in new delhi",""
"https://www.searchsarkarinaukri.com/jobs/balmer-lawrie-and-company-limited-officer-commercial-2026--1309","https://www.searchsarkarinaukri.com/jobs-in-new-delhi","410","new delhi sarkari naukri",""
"https://www.searchsarkarinaukri.com/jobs/balmer-lawrie-and-company-limited-assistant-manager-sales-and-marketing-2026--1310","https://www.searchsarkarinaukri.com/districts/new-delhi","410","All government jobs in new delhi",""
"https://www.searchsarkarinaukri.com/jobs/balmer-lawrie-and-company-limited-assistant-manager-sales-and-marketing-2026--1310","https://www.searchsarkarinaukri.com/jobs-in-new-delhi","410","new delhi sarkari naukri",""
"https://www.searchsarkarinaukri.com/jobs/csir-iiim-jammu-project-assistant-ii-csir-iiim-jammu-2026--1297","https://www.searchsarkarinaukri.com/districts/srinagar","404","All government jobs in srinagar",""
"https://www.searchsarkarinaukri.com/jobs/csir-iiim-jammu-project-assistant-ii-csir-iiim-jammu-2026--1297","https://www.searchsarkarinaukri.com/jobs-in-srinagar","404","srinagar sarkari naukri",""
"https://www.searchsarkarinaukri.com/jobs/balmer-lawrie-and-company-limited-officer-sales-and-marketing-2026--1304","https://www.searchsarkarinaukri.com/districts/vadodara","404","All government jobs in vadodara",""
"https://www.searchsarkarinaukri.com/jobs/balmer-lawrie-and-company-limited-junior-officer-electrical-and-maintenance-2026--1295","https://www.searchsarkarinaukri.com/districts/chennai","404","All government jobs in chennai",""
"https://www.searchsarkarinaukri.com/jobs/balmer-lawrie-and-company-limited-junior-officer-accounts-and-finance-2026--1299","https://www.searchsarkarinaukri.com/districts/dadra-&-nagar-haveli","404","All government jobs in dadra & nagar haveli",""
"https://www.searchsarkarinaukri.com/jobs/balmer-lawrie-and-company-limited-junior-officer-accounts-and-finance-2026--1299","https://www.searchsarkarinaukri.com/jobs-in-dadra-&-nagar-haveli","404","dadra & nagar haveli sarkari naukri",""
"https://www.searchsarkarinaukri.com/jobs/balmer-lawrie-and-company-limited-chief-technology-officer-travel-and-vacations-2026--1293","https://www.searchsarkarinaukri.com/districts/new-delhi","410","All government jobs in new delhi",""
"https://www.searchsarkarinaukri.com/jobs/balmer-lawrie-and-company-limited-chief-technology-officer-travel-and-vacations-2026--1293","https://www.searchsarkarinaukri.com/jobs-in-new-delhi","410","new delhi sarkari naukri",""
"https://www.searchsarkarinaukri.com/jobs/national-health-systems-resource-centre-lead-consultant-knowledge-management-division-2026--1292","https://www.searchsarkarinaukri.com/districts/south","404","All government jobs in south",""
"https://www.searchsarkarinaukri.com/jobs/national-health-systems-resource-centre-lead-consultant-knowledge-management-division-2026--1292","https://www.searchsarkarinaukri.com/jobs-in-south","404","south sarkari naukri",""
"https://www.searchsarkarinaukri.com/jobs/balmer-lawrie-and-company-limited-chief-operating-officer-travel-and-vacations-2026--1294","https://www.searchsarkarinaukri.com/districts/new-delhi","410","All government jobs in new delhi",""
"https://www.searchsarkarinaukri.com/jobs/balmer-lawrie-and-company-limited-chief-operating-officer-travel-and-vacations-2026--1294","https://www.searchsarkarinaukri.com/jobs-in-new-delhi","410","new delhi sarkari naukri",""
"https://www.searchsarkarinaukri.com/jobs/csir-iiim-jammu-security-assistant-2026--1290","https://www.searchsarkarinaukri.com/districts/jammu","404","All government jobs in jammu",""
"https://www.searchsarkarinaukri.com/jobs/csir-iiim-jammu-security-assistant-2026--1290","https://www.searchsarkarinaukri.com/jobs-in-jammu","404","jammu sarkari naukri",""
"https://www.searchsarkarinaukri.com/jobs/csir-central-road-research-institute-research-intern-csir-central-road-2026--1289","https://www.searchsarkarinaukri.com/districts/south-east","404","All government jobs in south east",""
"https://www.searchsarkarinaukri.com/jobs/csir-central-road-research-institute-research-intern-csir-central-road-2026--1289","https://www.searchsarkarinaukri.com/jobs-in-south-east","404","south east sarkari naukri",""
"https://www.searchsarkarinaukri.com/jobs/job--997","https://www.searchsarkarinaukri.com/districts/%E0%A4%A7%E0%A4%BE%E0%A4%B0%E0%A4%BE%E0%A4%B6%E0%A4%BF%E0%A4%B5-(dharashiv)","404","All government jobs in धाराशिव (dharashiv)",""
"https://www.searchsarkarinaukri.com/jobs/job--997","https://www.searchsarkarinaukri.com/jobs-in-%E0%A4%A7%E0%A4%BE%E0%A4%B0%E0%A4%BE%E0%A4%B6%E0%A4%BF%E0%A4%B5-(dharashiv)","404","धाराशिव (dharashiv) sarkari naukri",""
"https://www.searchsarkarinaukri.com/jobs/job--982","https://www.searchsarkarinaukri.com/districts/%E0%A4%AE%E0%A4%B9%E0%A4%BE%E0%A4%B0%E0%A4%BE%E0%A4%B7%E0%A5%8D%E0%A4%9F%E0%A5%8D%E0%A4%B0-%E0%A4%B0%E0%A4%BE%E0%A4%9C%E0%A5%8D%E0%A4%AF","404","All government jobs in महाराष्ट्र राज्य",""
"https://www.searchsarkarinaukri.com/jobs/job--982","https://www.searchsarkarinaukri.com/jobs-in-%E0%A4%AE%E0%A4%B9%E0%A4%BE%E0%A4%B0%E0%A4%BE%E0%A4%B7%E0%A5%8D%E0%A4%9F%E0%A5%8D%E0%A4%B0-%E0%A4%B0%E0%A4%BE%E0%A4%9C%E0%A5%8D%E0%A4%AF","404","महाराष्ट्र राज्य sarkari naukri",""
"https://www.searchsarkarinaukri.com/jobs/cjjd-jmfc--981","https://www.searchsarkarinaukri.com/districts/%E0%A4%AE%E0%A4%B9%E0%A4%BE%E0%A4%B0%E0%A4%BE%E0%A4%B7%E0%A5%8D%E0%A4%9F%E0%A5%8D%E0%A4%B0-(%E0%A4%A8%E0%A5%8D%E0%A4%AF%E0%A4%BE%E0%A4%AF%E0%A4%BE%E0%A4%B2%E0%A4%AF%E0%A5%80%E0%A4%A8-%E0%A4%B5%E0%A4%BF%E0%A4%AD%E0%A4%BE%E0%A4%97)","404","All government jobs in महाराष्ट्र (न्यायालयीन विभाग)",""
"https://www.searchsarkarinaukri.com/jobs/cjjd-jmfc--981","https://www.searchsarkarinaukri.com/jobs-in-%E0%A4%AE%E0%A4%B9%E0%A4%BE%E0%A4%B0%E0%A4%BE%E0%A4%B7%E0%A5%8D%E0%A4%9F%E0%A5%8D%E0%A4%B0-(%E0%A4%A8%E0%A5%8D%E0%A4%AF%E0%A4%BE%E0%A4%AF%E0%A4%BE%E0%A4%B2%E0%A4%AF%E0%A5%80%E0%A4%A8-%E0%A4%B5%E0%A4%BF%E0%A4%AD%E0%A4%BE%E0%A4%97)","404","महाराष्ट्र (न्यायालयीन विभाग) sarkari naukri",""
"https://www.searchsarkarinaukri.com/jobs/nhm--996","https://www.searchsarkarinaukri.com/districts/%E0%A4%B8%E0%A5%8B%E0%A4%B2%E0%A4%BE%E0%A4%AA%E0%A5%82%E0%A4%B0-(solapur)","404","All government jobs in सोलापूर (solapur)",""
"https://www.searchsarkarinaukri.com/jobs/nhm--996","https://www.searchsarkarinaukri.com/jobs-in-%E0%A4%B8%E0%A5%8B%E0%A4%B2%E0%A4%BE%E0%A4%AA%E0%A5%82%E0%A4%B0-(solapur)","404","सोलापूर (solapur) sarkari naukri",""
"https://www.searchsarkarinaukri.com/jobs/senior-consultant--973","https://www.searchsarkarinaukri.com/districts/%E0%A4%A8%E0%A4%B5%E0%A5%80-%E0%A4%A6%E0%A4%BF%E0%A4%B2%E0%A5%8D%E0%A4%B2%E0%A5%80","404","All government jobs in नवी दिल्ली",""
"https://www.searchsarkarinaukri.com/jobs/senior-consultant--973","https://www.searchsarkarinaukri.com/jobs-in-%E0%A4%A8%E0%A4%B5%E0%A5%80-%E0%A4%A6%E0%A4%BF%E0%A4%B2%E0%A5%8D%E0%A4%B2%E0%A5%80","404","नवी दिल्ली sarkari naukri",""
"https://www.searchsarkarinaukri.com/jobs/bde--977","https://www.searchsarkarinaukri.com/districts/%E0%A4%AE%E0%A4%B9%E0%A4%BE%E0%A4%B0%E0%A4%BE%E0%A4%B7%E0%A5%8D%E0%A4%9F%E0%A5%8D%E0%A4%B0-(%E0%A4%B8%E0%A5%8B%E0%A4%B2%E0%A4%BE%E0%A4%AA%E0%A5%82%E0%A4%B0","404","All government jobs in महाराष्ट्र (सोलापूर",""
"https://www.searchsarkarinaukri.com/jobs/bde--977","https://www.searchsarkarinaukri.com/jobs-in-%E0%A4%AE%E0%A4%B9%E0%A4%BE%E0%A4%B0%E0%A4%BE%E0%A4%B7%E0%A5%8D%E0%A4%9F%E0%A5%8D%E0%A4%B0-(%E0%A4%B8%E0%A5%8B%E0%A4%B2%E0%A4%BE%E0%A4%AA%E0%A5%82%E0%A4%B0","404","महाराष्ट्र (सोलापूर sarkari naukri",""
"https://www.searchsarkarinaukri.com/jobs/relationship-manager--978","https://www.searchsarkarinaukri.com/districts/%E0%A4%9C%E0%A4%BF%E0%A4%B2%E0%A5%8D%E0%A4%B9%E0%A4%BE-%E0%A4%AE%E0%A5%81%E0%A4%96%E0%A5%8D%E0%A4%AF%E0%A4%BE%E0%A4%B2%E0%A4%AF%E0%A5%87-%E0%A4%86%E0%A4%A3%E0%A4%BF-%E0%A4%AE%E0%A5%8B%E0%A4%A0%E0%A5%8D%E0%A4%AF%E0%A4%BE-%E0%A4%B6%E0%A4%B9%E0%A4%B0%E0%A4%BE%E0%A4%82%E0%A4%A4%E0%A5%80%E0%A4%B2-%E0%A4%B6%E0%A4%BE%E0%A4%96%E0%A4%BE.","404","All government jobs in जिल्हा मुख्यालये आणि मोठ्या शहरांतील शाखा.",""
"https://www.searchsarkarinaukri.com/jobs/relationship-manager--978","https://www.searchsarkarinaukri.com/jobs-in-%E0%A4%9C%E0%A4%BF%E0%A4%B2%E0%A5%8D%E0%A4%B9%E0%A4%BE-%E0%A4%AE%E0%A5%81%E0%A4%96%E0%A5%8D%E0%A4%AF%E0%A4%BE%E0%A4%B2%E0%A4%AF%E0%A5%87-%E0%A4%86%E0%A4%A3%E0%A4%BF-%E0%A4%AE%E0%A5%8B%E0%A4%A0%E0%A5%8D%E0%A4%AF%E0%A4%BE-%E0%A4%B6%E0%A4%B9%E0%A4%B0%E0%A4%BE%E0%A4%82%E0%A4%A4%E0%A5%80%E0%A4%B2-%E0%A4%B6%E0%A4%BE%E0%A4%96%E0%A4%BE.","404","जिल्हा मुख्यालये आणि मोठ्या शहरांतील शाखा. sarkari naukri",""
"https://www.searchsarkarinaukri.com/jobs/job--980","https://www.searchsarkarinaukri.com/districts/%E0%A4%B8%E0%A4%82%E0%A4%AA%E0%A5%82%E0%A4%B0%E0%A5%8D%E0%A4%A3-%E0%A4%AE%E0%A4%B9%E0%A4%BE%E0%A4%B0%E0%A4%BE%E0%A4%B7%E0%A5%8D%E0%A4%9F%E0%A5%8D%E0%A4%B0","404","All government jobs in संपूर्ण महाराष्ट्र",""
"https://www.searchsarkarinaukri.com/jobs/job--980","https://www.searchsarkarinaukri.com/jobs-in-%E0%A4%B8%E0%A4%82%E0%A4%AA%E0%A5%82%E0%A4%B0%E0%A5%8D%E0%A4%A3-%E0%A4%AE%E0%A4%B9%E0%A4%BE%E0%A4%B0%E0%A4%BE%E0%A4%B7%E0%A5%8D%E0%A4%9F%E0%A5%8D%E0%A4%B0","404","संपूर्ण महाराष्ट्र sarkari naukri",""
"https://www.searchsarkarinaukri.com/jobs-in-mumbai","https://www.searchsarkarinaukri.com/jobs/society-for-applied-microwave-electronics-engineering-research-mumbai-invites-applications-for-35-graduate-diploma-apprentice-trainee-positi--4656","410","Society for Applied Microwave Electronics Engineering & Research Mumbai invites applications for 35 Graduate & Diploma Apprentice Trainee positions 2026",""
"https://www.searchsarkarinaukri.com/jobs-in-mumbai","https://www.searchsarkarinaukri.com/jobs/advanced-centre-for-treatment-research-and-education-in-cancer-actrec-recruitment-2026-research-nurse-post-vacancy--4610","410","Advanced Centre for Treatment, Research and Education in Cancer (ACTREC) Recruitment 2026 — Research Nurse Post Vacancy",""
"https://www.searchsarkarinaukri.com/jobs-in-mumbai","https://www.searchsarkarinaukri.com/jobs/recruitment-notification-konkan-railway-corporation-limited-krcl-hiring-142-apprentice-trainees-and-junior-technical-assistants-2026--4766","410","Recruitment Notification: Konkan Railway Corporation Limited (KRCL) hiring 142 Apprentice Trainees and Junior Technical Assistants 2026",""
"https://www.searchsarkarinaukri.com/jobs-in-mumbai","https://www.searchsarkarinaukri.com/jobs/konkan-railway-corporation-limited-2026-recruitment-drive-142-junior-technical-assistant-junior-technical-assistant-design-drawing-appre-vac--4596","410","Konkan Railway Corporation Limited 2026 Recruitment Drive: 142 Junior Technical Assistant, Junior Technical Assistant – Design & Drawing, Appre Vacancies Announced",""
"https://www.searchsarkarinaukri.com/jobs-in-mumbai","https://www.searchsarkarinaukri.com/jobs/recruitment-notification-konkan-railway-corporation-limited-hiring-134-apprentice-trainee-2026--4477","410","Recruitment Notification: Konkan Railway Corporation Limited hiring 134 Apprentice Trainee 2026",""
"https://www.searchsarkarinaukri.com/jobs-in-mumbai","https://www.searchsarkarinaukri.com/jobs/apply-for-7-young-professional-legal-professional-posts-at-office-of-the-textile-commissioner-ministry-of-textiles-government-of-india-2026--4130","410","Apply for 7 Young Professional & Legal Professional Posts at Office of the Textile Commissioner, Ministry of Textiles, Government of India (2026 Recruitment)",""
"https://www.searchsarkarinaukri.com/jobs-in-nagpur","https://www.searchsarkarinaukri.com/jobs/csir-neeri-project-associate-recruitment-2026-apply-online-for-2-posts--5016","410","CSIR NEERI Project Associate Recruitment 2026 – Apply Online for 2 Posts",""
"https://www.searchsarkarinaukri.com/jobs-in-nagpur","https://www.searchsarkarinaukri.com/jobs/icar-central-citrus-research-institute-nagpur-2026-recruitment-drive-3-young-professional-i-young-professional-ii-vacancies-announced--4936","410","ICAR-Central Citrus Research Institute, Nagpur 2026 Recruitment Drive: 3 Young Professional – I, Young Professional – II Vacancies Announced",""
"https://www.searchsarkarinaukri.com/jobs-in-nagpur","https://www.searchsarkarinaukri.com/jobs/recruitment-notification-maharashtra-metro-rail-corporation-limited-hiring-4-deputy-general-manager-mmi-assistant-manager-public-relations-o--4199","410","Recruitment Notification: Maharashtra Metro Rail Corporation Limited hiring 4 Deputy General Manager (MMI), Assistant Manager (Public Relations), Office Assis 2026",""
"https://www.searchsarkarinaukri.com/jobs-in-nagpur","https://www.searchsarkarinaukri.com/jobs/recruitment-notification-maharashtra-metro-rail-corporation-limited-hiring-5-manager-hr-assistant-manager-hr-dgm-mmi-assistant-manager-pr-of--4937","410","Recruitment Notification: Maharashtra Metro Rail Corporation Limited hiring 5 Manager (HR), Assistant Manager (HR), DGM (MMI), Assistant Manager (PR), Office 2026",""
"https://www.searchsarkarinaukri.com/jobs-in-pune","https://www.searchsarkarinaukri.com/jobs/esic-senior-resident-recruitment-2026-walk-in-for-5-posts--5023","410","ESIC Senior Resident Recruitment 2026 – Walk-in for 5 Posts",""
"https://www.searchsarkarinaukri.com/jobs-in-pune","https://www.searchsarkarinaukri.com/jobs/esic-assistant-professor-recruitment-2026-walk-in-for-7-posts--5022","410","ESIC Assistant Professor Recruitment 2026 – Walk-in for 7 Posts",""
"https://www.searchsarkarinaukri.com/jobs-in-pune","https://www.searchsarkarinaukri.com/jobs/esic-associate-professor-recruitment-2026-walk-in-for-11-posts--5021","410","ESIC Associate Professor Recruitment 2026 – Walk-in for 11 Posts",""
"https://www.searchsarkarinaukri.com/jobs-in-pune","https://www.searchsarkarinaukri.com/jobs/esic-professor-recruitment-2026-walk-in-for-6-posts--5020","410","ESIC Professor Recruitment 2026 – Walk-in for 6 Posts",""
"https://www.searchsarkarinaukri.com/jobs-in-pune","https://www.searchsarkarinaukri.com/jobs/job-openings-at-defence-institute-of-advanced-technology-pune-3-project-associate-i-pa-and-junior-research-fellow-jrf-posts-available--4654","410","Job Openings at Defence Institute of Advanced Technology, Pune — 3 Project Associate – I (PA) and Junior Research Fellow (JRF) Posts Available",""
"https://www.searchsarkarinaukri.com/jobs-in-pune","https://www.searchsarkarinaukri.com/jobs/recruitment-notification-national-centre-for-radio-astrophysics-pune-hiring-30-project-administrative-officer-project-technical-assistant-en--4122","410","Recruitment Notification: National Centre for Radio Astrophysics, Pune hiring 30 Project Administrative Officer, Project Technical Assistant, Engineer Trainee, L 2026",""
"https://www.searchsarkarinaukri.com/jobs-in-nashik","https://www.searchsarkarinaukri.com/jobs/job--3857","410","१२७ प्राध्यापक पदांसाठी नाशिकच्या गोखले एज्युकेशन सोसायटी भरती अपडेट",""
"https://www.searchsarkarinaukri.com/jobs-in-nashik","https://www.searchsarkarinaukri.com/jobs/apply-for-5-full-time-general-duty-medical-officer-contractual-posts-at-india-security-press-nashik-2026-recruitment--4991","410","Apply for 5 Full time General Duty Medical Officer (Contractual) Posts at India Security Press, Nashik (2026 Recruitment)",""
"https://www.searchsarkarinaukri.com/10th-pass-government-jobs","https://www.searchsarkarinaukri.com/jobs/recruitment-notification-national-centre-of-radio-astrophysics-pune-hiring-8-administrative-assistant-b-clerk-a-driver-b-laboratory-assistan--4133","410","Recruitment Notification: National Centre of Radio Astrophysics, Pune hiring 8 Administrative Assistant-B, Clerk-A, Driver-B, Laboratory Assistant-B, Security 2026",""
"https://www.searchsarkarinaukri.com/12th-pass-government-jobs","https://www.searchsarkarinaukri.com/jobs/umed-maharashtra-state-rural-livelihoods-mission-jalgaon-recruitment-2026-16-ifc-block-anchor-senior-community-resource-person-vacancies-ope--4930","410","UMED Maharashtra State Rural Livelihoods Mission, Jalgaon Recruitment 2026 — 16 IFC Block Anchor, Senior Community Resource Person Vacancies Open",""
"https://www.searchsarkarinaukri.com/12th-pass-government-jobs","https://www.searchsarkarinaukri.com/jobs/recruitment-notification-brihan-mumbai-mahanagarpalika-mcgm-hiring-17-staff-nurse-x-ray-technician-2026--4998","410","Recruitment Notification: Brihan Mumbai Mahanagarpalika (MCGM) hiring 17 Staff Nurse, X-ray Technician 2026",""
"https://www.searchsarkarinaukri.com/diploma-government-jobs","https://www.searchsarkarinaukri.com/jobs/society-for-applied-microwave-electronics-engineering-research-mumbai-invites-applications-for-35-graduate-diploma-apprentice-trainee-positi--4656","410","Society for Applied Microwave Electronics Engineering & Research Mumbai invites applications for 35 Graduate & Diploma Apprentice Trainee positions 2026",""
"https://www.searchsarkarinaukri.com/diploma-government-jobs","https://www.searchsarkarinaukri.com/jobs/advanced-centre-for-treatment-research-and-education-in-cancer-actrec-recruitment-2026-research-nurse-post-vacancy--4610","410","Advanced Centre for Treatment, Research and Education in Cancer (ACTREC) Recruitment 2026 — Research Nurse Post Vacancy",""
"https://www.searchsarkarinaukri.com/post-graduate-government-jobs","https://www.searchsarkarinaukri.com/jobs/society-for-applied-microwave-electronics-engineering-research-mumbai-invites-applications-for-35-graduate-diploma-apprentice-trainee-positi--4656","410","Society for Applied Microwave Electronics Engineering & Research Mumbai invites applications for 35 Graduate & Diploma Apprentice Trainee positions 2026",""
"https://www.searchsarkarinaukri.com/engineer-government-jobs","https://www.searchsarkarinaukri.com/jobs/society-for-applied-microwave-electronics-engineering-research-mumbai-invites-applications-for-35-graduate-diploma-apprentice-trainee-positi--4656","410","Society for Applied Microwave Electronics Engineering & Research Mumbai invites applications for 35 Graduate & Diploma Apprentice Trainee positions 2026",""
"https://www.searchsarkarinaukri.com/engineering-government-jobs","https://www.searchsarkarinaukri.com/jobs/society-for-applied-microwave-electronics-engineering-research-mumbai-invites-applications-for-35-graduate-diploma-apprentice-trainee-positi--4656","410","Society for Applied Microwave Electronics Engineering & Research Mumbai invites applications for 35 Graduate & Diploma Apprentice Trainee positions 2026",""
"https://www.searchsarkarinaukri.com/nursing-government-jobs","https://www.searchsarkarinaukri.com/jobs/advanced-centre-for-treatment-research-and-education-in-cancer-actrec-recruitment-2026-research-nurse-post-vacancy--4610","410","Advanced Centre for Treatment, Research and Education in Cancer (ACTREC) Recruitment 2026 — Research Nurse Post Vacancy",""
"https://www.searchsarkarinaukri.com/nursing-government-jobs","https://www.searchsarkarinaukri.com/jobs/recruitment-notification-brihan-mumbai-mahanagarpalika-mcgm-hiring-17-staff-nurse-x-ray-technician-2026--4998","410","Recruitment Notification: Brihan Mumbai Mahanagarpalika (MCGM) hiring 17 Staff Nurse, X-ray Technician 2026",""
"https://www.searchsarkarinaukri.com/mbbs-medical-government-jobs","https://www.searchsarkarinaukri.com/jobs/advanced-centre-for-treatment-research-and-education-in-cancer-actrec-recruitment-2026-research-nurse-post-vacancy--4610","410","Advanced Centre for Treatment, Research and Education in Cancer (ACTREC) Recruitment 2026 — Research Nurse Post Vacancy",""
"https://www.searchsarkarinaukri.com/mbbs-medical-government-jobs","https://www.searchsarkarinaukri.com/jobs/esic-senior-resident-recruitment-2026-walk-in-for-5-posts--5023","410","ESIC Senior Resident Recruitment 2026 – Walk-in for 5 Posts",""
"https://www.searchsarkarinaukri.com/mbbs-medical-government-jobs","https://www.searchsarkarinaukri.com/jobs/esic-assistant-professor-recruitment-2026-walk-in-for-7-posts--5022","410","ESIC Assistant Professor Recruitment 2026 – Walk-in for 7 Posts",""
"https://www.searchsarkarinaukri.com/mbbs-medical-government-jobs","https://www.searchsarkarinaukri.com/jobs/esic-associate-professor-recruitment-2026-walk-in-for-11-posts--5021","410","ESIC Associate Professor Recruitment 2026 – Walk-in for 11 Posts",""
"https://www.searchsarkarinaukri.com/mbbs-medical-government-jobs","https://www.searchsarkarinaukri.com/jobs/esic-professor-recruitment-2026-walk-in-for-6-posts--5020","410","ESIC Professor Recruitment 2026 – Walk-in for 6 Posts",""
"https://www.searchsarkarinaukri.com/mbbs-medical-government-jobs","https://www.searchsarkarinaukri.com/jobs/icmr-nirwoh-senior-consultant-recruitment-2026-walk-in-for-1-post--5025","410","ICMR NIRWoH Senior Consultant Recruitment 2026 – Walk-in for 1 Post",""
"https://www.searchsarkarinaukri.com/mbbs-medical-government-jobs","https://www.searchsarkarinaukri.com/jobs/recruitment-notification-mumbai-port-authority-mumbai-port-trust-hiring-63-principal-advisor-civil-sports-trainees-senior-deputy-chief-medic--4602","410","Recruitment Notification: Mumbai Port Authority (Mumbai Port Trust) hiring 63 Principal Advisor (Civil), Sports Trainees, Senior Deputy Chief Medical Officer 2026",""
"https://www.searchsarkarinaukri.com/mbbs-medical-government-jobs","https://www.searchsarkarinaukri.com/jobs/recruitment-notification-ex-servicemen-contributory-health-scheme-station-cell-pune-hiring-2-medical-officer-gynaecologist-2026--4769","410","Recruitment Notification: Ex-Servicemen Contributory Health Scheme Station Cell Pune hiring 2 Medical Officer, Gynaecologist 2026",""
"https://www.searchsarkarinaukri.com/department/railway-rrb","https://www.searchsarkarinaukri.com/jobs/recruitment-notification-konkan-railway-corporation-limited-krcl-hiring-142-apprentice-trainees-and-junior-technical-assistants-2026--4766","410","Recruitment Notification: Konkan Railway Corporation Limited (KRCL) hiring 142 Apprentice Trainees and Junior Technical Assistants 2026",""
"https://www.searchsarkarinaukri.com/department/railway-rrb","https://www.searchsarkarinaukri.com/jobs/konkan-railway-corporation-limited-2026-recruitment-drive-142-junior-technical-assistant-junior-technical-assistant-design-drawing-appre-vac--4596","410","Konkan Railway Corporation Limited 2026 Recruitment Drive: 142 Junior Technical Assistant, Junior Technical Assistant – Design & Drawing, Appre Vacancies Announced",""
"https://www.searchsarkarinaukri.com/department/railway-rrb","https://www.searchsarkarinaukri.com/jobs/recruitment-notification-konkan-railway-corporation-limited-hiring-134-apprentice-trainee-2026--4477","410","Recruitment Notification: Konkan Railway Corporation Limited hiring 134 Apprentice Trainee 2026",""
"https://www.searchsarkarinaukri.com/10th-pass-jobs-in-pune","https://www.searchsarkarinaukri.com/jobs/recruitment-notification-national-centre-of-radio-astrophysics-pune-hiring-8-administrative-assistant-b-clerk-a-driver-b-laboratory-assistan--4133","410","Recruitment Notification: National Centre of Radio Astrophysics, Pune hiring 8 Administrative Assistant-B, Clerk-A, Driver-B, Laboratory Assistant-B, Security 2026",""
"https://www.searchsarkarinaukri.com/iti-jobs-in-pune","https://www.searchsarkarinaukri.com/jobs/recruitment-notification-national-centre-for-radio-astrophysics-pune-hiring-30-project-administrative-officer-project-technical-assistant-en--4122","410","Recruitment Notification: National Centre for Radio Astrophysics, Pune hiring 30 Project Administrative Officer, Project Technical Assistant, Engineer Trainee, L 2026",""
"https://www.searchsarkarinaukri.com/iti-jobs-in-mumbai","https://www.searchsarkarinaukri.com/jobs/apply-for-1-young-professional-ii-yp-ii-post-at-icar-central-institute-of-fisheries-education-mumbai-2026-recruitment--4942","410","Apply for 1 Young Professional-II (YP-II) Post at ICAR-Central Institute of Fisheries Education, Mumbai (2026 Recruitment)",""
"https://www.searchsarkarinaukri.com/diploma-jobs-in-pune","https://www.searchsarkarinaukri.com/jobs/recruitment-notification-national-centre-for-radio-astrophysics-pune-hiring-30-project-administrative-officer-project-technical-assistant-en--4122","410","Recruitment Notification: National Centre for Radio Astrophysics, Pune hiring 30 Project Administrative Officer, Project Technical Assistant, Engineer Trainee, L 2026",""
"https://www.searchsarkarinaukri.com/diploma-jobs-in-mumbai","https://www.searchsarkarinaukri.com/jobs/society-for-applied-microwave-electronics-engineering-research-mumbai-invites-applications-for-35-graduate-diploma-apprentice-trainee-positi--4656","410","Society for Applied Microwave Electronics Engineering & Research Mumbai invites applications for 35 Graduate & Diploma Apprentice Trainee positions 2026",""
"https://www.searchsarkarinaukri.com/diploma-jobs-in-mumbai","https://www.searchsarkarinaukri.com/jobs/advanced-centre-for-treatment-research-and-education-in-cancer-actrec-recruitment-2026-research-nurse-post-vacancy--4610","410","Advanced Centre for Treatment, Research and Education in Cancer (ACTREC) Recruitment 2026 — Research Nurse Post Vacancy",""
"https://www.searchsarkarinaukri.com/diploma-jobs-in-mumbai","https://www.searchsarkarinaukri.com/jobs/recruitment-notification-konkan-railway-corporation-limited-krcl-hiring-142-apprentice-trainees-and-junior-technical-assistants-2026--4766","410","Recruitment Notification: Konkan Railway Corporation Limited (KRCL) hiring 142 Apprentice Trainees and Junior Technical Assistants 2026",""
"https://www.searchsarkarinaukri.com/diploma-jobs-in-mumbai","https://www.searchsarkarinaukri.com/jobs/konkan-railway-corporation-limited-2026-recruitment-drive-142-junior-technical-assistant-junior-technical-assistant-design-drawing-appre-vac--4596","410","Konkan Railway Corporation Limited 2026 Recruitment Drive: 142 Junior Technical Assistant, Junior Technical Assistant – Design & Drawing, Appre Vacancies Announced",""
"https://www.searchsarkarinaukri.com/diploma-jobs-in-mumbai","https://www.searchsarkarinaukri.com/jobs/recruitment-notification-konkan-railway-corporation-limited-hiring-134-apprentice-trainee-2026--4477","410","Recruitment Notification: Konkan Railway Corporation Limited hiring 134 Apprentice Trainee 2026",""
"https://www.searchsarkarinaukri.com/diploma-jobs-in-mumbai","https://www.searchsarkarinaukri.com/jobs/recruitment-notification-brihan-mumbai-mahanagarpalika-mcgm-hiring-17-staff-nurse-x-ray-technician-2026--4998","410","Recruitment Notification: Brihan Mumbai Mahanagarpalika (MCGM) hiring 17 Staff Nurse, X-ray Technician 2026",""
"https://www.searchsarkarinaukri.com/diploma-jobs-in-mumbai","https://www.searchsarkarinaukri.com/jobs/airports-authority-of-india-aai-western-region-recruitment-2026-36-graduate-and-diploma-apprentice-vacancies-open--4135","410","Airports Authority of India (AAI) – Western Region Recruitment 2026 — 36 Graduate and Diploma Apprentice Vacancies Open",""
"https://www.searchsarkarinaukri.com/graduate-jobs-in-mumbai","https://www.searchsarkarinaukri.com/jobs/recruitment-notification-konkan-railway-corporation-limited-krcl-hiring-142-apprentice-trainees-and-junior-technical-assistants-2026--4766","410","Recruitment Notification: Konkan Railway Corporation Limited (KRCL) hiring 142 Apprentice Trainees and Junior Technical Assistants 2026",""
"https://www.searchsarkarinaukri.com/graduate-jobs-in-mumbai","https://www.searchsarkarinaukri.com/jobs/konkan-railway-corporation-limited-2026-recruitment-drive-142-junior-technical-assistant-junior-technical-assistant-design-drawing-appre-vac--4596","410","Konkan Railway Corporation Limited 2026 Recruitment Drive: 142 Junior Technical Assistant, Junior Technical Assistant – Design & Drawing, Appre Vacancies Announced",""
"https://www.searchsarkarinaukri.com/graduate-jobs-in-mumbai","https://www.searchsarkarinaukri.com/jobs/apply-for-7-young-professional-legal-professional-posts-at-office-of-the-textile-commissioner-ministry-of-textiles-government-of-india-2026--4130","410","Apply for 7 Young Professional & Legal Professional Posts at Office of the Textile Commissioner, Ministry of Textiles, Government of India (2026 Recruitment)",""
"https://www.searchsarkarinaukri.com/graduate-jobs-in-mumbai","https://www.searchsarkarinaukri.com/jobs/apply-for-1-young-professional-ii-yp-ii-post-at-icar-central-institute-of-fisheries-education-mumbai-2026-recruitment--4942","410","Apply for 1 Young Professional-II (YP-II) Post at ICAR-Central Institute of Fisheries Education, Mumbai (2026 Recruitment)",""
"https://www.searchsarkarinaukri.com/graduate-jobs-in-mumbai","https://www.searchsarkarinaukri.com/jobs/recruitment-notification-mumbai-port-authority-mumbai-port-trust-hiring-63-principal-advisor-civil-sports-trainees-senior-deputy-chief-medic--4602","410","Recruitment Notification: Mumbai Port Authority (Mumbai Port Trust) hiring 63 Principal Advisor (Civil), Sports Trainees, Senior Deputy Chief Medical Officer 2026",""
"https://www.searchsarkarinaukri.com/graduate-jobs-in-nagpur","https://www.searchsarkarinaukri.com/jobs/recruitment-notification-maharashtra-metro-rail-corporation-limited-hiring-5-manager-hr-assistant-manager-hr-dgm-mmi-assistant-manager-pr-of--4937","410","Recruitment Notification: Maharashtra Metro Rail Corporation Limited hiring 5 Manager (HR), Assistant Manager (HR), DGM (MMI), Assistant Manager (PR), Office 2026",""
"https://www.searchsarkarinaukri.com/graduate-jobs-in-pune","https://www.searchsarkarinaukri.com/jobs/recruitment-notification-national-centre-for-radio-astrophysics-pune-hiring-30-project-administrative-officer-project-technical-assistant-en--4122","410","Recruitment Notification: National Centre for Radio Astrophysics, Pune hiring 30 Project Administrative Officer, Project Technical Assistant, Engineer Trainee, L 2026",""
"https://www.searchsarkarinaukri.com/graduate-jobs-in-pune","https://www.searchsarkarinaukri.com/jobs/recruitment-notification-national-centre-of-radio-astrophysics-pune-hiring-8-administrative-assistant-b-clerk-a-driver-b-laboratory-assistan--4133","410","Recruitment Notification: National Centre of Radio Astrophysics, Pune hiring 8 Administrative Assistant-B, Clerk-A, Driver-B, Laboratory Assistant-B, Security 2026",""
"https://www.searchsarkarinaukri.com/graduate-jobs-in-nashik","https://www.searchsarkarinaukri.com/jobs/apply-for-5-full-time-general-duty-medical-officer-contractual-posts-at-india-security-press-nashik-2026-recruitment--4991","410","Apply for 5 Full time General Duty Medical Officer (Contractual) Posts at India Security Press, Nashik (2026 Recruitment)",""
"https://www.searchsarkarinaukri.com/post-graduate-jobs-in-mumbai","https://www.searchsarkarinaukri.com/jobs/society-for-applied-microwave-electronics-engineering-research-mumbai-invites-applications-for-35-graduate-diploma-apprentice-trainee-positi--4656","410","Society for Applied Microwave Electronics Engineering & Research Mumbai invites applications for 35 Graduate & Diploma Apprentice Trainee positions 2026",""
"https://www.searchsarkarinaukri.com/post-graduate-jobs-in-mumbai","https://www.searchsarkarinaukri.com/jobs/advanced-centre-for-treatment-research-and-education-in-cancer-actrec-recruitment-2026-research-nurse-post-vacancy--4610","410","Advanced Centre for Treatment, Research and Education in Cancer (ACTREC) Recruitment 2026 — Research Nurse Post Vacancy",""
"https://www.searchsarkarinaukri.com/post-graduate-jobs-in-mumbai","https://www.searchsarkarinaukri.com/jobs/recruitment-notification-konkan-railway-corporation-limited-krcl-hiring-142-apprentice-trainees-and-junior-technical-assistants-2026--4766","410","Recruitment Notification: Konkan Railway Corporation Limited (KRCL) hiring 142 Apprentice Trainees and Junior Technical Assistants 2026",""
"https://www.searchsarkarinaukri.com/post-graduate-jobs-in-mumbai","https://www.searchsarkarinaukri.com/jobs/konkan-railway-corporation-limited-2026-recruitment-drive-142-junior-technical-assistant-junior-technical-assistant-design-drawing-appre-vac--4596","410","Konkan Railway Corporation Limited 2026 Recruitment Drive: 142 Junior Technical Assistant, Junior Technical Assistant – Design & Drawing, Appre Vacancies Announced",""
"https://www.searchsarkarinaukri.com/post-graduate-jobs-in-mumbai","https://www.searchsarkarinaukri.com/jobs/recruitment-notification-konkan-railway-corporation-limited-hiring-134-apprentice-trainee-2026--4477","410","Recruitment Notification: Konkan Railway Corporation Limited hiring 134 Apprentice Trainee 2026",""
"https://www.searchsarkarinaukri.com/post-graduate-jobs-in-mumbai","https://www.searchsarkarinaukri.com/jobs/apply-for-1-young-professional-ii-yp-ii-post-at-icar-central-institute-of-fisheries-education-mumbai-2026-recruitment--4942","410","Apply for 1 Young Professional-II (YP-II) Post at ICAR-Central Institute of Fisheries Education, Mumbai (2026 Recruitment)",""
"https://www.searchsarkarinaukri.com/post-graduate-jobs-in-mumbai","https://www.searchsarkarinaukri.com/jobs/recruitment-notification-mumbai-port-authority-mumbai-port-trust-hiring-63-principal-advisor-civil-sports-trainees-senior-deputy-chief-medic--4602","410","Recruitment Notification: Mumbai Port Authority (Mumbai Port Trust) hiring 63 Principal Advisor (Civil), Sports Trainees, Senior Deputy Chief Medical Officer 2026",""
"https://www.searchsarkarinaukri.com/post-graduate-jobs-in-mumbai","https://www.searchsarkarinaukri.com/jobs/recruitment-notification-brihan-mumbai-mahanagarpalika-mcgm-hiring-17-staff-nurse-x-ray-technician-2026--4998","410","Recruitment Notification: Brihan Mumbai Mahanagarpalika (MCGM) hiring 17 Staff Nurse, X-ray Technician 2026",""
"https://www.searchsarkarinaukri.com/post-graduate-jobs-in-pune","https://www.searchsarkarinaukri.com/jobs/job-openings-at-defence-institute-of-advanced-technology-pune-3-project-associate-i-pa-and-junior-research-fellow-jrf-posts-available--4654","410","Job Openings at Defence Institute of Advanced Technology, Pune — 3 Project Associate – I (PA) and Junior Research Fellow (JRF) Posts Available",""
"https://www.searchsarkarinaukri.com/post-graduate-jobs-in-pune","https://www.searchsarkarinaukri.com/jobs/recruitment-notification-national-centre-for-radio-astrophysics-pune-hiring-30-project-administrative-officer-project-technical-assistant-en--4122","410","Recruitment Notification: National Centre for Radio Astrophysics, Pune hiring 30 Project Administrative Officer, Project Technical Assistant, Engineer Trainee, L 2026",""
"https://www.searchsarkarinaukri.com/post-graduate-jobs-in-nagpur","https://www.searchsarkarinaukri.com/jobs/recruitment-notification-maharashtra-metro-rail-corporation-limited-hiring-5-manager-hr-assistant-manager-hr-dgm-mmi-assistant-manager-pr-of--4937","410","Recruitment Notification: Maharashtra Metro Rail Corporation Limited hiring 5 Manager (HR), Assistant Manager (HR), DGM (MMI), Assistant Manager (PR), Office 2026",""
"https://www.searchsarkarinaukri.com/engineer-jobs-in-mumbai","https://www.searchsarkarinaukri.com/jobs/society-for-applied-microwave-electronics-engineering-research-mumbai-invites-applications-for-35-graduate-diploma-apprentice-trainee-positi--4656","410","Society for Applied Microwave Electronics Engineering & Research Mumbai invites applications for 35 Graduate & Diploma Apprentice Trainee positions 2026",""
"https://www.searchsarkarinaukri.com/engineer-jobs-in-mumbai","https://www.searchsarkarinaukri.com/jobs/recruitment-notification-konkan-railway-corporation-limited-krcl-hiring-142-apprentice-trainees-and-junior-technical-assistants-2026--4766","410","Recruitment Notification: Konkan Railway Corporation Limited (KRCL) hiring 142 Apprentice Trainees and Junior Technical Assistants 2026",""
"https://www.searchsarkarinaukri.com/engineer-jobs-in-mumbai","https://www.searchsarkarinaukri.com/jobs/konkan-railway-corporation-limited-2026-recruitment-drive-142-junior-technical-assistant-junior-technical-assistant-design-drawing-appre-vac--4596","410","Konkan Railway Corporation Limited 2026 Recruitment Drive: 142 Junior Technical Assistant, Junior Technical Assistant – Design & Drawing, Appre Vacancies Announced",""
"https://www.searchsarkarinaukri.com/engineer-jobs-in-mumbai","https://www.searchsarkarinaukri.com/jobs/recruitment-notification-konkan-railway-corporation-limited-hiring-134-apprentice-trainee-2026--4477","410","Recruitment Notification: Konkan Railway Corporation Limited hiring 134 Apprentice Trainee 2026",""
"https://www.searchsarkarinaukri.com/engineer-jobs-in-mumbai","https://www.searchsarkarinaukri.com/jobs/apply-for-7-young-professional-legal-professional-posts-at-office-of-the-textile-commissioner-ministry-of-textiles-government-of-india-2026--4130","410","Apply for 7 Young Professional & Legal Professional Posts at Office of the Textile Commissioner, Ministry of Textiles, Government of India (2026 Recruitment)",""
"https://www.searchsarkarinaukri.com/engineer-jobs-in-mumbai","https://www.searchsarkarinaukri.com/jobs/recruitment-notification-mumbai-port-authority-mumbai-port-trust-hiring-63-principal-advisor-civil-sports-trainees-senior-deputy-chief-medic--4602","410","Recruitment Notification: Mumbai Port Authority (Mumbai Port Trust) hiring 63 Principal Advisor (Civil), Sports Trainees, Senior Deputy Chief Medical Officer 2026",""
"https://www.searchsarkarinaukri.com/engineer-jobs-in-mumbai","https://www.searchsarkarinaukri.com/jobs/airports-authority-of-india-aai-western-region-recruitment-2026-36-graduate-and-diploma-apprentice-vacancies-open--4135","410","Airports Authority of India (AAI) – Western Region Recruitment 2026 — 36 Graduate and Diploma Apprentice Vacancies Open",""
"https://www.searchsarkarinaukri.com/engineer-jobs-in-nagpur","https://www.searchsarkarinaukri.com/jobs/csir-neeri-project-associate-recruitment-2026-apply-online-for-2-posts--5016","410","CSIR NEERI Project Associate Recruitment 2026 – Apply Online for 2 Posts",""
"https://www.searchsarkarinaukri.com/engineer-jobs-in-nagpur","https://www.searchsarkarinaukri.com/jobs/icar-central-citrus-research-institute-nagpur-2026-recruitment-drive-3-young-professional-i-young-professional-ii-vacancies-announced--4936","410","ICAR-Central Citrus Research Institute, Nagpur 2026 Recruitment Drive: 3 Young Professional – I, Young Professional – II Vacancies Announced",""
"https://www.searchsarkarinaukri.com/engineer-jobs-in-pune","https://www.searchsarkarinaukri.com/jobs/job-openings-at-defence-institute-of-advanced-technology-pune-3-project-associate-i-pa-and-junior-research-fellow-jrf-posts-available--4654","410","Job Openings at Defence Institute of Advanced Technology, Pune — 3 Project Associate – I (PA) and Junior Research Fellow (JRF) Posts Available",""
"https://www.searchsarkarinaukri.com/engineer-jobs-in-pune","https://www.searchsarkarinaukri.com/jobs/recruitment-notification-national-centre-for-radio-astrophysics-pune-hiring-30-project-administrative-officer-project-technical-assistant-en--4122","410","Recruitment Notification: National Centre for Radio Astrophysics, Pune hiring 30 Project Administrative Officer, Project Technical Assistant, Engineer Trainee, L 2026",""
"https://www.searchsarkarinaukri.com/mbbs-medical-jobs-in-pune","https://www.searchsarkarinaukri.com/jobs/esic-senior-resident-recruitment-2026-walk-in-for-5-posts--5023","410","ESIC Senior Resident Recruitment 2026 – Walk-in for 5 Posts",""
"https://www.searchsarkarinaukri.com/mbbs-medical-jobs-in-pune","https://www.searchsarkarinaukri.com/jobs/esic-assistant-professor-recruitment-2026-walk-in-for-7-posts--5022","410","ESIC Assistant Professor Recruitment 2026 – Walk-in for 7 Posts",""
"https://www.searchsarkarinaukri.com/mbbs-medical-jobs-in-pune","https://www.searchsarkarinaukri.com/jobs/esic-associate-professor-recruitment-2026-walk-in-for-11-posts--5021","410","ESIC Associate Professor Recruitment 2026 – Walk-in for 11 Posts",""
"https://www.searchsarkarinaukri.com/mbbs-medical-jobs-in-pune","https://www.searchsarkarinaukri.com/jobs/esic-professor-recruitment-2026-walk-in-for-6-posts--5020","410","ESIC Professor Recruitment 2026 – Walk-in for 6 Posts",""
"https://www.searchsarkarinaukri.com/mbbs-medical-jobs-in-pune","https://www.searchsarkarinaukri.com/jobs/recruitment-notification-ex-servicemen-contributory-health-scheme-station-cell-pune-hiring-2-medical-officer-gynaecologist-2026--4769","410","Recruitment Notification: Ex-Servicemen Contributory Health Scheme Station Cell Pune hiring 2 Medical Officer, Gynaecologist 2026",""
"https://www.searchsarkarinaukri.com/mbbs-medical-jobs-in-mumbai","https://www.searchsarkarinaukri.com/jobs/advanced-centre-for-treatment-research-and-education-in-cancer-actrec-recruitment-2026-research-nurse-post-vacancy--4610","410","Advanced Centre for Treatment, Research and Education in Cancer (ACTREC) Recruitment 2026 — Research Nurse Post Vacancy",""
"https://www.searchsarkarinaukri.com/mbbs-medical-jobs-in-mumbai","https://www.searchsarkarinaukri.com/jobs/icmr-nirwoh-senior-consultant-recruitment-2026-walk-in-for-1-post--5025","410","ICMR NIRWoH Senior Consultant Recruitment 2026 – Walk-in for 1 Post",""
"https://www.searchsarkarinaukri.com/mbbs-medical-jobs-in-mumbai","https://www.searchsarkarinaukri.com/jobs/recruitment-notification-mumbai-port-authority-mumbai-port-trust-hiring-63-principal-advisor-civil-sports-trainees-senior-deputy-chief-medic--4602","410","Recruitment Notification: Mumbai Port Authority (Mumbai Port Trust) hiring 63 Principal Advisor (Civil), Sports Trainees, Senior Deputy Chief Medical Officer 2026",""
"https://www.searchsarkarinaukri.com/mbbs-medical-jobs-in-mumbai","https://www.searchsarkarinaukri.com/jobs/recruitment-notification-brihan-mumbai-mahanagarpalika-mcgm-hiring-17-staff-nurse-x-ray-technician-2026--4998","410","Recruitment Notification: Brihan Mumbai Mahanagarpalika (MCGM) hiring 17 Staff Nurse, X-ray Technician 2026",""
"https://www.searchsarkarinaukri.com/engineering-jobs-in-mumbai","https://www.searchsarkarinaukri.com/jobs/society-for-applied-microwave-electronics-engineering-research-mumbai-invites-applications-for-35-graduate-diploma-apprentice-trainee-positi--4656","410","Society for Applied Microwave Electronics Engineering & Research Mumbai invites applications for 35 Graduate & Diploma Apprentice Trainee positions 2026",""
"https://www.searchsarkarinaukri.com/engineering-jobs-in-mumbai","https://www.searchsarkarinaukri.com/jobs/recruitment-notification-konkan-railway-corporation-limited-krcl-hiring-142-apprentice-trainees-and-junior-technical-assistants-2026--4766","410","Recruitment Notification: Konkan Railway Corporation Limited (KRCL) hiring 142 Apprentice Trainees and Junior Technical Assistants 2026",""
"https://www.searchsarkarinaukri.com/engineering-jobs-in-mumbai","https://www.searchsarkarinaukri.com/jobs/konkan-railway-corporation-limited-2026-recruitment-drive-142-junior-technical-assistant-junior-technical-assistant-design-drawing-appre-vac--4596","410","Konkan Railway Corporation Limited 2026 Recruitment Drive: 142 Junior Technical Assistant, Junior Technical Assistant – Design & Drawing, Appre Vacancies Announced",""
"https://www.searchsarkarinaukri.com/engineering-jobs-in-mumbai","https://www.searchsarkarinaukri.com/jobs/recruitment-notification-konkan-railway-corporation-limited-hiring-134-apprentice-trainee-2026--4477","410","Recruitment Notification: Konkan Railway Corporation Limited hiring 134 Apprentice Trainee 2026",""
"https://www.searchsarkarinaukri.com/engineering-jobs-in-mumbai","https://www.searchsarkarinaukri.com/jobs/apply-for-7-young-professional-legal-professional-posts-at-office-of-the-textile-commissioner-ministry-of-textiles-government-of-india-2026--4130","410","Apply for 7 Young Professional & Legal Professional Posts at Office of the Textile Commissioner, Ministry of Textiles, Government of India (2026 Recruitment)",""
"https://www.searchsarkarinaukri.com/engineering-jobs-in-mumbai","https://www.searchsarkarinaukri.com/jobs/recruitment-notification-mumbai-port-authority-mumbai-port-trust-hiring-63-principal-advisor-civil-sports-trainees-senior-deputy-chief-medic--4602","410","Recruitment Notification: Mumbai Port Authority (Mumbai Port Trust) hiring 63 Principal Advisor (Civil), Sports Trainees, Senior Deputy Chief Medical Officer 2026",""
"https://www.searchsarkarinaukri.com/engineering-jobs-in-mumbai","https://www.searchsarkarinaukri.com/jobs/airports-authority-of-india-aai-western-region-recruitment-2026-36-graduate-and-diploma-apprentice-vacancies-open--4135","410","Airports Authority of India (AAI) – Western Region Recruitment 2026 — 36 Graduate and Diploma Apprentice Vacancies Open",""
"https://www.searchsarkarinaukri.com/engineering-jobs-in-pune","https://www.searchsarkarinaukri.com/jobs/job-openings-at-defence-institute-of-advanced-technology-pune-3-project-associate-i-pa-and-junior-research-fellow-jrf-posts-available--4654","410","Job Openings at Defence Institute of Advanced Technology, Pune — 3 Project Associate – I (PA) and Junior Research Fellow (JRF) Posts Available",""
"https://www.searchsarkarinaukri.com/engineering-jobs-in-pune","https://www.searchsarkarinaukri.com/jobs/recruitment-notification-national-centre-for-radio-astrophysics-pune-hiring-30-project-administrative-officer-project-technical-assistant-en--4122","410","Recruitment Notification: National Centre for Radio Astrophysics, Pune hiring 30 Project Administrative Officer, Project Technical Assistant, Engineer Trainee, L 2026",""
"https://www.searchsarkarinaukri.com/engineering-jobs-in-nagpur","https://www.searchsarkarinaukri.com/jobs/csir-neeri-project-associate-recruitment-2026-apply-online-for-2-posts--5016","410","CSIR NEERI Project Associate Recruitment 2026 – Apply Online for 2 Posts",""
"https://www.searchsarkarinaukri.com/engineering-jobs-in-nagpur","https://www.searchsarkarinaukri.com/jobs/icar-central-citrus-research-institute-nagpur-2026-recruitment-drive-3-young-professional-i-young-professional-ii-vacancies-announced--4936","410","ICAR-Central Citrus Research Institute, Nagpur 2026 Recruitment Drive: 3 Young Professional – I, Young Professional – II Vacancies Announced",""
"https://www.searchsarkarinaukri.com/districts/mumbai-city","https://www.searchsarkarinaukri.com/jobs/society-for-applied-microwave-electronics-engineering-research-mumbai-invites-applications-for-35-graduate-diploma-apprentice-trainee-positi--4656","410","Society for Applied Microwave Electronics Engineering & Research Mumbai invites applications for 35 Graduate & Diploma Apprentice Trainee positions 2026",""
"https://www.searchsarkarinaukri.com/districts/mumbai-city","https://www.searchsarkarinaukri.com/jobs/advanced-centre-for-treatment-research-and-education-in-cancer-actrec-recruitment-2026-research-nurse-post-vacancy--4610","410","Advanced Centre for Treatment, Research and Education in Cancer (ACTREC) Recruitment 2026 — Research Nurse Post Vacancy",""
"https://www.searchsarkarinaukri.com/districts/mumbai-city","https://www.searchsarkarinaukri.com/jobs/recruitment-notification-konkan-railway-corporation-limited-krcl-hiring-142-apprentice-trainees-and-junior-technical-assistants-2026--4766","410","Recruitment Notification: Konkan Railway Corporation Limited (KRCL) hiring 142 Apprentice Trainees and Junior Technical Assistants 2026",""
"https://www.searchsarkarinaukri.com/districts/mumbai-city","https://www.searchsarkarinaukri.com/jobs/konkan-railway-corporation-limited-2026-recruitment-drive-142-junior-technical-assistant-junior-technical-assistant-design-drawing-appre-vac--4596","410","Konkan Railway Corporation Limited 2026 Recruitment Drive: 142 Junior Technical Assistant, Junior Technical Assistant – Design & Drawing, Appre Vacancies Announced",""
"https://www.searchsarkarinaukri.com/districts/mumbai-city","https://www.searchsarkarinaukri.com/jobs/recruitment-notification-konkan-railway-corporation-limited-hiring-134-apprentice-trainee-2026--4477","410","Recruitment Notification: Konkan Railway Corporation Limited hiring 134 Apprentice Trainee 2026",""
"https://www.searchsarkarinaukri.com/districts/mumbai-city","https://www.searchsarkarinaukri.com/jobs/apply-for-7-young-professional-legal-professional-posts-at-office-of-the-textile-commissioner-ministry-of-textiles-government-of-india-2026--4130","410","Apply for 7 Young Professional & Legal Professional Posts at Office of the Textile Commissioner, Ministry of Textiles, Government of India (2026 Recruitment)",""
"https://www.searchsarkarinaukri.com/districts/mumbai-suburban","https://www.searchsarkarinaukri.com/jobs/society-for-applied-microwave-electronics-engineering-research-mumbai-invites-applications-for-35-graduate-diploma-apprentice-trainee-positi--4656","410","Society for Applied Microwave Electronics Engineering & Research Mumbai invites applications for 35 Graduate & Diploma Apprentice Trainee positions 2026",""
"https://www.searchsarkarinaukri.com/districts/mumbai-suburban","https://www.searchsarkarinaukri.com/jobs/advanced-centre-for-treatment-research-and-education-in-cancer-actrec-recruitment-2026-research-nurse-post-vacancy--4610","410","Advanced Centre for Treatment, Research and Education in Cancer (ACTREC) Recruitment 2026 — Research Nurse Post Vacancy",""
"https://www.searchsarkarinaukri.com/districts/mumbai-suburban","https://www.searchsarkarinaukri.com/jobs/recruitment-notification-konkan-railway-corporation-limited-krcl-hiring-142-apprentice-trainees-and-junior-technical-assistants-2026--4766","410","Recruitment Notification: Konkan Railway Corporation Limited (KRCL) hiring 142 Apprentice Trainees and Junior Technical Assistants 2026",""
"https://www.searchsarkarinaukri.com/districts/mumbai-suburban","https://www.searchsarkarinaukri.com/jobs/konkan-railway-corporation-limited-2026-recruitment-drive-142-junior-technical-assistant-junior-technical-assistant-design-drawing-appre-vac--4596","410","Konkan Railway Corporation Limited 2026 Recruitment Drive: 142 Junior Technical Assistant, Junior Technical Assistant – Design & Drawing, Appre Vacancies Announced",""
"https://www.searchsarkarinaukri.com/districts/mumbai-suburban","https://www.searchsarkarinaukri.com/jobs/recruitment-notification-konkan-railway-corporation-limited-hiring-134-apprentice-trainee-2026--4477","410","Recruitment Notification: Konkan Railway Corporation Limited hiring 134 Apprentice Trainee 2026",""
"https://www.searchsarkarinaukri.com/districts/mumbai-suburban","https://www.searchsarkarinaukri.com/jobs/apply-for-1-young-professional-ii-yp-ii-post-at-icar-central-institute-of-fisheries-education-mumbai-2026-recruitment--4942","410","Apply for 1 Young Professional-II (YP-II) Post at ICAR-Central Institute of Fisheries Education, Mumbai (2026 Recruitment)",""
"https://www.searchsarkarinaukri.com/districts/mumbai-suburban","https://www.searchsarkarinaukri.com/jobs/recruitment-notification-brihan-mumbai-mahanagarpalika-mcgm-hiring-17-staff-nurse-x-ray-technician-2026--4998","410","Recruitment Notification: Brihan Mumbai Mahanagarpalika (MCGM) hiring 17 Staff Nurse, X-ray Technician 2026",""
"https://www.searchsarkarinaukri.com/districts/jalgaon","https://www.searchsarkarinaukri.com/jobs/recruitment-notification-government-dental-college-hospital-jalgaon-hiring-12-assistant-professor-2026--4603","410","Recruitment Notification: Government Dental College & Hospital, Jalgaon hiring 12 Assistant Professor 2026",""
"https://www.searchsarkarinaukri.com/districts/jalgaon","https://www.searchsarkarinaukri.com/jobs/umed-maharashtra-state-rural-livelihoods-mission-jalgaon-recruitment-2026-16-ifc-block-anchor-senior-community-resource-person-vacancies-ope--4930","410","UMED Maharashtra State Rural Livelihoods Mission, Jalgaon Recruitment 2026 — 16 IFC Block Anchor, Senior Community Resource Person Vacancies Open",""
"https://www.searchsarkarinaukri.com/districts/nashik","https://www.searchsarkarinaukri.com/jobs/job--3857","410","१२७ प्राध्यापक पदांसाठी नाशिकच्या गोखले एज्युकेशन सोसायटी भरती अपडेट",""
"https://www.searchsarkarinaukri.com/districts/nashik","https://www.searchsarkarinaukri.com/jobs/apply-for-5-full-time-general-duty-medical-officer-contractual-posts-at-india-security-press-nashik-2026-recruitment--4991","410","Apply for 5 Full time General Duty Medical Officer (Contractual) Posts at India Security Press, Nashik (2026 Recruitment)",""
"https://www.searchsarkarinaukri.com/districts/pune","https://www.searchsarkarinaukri.com/jobs/esic-senior-resident-recruitment-2026-walk-in-for-5-posts--5023","410","ESIC Senior Resident Recruitment 2026 – Walk-in for 5 Posts",""
"https://www.searchsarkarinaukri.com/districts/pune","https://www.searchsarkarinaukri.com/jobs/esic-assistant-professor-recruitment-2026-walk-in-for-7-posts--5022","410","ESIC Assistant Professor Recruitment 2026 – Walk-in for 7 Posts",""
"https://www.searchsarkarinaukri.com/districts/pune","https://www.searchsarkarinaukri.com/jobs/esic-associate-professor-recruitment-2026-walk-in-for-11-posts--5021","410","ESIC Associate Professor Recruitment 2026 – Walk-in for 11 Posts",""
"https://www.searchsarkarinaukri.com/districts/pune","https://www.searchsarkarinaukri.com/jobs/esic-professor-recruitment-2026-walk-in-for-6-posts--5020","410","ESIC Professor Recruitment 2026 – Walk-in for 6 Posts",""
"https://www.searchsarkarinaukri.com/districts/pune","https://www.searchsarkarinaukri.com/jobs/job-openings-at-defence-institute-of-advanced-technology-pune-3-project-associate-i-pa-and-junior-research-fellow-jrf-posts-available--4654","410","Job Openings at Defence Institute of Advanced Technology, Pune — 3 Project Associate – I (PA) and Junior Research Fellow (JRF) Posts Available",""
"https://www.searchsarkarinaukri.com/districts/kolhapur","https://www.searchsarkarinaukri.com/jobs/business-correspondent-supervisor--975","410","बीसी पर्यवेक्षक (Business Correspondent Supervisor)",""
"https://www.searchsarkarinaukri.com/districts/kolhapur","https://www.searchsarkarinaukri.com/jobs/job--4731","410","कोल्हापूरच्या माजी सैनिक आरोग्य योजने: ५० विविध पदांसाठी भरती सूचना २०२६",""
"https://www.searchsarkarinaukri.com/districts/solapur","https://www.searchsarkarinaukri.com/jobs/job--4278","410","सोलापूर विद्यापीठा ९ सहाय्यक प्राध्यापक पदांसाठी पात्रता व अर्ज तपशील",""
"https://www.searchsarkarinaukri.com/districts/aurangabad","https://www.searchsarkarinaukri.com/jobs/bombay-high-court-cook-recruitment-2026-apply-offline-for-18-posts--5024","410","Bombay High Court Cook Recruitment 2026 – Apply Offline for 18 Posts",""
"https://www.searchsarkarinaukri.com/districts/latur","https://www.searchsarkarinaukri.com/jobs/business-correspondent-supervisor--975","410","बीसी पर्यवेक्षक (Business Correspondent Supervisor)",""
"https://www.searchsarkarinaukri.com/districts/osmanabad","https://www.searchsarkarinaukri.com/jobs/business-correspondent-supervisor--975","410","बीसी पर्यवेक्षक (Business Correspondent Supervisor)",""
"https://www.searchsarkarinaukri.com/districts/nagpur","https://www.searchsarkarinaukri.com/jobs/csir-neeri-project-associate-recruitment-2026-apply-online-for-2-posts--5016","410","CSIR NEERI Project Associate Recruitment 2026 – Apply Online for 2 Posts",""
"https://www.searchsarkarinaukri.com/districts/nagpur","https://www.searchsarkarinaukri.com/jobs/icar-central-citrus-research-institute-nagpur-2026-recruitment-drive-3-young-professional-i-young-professional-ii-vacancies-announced--4936","410","ICAR-Central Citrus Research Institute, Nagpur 2026 Recruitment Drive: 3 Young Professional – I, Young Professional – II Vacancies Announced",""
"https://www.searchsarkarinaukri.com/districts/nagpur","https://www.searchsarkarinaukri.com/jobs/recruitment-notification-maharashtra-metro-rail-corporation-limited-hiring-4-deputy-general-manager-mmi-assistant-manager-public-relations-o--4199","410","Recruitment Notification: Maharashtra Metro Rail Corporation Limited hiring 4 Deputy General Manager (MMI), Assistant Manager (Public Relations), Office Assis 2026",""
"https://www.searchsarkarinaukri.com/districts/nagpur","https://www.searchsarkarinaukri.com/jobs/recruitment-notification-maharashtra-metro-rail-corporation-limited-hiring-5-manager-hr-assistant-manager-hr-dgm-mmi-assistant-manager-pr-of--4937","410","Recruitment Notification: Maharashtra Metro Rail Corporation Limited hiring 5 Manager (HR), Assistant Manager (HR), DGM (MMI), Assistant Manager (PR), Office 2026",""
"https://www.searchsarkarinaukri.com/districts/chandrapur","https://www.searchsarkarinaukri.com/jobs/tadoba-andhari-tiger-reserve-conservation-forest-department-chandrapur-invites-applications-for-1-kolara-tourism-gate-manager-position-2026--4941","410","Tadoba-Andhari Tiger Reserve Conservation, Forest Department Chandrapur invites applications for 1 Kolara Tourism Gate Manager position 2026",""
"https://www.searchsarkarinaukri.com/districts/mumbai-city/central","https://www.searchsarkarinaukri.com/jobs/recruitment-notification-konkan-railway-corporation-limited-krcl-hiring-142-apprentice-trainees-and-junior-technical-assistants-2026--4766","410","Recruitment Notification: Konkan Railway Corporation Limited (KRCL) hiring 142 Apprentice Trainees and Junior Technical Assistants 2026",""
"https://www.searchsarkarinaukri.com/districts/mumbai-city/central","https://www.searchsarkarinaukri.com/jobs/konkan-railway-corporation-limited-2026-recruitment-drive-142-junior-technical-assistant-junior-technical-assistant-design-drawing-appre-vac--4596","410","Konkan Railway Corporation Limited 2026 Recruitment Drive: 142 Junior Technical Assistant, Junior Technical Assistant – Design & Drawing, Appre Vacancies Announced",""
"https://www.searchsarkarinaukri.com/districts/mumbai-city/central","https://www.searchsarkarinaukri.com/jobs/recruitment-notification-konkan-railway-corporation-limited-hiring-134-apprentice-trainee-2026--4477","410","Recruitment Notification: Konkan Railway Corporation Limited hiring 134 Apprentice Trainee 2026",""
"https://www.searchsarkarinaukri.com/districts/mumbai-city/central","https://www.searchsarkarinaukri.com/jobs/apply-for-7-young-professional-legal-professional-posts-at-office-of-the-textile-commissioner-ministry-of-textiles-government-of-india-2026--4130","410","Apply for 7 Young Professional & Legal Professional Posts at Office of the Textile Commissioner, Ministry of Textiles, Government of India (2026 Recruitment)",""
"https://www.searchsarkarinaukri.com/districts/mumbai-city/central","https://www.searchsarkarinaukri.com/jobs/recruitment-notification-mumbai-port-authority-sports-club-hiring-54-sports-trainee-2026--4196","410","Recruitment Notification: Mumbai Port Authority Sports Club hiring 54 Sports Trainee 2026",""
"https://www.searchsarkarinaukri.com/districts/mumbai-city/central","https://www.searchsarkarinaukri.com/jobs/apply-for-1-young-professional-ii-yp-ii-post-at-icar-central-institute-of-fisheries-education-mumbai-2026-recruitment--4942","410","Apply for 1 Young Professional-II (YP-II) Post at ICAR-Central Institute of Fisheries Education, Mumbai (2026 Recruitment)",""
"https://www.searchsarkarinaukri.com/districts/mumbai-city/central","https://www.searchsarkarinaukri.com/jobs/recruitment-notification-mumbai-port-authority-mumbai-port-trust-hiring-63-principal-advisor-civil-sports-trainees-senior-deputy-chief-medic--4602","410","Recruitment Notification: Mumbai Port Authority (Mumbai Port Trust) hiring 63 Principal Advisor (Civil), Sports Trainees, Senior Deputy Chief Medical Officer 2026",""
"https://www.searchsarkarinaukri.com/districts/mumbai-city/central","https://www.searchsarkarinaukri.com/jobs/recruitment-notification-mumbai-port-authority-mumbai-port-trust-hiring-51-consultant-fsi-implementation-junior-professional-trainee-clerk-s--4939","410","Recruitment Notification: Mumbai Port Authority (Mumbai Port Trust) hiring 51 Consultant (FSI Implementation), Junior Professional Trainee (Clerk), Senior Pro 2026",""
"https://www.searchsarkarinaukri.com/districts/mumbai-city/central","https://www.searchsarkarinaukri.com/jobs/airports-authority-of-india-aai-western-region-recruitment-2026-36-graduate-and-diploma-apprentice-vacancies-open--4135","410","Airports Authority of India (AAI) – Western Region Recruitment 2026 — 36 Graduate and Diploma Apprentice Vacancies Open",""
"https://www.searchsarkarinaukri.com/districts/mumbai-suburban/railway","https://www.searchsarkarinaukri.com/jobs/recruitment-notification-konkan-railway-corporation-limited-krcl-hiring-142-apprentice-trainees-and-junior-technical-assistants-2026--4766","410","Recruitment Notification: Konkan Railway Corporation Limited (KRCL) hiring 142 Apprentice Trainees and Junior Technical Assistants 2026",""
"https://www.searchsarkarinaukri.com/districts/mumbai-suburban/railway","https://www.searchsarkarinaukri.com/jobs/konkan-railway-corporation-limited-2026-recruitment-drive-142-junior-technical-assistant-junior-technical-assistant-design-drawing-appre-vac--4596","410","Konkan Railway Corporation Limited 2026 Recruitment Drive: 142 Junior Technical Assistant, Junior Technical Assistant – Design & Drawing, Appre Vacancies Announced",""
"https://www.searchsarkarinaukri.com/districts/mumbai-suburban/railway","https://www.searchsarkarinaukri.com/jobs/recruitment-notification-konkan-railway-corporation-limited-hiring-134-apprentice-trainee-2026--4477","410","Recruitment Notification: Konkan Railway Corporation Limited hiring 134 Apprentice Trainee 2026",""
"https://www.searchsarkarinaukri.com/districts/mumbai-city/health","https://www.searchsarkarinaukri.com/jobs/advanced-centre-for-treatment-research-and-education-in-cancer-actrec-recruitment-2026-research-nurse-post-vacancy--4610","410","Advanced Centre for Treatment, Research and Education in Cancer (ACTREC) Recruitment 2026 — Research Nurse Post Vacancy",""
"https://www.searchsarkarinaukri.com/districts/mumbai-city/health","https://www.searchsarkarinaukri.com/jobs/icmr-nirwoh-senior-consultant-recruitment-2026-walk-in-for-1-post--5025","410","ICMR NIRWoH Senior Consultant Recruitment 2026 – Walk-in for 1 Post",""
"https://www.searchsarkarinaukri.com/districts/mumbai-city/health","https://www.searchsarkarinaukri.com/jobs/recruitment-notification-mumbai-port-authority-mumbai-port-trust-hiring-63-principal-advisor-civil-sports-trainees-senior-deputy-chief-medic--4602","410","Recruitment Notification: Mumbai Port Authority (Mumbai Port Trust) hiring 63 Principal Advisor (Civil), Sports Trainees, Senior Deputy Chief Medical Officer 2026",""
"https://www.searchsarkarinaukri.com/districts/mumbai-city/health","https://www.searchsarkarinaukri.com/jobs/recruitment-notification-brihan-mumbai-mahanagarpalika-mcgm-hiring-17-staff-nurse-x-ray-technician-2026--4998","410","Recruitment Notification: Brihan Mumbai Mahanagarpalika (MCGM) hiring 17 Staff Nurse, X-ray Technician 2026",""
"https://www.searchsarkarinaukri.com/districts/mumbai-suburban/central","https://www.searchsarkarinaukri.com/jobs/recruitment-notification-konkan-railway-corporation-limited-krcl-hiring-142-apprentice-trainees-and-junior-technical-assistants-2026--4766","410","Recruitment Notification: Konkan Railway Corporation Limited (KRCL) hiring 142 Apprentice Trainees and Junior Technical Assistants 2026",""
"https://www.searchsarkarinaukri.com/districts/mumbai-suburban/central","https://www.searchsarkarinaukri.com/jobs/konkan-railway-corporation-limited-2026-recruitment-drive-142-junior-technical-assistant-junior-technical-assistant-design-drawing-appre-vac--4596","410","Konkan Railway Corporation Limited 2026 Recruitment Drive: 142 Junior Technical Assistant, Junior Technical Assistant – Design & Drawing, Appre Vacancies Announced",""
"https://www.searchsarkarinaukri.com/districts/mumbai-suburban/central","https://www.searchsarkarinaukri.com/jobs/recruitment-notification-konkan-railway-corporation-limited-hiring-134-apprentice-trainee-2026--4477","410","Recruitment Notification: Konkan Railway Corporation Limited hiring 134 Apprentice Trainee 2026",""
"https://www.searchsarkarinaukri.com/districts/mumbai-suburban/central","https://www.searchsarkarinaukri.com/jobs/apply-for-1-young-professional-ii-yp-ii-post-at-icar-central-institute-of-fisheries-education-mumbai-2026-recruitment--4942","410","Apply for 1 Young Professional-II (YP-II) Post at ICAR-Central Institute of Fisheries Education, Mumbai (2026 Recruitment)",""
"https://www.searchsarkarinaukri.com/districts/pune/health","https://www.searchsarkarinaukri.com/jobs/esic-senior-resident-recruitment-2026-walk-in-for-5-posts--5023","410","ESIC Senior Resident Recruitment 2026 – Walk-in for 5 Posts",""
"https://www.searchsarkarinaukri.com/districts/pune/health","https://www.searchsarkarinaukri.com/jobs/esic-assistant-professor-recruitment-2026-walk-in-for-7-posts--5022","410","ESIC Assistant Professor Recruitment 2026 – Walk-in for 7 Posts",""
"https://www.searchsarkarinaukri.com/districts/pune/health","https://www.searchsarkarinaukri.com/jobs/esic-associate-professor-recruitment-2026-walk-in-for-11-posts--5021","410","ESIC Associate Professor Recruitment 2026 – Walk-in for 11 Posts",""
"https://www.searchsarkarinaukri.com/districts/pune/health","https://www.searchsarkarinaukri.com/jobs/esic-professor-recruitment-2026-walk-in-for-6-posts--5020","410","ESIC Professor Recruitment 2026 – Walk-in for 6 Posts",""
"https://www.searchsarkarinaukri.com/districts/pune/health","https://www.searchsarkarinaukri.com/jobs/recruitment-notification-ex-servicemen-contributory-health-scheme-station-cell-pune-hiring-2-medical-officer-gynaecologist-2026--4769","410","Recruitment Notification: Ex-Servicemen Contributory Health Scheme Station Cell Pune hiring 2 Medical Officer, Gynaecologist 2026",""
"https://www.searchsarkarinaukri.com/districts/pune/central","https://www.searchsarkarinaukri.com/jobs/recruitment-notification-national-centre-of-radio-astrophysics-pune-hiring-8-administrative-assistant-b-clerk-a-driver-b-laboratory-assistan--4133","410","Recruitment Notification: National Centre of Radio Astrophysics, Pune hiring 8 Administrative Assistant-B, Clerk-A, Driver-B, Laboratory Assistant-B, Security 2026",""
"https://www.searchsarkarinaukri.com/jobs?category=railway","https://www.searchsarkarinaukri.com/jobs/recruitment-notification-maharashtra-metro-rail-corporation-limited-hiring-5-manager-hr-assistant-manager-hr-dgm-mmi-assistant-manager-pr-of--4937","410","Recruitment Notification: Maharashtra Metro Rail Corporation Limited hiring 5 Manager (HR), Assistant Manager (HR), DGM (MMI), Assistant Manager (PR), Office 2026",""
"https://www.searchsarkarinaukri.com/jobs?category=railway","https://www.searchsarkarinaukri.com/jobs/recruitment-notification-konkan-railway-corporation-limited-krcl-hiring-142-apprentice-trainees-and-junior-technical-assistants-2026--4766","410","Recruitment Notification: Konkan Railway Corporation Limited (KRCL) hiring 142 Apprentice Trainees and Junior Technical Assistants 2026",""
"https://www.searchsarkarinaukri.com/jobs?category=railway","https://www.searchsarkarinaukri.com/jobs/konkan-railway-corporation-limited-2026-recruitment-drive-142-junior-technical-assistant-junior-technical-assistant-design-drawing-appre-vac--4596","410","Konkan Railway Corporation Limited 2026 Recruitment Drive: 142 Junior Technical Assistant, Junior Technical Assistant – Design & Drawing, Appre Vacancies Announced",""
"https://www.searchsarkarinaukri.com/jobs?category=railway","https://www.searchsarkarinaukri.com/jobs/recruitment-notification-konkan-railway-corporation-limited-hiring-134-apprentice-trainee-2026--4477","410","Recruitment Notification: Konkan Railway Corporation Limited hiring 134 Apprentice Trainee 2026",""
"https://www.searchsarkarinaukri.com/jobs?category=railway","https://www.searchsarkarinaukri.com/jobs/recruitment-notification-maharashtra-metro-rail-corporation-limited-hiring-4-deputy-general-manager-mmi-assistant-manager-public-relations-o--4199","410","Recruitment Notification: Maharashtra Metro Rail Corporation Limited hiring 4 Deputy General Manager (MMI), Assistant Manager (Public Relations), Office Assis 2026",""
"https://www.searchsarkarinaukri.com/jobs?category=health","https://www.searchsarkarinaukri.com/jobs/icmr-nirwoh-senior-consultant-recruitment-2026-walk-in-for-1-post--5025","410","ICMR NIRWoH Senior Consultant Recruitment 2026 – Walk-in for 1 Post",""
"https://www.searchsarkarinaukri.com/jobs?category=health","https://www.searchsarkarinaukri.com/jobs/esic-senior-resident-recruitment-2026-walk-in-for-5-posts--5023","410","ESIC Senior Resident Recruitment 2026 – Walk-in for 5 Posts",""
"https://www.searchsarkarinaukri.com/jobs?category=health","https://www.searchsarkarinaukri.com/jobs/esic-assistant-professor-recruitment-2026-walk-in-for-7-posts--5022","410","ESIC Assistant Professor Recruitment 2026 – Walk-in for 7 Posts",""
"https://www.searchsarkarinaukri.com/jobs?category=health","https://www.searchsarkarinaukri.com/jobs/esic-associate-professor-recruitment-2026-walk-in-for-11-posts--5021","410","ESIC Associate Professor Recruitment 2026 – Walk-in for 11 Posts",""
"https://www.searchsarkarinaukri.com/jobs?category=health","https://www.searchsarkarinaukri.com/jobs/esic-professor-recruitment-2026-walk-in-for-6-posts--5020","410","ESIC Professor Recruitment 2026 – Walk-in for 6 Posts",""
"https://www.searchsarkarinaukri.com/jobs?category=health","https://www.searchsarkarinaukri.com/jobs/recruitment-notification-brihan-mumbai-mahanagarpalika-mcgm-hiring-17-staff-nurse-x-ray-technician-2026--4998","410","Recruitment Notification: Brihan Mumbai Mahanagarpalika (MCGM) hiring 17 Staff Nurse, X-ray Technician 2026",""
"https://www.searchsarkarinaukri.com/jobs?category=health","https://www.searchsarkarinaukri.com/jobs/apply-for-5-full-time-general-duty-medical-officer-contractual-posts-at-india-security-press-nashik-2026-recruitment--4991","410","Apply for 5 Full time General Duty Medical Officer (Contractual) Posts at India Security Press, Nashik (2026 Recruitment)",""
"https://www.searchsarkarinaukri.com/jobs?category=health","https://www.searchsarkarinaukri.com/jobs/tadoba-andhari-tiger-reserve-conservation-forest-department-chandrapur-invites-applications-for-1-kolara-tourism-gate-manager-position-2026--4941","410","Tadoba-Andhari Tiger Reserve Conservation, Forest Department Chandrapur invites applications for 1 Kolara Tourism Gate Manager position 2026",""
"https://www.searchsarkarinaukri.com/jobs?category=health","https://www.searchsarkarinaukri.com/jobs/recruitment-notification-ex-servicemen-contributory-health-scheme-station-cell-pune-hiring-2-medical-officer-gynaecologist-2026--4769","410","Recruitment Notification: Ex-Servicemen Contributory Health Scheme Station Cell Pune hiring 2 Medical Officer, Gynaecologist 2026",""
"https://www.searchsarkarinaukri.com/jobs?category=health","https://www.searchsarkarinaukri.com/jobs/advanced-centre-for-treatment-research-and-education-in-cancer-actrec-recruitment-2026-research-nurse-post-vacancy--4610","410","Advanced Centre for Treatment, Research and Education in Cancer (ACTREC) Recruitment 2026 — Research Nurse Post Vacancy",""
"https://www.searchsarkarinaukri.com/jobs?category=central","https://www.searchsarkarinaukri.com/jobs/apply-for-5-full-time-general-duty-medical-officer-contractual-posts-at-india-security-press-nashik-2026-recruitment--4991","410","Apply for 5 Full time General Duty Medical Officer (Contractual) Posts at India Security Press, Nashik (2026 Recruitment)",""
"https://www.searchsarkarinaukri.com/jobs?category=central","https://www.searchsarkarinaukri.com/jobs/apply-for-1-young-professional-ii-yp-ii-post-at-icar-central-institute-of-fisheries-education-mumbai-2026-recruitment--4942","410","Apply for 1 Young Professional-II (YP-II) Post at ICAR-Central Institute of Fisheries Education, Mumbai (2026 Recruitment)",""
"https://www.searchsarkarinaukri.com/jobs?category=central","https://www.searchsarkarinaukri.com/jobs/recruitment-notification-mumbai-port-authority-mumbai-port-trust-hiring-51-consultant-fsi-implementation-junior-professional-trainee-clerk-s--4939","410","Recruitment Notification: Mumbai Port Authority (Mumbai Port Trust) hiring 51 Consultant (FSI Implementation), Junior Professional Trainee (Clerk), Senior Pro 2026",""
"https://www.searchsarkarinaukri.com/jobs?category=central","https://www.searchsarkarinaukri.com/jobs/icar-central-citrus-research-institute-nagpur-2026-recruitment-drive-3-young-professional-i-young-professional-ii-vacancies-announced--4936","410","ICAR-Central Citrus Research Institute, Nagpur 2026 Recruitment Drive: 3 Young Professional – I, Young Professional – II Vacancies Announced",""
"https://www.searchsarkarinaukri.com/jobs?category=central","https://www.searchsarkarinaukri.com/jobs/recruitment-notification-konkan-railway-corporation-limited-krcl-hiring-142-apprentice-trainees-and-junior-technical-assistants-2026--4766","410","Recruitment Notification: Konkan Railway Corporation Limited (KRCL) hiring 142 Apprentice Trainees and Junior Technical Assistants 2026",""
"https://www.searchsarkarinaukri.com/jobs?category=central","https://www.searchsarkarinaukri.com/jobs/recruitment-notification-mumbai-port-authority-mumbai-port-trust-hiring-63-principal-advisor-civil-sports-trainees-senior-deputy-chief-medic--4602","410","Recruitment Notification: Mumbai Port Authority (Mumbai Port Trust) hiring 63 Principal Advisor (Civil), Sports Trainees, Senior Deputy Chief Medical Officer 2026",""
"https://www.searchsarkarinaukri.com/jobs?category=central","https://www.searchsarkarinaukri.com/jobs/konkan-railway-corporation-limited-2026-recruitment-drive-142-junior-technical-assistant-junior-technical-assistant-design-drawing-appre-vac--4596","410","Konkan Railway Corporation Limited 2026 Recruitment Drive: 142 Junior Technical Assistant, Junior Technical Assistant – Design & Drawing, Appre Vacancies Announced",""
"https://www.searchsarkarinaukri.com/jobs?category=forest","https://www.searchsarkarinaukri.com/jobs/tadoba-andhari-tiger-reserve-conservation-forest-department-chandrapur-invites-applications-for-1-kolara-tourism-gate-manager-position-2026--4941","410","Tadoba-Andhari Tiger Reserve Conservation, Forest Department Chandrapur invites applications for 1 Kolara Tourism Gate Manager position 2026",""
"https://www.searchsarkarinaukri.com/jobs?category=education","https://www.searchsarkarinaukri.com/jobs/apply-for-1-young-professional-ii-yp-ii-post-at-icar-central-institute-of-fisheries-education-mumbai-2026-recruitment--4942","410","Apply for 1 Young Professional-II (YP-II) Post at ICAR-Central Institute of Fisheries Education, Mumbai (2026 Recruitment)",""
"https://www.searchsarkarinaukri.com/jobs?category=education","https://www.searchsarkarinaukri.com/jobs/advanced-centre-for-treatment-research-and-education-in-cancer-actrec-recruitment-2026-research-nurse-post-vacancy--4610","410","Advanced Centre for Treatment, Research and Education in Cancer (ACTREC) Recruitment 2026 — Research Nurse Post Vacancy",""
"https://www.searchsarkarinaukri.com/jobs-in-assam","https://www.searchsarkarinaukri.com/jobs/back-office-sitting-job--2006","410","Back office Sitting JOB",""
"https://www.searchsarkarinaukri.com/districts/mumbai-city/railway","https://www.searchsarkarinaukri.com/jobs/recruitment-notification-konkan-railway-corporation-limited-krcl-hiring-142-apprentice-trainees-and-junior-technical-assistants-2026--4766","410","Recruitment Notification: Konkan Railway Corporation Limited (KRCL) hiring 142 Apprentice Trainees and Junior Technical Assistants 2026",""
"https://www.searchsarkarinaukri.com/districts/mumbai-city/railway","https://www.searchsarkarinaukri.com/jobs/konkan-railway-corporation-limited-2026-recruitment-drive-142-junior-technical-assistant-junior-technical-assistant-design-drawing-appre-vac--4596","410","Konkan Railway Corporation Limited 2026 Recruitment Drive: 142 Junior Technical Assistant, Junior Technical Assistant – Design & Drawing, Appre Vacancies Announced",""
"https://www.searchsarkarinaukri.com/districts/mumbai-city/railway","https://www.searchsarkarinaukri.com/jobs/recruitment-notification-konkan-railway-corporation-limited-hiring-134-apprentice-trainee-2026--4477","410","Recruitment Notification: Konkan Railway Corporation Limited hiring 134 Apprentice Trainee 2026",""
"https://www.searchsarkarinaukri.com/districts/mumbai-city/education","https://www.searchsarkarinaukri.com/jobs/advanced-centre-for-treatment-research-and-education-in-cancer-actrec-recruitment-2026-research-nurse-post-vacancy--4610","410","Advanced Centre for Treatment, Research and Education in Cancer (ACTREC) Recruitment 2026 — Research Nurse Post Vacancy",""
"https://www.searchsarkarinaukri.com/districts/mumbai-city/education","https://www.searchsarkarinaukri.com/jobs/apply-for-1-young-professional-ii-yp-ii-post-at-icar-central-institute-of-fisheries-education-mumbai-2026-recruitment--4942","410","Apply for 1 Young Professional-II (YP-II) Post at ICAR-Central Institute of Fisheries Education, Mumbai (2026 Recruitment)",""
"https://www.searchsarkarinaukri.com/districts/mumbai-suburban/health","https://www.searchsarkarinaukri.com/jobs/advanced-centre-for-treatment-research-and-education-in-cancer-actrec-recruitment-2026-research-nurse-post-vacancy--4610","410","Advanced Centre for Treatment, Research and Education in Cancer (ACTREC) Recruitment 2026 — Research Nurse Post Vacancy",""
"https://www.searchsarkarinaukri.com/districts/mumbai-suburban/health","https://www.searchsarkarinaukri.com/jobs/recruitment-notification-brihan-mumbai-mahanagarpalika-mcgm-hiring-17-staff-nurse-x-ray-technician-2026--4998","410","Recruitment Notification: Brihan Mumbai Mahanagarpalika (MCGM) hiring 17 Staff Nurse, X-ray Technician 2026",""
"https://www.searchsarkarinaukri.com/districts/mumbai-suburban/education","https://www.searchsarkarinaukri.com/jobs/advanced-centre-for-treatment-research-and-education-in-cancer-actrec-recruitment-2026-research-nurse-post-vacancy--4610","410","Advanced Centre for Treatment, Research and Education in Cancer (ACTREC) Recruitment 2026 — Research Nurse Post Vacancy",""
"https://www.searchsarkarinaukri.com/districts/mumbai-suburban/education","https://www.searchsarkarinaukri.com/jobs/apply-for-1-young-professional-ii-yp-ii-post-at-icar-central-institute-of-fisheries-education-mumbai-2026-recruitment--4942","410","Apply for 1 Young Professional-II (YP-II) Post at ICAR-Central Institute of Fisheries Education, Mumbai (2026 Recruitment)",""
"https://www.searchsarkarinaukri.com/districts/jalgaon/health","https://www.searchsarkarinaukri.com/jobs/recruitment-notification-government-dental-college-hospital-jalgaon-hiring-12-assistant-professor-2026--4603","410","Recruitment Notification: Government Dental College & Hospital, Jalgaon hiring 12 Assistant Professor 2026",""
"https://www.searchsarkarinaukri.com/districts/nashik/health","https://www.searchsarkarinaukri.com/jobs/apply-for-5-full-time-general-duty-medical-officer-contractual-posts-at-india-security-press-nashik-2026-recruitment--4991","410","Apply for 5 Full time General Duty Medical Officer (Contractual) Posts at India Security Press, Nashik (2026 Recruitment)",""
"https://www.searchsarkarinaukri.com/districts/nashik/central","https://www.searchsarkarinaukri.com/jobs/apply-for-5-full-time-general-duty-medical-officer-contractual-posts-at-india-security-press-nashik-2026-recruitment--4991","410","Apply for 5 Full time General Duty Medical Officer (Contractual) Posts at India Security Press, Nashik (2026 Recruitment)",""
"https://www.searchsarkarinaukri.com/districts/nagpur/railway","https://www.searchsarkarinaukri.com/jobs/recruitment-notification-maharashtra-metro-rail-corporation-limited-hiring-4-deputy-general-manager-mmi-assistant-manager-public-relations-o--4199","410","Recruitment Notification: Maharashtra Metro Rail Corporation Limited hiring 4 Deputy General Manager (MMI), Assistant Manager (Public Relations), Office Assis 2026",""
"https://www.searchsarkarinaukri.com/districts/nagpur/railway","https://www.searchsarkarinaukri.com/jobs/recruitment-notification-maharashtra-metro-rail-corporation-limited-hiring-5-manager-hr-assistant-manager-hr-dgm-mmi-assistant-manager-pr-of--4937","410","Recruitment Notification: Maharashtra Metro Rail Corporation Limited hiring 5 Manager (HR), Assistant Manager (HR), DGM (MMI), Assistant Manager (PR), Office 2026",""
"https://www.searchsarkarinaukri.com/districts/nagpur/central","https://www.searchsarkarinaukri.com/jobs/icar-central-citrus-research-institute-nagpur-2026-recruitment-drive-3-young-professional-i-young-professional-ii-vacancies-announced--4936","410","ICAR-Central Citrus Research Institute, Nagpur 2026 Recruitment Drive: 3 Young Professional – I, Young Professional – II Vacancies Announced",""
"https://www.searchsarkarinaukri.com/districts/chandrapur/health","https://www.searchsarkarinaukri.com/jobs/tadoba-andhari-tiger-reserve-conservation-forest-department-chandrapur-invites-applications-for-1-kolara-tourism-gate-manager-position-2026--4941","410","Tadoba-Andhari Tiger Reserve Conservation, Forest Department Chandrapur invites applications for 1 Kolara Tourism Gate Manager position 2026",""
"https://www.searchsarkarinaukri.com/districts/chandrapur/forest","https://www.searchsarkarinaukri.com/jobs/tadoba-andhari-tiger-reserve-conservation-forest-department-chandrapur-invites-applications-for-1-kolara-tourism-gate-manager-position-2026--4941","410","Tadoba-Andhari Tiger Reserve Conservation, Forest Department Chandrapur invites applications for 1 Kolara Tourism Gate Manager position 2026",""
