"url","page_type","word_count","text_hash","error"
"https://www.searchsarkarinaukri.com/10th-pass-jobs-in-chandigarh","other","216","6a00cde0517a4916653911556fb7bbc7602fc6bc7d9e5889c7fbba93ce1b17a4",""
"https://www.searchsarkarinaukri.com/","homepage","2035","49299cf16c7b65e4e9647a5d3f3e6847324f24cae68d861ce67af5dbd011cd7b",""
"https://www.searchsarkarinaukri.com/10th-pass-government-jobs","qualification","873","01c0f59490feeca3293b7f73339469faaec8f16c91dbc9e1f3bbbaf4a9ef1c61",""
"https://www.searchsarkarinaukri.com/10th-pass-jobs-in-delhi","other","238","7726db857c0a159004b06eb0c9980a559daab9cc9251a6751227a6fcb627d331",""
"https://www.searchsarkarinaukri.com/10th-pass-jobs-in-haryana","other","216","44be63b4553bad64880abdc6e500abc76de5754e666fc679f11dce035951f23e",""
"https://www.searchsarkarinaukri.com/10th-pass-jobs-in-kerala","other","121","406e7a546f78273cf8edc9de8a0e458821dbc0840a244c9d05ea03aa2fb7089d",""
"https://www.searchsarkarinaukri.com/10th-pass-jobs-in-punjab","other","216","a40c2b16131830346778b200abbdec02c0f6a55e2319d86df44df1ac55610e10",""
"https://www.searchsarkarinaukri.com/10th-pass-jobs-in-pune","other","140","1bdf08704c3fa0095cd97933c43df8ca252fc6244c3f157e1f10a2c118e4a9e3",""
"https://www.searchsarkarinaukri.com/10th-pass-jobs-in-rajasthan","other","216","de5335492ccbfceaf3a638a8603b9874916d31367322fa0edafa5d1f586faea0",""
"https://www.searchsarkarinaukri.com/10th-pass-jobs-in-uttar-pradesh","other","218","367e48300bf1af4ec57ac6f79a3bcd447d29b4cdd65489423ae16764c531d9ae",""
"https://www.searchsarkarinaukri.com/12th-pass-government-jobs","qualification","794","d38500287e93cdeefc29653710fd0b26ecf6e01ce31e45cd07773d2852a62494",""
"https://www.searchsarkarinaukri.com/12th-pass-jobs-in-chandigarh","other","124","9af114a9c5ef3a6f209414a923a9933586f4e1956d402662c5a70347c8990e3f",""
"https://www.searchsarkarinaukri.com/12th-pass-jobs-in-delhi","other","124","c8b6ce6f7b26758d119cacd7d05c19f570c4a7c3aecf4915e6862b5acc08d47d",""
"https://www.searchsarkarinaukri.com/12th-pass-jobs-in-rajasthan","other","123","f39a9d46031f64a09192740d41028f74369d8eb251e9b84aa0d9259294e5cd2a",""
"https://www.searchsarkarinaukri.com/about","static-policy","204","90267bf47e21d22f099094d478413582ac05f095282ea33fce79622c205282f2",""
"https://www.searchsarkarinaukri.com/12th-pass-jobs-in-telangana","other","227","c037ceab7e492bfbc1f66e73fec67dac5d3ceeb82ff014ae5df26a545a550ede",""
"https://www.searchsarkarinaukri.com/12th-pass-jobs-in-uttar-pradesh","other","123","9d3a1643fafb6c39e4e0e906f846a6b3be879bd10e5c4b6a9d349d1acbb1b01d",""
"https://www.searchsarkarinaukri.com/admit-cards","admit-card","664","a292c3c72b876286725259bcec8e09511b18d56ecf298c369b33fe22e4fb40db",""
"https://www.searchsarkarinaukri.com/admit-cards/1","admit-card","137","8b422dcc6ca10c118173a8f91133a7bbc30a9cb7854dc21f16d19780dc48f637",""
"https://www.searchsarkarinaukri.com/admit-cards/17","admit-card","136","5d1b66a1120bed6737529acdb6628437c74afd61f3cb1e2dd313138efc244010",""
"https://www.searchsarkarinaukri.com/admit-cards/19","admit-card","139","13a57485c8d5f9f39e46aa082e2c2c3a234f7b2baa9a53ed244fb38355f60972",""
"https://www.searchsarkarinaukri.com/admit-cards/2","admit-card","137","0cf15a9aa7d5f768ea9019404b6d11f247cd421841b5c58ad31e7089c069c54b",""
"https://www.searchsarkarinaukri.com/admit-cards/20","admit-card","139","93601cc4bf3f492e9ebf98f69a15135e13b93c339a49cc875a77106eed72d0bd",""
"https://www.searchsarkarinaukri.com/admit-cards/22","admit-card","139","1448930638713aab34fbcfbcd8d9cb56becbbb72dcb63d38fd0eb7c4fe2467d0",""
"https://www.searchsarkarinaukri.com/admit-cards/24","admit-card","136","5d1b66a1120bed6737529acdb6628437c74afd61f3cb1e2dd313138efc244010",""
"https://www.searchsarkarinaukri.com/admit-cards/25","admit-card","139","93601cc4bf3f492e9ebf98f69a15135e13b93c339a49cc875a77106eed72d0bd",""
"https://www.searchsarkarinaukri.com/admit-cards/27","admit-card","139","13a57485c8d5f9f39e46aa082e2c2c3a234f7b2baa9a53ed244fb38355f60972",""
"https://www.searchsarkarinaukri.com/admit-cards/29","admit-card","139","1448930638713aab34fbcfbcd8d9cb56becbbb72dcb63d38fd0eb7c4fe2467d0",""
"https://www.searchsarkarinaukri.com/admit-cards/3","admit-card","140","f9ba03147b5aad6662e19945401dc839dc2f7399f214b80ab6450218d55c3974",""
"https://www.searchsarkarinaukri.com/admit-cards/31","admit-card","136","1526be46fa7d54eae620dcabcd43028761a45798044d0845939851939b078e16",""
"https://www.searchsarkarinaukri.com/admit-cards/32","admit-card","139","3c10daf39c13f02b396b50f950597dfb391b69444534c0a8f350b77f7081dacc",""
"https://www.searchsarkarinaukri.com/admit-cards/33","admit-card","139","053ea5223e0adb5ab75cd1b7269cca99265bfaeed255f2a37ad1b6e5becd78a9",""
"https://www.searchsarkarinaukri.com/admit-cards/38","admit-card","136","1526be46fa7d54eae620dcabcd43028761a45798044d0845939851939b078e16",""
"https://www.searchsarkarinaukri.com/admit-cards/36","admit-card","139","158f31e298ada8f7565ab54811d1e4716aa4f64815b549cee1a7503f010b1ce2",""
"https://www.searchsarkarinaukri.com/admit-cards/39","admit-card","139","3c10daf39c13f02b396b50f950597dfb391b69444534c0a8f350b77f7081dacc",""
"https://www.searchsarkarinaukri.com/admit-cards/4","admit-card","143","60a41be346793badba072cccef7947cfeb322a6b0f17e88fd5b428916f1cbee9",""
"https://www.searchsarkarinaukri.com/admit-cards/43","admit-card","139","158f31e298ada8f7565ab54811d1e4716aa4f64815b549cee1a7503f010b1ce2",""
"https://www.searchsarkarinaukri.com/admit-cards/40","admit-card","139","053ea5223e0adb5ab75cd1b7269cca99265bfaeed255f2a37ad1b6e5becd78a9",""
"https://www.searchsarkarinaukri.com/admit-cards/47","admit-card","136","1526be46fa7d54eae620dcabcd43028761a45798044d0845939851939b078e16",""
"https://www.searchsarkarinaukri.com/admit-cards/48","admit-card","139","053ea5223e0adb5ab75cd1b7269cca99265bfaeed255f2a37ad1b6e5becd78a9",""
"https://www.searchsarkarinaukri.com/admit-cards/5","admit-card","137","9fb879cc8b6ab5c7b1c7b6ce22ef27da77c731a3e9b76a5d96796c9547f16ef7",""
"https://www.searchsarkarinaukri.com/admit-cards/50","admit-card","139","158f31e298ada8f7565ab54811d1e4716aa4f64815b549cee1a7503f010b1ce2",""
"https://www.searchsarkarinaukri.com/admit-cards/53","admit-card","136","1526be46fa7d54eae620dcabcd43028761a45798044d0845939851939b078e16",""
"https://www.searchsarkarinaukri.com/admit-cards/56","admit-card","139","158f31e298ada8f7565ab54811d1e4716aa4f64815b549cee1a7503f010b1ce2",""
"https://www.searchsarkarinaukri.com/admit-cards/57","admit-card","139","f9ef338cc2979c241a666f6181832569236115af1773d22c4ff0fe32048cf8be",""
"https://www.searchsarkarinaukri.com/admit-cards/6","admit-card","137","7e9c9cf4be27dc17795fd1a843a19b142843f68f98e63630f70e144340a2d575",""
"https://www.searchsarkarinaukri.com/admit-cards/61","admit-card","136","1526be46fa7d54eae620dcabcd43028761a45798044d0845939851939b078e16",""
"https://www.searchsarkarinaukri.com/admit-cards/64","admit-card","139","a48c2080328d50eca618801cfb3f28c9851dbf47984f350e8e58bc907dc40d15",""
"https://www.searchsarkarinaukri.com/admit-cards/68","admit-card","136","267ec65a79c8a30053742e266a6c6220108cac119deefe045df66c356573107a",""
"https://www.searchsarkarinaukri.com/admit-cards/73","admit-card","136","267ec65a79c8a30053742e266a6c6220108cac119deefe045df66c356573107a",""
"https://www.searchsarkarinaukri.com/admit-cards/7","admit-card","134","f29e41cebebe23e9517644f71ed6dce542c728a9f9c8d7d84acd0519985e9b62",""
"https://www.searchsarkarinaukri.com/admit-cards/76","admit-card","139","5b54ae1e4dd41ea288d97d47cb722a87e974556be20b96a32c6c81f083127fbd",""
"https://www.searchsarkarinaukri.com/admit-cards/8","admit-card","137","434543e672ff3125a9c1e0538cb7dd605a0463483b9ff7fd3e2efdd78f707bdf",""
"https://www.searchsarkarinaukri.com/admit-cards/81","admit-card","136","267ec65a79c8a30053742e266a6c6220108cac119deefe045df66c356573107a",""
"https://www.searchsarkarinaukri.com/admit-cards/82","admit-card","139","5b54ae1e4dd41ea288d97d47cb722a87e974556be20b96a32c6c81f083127fbd",""
"https://www.searchsarkarinaukri.com/age-calculator","other","213","add50b3747b0899b268da97b7e65277fc2968015bc9347f87fc0e69943febee0",""
"https://www.searchsarkarinaukri.com/blogs","blog","884","91a14f472dc186ef30f9d5f06e4a8c3cfe1a60227d31179ae32f9bd2ef59b3f6",""
"https://www.searchsarkarinaukri.com/blogs?category=Career%20Guide","blog","884","91a14f472dc186ef30f9d5f06e4a8c3cfe1a60227d31179ae32f9bd2ef59b3f6",""
"https://www.searchsarkarinaukri.com/blogs?category=Career","blog","884","91a14f472dc186ef30f9d5f06e4a8c3cfe1a60227d31179ae32f9bd2ef59b3f6",""
"https://www.searchsarkarinaukri.com/blogs?category=Careers%20%26%20Society","blog","884","91a14f472dc186ef30f9d5f06e4a8c3cfe1a60227d31179ae32f9bd2ef59b3f6",""
"https://www.searchsarkarinaukri.com/blogs?category=Current%20Affairs","blog","884","91a14f472dc186ef30f9d5f06e4a8c3cfe1a60227d31179ae32f9bd2ef59b3f6",""
"https://www.searchsarkarinaukri.com/blogs?category=Current%20Affairs%20Explained","blog","884","91a14f472dc186ef30f9d5f06e4a8c3cfe1a60227d31179ae32f9bd2ef59b3f6",""
"https://www.searchsarkarinaukri.com/blogs?category=Education%20%26%20Society","blog","884","91a14f472dc186ef30f9d5f06e4a8c3cfe1a60227d31179ae32f9bd2ef59b3f6",""
"https://www.searchsarkarinaukri.com/blogs?category=Exam%20Culture%20%26%20Society","blog","884","91a14f472dc186ef30f9d5f06e4a8c3cfe1a60227d31179ae32f9bd2ef59b3f6",""
"https://www.searchsarkarinaukri.com/blogs?category=Exam%20Preparation","blog","884","91a14f472dc186ef30f9d5f06e4a8c3cfe1a60227d31179ae32f9bd2ef59b3f6",""
"https://www.searchsarkarinaukri.com/blogs?category=Future%20of%20Education","blog","884","91a14f472dc186ef30f9d5f06e4a8c3cfe1a60227d31179ae32f9bd2ef59b3f6",""
"https://www.searchsarkarinaukri.com/blogs?category=Government%20Careers","blog","884","91a14f472dc186ef30f9d5f06e4a8c3cfe1a60227d31179ae32f9bd2ef59b3f6",""
"https://www.searchsarkarinaukri.com/blogs?category=Future%20of%20Work%20%26%20Education","blog","884","91a14f472dc186ef30f9d5f06e4a8c3cfe1a60227d31179ae32f9bd2ef59b3f6",""
"https://www.searchsarkarinaukri.com/blogs?category=Government%20Exams","blog","884","91a14f472dc186ef30f9d5f06e4a8c3cfe1a60227d31179ae32f9bd2ef59b3f6",""
"https://www.searchsarkarinaukri.com/blogs?category=Government%20Facts","blog","884","91a14f472dc186ef30f9d5f06e4a8c3cfe1a60227d31179ae32f9bd2ef59b3f6",""
"https://www.searchsarkarinaukri.com/blogs?category=Government%20History","blog","884","91a14f472dc186ef30f9d5f06e4a8c3cfe1a60227d31179ae32f9bd2ef59b3f6",""
"https://www.searchsarkarinaukri.com/blogs?category=Government%20Jobs","blog","884","91a14f472dc186ef30f9d5f06e4a8c3cfe1a60227d31179ae32f9bd2ef59b3f6",""
"https://www.searchsarkarinaukri.com/blogs?category=Government%20Policies%20%26%20Explained","blog","884","91a14f472dc186ef30f9d5f06e4a8c3cfe1a60227d31179ae32f9bd2ef59b3f6",""
"https://www.searchsarkarinaukri.com/blogs?category=Government%20Schemes","blog","884","91a14f472dc186ef30f9d5f06e4a8c3cfe1a60227d31179ae32f9bd2ef59b3f6",""
"https://www.searchsarkarinaukri.com/blogs?category=Government%20System","blog","884","91a14f472dc186ef30f9d5f06e4a8c3cfe1a60227d31179ae32f9bd2ef59b3f6",""
"https://www.searchsarkarinaukri.com/blogs?category=India%20Explained","blog","884","91a14f472dc186ef30f9d5f06e4a8c3cfe1a60227d31179ae32f9bd2ef59b3f6",""
"https://www.searchsarkarinaukri.com/blogs?category=Interesting%20Facts","blog","884","91a14f472dc186ef30f9d5f06e4a8c3cfe1a60227d31179ae32f9bd2ef59b3f6",""
"https://www.searchsarkarinaukri.com/blogs?category=News","blog","884","91a14f472dc186ef30f9d5f06e4a8c3cfe1a60227d31179ae32f9bd2ef59b3f6",""
"https://www.searchsarkarinaukri.com/blogs?category=Recruitment%20Guide","blog","884","91a14f472dc186ef30f9d5f06e4a8c3cfe1a60227d31179ae32f9bd2ef59b3f6",""
"https://www.searchsarkarinaukri.com/blogs?category=Salary%20%26%20Benefits","blog","884","91a14f472dc186ef30f9d5f06e4a8c3cfe1a60227d31179ae32f9bd2ef59b3f6",""
"https://www.searchsarkarinaukri.com/blogs?category=Technology%20%26%20India","blog","884","91a14f472dc186ef30f9d5f06e4a8c3cfe1a60227d31179ae32f9bd2ef59b3f6",""
"https://www.searchsarkarinaukri.com/blogs?category=Work%20%26%20Society","blog","884","91a14f472dc186ef30f9d5f06e4a8c3cfe1a60227d31179ae32f9bd2ef59b3f6",""
"https://www.searchsarkarinaukri.com/blogs?search=%E0%A4%B8%E0%A4%B0%E0%A4%95%E0%A4%BE%E0%A4%B0%E0%A5%80%20%E0%A4%A8%E0%A5%8C%E0%A4%95%E0%A4%B0%E0%A5%80%20%E0%A4%86%E0%A4%B5%E0%A5%87%E0%A4%A6%E0%A4%A8%20%E0%A4%95%E0%A5%88%E0%A4%B8%E0%A5%87%20%E0%A4%95%E0%A4%B0%E0%A5%87%E0%A4%82","blog","884","91a14f472dc186ef30f9d5f06e4a8c3cfe1a60227d31179ae32f9bd2ef59b3f6",""
"https://www.searchsarkarinaukri.com/blogs?search=%E2%82%B9%20symbol","blog","884","91a14f472dc186ef30f9d5f06e4a8c3cfe1a60227d31179ae32f9bd2ef59b3f6",""
"https://www.searchsarkarinaukri.com/blogs?search=10th%20Pass%20Govt%20Jobs","blog","884","91a14f472dc186ef30f9d5f06e4a8c3cfe1a60227d31179ae32f9bd2ef59b3f6",""
"https://www.searchsarkarinaukri.com/blogs?search=10th%20pass%20sarkari%20naukri","blog","884","91a14f472dc186ef30f9d5f06e4a8c3cfe1a60227d31179ae32f9bd2ef59b3f6",""
"https://www.searchsarkarinaukri.com/blogs?search=12th%20Pass%20Govt%20Jobs","blog","884","91a14f472dc186ef30f9d5f06e4a8c3cfe1a60227d31179ae32f9bd2ef59b3f6",""
"https://www.searchsarkarinaukri.com/blogs?search=4G%20India","blog","884","91a14f472dc186ef30f9d5f06e4a8c3cfe1a60227d31179ae32f9bd2ef59b3f6",""
"https://www.searchsarkarinaukri.com/blogs?search=5G%20India","blog","884","91a14f472dc186ef30f9d5f06e4a8c3cfe1a60227d31179ae32f9bd2ef59b3f6",""
"https://www.searchsarkarinaukri.com/blogs?search=7th%20Pay%20Commission","blog","884","91a14f472dc186ef30f9d5f06e4a8c3cfe1a60227d31179ae32f9bd2ef59b3f6",""
"https://www.searchsarkarinaukri.com/blogs?search=Aadhaar","blog","884","91a14f472dc186ef30f9d5f06e4a8c3cfe1a60227d31179ae32f9bd2ef59b3f6",""
"https://www.searchsarkarinaukri.com/blogs?search=Aadhaar%20Card","blog","884","91a14f472dc186ef30f9d5f06e4a8c3cfe1a60227d31179ae32f9bd2ef59b3f6",""
"https://www.searchsarkarinaukri.com/blogs?search=after%2012th%20government%20jobs","blog","884","91a14f472dc186ef30f9d5f06e4a8c3cfe1a60227d31179ae32f9bd2ef59b3f6",""
"https://www.searchsarkarinaukri.com/blogs?search=agriculture","blog","884","91a14f472dc186ef30f9d5f06e4a8c3cfe1a60227d31179ae32f9bd2ef59b3f6",""
"https://www.searchsarkarinaukri.com/blogs?search=AI%20and%20exams","blog","884","91a14f472dc186ef30f9d5f06e4a8c3cfe1a60227d31179ae32f9bd2ef59b3f6",""
"https://www.searchsarkarinaukri.com/blogs?search=AI%20career","blog","884","91a14f472dc186ef30f9d5f06e4a8c3cfe1a60227d31179ae32f9bd2ef59b3f6",""
"https://www.searchsarkarinaukri.com/blogs?search=AI%20careers","blog","884","91a14f472dc186ef30f9d5f06e4a8c3cfe1a60227d31179ae32f9bd2ef59b3f6",""
"https://www.searchsarkarinaukri.com/blogs?search=AI%20education","blog","884","91a14f472dc186ef30f9d5f06e4a8c3cfe1a60227d31179ae32f9bd2ef59b3f6",""
"https://www.searchsarkarinaukri.com/blogs?search=AI%20jobs","blog","884","91a14f472dc186ef30f9d5f06e4a8c3cfe1a60227d31179ae32f9bd2ef59b3f6",""
"https://www.searchsarkarinaukri.com/blogs?search=AI%20literacy","blog","884","91a14f472dc186ef30f9d5f06e4a8c3cfe1a60227d31179ae32f9bd2ef59b3f6",""
"https://www.searchsarkarinaukri.com/blogs?search=Airtel","blog","884","91a14f472dc186ef30f9d5f06e4a8c3cfe1a60227d31179ae32f9bd2ef59b3f6",""
"https://www.searchsarkarinaukri.com/blogs?search=Answer%20Sheet","blog","884","91a14f472dc186ef30f9d5f06e4a8c3cfe1a60227d31179ae32f9bd2ef59b3f6",""
"https://www.searchsarkarinaukri.com/blogs?search=application%20rejection","blog","884","91a14f472dc186ef30f9d5f06e4a8c3cfe1a60227d31179ae32f9bd2ef59b3f6",""
"https://www.searchsarkarinaukri.com/blogs?search=Appointment%20Letter","blog","884","91a14f472dc186ef30f9d5f06e4a8c3cfe1a60227d31179ae32f9bd2ef59b3f6",""
"https://www.searchsarkarinaukri.com/blogs?search=Article%20311","blog","884","91a14f472dc186ef30f9d5f06e4a8c3cfe1a60227d31179ae32f9bd2ef59b3f6",""
"https://www.searchsarkarinaukri.com/blogs?search=artificial%20intelligence","blog","884","91a14f472dc186ef30f9d5f06e4a8c3cfe1a60227d31179ae32f9bd2ef59b3f6",""
"https://www.searchsarkarinaukri.com/blogs?search=aspirants","blog","884","91a14f472dc186ef30f9d5f06e4a8c3cfe1a60227d31179ae32f9bd2ef59b3f6",""
"https://www.searchsarkarinaukri.com/blogs?search=Attestation","blog","884","91a14f472dc186ef30f9d5f06e4a8c3cfe1a60227d31179ae32f9bd2ef59b3f6",""
"https://www.searchsarkarinaukri.com/blogs?search=backup%20plan","blog","884","91a14f472dc186ef30f9d5f06e4a8c3cfe1a60227d31179ae32f9bd2ef59b3f6",""
"https://www.searchsarkarinaukri.com/blogs?search=banking%20exams","blog","884","91a14f472dc186ef30f9d5f06e4a8c3cfe1a60227d31179ae32f9bd2ef59b3f6",""
"https://www.searchsarkarinaukri.com/blogs?search=Banking%20Exams","blog","884","91a14f472dc186ef30f9d5f06e4a8c3cfe1a60227d31179ae32f9bd2ef59b3f6",""
"https://www.searchsarkarinaukri.com/blogs?search=Basic%20Pay","blog","884","91a14f472dc186ef30f9d5f06e4a8c3cfe1a60227d31179ae32f9bd2ef59b3f6",""
"https://www.searchsarkarinaukri.com/blogs?search=best%20government%20jobs%20after%2012th","blog","884","91a14f472dc186ef30f9d5f06e4a8c3cfe1a60227d31179ae32f9bd2ef59b3f6",""
"https://www.searchsarkarinaukri.com/blogs?search=bill%20vs%20act","blog","884","91a14f472dc186ef30f9d5f06e4a8c3cfe1a60227d31179ae32f9bd2ef59b3f6",""
"https://www.searchsarkarinaukri.com/blogs?search=Bureaucracy","blog","884","91a14f472dc186ef30f9d5f06e4a8c3cfe1a60227d31179ae32f9bd2ef59b3f6",""
"https://www.searchsarkarinaukri.com/blogs?search=British%20India","blog","884","91a14f472dc186ef30f9d5f06e4a8c3cfe1a60227d31179ae32f9bd2ef59b3f6",""
"https://www.searchsarkarinaukri.com/blogs?search=business","blog","884","91a14f472dc186ef30f9d5f06e4a8c3cfe1a60227d31179ae32f9bd2ef59b3f6",""
"https://www.searchsarkarinaukri.com/blogs?search=Cabinet%20Secretariat","blog","884","91a14f472dc186ef30f9d5f06e4a8c3cfe1a60227d31179ae32f9bd2ef59b3f6",""
"https://www.searchsarkarinaukri.com/blogs?search=Cabinet%20Secretary%20of%20India","blog","884","91a14f472dc186ef30f9d5f06e4a8c3cfe1a60227d31179ae32f9bd2ef59b3f6",""
"https://www.searchsarkarinaukri.com/blogs?search=Cabinet%20Secretary","blog","884","91a14f472dc186ef30f9d5f06e4a8c3cfe1a60227d31179ae32f9bd2ef59b3f6",""
"https://www.searchsarkarinaukri.com/blogs?search=CAG","blog","884","91a14f472dc186ef30f9d5f06e4a8c3cfe1a60227d31179ae32f9bd2ef59b3f6",""
"https://www.searchsarkarinaukri.com/blogs?search=CAG%20India","blog","884","91a14f472dc186ef30f9d5f06e4a8c3cfe1a60227d31179ae32f9bd2ef59b3f6",""
"https://www.searchsarkarinaukri.com/blogs?search=CAG%20reports","blog","884","91a14f472dc186ef30f9d5f06e4a8c3cfe1a60227d31179ae32f9bd2ef59b3f6",""
"https://www.searchsarkarinaukri.com/blogs?search=capital%20of%20India","blog","884","91a14f472dc186ef30f9d5f06e4a8c3cfe1a60227d31179ae32f9bd2ef59b3f6",""
"https://www.searchsarkarinaukri.com/blogs?search=career","blog","884","91a14f472dc186ef30f9d5f06e4a8c3cfe1a60227d31179ae32f9bd2ef59b3f6",""
"https://www.searchsarkarinaukri.com/blogs?search=career%202026","blog","884","91a14f472dc186ef30f9d5f06e4a8c3cfe1a60227d31179ae32f9bd2ef59b3f6",""
"https://www.searchsarkarinaukri.com/blogs?search=career%20choice","blog","884","91a14f472dc186ef30f9d5f06e4a8c3cfe1a60227d31179ae32f9bd2ef59b3f6",""
"https://www.searchsarkarinaukri.com/blogs?search=career%20comparison","blog","884","91a14f472dc186ef30f9d5f06e4a8c3cfe1a60227d31179ae32f9bd2ef59b3f6",""
"https://www.searchsarkarinaukri.com/blogs?search=career%20decisions","blog","884","91a14f472dc186ef30f9d5f06e4a8c3cfe1a60227d31179ae32f9bd2ef59b3f6",""
"https://www.searchsarkarinaukri.com/blogs?search=Career%20Facts","blog","884","91a14f472dc186ef30f9d5f06e4a8c3cfe1a60227d31179ae32f9bd2ef59b3f6",""
"https://www.searchsarkarinaukri.com/blogs?search=career%20future","blog","884","91a14f472dc186ef30f9d5f06e4a8c3cfe1a60227d31179ae32f9bd2ef59b3f6",""
"https://www.searchsarkarinaukri.com/blogs?search=career%20growth","blog","884","91a14f472dc186ef30f9d5f06e4a8c3cfe1a60227d31179ae32f9bd2ef59b3f6",""
"https://www.searchsarkarinaukri.com/blogs?search=Career%20Growth","blog","884","91a14f472dc186ef30f9d5f06e4a8c3cfe1a60227d31179ae32f9bd2ef59b3f6",""
"https://www.searchsarkarinaukri.com/blogs?search=career%20opportunities","blog","884","91a14f472dc186ef30f9d5f06e4a8c3cfe1a60227d31179ae32f9bd2ef59b3f6",""
"https://www.searchsarkarinaukri.com/blogs?search=Career%20Guide","blog","884","91a14f472dc186ef30f9d5f06e4a8c3cfe1a60227d31179ae32f9bd2ef59b3f6",""
"https://www.searchsarkarinaukri.com/blogs?search=career%20planning","blog","884","91a14f472dc186ef30f9d5f06e4a8c3cfe1a60227d31179ae32f9bd2ef59b3f6",""
"https://www.searchsarkarinaukri.com/blogs?search=career%20security","blog","884","91a14f472dc186ef30f9d5f06e4a8c3cfe1a60227d31179ae32f9bd2ef59b3f6",""
"https://www.searchsarkarinaukri.com/blogs?search=career%20skills","blog","884","91a14f472dc186ef30f9d5f06e4a8c3cfe1a60227d31179ae32f9bd2ef59b3f6",""
"https://www.searchsarkarinaukri.com/blogs?search=career%20stability","blog","884","91a14f472dc186ef30f9d5f06e4a8c3cfe1a60227d31179ae32f9bd2ef59b3f6",""
"https://www.searchsarkarinaukri.com/blogs?search=cashless%20payments","blog","884","91a14f472dc186ef30f9d5f06e4a8c3cfe1a60227d31179ae32f9bd2ef59b3f6",""
"https://www.searchsarkarinaukri.com/blogs?search=CBSE%20recruitment","blog","884","91a14f472dc186ef30f9d5f06e4a8c3cfe1a60227d31179ae32f9bd2ef59b3f6",""
"https://www.searchsarkarinaukri.com/blogs?search=CBSE%20vacancies","blog","884","91a14f472dc186ef30f9d5f06e4a8c3cfe1a60227d31179ae32f9bd2ef59b3f6",""
"https://www.searchsarkarinaukri.com/blogs?search=CCS%20rules","blog","884","91a14f472dc186ef30f9d5f06e4a8c3cfe1a60227d31179ae32f9bd2ef59b3f6",""
"https://www.searchsarkarinaukri.com/blogs?search=central%20government","blog","884","91a14f472dc186ef30f9d5f06e4a8c3cfe1a60227d31179ae32f9bd2ef59b3f6",""
"https://www.searchsarkarinaukri.com/blogs?search=Central%20Government","blog","884","91a14f472dc186ef30f9d5f06e4a8c3cfe1a60227d31179ae32f9bd2ef59b3f6",""
"https://www.searchsarkarinaukri.com/blogs?search=Central%20Government%20employees","blog","884","91a14f472dc186ef30f9d5f06e4a8c3cfe1a60227d31179ae32f9bd2ef59b3f6",""
"https://www.searchsarkarinaukri.com/blogs?search=CEO%20Zilla%20Parishad","blog","884","91a14f472dc186ef30f9d5f06e4a8c3cfe1a60227d31179ae32f9bd2ef59b3f6",""
"https://www.searchsarkarinaukri.com/blogs?search=cheap%20internet%20India","blog","884","91a14f472dc186ef30f9d5f06e4a8c3cfe1a60227d31179ae32f9bd2ef59b3f6",""
"https://www.searchsarkarinaukri.com/blogs?search=citizen%20rights","blog","884","91a14f472dc186ef30f9d5f06e4a8c3cfe1a60227d31179ae32f9bd2ef59b3f6",""
"https://www.searchsarkarinaukri.com/blogs?search=civil%20services","blog","884","91a14f472dc186ef30f9d5f06e4a8c3cfe1a60227d31179ae32f9bd2ef59b3f6",""
"https://www.searchsarkarinaukri.com/blogs?search=Civil%20Services","blog","884","91a14f472dc186ef30f9d5f06e4a8c3cfe1a60227d31179ae32f9bd2ef59b3f6",""
"https://www.searchsarkarinaukri.com/blogs?search=coaching%20classes","blog","884","91a14f472dc186ef30f9d5f06e4a8c3cfe1a60227d31179ae32f9bd2ef59b3f6",""
"https://www.searchsarkarinaukri.com/blogs?search=coaching%20industry%20India","blog","884","91a14f472dc186ef30f9d5f06e4a8c3cfe1a60227d31179ae32f9bd2ef59b3f6",""
"https://www.searchsarkarinaukri.com/blogs?search=competitive%20exam%20coaching","blog","884","91a14f472dc186ef30f9d5f06e4a8c3cfe1a60227d31179ae32f9bd2ef59b3f6",""
"https://www.searchsarkarinaukri.com/blogs?search=competitive%20exams","blog","884","91a14f472dc186ef30f9d5f06e4a8c3cfe1a60227d31179ae32f9bd2ef59b3f6",""
"https://www.searchsarkarinaukri.com/blogs?search=Competitive%20Exams","blog","884","91a14f472dc186ef30f9d5f06e4a8c3cfe1a60227d31179ae32f9bd2ef59b3f6",""
"https://www.searchsarkarinaukri.com/blogs?search=Comptroller%20and%20Auditor%20General","blog","884","91a14f472dc186ef30f9d5f06e4a8c3cfe1a60227d31179ae32f9bd2ef59b3f6",""
"https://www.searchsarkarinaukri.com/blogs?search=confirmation","blog","884","91a14f472dc186ef30f9d5f06e4a8c3cfe1a60227d31179ae32f9bd2ef59b3f6",""
"https://www.searchsarkarinaukri.com/blogs?search=Constitution%20of%20India","blog","884","91a14f472dc186ef30f9d5f06e4a8c3cfe1a60227d31179ae32f9bd2ef59b3f6",""
"https://www.searchsarkarinaukri.com/blogs?search=constitutional%20bodies","blog","884","91a14f472dc186ef30f9d5f06e4a8c3cfe1a60227d31179ae32f9bd2ef59b3f6",""
"https://www.searchsarkarinaukri.com/blogs?search=critical%20thinking","blog","884","91a14f472dc186ef30f9d5f06e4a8c3cfe1a60227d31179ae32f9bd2ef59b3f6",""
"https://www.searchsarkarinaukri.com/blogs?search=currency%20facts","blog","884","91a14f472dc186ef30f9d5f06e4a8c3cfe1a60227d31179ae32f9bd2ef59b3f6",""
"https://www.searchsarkarinaukri.com/blogs?search=Currency%20Notes","blog","884","91a14f472dc186ef30f9d5f06e4a8c3cfe1a60227d31179ae32f9bd2ef59b3f6",""
"https://www.searchsarkarinaukri.com/blogs?search=Current%20Affairs","blog","884","91a14f472dc186ef30f9d5f06e4a8c3cfe1a60227d31179ae32f9bd2ef59b3f6",""
"https://www.searchsarkarinaukri.com/blogs?search=Cyber%20Cell","blog","884","91a14f472dc186ef30f9d5f06e4a8c3cfe1a60227d31179ae32f9bd2ef59b3f6",""
"https://www.searchsarkarinaukri.com/blogs?search=Cyber%20Security","blog","884","91a14f472dc186ef30f9d5f06e4a8c3cfe1a60227d31179ae32f9bd2ef59b3f6",""
"https://www.searchsarkarinaukri.com/blogs?search=DA","blog","884","91a14f472dc186ef30f9d5f06e4a8c3cfe1a60227d31179ae32f9bd2ef59b3f6",""
"https://www.searchsarkarinaukri.com/blogs?search=Cybercrime","blog","884","91a14f472dc186ef30f9d5f06e4a8c3cfe1a60227d31179ae32f9bd2ef59b3f6",""
"https://www.searchsarkarinaukri.com/blogs?search=DBT","blog","884","91a14f472dc186ef30f9d5f06e4a8c3cfe1a60227d31179ae32f9bd2ef59b3f6",""
"https://www.searchsarkarinaukri.com/blogs?search=degree%20vs%20skills","blog","884","91a14f472dc186ef30f9d5f06e4a8c3cfe1a60227d31179ae32f9bd2ef59b3f6",""
"https://www.searchsarkarinaukri.com/blogs?search=Delhi%20history","blog","884","91a14f472dc186ef30f9d5f06e4a8c3cfe1a60227d31179ae32f9bd2ef59b3f6",""
"https://www.searchsarkarinaukri.com/blogs?search=digital%20India","blog","884","91a14f472dc186ef30f9d5f06e4a8c3cfe1a60227d31179ae32f9bd2ef59b3f6",""
"https://www.searchsarkarinaukri.com/blogs?search=Digital%20India","blog","884","91a14f472dc186ef30f9d5f06e4a8c3cfe1a60227d31179ae32f9bd2ef59b3f6",""
"https://www.searchsarkarinaukri.com/blogs?search=digital%20payments","blog","884","91a14f472dc186ef30f9d5f06e4a8c3cfe1a60227d31179ae32f9bd2ef59b3f6",""
"https://www.searchsarkarinaukri.com/blogs?search=Dismissal","blog","884","91a14f472dc186ef30f9d5f06e4a8c3cfe1a60227d31179ae32f9bd2ef59b3f6",""
"https://www.searchsarkarinaukri.com/blogs?search=District%20Administration","blog","884","91a14f472dc186ef30f9d5f06e4a8c3cfe1a60227d31179ae32f9bd2ef59b3f6",""
"https://www.searchsarkarinaukri.com/blogs?search=District%20Collector","blog","884","91a14f472dc186ef30f9d5f06e4a8c3cfe1a60227d31179ae32f9bd2ef59b3f6",""
"https://www.searchsarkarinaukri.com/blogs?search=document%20verification","blog","884","91a14f472dc186ef30f9d5f06e4a8c3cfe1a60227d31179ae32f9bd2ef59b3f6",""
"https://www.searchsarkarinaukri.com/blogs?search=Document%20Verification","blog","884","91a14f472dc186ef30f9d5f06e4a8c3cfe1a60227d31179ae32f9bd2ef59b3f6",""
"https://www.searchsarkarinaukri.com/blogs?search=dream%20exam","blog","884","91a14f472dc186ef30f9d5f06e4a8c3cfe1a60227d31179ae32f9bd2ef59b3f6",""
"https://www.searchsarkarinaukri.com/blogs?search=ECI","blog","884","91a14f472dc186ef30f9d5f06e4a8c3cfe1a60227d31179ae32f9bd2ef59b3f6",""
"https://www.searchsarkarinaukri.com/blogs?search=educated%20unemployment","blog","884","91a14f472dc186ef30f9d5f06e4a8c3cfe1a60227d31179ae32f9bd2ef59b3f6",""
"https://www.searchsarkarinaukri.com/blogs?search=education%20jobs","blog","884","91a14f472dc186ef30f9d5f06e4a8c3cfe1a60227d31179ae32f9bd2ef59b3f6",""
"https://www.searchsarkarinaukri.com/blogs?search=education%20policy","blog","884","91a14f472dc186ef30f9d5f06e4a8c3cfe1a60227d31179ae32f9bd2ef59b3f6",""
"https://www.searchsarkarinaukri.com/blogs?search=education%20system","blog","884","91a14f472dc186ef30f9d5f06e4a8c3cfe1a60227d31179ae32f9bd2ef59b3f6",""
"https://www.searchsarkarinaukri.com/blogs?search=Eighth%20Schedule","blog","884","91a14f472dc186ef30f9d5f06e4a8c3cfe1a60227d31179ae32f9bd2ef59b3f6",""
"https://www.searchsarkarinaukri.com/blogs?search=Election%20Commission%20of%20India","blog","884","91a14f472dc186ef30f9d5f06e4a8c3cfe1a60227d31179ae32f9bd2ef59b3f6",""
"https://www.searchsarkarinaukri.com/blogs?search=election%20reforms","blog","884","91a14f472dc186ef30f9d5f06e4a8c3cfe1a60227d31179ae32f9bd2ef59b3f6",""
"https://www.searchsarkarinaukri.com/blogs?search=election%20system","blog","884","91a14f472dc186ef30f9d5f06e4a8c3cfe1a60227d31179ae32f9bd2ef59b3f6",""
"https://www.searchsarkarinaukri.com/blogs?search=emerging%20jobs","blog","884","91a14f472dc186ef30f9d5f06e4a8c3cfe1a60227d31179ae32f9bd2ef59b3f6",""
"https://www.searchsarkarinaukri.com/blogs?search=employability","blog","884","91a14f472dc186ef30f9d5f06e4a8c3cfe1a60227d31179ae32f9bd2ef59b3f6",""
"https://www.searchsarkarinaukri.com/blogs?search=employment%20in%20India","blog","884","91a14f472dc186ef30f9d5f06e4a8c3cfe1a60227d31179ae32f9bd2ef59b3f6",""
"https://www.searchsarkarinaukri.com/blogs?search=employment%20stability","blog","884","91a14f472dc186ef30f9d5f06e4a8c3cfe1a60227d31179ae32f9bd2ef59b3f6",""
"https://www.searchsarkarinaukri.com/blogs?search=engineering%20jobs","blog","884","91a14f472dc186ef30f9d5f06e4a8c3cfe1a60227d31179ae32f9bd2ef59b3f6",""
"https://www.searchsarkarinaukri.com/blogs?search=entry%20level%20jobs","blog","884","91a14f472dc186ef30f9d5f06e4a8c3cfe1a60227d31179ae32f9bd2ef59b3f6",""
"https://www.searchsarkarinaukri.com/blogs?search=EVM","blog","884","91a14f472dc186ef30f9d5f06e4a8c3cfe1a60227d31179ae32f9bd2ef59b3f6",""
"https://www.searchsarkarinaukri.com/blogs?search=exam%20form","blog","884","91a14f472dc186ef30f9d5f06e4a8c3cfe1a60227d31179ae32f9bd2ef59b3f6",""
"https://www.searchsarkarinaukri.com/blogs?search=exam%20preparation","blog","884","91a14f472dc186ef30f9d5f06e4a8c3cfe1a60227d31179ae32f9bd2ef59b3f6",""
"https://www.searchsarkarinaukri.com/blogs?search=exam%20strategy","blog","884","91a14f472dc186ef30f9d5f06e4a8c3cfe1a60227d31179ae32f9bd2ef59b3f6",""
"https://www.searchsarkarinaukri.com/blogs?search=Exam%20Process","blog","884","91a14f472dc186ef30f9d5f06e4a8c3cfe1a60227d31179ae32f9bd2ef59b3f6",""
"https://www.searchsarkarinaukri.com/blogs?search=experience%20required","blog","884","91a14f472dc186ef30f9d5f06e4a8c3cfe1a60227d31179ae32f9bd2ef59b3f6",""
"https://www.searchsarkarinaukri.com/blogs?search=farmer%20schemes","blog","884","91a14f472dc186ef30f9d5f06e4a8c3cfe1a60227d31179ae32f9bd2ef59b3f6",""
"https://www.searchsarkarinaukri.com/blogs?search=freelancing","blog","884","91a14f472dc186ef30f9d5f06e4a8c3cfe1a60227d31179ae32f9bd2ef59b3f6",""
"https://www.searchsarkarinaukri.com/blogs?search=first%20job","blog","884","91a14f472dc186ef30f9d5f06e4a8c3cfe1a60227d31179ae32f9bd2ef59b3f6",""
"https://www.searchsarkarinaukri.com/blogs?search=freshers","blog","884","91a14f472dc186ef30f9d5f06e4a8c3cfe1a60227d31179ae32f9bd2ef59b3f6",""
"https://www.searchsarkarinaukri.com/blogs?search=freshers%20jobs","blog","884","91a14f472dc186ef30f9d5f06e4a8c3cfe1a60227d31179ae32f9bd2ef59b3f6",""
"https://www.searchsarkarinaukri.com/blogs?search=future%20of%20competitive%20exams","blog","884","91a14f472dc186ef30f9d5f06e4a8c3cfe1a60227d31179ae32f9bd2ef59b3f6",""
"https://www.searchsarkarinaukri.com/blogs?search=future%20of%20education","blog","884","91a14f472dc186ef30f9d5f06e4a8c3cfe1a60227d31179ae32f9bd2ef59b3f6",""
"https://www.searchsarkarinaukri.com/blogs?search=future%20of%20jobs","blog","884","91a14f472dc186ef30f9d5f06e4a8c3cfe1a60227d31179ae32f9bd2ef59b3f6",""
"https://www.searchsarkarinaukri.com/blogs?search=future%20of%20work","blog","884","91a14f472dc186ef30f9d5f06e4a8c3cfe1a60227d31179ae32f9bd2ef59b3f6",""
"https://www.searchsarkarinaukri.com/blogs?search=Gazetted%20Officer","blog","884","91a14f472dc186ef30f9d5f06e4a8c3cfe1a60227d31179ae32f9bd2ef59b3f6",""
"https://www.searchsarkarinaukri.com/blogs?search=General%20Knowledge","blog","884","91a14f472dc186ef30f9d5f06e4a8c3cfe1a60227d31179ae32f9bd2ef59b3f6",""
"https://www.searchsarkarinaukri.com/blogs?search=governance%20in%20India","blog","884","91a14f472dc186ef30f9d5f06e4a8c3cfe1a60227d31179ae32f9bd2ef59b3f6",""
"https://www.searchsarkarinaukri.com/blogs?search=government%20accountability","blog","884","91a14f472dc186ef30f9d5f06e4a8c3cfe1a60227d31179ae32f9bd2ef59b3f6",""
"https://www.searchsarkarinaukri.com/blogs?search=government%20audit","blog","884","91a14f472dc186ef30f9d5f06e4a8c3cfe1a60227d31179ae32f9bd2ef59b3f6",""
"https://www.searchsarkarinaukri.com/blogs?search=Government%20Careers","blog","884","91a14f472dc186ef30f9d5f06e4a8c3cfe1a60227d31179ae32f9bd2ef59b3f6",""
"https://www.searchsarkarinaukri.com/blogs?search=Government%20Career","blog","884","91a14f472dc186ef30f9d5f06e4a8c3cfe1a60227d31179ae32f9bd2ef59b3f6",""
"https://www.searchsarkarinaukri.com/blogs?search=Government%20Departments","blog","884","91a14f472dc186ef30f9d5f06e4a8c3cfe1a60227d31179ae32f9bd2ef59b3f6",""
"https://www.searchsarkarinaukri.com/blogs?search=government%20documents","blog","884","91a14f472dc186ef30f9d5f06e4a8c3cfe1a60227d31179ae32f9bd2ef59b3f6",""
"https://www.searchsarkarinaukri.com/blogs?search=Government%20Documents","blog","884","91a14f472dc186ef30f9d5f06e4a8c3cfe1a60227d31179ae32f9bd2ef59b3f6",""
"https://www.searchsarkarinaukri.com/blogs?search=government%20employee","blog","884","91a14f472dc186ef30f9d5f06e4a8c3cfe1a60227d31179ae32f9bd2ef59b3f6",""
"https://www.searchsarkarinaukri.com/blogs?search=Government%20Employee","blog","884","91a14f472dc186ef30f9d5f06e4a8c3cfe1a60227d31179ae32f9bd2ef59b3f6",""
"https://www.searchsarkarinaukri.com/blogs?search=government%20employees","blog","884","91a14f472dc186ef30f9d5f06e4a8c3cfe1a60227d31179ae32f9bd2ef59b3f6",""
"https://www.searchsarkarinaukri.com/blogs?search=Government%20Employees","blog","884","91a14f472dc186ef30f9d5f06e4a8c3cfe1a60227d31179ae32f9bd2ef59b3f6",""
"https://www.searchsarkarinaukri.com/blogs?search=government%20exam%20aspirants","blog","884","91a14f472dc186ef30f9d5f06e4a8c3cfe1a60227d31179ae32f9bd2ef59b3f6",""
"https://www.searchsarkarinaukri.com/blogs?search=Government%20exam%20preparation","blog","884","91a14f472dc186ef30f9d5f06e4a8c3cfe1a60227d31179ae32f9bd2ef59b3f6",""
"https://www.searchsarkarinaukri.com/blogs?search=government%20exams","blog","884","91a14f472dc186ef30f9d5f06e4a8c3cfe1a60227d31179ae32f9bd2ef59b3f6",""
"https://www.searchsarkarinaukri.com/blogs?search=Government%20Exams","blog","884","91a14f472dc186ef30f9d5f06e4a8c3cfe1a60227d31179ae32f9bd2ef59b3f6",""
"https://www.searchsarkarinaukri.com/blogs?search=government%20facts","blog","884","91a14f472dc186ef30f9d5f06e4a8c3cfe1a60227d31179ae32f9bd2ef59b3f6",""
"https://www.searchsarkarinaukri.com/blogs?search=Government%20Files","blog","884","91a14f472dc186ef30f9d5f06e4a8c3cfe1a60227d31179ae32f9bd2ef59b3f6",""
"https://www.searchsarkarinaukri.com/blogs?search=Government%20Facts","blog","884","91a14f472dc186ef30f9d5f06e4a8c3cfe1a60227d31179ae32f9bd2ef59b3f6",""
"https://www.searchsarkarinaukri.com/blogs?search=government%20history","blog","884","91a14f472dc186ef30f9d5f06e4a8c3cfe1a60227d31179ae32f9bd2ef59b3f6",""
"https://www.searchsarkarinaukri.com/blogs?search=Government%20History","blog","884","91a14f472dc186ef30f9d5f06e4a8c3cfe1a60227d31179ae32f9bd2ef59b3f6",""
"https://www.searchsarkarinaukri.com/blogs?search=government%20job","blog","884","91a14f472dc186ef30f9d5f06e4a8c3cfe1a60227d31179ae32f9bd2ef59b3f6",""
"https://www.searchsarkarinaukri.com/blogs?search=government%20job%20application","blog","884","91a14f472dc186ef30f9d5f06e4a8c3cfe1a60227d31179ae32f9bd2ef59b3f6",""
"https://www.searchsarkarinaukri.com/blogs?search=government%20job%20application%20process%20India","blog","884","91a14f472dc186ef30f9d5f06e4a8c3cfe1a60227d31179ae32f9bd2ef59b3f6",""
"https://www.searchsarkarinaukri.com/blogs?search=government%20job%20aspirants","blog","884","91a14f472dc186ef30f9d5f06e4a8c3cfe1a60227d31179ae32f9bd2ef59b3f6",""
"https://www.searchsarkarinaukri.com/blogs?search=government%20job%20benefits","blog","884","91a14f472dc186ef30f9d5f06e4a8c3cfe1a60227d31179ae32f9bd2ef59b3f6",""
"https://www.searchsarkarinaukri.com/blogs?search=government%20job%20preparation","blog","884","91a14f472dc186ef30f9d5f06e4a8c3cfe1a60227d31179ae32f9bd2ef59b3f6",""
"https://www.searchsarkarinaukri.com/blogs?search=Government%20Job%20Preparation","blog","884","91a14f472dc186ef30f9d5f06e4a8c3cfe1a60227d31179ae32f9bd2ef59b3f6",""
"https://www.searchsarkarinaukri.com/blogs?search=government%20job%20probation","blog","884","91a14f472dc186ef30f9d5f06e4a8c3cfe1a60227d31179ae32f9bd2ef59b3f6",""
"https://www.searchsarkarinaukri.com/blogs?search=Government%20Job%20Salary","blog","884","91a14f472dc186ef30f9d5f06e4a8c3cfe1a60227d31179ae32f9bd2ef59b3f6",""
"https://www.searchsarkarinaukri.com/blogs?search=Government%20Job%20Verification","blog","884","91a14f472dc186ef30f9d5f06e4a8c3cfe1a60227d31179ae32f9bd2ef59b3f6",""
"https://www.searchsarkarinaukri.com/blogs?search=government%20job%20vs%20private%20job","blog","884","91a14f472dc186ef30f9d5f06e4a8c3cfe1a60227d31179ae32f9bd2ef59b3f6",""
"https://www.searchsarkarinaukri.com/blogs?search=government%20jobs","blog","884","91a14f472dc186ef30f9d5f06e4a8c3cfe1a60227d31179ae32f9bd2ef59b3f6",""
"https://www.searchsarkarinaukri.com/blogs?search=Government%20Jobs","blog","884","91a14f472dc186ef30f9d5f06e4a8c3cfe1a60227d31179ae32f9bd2ef59b3f6",""
"https://www.searchsarkarinaukri.com/blogs?search=government%20jobs%202026","blog","884","91a14f472dc186ef30f9d5f06e4a8c3cfe1a60227d31179ae32f9bd2ef59b3f6",""
"https://www.searchsarkarinaukri.com/blogs?search=Government%20Jobs%202026","blog","884","91a14f472dc186ef30f9d5f06e4a8c3cfe1a60227d31179ae32f9bd2ef59b3f6",""
"https://www.searchsarkarinaukri.com/blogs?search=government%20jobs%20for%2010th%20pass","blog","884","91a14f472dc186ef30f9d5f06e4a8c3cfe1a60227d31179ae32f9bd2ef59b3f6",""
"https://www.searchsarkarinaukri.com/blogs?search=government%20jobs%20for%2012th%20pass","blog","884","91a14f472dc186ef30f9d5f06e4a8c3cfe1a60227d31179ae32f9bd2ef59b3f6",""
"https://www.searchsarkarinaukri.com/blogs?search=government%20jobs%20in%20Maharashtra%20in%20Marathi","blog","884","91a14f472dc186ef30f9d5f06e4a8c3cfe1a60227d31179ae32f9bd2ef59b3f6",""
"https://www.searchsarkarinaukri.com/blogs?search=government%20jobs%20in%20Maharashtra","blog","884","91a14f472dc186ef30f9d5f06e4a8c3cfe1a60227d31179ae32f9bd2ef59b3f6",""
"https://www.searchsarkarinaukri.com/blogs?search=Government%20Officer","blog","884","91a14f472dc186ef30f9d5f06e4a8c3cfe1a60227d31179ae32f9bd2ef59b3f6",""
"https://www.searchsarkarinaukri.com/blogs?search=government%20offices","blog","884","91a14f472dc186ef30f9d5f06e4a8c3cfe1a60227d31179ae32f9bd2ef59b3f6",""
"https://www.searchsarkarinaukri.com/blogs?search=Government%20Offices","blog","884","91a14f472dc186ef30f9d5f06e4a8c3cfe1a60227d31179ae32f9bd2ef59b3f6",""
"https://www.searchsarkarinaukri.com/blogs?search=Government%20Recruitment","blog","884","91a14f472dc186ef30f9d5f06e4a8c3cfe1a60227d31179ae32f9bd2ef59b3f6",""
"https://www.searchsarkarinaukri.com/blogs?search=government%20recruitment","blog","884","91a14f472dc186ef30f9d5f06e4a8c3cfe1a60227d31179ae32f9bd2ef59b3f6",""
"https://www.searchsarkarinaukri.com/blogs?search=government%20retirement%20age","blog","884","91a14f472dc186ef30f9d5f06e4a8c3cfe1a60227d31179ae32f9bd2ef59b3f6",""
"https://www.searchsarkarinaukri.com/blogs?search=Government%20Rules","blog","884","91a14f472dc186ef30f9d5f06e4a8c3cfe1a60227d31179ae32f9bd2ef59b3f6",""
"https://www.searchsarkarinaukri.com/blogs?search=Government%20Salary","blog","884","91a14f472dc186ef30f9d5f06e4a8c3cfe1a60227d31179ae32f9bd2ef59b3f6",""
"https://www.searchsarkarinaukri.com/blogs?search=government%20schemes","blog","884","91a14f472dc186ef30f9d5f06e4a8c3cfe1a60227d31179ae32f9bd2ef59b3f6",""
"https://www.searchsarkarinaukri.com/blogs?search=government%20service","blog","884","91a14f472dc186ef30f9d5f06e4a8c3cfe1a60227d31179ae32f9bd2ef59b3f6",""
"https://www.searchsarkarinaukri.com/blogs?search=government%20system","blog","884","91a14f472dc186ef30f9d5f06e4a8c3cfe1a60227d31179ae32f9bd2ef59b3f6",""
"https://www.searchsarkarinaukri.com/blogs?search=Government%20System","blog","884","91a14f472dc186ef30f9d5f06e4a8c3cfe1a60227d31179ae32f9bd2ef59b3f6",""
"https://www.searchsarkarinaukri.com/blogs?search=government%20transparency","blog","884","91a14f472dc186ef30f9d5f06e4a8c3cfe1a60227d31179ae32f9bd2ef59b3f6",""
"https://www.searchsarkarinaukri.com/blogs?search=government%20vacancies","blog","884","91a14f472dc186ef30f9d5f06e4a8c3cfe1a60227d31179ae32f9bd2ef59b3f6",""
"https://www.searchsarkarinaukri.com/blogs?search=government%20vs%20private%20job","blog","884","91a14f472dc186ef30f9d5f06e4a8c3cfe1a60227d31179ae32f9bd2ef59b3f6",""
"https://www.searchsarkarinaukri.com/blogs?search=Govt%20Jobs","blog","884","91a14f472dc186ef30f9d5f06e4a8c3cfe1a60227d31179ae32f9bd2ef59b3f6",""
"https://www.searchsarkarinaukri.com/blogs?search=Govt%20Jobs%202026","blog","884","91a14f472dc186ef30f9d5f06e4a8c3cfe1a60227d31179ae32f9bd2ef59b3f6",""
"https://www.searchsarkarinaukri.com/blogs?search=graduate%20employment","blog","884","91a14f472dc186ef30f9d5f06e4a8c3cfe1a60227d31179ae32f9bd2ef59b3f6",""
"https://www.searchsarkarinaukri.com/blogs?search=graduate%20jobs","blog","884","91a14f472dc186ef30f9d5f06e4a8c3cfe1a60227d31179ae32f9bd2ef59b3f6",""
"https://www.searchsarkarinaukri.com/blogs?search=Group%20B%20Jobs","blog","884","91a14f472dc186ef30f9d5f06e4a8c3cfe1a60227d31179ae32f9bd2ef59b3f6",""
"https://www.searchsarkarinaukri.com/blogs?search=Group%20A%20Jobs","blog","884","91a14f472dc186ef30f9d5f06e4a8c3cfe1a60227d31179ae32f9bd2ef59b3f6",""
"https://www.searchsarkarinaukri.com/blogs?search=Group%20C%20Jobs","blog","884","91a14f472dc186ef30f9d5f06e4a8c3cfe1a60227d31179ae32f9bd2ef59b3f6",""
"https://www.searchsarkarinaukri.com/blogs?search=Group%20D%20Jobs","blog","884","91a14f472dc186ef30f9d5f06e4a8c3cfe1a60227d31179ae32f9bd2ef59b3f6",""
"https://www.searchsarkarinaukri.com/blogs?search=higher%20education","blog","884","91a14f472dc186ef30f9d5f06e4a8c3cfe1a60227d31179ae32f9bd2ef59b3f6",""
"https://www.searchsarkarinaukri.com/blogs?search=highest%20paying%20government%20jobs","blog","884","91a14f472dc186ef30f9d5f06e4a8c3cfe1a60227d31179ae32f9bd2ef59b3f6",""
"https://www.searchsarkarinaukri.com/blogs?search=Hindi%20official%20language","blog","884","91a14f472dc186ef30f9d5f06e4a8c3cfe1a60227d31179ae32f9bd2ef59b3f6",""
"https://www.searchsarkarinaukri.com/blogs?search=history%20of%20India","blog","884","91a14f472dc186ef30f9d5f06e4a8c3cfe1a60227d31179ae32f9bd2ef59b3f6",""
"https://www.searchsarkarinaukri.com/blogs?search=how%20laws%20are%20made%20in%20India","blog","884","91a14f472dc186ef30f9d5f06e4a8c3cfe1a60227d31179ae32f9bd2ef59b3f6",""
"https://www.searchsarkarinaukri.com/blogs?search=how%20to%20apply%20for%20railway%20job","blog","884","91a14f472dc186ef30f9d5f06e4a8c3cfe1a60227d31179ae32f9bd2ef59b3f6",""
"https://www.searchsarkarinaukri.com/blogs?search=how%20to%20prepare%20for%20SSC%20CGL","blog","884","91a14f472dc186ef30f9d5f06e4a8c3cfe1a60227d31179ae32f9bd2ef59b3f6",""
"https://www.searchsarkarinaukri.com/blogs?search=HRA","blog","884","91a14f472dc186ef30f9d5f06e4a8c3cfe1a60227d31179ae32f9bd2ef59b3f6",""
"https://www.searchsarkarinaukri.com/blogs?search=IAS%20Duties","blog","884","91a14f472dc186ef30f9d5f06e4a8c3cfe1a60227d31179ae32f9bd2ef59b3f6",""
"https://www.searchsarkarinaukri.com/blogs?search=ias%20exam","blog","884","91a14f472dc186ef30f9d5f06e4a8c3cfe1a60227d31179ae32f9bd2ef59b3f6",""
"https://www.searchsarkarinaukri.com/blogs?search=IAS%20history","blog","884","91a14f472dc186ef30f9d5f06e4a8c3cfe1a60227d31179ae32f9bd2ef59b3f6",""
"https://www.searchsarkarinaukri.com/blogs?search=IAS%20Lifestyle","blog","884","91a14f472dc186ef30f9d5f06e4a8c3cfe1a60227d31179ae32f9bd2ef59b3f6",""
"https://www.searchsarkarinaukri.com/blogs?search=IAS%20Officer","blog","884","91a14f472dc186ef30f9d5f06e4a8c3cfe1a60227d31179ae32f9bd2ef59b3f6",""
"https://www.searchsarkarinaukri.com/blogs?search=IAS%20officers","blog","884","91a14f472dc186ef30f9d5f06e4a8c3cfe1a60227d31179ae32f9bd2ef59b3f6",""
"https://www.searchsarkarinaukri.com/blogs?search=IAS%20salary","blog","884","91a14f472dc186ef30f9d5f06e4a8c3cfe1a60227d31179ae32f9bd2ef59b3f6",""
"https://www.searchsarkarinaukri.com/blogs?search=Identity","blog","884","91a14f472dc186ef30f9d5f06e4a8c3cfe1a60227d31179ae32f9bd2ef59b3f6",""
"https://www.searchsarkarinaukri.com/blogs?search=ICS","blog","884","91a14f472dc186ef30f9d5f06e4a8c3cfe1a60227d31179ae32f9bd2ef59b3f6",""
"https://www.searchsarkarinaukri.com/blogs?search=identity%20documents","blog","884","91a14f472dc186ef30f9d5f06e4a8c3cfe1a60227d31179ae32f9bd2ef59b3f6",""
"https://www.searchsarkarinaukri.com/blogs?search=ifs%20exam","blog","884","91a14f472dc186ef30f9d5f06e4a8c3cfe1a60227d31179ae32f9bd2ef59b3f6",""
"https://www.searchsarkarinaukri.com/blogs?search=In-Hand%20Salary","blog","884","91a14f472dc186ef30f9d5f06e4a8c3cfe1a60227d31179ae32f9bd2ef59b3f6",""
"https://www.searchsarkarinaukri.com/blogs?search=Income%20Tax%20Department","blog","884","91a14f472dc186ef30f9d5f06e4a8c3cfe1a60227d31179ae32f9bd2ef59b3f6",""
"https://www.searchsarkarinaukri.com/blogs?search=Income%20Tax%20Inspector","blog","884","91a14f472dc186ef30f9d5f06e4a8c3cfe1a60227d31179ae32f9bd2ef59b3f6",""
"https://www.searchsarkarinaukri.com/blogs?search=India","blog","884","91a14f472dc186ef30f9d5f06e4a8c3cfe1a60227d31179ae32f9bd2ef59b3f6",""
"https://www.searchsarkarinaukri.com/blogs?search=India%20explained","blog","884","91a14f472dc186ef30f9d5f06e4a8c3cfe1a60227d31179ae32f9bd2ef59b3f6",""
"https://www.searchsarkarinaukri.com/blogs?search=India%20government","blog","884","91a14f472dc186ef30f9d5f06e4a8c3cfe1a60227d31179ae32f9bd2ef59b3f6",""
"https://www.searchsarkarinaukri.com/blogs?search=Indian%20administration","blog","884","91a14f472dc186ef30f9d5f06e4a8c3cfe1a60227d31179ae32f9bd2ef59b3f6",""
"https://www.searchsarkarinaukri.com/blogs?search=Indian%20Administration","blog","884","91a14f472dc186ef30f9d5f06e4a8c3cfe1a60227d31179ae32f9bd2ef59b3f6",""
"https://www.searchsarkarinaukri.com/blogs?search=Indian%20bureaucracy","blog","884","91a14f472dc186ef30f9d5f06e4a8c3cfe1a60227d31179ae32f9bd2ef59b3f6",""
"https://www.searchsarkarinaukri.com/blogs?search=Indian%20Civil%20Service","blog","884","91a14f472dc186ef30f9d5f06e4a8c3cfe1a60227d31179ae32f9bd2ef59b3f6",""
"https://www.searchsarkarinaukri.com/blogs?search=Indian%20Constitution","blog","884","91a14f472dc186ef30f9d5f06e4a8c3cfe1a60227d31179ae32f9bd2ef59b3f6",""
"https://www.searchsarkarinaukri.com/blogs?search=Indian%20currency","blog","884","91a14f472dc186ef30f9d5f06e4a8c3cfe1a60227d31179ae32f9bd2ef59b3f6",""
"https://www.searchsarkarinaukri.com/blogs?search=Indian%20Currency","blog","884","91a14f472dc186ef30f9d5f06e4a8c3cfe1a60227d31179ae32f9bd2ef59b3f6",""
"https://www.searchsarkarinaukri.com/blogs?search=Indian%20documents","blog","884","91a14f472dc186ef30f9d5f06e4a8c3cfe1a60227d31179ae32f9bd2ef59b3f6",""
"https://www.searchsarkarinaukri.com/blogs?search=Indian%20Economy","blog","884","91a14f472dc186ef30f9d5f06e4a8c3cfe1a60227d31179ae32f9bd2ef59b3f6",""
"https://www.searchsarkarinaukri.com/blogs?search=Indian%20education%20system","blog","884","91a14f472dc186ef30f9d5f06e4a8c3cfe1a60227d31179ae32f9bd2ef59b3f6",""
"https://www.searchsarkarinaukri.com/blogs?search=Indian%20elections","blog","884","91a14f472dc186ef30f9d5f06e4a8c3cfe1a60227d31179ae32f9bd2ef59b3f6",""
"https://www.searchsarkarinaukri.com/blogs?search=Indian%20education","blog","884","91a14f472dc186ef30f9d5f06e4a8c3cfe1a60227d31179ae32f9bd2ef59b3f6",""
"https://www.searchsarkarinaukri.com/blogs?search=Indian%20government","blog","884","91a14f472dc186ef30f9d5f06e4a8c3cfe1a60227d31179ae32f9bd2ef59b3f6",""
"https://www.searchsarkarinaukri.com/blogs?search=Indian%20graduates","blog","884","91a14f472dc186ef30f9d5f06e4a8c3cfe1a60227d31179ae32f9bd2ef59b3f6",""
"https://www.searchsarkarinaukri.com/blogs?search=Indian%20History","blog","884","91a14f472dc186ef30f9d5f06e4a8c3cfe1a60227d31179ae32f9bd2ef59b3f6",""
"https://www.searchsarkarinaukri.com/blogs?search=Indian%20job%20market","blog","884","91a14f472dc186ef30f9d5f06e4a8c3cfe1a60227d31179ae32f9bd2ef59b3f6",""
"https://www.searchsarkarinaukri.com/blogs?search=Indian%20languages","blog","884","91a14f472dc186ef30f9d5f06e4a8c3cfe1a60227d31179ae32f9bd2ef59b3f6",""
"https://www.searchsarkarinaukri.com/blogs?search=Indian%20Parliament","blog","884","91a14f472dc186ef30f9d5f06e4a8c3cfe1a60227d31179ae32f9bd2ef59b3f6",""
"https://www.searchsarkarinaukri.com/blogs?search=Indian%20Railways","blog","884","91a14f472dc186ef30f9d5f06e4a8c3cfe1a60227d31179ae32f9bd2ef59b3f6",""
"https://www.searchsarkarinaukri.com/blogs?search=Indian%20rupee","blog","884","91a14f472dc186ef30f9d5f06e4a8c3cfe1a60227d31179ae32f9bd2ef59b3f6",""
"https://www.searchsarkarinaukri.com/blogs?search=Indian%20Rupee","blog","884","91a14f472dc186ef30f9d5f06e4a8c3cfe1a60227d31179ae32f9bd2ef59b3f6",""
"https://www.searchsarkarinaukri.com/blogs?search=Indian%20states","blog","884","91a14f472dc186ef30f9d5f06e4a8c3cfe1a60227d31179ae32f9bd2ef59b3f6",""
"https://www.searchsarkarinaukri.com/blogs?search=Indian%20students","blog","884","91a14f472dc186ef30f9d5f06e4a8c3cfe1a60227d31179ae32f9bd2ef59b3f6",""
"https://www.searchsarkarinaukri.com/blogs?search=Indian%20technology","blog","884","91a14f472dc186ef30f9d5f06e4a8c3cfe1a60227d31179ae32f9bd2ef59b3f6",""
"https://www.searchsarkarinaukri.com/blogs?search=Indian%20telecom","blog","884","91a14f472dc186ef30f9d5f06e4a8c3cfe1a60227d31179ae32f9bd2ef59b3f6",""
"https://www.searchsarkarinaukri.com/blogs?search=Indian%20youth","blog","884","91a14f472dc186ef30f9d5f06e4a8c3cfe1a60227d31179ae32f9bd2ef59b3f6",""
"https://www.searchsarkarinaukri.com/blogs?search=Interesting%20Facts","blog","884","91a14f472dc186ef30f9d5f06e4a8c3cfe1a60227d31179ae32f9bd2ef59b3f6",""
"https://www.searchsarkarinaukri.com/blogs?search=ips%20exam","blog","884","91a14f472dc186ef30f9d5f06e4a8c3cfe1a60227d31179ae32f9bd2ef59b3f6",""
"https://www.searchsarkarinaukri.com/blogs?search=IPS%20salary","blog","884","91a14f472dc186ef30f9d5f06e4a8c3cfe1a60227d31179ae32f9bd2ef59b3f6",""
"https://www.searchsarkarinaukri.com/blogs?search=IRCTC","blog","884","91a14f472dc186ef30f9d5f06e4a8c3cfe1a60227d31179ae32f9bd2ef59b3f6",""
"https://www.searchsarkarinaukri.com/blogs?search=ISRO%20assistant%20eligibility","blog","884","91a14f472dc186ef30f9d5f06e4a8c3cfe1a60227d31179ae32f9bd2ef59b3f6",""
"https://www.searchsarkarinaukri.com/blogs?search=ISRO%20jobs","blog","884","91a14f472dc186ef30f9d5f06e4a8c3cfe1a60227d31179ae32f9bd2ef59b3f6",""
"https://www.searchsarkarinaukri.com/blogs?search=ISRO%20recruitment%202026","blog","884","91a14f472dc186ef30f9d5f06e4a8c3cfe1a60227d31179ae32f9bd2ef59b3f6",""
"https://www.searchsarkarinaukri.com/blogs?search=ISRO%20recruitment%202026%20apply%20guide","blog","884","91a14f472dc186ef30f9d5f06e4a8c3cfe1a60227d31179ae32f9bd2ef59b3f6",""
"https://www.searchsarkarinaukri.com/blogs?search=JEE%20coaching","blog","884","91a14f472dc186ef30f9d5f06e4a8c3cfe1a60227d31179ae32f9bd2ef59b3f6",""
"https://www.searchsarkarinaukri.com/blogs?search=ISRO%20scientist","blog","884","91a14f472dc186ef30f9d5f06e4a8c3cfe1a60227d31179ae32f9bd2ef59b3f6",""
"https://www.searchsarkarinaukri.com/blogs?search=Jio","blog","884","91a14f472dc186ef30f9d5f06e4a8c3cfe1a60227d31179ae32f9bd2ef59b3f6",""
"https://www.searchsarkarinaukri.com/blogs?search=job%20competition","blog","884","91a14f472dc186ef30f9d5f06e4a8c3cfe1a60227d31179ae32f9bd2ef59b3f6",""
"https://www.searchsarkarinaukri.com/blogs?search=job%20market","blog","884","91a14f472dc186ef30f9d5f06e4a8c3cfe1a60227d31179ae32f9bd2ef59b3f6",""
"https://www.searchsarkarinaukri.com/blogs?search=job%20readiness","blog","884","91a14f472dc186ef30f9d5f06e4a8c3cfe1a60227d31179ae32f9bd2ef59b3f6",""
"https://www.searchsarkarinaukri.com/blogs?search=job%20rules","blog","884","91a14f472dc186ef30f9d5f06e4a8c3cfe1a60227d31179ae32f9bd2ef59b3f6",""
"https://www.searchsarkarinaukri.com/blogs?search=job%20security","blog","884","91a14f472dc186ef30f9d5f06e4a8c3cfe1a60227d31179ae32f9bd2ef59b3f6",""
"https://www.searchsarkarinaukri.com/blogs?search=job%20seekers","blog","884","91a14f472dc186ef30f9d5f06e4a8c3cfe1a60227d31179ae32f9bd2ef59b3f6",""
"https://www.searchsarkarinaukri.com/blogs?search=Joining%20Process","blog","884","91a14f472dc186ef30f9d5f06e4a8c3cfe1a60227d31179ae32f9bd2ef59b3f6",""
"https://www.searchsarkarinaukri.com/blogs?search=Kartavya%20Bhavan","blog","884","91a14f472dc186ef30f9d5f06e4a8c3cfe1a60227d31179ae32f9bd2ef59b3f6",""
"https://www.searchsarkarinaukri.com/blogs?search=Languages%20of%20India","blog","884","91a14f472dc186ef30f9d5f06e4a8c3cfe1a60227d31179ae32f9bd2ef59b3f6",""
"https://www.searchsarkarinaukri.com/blogs?search=latest%20government%20jobs","blog","884","91a14f472dc186ef30f9d5f06e4a8c3cfe1a60227d31179ae32f9bd2ef59b3f6",""
"https://www.searchsarkarinaukri.com/blogs?search=latest%20government%20jobs%20for%20freshers","blog","884","91a14f472dc186ef30f9d5f06e4a8c3cfe1a60227d31179ae32f9bd2ef59b3f6",""
"https://www.searchsarkarinaukri.com/blogs?search=Latest%20Govt%20Jobs%202026","blog","884","91a14f472dc186ef30f9d5f06e4a8c3cfe1a60227d31179ae32f9bd2ef59b3f6",""
"https://www.searchsarkarinaukri.com/blogs?search=latest%20jobs","blog","884","91a14f472dc186ef30f9d5f06e4a8c3cfe1a60227d31179ae32f9bd2ef59b3f6",""
"https://www.searchsarkarinaukri.com/blogs?search=Latest%20Recruitment","blog","884","91a14f472dc186ef30f9d5f06e4a8c3cfe1a60227d31179ae32f9bd2ef59b3f6",""
"https://www.searchsarkarinaukri.com/blogs?search=legislative%20process","blog","884","91a14f472dc186ef30f9d5f06e4a8c3cfe1a60227d31179ae32f9bd2ef59b3f6",""
"https://www.searchsarkarinaukri.com/blogs?search=Law%20Enforcement","blog","884","91a14f472dc186ef30f9d5f06e4a8c3cfe1a60227d31179ae32f9bd2ef59b3f6",""
"https://www.searchsarkarinaukri.com/blogs?search=Lok%20Sabha","blog","884","91a14f472dc186ef30f9d5f06e4a8c3cfe1a60227d31179ae32f9bd2ef59b3f6",""
"https://www.searchsarkarinaukri.com/blogs?search=Lok%20Sabha%20elections","blog","884","91a14f472dc186ef30f9d5f06e4a8c3cfe1a60227d31179ae32f9bd2ef59b3f6",""
"https://www.searchsarkarinaukri.com/blogs?search=Lutyens%20Delhi","blog","884","91a14f472dc186ef30f9d5f06e4a8c3cfe1a60227d31179ae32f9bd2ef59b3f6",""
"https://www.searchsarkarinaukri.com/blogs?search=Maharashtra%20government","blog","884","91a14f472dc186ef30f9d5f06e4a8c3cfe1a60227d31179ae32f9bd2ef59b3f6",""
"https://www.searchsarkarinaukri.com/blogs?search=Maharashtra%20government%20exams","blog","884","91a14f472dc186ef30f9d5f06e4a8c3cfe1a60227d31179ae32f9bd2ef59b3f6",""
"https://www.searchsarkarinaukri.com/blogs?search=Maharashtra%20govt%20job%20news","blog","884","91a14f472dc186ef30f9d5f06e4a8c3cfe1a60227d31179ae32f9bd2ef59b3f6",""
"https://www.searchsarkarinaukri.com/blogs?search=Maharashtra%20police%20bharti%202026","blog","884","91a14f472dc186ef30f9d5f06e4a8c3cfe1a60227d31179ae32f9bd2ef59b3f6",""
"https://www.searchsarkarinaukri.com/blogs?search=Maharashtra%20sarkari%20naukri","blog","884","91a14f472dc186ef30f9d5f06e4a8c3cfe1a60227d31179ae32f9bd2ef59b3f6",""
"https://www.searchsarkarinaukri.com/blogs?search=Medical%20Test","blog","884","91a14f472dc186ef30f9d5f06e4a8c3cfe1a60227d31179ae32f9bd2ef59b3f6",""
"https://www.searchsarkarinaukri.com/blogs?search=Ministry%20of%20Railways","blog","884","91a14f472dc186ef30f9d5f06e4a8c3cfe1a60227d31179ae32f9bd2ef59b3f6",""
"https://www.searchsarkarinaukri.com/blogs?search=mobile%20data%20India","blog","884","91a14f472dc186ef30f9d5f06e4a8c3cfe1a60227d31179ae32f9bd2ef59b3f6",""
"https://www.searchsarkarinaukri.com/blogs?search=mobile%20internet","blog","884","91a14f472dc186ef30f9d5f06e4a8c3cfe1a60227d31179ae32f9bd2ef59b3f6",""
"https://www.searchsarkarinaukri.com/blogs?search=money","blog","884","91a14f472dc186ef30f9d5f06e4a8c3cfe1a60227d31179ae32f9bd2ef59b3f6",""
"https://www.searchsarkarinaukri.com/blogs?search=MPSC","blog","884","91a14f472dc186ef30f9d5f06e4a8c3cfe1a60227d31179ae32f9bd2ef59b3f6",""
"https://www.searchsarkarinaukri.com/blogs?search=MPSC%20UPSC%20comparison%20Maharashtra","blog","884","91a14f472dc186ef30f9d5f06e4a8c3cfe1a60227d31179ae32f9bd2ef59b3f6",""
"https://www.searchsarkarinaukri.com/blogs?search=MPSC%20vs%20UPSC%20difference","blog","884","91a14f472dc186ef30f9d5f06e4a8c3cfe1a60227d31179ae32f9bd2ef59b3f6",""
"https://www.searchsarkarinaukri.com/blogs?search=National%20Education%20Policy","blog","884","91a14f472dc186ef30f9d5f06e4a8c3cfe1a60227d31179ae32f9bd2ef59b3f6",""
"https://www.searchsarkarinaukri.com/blogs?search=national%20language%20of%20India","blog","884","91a14f472dc186ef30f9d5f06e4a8c3cfe1a60227d31179ae32f9bd2ef59b3f6",""
"https://www.searchsarkarinaukri.com/blogs?search=NCERT%20recruitment","blog","884","91a14f472dc186ef30f9d5f06e4a8c3cfe1a60227d31179ae32f9bd2ef59b3f6",""
"https://www.searchsarkarinaukri.com/blogs?search=NCERT%20vacancies","blog","884","91a14f472dc186ef30f9d5f06e4a8c3cfe1a60227d31179ae32f9bd2ef59b3f6",""
"https://www.searchsarkarinaukri.com/blogs?search=NEET%20coaching","blog","884","91a14f472dc186ef30f9d5f06e4a8c3cfe1a60227d31179ae32f9bd2ef59b3f6",""
"https://www.searchsarkarinaukri.com/blogs?search=NEP%202020","blog","884","91a14f472dc186ef30f9d5f06e4a8c3cfe1a60227d31179ae32f9bd2ef59b3f6",""
"https://www.searchsarkarinaukri.com/blogs?search=New%20Delhi%20history","blog","884","91a14f472dc186ef30f9d5f06e4a8c3cfe1a60227d31179ae32f9bd2ef59b3f6",""
"https://www.searchsarkarinaukri.com/blogs?search=NPCI","blog","884","91a14f472dc186ef30f9d5f06e4a8c3cfe1a60227d31179ae32f9bd2ef59b3f6",""
"https://www.searchsarkarinaukri.com/blogs?search=Obsolete%20Government%20Jobs","blog","884","91a14f472dc186ef30f9d5f06e4a8c3cfe1a60227d31179ae32f9bd2ef59b3f6",""
"https://www.searchsarkarinaukri.com/blogs?search=official%20language%20of%20India","blog","884","91a14f472dc186ef30f9d5f06e4a8c3cfe1a60227d31179ae32f9bd2ef59b3f6",""
"https://www.searchsarkarinaukri.com/blogs?search=one%20nation%20one%20election","blog","884","91a14f472dc186ef30f9d5f06e4a8c3cfe1a60227d31179ae32f9bd2ef59b3f6",""
"https://www.searchsarkarinaukri.com/blogs?search=online%20application","blog","884","91a14f472dc186ef30f9d5f06e4a8c3cfe1a60227d31179ae32f9bd2ef59b3f6",""
"https://www.searchsarkarinaukri.com/blogs?search=online%20coaching","blog","884","91a14f472dc186ef30f9d5f06e4a8c3cfe1a60227d31179ae32f9bd2ef59b3f6",""
"https://www.searchsarkarinaukri.com/blogs?search=Online%20Fraud","blog","884","91a14f472dc186ef30f9d5f06e4a8c3cfe1a60227d31179ae32f9bd2ef59b3f6",""
"https://www.searchsarkarinaukri.com/blogs?search=PAC%20India","blog","884","91a14f472dc186ef30f9d5f06e4a8c3cfe1a60227d31179ae32f9bd2ef59b3f6",""
"https://www.searchsarkarinaukri.com/blogs?search=PAN%20card","blog","884","91a14f472dc186ef30f9d5f06e4a8c3cfe1a60227d31179ae32f9bd2ef59b3f6",""
"https://www.searchsarkarinaukri.com/blogs?search=paper%20leak","blog","884","91a14f472dc186ef30f9d5f06e4a8c3cfe1a60227d31179ae32f9bd2ef59b3f6",""
"https://www.searchsarkarinaukri.com/blogs?search=parliamentary%20committees","blog","884","91a14f472dc186ef30f9d5f06e4a8c3cfe1a60227d31179ae32f9bd2ef59b3f6",""
"https://www.searchsarkarinaukri.com/blogs?search=Parliament%20of%20India","blog","884","91a14f472dc186ef30f9d5f06e4a8c3cfe1a60227d31179ae32f9bd2ef59b3f6",""
"https://www.searchsarkarinaukri.com/blogs?search=passport","blog","884","91a14f472dc186ef30f9d5f06e4a8c3cfe1a60227d31179ae32f9bd2ef59b3f6",""
"https://www.searchsarkarinaukri.com/blogs?search=Pay%20Matrix","blog","884","91a14f472dc186ef30f9d5f06e4a8c3cfe1a60227d31179ae32f9bd2ef59b3f6",""
"https://www.searchsarkarinaukri.com/blogs?search=Permanent%20Job","blog","884","91a14f472dc186ef30f9d5f06e4a8c3cfe1a60227d31179ae32f9bd2ef59b3f6",""
"https://www.searchsarkarinaukri.com/blogs?search=pension","blog","884","91a14f472dc186ef30f9d5f06e4a8c3cfe1a60227d31179ae32f9bd2ef59b3f6",""
"https://www.searchsarkarinaukri.com/blogs?search=plan%20B","blog","884","91a14f472dc186ef30f9d5f06e4a8c3cfe1a60227d31179ae32f9bd2ef59b3f6",""
"https://www.searchsarkarinaukri.com/blogs?search=PM-KISAN%20scheme","blog","884","91a14f472dc186ef30f9d5f06e4a8c3cfe1a60227d31179ae32f9bd2ef59b3f6",""
"https://www.searchsarkarinaukri.com/blogs?search=PM%20KISAN%202026","blog","884","91a14f472dc186ef30f9d5f06e4a8c3cfe1a60227d31179ae32f9bd2ef59b3f6",""
"https://www.searchsarkarinaukri.com/blogs?search=PM%20Kisan%20benefits","blog","884","91a14f472dc186ef30f9d5f06e4a8c3cfe1a60227d31179ae32f9bd2ef59b3f6",""
"https://www.searchsarkarinaukri.com/blogs?search=PMO%20India","blog","884","91a14f472dc186ef30f9d5f06e4a8c3cfe1a60227d31179ae32f9bd2ef59b3f6",""
"https://www.searchsarkarinaukri.com/blogs?search=police%20bharti%202026%20Maharashtra","blog","884","91a14f472dc186ef30f9d5f06e4a8c3cfe1a60227d31179ae32f9bd2ef59b3f6",""
"https://www.searchsarkarinaukri.com/blogs?search=Police%20Careers","blog","884","91a14f472dc186ef30f9d5f06e4a8c3cfe1a60227d31179ae32f9bd2ef59b3f6",""
"https://www.searchsarkarinaukri.com/blogs?search=police%20constable%20physical%20test","blog","884","91a14f472dc186ef30f9d5f06e4a8c3cfe1a60227d31179ae32f9bd2ef59b3f6",""
"https://www.searchsarkarinaukri.com/blogs?search=Police%20Modernization","blog","884","91a14f472dc186ef30f9d5f06e4a8c3cfe1a60227d31179ae32f9bd2ef59b3f6",""
"https://www.searchsarkarinaukri.com/blogs?search=Police%20Recruitment","blog","884","91a14f472dc186ef30f9d5f06e4a8c3cfe1a60227d31179ae32f9bd2ef59b3f6",""
"https://www.searchsarkarinaukri.com/blogs?search=Police%20Reforms","blog","884","91a14f472dc186ef30f9d5f06e4a8c3cfe1a60227d31179ae32f9bd2ef59b3f6",""
"https://www.searchsarkarinaukri.com/blogs?search=Police%20Verification","blog","884","91a14f472dc186ef30f9d5f06e4a8c3cfe1a60227d31179ae32f9bd2ef59b3f6",""
"https://www.searchsarkarinaukri.com/blogs?search=President%20of%20India","blog","884","91a14f472dc186ef30f9d5f06e4a8c3cfe1a60227d31179ae32f9bd2ef59b3f6",""
"https://www.searchsarkarinaukri.com/blogs?search=private%20jobs","blog","884","91a14f472dc186ef30f9d5f06e4a8c3cfe1a60227d31179ae32f9bd2ef59b3f6",""
"https://www.searchsarkarinaukri.com/blogs?search=probation%20period","blog","884","91a14f472dc186ef30f9d5f06e4a8c3cfe1a60227d31179ae32f9bd2ef59b3f6",""
"https://www.searchsarkarinaukri.com/blogs?search=PSU%20jobs","blog","884","91a14f472dc186ef30f9d5f06e4a8c3cfe1a60227d31179ae32f9bd2ef59b3f6",""
"https://www.searchsarkarinaukri.com/blogs?search=Public%20Accounts%20Committee","blog","884","91a14f472dc186ef30f9d5f06e4a8c3cfe1a60227d31179ae32f9bd2ef59b3f6",""
"https://www.searchsarkarinaukri.com/blogs?search=public%20administration","blog","884","91a14f472dc186ef30f9d5f06e4a8c3cfe1a60227d31179ae32f9bd2ef59b3f6",""
"https://www.searchsarkarinaukri.com/blogs?search=Public%20Administration","blog","884","91a14f472dc186ef30f9d5f06e4a8c3cfe1a60227d31179ae32f9bd2ef59b3f6",""
"https://www.searchsarkarinaukri.com/blogs?search=public%20finance","blog","884","91a14f472dc186ef30f9d5f06e4a8c3cfe1a60227d31179ae32f9bd2ef59b3f6",""
"https://www.searchsarkarinaukri.com/blogs?search=public%20information","blog","884","91a14f472dc186ef30f9d5f06e4a8c3cfe1a60227d31179ae32f9bd2ef59b3f6",""
"https://www.searchsarkarinaukri.com/blogs?search=Public%20Service","blog","884","91a14f472dc186ef30f9d5f06e4a8c3cfe1a60227d31179ae32f9bd2ef59b3f6",""
"https://www.searchsarkarinaukri.com/blogs?search=Public%20Services","blog","884","91a14f472dc186ef30f9d5f06e4a8c3cfe1a60227d31179ae32f9bd2ef59b3f6",""
"https://www.searchsarkarinaukri.com/blogs?search=QR%20codes%20in%20India","blog","884","91a14f472dc186ef30f9d5f06e4a8c3cfe1a60227d31179ae32f9bd2ef59b3f6",""
"https://www.searchsarkarinaukri.com/blogs?search=railway%20exams","blog","884","91a14f472dc186ef30f9d5f06e4a8c3cfe1a60227d31179ae32f9bd2ef59b3f6",""
"https://www.searchsarkarinaukri.com/blogs?search=Railway%20exams","blog","884","91a14f472dc186ef30f9d5f06e4a8c3cfe1a60227d31179ae32f9bd2ef59b3f6",""
"https://www.searchsarkarinaukri.com/blogs?search=Railway%20Facts","blog","884","91a14f472dc186ef30f9d5f06e4a8c3cfe1a60227d31179ae32f9bd2ef59b3f6",""
"https://www.searchsarkarinaukri.com/blogs?search=Railway%20GK","blog","884","91a14f472dc186ef30f9d5f06e4a8c3cfe1a60227d31179ae32f9bd2ef59b3f6",""
"https://www.searchsarkarinaukri.com/blogs?search=Railway%20Jobs","blog","884","91a14f472dc186ef30f9d5f06e4a8c3cfe1a60227d31179ae32f9bd2ef59b3f6",""
"https://www.searchsarkarinaukri.com/blogs?search=railway%20NTPC%20syllabus%20Hindi","blog","884","91a14f472dc186ef30f9d5f06e4a8c3cfe1a60227d31179ae32f9bd2ef59b3f6",""
"https://www.searchsarkarinaukri.com/blogs?search=Rajya%20Sabha","blog","884","91a14f472dc186ef30f9d5f06e4a8c3cfe1a60227d31179ae32f9bd2ef59b3f6",""
"https://www.searchsarkarinaukri.com/blogs?search=RBI","blog","884","91a14f472dc186ef30f9d5f06e4a8c3cfe1a60227d31179ae32f9bd2ef59b3f6",""
"https://www.searchsarkarinaukri.com/blogs?search=RBI%20Grade%20B","blog","884","91a14f472dc186ef30f9d5f06e4a8c3cfe1a60227d31179ae32f9bd2ef59b3f6",""
"https://www.searchsarkarinaukri.com/blogs?search=Recruitment","blog","884","91a14f472dc186ef30f9d5f06e4a8c3cfe1a60227d31179ae32f9bd2ef59b3f6",""
"https://www.searchsarkarinaukri.com/blogs?search=recruitment%20exams","blog","884","91a14f472dc186ef30f9d5f06e4a8c3cfe1a60227d31179ae32f9bd2ef59b3f6",""
"https://www.searchsarkarinaukri.com/blogs?search=Recruitment%20Process","blog","884","91a14f472dc186ef30f9d5f06e4a8c3cfe1a60227d31179ae32f9bd2ef59b3f6",""
"https://www.searchsarkarinaukri.com/blogs?search=Red%20Tape","blog","884","91a14f472dc186ef30f9d5f06e4a8c3cfe1a60227d31179ae32f9bd2ef59b3f6",""
"https://www.searchsarkarinaukri.com/blogs?search=retirement%20rules","blog","884","91a14f472dc186ef30f9d5f06e4a8c3cfe1a60227d31179ae32f9bd2ef59b3f6",""
"https://www.searchsarkarinaukri.com/blogs?search=Right%20to%20Information","blog","884","91a14f472dc186ef30f9d5f06e4a8c3cfe1a60227d31179ae32f9bd2ef59b3f6",""
"https://www.searchsarkarinaukri.com/blogs?search=RRB","blog","884","91a14f472dc186ef30f9d5f06e4a8c3cfe1a60227d31179ae32f9bd2ef59b3f6",""
"https://www.searchsarkarinaukri.com/blogs?search=RRB%20Exams","blog","884","91a14f472dc186ef30f9d5f06e4a8c3cfe1a60227d31179ae32f9bd2ef59b3f6",""
"https://www.searchsarkarinaukri.com/blogs?search=RRB%20NTPC%202026%20preparation","blog","884","91a14f472dc186ef30f9d5f06e4a8c3cfe1a60227d31179ae32f9bd2ef59b3f6",""
"https://www.searchsarkarinaukri.com/blogs?search=RTI%20Act","blog","884","91a14f472dc186ef30f9d5f06e4a8c3cfe1a60227d31179ae32f9bd2ef59b3f6",""
"https://www.searchsarkarinaukri.com/blogs?search=RTI%20application","blog","884","91a14f472dc186ef30f9d5f06e4a8c3cfe1a60227d31179ae32f9bd2ef59b3f6",""
"https://www.searchsarkarinaukri.com/blogs?search=RTI%20India","blog","884","91a14f472dc186ef30f9d5f06e4a8c3cfe1a60227d31179ae32f9bd2ef59b3f6",""
"https://www.searchsarkarinaukri.com/blogs?search=rupee%20history","blog","884","91a14f472dc186ef30f9d5f06e4a8c3cfe1a60227d31179ae32f9bd2ef59b3f6",""
"https://www.searchsarkarinaukri.com/blogs?search=safe%20career","blog","884","91a14f472dc186ef30f9d5f06e4a8c3cfe1a60227d31179ae32f9bd2ef59b3f6",""
"https://www.searchsarkarinaukri.com/blogs?search=salary%20comparison","blog","884","91a14f472dc186ef30f9d5f06e4a8c3cfe1a60227d31179ae32f9bd2ef59b3f6",""
"https://www.searchsarkarinaukri.com/blogs?search=Sarkari%20Naukri","blog","884","91a14f472dc186ef30f9d5f06e4a8c3cfe1a60227d31179ae32f9bd2ef59b3f6",""
"https://www.searchsarkarinaukri.com/blogs?search=Salary%20Structure","blog","884","91a14f472dc186ef30f9d5f06e4a8c3cfe1a60227d31179ae32f9bd2ef59b3f6",""
"https://www.searchsarkarinaukri.com/blogs?search=sarkari%20naukri%20online%20apply","blog","884","91a14f472dc186ef30f9d5f06e4a8c3cfe1a60227d31179ae32f9bd2ef59b3f6",""
"https://www.searchsarkarinaukri.com/blogs?search=Sarkari%20Naukri%20Tips","blog","884","91a14f472dc186ef30f9d5f06e4a8c3cfe1a60227d31179ae32f9bd2ef59b3f6",""
"https://www.searchsarkarinaukri.com/blogs?search=sarkari%20naukri%20vacancy","blog","884","91a14f472dc186ef30f9d5f06e4a8c3cfe1a60227d31179ae32f9bd2ef59b3f6",""
"https://www.searchsarkarinaukri.com/blogs?search=scan%20and%20pay","blog","884","91a14f472dc186ef30f9d5f06e4a8c3cfe1a60227d31179ae32f9bd2ef59b3f6",""
"https://www.searchsarkarinaukri.com/blogs?search=school%20education","blog","884","91a14f472dc186ef30f9d5f06e4a8c3cfe1a60227d31179ae32f9bd2ef59b3f6",""
"https://www.searchsarkarinaukri.com/blogs?search=science%20careers","blog","884","91a14f472dc186ef30f9d5f06e4a8c3cfe1a60227d31179ae32f9bd2ef59b3f6",""
"https://www.searchsarkarinaukri.com/blogs?search=SDM","blog","884","91a14f472dc186ef30f9d5f06e4a8c3cfe1a60227d31179ae32f9bd2ef59b3f6",""
"https://www.searchsarkarinaukri.com/blogs?search=Scientist%20Engineer","blog","884","91a14f472dc186ef30f9d5f06e4a8c3cfe1a60227d31179ae32f9bd2ef59b3f6",""
"https://www.searchsarkarinaukri.com/blogs?search=Search%20Sarkari%20Naukri","blog","884","91a14f472dc186ef30f9d5f06e4a8c3cfe1a60227d31179ae32f9bd2ef59b3f6",""
"https://www.searchsarkarinaukri.com/blogs?search=service%20rules","blog","884","91a14f472dc186ef30f9d5f06e4a8c3cfe1a60227d31179ae32f9bd2ef59b3f6",""
"https://www.searchsarkarinaukri.com/blogs?search=side%20income","blog","884","91a14f472dc186ef30f9d5f06e4a8c3cfe1a60227d31179ae32f9bd2ef59b3f6",""
"https://www.searchsarkarinaukri.com/blogs?search=Seva%20Teerth","blog","884","91a14f472dc186ef30f9d5f06e4a8c3cfe1a60227d31179ae32f9bd2ef59b3f6",""
"https://www.searchsarkarinaukri.com/blogs?search=simultaneous%20elections","blog","884","91a14f472dc186ef30f9d5f06e4a8c3cfe1a60227d31179ae32f9bd2ef59b3f6",""
"https://www.searchsarkarinaukri.com/blogs?search=skill%20development","blog","884","91a14f472dc186ef30f9d5f06e4a8c3cfe1a60227d31179ae32f9bd2ef59b3f6",""
"https://www.searchsarkarinaukri.com/blogs?search=skills","blog","884","91a14f472dc186ef30f9d5f06e4a8c3cfe1a60227d31179ae32f9bd2ef59b3f6",""
"https://www.searchsarkarinaukri.com/blogs?search=skills%20of%20the%20future","blog","884","91a14f472dc186ef30f9d5f06e4a8c3cfe1a60227d31179ae32f9bd2ef59b3f6",""
"https://www.searchsarkarinaukri.com/blogs?search=skills%20gap","blog","884","91a14f472dc186ef30f9d5f06e4a8c3cfe1a60227d31179ae32f9bd2ef59b3f6",""
"https://www.searchsarkarinaukri.com/blogs?search=South%20Block","blog","884","91a14f472dc186ef30f9d5f06e4a8c3cfe1a60227d31179ae32f9bd2ef59b3f6",""
"https://www.searchsarkarinaukri.com/blogs?search=space%20jobs","blog","884","91a14f472dc186ef30f9d5f06e4a8c3cfe1a60227d31179ae32f9bd2ef59b3f6",""
"https://www.searchsarkarinaukri.com/blogs?search=ssc","blog","884","91a14f472dc186ef30f9d5f06e4a8c3cfe1a60227d31179ae32f9bd2ef59b3f6",""
"https://www.searchsarkarinaukri.com/blogs?search=SSC","blog","884","91a14f472dc186ef30f9d5f06e4a8c3cfe1a60227d31179ae32f9bd2ef59b3f6",""
"https://www.searchsarkarinaukri.com/blogs?search=SSC%20aspirants","blog","884","91a14f472dc186ef30f9d5f06e4a8c3cfe1a60227d31179ae32f9bd2ef59b3f6",""
"https://www.searchsarkarinaukri.com/blogs?search=SSC%20CGL","blog","884","91a14f472dc186ef30f9d5f06e4a8c3cfe1a60227d31179ae32f9bd2ef59b3f6",""
"https://www.searchsarkarinaukri.com/blogs?search=ssc%20cgl","blog","884","91a14f472dc186ef30f9d5f06e4a8c3cfe1a60227d31179ae32f9bd2ef59b3f6",""
"https://www.searchsarkarinaukri.com/blogs?search=ssc%20cgl%202026","blog","884","91a14f472dc186ef30f9d5f06e4a8c3cfe1a60227d31179ae32f9bd2ef59b3f6",""
"https://www.searchsarkarinaukri.com/blogs?search=SSC%20CGL%20apply%20online%202026","blog","884","91a14f472dc186ef30f9d5f06e4a8c3cfe1a60227d31179ae32f9bd2ef59b3f6",""
"https://www.searchsarkarinaukri.com/blogs?search=ssc%20cgl%20eligibility","blog","884","91a14f472dc186ef30f9d5f06e4a8c3cfe1a60227d31179ae32f9bd2ef59b3f6",""
"https://www.searchsarkarinaukri.com/blogs?search=SSC%20CGL%20eligibility%20criteria%202026","blog","884","91a14f472dc186ef30f9d5f06e4a8c3cfe1a60227d31179ae32f9bd2ef59b3f6",""
"https://www.searchsarkarinaukri.com/blogs?search=ssc%20cgl%20posts","blog","884","91a14f472dc186ef30f9d5f06e4a8c3cfe1a60227d31179ae32f9bd2ef59b3f6",""
"https://www.searchsarkarinaukri.com/blogs?search=ssc%20cgl%20salary","blog","884","91a14f472dc186ef30f9d5f06e4a8c3cfe1a60227d31179ae32f9bd2ef59b3f6",""
"https://www.searchsarkarinaukri.com/blogs?search=SSC%20CGL%20syllabus%202026","blog","884","91a14f472dc186ef30f9d5f06e4a8c3cfe1a60227d31179ae32f9bd2ef59b3f6",""
"https://www.searchsarkarinaukri.com/blogs?search=SSC%20coaching","blog","884","91a14f472dc186ef30f9d5f06e4a8c3cfe1a60227d31179ae32f9bd2ef59b3f6",""
"https://www.searchsarkarinaukri.com/blogs?search=SSC%20preparation","blog","884","91a14f472dc186ef30f9d5f06e4a8c3cfe1a60227d31179ae32f9bd2ef59b3f6",""
"https://www.searchsarkarinaukri.com/blogs?search=SSC%20Preparation","blog","884","91a14f472dc186ef30f9d5f06e4a8c3cfe1a60227d31179ae32f9bd2ef59b3f6",""
"https://www.searchsarkarinaukri.com/blogs?search=stable%20jobs","blog","884","91a14f472dc186ef30f9d5f06e4a8c3cfe1a60227d31179ae32f9bd2ef59b3f6",""
"https://www.searchsarkarinaukri.com/blogs?search=states%20vs%20union%20territories","blog","884","91a14f472dc186ef30f9d5f06e4a8c3cfe1a60227d31179ae32f9bd2ef59b3f6",""
"https://www.searchsarkarinaukri.com/blogs?search=state%20assembly%20elections","blog","884","91a14f472dc186ef30f9d5f06e4a8c3cfe1a60227d31179ae32f9bd2ef59b3f6",""
"https://www.searchsarkarinaukri.com/blogs?search=students","blog","884","91a14f472dc186ef30f9d5f06e4a8c3cfe1a60227d31179ae32f9bd2ef59b3f6",""
"https://www.searchsarkarinaukri.com/blogs?search=Superintendent%20of%20Police","blog","884","91a14f472dc186ef30f9d5f06e4a8c3cfe1a60227d31179ae32f9bd2ef59b3f6",""
"https://www.searchsarkarinaukri.com/blogs?search=Suspension","blog","884","91a14f472dc186ef30f9d5f06e4a8c3cfe1a60227d31179ae32f9bd2ef59b3f6",""
"https://www.searchsarkarinaukri.com/blogs?search=technology","blog","884","91a14f472dc186ef30f9d5f06e4a8c3cfe1a60227d31179ae32f9bd2ef59b3f6",""
"https://www.searchsarkarinaukri.com/blogs?search=Tehsildar","blog","884","91a14f472dc186ef30f9d5f06e4a8c3cfe1a60227d31179ae32f9bd2ef59b3f6",""
"https://www.searchsarkarinaukri.com/blogs?search=transfer%20policy","blog","884","91a14f472dc186ef30f9d5f06e4a8c3cfe1a60227d31179ae32f9bd2ef59b3f6",""
"https://www.searchsarkarinaukri.com/blogs?search=transfer%20rules","blog","884","91a14f472dc186ef30f9d5f06e4a8c3cfe1a60227d31179ae32f9bd2ef59b3f6",""
"https://www.searchsarkarinaukri.com/blogs?search=Union%20Territories%20of%20India","blog","884","91a14f472dc186ef30f9d5f06e4a8c3cfe1a60227d31179ae32f9bd2ef59b3f6",""
"https://www.searchsarkarinaukri.com/blogs?search=UIDAI","blog","884","91a14f472dc186ef30f9d5f06e4a8c3cfe1a60227d31179ae32f9bd2ef59b3f6",""
"https://www.searchsarkarinaukri.com/blogs?search=Union%20Territory%20explained","blog","884","91a14f472dc186ef30f9d5f06e4a8c3cfe1a60227d31179ae32f9bd2ef59b3f6",""
"https://www.searchsarkarinaukri.com/blogs?search=UPI","blog","884","91a14f472dc186ef30f9d5f06e4a8c3cfe1a60227d31179ae32f9bd2ef59b3f6",""
"https://www.searchsarkarinaukri.com/blogs?search=UPI%20QR%20code","blog","884","91a14f472dc186ef30f9d5f06e4a8c3cfe1a60227d31179ae32f9bd2ef59b3f6",""
"https://www.searchsarkarinaukri.com/blogs?search=UPSC","blog","884","91a14f472dc186ef30f9d5f06e4a8c3cfe1a60227d31179ae32f9bd2ef59b3f6",""
"https://www.searchsarkarinaukri.com/blogs?search=upsc%202026","blog","884","91a14f472dc186ef30f9d5f06e4a8c3cfe1a60227d31179ae32f9bd2ef59b3f6",""
"https://www.searchsarkarinaukri.com/blogs?search=upsc%20civil%20services","blog","884","91a14f472dc186ef30f9d5f06e4a8c3cfe1a60227d31179ae32f9bd2ef59b3f6",""
"https://www.searchsarkarinaukri.com/blogs?search=UPSC%20coaching","blog","884","91a14f472dc186ef30f9d5f06e4a8c3cfe1a60227d31179ae32f9bd2ef59b3f6",""
"https://www.searchsarkarinaukri.com/blogs?search=upsc%20eligibility","blog","884","91a14f472dc186ef30f9d5f06e4a8c3cfe1a60227d31179ae32f9bd2ef59b3f6",""
"https://www.searchsarkarinaukri.com/blogs?search=upsc%20preparation","blog","884","91a14f472dc186ef30f9d5f06e4a8c3cfe1a60227d31179ae32f9bd2ef59b3f6",""
"https://www.searchsarkarinaukri.com/blogs?search=UPSC%20preparation","blog","884","91a14f472dc186ef30f9d5f06e4a8c3cfe1a60227d31179ae32f9bd2ef59b3f6",""
"https://www.searchsarkarinaukri.com/blogs?search=UPSC%20Preparation","blog","884","91a14f472dc186ef30f9d5f06e4a8c3cfe1a60227d31179ae32f9bd2ef59b3f6",""
"https://www.searchsarkarinaukri.com/blogs?search=Vacancies","blog","884","91a14f472dc186ef30f9d5f06e4a8c3cfe1a60227d31179ae32f9bd2ef59b3f6",""
"https://www.searchsarkarinaukri.com/blogs?search=Vi","blog","884","91a14f472dc186ef30f9d5f06e4a8c3cfe1a60227d31179ae32f9bd2ef59b3f6",""
"https://www.searchsarkarinaukri.com/blogs?search=voter%20ID","blog","884","91a14f472dc186ef30f9d5f06e4a8c3cfe1a60227d31179ae32f9bd2ef59b3f6",""
"https://www.searchsarkarinaukri.com/blogs?search=voting%20process","blog","884","91a14f472dc186ef30f9d5f06e4a8c3cfe1a60227d31179ae32f9bd2ef59b3f6",""
"https://www.searchsarkarinaukri.com/blogs?search=VVPAT","blog","884","91a14f472dc186ef30f9d5f06e4a8c3cfe1a60227d31179ae32f9bd2ef59b3f6",""
"https://www.searchsarkarinaukri.com/blogs?search=work%20experience","blog","884","91a14f472dc186ef30f9d5f06e4a8c3cfe1a60227d31179ae32f9bd2ef59b3f6",""
"https://www.searchsarkarinaukri.com/blogs?search=work%20life%20balance","blog","884","91a14f472dc186ef30f9d5f06e4a8c3cfe1a60227d31179ae32f9bd2ef59b3f6",""
"https://www.searchsarkarinaukri.com/blogs?search=youtube%20channel","blog","884","91a14f472dc186ef30f9d5f06e4a8c3cfe1a60227d31179ae32f9bd2ef59b3f6",""
"https://www.searchsarkarinaukri.com/blogs?search=youth%20employment","blog","884","91a14f472dc186ef30f9d5f06e4a8c3cfe1a60227d31179ae32f9bd2ef59b3f6",""
"https://www.searchsarkarinaukri.com/blogs/10th-and-12th-pass-government-jobs-in-india-2026-best-career-options-salary-how-to-apply","blog","1172","ef041d33335dba869dfe87f0edf77d856e360203d1c6fb5f607ee72453e1999e",""
"https://www.searchsarkarinaukri.com/blogs/7th-pay-commission-explained-what-every-government-job-aspirant-should-know","blog","1089","6c413ff2911a3b822435747a248742f7b03a3d83e7858208fcd64ef658a9e7c5",""
"https://www.searchsarkarinaukri.com/blogs/ai-is-coming-for-jobs-but-should-government-job-aspirants-actually-be-worried","blog","1326","66b1d3a105a86785562c7e944a40f51d1db80e7d6bfc7bada459e67ff006c903",""
"https://www.searchsarkarinaukri.com/blogs/a-day-in-the-life-of-an-ias-officer-what-really-happens-behind-the-desk","blog","997","b79d8f95829d4d464bf72c1a88aaa64bf5a059f2ec1e7d23135f2c3f9b30ff3f",""
"https://www.searchsarkarinaukri.com/blogs/are-we-preparing-students-for-jobs-that-don-t-exist-yet","blog","1663","2c60b16a9cf51c37e54c167e585de504b7a68d86bbc6316235306937dae608b4",""
"https://www.searchsarkarinaukri.com/blogs/can-a-government-employee-be-fired-the-truth-about-permanent-government-jobs","blog","1009","9dc12eb216e82cc2ed72ba492429338a107372ec7a77577478e7386e881d779e",""
"https://www.searchsarkarinaukri.com/blogs/can-a-government-employee-be-transferred-against-their-will-the-rules-explained","blog","1346","d2f731b7962c02d5fd59689f77eeca840957abc20ae05779ecd78407067a594c",""
"https://www.searchsarkarinaukri.com/blogs/can-government-employees-start-a-youtube-channel-or-business-rules-explained","blog","1462","f8b3b13dd6d60b211a4d44f7f822b67121af3d67b8d1e1b29bf8d7f296a2961c",""
"https://www.searchsarkarinaukri.com/blogs/common-mistakes-that-lead-to-government-job-application-rejection","blog","1032","cd40566802ac85085f855518eb64ad9f9376664896c42bb979983fbd618938de",""
"https://www.searchsarkarinaukri.com/blogs/from-probation-to-promotion-the-career-growth-of-an-income-tax-inspector","blog","964","61d977040e1272107b379acbe3891a95ab2c3aa398773e7c58757705abfd3bd2",""
"https://www.searchsarkarinaukri.com/blogs/government-job-salary-explained-what-you-actually-take-home-every-month","blog","842","5829a87e1f4310353679465505a9cc58f284a971e919ab6ecef74b09dbb16ba7",""
"https://www.searchsarkarinaukri.com/blogs/government-job-verification-process-explained-what-happens-after-you-get-selected","blog","926","81d7a2f3b8ed229e97de8731678be57ba519b0aa47c04e52cb241367851d501d",""
"https://www.searchsarkarinaukri.com/blogs/government-job-vs-private-job-in-2026-which-career-is-better-for-you","blog","1282","f86ac7f95714e395ba5137de2f7cbc4784966b344babfc88e57b30e2c63e3f3b",""
"https://www.searchsarkarinaukri.com/blogs/government-jobs-that-no-longer-exist-careers-lost-to-time","blog","960","2b937d1a6e42d54d20e24c467317f3e083b7d1acd5b88a9a047d14f1ce488b1e",""
"https://www.searchsarkarinaukri.com/blogs/group-a-b-c-d-government-jobs-explained-which-one-is-right-for-you","blog","1343","1b4d6be166c8e6eae6f9379e88036c2c804913a5c569fcf034b3b5f039e55859",""
"https://www.searchsarkarinaukri.com/blogs/has-coaching-become-a-second-education-system-in-india","blog","1727","54bf7252aa87f687226eabba16b137f08ebe1763634fea6d2bd23759573b1c88",""
"https://www.searchsarkarinaukri.com/blogs/how-india-s-district-administration-works-collector-sp-ceo-tehsildar-more-explained","blog","1295","1b327ca902fc33e5e84175c34ff0a55f67975f02bc2c89490181181f3748ccb6",""
"https://www.searchsarkarinaukri.com/blogs/how-does-the-election-commission-of-india-conduct-the-world-s-largest-election","blog","1585","84dd1c92eafb22458fc04ec225d6def5df5a3dbb950321241f07129071bfe8b0",""
"https://www.searchsarkarinaukri.com/blogs/how-laws-are-made-in-india-from-bill-to-act-explained","blog","1518","3515f612eeb09ba4b5e6b4aa365dc07e8a0d33543fb7022f2fb8712e6e1f0407",""
"https://www.searchsarkarinaukri.com/blogs/how-the-indian-administrative-service-ias-evolved-from-the-british-era-ics","blog","1494","502130754b1705e61032db1eeae37a1eae36728a0979db80ac4a1ff08ac8c00b",""
"https://www.searchsarkarinaukri.com/blogs/how-to-be-good-student","blog","226","4723a3daa3715f9a13fed8fb6057ac0e9d4be9f9476ce29755512f325e3e58e5",""
"https://www.searchsarkarinaukri.com/blogs/is-a-government-job-still-the-best-safe-career-choice","blog","1654","8763f0a5af9fa38921c2b486626d2fbab70fd6820d4df51c83a040c8f3358290",""
"https://www.searchsarkarinaukri.com/blogs/isro-has-opened-scientist-engineer-recruitment-but-these-aren-t-typical-space-jobs","blog","977","cec8c92c3f3d363f1c53de987ed308cc2a5ac84a1fcfc9550a7f411ede6611b2",""
"https://www.searchsarkarinaukri.com/blogs/latest-government-job-notifications-2026-the-opportunities-you-can-t-afford-to-miss","blog","756","8ec83bec31330634f14916dd2da11df23b62aee19d4c70b2d38c7f4d093e991d",""
"https://www.searchsarkarinaukri.com/blogs/maharashtra-wants-to-change-how-government-exams-are-conducted-what-could-change-for-aspirants","blog","1359","a8ae4ba1b5a5c27c96253ec6b5f1274aa49097aa4943f99c63396f0b92d53988",""
"https://www.searchsarkarinaukri.com/blogs/ncert-has-1-596-vacant-posts-cbse-has-933-why-are-india-s-education-bodies-short-staffed","blog","1485","3a6fbcc999de4e039ab9b19a54257596753d9d432d640fa4786b0fbdaab07cfc",""
"https://www.searchsarkarinaukri.com/blogs/one-nation-one-election-explained-what-it-means-for-india","blog","1566","67e15aafd198769367e3e5f3bbc7f3af90053d0bdee19fe865359f247e3e8f05",""
"https://www.searchsarkarinaukri.com/blogs/pm-kisan-is-continuing-until-2030-31-what-actually-changes-for-farmers","blog","1229","645fd71780cec4c6bd063f239a1b6d75be9a8e37399e857d004e5e11d8059a56",""
"https://www.searchsarkarinaukri.com/blogs/search-sarkari-naukri-launches-comprehensive-government-jobs-exam-updates-daily-assessment-platform-for-indian-aspirants-2","blog","1008","b496d13de238ccace81c5b18b44902a7150934792cf2c6e4e128109b730501bd",""
"https://www.searchsarkarinaukri.com/blogs/ssc-cgl-2026-complete-guide-to-eligibility-posts-salary-preparation-strategy","blog","1259","77f713b718122c3f96827abf601bd4b99ead2e3894e01b396d4f86c63286dd16",""
"https://www.searchsarkarinaukri.com/blogs/the-first-job-problem-why-is-getting-your-first-job-so-hard","blog","1552","786aae9343d2d6f86f452481c40eb579cdf08009ce1d7cb0019f1c4daadd73e8",""
"https://www.searchsarkarinaukri.com/blogs/title-why-does-preparing-for-a-government-job-sometimes-feel-like-a-full-time-job","blog","1608","b32710a32c4b9accf095cfb596b09baddd2530323adfb7356043b02d2c13fe9c",""
"https://www.searchsarkarinaukri.com/blogs/top-10-highest-paying-government-jobs-in-india-in-2026","blog","1159","3b67337896c36019377f3c154eb5e9558b3d1648443c244eea1f1f6ec7c24595",""
"https://www.searchsarkarinaukri.com/blogs/upsc-civil-services-examination-2026-complete-beginner-s-guide-to-ias-ips-ifs","blog","1201","d60676bd984228deee00347e2d5390425fd07fb097745ed087d7a664cc677d9e",""
"https://www.searchsarkarinaukri.com/blogs/what-does-job-security-actually-mean-anymore","blog","1468","5a41daecd8773abddfc0ea3dd070fbd75f4d1ae4ee2fae65837c66b10230173c",""
"https://www.searchsarkarinaukri.com/blogs/what-happens-during-probation-in-a-government-job-can-you-lose-the-job","blog","1346","2239775107739182bbba186a99790c0cc92fc28fade141ba1790da062d2c050d",""
"https://www.searchsarkarinaukri.com/blogs/what-does-the-cabinet-secretary-actually-do-the-most-powerful-bureaucrat-in-india-explained","blog","1726","63d5358f27b944d3bb1bf189a622bf506cc1d644ab1c3b943d66bb75f2af36bd",""
"https://www.searchsarkarinaukri.com/blogs/what-happens-if-nobody-applies-for-a-government-job-the-surprising-answer","blog","667","b7ab5efa07886273c5e31f01c69dd469c61efd2fa5e26c284c9b76261ed36841",""
"https://www.searchsarkarinaukri.com/blogs/what-happens-to-your-aadhaar-number-after-you-die-the-answer-may-surprise-you","blog","722","9ea7dc04fac3c361610bc83d5a3cfb3cdb6c30ad0171101a2a0566c0a6717b8e",""
"https://www.searchsarkarinaukri.com/blogs/what-happens-to-your-government-exam-answer-sheet-after-the-result-the-journey-nobody-sees","blog","605","3ec4dad61b26e8e0ffb6e8d3d57b3d2c7346ff05ea57505180c606832dc66eab",""
"https://www.searchsarkarinaukri.com/blogs/what-is-a-gazetted-officer-and-why-their-signature-matters","blog","877","eef386ff3e45fb65c50f659536c9381e61bc9869398536d4f476e100f4a87387",""
"https://www.searchsarkarinaukri.com/blogs/what-happens-when-your-dream-exam-is-not-your-best-opportunity","blog","1685","a18644415107ca7a9b2c4eba6507cee412f9835ae3d17e1a84e7cdf0521c921d",""
"https://www.searchsarkarinaukri.com/blogs/what-is-the-comptroller-and-auditor-general-cag-why-its-reports-matter","blog","1678","954ececb4f4720b126a69f369efd364e4ae475f5f346b062dc543c46a41e2cc8",""
"https://www.searchsarkarinaukri.com/blogs/what-is-the-national-education-policy-nep-and-how-does-it-affect-students","blog","1486","59eaa9dd667d77314cd4e298f2a88c21c160b84769965c051677ad49dea98def",""
"https://www.searchsarkarinaukri.com/blogs/what-is-the-public-accounts-committee-pac-how-parliament-checks-government-spending","blog","1724","7c849277b3c40cbc104640ee8d9ad406275de0c3448fc7492c82006c88bac5fc",""
"https://www.searchsarkarinaukri.com/blogs/what-is-the-right-to-information-rti-act-how-citizens-can-seek-government-information","blog","1595","dbff3d225b81a26049d27075a5c3a956539976e1bd2da8b42b9b0821a64b6e1f",""
"https://www.searchsarkarinaukri.com/blogs/who-actually-owns-indian-railways-the-answer-isn-t-as-simple-as-you-think","blog","1028","738db9d063f3ed26bb20c73e6fdf4a697a89bcd4591f3913d39b9c7f80d3b230",""
"https://www.searchsarkarinaukri.com/blogs/why-are-police-reforms-always-in-the-news-what-every-aspirant-should-know","blog","947","65a8493f0dfb16ac3d675a04f12acde277f522d4010e3097bdc6a689bf8dcd38",""
"https://www.searchsarkarinaukri.com/blogs/why-are-qr-codes-everywhere-in-india-now","blog","1641","7c6dc71feba8f409c32f4b133139ed12d10a27e8c61dd4e85ef6a68c75aaabb5",""
"https://www.searchsarkarinaukri.com/blogs/why-are-so-many-educated-young-indians-competing-for-the-same-few-jobs","blog","1600","13619f39b8c6c0303662b3b1a8899cf30ebd0fe70b739cab6d7fb8e7c5850772",""
"https://www.searchsarkarinaukri.com/blogs/why-cybercrime-is-becoming-one-of-india-s-biggest-policing-challenges","blog","932","e3521d34df4e247ac5efe6e691e0c86e7ace74b562936e5975bf0fec82ada70d",""
"https://www.searchsarkarinaukri.com/blogs/why-did-the-pmo-move-out-of-south-block-the-story-behind-india-s-new-seva-teerth","blog","1260","42ef477c65ff41d6f0e6b0144b27847a6e4f30c1a2e14a99f398b34929ff3b24",""
"https://www.searchsarkarinaukri.com/blogs/why-do-aspirants-feel-guilty-for-having-a-backup-plan","blog","1939","f4586d806478ea61824ffcc2be00336edadd7e0657e2ece20720e11abf11837b",""
"https://www.searchsarkarinaukri.com/blogs/why-do-government-employees-retire-at-a-fixed-age-and-who-decides-it","blog","1694","9107f9bca3581bd44bac136c721aa32f2d4f164ceca75dacaea77f2f0d72f5b9",""
"https://www.searchsarkarinaukri.com/blogs/why-do-indian-degrees-take-so-long-to-become-useful","blog","1825","135dd490892eb75e5c19dafe0fd829f05d9b9fed3bcc24e0294f1f96a4f0e0f5",""
"https://www.searchsarkarinaukri.com/blogs/why-do-indian-currency-notes-have-17-languages-the-story-hidden-in-your-wallet","blog","489","aecd1398c2fc9c7e7456a1bbbe5ff02258732d40de42e73b7851aea65a887295",""
"https://www.searchsarkarinaukri.com/blogs/why-do-most-government-job-aspirants-fail-hint-it-s-not-because-they-re-less-intelligent","blog","870","f671f1ecbceb3d6ed8b5a9f93d7f9714d1526c6d5350c2fb9491c6859ccf69b1",""
"https://www.searchsarkarinaukri.com/blogs/why-do-so-many-people-prepare-for-competitive-exams-without-knowing-the-odds","blog","1531","abb37afa1fd326eb9d8357f943a095188c521b092350b035dbf47f6eaf09d707",""
"https://www.searchsarkarinaukri.com/blogs/why-do-so-many-smart-people-spend-years-preparing-for-government-exams","blog","1508","479dc09b07c9717c4a1132ebf4b463b8d1b8c20cf84df0c2f9488e897913b1bb",""
"https://www.searchsarkarinaukri.com/blogs/why-does-india-have-so-many-different-types-of-ids-aadhaar-pan-voter-id-passport-more","blog","1488","33f2053b7d7d7bc83ff466fe3eafd1d176b421a6e6d711278be2d153826a18e1",""
"https://www.searchsarkarinaukri.com/blogs/why-does-india-have-union-territories-states-vs-union-territories-explained","blog","1899","bb4a882dd1069e420b4231c907621b33db26cee0d945fe0ce27225fdfa98cf97",""
"https://www.searchsarkarinaukri.com/blogs/why-doesn-t-india-have-a-national-language-the-constitutional-truth","blog","1634","0f72885e84fc8efdc8f1721e93d9ef4507a9e1b03a63b11fd826ef55885ba5dd",""
"https://www.searchsarkarinaukri.com/blogs/why-government-files-are-tied-with-red-tape-the-fascinating-story-behind-the-phrase","blog","829","16cbab2f95e2944da77f0e63480acf581c219ac7b14cf557a8b4532174fe6698",""
"https://www.searchsarkarinaukri.com/blogs/why-is-indian-currency-called-the-rupee-the-2-000-year-old-story-behind","blog","1424","709e0810095d18247822cf67742b684ece7d959b9d758dc4b799145ceb33583c",""
"https://www.searchsarkarinaukri.com/blogs/why-is-mobile-internet-so-cheap-in-india-the-real-story","blog","1622","55ea4eaf6f1cb82588518eb36a8bc2412b8346e1e8efcb63ddc156885f1d9157",""
"https://www.searchsarkarinaukri.com/blogs/why-was-new-delhi-chosen-as-india-s-capital-the-history-behind-the-decision","blog","1513","ce3c641cb83caccbc6655c9bc0a32ce453111af0608dbe9f847ce5e7072ded4c",""
"https://www.searchsarkarinaukri.com/career-guidance","other","23","4115d47e5557d0ff7a091feab1443ffefb6e2cbb980d1942166818602285edb4",""
"https://www.searchsarkarinaukri.com/blogs/will-competitive-exams-still-matter-in-an-ai-powered-future","blog","1908","276f65773c1819e25eb7b8b228250c6f39993a1d39617f02aed0196487202325",""
"https://www.searchsarkarinaukri.com/category/banking-jobs","other","897","fb65f7a5dfeb8487f2ba5557faed15aa14884c5b4d2626138a30fb190712b24e",""
"https://www.searchsarkarinaukri.com/category/education-research-jobs","other","1051","78338e233cfa19026dd6ee48a6e2ef995fafaf151547d5eacb8fd3ac300a5706",""
"https://www.searchsarkarinaukri.com/category/central-government-jobs","other","1004","8388c328fdbb51987ccec2d7c40c88f770dac8e5a237144a07b76daa1baa019b",""
"https://www.searchsarkarinaukri.com/category/defence-jobs","other","617","ff05d01247382295dbb22f908ce1bae721286d7ec9fc71497e91225f965b8de7",""
"https://www.searchsarkarinaukri.com/category/medical-jobs","other","978","5e259e056c3e37117636341c58b8a9835573b622f79a14dd633f3771a42c665f",""
"https://www.searchsarkarinaukri.com/category/psu-jobs","other","922","42e3419ba3edd8314b8476a246439b1ab5698f33859c6d478856825070cf0151",""
"https://www.searchsarkarinaukri.com/category/police-jobs","other","539","826840525c90460dc23768b5af44ba91f7d4152b620709ad65075d17314071ac",""
"https://www.searchsarkarinaukri.com/category/railway-jobs","other","981","907f18a3e36f9ea367bbdc79eb1fe44473df926186427c695a80435912450cd9",""
"https://www.searchsarkarinaukri.com/cookies","other","348","25550eb8c02a3cb23957b301a3515d7721450caef907cfe98cf299789847618a",""
"https://www.searchsarkarinaukri.com/contact","static-policy","92","e71f91eb0d5afc78a3ee97b3d4460082488a4c7590b8a1582fa17056d6b0b5e1",""
"https://www.searchsarkarinaukri.com/category/state-government-jobs","other","709","f319a013f770e1080ea9691481a758b9b1eed1e48fabb5a74a683cb2309869da",""
"https://www.searchsarkarinaukri.com/current-affairs","other","24","44e1e8fda4bd16123e4fe935930589f087ec2ca5438179cb3694ceabf2010561",""
"https://www.searchsarkarinaukri.com/daily-assessment","feature-page","579","9ba8ac95b3ed0f38459555b23b6779c093d9b27189b80f6e902d8ddffa71e4d1",""
"https://www.searchsarkarinaukri.com/department/bpsc","department","94","b6dda047cea6dd73fbfbba4c7f7be84c0ed1b05d03c582a80268069ac1aba430",""
"https://www.searchsarkarinaukri.com/department/bhel","department","535","2a0d6691bdac4991cbbba2cddc5cd4ef82c04167188f17d7730d6ffb8cbf4647",""
"https://www.searchsarkarinaukri.com/department/drdo","department","111","02e47fda3593f26b521b530c16c3f8fd62df1eb735d0486464934c6666f5f3c7",""
"https://www.searchsarkarinaukri.com/department/ibps","department","120","95ebc6226c230f8c29997eb8a77c53e931cf692a604ecb2e6ad8b54c4bdccc53",""
"https://www.searchsarkarinaukri.com/department/isro","department","313","877e848f96b695a15b2ef2235ccc3e2d010b4369a6672e248ce885f1e29e8e51",""
"https://www.searchsarkarinaukri.com/department/itbp","department","145","045b8d193a0e2d2317f1eec8e484112b54a0948ec32f2e51c5dd8cf3c8ccab03",""
"https://www.searchsarkarinaukri.com/department/maharashtra-police","department","224","f7d8e154beb81460e67c77b965d5157bb8b2738567e7c06ecdd1af1d7cf6e16d",""
"https://www.searchsarkarinaukri.com/department/lic","department","614","3cc2494f45b3c4da3dc1e8f0ce29fce0f528fd63ebac5244d15885c26389ae38",""
"https://www.searchsarkarinaukri.com/department/ntpc","department","205","faf6dfc7d0ed43355626554dc75398251c1f432e22baca382d9d56f3a80314cf",""
"https://www.searchsarkarinaukri.com/department/railway-rrb","department","510","7901a01e867386f26addefb44ae1d4ebae4a7bd8f7af9a4683c43c3521d1bf2e",""
"https://www.searchsarkarinaukri.com/department/upsc","department","234","df912a722e73b65d5c6bfa20001f93428747c4b58987b8cb6b159cc56453b885",""
"https://www.searchsarkarinaukri.com/department/sbi","department","427","63d1e623ba865f82e72a1c005b15e2903a6aa0f890fbe0bd0ac97a8f6053c2a4",""
"https://www.searchsarkarinaukri.com/digital-library","feature-page","28","c75bf2778907f361fd6e1ddbcd57ef4879ad227ab617d751c74dfb8d3e83e120",""
"https://www.searchsarkarinaukri.com/diploma-government-jobs","qualification","912","6b13986cc9fdc9470c1fade7eb2d3eab17f7202e8733d847ef170cce593f1e89",""
"https://www.searchsarkarinaukri.com/diploma-jobs-in-chandigarh","other","282","a7d3d6cb61005d75abd030f62830b4783523b8b22b5cd6f0412fc6c29d76af45",""
"https://www.searchsarkarinaukri.com/diploma-jobs-in-delhi","other","284","c6b5cae0f52a2ad65e7c9617332db4d1b9917150757ba5ce27ea1d60a3e59622",""
"https://www.searchsarkarinaukri.com/diploma-jobs-in-haryana","other","252","af809acef30b25521c032b89ee220a1f2ce9d5e9541fde3e6a4ef0f7983bcc22",""
"https://www.searchsarkarinaukri.com/diploma-jobs-in-kerala","other","119","6b256c2651d2d626292335116936244fd98c88236e46f23642953dda0ab5d190",""
"https://www.searchsarkarinaukri.com/diploma-jobs-in-mumbai","other","355","e1cb84a5074ef85c7f926ddcd9a068b892747fda3c47b28567af3d22f6ea8da6",""
"https://www.searchsarkarinaukri.com/diploma-jobs-in-nashik","other","253","cfed2167762dc161189626ec2688906580978d18f4eb5b84ad43e6ba9bed7e7c",""
"https://www.searchsarkarinaukri.com/diploma-jobs-in-odisha","other","455","0b082c89d53467cc919a7cdb8bae2bfc7bce68cea290f69bc84a7d3093ef9ebe",""
"https://www.searchsarkarinaukri.com/diploma-jobs-in-pune","other","145","8c4e8ae9849c8fcac94ae277836d79e8ff573eb4093944ab0a4ba5ebb9970de2",""
"https://www.searchsarkarinaukri.com/diploma-jobs-in-rajasthan","other","252","4e21497b2d6250026ea581033f92a3a7044591b36ccd54c46fdd334a3de167f0",""
"https://www.searchsarkarinaukri.com/diploma-jobs-in-punjab","other","252","52b0206530495e8a144a6cdada21f066d5fdcadf3d2a804452e8b72a17760292",""
"https://www.searchsarkarinaukri.com/diploma-jobs-in-uttar-pradesh","other","254","3ba87111e6a556f195796dbc5949ed61fabef3799d4861b14ac270108561c0c7",""
"https://www.searchsarkarinaukri.com/disclaimer","static-policy","105","7bb097196966229c0d9d159906b8a3e117bd74eb192da10d149cbcf9285ddd87",""
"https://www.searchsarkarinaukri.com/districts","location","319","435ff9b4c1b6fb07671f1b3d0d409b48c68067876f13d702676fdabd7042caa9",""
"https://www.searchsarkarinaukri.com/districts/ahmednagar/banking","location","413","b8d249ea4431de91993cf530321c16e96c7ef01d5eba39b0bd58e7ed7630dae1",""
"https://www.searchsarkarinaukri.com/districts/ahmednagar","location","312","b72b8a684da4baa47f31e15e237283c21ab37c2603d421a3f01c5a6d4cbcc60f",""
"https://www.searchsarkarinaukri.com/districts/ahmednagar/central","location","417","b4028e1fc0dcc227ca0c99f4789ef1087c89649325583a306985baa359a2ad5d",""
"https://www.searchsarkarinaukri.com/districts/ahmednagar/forest","location","412","2d005b2a79375ea888500814b32f364872bbbaf6ab021437d2250414ecf1893c",""
"https://www.searchsarkarinaukri.com/districts/ahmednagar/education","location","411","cfff08ee0e909bb465aba9c3fe087888ac81b65af02951349dc093d7b2e0b927",""
"https://www.searchsarkarinaukri.com/districts/ahmednagar/health","location","415","248e03e658f80f8d0c06f3f431a099528511ffb747f74c3e09f7850c634c0976",""
"https://www.searchsarkarinaukri.com/districts/ahmednagar/mpsc","location","415","3bb23b5da326f2ae9be54e66bd39183123fa67db6a9e4aeb8e3e05d1d20a197e",""
"https://www.searchsarkarinaukri.com/districts/ahmednagar/railway","location","412","61e839e2ef79b94a61d122fba90afa475e68a967d18aa2b3d47c8aa17480225a",""
"https://www.searchsarkarinaukri.com/districts/ahmednagar/police","location","420","a3f174678d3be27dc1a51d94e13bb5e153b42ba0abeb2fa70b4ed26f239d9249",""
"https://www.searchsarkarinaukri.com/districts/ahmednagar/ssc","location","411","23363c74dffc20dc0e2416e9c907bd01a262322a1a1d21c1e67d4c44510833a2",""
"https://www.searchsarkarinaukri.com/districts/ahmednagar/talathi","location","409","379f59a9b3d94ae82eb0d254c416eaa60fdd0011b0fd1f3e48793c599986a728",""
"https://www.searchsarkarinaukri.com/districts/ahmednagar/upsc","location","413","1dd9bc45cbfe35402083801cabcb2de33d2821949f1bc5b7cde8ba094bf6060f",""
"https://www.searchsarkarinaukri.com/districts/ahmednagar/zp","location","413","54d9609e414277289d5b5dd2c2a2adce3123d8dcc02a1aea141a1faddf1d9672",""
"https://www.searchsarkarinaukri.com/districts/akola","location","372","cc695bfba9e47ca0d4b76ebb0213d68ab9d3abea1e5e61b46d475ee4928fff52",""
"https://www.searchsarkarinaukri.com/districts/akola/banking","location","413","b527ae0ea843011656de1ef0faa719b89f1a2487788fac895906d48a0f7f194e",""
"https://www.searchsarkarinaukri.com/districts/akola/central","location","417","00b648afb59de92c3d9d1ce1bad0a96f1af019c7dbe1636417ed757d6db23ae6",""
"https://www.searchsarkarinaukri.com/districts/akola/education","location","411","38d91568f1d0087b709f0a1f451b87e2951135825802b32c4e9bde95e91b1d92",""
"https://www.searchsarkarinaukri.com/districts/akola/forest","location","412","7a0ec92ae6339784f57dbfc64b828c93b48d2bee0c65db6b2e7615cc02e1a231",""
"https://www.searchsarkarinaukri.com/districts/akola/health","location","415","52280a58b361a062dfc5605dcd06d1958de728284cd1e14f75905fbcbebe1014",""
"https://www.searchsarkarinaukri.com/districts/akola/mpsc","location","415","64dc7142c31c237d57cfca11f21297bb85b78dfe368b3e365dd47a9e389ea770",""
"https://www.searchsarkarinaukri.com/districts/akola/police","location","420","af5739aaacc6d07810f73389f78281195296ab3f91f27bd59082586330a3856a",""
"https://www.searchsarkarinaukri.com/districts/akola/railway","location","412","b5e48dbcaf6c75c27bdf39343fd3598d3e4ecec2636389563ac285a880c795ae",""
"https://www.searchsarkarinaukri.com/districts/akola/ssc","location","411","6b1dd31c83b7bc8340321de40ed1c7ef906c25b8d623c065bf280c97c25a25bc",""
"https://www.searchsarkarinaukri.com/districts/akola/upsc","location","413","0852cdc4609235ae3011b3d59c608e21f1b471db329fd8521d8915cadd157a97",""
"https://www.searchsarkarinaukri.com/districts/akola/talathi","location","409","043ae53766135a2ad4ce93872a791878c6a3cffc3e5ca451679e2711c7246815",""
"https://www.searchsarkarinaukri.com/districts/akola/zp","location","413","f70b1437b3ad8fae879b40e106cc7088e66daa0989ba6895041b53e2f830bf45",""
"https://www.searchsarkarinaukri.com/districts/amravati","location","396","b615735b2d982c431f02410adb36e98bb554d12092605059fa10a8d3fb0b06a4",""
"https://www.searchsarkarinaukri.com/districts/amravati/banking","location","413","2d79ea06fbe56cfefbe0c12a55e3cac223576bb488fb3784844e7f07893b2290",""
"https://www.searchsarkarinaukri.com/districts/amravati/central","location","417","ec53e1a4fdf1237016baa3d23029deae7284176bef22cfa5aaa126157388b679",""
"https://www.searchsarkarinaukri.com/districts/amravati/education","location","411","f0934e25a143638906d47e25b090179a8fe767c0b0c773f859454cffb887909b",""
"https://www.searchsarkarinaukri.com/districts/amravati/forest","location","412","9f25b05d849dc3e21db5e90ea0469c88cd20c69300a6b7c00ef95c607a2b9e3e",""
"https://www.searchsarkarinaukri.com/districts/amravati/health","location","415","4706338c5fb324e170da8637ea2a1e9c130a28ae36cd27022ffcaa97f634666f",""
"https://www.searchsarkarinaukri.com/districts/amravati/mpsc","location","415","399bfb3c7a0bcaab0a7d6ad2cbc7943c5687cb58857fae0afb6620eb53cce4ac",""
"https://www.searchsarkarinaukri.com/districts/amravati/police","location","420","797d04cdf0c0e92787aeb151a322c2281dc85f21af659a10f12df332a0ed760d",""
"https://www.searchsarkarinaukri.com/districts/amravati/railway","location","412","9505d83e63b538d92ead31768f1e4474f909f0c9194eeacf5c28665b71357e36",""
"https://www.searchsarkarinaukri.com/districts/amravati/talathi","location","409","effe067d17e9ed032eaa47be9e07227408aa7c4f519574fc24fe16be6535a21e",""
"https://www.searchsarkarinaukri.com/districts/amravati/ssc","location","411","4bcb83e6acc670771261d7ef660e794c0d21e0eb51743caceaf6003481e246ad",""
"https://www.searchsarkarinaukri.com/districts/amravati/upsc","location","413","6533bb7174d377ddd6b24668e76b355a4379025435ef460e0eaf0039b737716c",""
"https://www.searchsarkarinaukri.com/districts/amravati/zp","location","413","fc7d76f091e63dbefe27a1d28ddbd78c8aa5d1e75aec7f33a722509db1003d69",""
"https://www.searchsarkarinaukri.com/districts/aurangabad","location","463","09a1db608e7602c089f8e9895728c7b353c3bae4729cb8d7b27aaf44bbba1943",""
"https://www.searchsarkarinaukri.com/districts/aurangabad/banking","location","421","f7ff3b7960949c73a4e6cde172ec1508c4e0e56628e773c9ffdacbdd42a7d243",""
"https://www.searchsarkarinaukri.com/districts/aurangabad/central","location","425","ca1449f510ea3512a1f6a4913c6257859bdc6b2ca8cf2603f3719d9e1a76af11",""
"https://www.searchsarkarinaukri.com/districts/aurangabad/forest","location","420","d9c1bec0bdb300c13218c4fdc9f0545734300284c68b7b821b7b5d50d31091f6",""
"https://www.searchsarkarinaukri.com/districts/aurangabad/education","location","419","99723dc8f8b00782d982aec4d49d151feae378827d7ca8ab52bec674b5731a20",""
"https://www.searchsarkarinaukri.com/districts/aurangabad/health","location","423","1bb65555c4a4dc253ee04bde328d82a6b468dca0b49be4ef1ba86f04b5c49e2d",""
"https://www.searchsarkarinaukri.com/districts/aurangabad/mpsc","location","423","668829beaf04c4b3264329d0f814e8e9677ed278cf5e9b132d6d9d669ed2b018",""
"https://www.searchsarkarinaukri.com/districts/aurangabad/police","location","428","a835e8047073d4c0315eb386225c25b13074dd6c3648eb4fc10cb0749072db0f",""
"https://www.searchsarkarinaukri.com/districts/aurangabad/railway","location","420","74421b8bde8b544dc4654c3ebb3255d8908af276a0439fd8932cad31f23db36b",""
"https://www.searchsarkarinaukri.com/districts/aurangabad/ssc","location","419","6e7fce89fe577ef54e3de0f0cb50ef5903318ab644704ecd669f5990c567e5e5",""
"https://www.searchsarkarinaukri.com/districts/aurangabad/zp","location","421","0c93238d08d5520d8c24b718252a1165d7ddebd075d9744d4d4aeecc4bcab1f4",""
"https://www.searchsarkarinaukri.com/districts/aurangabad/talathi","location","417","1718acc8c569692621b85da399e7ead8c8505b06c978754b3ed0a3764d5dc846",""
"https://www.searchsarkarinaukri.com/districts/aurangabad/upsc","location","421","4a1a874b864df99bfe2e84a3f1044d603d22ab3c21c6ab5f8bae462e9a3f2783",""
"https://www.searchsarkarinaukri.com/districts/beed","location","312","a65e7f10c8682002c06b7310d4006d6a1ac25c96a2cb43c07036ca014c7ef5f1",""
"https://www.searchsarkarinaukri.com/districts/beed/banking","location","413","c24996628da13d0b3b95398f370acab3bfe2ae9b2a4c855042f3a7d6fe2e011f",""
"https://www.searchsarkarinaukri.com/districts/beed/central","location","417","cdd64897b7853b91ab6de8fd7f7aeff53131cb86bc807984a4f72f2fd556ec5d",""
"https://www.searchsarkarinaukri.com/districts/beed/forest","location","412","4c40ddcc57deea4213436fc4825a8bf9fd4efcd7cce3a3fb125830247f2cd451",""
"https://www.searchsarkarinaukri.com/districts/beed/education","location","411","d6dd199e504fbdae2060f3a4a19f1d79004f6b2fb276bb9bf775d0ae69838d4f",""
"https://www.searchsarkarinaukri.com/districts/beed/health","location","415","c0b913227878e271d3dfdebc69598f2e89fb057b15bea4278a2cc3c61ac2257e",""
"https://www.searchsarkarinaukri.com/districts/beed/mpsc","location","415","637da99a8d6a298872a070a72bfe6824c1cd9dfa1b7db1f478ddae18b497bae5",""
"https://www.searchsarkarinaukri.com/districts/beed/police","location","420","6a0e5259dec35cc8f10a4b323449c696c31a63cf6b4aabceb8ad56b7d562011e",""
"https://www.searchsarkarinaukri.com/districts/beed/railway","location","412","0eed4769fc5c3357c013ce541ba8e11dc204e01bd2bf94043e5d5f1917a9a7ca",""
"https://www.searchsarkarinaukri.com/districts/beed/ssc","location","411","556e2fc817f074120f3dfb06b1ebcc270502bd71066af596372de1a6eeff072e",""
"https://www.searchsarkarinaukri.com/districts/beed/talathi","location","409","7d106177054c60dc62039a555a3c2955c61163ac9e73382eaf4a41dc8c79c49b",""
"https://www.searchsarkarinaukri.com/districts/beed/upsc","location","413","4072da25170cb0084272711bc120188895319e693a1740e42336c2b52b24d374",""
"https://www.searchsarkarinaukri.com/districts/beed/zp","location","413","2456d7e985005dbebaea566219cf4a98885ca23c9aae0d90cb2503240852e683",""
"https://www.searchsarkarinaukri.com/districts/bhandara","location","312","e8bee9b501db7829510e422fa559b1e8fd4967cab475ee829ce6ba28dcc461fd",""
"https://www.searchsarkarinaukri.com/districts/bhandara/banking","location","413","49b5ffa816249fcef6c7e7fc0e5adcece6073ab31e94f2fb781401aae19be0db",""
"https://www.searchsarkarinaukri.com/districts/bhandara/central","location","417","1c66913e39440d04a8ebebee8632e0ad83a1c28151badb069bbdec40e485b570",""
"https://www.searchsarkarinaukri.com/districts/bhandara/forest","location","412","ea5b418628fd59c74a828891969146d270a767969a92b1094d41acd91f887821",""
"https://www.searchsarkarinaukri.com/districts/bhandara/education","location","411","a8960dcefdeaed5a08439ce8436b1be85ca894cd2786704b2c7384d5e91701c9",""
"https://www.searchsarkarinaukri.com/districts/bhandara/mpsc","location","415","1daa89db1b612b48529ee1768d0070104acd46cffbd34d34838443cd607ee996",""
"https://www.searchsarkarinaukri.com/districts/bhandara/health","location","415","49778b197521df5c69f609fe37a6388c486b529c1d5e23361418ef411dfc5cfe",""
"https://www.searchsarkarinaukri.com/districts/bhandara/police","location","420","b6d9bd7974b5f007dadc0156accc97ab27fa9a4801f73ae803b6361022f89627",""
"https://www.searchsarkarinaukri.com/districts/bhandara/railway","location","412","c6fb3ccbfa905be5eb5595c2ea452f281962cd3ea83338e0e275b5e0461cf7b7",""
"https://www.searchsarkarinaukri.com/districts/bhandara/ssc","location","411","52c0fc16918059c65585aee4d1d98927bd30f163da76bbf29ed0a212d96801e4",""
"https://www.searchsarkarinaukri.com/districts/bhandara/talathi","location","409","2720f62057c47b89589c117e415c1e3a227a3753a5f235b2c33e753c2b38639f",""
"https://www.searchsarkarinaukri.com/districts/bhandara/upsc","location","413","4610c9063b4a06f96a49a4167a743174f660293cce5e40946032f8bae22e74a4",""
"https://www.searchsarkarinaukri.com/districts/bhandara/zp","location","413","774cf01cf838584646a2760845f0b1782d114063ed0ce8799c77445804cdef12",""
"https://www.searchsarkarinaukri.com/districts/buldhana","location","312","d1b4b6c8fbd4530ab9047aabb7e8e67548d602b666f2fde3e505ef491ac7639f",""
"https://www.searchsarkarinaukri.com/districts/buldhana/banking","location","413","5718a4104bca4981d19e919ce28cb49b54ec6d07b963ae356e275883555af759",""
"https://www.searchsarkarinaukri.com/districts/buldhana/central","location","417","eb4f37040ea1092264a0f6e66e87e856097db61da79ec7c9fb5dcf8f9cdca06a",""
"https://www.searchsarkarinaukri.com/districts/buldhana/education","location","411","f9a63f6aaa191fab8083f2de35829ecaa1d90bfbad8c7ecc7c883dcf1eb64a93",""
"https://www.searchsarkarinaukri.com/districts/buldhana/forest","location","412","dc171ae34a81be007000a1a8a06dcfd35c4ef8209452b1aff10e46a9d2c32cba",""
"https://www.searchsarkarinaukri.com/districts/buldhana/mpsc","location","415","8f85953c3a1db20f7f55c3b0f458b89ad83e4d37768a439531dc3f6fe7976e19",""
"https://www.searchsarkarinaukri.com/districts/buldhana/health","location","415","7acb24d3ea20fb95569c5c11d4795dd39a83e3cca6ba6777e27ca87a9874c154",""
"https://www.searchsarkarinaukri.com/districts/buldhana/police","location","420","a4764ef01d841cec20b47434c56a7538ffc875f829fa8b667611162ac10fb5f1",""
"https://www.searchsarkarinaukri.com/districts/buldhana/ssc","location","411","7948019e2e24b4ec95b7a9c950f6700752aad3183a35546539b7243044ef201b",""
"https://www.searchsarkarinaukri.com/districts/buldhana/railway","location","412","f1f86e67f575210d4e6c8d1a5104e0fc8f63df2ce8181c1f7b550c36e8d18789",""
"https://www.searchsarkarinaukri.com/districts/buldhana/talathi","location","409","b58681a375beef7affdce7b9bf6c9790e1c6d8313ee653e664da3c8dd0c1e674",""
"https://www.searchsarkarinaukri.com/districts/buldhana/upsc","location","413","d27027e94f87d4733cfe6e1e0ee76b3945a70e34915da7333a313c085e972bdf",""
"https://www.searchsarkarinaukri.com/districts/chandrapur/banking","location","413","0e4940f5694d57241ae5c2505148b8b94c4bf181055ce2f52a010a0a2cc03151",""
"https://www.searchsarkarinaukri.com/districts/chandrapur","location","365","a0ae397956300455d43373c484b4061eeafaf0f8634fe5c68fedefcdc14f42b6",""
"https://www.searchsarkarinaukri.com/districts/buldhana/zp","location","413","7f576271cbda256ebae4c87d3ec97535e3a620a69c75694c15a68d688daaea08",""
"https://www.searchsarkarinaukri.com/districts/chandrapur/central","location","417","5107c76898dae1ab1796a6c4f0e5ec11b539388772212a0db797305810ad1d8e",""
"https://www.searchsarkarinaukri.com/districts/chandrapur/health","location","441","25857f2eb281c518bd6d0d22d28761adb2bd4f36c47f29f48e81a7885425973a",""
"https://www.searchsarkarinaukri.com/districts/chandrapur/education","location","411","91ca1bab969477af3d4c1b852995e2f07e513fe2721eed64c1b1ff3872952fca",""
"https://www.searchsarkarinaukri.com/districts/chandrapur/forest","location","438","9ac1872f9f3bdb8f4583c4402f7656107427c6c5e68e2aafaa4f7a3f7bee2369",""
"https://www.searchsarkarinaukri.com/districts/chandrapur/mpsc","location","415","6e71a7de001865cba3d97cb37274110ae7ca3208b98651c677a498274e0e3a97",""
"https://www.searchsarkarinaukri.com/districts/chandrapur/railway","location","412","4729186ff3cc53392ae03392ec8a48ca6cf08d19cf6680f33b92695d5400d050",""
"https://www.searchsarkarinaukri.com/districts/chandrapur/police","location","420","96a0d0d1304894dd9057c0e95fee4d0dc33b5717e4185fd72d0d1e6c66826ed4",""
"https://www.searchsarkarinaukri.com/districts/chandrapur/ssc","location","411","0689b87002f516925fed7a5c5044132bc67fb658ac447f093bc47e60b3a2c584",""
"https://www.searchsarkarinaukri.com/districts/chandrapur/talathi","location","409","572e399ea1931b00dfd6eba9d0d738268aedfa0a83305a4f7d3f04481fb0d161",""
"https://www.searchsarkarinaukri.com/districts/chandrapur/zp","location","413","f051e0f5e36ff7f1ab10324fccfaabc6842c575c5b2160aad5a6bb936000b69a",""
"https://www.searchsarkarinaukri.com/districts/chandrapur/upsc","location","413","81b92926cb9e1212b06540e8f5523d9b0ccde9abd77e2fdf532283c410b15dc6",""
"https://www.searchsarkarinaukri.com/districts/dhule","location","382","c4f925b8584e3b72aab3ab35b7e5009033288f952c5e4639bc6c1bc8d077bf9c",""
"https://www.searchsarkarinaukri.com/districts/dhule/banking","location","413","466a0aa560bd4e4a6e604ec4d108e2ae8b06f3e7cc8d0aecb615bf574bc116e5",""
"https://www.searchsarkarinaukri.com/districts/dhule/central","location","417","bafc30622ea2f4422cf8432e39d2c35756a364a41538433d59039b581c1cd4d5",""
"https://www.searchsarkarinaukri.com/districts/dhule/forest","location","412","4d6f2b7afa5fd9452211783d2873a964fcf8799f68bbecd90810b3d34938b646",""
"https://www.searchsarkarinaukri.com/districts/dhule/education","location","411","0ad34baeaf2e25482415e2b6091ac72258feaa637215d3623b66c1e0f4b4cc4c",""
"https://www.searchsarkarinaukri.com/districts/dhule/health","location","415","21c424f050e2cdf3233faf226bccc1c09262ef9d59c312195dce8ff5df1688ab",""
"https://www.searchsarkarinaukri.com/districts/dhule/mpsc","location","415","d1e0cb7f211994f3edc423c67ad8d4bf61ef234c1f62ce2df5b4c7be4ac56579",""
"https://www.searchsarkarinaukri.com/districts/dhule/railway","location","412","36eb1bcf30cac285c7ba917c5eb222542582a3b40707b76df9698ecb952fc8ac",""
"https://www.searchsarkarinaukri.com/districts/dhule/police","location","420","040f718556d7c782d857975ad4c36bceebf76f316f7b393a125f196543a5d917",""
"https://www.searchsarkarinaukri.com/districts/dhule/ssc","location","411","26bce1e89af0ca7f272f16ae4822753d2f54efb135ccff53f4ae61163b693456",""
"https://www.searchsarkarinaukri.com/districts/dhule/zp","location","413","372e523bd2207ae3884e89415c66d4958c11d89f6846fada34e96d3d672a4188",""
"https://www.searchsarkarinaukri.com/districts/dhule/upsc","location","413","92c098bda12ab823cd73feb29d0a3045768602f74db809a12343b4b4070d9f9a",""
"https://www.searchsarkarinaukri.com/districts/dhule/talathi","location","409","79f3a8d9f88791cd5e63851ec5796f5dba2f60c828f17e4efca6108453511fd0",""
"https://www.searchsarkarinaukri.com/districts/gadchiroli","location","390","16225820fc95c9071d8400ab91561501b73d1ce32bc1d67859ed82d09395733c",""
"https://www.searchsarkarinaukri.com/districts/gadchiroli/banking","location","413","e8c32e71845fce80a6d13ec833da786db84673197f7034c52755189e0494dccd",""
"https://www.searchsarkarinaukri.com/districts/gadchiroli/central","location","417","672a83868afe618adbbf3f3acf16dab8920a2c90c7d5192d7e2465e4501e7895",""
"https://www.searchsarkarinaukri.com/districts/gadchiroli/education","location","411","2ff42e530710c1fc00b15fb32be7a5cab7bec86e52c6336510f7ab0a70bbf237",""
"https://www.searchsarkarinaukri.com/districts/gadchiroli/forest","location","412","1a2c3f77ad27b75b8bbebc1e56fd533744b926194bec87dfaf784b9f8939d0fc",""
"https://www.searchsarkarinaukri.com/districts/gadchiroli/health","location","415","9c9550ffa409903061c1e2ae1ebdebc6b4e4fba011c8ca8b4b1ae0dc1a01be67",""
"https://www.searchsarkarinaukri.com/districts/gadchiroli/police","location","420","3e37c406cbd0530c0277001b0186ab64f717c2b30b5eed6d05c5605e22dd07a6",""
"https://www.searchsarkarinaukri.com/districts/gadchiroli/mpsc","location","415","b71cfe64fd65ec46a21d865fbe307c370baee8dcb92d6452b4dd65349b7b8d31",""
"https://www.searchsarkarinaukri.com/districts/gadchiroli/railway","location","412","245af7f4b188b9750e6693a291d9d52e6c3402a923cc5a7dd50aa4b6b5eb047a",""
"https://www.searchsarkarinaukri.com/districts/gadchiroli/ssc","location","411","e5fc01aac6deb5de911192c950a1390c11516fd446f9c85c65482544ac624c91",""
"https://www.searchsarkarinaukri.com/districts/gadchiroli/upsc","location","413","f48b15a1493e7d9a2b626adeb6af3c8fa98f1e22dfed123129db783adfd249c4",""
"https://www.searchsarkarinaukri.com/districts/gadchiroli/talathi","location","409","c43cf795371a5da176cc4c4aa43a9aeb2ded8d2d9ddea5f70f92d5a0b15c8ba9",""
"https://www.searchsarkarinaukri.com/districts/gadchiroli/zp","location","413","f8c259781034b2cb24f23c1c1af4a7ab7d5033981345431c4b30267360e1eb40",""
"https://www.searchsarkarinaukri.com/districts/gondia","location","312","6417acaeb2dfb183ec1df6dab62b616703c0e2d511bebb27fb69e6d43f26d6ba",""
"https://www.searchsarkarinaukri.com/districts/gondia/central","location","417","b6f32a3c14f0e71de0f562391d414d94c7945260f1692b8b6619fb23e97f772f",""
"https://www.searchsarkarinaukri.com/districts/gondia/banking","location","413","6ac236c3b0483586b95ee157ae306d8f78a1dccd6810aaa2c052a71991cc85c3",""
"https://www.searchsarkarinaukri.com/districts/gondia/education","location","411","943b392f35b19934386196fabda4c8bedcfa5cebae0576ecbe5803ea8b44b0d0",""
"https://www.searchsarkarinaukri.com/districts/gondia/forest","location","412","5b903e1d6f74117c78519f4de500590f70cc43ebc686ad4db7791f3b8311f57b",""
"https://www.searchsarkarinaukri.com/districts/gondia/police","location","420","f0148b1ee32d6f3271dbb0ddabdb359bc11579caab28752cd71c1f6d0e791000",""
"https://www.searchsarkarinaukri.com/districts/gondia/mpsc","location","415","756740613ea57fd47b4e50174e88ab3f858c0394e20caa743aef6a249803a2dd",""
"https://www.searchsarkarinaukri.com/districts/gondia/health","location","415","eb3fca8fb978c8c08acc2a702091821e2f678de144ea39606dd5e5e2236a67ca",""
"https://www.searchsarkarinaukri.com/districts/gondia/railway","location","412","e8efb92071c848e152d97c31294e353c2990d8052781ab5ec066e4486e036044",""
"https://www.searchsarkarinaukri.com/districts/gondia/ssc","location","411","54fa59133bffe8e2718df81c2b716ee92f91fd608f74d946975734e6ad89229b",""
"https://www.searchsarkarinaukri.com/districts/gondia/talathi","location","409","b096bebd131daab5ca4f963c55b176a13be85ae395bbab6f7f9d4821e3691f0c",""
"https://www.searchsarkarinaukri.com/districts/gondia/upsc","location","413","42ece3f6db6a6b7213b4b26d81e27984ba93a9e44364144020d43d595b96cea9",""
"https://www.searchsarkarinaukri.com/districts/gondia/zp","location","413","3cd36c7d1a89cabfb8a30fe4bc41554c013733af6c27d95862772873bd2841ca",""
"https://www.searchsarkarinaukri.com/districts/hingoli","location","329","c43a22881f26a670e8fbb9b5f9ed4cd1c8efa86872eacc96d1d95382ef1ba7ba",""
"https://www.searchsarkarinaukri.com/districts/hingoli/central","location","417","dc61666acfa2fe14a45119771c040c15bf468ae379491aba4bb28e86162482c7",""
"https://www.searchsarkarinaukri.com/districts/hingoli/banking","location","413","12eaf007435fa2cfa09bf4a0880981f80affd5aa1cef499f9196ca0c68b54318",""
"https://www.searchsarkarinaukri.com/districts/hingoli/education","location","411","8add8e82fbee2d456615ca5b19c1b7c8480204589a5ba9ebc34c32fce2288309",""
"https://www.searchsarkarinaukri.com/districts/hingoli/forest","location","412","96c09c8efd3203c3a49bc39b93b341fa12d3a48b6cf60647baac0e3dcd034c2a",""
"https://www.searchsarkarinaukri.com/districts/hingoli/police","location","420","6918f7aed4eb9de15990d2317e7bdde6d403161505503b9e2e2a5f89d9a1ce83",""
"https://www.searchsarkarinaukri.com/districts/hingoli/health","location","415","51037af9c7c578f3007283c345baad7001b208e434307b2cb385ddb9070be1de",""
"https://www.searchsarkarinaukri.com/districts/hingoli/mpsc","location","415","f21ac57ac383a1bb2e903bbf4ac3a59c051ed3e481fe242485f4ca4d78503773",""
"https://www.searchsarkarinaukri.com/districts/hingoli/railway","location","412","91b7e4773d6e1e80729e27875d68e779c8484d7c9a45cad48e7a259d9f3cf8a9",""
"https://www.searchsarkarinaukri.com/districts/hingoli/talathi","location","409","d7d16e91c2629d763819d657c6c747dce7b08b6957c331988309a74c3bd2e28e",""
"https://www.searchsarkarinaukri.com/districts/hingoli/ssc","location","411","a1bc387d47374fa0af486899bc62b3915439d49c1563b446b89744adf0964938",""
"https://www.searchsarkarinaukri.com/districts/hingoli/upsc","location","413","b63bddf4b90af74a20b330e9387cf75d0b06aeb60388299e31c01d8ec5a809bf",""
"https://www.searchsarkarinaukri.com/districts/hingoli/zp","location","413","9a8b87a8d8eebfa897e86338e8fbf2647fe76291ff4584078a289ddf374fc611",""
"https://www.searchsarkarinaukri.com/districts/jalgaon","location","451","b919e53e4bfdca61b9e3fa4271d218fd984147381b3fac1e9d5dca360e365ed9",""
"https://www.searchsarkarinaukri.com/districts/jalgaon/central","location","417","1e9a3b50d2c5eb7d4129beab9ac5090152348da95b22413a2f12d6c49b9b3605",""
"https://www.searchsarkarinaukri.com/districts/jalgaon/banking","location","413","9125f7e4f01ba19e409a176cfb42ccee16c223cc6b41abccd0f66f08374b9f5a",""
"https://www.searchsarkarinaukri.com/districts/jalgaon/education","location","411","3433f863ced1f5a7e6e7372870b7dac853931bb383d815a490e0576069a936ba",""
"https://www.searchsarkarinaukri.com/districts/jalgaon/forest","location","412","2b83635cf9b047d1bc73735c770e432d732ff71a7ffae1f30feb16b6edd7ca50",""
"https://www.searchsarkarinaukri.com/districts/jalgaon/health","location","432","08cb2ec45e423664092987ddd71ee989424db4d11de44016b005d426a4812122",""
"https://www.searchsarkarinaukri.com/districts/jalgaon/mpsc","location","415","b82e6ad55cbb333e428f41c74d0b93e2c4119f6fe52def53a29dbbe3752ef2ee",""
"https://www.searchsarkarinaukri.com/districts/jalgaon/police","location","420","40d88b8636551512a074cd45f1d9d7d710b692a01dfb3b2a5fa3e6862ccd1b5b",""
"https://www.searchsarkarinaukri.com/districts/jalgaon/railway","location","412","5530115d9d203565d214e677660ee0adfaac7683101fbf6e0bbc7352d34755e6",""
"https://www.searchsarkarinaukri.com/districts/jalgaon/ssc","location","411","897fccf88467772993af4872a6bc2a7f89e35c24aa2500f4979b7e3c7f8a0b33",""
"https://www.searchsarkarinaukri.com/districts/jalgaon/talathi","location","409","916be250580390bdeed1a9d3ec3a54b4418febbd9a4eee5936f95c064f635c83",""
"https://www.searchsarkarinaukri.com/districts/jalgaon/upsc","location","413","423aa32c2960dd608e4b1b0bcaaa77f6b0061686c2c4db2f6b492b96e277707f",""
"https://www.searchsarkarinaukri.com/districts/jalgaon/zp","location","413","d04a88a288513c9b01b9a16f7a76f680b2b3b3b7cbac11ba43944d433b28c9ef",""
"https://www.searchsarkarinaukri.com/districts/jalna","location","333","36c948c571a52b6790e69fd791849cbefd8cefe2c44819db13b482a4b0e6da39",""
"https://www.searchsarkarinaukri.com/districts/jalna/banking","location","413","408bfdca5f071dea6b0cb3e15b7b0974f9fe63a10fadc33d2c5a7108a40c0722",""
"https://www.searchsarkarinaukri.com/districts/jalna/central","location","417","07df626f09e84c8d2df0f73d359e9d965a8fdbac21a05b23aefc7b1379735e79",""
"https://www.searchsarkarinaukri.com/districts/jalna/education","location","411","d8cd55e8e927f6de215e64640a8446e34d7a9ab042bc6c5d39ddb50849a165d3",""
"https://www.searchsarkarinaukri.com/districts/jalna/health","location","415","82cf0c0aba7a5044bc184d3fc4d88bee166f137d2019fb8158199cc1361d2dd7",""
"https://www.searchsarkarinaukri.com/districts/jalna/forest","location","412","7765803f0ee7b4115d9418c136ebed8546e47e5e06ad0d535971c99023ed4aae",""
"https://www.searchsarkarinaukri.com/districts/jalna/mpsc","location","415","1ae2047ac4a1879737d313f3b0f44a1a140ce3e87175b5b31d742386d0a21032",""
"https://www.searchsarkarinaukri.com/districts/jalna/police","location","420","e1e318d23acb02c3399fc196c5990406ae15168faff07a68d2b297a3bdd22fbe",""
"https://www.searchsarkarinaukri.com/districts/jalna/ssc","location","411","65511dee02ac2a5f93d58dce94587fe21523cafcf74b1bab0a135d32c754825e",""
"https://www.searchsarkarinaukri.com/districts/jalna/railway","location","412","4469ea7c76aa08243cabd13220304a157518f710fdcee8fbf68c174f37e4efc9",""
"https://www.searchsarkarinaukri.com/districts/jalna/upsc","location","413","c1ac9dd22082203999794ca184ca27bf3c8c8eda2c83818fcd1b9ae07bbbb781",""
"https://www.searchsarkarinaukri.com/districts/jalna/talathi","location","409","798c013b7d4edb0630251e3857141aaa14bc57bf4738c788501cb1e75c99e169",""
"https://www.searchsarkarinaukri.com/districts/jalna/zp","location","413","1c2260f28085ac749f5b0694abfa2349ffdbd17bd364410bfa2c5ef744244a3e",""
"https://www.searchsarkarinaukri.com/districts/kolhapur","location","452","9b363179eb53a2ecd172cf443de58b6e3918a012dc6fad7cde5a5aa1edd1156a",""
"https://www.searchsarkarinaukri.com/districts/kolhapur/banking","location","413","07e391a09ba79117c440a765151629888cf02a9c56b975b0151d778cc36ec474",""
"https://www.searchsarkarinaukri.com/districts/kolhapur/central","location","417","04203dec1d3cb9c33c0060aa14b042e14c83cbd835f65bfc76f5400cbe41e4e8",""
"https://www.searchsarkarinaukri.com/districts/kolhapur/education","location","411","757971d8db8ceb9d03feaf784a487053ab95f2270ac5efb9de77abbfaa668f67",""
"https://www.searchsarkarinaukri.com/districts/kolhapur/forest","location","412","87de9438bd5c8dff26c959434bcb38f79ae0419cb53b4c277cd9dcf853db4361",""
"https://www.searchsarkarinaukri.com/districts/kolhapur/health","location","415","07e00fcf22614195b5e3391bd8c75e3953b8811e3191b959c4dfa017d8d3bc37",""
"https://www.searchsarkarinaukri.com/districts/kolhapur/mpsc","location","415","d14068ca5dbb500372b40afc25514e89bf1977dd9914569faa966e27f2a6a836",""
"https://www.searchsarkarinaukri.com/districts/kolhapur/railway","location","412","a41bcaa95abd6ad8515889e620a13093341fc2914321c5364763abb3f289d788",""
"https://www.searchsarkarinaukri.com/districts/kolhapur/police","location","420","178925ac82a59633993b88d339edc1f7d5a060680fbf93c8764652087dee52a1",""
"https://www.searchsarkarinaukri.com/districts/kolhapur/ssc","location","411","cb313b3cc5028091361d8444bc76a0927d1583b7038cf10bf4bdc4713bada848",""
"https://www.searchsarkarinaukri.com/districts/kolhapur/talathi","location","409","415eca784b2499a8cd26c0813ffe0003aa8aa8a67ed707d2e624fcfc869c2c53",""
"https://www.searchsarkarinaukri.com/districts/kolhapur/upsc","location","413","35f00fd3c803e2c24f5e22ddb3b5ed297ba2716a568f32d8363fb10deff19c4a",""
"https://www.searchsarkarinaukri.com/districts/kolhapur/zp","location","413","9f7f096c35af1fb602fb3e37009f7dee436d69f6898439eb5e07d24f2860b1f2",""
"https://www.searchsarkarinaukri.com/districts/latur","location","414","286b2a8f961326a981aab1699297050ee0c4946bd716edc28a7b8e47e19f2144",""
"https://www.searchsarkarinaukri.com/districts/latur/banking","location","413","bbfe63ad0f92de9afe0a4ee6185906ccd1f583e28db0cceaedf471ee2306b030",""
"https://www.searchsarkarinaukri.com/districts/latur/education","location","411","e397b779bd94cdb719a9699db1e7021c176aa0a9d22b97af3ecf7b3bb61fcb3e",""
"https://www.searchsarkarinaukri.com/districts/latur/central","location","417","fed4255089f5cb17ec17ed4116d6c23a59650c07b86ab31e349d2c8443ef4802",""
"https://www.searchsarkarinaukri.com/districts/latur/forest","location","412","1b9c85795e3db290fa9dc5cfba4ac7c9097ca6a2b7a391716c1e1933aef1bc63",""
"https://www.searchsarkarinaukri.com/districts/latur/health","location","443","769854339a6843480f2c076f88d21fc8858724614843124c569d4f3add360cec",""
"https://www.searchsarkarinaukri.com/districts/latur/mpsc","location","415","ba1e0e29b8b66ebbcb896cdf16a04be9c434fd25ac57aa72d041051ce0e5ed71",""
"https://www.searchsarkarinaukri.com/districts/latur/police","location","420","1d9f1a9c1aaa722c29b8fcd81e97fa105a6efd7055a352e574a2b7a637613d70",""
"https://www.searchsarkarinaukri.com/districts/latur/railway","location","412","3cc639ff4dc54a2478c9b6803b10401927d03ace0e9554cc4dd2bafb3ce0fd7b",""
"https://www.searchsarkarinaukri.com/districts/latur/ssc","location","411","f7ecd4c06acb03f1f24e673978822309ac6421e7a7071c29b6a34a88b874ac26",""
"https://www.searchsarkarinaukri.com/districts/latur/talathi","location","409","df71f64a178bec476104794c3bc6b1f0a5dc77401ff24f58d04a989bdab34114",""
"https://www.searchsarkarinaukri.com/districts/latur/upsc","location","413","c205d4fddb594c898a6244520435f1a8b0ca77578eab3a9a4e7adb6518fc1324",""
"https://www.searchsarkarinaukri.com/districts/latur/zp","location","413","e63db568814a6ef7bf0a53852ba832f36ec94ec44de100897c4cb8333b3d0a6d",""
"https://www.searchsarkarinaukri.com/districts/mumbai-city","location","1144","d3fecbf4f605c5b8c8d0c861eabe49f72a5653348399268aa2d6deb4446acc33",""
"https://www.searchsarkarinaukri.com/districts/mumbai-city/banking","location","648","fd12f3d285101449be8a24840624af07959f7858faf8ce0b7da274c8edcd36e3",""
"https://www.searchsarkarinaukri.com/districts/mumbai-city/central","location","806","fb97f0cc9648a2674452c23b7b5972b2728b5ba4bcd9a23f5a9704ac7dab07bf",""
"https://www.searchsarkarinaukri.com/districts/mumbai-city/forest","location","424","56941955524ea23e332d3fa19c1d7b3ca1581ad13f641e3d04111cf99641b618",""
"https://www.searchsarkarinaukri.com/districts/mumbai-city/education","location","564","e01d3dbca46c5b5c2704083d0504fdce83d1b810ab7823cb5edf6181bcbb3821",""
"https://www.searchsarkarinaukri.com/districts/mumbai-city/health","location","692","2c7819162b21c27c59b811fe18152ac0133d49064b77477aa83fbef5c2832b39",""
"https://www.searchsarkarinaukri.com/districts/mumbai-city/mpsc","location","427","dcf99025fb22dd8e3080d632b4e80a3c6b338224fcc60925a0cb45468236daaa",""
"https://www.searchsarkarinaukri.com/districts/mumbai-city/police","location","432","bd20f19a4639ef7bfc784d4eaa9edc85d53df77e65acb2162c84fb6be1b5b0be",""
"https://www.searchsarkarinaukri.com/districts/mumbai-city/railway","location","598","48688256b9c6daf93ec7cfe0f01244b9a31beb7447a1612648ae6244bdfcc0e3",""
"https://www.searchsarkarinaukri.com/districts/mumbai-city/ssc","location","423","c63c008b5c04b1bc369c6283395cac4d24f7ecfcdda50ab18fa894653b10895d",""
"https://www.searchsarkarinaukri.com/districts/mumbai-city/talathi","location","421","e8f83bfb007608a7677c2535180284e0ac417d19e1bd69c5cfa7b744cc38c202",""
"https://www.searchsarkarinaukri.com/districts/mumbai-city/upsc","location","425","ab76160661fcbd9291426aec743573e2e2b8e7edc435a387d6621604be3c2bd4",""
"https://www.searchsarkarinaukri.com/districts/mumbai-city/zp","location","425","8ceba2ed506e17743d2a7f78ff25059a910bf5e6e281bba5a44f12ee59f3b46c",""
"https://www.searchsarkarinaukri.com/districts/mumbai-suburban/banking","location","433","934633830953ab6e78c9bb255f41b8863b8e2cfd4c621ae175590a0a1cedc335",""
"https://www.searchsarkarinaukri.com/districts/mumbai-suburban","location","622","cc2763e91e17041a5b929ac40c3678b3b4ae1539dc52bfdb5858c4e863419534",""
"https://www.searchsarkarinaukri.com/districts/mumbai-suburban/central","location","583","6f8759de01eb943a58e5e0ebc3c03eb7ab4b28afa09545e33cc1aa75b571b570",""
"https://www.searchsarkarinaukri.com/districts/mumbai-suburban/education","location","491","287b3984a84f44de48a35dd2f2b18723fbd9265a211cb35bfbc2d52325dcf1b8",""
"https://www.searchsarkarinaukri.com/districts/mumbai-suburban/health","location","487","9ecc3eff10dd3ac41519eff6f20df63dbf21ab3b72dd04a85e4f6b75591e2c8a",""
"https://www.searchsarkarinaukri.com/districts/mumbai-suburban/forest","location","432","569c7c9e91d22f62f405c9e041062cb7dc07684ebd50241ba04383ac7a7968b4",""
"https://www.searchsarkarinaukri.com/districts/mumbai-suburban/mpsc","location","435","898ed52447889061568f45762c63797a0bca02e7bbb72dc534f926a1f0e891da",""
"https://www.searchsarkarinaukri.com/districts/mumbai-suburban/police","location","440","9f470dfe9b43e4d0517cb187edcddf181d6485c082a1d2dd0fb536d34df981ce",""
"https://www.searchsarkarinaukri.com/districts/mumbai-suburban/railway","location","510","29e5d8327d684a06fe5d38e15a28c9b4fc214b3af1c13111a2843568003d0e46",""
"https://www.searchsarkarinaukri.com/districts/mumbai-suburban/ssc","location","431","e8b2827a9db7358bb2569318c0982387cd622260cdbdab4a19cc506349d4445b",""
"https://www.searchsarkarinaukri.com/districts/mumbai-suburban/talathi","location","429","e6d4d4672afd4da0483062490b42fded6b413eaff9bc8db2cd1fd8bab7795c39",""
"https://www.searchsarkarinaukri.com/districts/mumbai-suburban/upsc","location","433","9cdd3fe126ec8fce3d848542a01dc21035b91875f82973729947ea6cf7eeceb9",""
"https://www.searchsarkarinaukri.com/districts/mumbai-suburban/zp","location","433","2a16433e86bce10f91dcdc868b6fc93105b6cbbd6d29ca0830fd2a6bf3c20ef6",""
"https://www.searchsarkarinaukri.com/districts/nagpur","location","929","2ca61482fdceb7d2432ea18800e36c24ceaf066ce908927e2092318109aa47d2",""
"https://www.searchsarkarinaukri.com/districts/nagpur/banking","location","413","643499e7a9deac57fe3015f575479df4c6631453c248e9e39bef6bf5362238ef",""
"https://www.searchsarkarinaukri.com/districts/nagpur/central","location","462","8f4492f3781e33707b8646fbbd40327a6d352f04f8963447b3e5e66dfde33f03",""
"https://www.searchsarkarinaukri.com/districts/nagpur/education","location","440","d7c47e039ae096f421ae217a9349db3262faf4eaede393e444dda143bf32f26e",""
"https://www.searchsarkarinaukri.com/districts/nagpur/forest","location","412","60799df5a2eec38f28d72c8e0ed192916e3f740232daca32f4021faa4a50e134",""
"https://www.searchsarkarinaukri.com/districts/nagpur/health","location","415","a8ea1d3137f58f49cfb2f4fb8b0ee9f7f93284359cf3ab0acce40bbda878107a",""
"https://www.searchsarkarinaukri.com/districts/nagpur/mpsc","location","415","455cd9e21e2bd3acaa0fca8b7eb872302982e318fb135bde03238f5b7a5adc02",""
"https://www.searchsarkarinaukri.com/districts/nagpur/police","location","420","99dcb0a10c7fd2ab401469ea516ea5daa6d842b4ccfdc7d6a39ce3507b7c9fe0",""
"https://www.searchsarkarinaukri.com/districts/nagpur/railway","location","471","d4dfad633b94133b4afc7cf302f53ab9311ff9fc27e25eff791c457aa6f7adf4",""
"https://www.searchsarkarinaukri.com/districts/nagpur/ssc","location","411","fd276b82a74c47fe5322a3d670588463eda5526103b432d1a9730931011eb1bc",""
"https://www.searchsarkarinaukri.com/districts/nagpur/talathi","location","409","229d271a62978a3a80c113d4fe1179f426fe88cb6bb14b05211e12340a30434f",""
"https://www.searchsarkarinaukri.com/districts/nagpur/upsc","location","413","490126600a8cdc165fcd4428a2099eb698340b15852881d47a433a9363023535",""
"https://www.searchsarkarinaukri.com/districts/nagpur/zp","location","413","6c3dde4c56294ea8e8772852bcd2b8f278955b8faff9ac4db5c498549417e22e",""
"https://www.searchsarkarinaukri.com/districts/nanded","location","467","380a2d07dec28ef8154245995156ddb1cc3b876142d40146ee717a59681bf03d",""
"https://www.searchsarkarinaukri.com/districts/nanded/banking","location","413","f434f5634594efd6b283442cd697340cd7dab6f16b8d90072d02b5c5a68ba2af",""
"https://www.searchsarkarinaukri.com/districts/nanded/central","location","417","57c63ca5c833dd8d6651a135b6862f94e9739fcb5b678c2f2d1b00591b58a352",""
"https://www.searchsarkarinaukri.com/districts/nanded/education","location","411","022739a64647b0ec5c1d678544771e78bcaf74184220e01d8735ca03c88cd363",""
"https://www.searchsarkarinaukri.com/districts/nanded/forest","location","412","2922156aca1cae0aef31cbc66a2e4c65319d3a8a3da7c47add21a814bea9bdd1",""
"https://www.searchsarkarinaukri.com/districts/nanded/health","location","463","0dbb821588632843df489da96671446a88bc96f60dc7bd0c1d458392b6f11fd7",""
"https://www.searchsarkarinaukri.com/districts/nanded/mpsc","location","415","95a035cad08717b751c2dfa607f0d100b9a27d743885b9635f21451849d41919",""
"https://www.searchsarkarinaukri.com/districts/nanded/police","location","420","f5578e898982e8e27ff7c35122697b7cd4d81e810aff627110943a240fa79217",""
"https://www.searchsarkarinaukri.com/districts/nanded/railway","location","412","30649aa3966a158c4f6bc78beea61ba02aa59a5e03d1188e37349f900c0dd9b8",""
"https://www.searchsarkarinaukri.com/districts/nanded/ssc","location","411","a2259c15ab48c95b5ec437bf740976ded55ac642faaa013cbbe6045d133e5fa5",""
"https://www.searchsarkarinaukri.com/districts/nanded/talathi","location","409","7d09db59959c885261cbb1bda2229706b37cce3d63026066b89316540cf7595c",""
"https://www.searchsarkarinaukri.com/districts/nanded/upsc","location","413","f1fd78af026c0b64331f8a6fdc49b2ea586f91cd35b2ff0115b177d1fed953f3",""
"https://www.searchsarkarinaukri.com/districts/nanded/zp","location","413","7747a5752c849c9246db577aa37935882f789a76782100bd1c4b21860fa1a05e",""
"https://www.searchsarkarinaukri.com/districts/nandurbar","location","312","a627712271f205f34f1c531cbced939f750af777604ff0dd0ec5e203aab7e141",""
"https://www.searchsarkarinaukri.com/districts/nandurbar/banking","location","413","a51df91df5ce3f1fe2e55b049e7c01d03446c3e810e9af3d664156a93d55a537",""
"https://www.searchsarkarinaukri.com/districts/nandurbar/education","location","411","55f0e15bf7d3a58595ec8c22a91265b8065ebe4412b3e16892e2fb20aa533d5a",""
"https://www.searchsarkarinaukri.com/districts/nandurbar/central","location","417","03f70cedbe8379509df804e5d8ce687458cdac05cf478cccdb0409e0590cb60f",""
"https://www.searchsarkarinaukri.com/districts/nandurbar/forest","location","412","c50656af52025c488e87bd9ebe01a50180e134688a940f15f379f127185c5eba",""
"https://www.searchsarkarinaukri.com/districts/nandurbar/health","location","415","e7f9b1823708962711c124ab195b8e51b9663b3fa7ad5791b0564c2a7d8f0613",""
"https://www.searchsarkarinaukri.com/districts/nandurbar/mpsc","location","415","90ee6d9efe6cee3ab73ca80bec370ee090c6e63b0aeaf94977d6dcba9ca29f6c",""
"https://www.searchsarkarinaukri.com/districts/nandurbar/police","location","420","23203837cd103a7eecff56e42f9e880031396c8ac0ec30b41617e93c74afef0b",""
"https://www.searchsarkarinaukri.com/districts/nandurbar/railway","location","412","bf4ce29cb8c136e1a9f867abe1b3f05bbb0241dfa29da3d1e67291c433e3594d",""
"https://www.searchsarkarinaukri.com/districts/nandurbar/ssc","location","411","9c96ffb4f74702166855f5949e3f6267bbbc2f399a9b7d246785449eaf9abeb4",""
"https://www.searchsarkarinaukri.com/districts/nandurbar/talathi","location","409","7b22cea8531b47ffa789bb048672d95292526084dc227916b31eed4776c35d68",""
"https://www.searchsarkarinaukri.com/districts/nandurbar/upsc","location","413","695039804f0cd93b84d4242743cdad23b52de4b8affeb8334bb3c96ff877d9a3",""
"https://www.searchsarkarinaukri.com/districts/nandurbar/zp","location","413","6db577ecbe050631a7c3b4d1772374be8f724b17a5138f9e35f6b001ea084ca1",""
"https://www.searchsarkarinaukri.com/districts/nashik","location","1154","088a5eb7db6c85ef95dea36c8dd7b4e2b54ac7e4818790494ddd759fa7ccc6da",""
"https://www.searchsarkarinaukri.com/districts/nashik/banking","location","413","8c6b0d81d64b8fb1e1a1857104b3fa6de4dafb85a1cf8471007aaeb2fe0546d7",""
"https://www.searchsarkarinaukri.com/districts/nashik/central","location","439","74c5ebef347be79434cc92ee00f513fa3e66dad8e83023c2a05c70a77bcc11c3",""
"https://www.searchsarkarinaukri.com/districts/nashik/education","location","411","ac1940b5136a906333757e62a119408d5a74a75d9a5c99f7c50d4b6e1a28393a",""
"https://www.searchsarkarinaukri.com/districts/nashik/forest","location","412","f3da0db5d66f9414609ba34737ba2bdd4d625a66c636616040adcb1f8a0fc08f",""
"https://www.searchsarkarinaukri.com/districts/nashik/health","location","468","5093b3afeeca505c3e50d6f1387986f2246129da5eaf0d777319580ee514b273",""
"https://www.searchsarkarinaukri.com/districts/nashik/mpsc","location","415","703f0117ac35aaf09f8da595bc0a3e3988de8ef13c829367fe13c83f023d5541",""
"https://www.searchsarkarinaukri.com/districts/nashik/police","location","420","e34e3c7f31862f30eb3ae3396dbecd3d974b588049d6e7667e50df38486f1ea4",""
"https://www.searchsarkarinaukri.com/districts/nashik/railway","location","412","cf40da0f23f612502cfac910c4273b2b689007d22cfafd5bcb114d18d3820a58",""
"https://www.searchsarkarinaukri.com/districts/nashik/ssc","location","411","808f188b36d11f8febba636c4a0f5fcf6e17b1c677c708427202bf92a158cd5b",""
"https://www.searchsarkarinaukri.com/districts/nashik/talathi","location","409","f617b689743ccc59f79aca1331f6fb2db12dcc69fc409e56eaa2e7f99e9f3627",""
"https://www.searchsarkarinaukri.com/districts/nashik/upsc","location","413","1d182177b7637dc4a64b1b9e9f2a6d3a3dad52212fd50c5c4bed7fd2709cc079",""
"https://www.searchsarkarinaukri.com/districts/nashik/zp","location","413","79cb7fd6bdcb21cf751bba7503f76ba19902dcc6e05594c4cdf7d8cd959b89a5",""
"https://www.searchsarkarinaukri.com/districts/osmanabad","location","355","a2a3c542a2a3601725856d772408bef48e144d5d2c23f3fff7936e7e8d6ebb5c",""
"https://www.searchsarkarinaukri.com/districts/osmanabad/banking","location","413","2ac4a29ae6aaff8c39e29cfd31ec37eb6024a4d8b62e2876e20248091cb5c19e",""
"https://www.searchsarkarinaukri.com/districts/osmanabad/central","location","417","edc3b689c98e9434093dcccac4d8ffa631a6c3090ca42159d89af331c6f2f047",""
"https://www.searchsarkarinaukri.com/districts/osmanabad/education","location","411","4d4959d6e530639014ef9744df44f7cf3c776068a498345e7694b1bdf289171d",""
"https://www.searchsarkarinaukri.com/districts/osmanabad/forest","location","412","5ea6ee473bf6027b4eac576839aba4195c654f2e87d63ed3c1397ee582412953",""
"https://www.searchsarkarinaukri.com/districts/osmanabad/health","location","415","e71212ce4ee218b8254b85ff35c6c6904a0c4325a95e410801bde8421b433a9e",""
"https://www.searchsarkarinaukri.com/districts/osmanabad/mpsc","location","415","ce9946384c16af07ad7be14cf3069eb9226752630249aa849d72dc4689db548d",""
"https://www.searchsarkarinaukri.com/districts/osmanabad/police","location","420","3050eb5e6fe79bbcb021ef053d1e08a892ebe3a0af31d68437744fb084eea44d",""
"https://www.searchsarkarinaukri.com/districts/osmanabad/railway","location","412","2fef19a59c4f06d7f726736fc0bc8a7ab470db5f998cc71aaafc524018efd370",""
"https://www.searchsarkarinaukri.com/districts/osmanabad/ssc","location","411","38448227868a4c046af4588f4e3340008e61922775d41aaaf58911d7f0d0764f",""
"https://www.searchsarkarinaukri.com/districts/osmanabad/talathi","location","409","aa6fd1db85f8144745007682066bbf33f782ca39a6a701ae17949074f82db00e",""
"https://www.searchsarkarinaukri.com/districts/osmanabad/upsc","location","413","3389817c370e6f31f5d7569e33f1339a9f22258eb74f6192a19cf30fc4b2ea86",""
"https://www.searchsarkarinaukri.com/districts/osmanabad/zp","location","413","b256178a182a780c36592623eef8f1f7c94469462f0c364cfc1cc074c45bc27d",""
"https://www.searchsarkarinaukri.com/districts/palghar","location","328","97e61423f443e043fdc119cac7ded776734139bca0995ca0a71fdbc17e66f848",""
"https://www.searchsarkarinaukri.com/districts/palghar/banking","location","413","e35b1eaf8841f4e1fea6714d2510f6e855c2bc64c3bf9c06fcb68f6907f530ab",""
"https://www.searchsarkarinaukri.com/districts/palghar/central","location","417","c301edffc6eba403df9b694766043ca11c5ce5b4a2a4fcf0662942b98cd2f5bd",""
"https://www.searchsarkarinaukri.com/districts/palghar/forest","location","412","8ac7a822e39ac1186c52fa7f1d60547fe9fd916594ea45e7941ac0acafaef628",""
"https://www.searchsarkarinaukri.com/districts/palghar/education","location","411","d03fd6f0063560d58cd0a8d41c98e82bd9bca3bdd40f663d0808e6819b6d6e37",""
"https://www.searchsarkarinaukri.com/districts/palghar/health","location","415","2757cfb91c01bf0af90b7a5a6fedd3db427b91f8308468bdb73e03f81dd2e552",""
"https://www.searchsarkarinaukri.com/districts/palghar/mpsc","location","415","e604ec7daa9cfdd7f2265db5da4f632852de0e99c76238eaca92907ef6f61d45",""
"https://www.searchsarkarinaukri.com/districts/palghar/police","location","420","18bcaaf031fc9a4117bc2d0a7970a3d79fd2af83de6f236e744cec09eb058636",""
"https://www.searchsarkarinaukri.com/districts/palghar/railway","location","412","e62e800ad1d4a74000439e1912995158f8bd7f2c52961df1f5311a68a4909447",""
"https://www.searchsarkarinaukri.com/districts/palghar/ssc","location","411","04095def80127e7ed8ef213fa43ffe6deeffbf1262f245bf7821c0eb984d9e4c",""
"https://www.searchsarkarinaukri.com/districts/palghar/talathi","location","409","d9d2fd9f77537fb6161d786a1c27f4d47aa03357e6568760c8d67b40f0989e89",""
"https://www.searchsarkarinaukri.com/districts/palghar/upsc","location","413","f5f1de64d48dcc98fa5b3c262bfbda7414b03b0a5d9109300f396a5104b88bac",""
"https://www.searchsarkarinaukri.com/districts/palghar/zp","location","413","bfda35a0b7b6c1aebb86afa72dd95af56e308ee320138fc1e5ce129a62e39021",""
"https://www.searchsarkarinaukri.com/districts/parbhani","location","312","867aeafdab138ba7fe83ab7b40afbac1f8c44873af6f1181963b02eadf80827a",""
"https://www.searchsarkarinaukri.com/districts/parbhani/banking","location","413","4a970ec924a739d7aae033dc0489ab68487ae855978c2f0771f5a686ed5e254e",""
"https://www.searchsarkarinaukri.com/districts/parbhani/central","location","417","e7ca57e57b722e94c2e1783abbaf6aff2b1233fc1ac2e43d42ffc52e75e624f7",""
"https://www.searchsarkarinaukri.com/districts/parbhani/education","location","411","26345eeff72522be4a849d444500e41edf451ceb93c484bea5064a4d712734e3",""
"https://www.searchsarkarinaukri.com/districts/parbhani/forest","location","412","f865583ef9caab8a025a74a74f2785a4344068aea963671ae35c0d87c4555861",""
"https://www.searchsarkarinaukri.com/districts/parbhani/health","location","415","2f01916eb8b0c75afe19d102526b4a3dd8561be1835e84c102046eea65ace295",""
"https://www.searchsarkarinaukri.com/districts/parbhani/mpsc","location","415","c142f4238c9f1c0a5fe86122cf6b46896077616f749865afa04697d5c2359093",""
"https://www.searchsarkarinaukri.com/districts/parbhani/police","location","420","cafea9e0cc4724edee7d41ba98c536e8412ac824db68fc97f3ec3d4697d9d703",""
"https://www.searchsarkarinaukri.com/districts/parbhani/railway","location","412","719bb7271aca989ed33722da381c3d1942b4880ede207d008846e893ccfb061b",""
"https://www.searchsarkarinaukri.com/districts/parbhani/talathi","location","409","87fd05be7264902fdc5503f49c273265fa9cf120f4a8ad18881db12691c26728",""
"https://www.searchsarkarinaukri.com/districts/parbhani/ssc","location","411","3432b69624d9315030f57509a058b3154e0932427bad3e196a2a1da6d36ef0f7",""
"https://www.searchsarkarinaukri.com/districts/parbhani/upsc","location","413","864ad91834a9267541f0d3932b15d555b521c2fe771622f232095e0e7bfa7424",""
"https://www.searchsarkarinaukri.com/districts/parbhani/zp","location","413","868fbb27d98e272e0f8569f0758156c2a928f6e1550d86114c6effd8185c38ba",""
"https://www.searchsarkarinaukri.com/districts/pune","location","1069","53108530b24c4ec0cca55cf3c260534e02f9a75c1bd347ef44480efe51912a3c",""
"https://www.searchsarkarinaukri.com/districts/pune/banking","location","413","f96efe94e322af0b2ce73107c6b6e96eccc346169f5f1346a244b9b91e710cf2",""
"https://www.searchsarkarinaukri.com/districts/pune/central","location","542","e3ac1b8a5ab4bc25fa23fb5cf5e37a3ccd27278f6d60ed332442c0841997a486",""
"https://www.searchsarkarinaukri.com/districts/pune/education","location","479","dfdc7d303e5797c375ff0c0a28c2c0e9f296886fcb7b652fe44bc1497b763935",""
"https://www.searchsarkarinaukri.com/districts/pune/forest","location","412","b34740f7e04b6277a1f962256fab7f31c8171ed4acf3cbe2546bfa532fe327ef",""
"https://www.searchsarkarinaukri.com/districts/pune/health","location","617","4dde5e9ecb43f0136909c7107881db1b7042f55108ca90376292d2e38720ee3f",""
"https://www.searchsarkarinaukri.com/districts/pune/mpsc","location","415","b1bf901905a834a5e757c4909ad35a47684d0d4972c9e949d100ecb1e54d7573",""
"https://www.searchsarkarinaukri.com/districts/pune/police","location","440","3affbc096f58277813eef70697606d4e2860611b051368abf8802942ec00f817",""
"https://www.searchsarkarinaukri.com/districts/pune/railway","location","412","eacc3780486aa02af19c4903e925292dc585b258b4c71e897a52d29efa76ac94",""
"https://www.searchsarkarinaukri.com/districts/pune/ssc","location","411","fc622d791b9e975e482fe754ba99e4ac19427bc2938ee3ed32e0c8342e92296b",""
"https://www.searchsarkarinaukri.com/districts/pune/talathi","location","409","845c152e8a97ac1d1130239969f87abc65f5cfea979b3cda5cdfa62083f312a2",""
"https://www.searchsarkarinaukri.com/districts/pune/upsc","location","413","f813553fa11cef2ba6ad962d6c0e6945c7a8fbe27f27664c2d5471ccd60d8552",""
"https://www.searchsarkarinaukri.com/districts/pune/zp","location","413","1981d2a83239c3a1bf2d75ced9ef9bc61709db5543c0360050a856f372ebd643",""
"https://www.searchsarkarinaukri.com/districts/raigad/banking","location","413","e84ac0ce8abbddff015efbaece52befd123d8901e25e8c98a10211a48dd63815",""
"https://www.searchsarkarinaukri.com/districts/raigad","location","457","1be47c175e938c360c7b612fa02fba05487ad6591df41c7d875b4033e1196291",""
"https://www.searchsarkarinaukri.com/districts/raigad/central","location","505","742c9fd89c0b90e4673654020f7457482e925a1ef9a65e359f013444eee79856",""
"https://www.searchsarkarinaukri.com/districts/raigad/education","location","460","ae4cd59f8d33cb1486dce49243702952fb34d5c1af2371748067e0f7bcc230e9",""
"https://www.searchsarkarinaukri.com/districts/raigad/forest","location","412","db950c0a034101edd4bd16281abddc3e39c7b6f24b5d8eef96086ad3a189c19a",""
"https://www.searchsarkarinaukri.com/districts/raigad/health","location","464","e9895f3352b9fcaa4b7470e3941307cd4cf6e66768fc9adf9d3a7225556529dd",""
"https://www.searchsarkarinaukri.com/districts/raigad/mpsc","location","415","f3cdfcc47d2e5077dd1b2f9f598ee0e47d7b6338dfa85ba36671c66330566129",""
"https://www.searchsarkarinaukri.com/districts/raigad/police","location","420","064b482c4903ba2f54411348af974621c8be112e91ca5471c3fb0cd4cfdf6a01",""
"https://www.searchsarkarinaukri.com/districts/raigad/railway","location","500","2824e8a8e0d3fa50243ac8a55f1a14885502202f564317659d8d050d4b3e624a",""
"https://www.searchsarkarinaukri.com/districts/raigad/ssc","location","411","73a04b92aa4ea895aac2ca05425da6aa23c3fb701fb52d23a742f8e0af693a95",""
"https://www.searchsarkarinaukri.com/districts/raigad/talathi","location","409","d0bcdec8c2d72dc015232d4439fe83162ed15f58ddadb9fd2ed4bcf186b16a92",""
"https://www.searchsarkarinaukri.com/districts/raigad/upsc","location","413","f81d9ed4d61909b5feb0c80c434045156aec081752417ddac1538a53525054be",""
"https://www.searchsarkarinaukri.com/districts/raigad/zp","location","413","bac0fdbf0eed1d73476a7c839d3af9e25bcd2bf72497062ead3ae82d08cc1738",""
"https://www.searchsarkarinaukri.com/districts/ratnagiri/banking","location","413","709e0d60fb9f14e473efa9edee64d0db2c508859f158ef5769634f767a5b829d",""
"https://www.searchsarkarinaukri.com/districts/ratnagiri","location","400","67f5db32fd406416fabc39a992af4bb86e1e4414715901bf51b10cbf5e9858de",""
"https://www.searchsarkarinaukri.com/districts/ratnagiri/central","location","505","0fe2b2c917b8e71945d583b3553e2ec058990631e861368de2f08a12b2c2d255",""
"https://www.searchsarkarinaukri.com/districts/ratnagiri/education","location","411","d47bc33b7907e983342f9e2e2585c788c960909ef7a150f368a45bd3bb0d2216",""
"https://www.searchsarkarinaukri.com/districts/ratnagiri/forest","location","412","6fdc4512ac752e652b96261e71c5e462c2d7a9ad9ab336f0b37332eb1cb56e15",""
"https://www.searchsarkarinaukri.com/districts/ratnagiri/health","location","415","a9456f85cc28c19997a199062e3fe579fb240c1b0628d5270cdf5a902b313537",""
"https://www.searchsarkarinaukri.com/districts/ratnagiri/mpsc","location","415","26c6f061dba59ea76db073df2f0e1358b334b3ad154cfce791d1eae97d98e633",""
"https://www.searchsarkarinaukri.com/districts/ratnagiri/railway","location","500","e73ef3dc22638bbc501c8cabe056c045f76bce9275d05ec1113e7fc453d0826a",""
"https://www.searchsarkarinaukri.com/districts/ratnagiri/police","location","420","c07cc341b36116d4092103988317eb9b0f4b2e75364cbfd2812118b9f27dea13",""
"https://www.searchsarkarinaukri.com/districts/ratnagiri/ssc","location","411","623a83b95fdfe7bb5c4cdc190d632e19c6eadd73333958f610fb4edb6d9c80e4",""
"https://www.searchsarkarinaukri.com/districts/ratnagiri/talathi","location","409","2ba388743b1ef3606e9d6f821ccfd0d85e2f1b56dca906643e06180e6181bef0",""
"https://www.searchsarkarinaukri.com/districts/ratnagiri/upsc","location","413","5c195b003773472ed8859c5cec45ce6beb83de6ce7dcc0c8679f2140f7975bff",""
"https://www.searchsarkarinaukri.com/districts/ratnagiri/zp","location","413","1c3f307a2b75e9dba4aca0073e71c846e83390254e8e3a57f3dd7b75dcc33c79",""
"https://www.searchsarkarinaukri.com/districts/sangli","location","312","3a02cb17d989cd8606d176e6143f5bc73581fefa106e070d96a59fca3c7940c0",""
"https://www.searchsarkarinaukri.com/districts/sangli/banking","location","413","86d2dace02b61d27476067134115020070a467987ba14f6b0d4885081f59b103",""
"https://www.searchsarkarinaukri.com/districts/sangli/central","location","417","4272022ab880c0f241753e9b3231424417ebfb1cd44de1f5ae24038d3db26075",""
"https://www.searchsarkarinaukri.com/districts/sangli/education","location","411","e99a189ed4b0eb1955ea340ebbd24762da01e697384522c8bc56767f4f0853eb",""
"https://www.searchsarkarinaukri.com/districts/sangli/forest","location","412","fe13672ef9e578b296324e167efe7c27f31109e4eb199a0c31323edca1c43c6e",""
"https://www.searchsarkarinaukri.com/districts/sangli/health","location","415","cdef1111b34913f957c981ab5be45127b11c6bed70476324896438e0b4b57844",""
"https://www.searchsarkarinaukri.com/districts/sangli/mpsc","location","415","a669bbb69914b03dac885198dfc12ca04b313d319256752a47c3b421df7d33d4",""
"https://www.searchsarkarinaukri.com/districts/sangli/railway","location","412","3ef67eb24640c2270a80ac13dcb72426ac80e4ec9d6f678f5569a163b438725c",""
"https://www.searchsarkarinaukri.com/districts/sangli/police","location","420","0b86996e0329a31538a7debf5574414cf009e3dcb4e1fddab7d26820fe93415e",""
"https://www.searchsarkarinaukri.com/districts/sangli/ssc","location","411","adf38c104c0dfbfe2c43758132c150b662ea304879b759d4cba8add74cc5d36c",""
"https://www.searchsarkarinaukri.com/districts/sangli/talathi","location","409","a0d218dd36053d5b284caeddc8c65df482fe2a30c2a4e3785b2a225ffe7a876e",""
"https://www.searchsarkarinaukri.com/districts/sangli/upsc","location","413","c9611972338757a95cf48f4c67e40f1c5529316f11eee555acf3a1cfe3893458",""
"https://www.searchsarkarinaukri.com/districts/sangli/zp","location","413","22ed547cc0134b6fca62702ba5db43104d18587bec9e868eeb76e8fbde8ab139",""
"https://www.searchsarkarinaukri.com/districts/satara","location","333","788386b38c606149659b927cfab3f96fe722c41c9d8c21e923a34c34a5f54113",""
"https://www.searchsarkarinaukri.com/districts/satara/banking","location","413","b2cc1de2336afd286a10c44d065ffd054ce9513986556b72f45b1c0e5b309477",""
"https://www.searchsarkarinaukri.com/districts/satara/education","location","411","6ef0a13f5702fa22e66d435ead4e61c2555bf85401ef7f22dc810b3c4cc76435",""
"https://www.searchsarkarinaukri.com/districts/satara/central","location","417","9d14c72a15ef781279c31a8839eb56608faf02077441f96dac0735da88408633",""
"https://www.searchsarkarinaukri.com/districts/satara/forest","location","412","0bc5d899acbf09ef5e239de26ed924335df15a7a616ed5eba2f560b34e0fbb02",""
"https://www.searchsarkarinaukri.com/districts/satara/health","location","415","8a08aee158e0da304bfc374252f22bb216f92d71aa18460f78c9deaf82dbac72",""
"https://www.searchsarkarinaukri.com/districts/satara/mpsc","location","415","3d4dc4533717b374fec490f8819d10bfc1950995292051fdd7231ba08436d275",""
"https://www.searchsarkarinaukri.com/districts/satara/police","location","420","f49ea8a00e230e22a2873295df1544b0b5e04143fc0c881139a3347f0f2ec62e",""
"https://www.searchsarkarinaukri.com/districts/satara/railway","location","412","4d8028cacb9cfa4f1de0259307362c5447112ffd6adb9b75e458832e5c030944",""
"https://www.searchsarkarinaukri.com/districts/satara/ssc","location","411","aacbf221d27e4766e72cabfdfa084fabb297beb6e4500e0f88ab069b48839899",""
"https://www.searchsarkarinaukri.com/districts/satara/talathi","location","409","225a452eebbbebb4af94e688c49f4a944fbfaca6991e60492957f9a9905b4deb",""
"https://www.searchsarkarinaukri.com/districts/satara/upsc","location","413","088653327aefe893d38037ad86b08926242dc6e5957101c3a969f6f2c377aa97",""
"https://www.searchsarkarinaukri.com/districts/satara/zp","location","413","c2c7cb4a25aba8cbcd48ec1c65eedca27b12b2465e27ae7a6be3d9c19ca66aed",""
"https://www.searchsarkarinaukri.com/districts/sindhudurg","location","542","fceb28b53eebf8b26d2f1b39a9b18ad564cfc24302c560eb04420e76f935df77",""
"https://www.searchsarkarinaukri.com/districts/sindhudurg/central","location","584","7194393f91f5c446b84d7f7d932c687b2862711af1331957614a158171cad55d",""
"https://www.searchsarkarinaukri.com/districts/sindhudurg/banking","location","428","92530d78df52dc3e4996c46ed4cf610c47e39aab433aebf7bc1af546098aac42",""
"https://www.searchsarkarinaukri.com/districts/sindhudurg/forest","location","412","1bb55803b3b5124e931cafd9273b9b74a0d184150ffe077a69c703a3ea7f6f40",""
"https://www.searchsarkarinaukri.com/districts/sindhudurg/education","location","411","36487c6db002f63eb195c32c0eeb422419b9d106e17f955575c38c044865e8c2",""
"https://www.searchsarkarinaukri.com/districts/sindhudurg/health","location","415","ab33317fef0a77f779c7a7ed4334f9625fedada8e62bf0ecb15c1246d810dd9c",""
"https://www.searchsarkarinaukri.com/districts/sindhudurg/mpsc","location","415","821670d7dd99e34bd75501525f8334dafa9e758c9a1250ce04dbf569b57aa13f",""
"https://www.searchsarkarinaukri.com/districts/sindhudurg/police","location","420","26b6fb05e184ffb524900349fdb030223a9fdf16f841da909aa13c9d16412890",""
"https://www.searchsarkarinaukri.com/districts/sindhudurg/railway","location","500","d5fd3b5ac80ba2b55d9f047859cb38ef60b0e067ea85d9b8278cbeaede60e399",""
"https://www.searchsarkarinaukri.com/districts/sindhudurg/talathi","location","409","5d605a12cb787eaac1957673bb89e6a5dea9bc0f206fa39d610fe6c18659efd9",""
"https://www.searchsarkarinaukri.com/districts/sindhudurg/ssc","location","411","f444c4821889038c759be113903b6c8e36f5ca485b162f669efebe657e25c33c",""
"https://www.searchsarkarinaukri.com/districts/sindhudurg/upsc","location","413","8553b4a9cae343dbe2be09740e7d448557015549932fef4c033be15e6adcc928",""
"https://www.searchsarkarinaukri.com/districts/sindhudurg/zp","location","413","b99d6f3a73666271e66c69e9c80fe0baa715fedddd92142c327c7df93b78f0c8",""
"https://www.searchsarkarinaukri.com/districts/solapur/banking","location","413","1327a62c6464c607378cc00ee85194e6adbf230afbde073f6def959ddcd4c853",""
"https://www.searchsarkarinaukri.com/districts/solapur","location","401","81a48317e52e8f96d6d5f1b755fe04acac9746a84be9a19265d825f2208bed00",""
"https://www.searchsarkarinaukri.com/districts/solapur/central","location","417","47bfff82f552777392a1128cf7e09744df868e663c7e05641104e4176c35d39c",""
"https://www.searchsarkarinaukri.com/districts/solapur/education","location","411","2ef533799de63b705be93f96f286c471348fc821fc6d40952cfbf16f895470df",""
"https://www.searchsarkarinaukri.com/districts/solapur/forest","location","412","7b200aa53a78aa4be622aaf771bd23e169165818fbf667333c53755629b90b52",""
"https://www.searchsarkarinaukri.com/districts/solapur/health","location","415","0bf406427da8d83e3623c4967b50c99db496cf463e5eaa7480ba01e9c0ecca43",""
"https://www.searchsarkarinaukri.com/districts/solapur/mpsc","location","415","610b528bfbc4c520a796fbd6b95b934174d4a0872d0f8eaf9c9a82b9a3ac3a0c",""
"https://www.searchsarkarinaukri.com/districts/solapur/police","location","420","ff808572cd06fd5d6fd709f4fa22123ce03fe8933f9987a52ac89d5b7764f657",""
"https://www.searchsarkarinaukri.com/districts/solapur/ssc","location","411","925c3c1c1170ee3fe7e9fd2f0e7f89f53dc398526b8001aaf0ca11720ed33a92",""
"https://www.searchsarkarinaukri.com/districts/solapur/railway","location","412","8e97e41e9430f3aa8b021200a7cbd201e0d9d45ff700972b95b778b7b7688cdc",""
"https://www.searchsarkarinaukri.com/districts/solapur/talathi","location","409","638a4b21ccff0dc3bbae66952e1a84b7f3186d9654104c791acf577a76a7b1fa",""
"https://www.searchsarkarinaukri.com/districts/solapur/upsc","location","413","b7da5a9c123dd288f9608ad7826f033782a50d4f77b0e4cfb0d2abe3f36e3682",""
"https://www.searchsarkarinaukri.com/districts/solapur/zp","location","413","65075babddddaf3b68cc9e1e9ecc257c1a7296c168372a23efb6ac91a70c78d6",""
"https://www.searchsarkarinaukri.com/districts/thane","location","561","fd17289fcd4f2f72ae315bdcd86fc79d789ee6c2f4f21b6925af9b9c08e54087",""
"https://www.searchsarkarinaukri.com/districts/thane/banking","location","413","3d2a6bf60cd10f6c26e2c24fa790aa78c7b7b0e77298ea80fb22eeaa44ec45aa",""
"https://www.searchsarkarinaukri.com/districts/thane/central","location","446","084663dc483deabebe542875b4a082a96b1dc0015a8845213836ed7f7ea34a22",""
"https://www.searchsarkarinaukri.com/districts/thane/education","location","411","eed4c1df4f9a2567b77666472f1ced3cb198933e073f76d7821cbc9c90031958",""
"https://www.searchsarkarinaukri.com/districts/thane/forest","location","412","9cc4183a7e2d34dc1d17ea38d7d9ee45218af8630cbd7f4abf121d841997644b",""
"https://www.searchsarkarinaukri.com/districts/thane/health","location","415","7e5f9b54f2707de5d395752089d41fa8c89a259a0f255824a2bb30665859ecd9",""
"https://www.searchsarkarinaukri.com/districts/thane/mpsc","location","415","f1126fe5ef3514b3faf1951704208931fb232aaf692cd3fb1538294391d65c47",""
"https://www.searchsarkarinaukri.com/districts/thane/police","location","420","401a227eee89a1112eec2238b894c8ed2a877762e9d1a2c780f9492aa7ecf55b",""
"https://www.searchsarkarinaukri.com/districts/thane/railway","location","468","b301f35e37f22f86e5fcb35c38cd03e003b2e5773f1d5332da1cb2956480b5e6",""
"https://www.searchsarkarinaukri.com/districts/thane/ssc","location","411","484dc76b39126d2ff06e5fbd04b4bf565ff0ee9d85ce4861ae522ccec5782bc4",""
"https://www.searchsarkarinaukri.com/districts/thane/talathi","location","409","3fdb5c2a4883d031af3cdebb1d924c4cc79652a599063a7527c0e8a6b9710d6a",""
"https://www.searchsarkarinaukri.com/districts/thane/upsc","location","413","4b70af0d5bc77daedd3a2f324d0129ecca030bacc482e049aee92bce57da8660",""
"https://www.searchsarkarinaukri.com/districts/thane/zp","location","413","6f914fb31a7ecce4c12f9d865785d59c301c847124d1133ffd9303834842c3e6",""
"https://www.searchsarkarinaukri.com/districts/wardha/banking","location","413","ab9e4f47380d99091a11d202da8d1c24e2590f5606a97b6dbb60888a0c019f6c",""
"https://www.searchsarkarinaukri.com/districts/wardha","location","380","93f4ecd39d5675bb7742f127528e4300b262affb9068c48b9611c65fb6c0b63b",""
"https://www.searchsarkarinaukri.com/districts/wardha/central","location","431","f3bab1183738baa5476465c23e6669b1d26c31f495655ab55ae6db8ce3c4e108",""
"https://www.searchsarkarinaukri.com/districts/wardha/education","location","411","3c8b6bbf50bfb4850c4b516343803f6375178f1ecd7ab9f6d2048fc5037a4306",""
"https://www.searchsarkarinaukri.com/districts/wardha/forest","location","412","a48e9a74b88f771aa116d14acb43ae7dc2d8c776b3c6175548a8c45ea6b51e04",""
"https://www.searchsarkarinaukri.com/districts/wardha/health","location","415","2be1cdd08a2f37110131160318cba2b87cfe59e5b80220d6ae67e4d575d9eee5",""
"https://www.searchsarkarinaukri.com/districts/wardha/mpsc","location","415","491f997b885a5ec97e6d426081e8633da38dfd0c99e3f895cf72239bf10baedf",""
"https://www.searchsarkarinaukri.com/districts/wardha/police","location","420","545d20955e2d3c655e10b50a0fd51e126bbd4560ac69c4daa6b99d713550e3d1",""
"https://www.searchsarkarinaukri.com/districts/wardha/railway","location","412","b4bef0292ff60522a7ebb0db925d6dc4290a1ec92519ec8a3f26cf9bdd03cbfb",""
"https://www.searchsarkarinaukri.com/districts/wardha/ssc","location","411","d4da321334774cb168aa17e11354e7c5fbcb2be6747f144d6e1a87dfc0c21cd3",""
"https://www.searchsarkarinaukri.com/districts/wardha/talathi","location","409","4d7101cbde04706ac664009144cf1bfc0968251ccdb0259f14b2f113eec5b7cf",""
"https://www.searchsarkarinaukri.com/districts/wardha/upsc","location","413","11524cb96ead240657e4b5994d7f867418c719a16713bcdfb741f3f2d13a89f0",""
"https://www.searchsarkarinaukri.com/districts/wardha/zp","location","413","edab1caf4c05ac39e27dafa5d561d3a747dd31ba75591f138f8102c85578b1ba",""
"https://www.searchsarkarinaukri.com/districts/washim","location","312","8c4f2385b5cd278eddd95edd7890848fcb6b5bce57cd3a0fafba1df9c6219acf",""
"https://www.searchsarkarinaukri.com/districts/washim/banking","location","413","9471a5be90558a0a059826e84fd8b269ea1bffac30564dfef9de1817f9f21b4a",""
"https://www.searchsarkarinaukri.com/districts/washim/central","location","417","c050c1017528943a24c5f74b3aba0d4fae0251ab12be186eac69c2d721c9e449",""
"https://www.searchsarkarinaukri.com/districts/washim/education","location","411","150e4e381036c61db5d3469cddcda12d961fe3f9fd7edef1e774f764835d6a4b",""
"https://www.searchsarkarinaukri.com/districts/washim/forest","location","412","08c181405e39309f2f235856013bda1d0de93f8d753832bdd3ad85b2935d80fc",""
"https://www.searchsarkarinaukri.com/districts/washim/health","location","415","206fa8868bcbe8ba4a106d072836cb56c5968d86812b5a1b724f08d80d3f0831",""
"https://www.searchsarkarinaukri.com/districts/washim/mpsc","location","415","f3c806a68e3ad8e07622bc233076f52ab297db0ae425eaaa9664ae482bcbf2eb",""
"https://www.searchsarkarinaukri.com/districts/washim/police","location","420","1f0943553981cf06f4f55430d1106f9b2a2dec9463ffc68c64fcc960d509efcf",""
"https://www.searchsarkarinaukri.com/districts/washim/railway","location","412","1c6745db942e3e3180fd2ce9719112274449598e7717285957e8af5797bfa058",""
"https://www.searchsarkarinaukri.com/districts/washim/ssc","location","411","2192099e7db3f8638f2237fd839ffc9bfae8ff981005060529bc4dd13bfaab93",""
"https://www.searchsarkarinaukri.com/districts/washim/talathi","location","409","0f52d75db149f26d6415da3d2c4734c5b2f65f7c9b432e30256dd09d91a251cf",""
"https://www.searchsarkarinaukri.com/districts/washim/upsc","location","413","949d24158025d7f30c449e42a8ad0b96383bcfcf62519f6437c7860110f38a82",""
"https://www.searchsarkarinaukri.com/districts/washim/zp","location","413","235b08d00ea2f4e4e2df729780f6268b43b6da38294e90abcabc05ce6cde39b2",""
"https://www.searchsarkarinaukri.com/districts/yavatmal","location","384","e865d101de0a86489abf1fc7ab9bf20b029ad1ac2f9bfd0d52e44e46195b2ef6",""
"https://www.searchsarkarinaukri.com/districts/yavatmal/banking","location","413","93ecd64b2b7317a29ae120525bd67378015594ae844168c998805eb7cf2d7ba1",""
"https://www.searchsarkarinaukri.com/districts/yavatmal/central","location","417","35e78b8b87306df3dfb02a3a55cf943b937240bac6d24be01bd4cc573d147808",""
"https://www.searchsarkarinaukri.com/districts/yavatmal/education","location","411","33c07b6fafe5629d1c02e8df4c6666bb4135b760d07234dc0523c38fef914133",""
"https://www.searchsarkarinaukri.com/districts/yavatmal/forest","location","412","8b6f2bf7cb77554ba06bbeac28e180acb198a3ef596b9c0ce5b367e18daf4768",""
"https://www.searchsarkarinaukri.com/districts/yavatmal/health","location","415","9d7c6673b3d444371fdb7c5902ff205a4a795c100a20263f5efb313de24c5d05",""
"https://www.searchsarkarinaukri.com/districts/yavatmal/mpsc","location","415","4d15d8dfa494efc9fb1aafbf404c18a884a4eda2601ebf4ff96ef49ed15ec0a5",""
"https://www.searchsarkarinaukri.com/districts/yavatmal/police","location","420","10a114f965bd63201933472590aa2043afed78e86f323895f5b5cb4b41fde631",""
"https://www.searchsarkarinaukri.com/districts/yavatmal/ssc","location","411","77c265c1b6c5762923f65dc277b94848fd5c609a5289c65f3cd369543ab16fa9",""
"https://www.searchsarkarinaukri.com/districts/yavatmal/railway","location","412","bcd3df3cc122e4fe71ef8207691346da866d3e466aacb6e5abb64537e3c8858c",""
"https://www.searchsarkarinaukri.com/districts/yavatmal/upsc","location","413","8966cbe0514255d830b0cc7527dafbb610ee3a13ff55a1ba0de082edf2bf907a",""
"https://www.searchsarkarinaukri.com/districts/yavatmal/talathi","location","409","c302d6911788fdabb50252301a5ad1aefb9e4fd13e4f433f27ab67a19339c566",""
"https://www.searchsarkarinaukri.com/editorial-policy","other","177","832bd608b3673b72d5f00ff9f9afc6ff95c2277b69b95de91da53c18de699936",""
"https://www.searchsarkarinaukri.com/districts/yavatmal/zp","location","413","2b9f5325af6d952633eb1e5a327ac2eaf2b0f531bffdc39ebf3707f3e00b272d",""
"https://www.searchsarkarinaukri.com/eligibility-checker","other","25","fe87ac4e485c4b29e445910638dbf07156474f81189f8e1dd46aed9fd03c54f6",""
"https://www.searchsarkarinaukri.com/engineer-government-jobs","other","859","6aadd27a8a867b3acbdcf44c66692350063f57f48da1bb12bd33ff7043a9b61a",""
"https://www.searchsarkarinaukri.com/engineer-jobs-in-bangalore","other","112","f828b6d15e0e1fbd81449b4125c7bb3647cffde89dc5df7d091d374fe94166dc",""
"https://www.searchsarkarinaukri.com/engineer-jobs-in-bihar","other","382","2420b5b886c123278fac835ac340cc67a7afa7917f24741295c24396ff38bbc6",""
"https://www.searchsarkarinaukri.com/engineer-jobs-in-chandigarh","other","502","330690ec4a67d6b6ee0bd8052299c628639f03f38cbbe79424d0715e4d24ebf5",""
"https://www.searchsarkarinaukri.com/engineer-jobs-in-haryana","other","368","c8ffb784db43347b1ffc0a522a1d466e968d6f678d087146f9fdc52a90e123e2",""
"https://www.searchsarkarinaukri.com/engineer-jobs-in-delhi","other","542","a88a2a04ca383f2b8538c0247242d0e3f08d8d1ad5636b60d84271e1363634a1",""
"https://www.searchsarkarinaukri.com/engineer-jobs-in-kanpur","other","127","25f49ee79a20c2c4c6bebcbfce2c402bb4c54446f0f4ae795d70ec75879b8efd",""
"https://www.searchsarkarinaukri.com/engineer-jobs-in-karnataka","other","201","affb5fa113d8cf39a0bd8aaeb0e99df2d6230875237f8db151f1856f2098247c",""
"https://www.searchsarkarinaukri.com/engineer-jobs-in-kerala","other","153","615658a4e8321caf7ad1b37cbd4483ce151237be1ad6e8a47c9ae8399f385393",""
"https://www.searchsarkarinaukri.com/engineer-jobs-in-kolkata","other","251","cf37a8f3af72c37353b7812bd4586b43a39ef72c2214067387503b00e66f0bf1",""
"https://www.searchsarkarinaukri.com/engineer-jobs-in-lucknow","other","171","887b2a348817939785987087afc4a4e00a7e8c229df5ad5fdcc37c027ea1f87a",""
"https://www.searchsarkarinaukri.com/engineer-jobs-in-mumbai","other","811","a280ebdbd4eef28dd303f54b14d4b9ed3e41610e54a3157f862e637287a5a144",""
"https://www.searchsarkarinaukri.com/engineer-jobs-in-nagpur","other","141","c67e0b6439e90d0b86eb99506b2c019ca8d9adca9f776fdf1f7717909eaecf7d",""
"https://www.searchsarkarinaukri.com/engineer-jobs-in-nashik","other","428","79f448558d4537c16253fa12b0fa2e448f56eff3dc7a9cf87284137376372757",""
"https://www.searchsarkarinaukri.com/engineer-jobs-in-odisha","other","526","215a7ce211424f609b5b6bc5f448245c0aed9f94058957bc5420cea0ced6cca5",""
"https://www.searchsarkarinaukri.com/engineer-jobs-in-punjab","other","368","c404e16d04188f27e0f991e7eece22e0c96d64eac8131823610f24511666dfdf",""
"https://www.searchsarkarinaukri.com/engineer-jobs-in-pune","other","322","17a13b60b42cec10ef6c40ded443bb76692472d5967ec433751d986ebf9c9046",""
"https://www.searchsarkarinaukri.com/engineer-jobs-in-rajasthan","other","523","bcc56508f4f94bc12032e8643dfbf6619f7fb2a265e28675ce9615a3bbfa1b77",""
"https://www.searchsarkarinaukri.com/engineer-jobs-in-uttar-pradesh","other","370","c9630345781a3d4ff68c6654ebeb4a87a88cfa474d25b9021d1f1ee1d555599b",""
"https://www.searchsarkarinaukri.com/engineering-government-jobs","other","866","0095baa9883618e921fa737ab92ff602c1d236bf0b00497ef4f9564913d9c586",""
"https://www.searchsarkarinaukri.com/engineering-jobs-in-bangalore","other","114","a7d894303ad6fcd521fb43918f7c67a3d1565c2c94237197f4f6e8445630ad87",""
"https://www.searchsarkarinaukri.com/engineering-jobs-in-bihar","other","384","d327b3f424e99207a79f343153860388c1711a1da3694d10797f5ff49ea007ee",""
"https://www.searchsarkarinaukri.com/engineering-jobs-in-chandigarh","other","504","01f2773742e7c72ccec2ccdd1891b01b749574bcb6833a6fd279de342e5ea674",""
"https://www.searchsarkarinaukri.com/engineering-jobs-in-delhi","other","544","4f394df83e6b8cd7c4dec8d37c256617f2f685a7707730a7f3c7367e96e6459a",""
"https://www.searchsarkarinaukri.com/engineering-jobs-in-haryana","other","370","7350af2ce6f53dae0f91931419cedae169524abf0ffc6d030bde935b03a3a57d",""
"https://www.searchsarkarinaukri.com/engineering-jobs-in-kanpur","other","129","115c07f935167fd6560f58046a3ad15c021988ae0fadc311c300cd4a9632a9a1",""
"https://www.searchsarkarinaukri.com/engineering-jobs-in-karnataka","other","203","d152cddd5c01f60befe0dcb00f95492d3cba2e1715e30482462d9850db8ad5ba",""
"https://www.searchsarkarinaukri.com/engineering-jobs-in-kolkata","other","253","82c01362304aa7d3b4ca00efa8b4f2c96deab68629e15503cb78fed4690bfdcc",""
"https://www.searchsarkarinaukri.com/engineering-jobs-in-kerala","other","155","0cdb68139a35d817d38f0d23f3851694b75adec0eee5769bedd04f83b3d3a314",""
"https://www.searchsarkarinaukri.com/engineering-jobs-in-lucknow","other","173","1b71f275a26e41a78bb1b99d6d0868d77e4584bdec376e40ef4bc7d46bb456f8",""
"https://www.searchsarkarinaukri.com/engineering-jobs-in-mumbai","other","813","91e58f37a60fcc33c15b02685ff71b354170a1c480801ebcde3d130dc73357fd",""
"https://www.searchsarkarinaukri.com/engineering-jobs-in-nagpur","other","143","7eaefb9555d438944ff0fcf93d6b7fc0c9f2b739dd0c01e681db816a5dfee758",""
"https://www.searchsarkarinaukri.com/engineering-jobs-in-nashik","other","430","2ecf2d05baeceafb1e8832bc6323eb640b7827279e1c39471bd7c63e67a69d6e",""
"https://www.searchsarkarinaukri.com/engineering-jobs-in-odisha","other","528","572bab9e8e0e64bcaaeca7f6e9d12d5c1c37de212ab2b149f37dcb89d52ffb64",""
"https://www.searchsarkarinaukri.com/engineering-jobs-in-pune","other","324","2cad27fc36bac10ce25bfeb452f837b6573d83daa1c68efd8197e0ed14fcd2ba",""
"https://www.searchsarkarinaukri.com/engineering-jobs-in-rajasthan","other","525","ad173dde79fcab42dc73b6348064492cf2287907dfcf6dca50f2c38ee4e6358c",""
"https://www.searchsarkarinaukri.com/engineering-jobs-in-punjab","other","370","4834ea891beb6b9f5de4435342bc751237700fafb195e9c52c3cb154964d4b03",""
"https://www.searchsarkarinaukri.com/engineering-jobs-in-uttar-pradesh","other","372","7a8eb56d4a65b6b5648852f776a02f13170fa8eed397a13ca853a2f480e210ca",""
"https://www.searchsarkarinaukri.com/exam-calendar","other","25","803fda242e0fc2372d3f7be752e65a55ebe49793c07ca934df34c73f240114f9",""
"https://www.searchsarkarinaukri.com/exams","other","28","e234b9e49c17665c88f625d2002904f8e383e5cd68696439468e434e319956e8",""
"https://www.searchsarkarinaukri.com/graduate-government-jobs","qualification","859","8d9a23d9495869364f393f845f8f3f2777165bb773b8bd77b8f9b59cb91c2f7f",""
"https://www.searchsarkarinaukri.com/graduate-jobs-in-bhubaneswar","other","131","2867bdfca025b4fcd01f4c38070dceb6f42e894bb815948366c6e8d18c5cae8a",""
"https://www.searchsarkarinaukri.com/graduate-jobs-in-chandigarh","other","609","0d9e9235810c878bff4c4d9adf8d3cff18faf8c2297fd4a78766b5890f74f0f9",""
"https://www.searchsarkarinaukri.com/graduate-jobs-in-bihar","other","286","2f6a1c204364ac767c564ac885551ac22fdc8d949759d1ef1ec460e2d886507c",""
"https://www.searchsarkarinaukri.com/graduate-jobs-in-chennai","other","129","e6cab464172885d3795d7ee0aa427ee7706b51c314b36b731a6bc9267034c18d",""
"https://www.searchsarkarinaukri.com/graduate-jobs-in-delhi","other","675","9f5d3d2055c4212de63bcffa9a7e91f53cddee6cca5609c820bcce4f9e03b2d6",""
"https://www.searchsarkarinaukri.com/graduate-jobs-in-haryana","other","366","12c499e83a6477c29920cc1a18c7aa955a0a320ccf1871ac219725a1a19a1359",""
"https://www.searchsarkarinaukri.com/graduate-jobs-in-kolkata","other","327","213629c4e3b63bce02951f0b8bf81f525524323569d5e735c4d82625691033f2",""
"https://www.searchsarkarinaukri.com/graduate-jobs-in-lucknow","other","263","b1c20caab5a475dd31e18c076d9c7833a71aaa6c05dcfa28f639059594a35a77",""
"https://www.searchsarkarinaukri.com/graduate-jobs-in-mumbai","other","833","eb2bd318474eed573dac75ef7bfb8b6746f2fc730b671fe1e3f0bdf2e44aafe9",""
"https://www.searchsarkarinaukri.com/graduate-jobs-in-nagpur","other","158","a084e60034c9d78e4c2958468b5026dbea2cc7c26aaec403fa0144781bdda4e5",""
"https://www.searchsarkarinaukri.com/graduate-jobs-in-nashik","other","481","e5d42387097f1b3e9a83ea6373129a4364885bd70a43a37d33d14d7f6f8baba4",""
"https://www.searchsarkarinaukri.com/graduate-jobs-in-odisha","other","784","ba4688ecef903fe277d48f9569503e6d5ae0c9c3de9535bb2e4a4870b4e6220d",""
"https://www.searchsarkarinaukri.com/graduate-jobs-in-pune","other","424","ba36fa1b49c2a82cbb048446babfcb47e14a9e6b7404dfe0a943d5cbad7a9605",""
"https://www.searchsarkarinaukri.com/graduate-jobs-in-patna","other","129","98b596964c5dce856ca3a981971502d898596fac25ad87ae80f98323d0e82bdd",""
"https://www.searchsarkarinaukri.com/graduate-jobs-in-punjab","other","366","b6caad08de5116e5dc44faa69d217fd7f7038823d685815c646ac9f06d840ff6",""
"https://www.searchsarkarinaukri.com/graduate-jobs-in-rajasthan","other","432","8785503d82c1341b99bf1878648be98bd4e5c798c50973c0223be10fe857e2fe",""
"https://www.searchsarkarinaukri.com/iti-government-jobs","qualification","904","8bbb665e647535543bb7b05cfc7bfc2378751b4af5db4770b4c70901fbfbcacf",""
"https://www.searchsarkarinaukri.com/graduate-jobs-in-uttar-pradesh","other","368","5c75bce0a33110d598c7d70e3e6ed6b4d726b7bc5e0b8d5bd1a02cfcde2d0798",""
"https://www.searchsarkarinaukri.com/iti-jobs-in-chandigarh","other","550","506f57f27289fcad21232b3de30ff2d0d53b04c237ab66f5f165d8ee82b7ce37",""
"https://www.searchsarkarinaukri.com/iti-jobs-in-delhi","other","541","360c411f4897f68bf3c755d7ad8f5b677bb3a278af9485341215af7c87433ea3",""
"https://www.searchsarkarinaukri.com/iti-jobs-in-haryana","other","475","2c86b61b25ffcc047a1e160ec85515e62bd134a65ad36ba30ba2df17aea4b1b2",""
"https://www.searchsarkarinaukri.com/iti-jobs-in-mumbai","other","124","57fac63b23e247af32e0430eb29b2079a8a08d9d974904dc55d553a54f073253",""
"https://www.searchsarkarinaukri.com/iti-jobs-in-nashik","other","483","80e7f651926135f2184332b116cb97239856fb61e8bc20c25863f7cfc9b16578",""
"https://www.searchsarkarinaukri.com/iti-jobs-in-pune","other","201","9af562d9db788f4e85adb2264eef2eb931ac9ea99d16432bf2f3a4bfbbaf405d",""
"https://www.searchsarkarinaukri.com/iti-jobs-in-punjab","other","475","ef25658c193eed34a5eeffec1ae2f5cccc709d2f19ae8dc185b7bd65cd351b38",""
"https://www.searchsarkarinaukri.com/iti-jobs-in-odisha","other","544","c64bcc564ad3f4ef944f2dae51c63f9b9b1f2395b8b4fac45dff396fbb451f98",""
"https://www.searchsarkarinaukri.com/iti-jobs-in-rajasthan","other","475","f6a5c1b8c38dbc6ac92ce021edd30b5210296320acdf19c5c74fd249d581acb5",""
"https://www.searchsarkarinaukri.com/iti-jobs-in-uttar-pradesh","other","477","4afad215e3ad59fc7895dab1f26c472d7aa840353a1f1a5af7bb23fd220e0c60",""
"https://www.searchsarkarinaukri.com/job-updates","other","176","a41710d03620343fb4d657973b446fb09a4709973a550ae67092c4c91f32a8d5",""
"https://www.searchsarkarinaukri.com/jobs","other","1150","975580c50adf65176848e6aafb4c3b747e89b5882f9dbe91844836d872e55d26",""
"https://www.searchsarkarinaukri.com/jobs-in-ahmedabad","location","113","9ed66436e0cf678650d2fcaf808c926fece033f75b9e8c5b7aafab6deb98aa10",""
"https://www.searchsarkarinaukri.com/jobs-in-bangalore","location","113","4f4392feb43d96a255e2f9c168539c3c4dab48141e94afb636093e7f8b424155",""
"https://www.searchsarkarinaukri.com/jobs-in-bhubaneswar","location","157","bbdc3827ee74fb15c0b29fc08f8e399e97cc964575cf207adf1d8f6ea70f5b8d",""
"https://www.searchsarkarinaukri.com/jobs-in-chandigarh","location","847","a8436d155c583732c5614d4a82238c29ec922004fb128870803ed5229c35796d",""
"https://www.searchsarkarinaukri.com/jobs-in-bihar","location","381","88cbf0eae7f8faf66698491f83149d18eb99448524080626c89cf819cddd79a8",""
"https://www.searchsarkarinaukri.com/jobs-in-chennai","location","133","9c2159dc3f701e87df594eaae47d49acc7197ebdbfce8c8707acd83f20058ae4",""
"https://www.searchsarkarinaukri.com/jobs-in-chhattisgarh","location","144","41a01141e804aa017a1b254ab701dba6f222ef17074655e5517436f9a480cb27",""
"https://www.searchsarkarinaukri.com/jobs-in-haryana","location","553","eb1b0d1723e99e57f91944e38d55b9de50b0412d55867fbdcc23988f32fe7781",""
"https://www.searchsarkarinaukri.com/jobs-in-delhi","location","935","d63da3aa757f945f69be9c9ee379aefecda5a974eb5895300768eab2c1847aea",""
"https://www.searchsarkarinaukri.com/jobs-in-himachal-pradesh","location","695","8a09de70bd209d7c1bc166d6fb44406efd9ef3fb15f91ab821d3f4746e7f1fb6",""
"https://www.searchsarkarinaukri.com/jobs-in-jammu-kashmir","location","554","314a80ff9dc66793f112c7092727ecea7d182d30096e4e6097527596d12799f3",""
"https://www.searchsarkarinaukri.com/jobs-in-karnataka","location","234","964746e202ec510a5f31ce423b3bc79ae93cb4c7fc5c3fd194d64e55d19b9848",""
"https://www.searchsarkarinaukri.com/jobs-in-kanpur","location","154","3863c8062223aac13a121a505e8a166d3e9c449482a5c35e3bf7e85fc18fcaac",""
"https://www.searchsarkarinaukri.com/jobs-in-kerala","location","214","b64accfdc8f38472a56cb1caa774615c088285ad4bb6e7e8f60573ad54b1437a",""
"https://www.searchsarkarinaukri.com/jobs-in-kolkata","location","441","e92f69aa390ea33a3d0fd3d8ef23c53ac71b7064d40d612ffe59319b67d0bd9b",""
"https://www.searchsarkarinaukri.com/jobs-in-lucknow","location","287","da1f0a6e7f3f7281473a2dea0b88e87e96966d44c31f92d29bed04e9aa4fbf83",""
"https://www.searchsarkarinaukri.com/jobs-in-mumbai","location","868","a83c18b23fcd9d2ecf5b83b84a3832aee3195387a3612c5e15b06ab8e29aaa61",""
"https://www.searchsarkarinaukri.com/jobs-in-mysore","location","109","02db1a6ef40d92a6f0bfb3f0f5f2eb66e3a278059da18afbdbf9062b0edfceb1",""
"https://www.searchsarkarinaukri.com/jobs-in-nagpur","location","659","67a62e2dad0d1ec0bdfc056b9c20557ae2ff2cca4953dd1509531e5fc0952b12",""
"https://www.searchsarkarinaukri.com/jobs-in-nashik","location","883","c5ce4dd90e8f90e5271923d8d80c4e4f7cc4181872d0a338f6f301f330e3c6cb",""
"https://www.searchsarkarinaukri.com/jobs-in-odisha","location","950","04e2546beb1bbf27a1831667c674d6714041e1e487f6e309f24616d03b306960",""
"https://www.searchsarkarinaukri.com/jobs-in-patna","location","132","b56506d38f34a9efa9c538608babd34bb8acb4076723f082ff05c5dd73912733",""
"https://www.searchsarkarinaukri.com/jobs-in-pune","location","796","06f296a91b8fd3c6ac51be1c9fe7e6293de67e72b6db700983aefe2e5418f0b5",""
"https://www.searchsarkarinaukri.com/jobs-in-punjab","location","553","e61db1e6d598f7e195f0ae4d952df71478a2a420ba83a5f5ff12c990f0769fc6",""
"https://www.searchsarkarinaukri.com/jobs-in-rajasthan","location","708","36ad2e45f16b6c279793d8f85f7cca3c60635c33ca91cfd5c5e8b2fac4efb3af",""
"https://www.searchsarkarinaukri.com/jobs-in-telangana","location","223","25c652dfdf25d6894b0578c0e44efbb9a06a33c3f8e3c91cd6414479ae7a168e",""
"https://www.searchsarkarinaukri.com/jobs-in-tamil-nadu","location","109","9ba5a6cc6a26ba8d590d64d4e10b9186d69c3ad39065144718201375dbc3e31c",""
"https://www.searchsarkarinaukri.com/jobs-in-uttar-pradesh","location","577","8bfab0164342709526d5c61fdf3834ac4715dfa57d3fa5d945a28db4ca03caea",""
"https://www.searchsarkarinaukri.com/jobs-in-uttarakhand","location","551","02ca79ebb4f23ad5b939fae7fa752c0c8e893f4b79ee911bc5e9ac8e5c852e25",""
"https://www.searchsarkarinaukri.com/jobs?category=central","category-filter","1412","ce4bb32a3e84216be88c0de7fc84bd2ad499cba65f759236c722b7b64ecf0de8",""
"https://www.searchsarkarinaukri.com/jobs?category=banking","category-filter","1011","ccb7e2399ffaed0ff62d2029fa8f6f81c83b14e7db256497a0216f51e1aa04a7",""
"https://www.searchsarkarinaukri.com/jobs?category=education","category-filter","1031","18ab927d5c42acb659ae4f80c40abec7e14dc3cc209ff6f88c1c64998529cd90",""
"https://www.searchsarkarinaukri.com/jobs?category=forest","category-filter","622","fba2c4fade2e9371b8c97d7f5eb1ca77086f9e9b26d23c07f54819b418a6cbc6",""
"https://www.searchsarkarinaukri.com/jobs?category=health","category-filter","1391","90e6c6b4a190a399bbdd367c1465f3533b1d1620c64bcd067605f2371cccf4fe",""
"https://www.searchsarkarinaukri.com/jobs?category=mpsc","category-filter","646","7e29bf041a4a902e55c7df4f546ed80e7b01623e768edd572b71dfd327617672",""
"https://www.searchsarkarinaukri.com/jobs?category=railway","category-filter","1116","9a43ad636406bdf572d70f27ed687c5edce8b66e7194079b732657ef0b99f9d9",""
"https://www.searchsarkarinaukri.com/jobs?category=police","category-filter","922","b5479fec5a5c7e53df29ef15df0a396072eaf9cf240efb117e7ca34d7e0867b7",""
"https://www.searchsarkarinaukri.com/jobs?category=ssc","category-filter","594","203f51c7295162963c2d1108bc798ecf7bca0c7f3a985dd8c0a11c8d87ac51dc",""
"https://www.searchsarkarinaukri.com/jobs?category=talathi","category-filter","592","55133c5c7e7114c7eafab6b8ff8d63143b2d8b60d90d6a508ccbf55731a47840",""
"https://www.searchsarkarinaukri.com/jobs?category=upsc","category-filter","794","80681674d89040ec9b83cc69153b31a0f92f15d9212f73980524e7bc1d97aaf4",""
"https://www.searchsarkarinaukri.com/jobs?category=zp","category-filter","597","ba8961780f116072988a3e5fb9b0123f2301e85190397fc59d85bfac55420c6b",""
"https://www.searchsarkarinaukri.com/jobs?search=police","other","677","735fba6662fe14600d5c137efb3d53ef94d6e41ceeb560695b9914a55edd047b",""
"https://www.searchsarkarinaukri.com/jobs?search=ZP%20Jobs","other","352","4f4f538a1235db32e8e6e9a9d0694af7fedd1d798afdab54e49a9dfaac050baf",""
"https://www.searchsarkarinaukri.com/jobs/aai-bhubaneswar-airport-apprentice-recruitment-2026-apply-online--3869","job-listing","315","76531a73a728ad76dff96aba719fbf1dd23115f9849299bb4270e23b112db02f",""
"https://www.searchsarkarinaukri.com/jobs/aai-bagdogra-airport-apprentice-recruitment-2026-apply-online--3864","job-listing","309","84c03a1095ddfec07719e56b304d08b069b76118ebb5a48a2cdfb761076261e7",""
"https://www.searchsarkarinaukri.com/jobs/aai-gaya-airport-apprentice-recruitment-2026-apply-online--3865","job-listing","317","efe297cccf9c56a386eda5697cd7f2c685d9090bc1aa272e0b6e17517eebf68e",""
"https://www.searchsarkarinaukri.com/jobs/aai-birsa-munda-airport-ranchi-apprentice-recruitment-2026-apply-online--3867","job-listing","322","611355c91aff0b5550f606d0c83fb6d94e0b2389da4ab46fb9bc28d3db3ceeb1",""
"https://www.searchsarkarinaukri.com/jobs/aai-junior-executive-finance-recruitment-2026-apply-online-for-36-posts--3669","job-listing","282","ecd2fd97e6daca7345196c1611d734844430d1f9b7b81c3e39a14f19508d4087",""
"https://www.searchsarkarinaukri.com/jobs/aai-jharsuguda-airport-apprentice-recruitment-2026-apply-online--3871","job-listing","320","f44023647df7a7cf1c1f638a20672f6ff137e2433ddb310dbdff456ff3476d1d",""
"https://www.searchsarkarinaukri.com/jobs/aai-junior-executive-law-recruitment-2026-apply-online-for-6-posts--3670","job-listing","290","5a60daec25779ec4dffc5b46612e37520e9886f652ab2e6cecbe6a20964973d5",""
"https://www.searchsarkarinaukri.com/jobs/aai-junior-executive-operations-recruitment-2026-apply-online-for-79-posts--3671","job-listing","291","40838578b4f9855a39b8e0cd5465ab7a55f032d8e0ad4d1919cefc668c771841",""
"https://www.searchsarkarinaukri.com/jobs/aai-junior-executive-survey-cartography-recruitment-2026-apply-online-for-8-posts--3672","job-listing","324","431e119929eba588adbee6338f8aef561c61ef6f6e2fdffae475a71fc0d8b7ac",""
"https://www.searchsarkarinaukri.com/jobs/aai-manager-architecture-recruitment-2026-apply-online-for-4-posts--3642","job-listing","291","4b57e2c3cc41d7add2f3e01c0fb70093da905dfa89fd5b3f0ce2850f9a827134",""
"https://www.searchsarkarinaukri.com/jobs/aai-manager-commercial-recruitment-2026-apply-online-for-9-posts--3646","job-listing","312","2650b7c39eac1de0c2f7b0dd0aa5e689ee76215b546b2d712cd78f4ee54d18f7",""
"https://www.searchsarkarinaukri.com/jobs/aai-manager-corporate-communications-recruitment-2026-apply-online-for-2-posts--3668","job-listing","315","6869a3cc1889c5dc7fe58ff38ba619de7b0e2ff25691fed3426134fb6eacc153",""
"https://www.searchsarkarinaukri.com/jobs/aai-manager-corporate-planning-management-services-recruitment-2026-apply-online-for-1-post--3647","job-listing","307","5fe1acc49e257fefd5db23b09e209e6a4d457aba000e1b58d453cf568210a662",""
"https://www.searchsarkarinaukri.com/jobs/aai-manager-engineering-civil-recruitment-2026-apply-online-for-145-posts--3638","job-listing","314","8893fe006a9e8f9078853346dc1d83db54314447706864c372cad2a56c156a7d",""
"https://www.searchsarkarinaukri.com/jobs/aai-manager-finance-recruitment-2026-apply-online-for-34-posts--3640","job-listing","286","844ade7738971dba0ca3665fd9e13c050d39427a9ae5a5ab035e30dc38b47561",""
"https://www.searchsarkarinaukri.com/jobs/aai-manager-engineering-electrical-recruitment-2026-apply-online-for-16-posts--3639","job-listing","281","efff88d82667c8ad27c59ca80da03bb05dfef6781c32ba2e404ef9bfe338beac",""
"https://www.searchsarkarinaukri.com/jobs/aai-manager-fire-services-recruitment-2026-apply-online-for-14-posts--3644","job-listing","292","8e54377e73e547cd39a821a1fbf042c9071e4a638f4e70dae33571a9b2243c1a",""
"https://www.searchsarkarinaukri.com/jobs/aai-manager-information-technology-recruitment-2026-apply-online-for-5-posts--3641","job-listing","307","0d3dfb9e476ff739560c1039499b4740f9440c35c3614e58566ae94bfa776e0d",""
"https://www.searchsarkarinaukri.com/jobs/aai-manager-law-recruitment-2026-apply-online-for-2-posts--3643","job-listing","293","2da27da495eb09307b716b5394cde25383f8d1e6783b4160ad382a76c59ec59c",""
"https://www.searchsarkarinaukri.com/jobs/aai-manager-operations-recruitment-2026-apply-online-for-28-posts--3645","job-listing","305","f0922ba557deb3b86852026042f264a2be412b65bfd756bffa996828d45178ff",""
"https://www.searchsarkarinaukri.com/jobs/aai-mumbai-aai-mumbai-2026--4078","job-listing","224","8c02c448c337336c12f9cdabed011b9142c18d9ab0806f6f7596f3b680d2e6e3",""
"https://www.searchsarkarinaukri.com/jobs/aai-ner-apprentice-recruitment-2026-95-posts--2764","job-listing","204","83724254f3b2151545075f488553e8a3ef744f80c49965db9247119740cf0531",""
"https://www.searchsarkarinaukri.com/jobs/aai-patna-airport-apprentice-recruitment-2026-apply-online--3866","job-listing","318","545853f59f9c05c12b02986c5ede9b0c233ed2b87856d7decb8ba9dd38ce203b",""
"https://www.searchsarkarinaukri.com/jobs/aai-pakyong-airport-apprentice-recruitment-2026-apply-online--3870","job-listing","315","515e3868836cbd552674193462e4d5e096ec8bbfdf60ffee92d3a3ae4e9f87f0",""
"https://www.searchsarkarinaukri.com/jobs/aai-raipur-airport-apprentice-recruitment-2026-apply-online--3868","job-listing","313","0aa3da31626a5432d1ef7999cde3988a077a99aff64b23df9bc97f71a7c8d13e",""
"https://www.searchsarkarinaukri.com/jobs/aai-rhq-kolkata-apprentice-recruitment-2026-apply-online--3862","job-listing","307","9793f7869fa02cb234903eced82f17f5d24056d57abde3a7c34bc7b03c217baf",""
"https://www.searchsarkarinaukri.com/jobs/aai-sri-vijaya-puram-airport-apprentice-recruitment-2026-apply-online--3863","job-listing","322","478d7465949291a11e9563ce838461824e601c0ad48f4ef362b0a7d5d5cc4007",""
"https://www.searchsarkarinaukri.com/jobs/abdm-mumbai-abdm-mumbai-2026--4575","job-listing","240","c8f879e8c5258ed1bd885201917047ef14a06496c102bf90568511afead09636",""
"https://www.searchsarkarinaukri.com/jobs/abmsp-pune-abmsp-pune-2026--3024","job-listing","240","6c4e89e760e3aa77f0ae1a83f889f0768a150ae2864758c921f395aab13cce68",""
"https://www.searchsarkarinaukri.com/jobs/acsir-recruitment-2025-for-16-admin-acsir-recruitment-2025-for-16-admin-2026--1461","job-listing","151","8505bb8b70b47a1d37cb1ae45a79b838b1753283c87a2282800d4d1b52c0b3d6",""
"https://www.searchsarkarinaukri.com/jobs/actrec-mumbai-actrec-mumbai-2026--1741","job-listing","241","f615832e90752daf0c3e8fde6d12f52e69a1d1897db6f1f7046a7409a13c50f4",""
"https://www.searchsarkarinaukri.com/jobs/actrec-mumbai-actrec-mumbai-2026--2223","job-listing","240","2e7f3ae576949eef1a04f519e045ed8cc4bb5fcf39483b8a853fa90727c02a28",""
"https://www.searchsarkarinaukri.com/jobs/actrec-mumbai-actrec-mumbai-2026--2351","job-listing","241","26336d6f2d63ad9892cdb3bdfc3407c5ba712ed4d0bfa16ca0b0040d898d4041",""
"https://www.searchsarkarinaukri.com/jobs/actrec-mumbai-actrec-mumbai-2026--2787","job-listing","241","e98688cd421eb136db660068f0f31f0937b0eb366e93ca0d89e7792970356338",""
"https://www.searchsarkarinaukri.com/jobs/actrec-mumbai-actrec-mumbai-2026--2985","job-listing","240","a4239585fc9a8e5503087ba323d7c9fb93b2b6c8dd1d30b53618aabb4d82d852",""
"https://www.searchsarkarinaukri.com/jobs/actrec-senior-resident-pathology-recruitment-2026--4872","job-listing","264","97491c1b79aec131b924fa6bfff0e8f8819a6069b6acf80ab4113914aec0b25a",""
"https://www.searchsarkarinaukri.com/jobs/ada-ada-2026--4274","job-listing","219","1926c3e430daf3555afe1108b48489bf5ba551c443d1e3495478e4e3f16c4d5f",""
"https://www.searchsarkarinaukri.com/jobs/adivasi-gramin-vikas-shikshan-sanstha-gadchiroli-adivasi-gramin-vikas-shikshan-sanstha-gadchiroli-20--4140","job-listing","240","f60be4ddf7474207b9cd732a81ea0ab8a35383cbc7b17dff6ec572981c77b3ec",""
"https://www.searchsarkarinaukri.com/jobs/adivasi-vikas-vibhag-nagpur-adivasi-vikas-vibhag-nagpur-2026--2625","job-listing","235","396d13b2a9d24356290bee954789f870bd21a63c804e892a95393eb083a8984a",""
"https://www.searchsarkarinaukri.com/jobs/adivasi-vikas-vibhag-shikshak-adivasi-vikas-vibhag-shikshak-2026--4275","job-listing","232","590d4b9ddd8cb9c7bd25e9c32d36bc176221b14f6af3b5f6d3467cbac118dc87",""
"https://www.searchsarkarinaukri.com/jobs/adivasi-vikas-vibhag-thane-adivasi-vikas-vibhag-thane-2026--4332","job-listing","239","a8b6d78bb266ae4cc5b5023dd57eb1281f2d77c675a78f11b02270e33def52e6",""
"https://www.searchsarkarinaukri.com/jobs/adivasi-vikas-vibhag-thane-adivasi-vikas-vibhag-thane-2026--4482","job-listing","239","7799c4295b6fe2c6a244971d16de9cb33ef8b40791ed8d11752e1134a810c124",""
"https://www.searchsarkarinaukri.com/jobs/advanced-centre-for-treatment-research-and-education-in-cancer-actrec-advanced-centre-for-treatment--1782","job-listing","284","7ec7dc8aa7631f27883e71c4f19e07fe867d75656dca5999f93dd34b7967a3f9",""
"https://www.searchsarkarinaukri.com/jobs/advanced-centre-for-treatment-research-and-education-in-cancer-actrec-advanced-centre-for-treatment--2487","job-listing","268","15a873ef6481234a9da4474a5982a2a9174769ae9021dac3fe4691a3742cdcd3",""
"https://www.searchsarkarinaukri.com/jobs/advanced-centre-for-treatment-research-and-education-in-cancer-actrec-advanced-centre-for-treatment--3704","job-listing","233","ea0b0ccf371f9d686f4657fd49ca0e71330f0de844db7eb6637abb362ec61de4",""
"https://www.searchsarkarinaukri.com/jobs/aecs-mumbai-aecs-mumbai-announces-recruitment-for-contract-2026--1458","job-listing","131","e54dea3b0695d931fadffc69ffcbac52a7290a12fa14c36b96f398f484fe4772",""
"https://www.searchsarkarinaukri.com/jobs/advanced-centre-for-treatment-research-and-education-in-cancer-tmc-actrec-advanced-centre-for-treatm--2119","job-listing","242","ce30978460db8d8dce1510e341d9cd56cba0d6fe54ad7fcc3eb4f98148298d6f",""
"https://www.searchsarkarinaukri.com/jobs/aero-plast-ltd-fresher-2026--1560","job-listing","151","b0786c4735e67edba2027b2ae1e0d1c764b01ab8d505b7823b251a6797e402bf",""
"https://www.searchsarkarinaukri.com/jobs/afms-bsc-nursing-admission-afms-bsc-nursing-admission-2026--3248","job-listing","228","d24f5de08c1a634acd5f7f83afb3612a4cbf9e67e3b149ffac3c4266ca46947f",""
"https://www.searchsarkarinaukri.com/jobs/afs-deolali-afs-deolali-2026--2182","job-listing","227","ebb071fd3785de15cb0306808f9c12e8870d1e83e9eb412d82f63a512f60456d",""
"https://www.searchsarkarinaukri.com/jobs/afs-nagpur-afs-nagpur-2026--2505","job-listing","231","993503383b1e8217d3be439a3db70b17092e8d7261188aa00f6c86874de70721",""
"https://www.searchsarkarinaukri.com/jobs/agharkar-research-institute-ari-pune-agharkar-research-institute-ari-pune-invites-2026--2216","job-listing","215","6b7e1739e1159ebda0759df51f9edf6fff5a6f20e046e9ec07b9e96a9b719cc1",""
"https://www.searchsarkarinaukri.com/jobs/agharkar-research-institute-project-associate-i-agharkar-research-2026--2813","job-listing","205","3ba1812822a2ffb7ae82aae5164ac96b963cc50267040f8c5c798436140e5538",""
"https://www.searchsarkarinaukri.com/jobs/agharkar-research-institute-project-associate-i-one-no-2026--2814","job-listing","206","fe1692de0fc33b419b030584b0c36f8fc403887093ac7780ba78459e33b3b50a",""
"https://www.searchsarkarinaukri.com/jobs/agharkar-research-institute-pune-agharkar-research-institute-pune-invites-applications-2026--1864","job-listing","203","f98c2e824442d4a3fa4ae39b2822e6937731c4ade2233138a99a0c54c64af73e",""
"https://www.searchsarkarinaukri.com/jobs/ahmednagar-jilha-maratha-vidya-prasarak-samaj-ahmednagar-jilha-maratha-vidya-prasarak-samaj-2026--3903","job-listing","258","a4a51686d0229ed9bf52470e2fc3df1b8ee6f2a75a9a972a9617309d5e339966",""
"https://www.searchsarkarinaukri.com/jobs/ahmednagar-merchant-co-op-bank-ahmednagar-merchant-co-op-bank-2026--2829","job-listing","249","c29885c17cabe9851e7760a1a33522011cd5fefa4fa8f340e70bbd433a730cc0",""
"https://www.searchsarkarinaukri.com/jobs/ahmednagar-merchant-co-op-bank-ahmednagar-merchant-co-op-bank-2026--3258","job-listing","249","eaecc9a4bc9101d69a145cfcd91d7e168a88b638aaa0ca6dd5710523c374a78b",""
"https://www.searchsarkarinaukri.com/jobs/ahmednagar-merchant-co-op-bank-ltd-ahmednagar-merchant-co-op-bank-ltd-2026--2449","job-listing","249","f5966e2b617fdf9d7514528227797462f5fe97bda2da2088c81a84c3ebe382c9",""
"https://www.searchsarkarinaukri.com/jobs/ahmednagar-merchant-co-op-bank-ltd-ahmednagar-merchant-co-op-bank-ltd-2026--2549","job-listing","249","3c1ec7b03d507e174b822a3c0da21ecbe596ee9c9cbce9545b974ff89e142834",""
"https://www.searchsarkarinaukri.com/jobs/aiesl-aiesl-2026--3847","job-listing","205","d69b83b6f55fd45e83f4cab098b2c2371ea85cdc918f24c78c41169c01292db8",""
"https://www.searchsarkarinaukri.com/jobs/aiims-capfims-assistant-professor-recruitment-2026-18-posts--2860","job-listing","244","c8a7ca637d24eba15a47c0b20a48d83910433859824ff34f4b0eb52c58a28083",""
"https://www.searchsarkarinaukri.com/jobs/aiims-delhi-aiims-delhi-2026--1795","job-listing","218","bdbe74b0188b2c440e55551936ebf26d1fd6841be6c5dae083650c63d23d59a2",""
"https://www.searchsarkarinaukri.com/jobs/aiims-delhi-aiims-delhi-2026--2146","job-listing","218","53d96a558c431a3e33191829305f7699d7f1c5587a28b0c181dff6b9d760db73",""
"https://www.searchsarkarinaukri.com/jobs/aiims-delhi-aiims-delhi-2026--2257","job-listing","218","8eb213f069914963bb46d54da6139b44f00db9d21a0a70a24246c2e044f17347",""
"https://www.searchsarkarinaukri.com/jobs/aiims-delhi-aiims-delhi-2026--2382","job-listing","218","188de2a847beedb0c59ab70d0de4aff0a10e9e1bd850a86c5e97a5d81865dc6e",""
"https://www.searchsarkarinaukri.com/jobs/aiims-delhi-aiims-delhi-2026--3210","job-listing","218","6466939c96cf1bd4d973fe1e214be76a3eb8cc7ee3b7d6fe9df6e6c31ccbfa7a",""
"https://www.searchsarkarinaukri.com/jobs/aiims-kalyani-project-research-scientist-i-recruitment-2026--4801","job-listing","243","bda220d1abb8fb66b779a8afd509b73c0ff3b371e7ba8437be10833852fb6fc5",""
"https://www.searchsarkarinaukri.com/jobs/aiims-norcet-11-nursing-officer-recruitment-2026-apply-online-for-2218-tentative-posts--3679","job-listing","440","ba449f655a2c27f9ba2f992110154a86d1c9bac33993855ff0c5aa66955fc991",""
"https://www.searchsarkarinaukri.com/jobs/aiims-norct-aiims-norct-2026--3591","job-listing","219","356e64df77f00f9f977756767c2b3699d8a9f707f27d27fb7fad5e67e96ac686",""
"https://www.searchsarkarinaukri.com/jobs/air-force-school-devlali-nashik-air-force-school-devlali-nashik-2026-2026--2209","job-listing","184","0e4fd0212a0c31bebe611671072903d162513dc4be16a10203fc508901e329d0",""
"https://www.searchsarkarinaukri.com/jobs/air-force-school-pune-afs-pune-recruitment-notification-air-force-school-pune-2026--2330","job-listing","207","07d2538304dd35d3704e597197363a952eb2705f34366bb89bb0c961401e6bc8",""
"https://www.searchsarkarinaukri.com/jobs/airports-authority-of-india-airports-authority-of-india-2026--2846","job-listing","347","d966c6eec6adca899dd44c925b4bf4bc9a3231a1fd55e22f0df49f045e8534fd",""
"https://www.searchsarkarinaukri.com/jobs/airports-authority-of-india-airports-authority-of-india-2026--3473","job-listing","309","4baa6b481a671c970636623369af2966eda96a4dde2565780aa212cd24dc370b",""
"https://www.searchsarkarinaukri.com/jobs/air-force-school-pune-air-force-school-pune-2026--2251","job-listing","236","586d51b18146c0452c4179a6a97049efa210734678198fd7a5247b27b86eb608",""
"https://www.searchsarkarinaukri.com/jobs/airports-authority-of-india-airports-authority-of-india-2026--3787","job-listing","309","62541edd3493163b139e6ecd3718c407597e3c295767ff74209ceda3b15ccb2e",""
"https://www.searchsarkarinaukri.com/jobs/airports-authority-of-india-airports-authority-of-india-2026--4383","job-listing","309","56ce772bcc32e0b024ca96f8a63d4fb52494771e2234859a42742e6368e56b3f",""
"https://www.searchsarkarinaukri.com/jobs/airports-authority-of-india-airports-authority-of-india-2026--4671","job-listing","309","aceba08c54dafd0137eb33c34b71e00e5830c428fafd509b8deefea2ee5c648b",""
"https://www.searchsarkarinaukri.com/jobs/airports-authority-of-india-airports-authority-of-india-2026--4529","job-listing","309","8c91aea6a4f5fa2b7f8e3f28ddecf76be4348515f0793898c413262d5287093d",""
"https://www.searchsarkarinaukri.com/jobs/airports-economic-regulatory-authority-of-india-airports-economic-regulatory-authority-of-india-2026--1898","job-listing","269","d192fb7249a962b7e4727829fdc02f29696f17ef6237c9eb8a9c69555adcbd5c",""
"https://www.searchsarkarinaukri.com/jobs/airports-economic-regulatory-authority-of-india-airports-economic-regulatory-authority-of-india-2026--3652","job-listing","269","193fece333eae4292725dbe27a61ec4e4ab2071f87f5eb347bd777b243cbfc25",""
"https://www.searchsarkarinaukri.com/jobs/airports-economic-regulatory-authority-of-india-airports-economic-regulatory-authority-of-india-2026--4262","job-listing","226","048ef59b3b0c5c8d94af4cffd1d91d3293e49bfe930ad2a27a95d3a60046f7b2",""
"https://www.searchsarkarinaukri.com/jobs/akola-mahanagarpalika-akola-mahanagarpalika-2026--4837","job-listing","214","2127c10d9a510ab0f159cf078ec5cad9a8386bb5e5a57f24561167f7bb70c0a9",""
"https://www.searchsarkarinaukri.com/jobs/akola-urban-cooperative-bank-recruitment-notification-akola-urban-cooperative-bank-2026--1778","job-listing","198","2e6fbd174e4a3ad8b4406c753b53cc319a8de64dfc9cadd08a7283f3520b1355",""
"https://www.searchsarkarinaukri.com/jobs/all-india-institute-of-medical-sciences-all-india-institute-of-medical-sciences-2026--3708","job-listing","218","ba82e7b026ba967e0652977f412d55eebcc811f75a3e5860217dddedf45777ba",""
"https://www.searchsarkarinaukri.com/jobs/all-india-institute-of-medical-sciences-nagpur-all-india-institute-of-medical-sciences-2026--1896","job-listing","357","08b75c2b5ef80e8b23a3dea9f671c3916dc11e262363bbb667cbdde1416782de",""
"https://www.searchsarkarinaukri.com/jobs/all-india-institute-of-medical-sciences-nagpur-all-india-institute-of-medical-sciences-2026--1961","job-listing","357","61107e09f2e1e884dda9f746e1fa12eeba6ae18ed94c3312876ea915d5d9e490",""
"https://www.searchsarkarinaukri.com/jobs/all-india-institute-of-medical-sciences-nagpur-all-india-institute-of-medical-sciences-2026--2264","job-listing","357","dda981caacb48a926d3ad964a2e2ca00717342aefa6891d8fa1dae6191fc51d6",""
"https://www.searchsarkarinaukri.com/jobs/all-india-institute-of-medical-sciences-nagpur-all-india-institute-of-medical-sciences-2026--2313","job-listing","357","8f04ed6926fa6f1fdcba39fc9ef7fe7f05d0461aa1683c24ee62b919d34cac91",""
"https://www.searchsarkarinaukri.com/jobs/all-india-institute-of-medical-sciences-nagpur-all-india-institute-of-medical-sciences-2026--2652","job-listing","357","04834665dc016a072ab13aa3a6b12215d0a193f6498e005684b086a0398eb80e",""
"https://www.searchsarkarinaukri.com/jobs/all-india-institute-of-medical-sciences-nagpur-all-india-institute-of-medical-sciences-2026--2936","job-listing","357","595cfb0b27eb3cefcbe4f7213d88e6182b19496fe98ed659e9f364f278effd51",""
"https://www.searchsarkarinaukri.com/jobs/all-india-institute-of-medical-sciences-nagpur-all-india-institute-of-medical-sciences-2026--3244","job-listing","357","b94ffd4b5040b5d19ace498c0269c68560068f602a2dbdd4975d2aab133c221f",""
"https://www.searchsarkarinaukri.com/jobs/all-india-institute-of-medical-sciences-nagpur-all-india-institute-of-medical-sciences-2026--3521","job-listing","357","9256a6a12ddcf659e3fd837ad8dd2a0385986672a7d73d7c125860b0af0019ae",""
"https://www.searchsarkarinaukri.com/jobs/all-india-institute-of-medical-sciences-nagpur-all-india-institute-of-medical-sciences-2026--3659","job-listing","357","f3713c3abe8ee8172bd5a614c1b26c0e1a6ffbc369efd31594e66fedb2d60b1a",""
"https://www.searchsarkarinaukri.com/jobs/all-india-institute-of-medical-sciences-nagpur-all-india-institute-of-medical-sciences-2026--4008","job-listing","357","52d994e79855f854d57895cb0e878145e1d3f04ca9fa5b558101e0e361e784bf",""
"https://www.searchsarkarinaukri.com/jobs/all-india-institute-of-medical-sciences-nagpur-all-india-institute-of-medical-sciences-2026--4323","job-listing","316","fd0dc19a7ea67a1fc2c716cb33cac5cf6a1da2aab4efa47e417abd0e197348e2",""
"https://www.searchsarkarinaukri.com/jobs/all-india-institute-of-medical-sciences-nagpur-all-india-institute-of-medical-sciences-2026--4433","job-listing","316","528fd8bfd7c5574bbd585f306124ccd02b4a7fe520272a6d2fb281bbfa1137fa",""
"https://www.searchsarkarinaukri.com/jobs/all-india-institute-of-medical-sciences-nagpur-all-india-institute-of-medical-sciences-2026--4534","job-listing","316","20ff3009f6db3dea1b191720fd7fb22e72b35353392243ffe69cfefe8fe55ad8",""
"https://www.searchsarkarinaukri.com/jobs/all-india-institute-of-medical-sciences-nagpur-all-india-institute-of-medical-sciences-2026--4584","job-listing","316","fc60cfe8d814bfda9d4d63b4decb8a44fda2e1244ced43a19ef9fd563bfae73d",""
"https://www.searchsarkarinaukri.com/jobs/all-india-institute-of-speech-and-hearing-clinical-psychologist-grade-ii-2026--2532","job-listing","244","daca195fdfd5feabca17fb00d58cc91c1a69eb1501332affe4a0f752770e868c",""
"https://www.searchsarkarinaukri.com/jobs/all-india-institute-of-speech-and-hearing-executive-assistant-grade-ii-2026--2529","job-listing","225","dedeac73fbc17be15c6fdf3bd560716c17be8d60beabc94141a77799aee0b756",""
"https://www.searchsarkarinaukri.com/jobs/all-india-institute-of-speech-and-hearing-multi-rehabilitation-worker-2026--2528","job-listing","333","1b75b6764b0f87f84d3ffcc9161d536ead8aafc382527950cbbc7ef6a848e5de",""
"https://www.searchsarkarinaukri.com/jobs/all-india-institute-of-speech-and-hearing-occupational-therapist-2026--2531","job-listing","331","d59b53e0020570510c1459d8040eaba8a104c19fb8e26c7025b55bfeae93cbe6",""
"https://www.searchsarkarinaukri.com/jobs/all-india-institute-of-speech-and-hearing-physiotherapist-2026--2530","job-listing","334","0436d30852dd8afce768eac348068893993177fd8e0a4d0b2089dd0f40e81b43",""
"https://www.searchsarkarinaukri.com/jobs/andaman-and-nicobar-administration-secretariat-recruitment-for-the-post-of-superintending-2026--3614","job-listing","126","759805f6dd514a227c2ef5afa90c10223d601ea45efe8ea0e82cf973c38f5c5a",""
"https://www.searchsarkarinaukri.com/jobs/andaman-nicobar-administration-booking-clerk-recruitment-2026-apply-online-for-1-post--3751","job-listing","226","cbcf99ec36a625d530aa8bf14d3e92df73f6d0b7f8d7ca400c8cf3eadd5be01a",""
"https://www.searchsarkarinaukri.com/jobs/andaman-nicobar-administration-computer-assistant-grade-i-recruitment-2026-apply-online-for-3-posts--3735","job-listing","243","cbaf0ab8837d6a105b34b84ad5537fa07e5fd0020e6d00e169744d5eedc537a7",""
"https://www.searchsarkarinaukri.com/jobs/andaman-nicobar-administration-craft-instructor-recruitment-2026-apply-online-for-3-posts--3757","job-listing","217","8948b93e5103e5287fa2e606a6b59d9e49bb557db964b6e4dede3e5b7b528e05",""
"https://www.searchsarkarinaukri.com/jobs/andaman-nicobar-administration-deputy-cook-recruitment-2026-apply-online-for-1-post--3756","job-listing","225","5f976d5c101c1fa2078199861827e6c0d6293b205dbe62a1a6fef1b3b9ca5778",""
"https://www.searchsarkarinaukri.com/jobs/andaman-nicobar-administration-driver-grade-ii-recruitment-2026-apply-online-for-15-posts--3748","job-listing","227","5f6057eeceb0707c32ea76e163c9feebb88c291af28f749b6b546d42b0bcc388",""
"https://www.searchsarkarinaukri.com/jobs/andaman-nicobar-administration-ferry-level-mazdoor-recruitment-2026-apply-online-for-7-posts--3750","job-listing","249","02b2187d3367d17317e8e170b13a9bfb7aa88b58c63e11f7005e006446520b72",""
"https://www.searchsarkarinaukri.com/jobs/andaman-nicobar-administration-field-assistant-recruitment-2026-apply-online-for-13-posts--3738","job-listing","231","5b9326bfcbebc070c411597a00132a98e1163eac7c150793017aef4ec2722309",""
"https://www.searchsarkarinaukri.com/jobs/andaman-nicobar-administration-fisheries-extension-worker-recruitment-2026-apply-online-for-2-posts--3741","job-listing","218","2e49129e8d34efb01b45bcd2f231786a682ff1b82a1b2fb9e375ddf6de287caa",""
"https://www.searchsarkarinaukri.com/jobs/andaman-nicobar-administration-follower-recruitment-2026-apply-online-for-36-posts--3733","job-listing","233","4ff03fd84b23a209653c8fcbfeea1c3e37910d111a0855874cc66c09b6129d57",""
"https://www.searchsarkarinaukri.com/jobs/andaman-nicobar-administration-food-assistant-recruitment-2026-apply-online-for-4-posts--3737","job-listing","222","73f33908d0d3675d1d892d6b79c5469519d8b6b1a1d9016b7cec1f42e9053e80",""
"https://www.searchsarkarinaukri.com/jobs/andaman-nicobar-administration-godown-keeper-recruitment-2026-apply-online-for-2-posts--3739","job-listing","227","6420ed610cce6759e5e1c2692b42ddc80e5019ae9fedea4df7b254ebb68aba60",""
"https://www.searchsarkarinaukri.com/jobs/andaman-nicobar-administration-gram-sevika-recruitment-2026-apply-online-for-12-posts--3746","job-listing","226","158937f1893faf57c67f06a6acb1942bb191e7c8962089f7f700750e8bf7483d",""
"https://www.searchsarkarinaukri.com/jobs/andaman-nicobar-administration-laboratory-assistant-recruitment-2026-apply-online-for-6-posts--3729","job-listing","289","48b23ccc11b9057e545986c017470e885ba4ebc1788a73bea2b1dd63b784fabf",""
"https://www.searchsarkarinaukri.com/jobs/andaman-nicobar-administration-library-assistant-recruitment-2026-apply-online-for-2-posts--3730","job-listing","237","37e0e4a7e182ec670797053430395ec1723dbd80d11acd585147bfa99463fa7e",""
"https://www.searchsarkarinaukri.com/jobs/andaman-nicobar-administration-laboratory-assistant-recruitment-2026-apply-online-for-9-posts--3740","job-listing","229","ab756555880ed245cc77572572d99f3da65c945ea7363f221e71de45f2e3210f",""
"https://www.searchsarkarinaukri.com/jobs/andaman-nicobar-administration-lineman-recruitment-2026-apply-online-for-2-posts--3744","job-listing","223","775f24d1834b5d1a92dfc491906b82f4d72b3a675e90e0a71217846d854273ab",""
"https://www.searchsarkarinaukri.com/jobs/andaman-nicobar-administration-lower-division-clerk-recruitment-2026-apply-online-for-5-posts--3731","job-listing","231","1b25ad746f8d63fde0b35a3c344d7f578f967c72d50119780028bb877ae12d74",""
"https://www.searchsarkarinaukri.com/jobs/andaman-nicobar-administration-lower-grade-record-keeper-recruitment-2026-apply-online-for-426-posts--3760","job-listing","260","aa1ef3a35ca1b5ba92781789a15f975824b2d965a22f268ed412555d2075327d",""
"https://www.searchsarkarinaukri.com/jobs/andaman-nicobar-administration-marine-radio-assistant-recruitment-2026-apply-online-for-4-posts--3749","job-listing","222","897e7e27017af34c20182eef3c8cbb779b0d6b4e388ea8c94eecf6e85abb3e2f",""
"https://www.searchsarkarinaukri.com/jobs/andaman-nicobar-administration-lower-grade-worker-recruitment-2026-apply-online-for-9-posts--3763","job-listing","231","3c1e88032fc1ae7ae66db9a032c43269bb6c5fe816496516c854227723cedd2f",""
"https://www.searchsarkarinaukri.com/jobs/andaman-nicobar-administration-marine-radio-operator-recruitment-2026-apply-online-for-23-posts--3759","job-listing","229","8b314d560003fedd3d59b639ac4dd080724dc56ad770c870f83621bd0072c8f6",""
"https://www.searchsarkarinaukri.com/jobs/andaman-nicobar-administration-multi-tasking-staff-recruitment-2026-apply-online-for-215-posts--3747","job-listing","239","351734b3086b4df40f4dac22097a08217259294b091b8298c08499e91656152c",""
"https://www.searchsarkarinaukri.com/jobs/andaman-nicobar-administration-mechanical-foreman-recruitment-2026-apply-online-for-1-post--3732","job-listing","219","adf5145d2232257d73a56ef3b30f19be7d77941a4b25761616fa1fd3881dd5d9",""
"https://www.searchsarkarinaukri.com/jobs/andaman-nicobar-administration-patwari-recruitment-2026-apply-online-for-8-posts--3736","job-listing","222","3cde57800720ad8f964bb846bacd188520dad6c202075be69cd421a522d6bb20",""
"https://www.searchsarkarinaukri.com/jobs/andaman-nicobar-administration-pay-level-4-assistant-recruitment-2026-apply-online-for-1-post--3762","job-listing","231","e6c97b09829b0a488d230b4f7bfb4915fa7dad54968c934809b3974a1e687231",""
"https://www.searchsarkarinaukri.com/jobs/andaman-nicobar-administration-plant-room-technician-recruitment-2026-apply-online-for-1-post--3742","job-listing","216","f8f6f0524e38eaa0db6ed4ff8db1253e8c83b9e6ff3d5d723d551375276f4b4f",""
"https://www.searchsarkarinaukri.com/jobs/andaman-nicobar-administration-pump-driver-recruitment-2026-apply-online-for-1-post--3743","job-listing","207","808b7db368460e18368f84bd07026596afd160d30222ceb528a0bc8edc252a2c",""
"https://www.searchsarkarinaukri.com/jobs/andaman-nicobar-administration-stenographer-grade-i-recruitment-2026-apply-online-for-3-posts--3734","job-listing","228","f4d05fa4e3766c39c9e8dbc435eab75c84b40e7eb1c9816baa49cd8246836037",""
"https://www.searchsarkarinaukri.com/jobs/andaman-nicobar-administration-stenographer-grade-i-recruitment-2026-apply-online-for-33-posts--3761","job-listing","235","6d993854befbd9db14bba7efc7352e38c3c7a1b30f6c5d41403fef96e1fc8060",""
"https://www.searchsarkarinaukri.com/jobs/andaman-nicobar-administration-sub-store-keeper-recruitment-2026-apply-online-for-8-posts--3752","job-listing","227","554b411cb5af19f58be08e09de2eb1ed7b007137bd14f0dc637413c2da436ad1",""
"https://www.searchsarkarinaukri.com/jobs/andaman-nicobar-administration-sweeper-recruitment-2026-apply-online-for-1-post--3764","job-listing","222","17fca2b99fae55894cfcf2819858762f6c4bdf67a2a767f8f7465e91031da2bc",""
"https://www.searchsarkarinaukri.com/jobs/andaman-nicobar-administration-tally-clerk-recruitment-2026-apply-online-for-7-posts--3758","job-listing","232","162b4dc8a94e4145bc36ac2977acdb75de5116bc7b77d3ff747c2c5381e34d74",""
"https://www.searchsarkarinaukri.com/jobs/andaman-nicobar-administration-typist-cum-weigher-recruitment-2026-apply-online-for-3-posts--3755","job-listing","241","ed697854aa963af91c37206c14bd74163352828f2ae585928bc7faf389a81753",""
"https://www.searchsarkarinaukri.com/jobs/andaman-nicobar-administration-village-level-worker-recruitment-2026-apply-online-for-18-posts--3745","job-listing","237","b5af635d1ca969ab9c6cdaebf366f01cbc9cfb2aa24a0debcfdf5c32140a9b76",""
"https://www.searchsarkarinaukri.com/jobs/andaman-nicobar-administration-visitor-recruitment-2026-apply-online-for-1-post--3754","job-listing","222","87770f14ba795a80e0356528817f93fe6aba6a1374e7c3056d96f101ce3cc7e6",""
"https://www.searchsarkarinaukri.com/jobs/andaman-nicobar-administration-weighman-recruitment-2026-apply-online-for-3-posts--3753","job-listing","220","b0a0ad31a39bfe481ec04389e7519591e499c72c3efe54ff1f8d3c48a8a80903",""
"https://www.searchsarkarinaukri.com/jobs/anganwadi-ahilyanagar-anganwadi-ahilyanagar-2026--2748","job-listing","212","fd77134ae599eda53f6fef3a94cb92ad6990991c2e3cccb919bf094a85ca6012",""
"https://www.searchsarkarinaukri.com/jobs/anganwadi-ahilyanagar-anganwadi-ahilyanagar-2026--2891","job-listing","212","5f46952fd7dcc4e42f1dec759195fe3d34f65f61bc9e7be2e6e62bc1959a95f5",""
"https://www.searchsarkarinaukri.com/jobs/anganwadi-ahilyanagar-anganwadi-ahilyanagar-2026--3717","job-listing","212","0ee86abd8fc62f9b6829ca68fe1079a79193547c2822595fa93f6eee49f20327",""
"https://www.searchsarkarinaukri.com/jobs/animal-welfare-board-of-india-mo-fisheries-animal-husbandry-dairying-recruitment-for-the-post-of-ste--1660","job-listing","167","6704bdd0e7f9bedfef5549a7794b642b460c43f63f1c6a21012c604e074ffb5e",""
"https://www.searchsarkarinaukri.com/jobs/anganwadi-ahilyanagar-anganwadi-ahilyanagar-2026--2932","job-listing","212","675eaf23ad97e6a16f1e3efee2bead6971c4df43d767bc95f4c46929b5f7832b",""
"https://www.searchsarkarinaukri.com/jobs/anjuman-college-of-engineering-and-technology-anjuman-college-of-engineering-and-technology-2026--1947","job-listing","242","0975597c5a815a8c97557e306f8a95a584e012a46788313dd8e6d7e3872a7e2f",""
"https://www.searchsarkarinaukri.com/jobs/ap-mahesh-bank-assistant-general-manager-senior-manager-manager-recruitment-2026-legal-department--4298","job-listing","277","bcd01099b1c328f7f14e0b6d6d79e7fe0d7556855ff4d32a846648008d833201",""
"https://www.searchsarkarinaukri.com/jobs/ankurgeca-ankurgeca-2026--2303","job-listing","214","7f15211267608692cc042a0b5ce88796021e618fb23f8b5fd777140ed0296c05",""
"https://www.searchsarkarinaukri.com/jobs/ap-mahesh-bank-officer-recruitment-2026-legal-department-2-posts--4299","job-listing","272","4c6d42bc54541709826d7110255a1840e3192e5ffe30e3cfc83473ad3c7f6d2a",""
"https://www.searchsarkarinaukri.com/jobs/apcob-apcob-2026--3781","job-listing","221","ac16b0087ab8b64fd7a8349ec1db13bb25f49611c852295b3fdc6abd23d7c392",""
"https://www.searchsarkarinaukri.com/jobs/apcob-staff-assistant-recruitment-2026-apply-online-for-295-posts--4188","job-listing","206","6c0fb8bc68c73e875f84e549d91411d231d0554f0f8bf08b5396b439cd5e3017",""
"https://www.searchsarkarinaukri.com/jobs/apcob-assistant-manager-recruitment-2026-apply-online-for-43-posts--4187","job-listing","231","24f8d49505b22bb41146538ea6e3f13a0dc6d310ffbcf5d90a739f7d2fbf737e",""
"https://www.searchsarkarinaukri.com/jobs/ari-pune-ari-pune-2026--1930","job-listing","238","e2677759102355098a7ca26c9d7d5ec96cbd92d046c7efb8787db45d947630a6",""
"https://www.searchsarkarinaukri.com/jobs/ari-pune-ari-pune-2026--2023","job-listing","238","f2a2537cc619f2aadc0846c0507c9036e0b4efa18927d4753ad27f6a46ce9b6a",""
"https://www.searchsarkarinaukri.com/jobs/ari-pune-ari-pune-2026--2234","job-listing","238","442dadfaa04b36a74c457c7526a92cc6823572a96a791fc66198f83f12f8e0d1",""
"https://www.searchsarkarinaukri.com/jobs/ari-pune-ari-pune-2026--2158","job-listing","238","84942205f83a00bdddf8d526994431727262a7269e533827c7121a7e0572aa0f",""
"https://www.searchsarkarinaukri.com/jobs/armament-research-development-establishment-arde-job-openings-at-armament-research-2026--3706","job-listing","183","f94fa7e279ba8591f48488341d028c11b5a839d6bf03b4434b6e585da692daf5",""
"https://www.searchsarkarinaukri.com/jobs/ari-pune-ari-pune-2026--3077","job-listing","238","10fa18a983b76456908a8ea0bd68d0097dc204cc6721f8ebc3d9aad61f8da414",""
"https://www.searchsarkarinaukri.com/jobs/army-institute-of-technology-pune-army-institute-of-technology-pune-2026--2749","job-listing","255","6a018d3113a49ec622899991b132f1dbe2c6a6652451efd3d93a50264e5af9dd",""
"https://www.searchsarkarinaukri.com/jobs/army-army-2026--1112","job-listing","253","23661289486b133d9e4ae3929bbb3a24c2ffa61be5fb38798ac42f2ec7fdbf91",""
"https://www.searchsarkarinaukri.com/jobs/army-institute-of-technology-pune-army-institute-of-technology-pune-2026--3469","job-listing","255","f49962a43d05dd3fd92fda783c50e782dd0962b4b4f59a5d5f543d0f5324b5be",""
"https://www.searchsarkarinaukri.com/jobs/army-institute-of-technology-pune-army-institute-of-technology-pune-2026--1855","job-listing","253","ccbde5dbf9dd0f89c3445b1e82bc22b057b65a3ca634106bb6c494a799ef1fe6",""
"https://www.searchsarkarinaukri.com/jobs/army-law-college-pune-alc-pune-army-law-college-pune-alc-pune-2026--3707","job-listing","223","e5482d948808461252f83ee5b513b520ea55aa70f3ff1c94674a287c7dccfe6c",""
"https://www.searchsarkarinaukri.com/jobs/army-law-college-pune-army-law-college-pune-2026--3593","job-listing","242","9e384dd600e473fc2637a88ec2b3240ffe4380f932fff1614fbab44e4586f795",""
"https://www.searchsarkarinaukri.com/jobs/army-law-college-pune-army-law-college-pune-2026--3358","job-listing","238","2859ed9f6f843169091504f957cefd54210eaf35489c6a3f9c74d76ae935c5ae",""
"https://www.searchsarkarinaukri.com/jobs/army-law-college-pune-army-law-college-pune-2026--2279","job-listing","242","76e56698a55a748fc4a1b9059913235aca845efb33c62e64d0a5107a110b2cf1",""
"https://www.searchsarkarinaukri.com/jobs/army-public-school-kamptee-army-public-school-kamptee-2026--2668","job-listing","236","c56fcabf4599c81e9808ba44854d79515cf9b815cdf95cd3443d9831e6de0941",""
"https://www.searchsarkarinaukri.com/jobs/army-public-school-ahilyanagar-army-public-school-ahilyanagar-2026--2187","job-listing","228","a0e2bbb183c611a252e16c274922c060a8ec3eb437ec5c267b02c837be943781",""
"https://www.searchsarkarinaukri.com/jobs/army-ordnance-corps-army-ordnance-corps-2026--4256","job-listing","201","4142c4e7368c0e972f144a2dd2235ffd30e9eda35dbe0b82c064988aa222f490",""
"https://www.searchsarkarinaukri.com/jobs/army-public-school-kamptee-army-public-school-kamptee-2026-recruitment-2026--2686","job-listing","211","0312ba818c3146242add9aa9b87b72ee5d2872ebafb631e50f7c9c5ed6fe4baf",""
"https://www.searchsarkarinaukri.com/jobs/arogya-vibhag-nashik-arogya-vibhag-nashik-2026--1909","job-listing","237","4919687ae3cdc7b4c35091c419942f3f60273d8f1b6907f4e4d87fdd2f572441",""
"https://www.searchsarkarinaukri.com/jobs/army-tgc-144-army-tgc-144-2026--1825","job-listing","222","f7f0188dcfc084a5c67c13f24eb0a9edca5204e5490f4c36982b4d19b4ad33c5",""
"https://www.searchsarkarinaukri.com/jobs/arogya-vibhag-akola-arogya-vibhag-akola-2026--2927","job-listing","248","819387548cbf53843edec8de96e6d2a3e5488fb474b11d609b76ac79f1295013",""
"https://www.searchsarkarinaukri.com/jobs/arogya-vibhag-pune-arogya-vibhag-pune-2026--3307","job-listing","234","a38ddccbe4822a0783a02949c083d0983b0fb47ca3ad06c4d153a122be44f394",""
"https://www.searchsarkarinaukri.com/jobs/arogya-vibhag-zilla-parishad-hingoli-job-openings-at-arogya-vibhag-zilla-2026--3206","job-listing","219","689d7570b90a14b3a7bfdec238b4b829c11df651111ac023751f230a34932f7b",""
"https://www.searchsarkarinaukri.com/jobs/arogya-vibhag-zilla-parishad-sindhudurg-recruitment-notification-arogya-vibhag-zilla-parishad-2026--2573","job-listing","202","e13648d1477523bfe74ea76d55460ebfd1b0982d3adeefffdbb21d6cc5546ff1",""
"https://www.searchsarkarinaukri.com/jobs/art-academy-goa-art-academy-goa-2026--1979","job-listing","222","65bfc91217b20cd0f2385638a62eff01a6f9fac7f1448945ca3d8d6a722713e1",""
"https://www.searchsarkarinaukri.com/jobs/artificial-limb-centre-pune-artificial-limb-centre-pune-2026--1894","job-listing","250","210999da4240e5a4a96423f7f6cdbff90db0ead0dfaf9d21bffce910531febcb",""
"https://www.searchsarkarinaukri.com/jobs/assistant-commissioner-social-welfare-gadchiroli-apply-for-5-higher-primary-and-2026--2973","job-listing","227","4f7c317198cebfe1e6d6bb48f30c1e42b0598a577d90405f074ab554e69079e2",""
"https://www.searchsarkarinaukri.com/jobs/asrb-asrb-2026--1886","job-listing","214","3b15f00cef9241e46f30c93a6125303cd49cba564f70d9452193c70737e841a5",""
"https://www.searchsarkarinaukri.com/jobs/assistant-executive-engineer-recruitment-2026--3094","job-listing","244","2bf89f1544da021efd49bc9de15ff66d52e44d9e0fcca540608a237905ae9ccf",""
"https://www.searchsarkarinaukri.com/jobs/assistant-librarian-recruitment-2026--3061","job-listing","202","cc6882f2a023a180e321b83a816895f5765384dfcb7cdd97ae03cb78ac2354d3",""
"https://www.searchsarkarinaukri.com/jobs/assistant-registrar-recruitment-2026--3054","job-listing","218","0c31ba0299560ee63836b102f0c6ab3618c9c80cc010fbb5565d9fccd841d16c",""
"https://www.searchsarkarinaukri.com/jobs/assistant-master-am-recruitment-2026--4490","job-listing","248","d8f35f2d2767722d76c232234fd8d25d81c5192ea166d14e5f16771291c21e0e",""
"https://www.searchsarkarinaukri.com/jobs/assistant-soil-chemist-recruitment-2026--3041","job-listing","332","3a622e86586efe7ecbe91817bfed7c7a3ce72913caa3970a01692042136210db",""
"https://www.searchsarkarinaukri.com/jobs/aurangabad-high-court-aurangabad-high-court-2026--4723","job-listing","253","d8ad1a18af18b0b7c30739a39d602d5edb1a47c9d3cc3b8546375e8e4e1bdf7a",""
"https://www.searchsarkarinaukri.com/jobs/avnl-additional-general-manager-recruitment-2026--3012","job-listing","207","72935027d0eb91db3c7c150caac9e03685a9ff3a189aa0d92b1de287874a29aa",""
"https://www.searchsarkarinaukri.com/jobs/aurangabad-high-court-aurangabad-high-court-2026--4877","job-listing","254","31fba0c39c630522679394a35d83f3b1b8d59c20c9daa3a9e2ec4f9577f0ac97",""
"https://www.searchsarkarinaukri.com/jobs/avnl-assistant-manager-recruitment-2026--3008","job-listing","185","834c309e86a9073ec629c11a77a84eb682420822fdbdf81b2486bf8bd0b0b375",""
"https://www.searchsarkarinaukri.com/jobs/avnl-avnl-2026--2259","job-listing","223","f9d333e69c0a56d4d89e5ccbce44b4bf588e64b9cf10419de697624d042f4dbb",""
"https://www.searchsarkarinaukri.com/jobs/avnl-avnl-2026--3032","job-listing","223","d61faa9a41793b67112e2c8132bf05836fb9d0723d35eff47ac4a2abcd5b090c",""
"https://www.searchsarkarinaukri.com/jobs/avnl-consultant-recruitment-2026--3013","job-listing","236","6864c20c733105fbca8a8126860b9cd8f448220f5a446cc08edc6ac4b1460dea",""
"https://www.searchsarkarinaukri.com/jobs/avnl-deputy-general-manager-recruitment-2026--3011","job-listing","204","50ee5ca0572d3a997f6854457658c15c9173c05fda79f57d550a62f55b0b7711",""
"https://www.searchsarkarinaukri.com/jobs/avnl-deputy-manager-recruitment-2026--3009","job-listing","214","6becd87a327c7e5500a9cbdd18553fef31d543b57265d9780e6cd336e9d63a6b",""
"https://www.searchsarkarinaukri.com/jobs/avnl-junior-manager-recruitment-2026--3007","job-listing","194","b50ea3fcdf21621fa3938b0309df19dc0eff2439e46e3792b52a3d5b1f53a1ee",""
"https://www.searchsarkarinaukri.com/jobs/avnl-mtpf-ex-iti-apprentice-fitter-recruitment-2026--4928","job-listing","248","159397042011726bd218817896a62ff3e7ce247e88ee0a6ba8bc5906191f1c69",""
"https://www.searchsarkarinaukri.com/jobs/avnl-junior-technician-recruitment-2026--3006","job-listing","227","29ccdc112c52e64c6dd592a9c8e1d20ae2bd95d9b46b22d44cab6500777393aa",""
"https://www.searchsarkarinaukri.com/jobs/avnl-mtpf-non-iti-apprentice-fitter-recruitment-2026--4924","job-listing","261","33c07379375e963d7ffddc44e8f4ddd6a89eab9ca791b160fb64eb15a3fe248d",""
"https://www.searchsarkarinaukri.com/jobs/avnl-mtpf-non-iti-apprentice-machinist-recruitment-2026--4926","job-listing","250","6fbcda758533652d38a36516dc7c91bd89a9e5c510c707c8eb9575a16edd0572",""
"https://www.searchsarkarinaukri.com/jobs/avnl-mtpf-non-iti-apprentice-mmtm-recruitment-2026--4927","job-listing","242","28bcb400842d2b2f079dbd5e0e49f2f361dde0aeaf85dd905cba963e969a21ce",""
"https://www.searchsarkarinaukri.com/jobs/avnl-mtpf-non-iti-apprentice-turner-recruitment-2026--4925","job-listing","244","db19469301e9ddae6a6c22dfa3dd51568955fcba2abb7271d69fb6208be61287",""
"https://www.searchsarkarinaukri.com/jobs/avnl-senior-manager-recruitment-2026--3010","job-listing","227","da49d2077ad5f96f945d5f23911e8deb54bd8edbc965daa74a887d6efe6dbaed",""
"https://www.searchsarkarinaukri.com/jobs/aweil-executive-finance-recruitment-2026-apply-offline-for-9-posts--4117","job-listing","260","ec12dd1a81599dfe247bb80773a1dce5a0942b722658eb3e0990defcce500dfe",""
"https://www.searchsarkarinaukri.com/jobs/aweil-junior-executive-finance-trainee-recruitment-2026-apply-offline-for-6-posts--4119","job-listing","232","8351117b50515f64b9cb02d6513f7a9d8ea318f7bd4a7c67e9976589790013cd",""
"https://www.searchsarkarinaukri.com/jobs/aweil-executive-finance-trainee-recruitment-2026-apply-offline-for-3-posts--4118","job-listing","200","b97ed59d59750e629cb7a8c97dbfb660214c2e140a909b2bf433d60807721fb5",""
"https://www.searchsarkarinaukri.com/jobs/ayushman-bharat-digital-mission-mumbai-abdm-mumbai-ayushman-bharat-digital-mission-mumbai-abdm-2026--4606","job-listing","249","4024cb0171e0e2da5d27f0d64a7dc089729f113b1ca6be5fbc795450ff0d38e6",""
"https://www.searchsarkarinaukri.com/jobs/bal-vikas-prakalp-ahilyanagar-integrated-child-development-services-scheme-project-bal-vikas-prakalp--2782","job-listing","209","e965a21b5c74178d5280bdb9784257becd18021b59d4bf9fb041280d8e954606",""
"https://www.searchsarkarinaukri.com/jobs/bal-vikas-prakalp-ahilyanagar-integrated-child-development-services-scheme-project-bal-vikas-prakalp--2974","job-listing","213","d09fa47eb30938f99ff3c77bc6c476edccd4b9fd2f29385b520a1451fcb8f7c0",""
"https://www.searchsarkarinaukri.com/jobs/bal-vikas-prakalp-ahilyanagar-integrated-child-development-services-scheme-project-bal-vikas-prakalp--2963","job-listing","213","ee88f8dc5b12a9390d56ad5a6ab0d2d2e3d14cedbd75a35cd5387b1978bb6a43",""
"https://www.searchsarkarinaukri.com/jobs/bal-vikas-prakalp-ahilyanagar-integrated-child-development-services-scheme-project-bal-vikas-prakalp--3838","job-listing","209","83afccb3d8eb785030f89084ac4c83483759fa3ba3c63dab0ecde8b57857d002",""
"https://www.searchsarkarinaukri.com/jobs/bal-vikas-prakalp-mumbai-bal-vikas-prakalp-mumbai-2026--3251","job-listing","274","d36a785fe02b923a7f962b43c355870d6b44e2bd4369bbb698a284498e8e6925",""
"https://www.searchsarkarinaukri.com/jobs/bal-vikas-prakalp-mumbai-bal-vikas-prakalp-mumbai-2026--3901","job-listing","274","4964fa6950970b75490b4d56e23985c7584c0b6dd3c5fe25f2d377e416aa82a5",""
"https://www.searchsarkarinaukri.com/jobs/bal-vikas-prakalp-mumbai-bal-vikas-prakalp-mumbai-2026--4716","job-listing","231","6ab88306701a49f6cff7eee6405c3c2a2aa1d673bda2973bd46329c78bf9c45f",""
"https://www.searchsarkarinaukri.com/jobs/bal-vikas-prakalp-nashik-integrated-child-development-services-scheme-project-nashik-bal-vikas-praka--3394","job-listing","231","0bfca25ebe4cc7e6d4b5438beb404380fe6eec4f4390b50b440ae40371dfab43",""
"https://www.searchsarkarinaukri.com/jobs/balmer-lawrie-and-company-limited-assistant-manager-a-and-f-2026--1604","job-listing","179","10e46a04742bec573c566d6c2d7d574dc827633f6cb2296df44a9bce8187d1ea",""
"https://www.searchsarkarinaukri.com/jobs/balmer-lawrie-and-company-limited-assistant-manager-commercial-2026--1313","job-listing","201","ab70f474613c8c53ea5e894cdff84544f28d3c303f9668fb9d17d29e19b0fb7e",""
"https://www.searchsarkarinaukri.com/jobs/balmer-lawrie-and-company-limited-assistant-manager-commercial-2026--1601","job-listing","201","82d845b3d9faa8e4a89404d717d8368a107bcf119c171338f1ed910d83bfc9a9",""
"https://www.searchsarkarinaukri.com/jobs/balmer-lawrie-and-company-limited-assistant-manager-fico-functional-2026--1312","job-listing","212","84506cae6a80819ec9040bbc6d508afe7481cfa848f371e31b1a8b6fd7b4c958",""
"https://www.searchsarkarinaukri.com/jobs/balmer-lawrie-and-company-limited-assistant-manager-mice-govt-and-psu-2026--1615","job-listing","207","90f80d05cabbfb13c9c61d48823c639e4222b0562f4f640a8d934fd4dddaa2ec",""
"https://www.searchsarkarinaukri.com/jobs/balmer-lawrie-and-company-limited-assistant-manager-sales-and-marketing-2026--1310","job-listing","214","bfce613ee041394f746cc48fabb378ea70b447402a9f84b3bcaa8be6253a5408",""
"https://www.searchsarkarinaukri.com/jobs/balmer-lawrie-and-company-limited-assistant-manager-sales-private-2026--1616","job-listing","230","92a616761c6fce2d87b0c84234467218fa180e5da3aa5d85b4f4e57958174f7c",""
"https://www.searchsarkarinaukri.com/jobs/balmer-lawrie-and-company-limited-assistant-manager-travel-2026--1599","job-listing","201","d13f20694a3c9b3f110251210f32b4918f14a9f53b60f4a6ebada1e0b7b2c5a2",""
"https://www.searchsarkarinaukri.com/jobs/balmer-lawrie-and-company-limited-chief-operating-officer-travel-and-vacations-2026--1294","job-listing","225","96c063e1045a567a6646bd5bdad2eacd194181553980f5e5127f0dc5a14ad518",""
"https://www.searchsarkarinaukri.com/jobs/balmer-lawrie-and-company-limited-chief-technology-officer-travel-and-vacations-2026--1293","job-listing","213","d1f3e131a8e5fa6e77f5acee55eb9d03579943a90a15baab84233fcb2c88323c",""
"https://www.searchsarkarinaukri.com/jobs/balmer-lawrie-and-company-limited-deputy-manager-hr-2026--1322","job-listing","199","573c5fc2f6386b475ce4a5818b5bbc27e822dbc8a4a263573a0c0446b1f5edac",""
"https://www.searchsarkarinaukri.com/jobs/balmer-lawrie-and-company-limited-deputy-manager-marketing-2026--1317","job-listing","207","9b91486d1a2d2346d317b62a5898b26475418f7d2bd38d6c68610bc4ec5ddb71",""
"https://www.searchsarkarinaukri.com/jobs/balmer-lawrie-and-company-limited-deputy-manager-key-account-manager-2026--1605","job-listing","199","b1be33469e1e8770053f6cf97536a0a642752b9a6709b4076a7bb957df885adf",""
"https://www.searchsarkarinaukri.com/jobs/balmer-lawrie-and-company-limited-executive-trainee-2026--1554","job-listing","178","c094d95adbf5a2477865efb65dc461f5fcb531702762a664ba3b130d6c843854",""
"https://www.searchsarkarinaukri.com/jobs/balmer-lawrie-and-company-limited-junior-officer-accounts-and-finance-2026--1299","job-listing","205","5e3a8633f2f41086bbabd005eb771fe68c915fbb68d20c37b163d6eee727d1a0",""
"https://www.searchsarkarinaukri.com/jobs/balmer-lawrie-and-company-limited-junior-officer-collections-2026--1609","job-listing","195","7cd2e036289fb966c893cfb86bd8cadc51cb0d5ac1b2ce92724c3d2be736ffcc",""
"https://www.searchsarkarinaukri.com/jobs/balmer-lawrie-and-company-limited-junior-officer-electrical-and-maintenance-2026--1295","job-listing","212","6622e9f5dd1c9ac0c135b1f1cd9bd7fd7c807dffb8df9bb3d86aa59ed4904453",""
"https://www.searchsarkarinaukri.com/jobs/balmer-lawrie-and-company-limited-junior-officer-or-officer-commercial-2026--1627","job-listing","199","33ddcc4fa8f54c119d5e36cede3c5fa220054bd934a848be38af621cc2cfa54c",""
"https://www.searchsarkarinaukri.com/jobs/balmer-lawrie-and-company-limited-manager-creative-and-design-2026--1612","job-listing","197","8527677ce0160bab47a95cb83ebe8fe29bcafaf4ef1196c3d5c74cd219c8fc91",""
"https://www.searchsarkarinaukri.com/jobs/balmer-lawrie-and-company-limited-manager-s-and-m-private-customer-2026--1607","job-listing","187","78e3548f531efe54309f592459d0829192e0f1734a8d0fec2963a50ec23f295a",""
"https://www.searchsarkarinaukri.com/jobs/balmer-lawrie-and-company-limited-manager-key-account-manager-2026--1606","job-listing","203","0a9e9dfce81eb37f97a3703b220f9e21130f89cfcde1930eb24a7bfbb11370f2",""
"https://www.searchsarkarinaukri.com/jobs/balmer-lawrie-and-company-limited-officer-commercial-2026--1309","job-listing","205","2f7b73d146e57561f367ab811d32dfd9a1556b0c1ca55b69ff02dc616d91f8bd",""
"https://www.searchsarkarinaukri.com/jobs/balmer-lawrie-and-company-limited-officer-commercial-2026--1602","job-listing","193","96ef21adf332041c911f60fce8f5b5e13db8acd0701811aa3a1a3a146c55c893",""
"https://www.searchsarkarinaukri.com/jobs/balmer-lawrie-and-company-limited-officer-it-2026--1608","job-listing","193","893fc9fb501cb4419d2c13dab2b1da577be4cdd7d4e2e53abe586d2751c74e63",""
"https://www.searchsarkarinaukri.com/jobs/balmer-lawrie-and-company-limited-officer-commerical-corporate-2026--1613","job-listing","195","cedacf4373c235eda7653b2d247d8805c0313eb4aa321682b00c2d7b9e962add",""
"https://www.searchsarkarinaukri.com/jobs/balmer-lawrie-and-company-limited-officer-mice-operations-2026--1614","job-listing","195","b6ac1cda0194815b853324885160589d189236bc77fe19ff93a06590aa344a71",""
"https://www.searchsarkarinaukri.com/jobs/balmer-lawrie-and-company-limited-officer-sales-and-marketing-2026--1304","job-listing","192","258bd5ba614723c01c014a23e2441367d2770ce6cb04cbc407a34ef31d62bfff",""
"https://www.searchsarkarinaukri.com/jobs/balmer-lawrie-and-company-limited-officer-travel-2026--1598","job-listing","193","28806404c05a1c1376217a186e67549f240ca948696c747e81f3f5c5a51ec96a",""
"https://www.searchsarkarinaukri.com/jobs/balmer-lawrie-and-company-limited-officer-ticketing-mice-2026--1597","job-listing","195","0cd7ebc92a0923dc0711464cf3c9026797f457fe0b7724da5533d58124657966",""
"https://www.searchsarkarinaukri.com/jobs/balmer-lawrie-and-company-limited-officer-travel-chartered-2026--1603","job-listing","175","16693a11ffb5c41906d0a9d5674196089c8a181cc26fdc5ebad900351adb88be",""
"https://www.searchsarkarinaukri.com/jobs/balmer-lawrie-company-balmer-lawrie-company-2026--1748","job-listing","223","93d5d6784388633b5b491ae99c6da08b44b252ffa96752374cd9b3525017b459",""
"https://www.searchsarkarinaukri.com/jobs/bamu-aurangabad-bamu-aurangabad-2026--1759","job-listing","235","47e5349a1327da5ac261afa642fcf4ea59e70e2ba701a90e6b875fa6e00ac707",""
"https://www.searchsarkarinaukri.com/jobs/bank-of-baroda-bank-of-baroda-2026--2056","job-listing","264","e4d0f8ec2ac52cfa58c7da4f322ccab07d74c1000ec61f4962053d18d47ce9c3",""
"https://www.searchsarkarinaukri.com/jobs/bamu-aurangabad-bamu-aurangabad-2026--2533","job-listing","235","fd0de541fa3d1844a31da90109ab8b65e32b24e83ae99411361a7fa06b3aa4c1",""
"https://www.searchsarkarinaukri.com/jobs/bank-of-baroda-bank-of-baroda-2026--2436","job-listing","264","f9ad673c846ba7a3bee8b8ef39c8856261821bb2633d91fd6774602229728d15",""
"https://www.searchsarkarinaukri.com/jobs/bank-of-baroda-bank-of-baroda-2026--2457","job-listing","264","cb7860bb16a4ed490307bbbb6433bbe271c8f566e4a5ca5fc9d5d56222f4f619",""
"https://www.searchsarkarinaukri.com/jobs/bank-of-baroda-bank-of-baroda-2026--2507","job-listing","264","042aeaa6baf42b459ca252ef67b866751579b599e58dd7e3d52a85c03a952c3e",""
"https://www.searchsarkarinaukri.com/jobs/bank-of-baroda-bank-of-baroda-2026--3079","job-listing","264","cd1455accdd06c885d6f473b421a45441b8b826e88ab6caaa61cee02b0d8f49b",""
"https://www.searchsarkarinaukri.com/jobs/bank-of-baroda-bank-of-baroda-2026--3215","job-listing","264","8ad6c044a29b3d552af204dced1598db2060385094658a55f4bd6b7601db5c64",""
"https://www.searchsarkarinaukri.com/jobs/bank-of-baroda-bank-of-baroda-2026--4220","job-listing","228","080fb26ee68e8d36ffb7eb816e45217b97f8b4523327b4dcb95b5a56c0eb4cd3",""
"https://www.searchsarkarinaukri.com/jobs/bank-of-baroda-bob-recruitment-notification-bank-of-baroda-bob-2026--4194","job-listing","262","61e6fc547367aa6238ef0b414859410ee85e83bbd4a78ba7b11fa472c95b2557",""
"https://www.searchsarkarinaukri.com/jobs/bank-of-baroda-bank-of-baroda-2026--4727","job-listing","229","5af744db2f267d06ddb56744f96125f926786f3584634c06e8524b249f6f6396",""
"https://www.searchsarkarinaukri.com/jobs/bank-of-baroda-bank-of-baroda-2026-recruitment-drive-2026--2120","job-listing","250","b95fc211f71e26fbd5d0cec3b4ef4b0511a979d579d82124b56092632c431d9c",""
"https://www.searchsarkarinaukri.com/jobs/bank-of-baroda-chief-manager-data-scientist-recruitment-2026--4642","job-listing","267","6532196422cd7cc8267b0d3bf0ab791b1641dee743d737eb590a4a1768b90246",""
"https://www.searchsarkarinaukri.com/jobs/bank-of-baroda-chief-manager-investor-relations-recruitment-2026--4651","job-listing","212","70945f4f56eecede4e1f986f3d1afa17577bd72db94d15398da6784813098bcd",""
"https://www.searchsarkarinaukri.com/jobs/bank-of-baroda-chief-manager-data-scientist-recruitment-2026-apply-online-for-1-post--4173","job-listing","266","5f124abbe8984f30857fed8a1931459a19c5b6914003da842791f80407dbb879",""
"https://www.searchsarkarinaukri.com/jobs/bank-of-baroda-chief-manager-investor-relations-recruitment-2026-apply-online-for-1-post--4182","job-listing","274","aec5091e96e86fc1b8d7be63a9ad3a014edd560a2a73b361de99543721ab5508",""
"https://www.searchsarkarinaukri.com/jobs/bank-of-baroda-manager-accounts-recruitment-2026--4648","job-listing","212","d2c50a268720b4d0dc01c5cf49c83450ac2d5dc5ef72ca2f82f89360a3b48f04",""
"https://www.searchsarkarinaukri.com/jobs/bank-of-baroda-manager-digital-product-recruitment-2026--4630","job-listing","247","968ef3905ab91fb2eaf9ffdc9db4ac912c2fa9be1b0b393c1cca7fdc53e55872",""
"https://www.searchsarkarinaukri.com/jobs/bank-of-baroda-manager-accounts-recruitment-2026-apply-online-for-5-posts--4179","job-listing","225","f64af00918b0224ef0e0dfc5394faec8edb7312e68d19e739502a92c8226f446",""
"https://www.searchsarkarinaukri.com/jobs/bank-of-baroda-manager-digital-product-recruitment-2026-apply-online-for-13-posts--4161","job-listing","260","7a5be180116f005ce1b5a38ffb2c0655e973c9a0557742e4f6aae9ff829fab6c",""
"https://www.searchsarkarinaukri.com/jobs/bank-of-baroda-manager-information-security-recruitment-2026--4639","job-listing","263","f25717fc6dbb691b7d360a4b39cd832ff0bb5e25e5da600c42304a2f4562b1e9",""
"https://www.searchsarkarinaukri.com/jobs/bank-of-baroda-manager-security-recruitment-2026--4641","job-listing","258","492c3662a6fcbad84e9ebf15035cf44f02cd254225013f003a588b7a3b5ca704",""
"https://www.searchsarkarinaukri.com/jobs/bank-of-baroda-manager-information-security-recruitment-2026-apply-online-for-13-posts--4170","job-listing","251","61e35e3205340bb2ed6644a1aa9e14ac765e9ce1d08f7755d9301c02fce3b00c",""
"https://www.searchsarkarinaukri.com/jobs/bank-of-baroda-manager-security-recruitment-2026-apply-online-for-54-posts--4172","job-listing","271","e7cb706acbba7e73ddf0b5ad670fae7abc752f7e4da0c6b3e1fc3cec87877336",""
"https://www.searchsarkarinaukri.com/jobs/bank-of-baroda-manager-taxation-recruitment-2026--4647","job-listing","213","c2c88996cd1040b963221df511503482f9bf11e781dde5444af617131a5f9abc",""
"https://www.searchsarkarinaukri.com/jobs/bank-of-baroda-manager-taxation-recruitment-2026-apply-online-for-5-posts--4178","job-listing","223","9270d75f0ed87417ffc0f6f09c6957424b1e3c4649a98040c8e1e58ee2dd1dd4",""
"https://www.searchsarkarinaukri.com/jobs/bank-of-baroda-product-manager-digital-lending-recruitment-2026--4632","job-listing","201","05b035240900ca7b21348b9a0eb2ee5880ea35df0f1bfb951b83375c19683ded",""
"https://www.searchsarkarinaukri.com/jobs/bank-of-baroda-senior-manager-accounts-recruitment-2026--4650","job-listing","214","d5fa831563f9956705ef1517c76721ce05a8a268b7af2ad2c88173558a3afd2c",""
"https://www.searchsarkarinaukri.com/jobs/bank-of-baroda-product-manager-digital-lending-recruitment-2026-apply-online-for-5-posts--4163","job-listing","227","54b534904b971fb370ecc772039ef32e1435be0fa4fd2ad3b7b4e38e284398e3",""
"https://www.searchsarkarinaukri.com/jobs/bank-of-baroda-senior-manager-accounts-recruitment-2026-apply-online-for-2-posts--4181","job-listing","246","c02d490ab535b0da6b794acc1eae908c0f252ccde9858007c1a66093062e2ba3",""
"https://www.searchsarkarinaukri.com/jobs/bank-of-baroda-senior-manager-bi-dashboard-development-recruitment-2026--4646","job-listing","252","46326995dec215c861820ee9aa40280c17935136e7f0e2f605681997de164bf9",""
"https://www.searchsarkarinaukri.com/jobs/bank-of-baroda-senior-manager-bi-dashboard-development-recruitment-2026-apply-online-for-8-posts--4177","job-listing","257","282989dc960983077ba5264cc5d20ce7ff08bbd0cbc530dd1ab48d4fb46120c5",""
"https://www.searchsarkarinaukri.com/jobs/bank-of-baroda-senior-manager-data-profiling-recruitment-2026--4644","job-listing","255","781708cb710a38c124c60f494e392be8af6c1ee5eafed1cc92d58f0c29996b50",""
"https://www.searchsarkarinaukri.com/jobs/bank-of-baroda-senior-manager-data-profiling-recruitment-2026-apply-online-for-2-posts--4175","job-listing","252","aa6b4095d4823b49c4233b0d3bfa622d85928faad6d7211be2bd3e67c3389baf",""
"https://www.searchsarkarinaukri.com/jobs/bank-of-baroda-senior-manager-data-scientist-recruitment-2026--4643","job-listing","234","102aac47cc272133c7875365059e43317a9bdf119b7088541866897b691cff3e",""
"https://www.searchsarkarinaukri.com/jobs/bank-of-baroda-senior-manager-data-scientist-recruitment-2026-apply-online-for-1-post--4174","job-listing","252","7988845c725be99cf3860dc72ff48d4227d50886a28ddc344dd99a0c46c372dc",""
"https://www.searchsarkarinaukri.com/jobs/bank-of-baroda-senior-manager-digital-product-recruitment-2026--4631","job-listing","240","6f30096d37156af28fb3fc6d486df923ebec295a84c2194fb8710c9f6fc7e9aa",""
"https://www.searchsarkarinaukri.com/jobs/bank-of-baroda-senior-manager-digital-product-recruitment-2026-apply-online-for-1-post--4162","job-listing","252","ab53f8bed11295c548431b1064be40b21277e84c51b7588cb65c0f47f2047ab3",""
"https://www.searchsarkarinaukri.com/jobs/bank-of-baroda-senior-manager-dq-analyst-recruitment-2026--4645","job-listing","249","0bb23c7a0fa3d06d629aefc248acfb3b52056fe7710cfa0321ef40ebdbb02550",""
"https://www.searchsarkarinaukri.com/jobs/bank-of-baroda-senior-manager-dq-analyst-recruitment-2026-apply-online-for-2-posts--4176","job-listing","253","53197ac22042e5a355f0d4734abe6b90e0966a8dd35a8c0d3dc6b2f54ef20a29",""
"https://www.searchsarkarinaukri.com/jobs/bank-of-baroda-senior-manager-information-security-recruitment-2026--4640","job-listing","259","8297bad932850fa11968d797c82b08423846d6f0bfa9a170fae94d38c6a9188e",""
"https://www.searchsarkarinaukri.com/jobs/bank-of-baroda-senior-manager-information-security-recruitment-2026-apply-online-for-3-posts--4171","job-listing","251","ca2048edf633d6b755c158ab50da7d9d32816734c5d51419bcb94cd884290853",""
"https://www.searchsarkarinaukri.com/jobs/bank-of-baroda-senior-manager-taxation-recruitment-2026--4649","job-listing","213","78f6e78fad770bb2119457901cd4ee6a184f05d0652f52adcbea2fc4d7963d05",""
"https://www.searchsarkarinaukri.com/jobs/bank-of-baroda-senior-manager-taxation-recruitment-2026-apply-online-for-2-posts--4180","job-listing","224","b39e59b7ba0c82a88a8d276247cccfa9268a8d9f4c0aeb21a255c0112a32b2c7",""
"https://www.searchsarkarinaukri.com/jobs/bank-of-baroda-technical-manager-civil-engineer-recruitment-2026--4634","job-listing","223","24f2580574cd3a61219b1ac9a9e2990d84174d1321377d39c34ad48a0c5d0872",""
"https://www.searchsarkarinaukri.com/jobs/bank-of-baroda-technical-manager-civil-engineer-recruitment-2026-apply-online-for-21-posts--4165","job-listing","272","baa85f39a6d9fcabbee0027bc134a7292a594391bfc99e4c95e827ad025d99a0",""
"https://www.searchsarkarinaukri.com/jobs/bank-of-baroda-technical-manager-electrical-engineer-recruitment-2026--4637","job-listing","221","fa6836376ad328e93b6feea3a643f03e4cad5447a91daff8a493e18fc6b030c4",""
"https://www.searchsarkarinaukri.com/jobs/bank-of-baroda-technical-manager-electrical-engineer-recruitment-2026-apply-online-for-9-posts--4168","job-listing","260","53b822f95ef724a87c06e0f31f817c3e2e3eba2498909edff4b74c5bcfd3f10f",""
"https://www.searchsarkarinaukri.com/jobs/bank-of-baroda-technical-officer-civil-engineer-recruitment-2026--4633","job-listing","226","e74dc07cd4e844bbf80f8d5e4a9f47eff4946ce9b19800d0c25bd913bbe19cb8",""
"https://www.searchsarkarinaukri.com/jobs/bank-of-baroda-technical-officer-civil-engineer-recruitment-2026-apply-online-for-35-posts--4164","job-listing","257","589746cc9e77182a79f905b68e20e05715b566ecdf5bf442520c42285bc89a22",""
"https://www.searchsarkarinaukri.com/jobs/bank-of-baroda-technical-officer-electrical-engineer-recruitment-2026-apply-online-for-15-posts--4167","job-listing","258","8f9508206a03522f967f4817c69fdd2beb493992e37aa016b1e9364dfb1e5541",""
"https://www.searchsarkarinaukri.com/jobs/bank-of-baroda-technical-officer-electrical-engineer-recruitment-2026--4636","job-listing","224","71cc3f6cc27102ae4eb8066b65387f024dce82eec1da35724fe1be5ad9ec3ce4",""
"https://www.searchsarkarinaukri.com/jobs/bank-of-baroda-technical-senior-manager-civil-engineer-recruitment-2026--4635","job-listing","224","8085e52775319cab0992fc2571a5e25c6e2031d3eab950b1cd08a6c23d468869",""
"https://www.searchsarkarinaukri.com/jobs/bank-of-baroda-technical-senior-manager-civil-engineer-recruitment-2026-apply-online-for-6-posts--4166","job-listing","248","61a0868da3cfa39200e4013e7bf1fc4e47dfc690d511e34e08ac5abe43ef1a65",""
"https://www.searchsarkarinaukri.com/jobs/bank-of-baroda-technical-senior-manager-electrical-engineer-recruitment-2026--4638","job-listing","217","79771d93461eeb377a14382eec78a7344d58cb0d824bcf2cdecc9a34e2a9a17a",""
"https://www.searchsarkarinaukri.com/jobs/bank-of-baroda-technical-senior-manager-electrical-engineer-recruitment-2026-apply-online-for-2-posts--4169","job-listing","267","48a50439cc0576e4cc1fa508ce817304c66c43ac947b601430694f0c742ade72",""
"https://www.searchsarkarinaukri.com/jobs/bank-of-india-credit-officer-recruitment-2026-779-posts--2857","job-listing","256","f95faa538abac1508b6fc9b3346a06fa5b5efc588b9805e07bef2258510d3c99",""
"https://www.searchsarkarinaukri.com/jobs/bank-of-india-credit-officer-recruitment-2026-779-posts--2823","job-listing","230","584ae4671a155d6ce1a4f86602a0ff406969fc16199f629af284f7a94880d617",""
"https://www.searchsarkarinaukri.com/jobs/bank-of-maharashtra-bank-of-maharashtra-2026--2314","job-listing","221","3fcf787cee8403a4d24a4735b8f179c92b36132a82b348f24481d2bf33e5a67c",""
"https://www.searchsarkarinaukri.com/jobs/barc-mumbai-barc-mumbai-2026--2462","job-listing","238","2533057f6465a39f1261b71b7e0ab9961b08e3ee2ed715c91bb26c73a3c11d95",""
"https://www.searchsarkarinaukri.com/jobs/barc-mumbai-barc-mumbai-2026--3220","job-listing","238","71a40f83257ad9e5161c863252838cda4442a218e8db8de353de4c9535e71ade",""
"https://www.searchsarkarinaukri.com/jobs/bcpl-chief-manager-fire-safety-recruitment-2026-apply-online-for-1-post--3277","job-listing","167","b908113d22c86eca0c727e544bc466fe98b85e0f49638f72d5617b364767584d",""
"https://www.searchsarkarinaukri.com/jobs/basu-associate-professor-assistant-professor-recruitment-2026--3017","job-listing","310","29a7cfcd352d3f68f97f20969ef1c65630e8889418e41117652c546c889fa5da",""
"https://www.searchsarkarinaukri.com/jobs/bcpl-chief-manager-human-resources-recruitment-2026-apply-online-for-1-post--3283","job-listing","184","e5e3ca8c19d6512c859f8fe2d78d95810ba2528879ca6dbe5ca879fd1e0e2a46",""
"https://www.searchsarkarinaukri.com/jobs/bcpl-deputy-manager-contract-procurement-recruitment-2026-apply-online-for-1-post--3294","job-listing","183","678f7781ffa8c00bab938e321cbc7d0f10206f1e082688f953ef5f0199b94a21",""
"https://www.searchsarkarinaukri.com/jobs/bcpl-deputy-general-manager-fire-safety-recruitment-2026-apply-online-for-1-post--3276","job-listing","170","af0f5653d06549adedbc35c618a3c82a7f6b039bff7b25293ef1cd8b16b942ef",""
"https://www.searchsarkarinaukri.com/jobs/bcpl-deputy-manager-electrical-recruitment-2026-apply-online-for-1-post--3290","job-listing","186","74b996c6d3af28333e3dad8e7e2a7e932d36ff6b750bec82d914e2c1cc70cbbc",""
"https://www.searchsarkarinaukri.com/jobs/bcpl-deputy-manager-finance-accounts-recruitment-2026-apply-online-for-1-post--3293","job-listing","176","96106fe7192940369e5a0a4b88b565bd5366f4c011aabed1bbac98580eca31ae",""
"https://www.searchsarkarinaukri.com/jobs/bcpl-deputy-manager-human-resources-recruitment-2026-apply-online-for-1-post--3295","job-listing","196","f792f56b6e36f0c6ca700b946a83301fe8d0363c2e0919d69338315aab2a82d1",""
"https://www.searchsarkarinaukri.com/jobs/bcpl-deputy-manager-information-technology-recruitment-2026-apply-online-for-1-post--3296","job-listing","192","d8f8179ae6811678b41d3243c713a260f54f833da44d1b8bf00013e40ed39ab7",""
"https://www.searchsarkarinaukri.com/jobs/bcpl-deputy-manager-instrumentation-recruitment-2026-apply-online-for-1-post--3291","job-listing","173","adab3f638e6abc9f3fd9f760c29bd01b872b9f84839a753d4bdbcc341c974a1c",""
"https://www.searchsarkarinaukri.com/jobs/bcpl-deputy-manager-mechanical-recruitment-2026-apply-online-for-1-post--3292","job-listing","181","a77c9fb66632ff6297370c4d0da98c3439a3297b76f7b6244a8067a9882f783a",""
"https://www.searchsarkarinaukri.com/jobs/bcpl-general-manager-chemical-recruitment-2026-apply-online-for-2-posts--3275","job-listing","177","c16be67bc6a228cc6a8cd760caf6c9396cbb83952ea4b1a31ae6e4a4d0299edd",""
"https://www.searchsarkarinaukri.com/jobs/bcpl-manager-human-resources-recruitment-2026-apply-online-for-1-post--3289","job-listing","182","2102c1cda700e47d58286407dce0738377039d2d9477c440c89c36e76b8ad9e0",""
"https://www.searchsarkarinaukri.com/jobs/bcpl-manager-chemical-recruitment-2026-apply-online-for-2-posts--3288","job-listing","168","723bdce537bad15e9db1a81a7356d2763ff8e90084e357adc7c0fbdcc640db17",""
"https://www.searchsarkarinaukri.com/jobs/bcpl-senior-engineer-chemical-recruitment-2026-apply-online-for-2-posts--3278","job-listing","163","179fa6309cead574d5402ca2cc2dee289d15d0387167a528546bc21cdf23cefd",""
"https://www.searchsarkarinaukri.com/jobs/bcpl-senior-engineer-environment-recruitment-2026-apply-online-for-1-post--3280","job-listing","183","3597468147a73411e7ed74a23e4926e7cdfa52d16fc25230a87fdf7421cdb7f4",""
"https://www.searchsarkarinaukri.com/jobs/bcpl-senior-engineer-instrumentation-recruitment-2026-apply-online-for-1-post--3282","job-listing","187","7ecd8e94c52c14111fb750eef39db573ba033c3b37c1a836d2f9be95952b112e",""
"https://www.searchsarkarinaukri.com/jobs/bcpl-senior-manager-chemical-recruitment-2026-apply-online-for-2-posts--3284","job-listing","184","49f601cd95835d2aa5366728b80e7b6664a4e28d387133093e176a829616d0b0",""
"https://www.searchsarkarinaukri.com/jobs/bcpl-senior-manager-finance-accounts-recruitment-2026-apply-online-for-1-post--3285","job-listing","185","78342dd739b2548f738a9d862564fd2c8c6ccc260ef13001b604c2fc6496d987",""
"https://www.searchsarkarinaukri.com/jobs/bcpl-senior-manager-marketing-recruitment-2026-apply-online-for-1-post--3287","job-listing","170","179c26b373d1325ab9161c8d6d18307f13add2b7d3d4fbe8e44d4963e88d8cae",""
"https://www.searchsarkarinaukri.com/jobs/bcpl-senior-manager-mechanical-recruitment-2026-apply-online-for-1-post--3286","job-listing","176","142938fd5b9ee30167634b2ca91e2baeb84edea29b556cf12ddd0d39b192876f",""
"https://www.searchsarkarinaukri.com/jobs/bcpl-senior-officer-company-secretariat-recruitment-2026-apply-online-for-1-post--3279","job-listing","174","2bd30046aedc21af48a7593495b9653b082e00a6be842ff76353888d3ae5efdc",""
"https://www.searchsarkarinaukri.com/jobs/bcpl-senior-officer-finance-accounts-recruitment-2026-apply-online-for-1-post--3281","job-listing","187","b6c8bc38402d990fc0033ee1c53c9cc2b5b76e043d8bb61a567bf71c52eba31d",""
"https://www.searchsarkarinaukri.com/jobs/bde--977","job-listing","365","9dd77789c26c1d1f28333728b0c304c1c02226cdf877e52fc8cf8d2f05898ab9",""
"https://www.searchsarkarinaukri.com/jobs/bdl-bdl-2026--4074","job-listing","211","1153da2b53ba8fde19b732b3ee9080cbda210fe2dd925b4efe5ac842222d3b5c",""
"https://www.searchsarkarinaukri.com/jobs/bdl-bdl-2026--3523","job-listing","211","78d4e65ac11953ea4ca7460b8181ffd6552aec2f829587156ae12b51b94ba8b8",""
"https://www.searchsarkarinaukri.com/jobs/becil-becil-2026--2476","job-listing","214","737a10024db47fb270675c0696f9d8c55e149dc7d1bf2a3b52bb4775f6087410",""
"https://www.searchsarkarinaukri.com/jobs/bel-bel-2026--1970","job-listing","222","8b9516fcfdaf35b3050b3f5963064b8847a053f40ba747c997030a2fec7df5ab",""
"https://www.searchsarkarinaukri.com/jobs/bel-bel-2026--2310","job-listing","222","510575c1f6906ed659e0a15c232e6afe86f4ef177fc8a827c063fcbdbc33389d",""
"https://www.searchsarkarinaukri.com/jobs/bel-bel-2026--2039","job-listing","222","6ceccd8f1657a9590dc1e34df95e26a788cd7229f3beda1dc11b499440352236",""
"https://www.searchsarkarinaukri.com/jobs/bel-bel-2026--2188","job-listing","222","17c94958806c091b46fb1c5864ba3072f7108293d0f28f45590d1486199429ef",""
"https://www.searchsarkarinaukri.com/jobs/bel-bel-2026--2402","job-listing","222","ac0c52d0d1fdf200be6e54fc4229ab01996783c84d185e5decf765cfe28eda8d",""
"https://www.searchsarkarinaukri.com/jobs/bel-bel-announces-recruitment-for-340-probationary-2026--1468","job-listing","154","1925808636d45d43b8ce2ed7f5ca4170a1c751351f25c737a0a8b2ab491ab2d8",""
"https://www.searchsarkarinaukri.com/jobs/beml-assistant-manager-recruitment-2026--2911","job-listing","221","86bff6fa90ad5d46bd4a7be28af6784963f8dc52933943662d665b5a908a8381",""
"https://www.searchsarkarinaukri.com/jobs/beml-engineer-recruitment-2026--2910","job-listing","228","9f969b3435218834b263272861dbdb1f2acfa20a552ebff8d4637ef72354575a",""
"https://www.searchsarkarinaukri.com/jobs/beml-diploma-apprentice-recruitment-2026--4811","job-listing","239","20c451aa1f6f60a824493005a68707ac21baeef0402f57ed7e016af9c2d952fc",""
"https://www.searchsarkarinaukri.com/jobs/beml-graduate-general-apprentice-recruitment-2026--4810","job-listing","236","703b2e5608776083f5a74f5bb95325e5b390a0d4cdb797b1e2d0e5ecd22245ba",""
"https://www.searchsarkarinaukri.com/jobs/beml-graduate-technical-apprentice-recruitment-2026--4809","job-listing","254","595b010ead7518e1e6c63ce91545adc57a7c547f8c1c0660e5734405a671ec5f",""
"https://www.searchsarkarinaukri.com/jobs/beml-iti-trade-apprentice-recruitment-2026--4812","job-listing","252","b4ecb6860450bb36992bd2ab987c3160b64b0ac2478f03f6920bf7d39d67650b",""
"https://www.searchsarkarinaukri.com/jobs/beml-limited-recruitment-of-executives-2026--2288","job-listing","204","3dc297b58d6f5fa073ce55f9d04f884a32dea485b5e73b8b8e21c71e67c80490",""
"https://www.searchsarkarinaukri.com/jobs/beml-limited-recruitment-of-non-executives-on-tenure-2026--2290","job-listing","202","1e0012d03215abc162c341ef89ce8353571d960546686c68922e5fc497709a5b",""
"https://www.searchsarkarinaukri.com/jobs/beml-ltd-beml-ltd-2026--2283","job-listing","237","4a429a5cf73850b957883cd7baf88911d8f357039c9ff0a2293ff1c5f061aeef",""
"https://www.searchsarkarinaukri.com/jobs/beml-ltd-beml-ltd-2026--4831","job-listing","199","d0ab8208531391ac5daf23f21802988e80a2bf0a070c5f27c86ecd1e910210d8",""
"https://www.searchsarkarinaukri.com/jobs/beml-manager-recruitment-2026--2912","job-listing","221","4b0dd5f232cf5df9f942c28053dcb660fc12248e276db552819fdfa7a6e51e51",""
"https://www.searchsarkarinaukri.com/jobs/beml-senior-manager-recruitment-2026--2913","job-listing","225","b8d5523962fce62192b0daa10ec2668b5923a83ab53b1804441fdf62f7a9ac2c",""
"https://www.searchsarkarinaukri.com/jobs/berar-finance-limited-berar-finance-limited-2026--3468","job-listing","228","2d750d1fb53e8eb8245f19b84b723b8ce2f1e1a60cd2457e2e511461f8dbe611",""
"https://www.searchsarkarinaukri.com/jobs/best-mumbai-best-mumbai-2026--2797","job-listing","237","daf5728c9c50ba9e91f2d8db1ba83ce39202cdcf04fdc40969fe933698b06d1b",""
"https://www.searchsarkarinaukri.com/jobs/bhabha-atomic-research-centre-hospital-bhabha-atomic-research-centre-hospital-invites-2026--2325","job-listing","207","d49adfe5e553b4d82c4daa9fadb1d28173a867f7e2b517960050a65d1f28be36",""
"https://www.searchsarkarinaukri.com/jobs/bhabha-atomic-research-centre-mumbai-bhabha-atomic-research-centre-mumbai-2026--2363","job-listing","250","0886667cc63900a7287e97c78c600cd2a1ca5940a773bd089a0ae8fc33c2f000",""
"https://www.searchsarkarinaukri.com/jobs/bhagini-nivedita-sahakari-bank-pune-bhagini-nivedita-sahakari-bank-pune-2026--2307","job-listing","245","57fde04adc43af5f5e57c2812c2ecaeb2f267af5f57f4e1ee9d6380cc59c4d1e",""
"https://www.searchsarkarinaukri.com/jobs/bharat-electronics-limited-bel-pune-unit-apply-for-5-havildar-security-posts-2026--2872","job-listing","191","39edc87e146f56c96ac11f83512aecc11f55e1d4e3423f8cc46af2a3a00b25b5",""
"https://www.searchsarkarinaukri.com/jobs/bharat-heavy-electricals-ltd-chairman-and-managing-director-2026--1370","job-listing","208","ba0c3d5191fffb5f8add9596bb22f9a15019ec4d8e1c453afafa9241b9d57338",""
"https://www.searchsarkarinaukri.com/jobs/bharat-petroleum-bharat-petroleum-2026--3789","job-listing","212","e151bcaa5fbf1c1acee4b590e33b94c55e719c72b2d03ff43c308ed1e12bb22f",""
"https://www.searchsarkarinaukri.com/jobs/bharati-vidyapeeth-pune-bharati-vidyapeeth-pune-2026--1747","job-listing","286","d5be95fbe8bc803ab2228470cce653579931713c219a4141cec4e0a7f2e98260",""
"https://www.searchsarkarinaukri.com/jobs/bharati-vidyapeeth-pune-bharati-vidyapeeth-pune-2026--2037","job-listing","285","f2340317c43cbfe33d672770451478fe371036b7f0ffa4c5936a51cb9e18a210",""
"https://www.searchsarkarinaukri.com/jobs/bharati-vidyapeeth-pune-bharati-vidyapeeth-pune-2026--2463","job-listing","286","2d3bda96fcc19884b72eae960bddd6c72db8c7f34bc4db8416e857bb3b386f35",""
"https://www.searchsarkarinaukri.com/jobs/bharati-vidyapeeth-pune-bharati-vidyapeeth-pune-2026--2547","job-listing","286","db88f8b70f1df5fbbdb4f0860e18c4a1c80cb02921ca11090bdd2a8747376475",""
"https://www.searchsarkarinaukri.com/jobs/bharati-vidyapeeth-pune-bharati-vidyapeeth-pune-2026--3357","job-listing","285","7cc75822125cb7f89eeab3e8fa9eae89b6b18db1209664fd3ac11791afa942f1",""
"https://www.searchsarkarinaukri.com/jobs/bharati-vidyapeeth-pune-bharati-vidyapeeth-pune-2026--3661","job-listing","286","997a5830f36f8a1d8478bd674f14dcaf11eeab76fd2e8b343a4144aebe4948d5",""
"https://www.searchsarkarinaukri.com/jobs/bharati-vidyapeeth-pune-bharati-vidyapeeth-pune-2026--3855","job-listing","286","20ca66fa57d7c72ffc564ad87475595a5342e9577883cd870066feb3519d063e",""
"https://www.searchsarkarinaukri.com/jobs/bharati-vidyapeeth-pune-bharati-vidyapeeth-pune-2026--4205","job-listing","286","906887f3601126a2ebd8a29f6e791c60c1f8fa4415834c2de600f181c9278aad",""
"https://www.searchsarkarinaukri.com/jobs/bharati-vidyapeeth-pune-bharati-vidyapeeth-pune-2026--4717","job-listing","250","5d3dc3049cfdfbcb8ad068ef3b4ec083b98346b228b8f9d9e988862114e219b3",""
"https://www.searchsarkarinaukri.com/jobs/bharati-vidyapeeth-pune-bharati-vidyapeeth-pune-2026--4785","job-listing","250","aa2a525ac0d0893ce90960f5382a3c9adfdb1b11f1e825e6ef73b5980a5e6b65",""
"https://www.searchsarkarinaukri.com/jobs/bharatiya-vidya-bhavan-bharatiya-vidya-bhavan-2026--2305","job-listing","217","4339b52a5f6cc4010ba87aa46b215324d31cda830e303d081d0d378695c94514",""
"https://www.searchsarkarinaukri.com/jobs/bharatiya-vidya-bhavan-bharatiya-vidya-bhavan-2026--2745","job-listing","217","2ea510b6cb1c46a6cd850428b2857f9f9d078462d5df262be8d627459e5e3167",""
"https://www.searchsarkarinaukri.com/jobs/bharatiya-vidya-bhavans-mumbai-bharatiya-vidya-bhavans-mumbai-2026--2242","job-listing","250","74ab5130236713c44ffe77a6716ac5c18ff4f27189f4c7a57faca63560a3920c",""
"https://www.searchsarkarinaukri.com/jobs/bharatratna-atalbihari-vajpayee-medical-college-and-hospital-bharatratna-atalbihari-vajpayee-medical--2083","job-listing","248","4c5a845a68a56966e44a37413220521ab4a942cdb670bef84a6400db945eac9f",""
"https://www.searchsarkarinaukri.com/jobs/bharatiya-vidya-bhavans-mumbai-bharatiya-vidya-bhavans-mumbai-2026--3849","job-listing","252","3291d05d94a12bb09ad343857c97ba52dfb43662ce3cfe6826e9920e096ec585",""
"https://www.searchsarkarinaukri.com/jobs/bharatratna-atalbihari-vajpayee-medical-college-and-hospital-bharatratna-atalbihari-vajpayee-medical--4269","job-listing","248","2b9f9429f32bc2f2f54b6688c63b82df53f61e582cc67a9be8f366256774ccf9",""
"https://www.searchsarkarinaukri.com/jobs/bharatratna-atalbihari-vajpayee-medical-college-and-hospital-pune-bharatratna-atalbihari-vajpayee-me--2102","job-listing","204","7837c2c955b18ee1d3a48ba0d07e6991f7b13b057a1e1068eca8f55a3319bcdb",""
"https://www.searchsarkarinaukri.com/jobs/bharatratna-atalbihari-vajpayee-medical-college-and-hospital-pune-bharatratna-atalbihari-vajpayee-me--4316","job-listing","206","4da48f74e93bb63945ddaee8e7e691f09b759f25183a7ad7cb4f39248952bfed",""
"https://www.searchsarkarinaukri.com/jobs/bhartiya-gramin-punarrachana-sanstha-chhatrapati-sambhajinagar-bhartiya-gramin-punarrachana-sanstha--1904","job-listing","243","17192f5a4d33576e606e733344fb3c1e7e623da96db0cdd4c42fb63b4312cac4",""
"https://www.searchsarkarinaukri.com/jobs/bhartiya-gramin-punerrachana-sanstha-chhatrapati-sambhajinagar-bhartiya-gramin-punerrachana-sanstha--1841","job-listing","258","8421d4d9be21ee16bc24470d54037f6c0e31175b89e50de3bd359364bec8ad46",""
"https://www.searchsarkarinaukri.com/jobs/bhel-bhel-2026--2073","job-listing","241","4fdca7d33a5fb5981452378365d44a14524d876f0a01b9167dab0b362db07745",""
"https://www.searchsarkarinaukri.com/jobs/bhel-bhel-2026--4432","job-listing","241","aecc6cc41f5fc31f0d426254107b6512665066ad7a2f285c5d2581233160868c",""
"https://www.searchsarkarinaukri.com/jobs/bhel-bhel-2026--2655","job-listing","241","aaf85391579aae981499d193ed9b1c758cea301b8e3467f2c98bdc83ece691f4",""
"https://www.searchsarkarinaukri.com/jobs/bhel-bhel-2026--4665","job-listing","213","29825bea056e559b7019eaa0074879e23bc7cfbe13dd21024f62873fce4b8ea3",""
"https://www.searchsarkarinaukri.com/jobs/bhel-bhel-2026--4790","job-listing","213","1fc1ea78307dbbd5d325833ae9823d657ef70223bf5fd7a56ec01da76ac11a6e",""
"https://www.searchsarkarinaukri.com/jobs/bhel-trichy-graduate-apprentice-accountant-recruitment-2026--4739","job-listing","351","9678780c2f5e90bc6160f5d960e3be35e44395bee87b9e778f34f12392b5b38b",""
"https://www.searchsarkarinaukri.com/jobs/bhel-trichy-graduate-apprentice-civil-engineering-recruitment-2026--4735","job-listing","342","6a2daac5a175984533370c6ed0d11b232c2a24922d406887e6eb0d236a89f301",""
"https://www.searchsarkarinaukri.com/jobs/bhel-trichy-graduate-apprentice-assistant-hr-recruitment-2026--4740","job-listing","354","87b3a67a753fd5e77d1761ef57da306d69ed7fcbb4f41365c2ea326188875bab",""
"https://www.searchsarkarinaukri.com/jobs/bhel-trichy-graduate-apprentice-computer-science-engineering-recruitment-2026--4736","job-listing","342","e36abe1e9090f7b19c6c787085581a47185a4406f5948c1e43813897f6c1bcf8",""
"https://www.searchsarkarinaukri.com/jobs/bhel-trichy-graduate-apprentice-electrical-electronics-engineering-recruitment-2026--4738","job-listing","346","78b9768d79e2299019c1c0b24f565ef062156fbf2079fd91cdc54178f5f5ab59",""
"https://www.searchsarkarinaukri.com/jobs/bhel-trichy-graduate-apprentice-electronics-communication-engineering-recruitment-2026--4737","job-listing","342","2aab21ef5898e871fb8f39ad74f75eef7727aec74e967fe3ec3537857eb1723b",""
"https://www.searchsarkarinaukri.com/jobs/bhel-trichy-graduate-apprentice-mechanical-engineering-recruitment-2026--4734","job-listing","354","d686ea4c546ba58578d5f43977f6d752c9d6ac805bb8fd276fac9cefc81035b0",""
"https://www.searchsarkarinaukri.com/jobs/bhel-trichy-technician-apprentice-civil-engineering-recruitment-2026--4743","job-listing","340","523073dc8f55d4b361bdc1035b1ac6a5a067633c5496752c316db97cdfca1780",""
"https://www.searchsarkarinaukri.com/jobs/bhel-trichy-technician-apprentice-computer-engineering-recruitment-2026--4742","job-listing","337","ad43bca3417b49cf17dfd4d2d145dadbf17e9877c91e3885a9869f88e1d73891",""
"https://www.searchsarkarinaukri.com/jobs/bhel-trichy-technician-apprentice-electrical-electronics-engineering-recruitment-2026--4745","job-listing","339","b850fcccbd97fe7422f26dccb75aef6e9956e22708604232544e052e345d4d40",""
"https://www.searchsarkarinaukri.com/jobs/bhel-trichy-technician-apprentice-electronics-communication-engineering-recruitment-2026--4744","job-listing","345","92702c64c592ac386ee24784b19ea1810f055bdd664f49bfa7c9e782e9a54f7f",""
"https://www.searchsarkarinaukri.com/jobs/bhel-trichy-technician-apprentice-mechanical-engineering-recruitment-2026--4741","job-listing","362","62d6373e13af353badea65c92836a7c265399408cbb4e31c2bb4ffac201bbd90",""
"https://www.searchsarkarinaukri.com/jobs/bhel-trichy-trade-apprentice-copa-recruitment-2026--4754","job-listing","349","689129ea68c7a7f35a0b972e3f19e519c9c17ef6d96dffebafd5a0c91d5bed36",""
"https://www.searchsarkarinaukri.com/jobs/bhel-trichy-trade-apprentice-fitter-recruitment-2026--4746","job-listing","341","0dce9baf668460c05f2f1758562ff5dc8dfb4e942e43d36f40f07fbca6f77350",""
"https://www.searchsarkarinaukri.com/jobs/bhel-trichy-trade-apprentice-electrician-recruitment-2026--4748","job-listing","342","463c7c07b77266f24d159a4a50cbf6ceccdc198d9b7da1a049e69962f774e167",""
"https://www.searchsarkarinaukri.com/jobs/bhel-trichy-trade-apprentice-instrument-mechanic-recruitment-2026--4751","job-listing","345","d877dea6d07b3564a3944d3b43236a80c32c2171e55ee61dae618e682d67c9c5",""
"https://www.searchsarkarinaukri.com/jobs/bhel-trichy-trade-apprentice-machinist-recruitment-2026--4750","job-listing","342","643c2396073bde0dec1ae0016eeb2cb20abc36b1995bcf7442b98af835e4f3b8",""
"https://www.searchsarkarinaukri.com/jobs/bhel-trichy-trade-apprentice-mechanic-r-ac-recruitment-2026--4753","job-listing","345","c02349e3b0733032d877f9a57cef2901f804e7f2893b1f020c22495d4746e1ab",""
"https://www.searchsarkarinaukri.com/jobs/bhel-trichy-trade-apprentice-motor-mechanic-recruitment-2026--4752","job-listing","346","9af22564eaf3fec1fc987d2664aea6e48234590a9da075da532f8acdece043f3",""
"https://www.searchsarkarinaukri.com/jobs/bhel-trichy-trade-apprentice-turner-recruitment-2026--4749","job-listing","343","3748feb0330f807f00fe68d4f30fc6f2dd49596ceefb2472a6504c914ae46fe3",""
"https://www.searchsarkarinaukri.com/jobs/bhel-trichy-trade-apprentice-welder-recruitment-2026--4747","job-listing","344","174e3b79f649d1a109793a9d879b7d8a9c5313c27564776a3b877b3da2c725bc",""
"https://www.searchsarkarinaukri.com/jobs/biyani-military-school-bhusawal-biyani-military-school-bhusawal-2026--2509","job-listing","228","5a903a937b3d55556ea44bdb83f221cb0f8eb1ecbfa29a91debab210c378d782",""
"https://www.searchsarkarinaukri.com/jobs/bhonsala-sainik-school-bhonsala-sainik-school-2026--1808","job-listing","222","b9502db4e4c3fe62b790f1f584916141c7d7fa84a4646b45910ab02beeee875e",""
"https://www.searchsarkarinaukri.com/jobs/bmc-ambulance-attendant-recruitment-2026-apply-offline-for-2-posts--3818","job-listing","287","587fe7b9ff2959402663c4e76ca9c88d3d61f41c04caab73da743c849467d024",""
"https://www.searchsarkarinaukri.com/jobs/bmc-assistant-helper-recruitment-2026-apply-offline-for-1-post--3822","job-listing","274","44b2345d6a994802bdfa5a348eb6efab17252d89149b7c3482baa5ccc20ce3a6",""
"https://www.searchsarkarinaukri.com/jobs/bmc-ayah-nursing-attendant-recruitment-2026-apply-offline-for-22-posts--3811","job-listing","304","2ea790899dc254278b513dc379ad199637ca892f2a967f398c1941563298ac4b",""
"https://www.searchsarkarinaukri.com/jobs/bmc-dresser-wound-care-attendant-recruitment-2026-apply-offline-for-2-posts--3820","job-listing","276","141b58a363e89fb55cfc3904491280bc523ad1c2b208a203763ee080cc70459c",""
"https://www.searchsarkarinaukri.com/jobs/bmc-electrician-recruitment-2026-apply-offline-for-1-post--3802","job-listing","284","e1e6bbf9a5541fdfda1338918b677f09411f31e284db3a5cfe2c9598f0abccb5",""
"https://www.searchsarkarinaukri.com/jobs/bmc-barber-recruitment-2026-apply-offline-for-2-posts--3821","job-listing","273","c72d92e0dc4980b5f036af9fcfae8d633dcd55d45f79a723d281f10c12def6ff",""
"https://www.searchsarkarinaukri.com/jobs/bmc-gardener-recruitment-2026-apply-offline-for-3-posts--3813","job-listing","286","3a8ebcf868eda6373798fea1404f2b7308bc66f709e10e8011bc2414d2b92a50",""
"https://www.searchsarkarinaukri.com/jobs/bmc-gardener-sweeper-recruitment-2026-apply-offline-for-3-posts--3812","job-listing","291","922fdd0e8b9c8c879bfc05840430d18d9497561b7603da128f09a97340b193d2",""
"https://www.searchsarkarinaukri.com/jobs/bmc-hearse-attendant-halalkhor-ambulance-attendant-recruitment-2026-apply-offline-for-5-posts--3819","job-listing","297","561cc6f6832cff9c80cb7d78051d4c799ad02c0c32a94c40a2800812ba136f76",""
"https://www.searchsarkarinaukri.com/jobs/bmc-laboratory-attendant-recruitment-2026-apply-offline-for-7-posts--3800","job-listing","291","8ab9a6df4cf866cc8c98f02f7a7d5b5b04e04c45b2c2f568555e1aa873139728",""
"https://www.searchsarkarinaukri.com/jobs/bmc-laboratory-servant-recruitment-2026-apply-offline-for-3-posts--3801","job-listing","271","fe56805cb2cde5452816d368c899b6c46e5059ba768966a330952a104f870b51",""
"https://www.searchsarkarinaukri.com/jobs/bmc-lift-operator-wireman-iii-pump-operator-recruitment-2026-apply-offline-for-1-post--3805","job-listing","295","bec6185ee7d8ae42bb817a630147802646c37f205cd3d6d80c555eef5ec6ea7f",""
"https://www.searchsarkarinaukri.com/jobs/bmc-lokmanya-tilak-hospital-bmc-lokmanya-tilak-hospital-2026--2139","job-listing","228","050c7e8a5c606e3d0a78419a6912918cfa9a836b0625d5b09ab5a3130b97b149",""
"https://www.searchsarkarinaukri.com/jobs/bmc-lift-operator-recruitment-2026-apply-offline-for-3-posts--3804","job-listing","300","ef343a98381719a99da8cb5daf1dafb0ee735f05c85a24179b36aa1620993cfb",""
"https://www.searchsarkarinaukri.com/jobs/bmc-porter-recruitment-2026-apply-offline-for-2-posts--3815","job-listing","306","3f019e4f729a652bf4986eead3e465eedf098710603da03ad6f6eec5fb20f819",""
"https://www.searchsarkarinaukri.com/jobs/bmc-porter-worker-recruitment-2026-apply-offline-for-1-post--3816","job-listing","293","a859732f2aedde637b5609e3ff88b1abd295404bac9f16811ecf327af9167ab8",""
"https://www.searchsarkarinaukri.com/jobs/bmc-sweeper-recruitment-2026-apply-offline-for-31-posts--3808","job-listing","293","038f7b2017322d6b409b8858fd935207d5e1efeadb025bd44cf1dc2bcde8e284",""
"https://www.searchsarkarinaukri.com/jobs/bmc-sweeper-halalkhor-recruitment-2026-apply-offline-for-1-post--3814","job-listing","278","95880c80f5e4070237b4d05d53873eaea904c82f3eae7ebaf10578d937d4d0eb",""
"https://www.searchsarkarinaukri.com/jobs/bmc-tailor-recruitment-2026-apply-offline-for-2-posts--3823","job-listing","327","b76324eb998c1cccfb9fc9a519924a623de876a20e9cb27ceca92fe56e95b837",""
"https://www.searchsarkarinaukri.com/jobs/bmc-training-assistant-recruitment-2026-apply-offline-for-5-posts--3807","job-listing","303","18cfd267495e072b5fe7aeb7a0332dce51ec2197fc162a646579ba9f29954391",""
"https://www.searchsarkarinaukri.com/jobs/bmc-ward-attendant-recruitment-2026-apply-offline-for-12-posts--3809","job-listing","301","cf753db5c3ed166f532f2344452e18d11f33d68de069b304e6a515a4a36b3856",""
"https://www.searchsarkarinaukri.com/jobs/bmc-ward-servant-recruitment-2026-apply-offline-for-2-posts--3810","job-listing","283","16d59116431240877096b82b4c35d1c448ae287f52aab6650d8287860edf7703",""
"https://www.searchsarkarinaukri.com/jobs/bmc-wireman-iii-lift-operator-pump-operator-recruitment-2026-apply-offline-for-1-post--3806","job-listing","296","8f87231288d9d0a985ff387bb08b50adaef7f2e8ac97c9a2ec135dbd17e1fda3",""
"https://www.searchsarkarinaukri.com/jobs/bmc-wireman-recruitment-2026-apply-offline-for-1-post--3803","job-listing","300","064887e808c311bd4d9e0ae27ad6fe8eb0c7b037c56b14b1a0b273ab07ac2467",""
"https://www.searchsarkarinaukri.com/jobs/bmc-worker-recruitment-2026-apply-offline-for-2-posts--3817","job-listing","285","98d6ccb7cdea867e57060738790d7d69e6931ac261fbe9a734f0d5f6ccbc04e1",""
"https://www.searchsarkarinaukri.com/jobs/bob-capital-markets-ltd-bobcaps-bobcaps-recruitment-2026-business-development-2026--1684","job-listing","199","4a34f3fbef5feec13a986ab312251c4fd81e1abc592b3e09f69d9f80363242f9",""
"https://www.searchsarkarinaukri.com/jobs/boi-boi-2026--2308","job-listing","218","c4c228a1d4874499f4cc6b8a8e4249c350e08913064d2ca68a211d9a34befcc9",""
"https://www.searchsarkarinaukri.com/jobs/boi-boi-2026--2493","job-listing","218","7d589e57407247ff2888dc96345cb3dd01608934f5de14420bf171adb3f4bfdf",""
"https://www.searchsarkarinaukri.com/jobs/bombay-high-court-bhc-bombay-high-court-bhc-2026-recruitment-2026--2571","job-listing","220","cbdfb91a22a216b9e852594380205cea7a3b6ecd40844419713a161681eec07c",""
"https://www.searchsarkarinaukri.com/jobs/bombay-high-court-bhc-bombay-high-court-bhc-invites-applications-2026--2103","job-listing","199","0c69acf7328a7eb3254a6f4bca09f823a2664b217859305cd5afbdb4dbfb7023",""
"https://www.searchsarkarinaukri.com/jobs/bombay-high-court-bombay-high-court-2026--2285","job-listing","232","db2cc2c6521dcb61f04ef31c6ce01fb3c068017c2d2b7dff1cc9b1dd39fccf41",""
"https://www.searchsarkarinaukri.com/jobs/bombay-high-court-bombay-high-court-2026--2071","job-listing","232","e827077999c7ec278c308c163273035fb66bda62eaeee72b260f98de3f071e4f",""
"https://www.searchsarkarinaukri.com/jobs/bombay-high-court-bombay-high-court-2026--3954","job-listing","232","d75bf12fcade3eed137ca9a91a6f9adab999cf1d37a46c61e7ef82dc4d5ce3aa",""
"https://www.searchsarkarinaukri.com/jobs/border-roads-organisation-border-roads-organisation-announces-542-vacancies-2026--1459","job-listing","164","6420f31f6d7cfd5df122b46fd6e905008e5515d4ee9ff5486a0d57e928f57fce",""
"https://www.searchsarkarinaukri.com/jobs/bpcl-process-operator-chemical-recruitment-2026-kochi-apply-online-for-64-posts--3797","job-listing","298","5c8947aeab50621e62f2ab6ad39729ce98a96d8bce7a511f7fb6963dd3c6079e",""
"https://www.searchsarkarinaukri.com/jobs/bpcl-process-operator-operator-chemical-recruitment-2026--4567","job-listing","287","fc22ff0f2dd9466ee2e02a34c103a303353888610ec4fc4dbc4156579d06d258",""
"https://www.searchsarkarinaukri.com/jobs/bpcl-process-technician-chemical-recruitment-2026--4566","job-listing","284","a096ddc2a078191f7658fc9f559c4e9785358a5a6ced57c367fbfd31ccc3746d",""
"https://www.searchsarkarinaukri.com/jobs/bpcl-process-technician-chemical-recruitment-2026-mumbai-apply-online-for-60-posts--3796","job-listing","295","a12669903ac80e43ea90452797c2a9e43b436ad673c3208f96af79d470195552",""
"https://www.searchsarkarinaukri.com/jobs/bpcl-technician-electrical-recruitment-2026--4569","job-listing","295","ad2bff5fdd4d230dff503d0f72c748995b4dc70a200fcef1a4d1f57178d08984",""
"https://www.searchsarkarinaukri.com/jobs/bpcl-technician-electrical-recruitment-2026-kochi-apply-online-for-17-posts--3799","job-listing","306","67495c28ef0dadb6b728cf42aa3be6190bbf663cf790802d7753093d1802a07a",""
"https://www.searchsarkarinaukri.com/jobs/bpcl-technician-operator-mechanical-recruitment-2026--4568","job-listing","287","c00c78d85fa186a229978829cd9df1aa4308261976547631fc37ca4b60823ff2",""
"https://www.searchsarkarinaukri.com/jobs/bpcl-technician-operator-mechanical-recruitment-2026-kochi-apply-online-for-13-posts--3798","job-listing","302","ac1de9cb1b3f60a562f2cfc339095a9cc4041e82dfe0bbbb68b0740229e4ab45",""
"https://www.searchsarkarinaukri.com/jobs/bprd-bprd-2026--2784","job-listing","218","24fd22b32617b82e5cfbc07d3ef598842268620de8acf8b983d6752c3728e4ae",""
"https://www.searchsarkarinaukri.com/jobs/bpsc-middle-school-teacher-recruitment-2026--4803","job-listing","287","748b175e4081636b2dcb6c6d8d849c28c48fc22e5206527b7cadea698d3977c0",""
"https://www.searchsarkarinaukri.com/jobs/bpsc-higher-secondary-teacher-recruitment-2026--4805","job-listing","281","06bad0a7bb7807b60aa7583628f8cef3a9339b113d78c0d661cfdfae1f1382b2",""
"https://www.searchsarkarinaukri.com/jobs/bpsc-primary-teacher-recruitment-2026--4802","job-listing","304","54b3d75fff2fef46d8f739ed483fcad793fb5aad782c7318dd4f030246dad660",""
"https://www.searchsarkarinaukri.com/jobs/brahma-valley-college-nashik-brahma-valley-college-nashik-2026--2805","job-listing","248","fcf071b589826650e37fd94373965ef77fce918a13390c3a1287975f9ab1cc2e",""
"https://www.searchsarkarinaukri.com/jobs/bpsc-secondary-teacher-recruitment-2026--4804","job-listing","281","526fc378e38d79ea7098a4c512da7ab832205c7038b521e209c8d6bfbce650fa",""
"https://www.searchsarkarinaukri.com/jobs/bramhapuri-forest-division-chandrapur-bramhapuri-forest-division-recruitment-2026-2026--1661","job-listing","194","f777763f3cf6692a71b55f81b99e483ae3babc56f8c7e70afd020ac42af8bf9a",""
"https://www.searchsarkarinaukri.com/jobs/brihanmumbai-electric-supply-and-transport-undertaking-brihanmumbai-electric-supply-and-transport-un--2779","job-listing","223","4e5a1f850ca3dc785b7b31022af8b9317653dd289091f73ea3e53d1562a6a731",""
"https://www.searchsarkarinaukri.com/jobs/brihanmumbai-mahanagarpalika-corporation-brihanmumbai-mahanagarpalika-corporation-2026--1889","job-listing","229","1635fe7fd30e4d2f485c4a837c12c7f733ed4a475ac8384e79c214d1eaf8a1ae",""
"https://www.searchsarkarinaukri.com/jobs/brihanmumbai-municipal-corporation-mcgm-recruitment-notification-brihanmumbai-municipal-corporation--2584","job-listing","188","c8c72007b2efa58d04ec99aa2f4eaa4893fd97dfafbfd1f2d7aa6c0e8d4b5c51",""
"https://www.searchsarkarinaukri.com/jobs/brihanmumbai-municipal-corporation-bmc-bmc-recruitment-2026-7-medical-2026--1679","job-listing","219","36051b183a382e93b74e29d9b57590a59f1a4271472fd9823cf3abc323b35e5b",""
"https://www.searchsarkarinaukri.com/jobs/brihanmumbai-municipal-corporations-lokmanya-tilak-municipal-general-hospital-job-openings-at-brihan--2218","job-listing","255","0c68d95a81a6a97712cc0bb48e63a0fa48a2bd8c3301212b71c17dd8dc49d5d9",""
"https://www.searchsarkarinaukri.com/jobs/brtc-chandrapur-brtc-chandrapur-2026--3355","job-listing","234","ffd21cbc0dbff6911fae6c14ac706b005448f09c09b8ad2aa0cb0d5edc9cd321",""
"https://www.searchsarkarinaukri.com/jobs/bsnl-bsnl-2026--1576","job-listing","269","f5fe82a10dbdece470b08480ee6f4b42241df7df4683b1260b0d822379fb3088",""
"https://www.searchsarkarinaukri.com/jobs/bro-bro-2026--2596","job-listing","221","18f24f0bb1a3eeb12eec923f51792c2c93dc3c2ba58cbc5365f76e5a6cff3a6b",""
"https://www.searchsarkarinaukri.com/jobs/bro-bro-2026--1517","job-listing","251","069090d6108c95505fc198f63f89de2d13878aa27656bd2867c18ddcf0fe0754",""
"https://www.searchsarkarinaukri.com/jobs/buldana-urban-co-op-society-buldana-urban-co-op-society-2026--2835","job-listing","233","34699bd1d5c4d4709fee845e55767c9378659abc190b0263c116d07708a28a8a",""
"https://www.searchsarkarinaukri.com/jobs/bsnl-bsnl-2026--2614","job-listing","218","a009ab5f2306ae2ce4330853d9b4f4e1b6d4528152089f48f6030d25a0af8b5b",""
"https://www.searchsarkarinaukri.com/jobs/bsnl-bsnl-2026--1646","job-listing","263","436484a97a1d774ade895c94f300adfaf85ac9bc625b9107986d7a86bd6cb282",""
"https://www.searchsarkarinaukri.com/jobs/cabinet-secretariat-cabinet-secretariat-2026--1950","job-listing","226","b6c069a64765196515089a0db4cceb01d4c9eb406fee0167d1411e00ad0ec8a9",""
"https://www.searchsarkarinaukri.com/jobs/camp-education-society-pune-camp-education-society-pune-2026--2069","job-listing","245","9413fdc796741195e9cd0c272162cb5b10c4470a274ada812b69c825f53a1767",""
"https://www.searchsarkarinaukri.com/jobs/cam-mumbai-cam-mumbai-2026--1978","job-listing","242","9e99160c55e529d1d2db4698a0b706b13db16122cd9d297907ef694424d63339",""
"https://www.searchsarkarinaukri.com/jobs/cantonment-board-dehu-road-cantonment-board-dehu-road-2026--2229","job-listing","233","9f85b13e382f3d815159107e374dcfc6f42f64008e2db83c2cefdf34cf668647",""
"https://www.searchsarkarinaukri.com/jobs/cantonment-board-dehu-road-cantonment-board-dehu-road-2026--2398","job-listing","233","dc0537bb038f29adea9b9c1edb200ed74109ebc43e7b7b4a7efd825f9c410841",""
"https://www.searchsarkarinaukri.com/jobs/cantonment-board-kamptee-cantonment-board-kamptee-2026--2043","job-listing","254","de919007741bd3287345914b831d7591bf4b4e2c8ecbd76b41fc8faf419cc447",""
"https://www.searchsarkarinaukri.com/jobs/cantonment-board-deolali-cb-deolali-job-openings-at-cantonment-board-deolali-2026--2019","job-listing","213","e14b3609c8a17e0881fc0d8e3562cc78842f6f34c47bee9cfec946c7579a7f92",""
"https://www.searchsarkarinaukri.com/jobs/cantonment-board-kamptee-cantonment-board-kamptee-2026--4878","job-listing","215","5cd734d41e8da0ab89862283d42bfa86a4e00315be12b647047607ba6f464621",""
"https://www.searchsarkarinaukri.com/jobs/cantonment-board-kamptee-nagpur-job-opening-at-cantonment-board-kamptee-2026--4931","job-listing","158","b46cff98c20def6b4eb0ca7cb82add02836cbd10380392e0802b771e50e7936d",""
"https://www.searchsarkarinaukri.com/jobs/cci-analyst-finance-and-accounts-recruitment-2026--4821","job-listing","250","4d43e6668ed34a1ae48443dc696da2ed51396f27a3067aca749c437fefc45634",""
"https://www.searchsarkarinaukri.com/jobs/cantonment-board-kamptee-nagpur-job-openings-at-cantonment-board-kamptee-2026--2115","job-listing","230","2bd2d00b573db11b4037f82a10d0d7273ef29eb3569f4525abafe8ef18c32133",""
"https://www.searchsarkarinaukri.com/jobs/cci-assistant-manager-recruitment-2026-2-posts--2862","job-listing","192","d0e9a7f98e1995d815ef5aa5e0b46d5577c6177e263ebd59880597c633393325",""
"https://www.searchsarkarinaukri.com/jobs/ccari-goa-ccari-goa-2026--1712","job-listing","224","29dab33d1bc1b4c9fae09805955b2363070bc7dc4e491c473095f4d0a379bf85",""
"https://www.searchsarkarinaukri.com/jobs/cci-engineer-electrical-recruitment-2026--4817","job-listing","228","69221598e313dce4a8f61506b243426eeecaa42bebaadbedec32158a94dcbdba",""
"https://www.searchsarkarinaukri.com/jobs/cci-engineer-mechanical-recruitment-2026--4815","job-listing","235","7bb3e2f08623b2152dcb1fec7502b5a7050ab248b6688d1cedf499e2455fea83",""
"https://www.searchsarkarinaukri.com/jobs/cci-engineer-production-recruitment-2026--4814","job-listing","248","316c438d7d1e0b1ccf68683bd244e335975d249a118404c24505de4d024b783d",""
"https://www.searchsarkarinaukri.com/jobs/cci-engineer-mining-recruitment-2026--4816","job-listing","233","815b5f07a20010a13ce34309a293a3d076160ac45001bff0a4512426050a10fd",""
"https://www.searchsarkarinaukri.com/jobs/cci-junior-assistant-recruitment-2026-80-posts--2866","job-listing","159","155ea2521637cbfbf54588ce443030ea8f6055722c179c1488d43a058631ede5",""
"https://www.searchsarkarinaukri.com/jobs/cci-junior-commercial-executive-recruitment-2026-50-posts--2865","job-listing","147","36288669c7d7af8599c583737fcb33b736c963abe0379d6d141645128f9d2162",""
"https://www.searchsarkarinaukri.com/jobs/cci-officer-legal-recruitment-2026--4820","job-listing","227","0da1bba3951e226a79d488c212ee293db19551512e78ef6fb2a99e86aeb2af65",""
"https://www.searchsarkarinaukri.com/jobs/cci-management-trainee-accounts-recruitment-2026-8-posts--2864","job-listing","153","c7cb8a839820d32600d0542bea62a3c510f43f16f78994eaf78f888b1c4c19c1",""
"https://www.searchsarkarinaukri.com/jobs/cci-management-trainee-marketing-recruitment-2026-8-posts--2863","job-listing","169","ba0ae01302b948fe1c708d5165f2f2b45bd887e338fef6e55c4addcc1a3c94ac",""
"https://www.searchsarkarinaukri.com/jobs/cci-officer-marketing-recruitment-2026--4819","job-listing","237","615c9fbb1a7a64e4feb5c363ca07344367adb87a54926494c547ec49abf19883",""
"https://www.searchsarkarinaukri.com/jobs/cci-officer-material-management-recruitment-2026--4818","job-listing","239","1e6019a33ea8d0edf8812aa314b1eef060bf65ea4b5d024775edd92eec8c4d38",""
"https://www.searchsarkarinaukri.com/jobs/ccrh-ccrh-2026--2312","job-listing","205","ebb6c8323b935535721791900be1628d7d5bad38d5ef790005b964610462003d",""
"https://www.searchsarkarinaukri.com/jobs/ccrum-accounts-officer-hqs-recruitment-2026-apply-online-for-1-post--3621","job-listing","207","fb196bd0ff8c63b0d4dcd921816f3ee27ae304daf43e174fcb6e9d0bec85b3db",""
"https://www.searchsarkarinaukri.com/jobs/ccrh-ccrh-announces-recruitment-for-33-research-2026--1455","job-listing","134","801f33669ca50171307a1f478c4b05205ded01f1d8404680dd3bc98e60d718c3",""
"https://www.searchsarkarinaukri.com/jobs/ccrum-assistant-research-officer-pharmacognosy-recruitment-2026-apply-online-for-2-posts--3619","job-listing","243","946213ae82e86ba5a33e9983ee6f05377d9ce4cb9ff81ae852989a3277ab5a96",""
"https://www.searchsarkarinaukri.com/jobs/ccrum-compounder-recruitment-2026-apply-online-for-3-posts--3632","job-listing","216","ba188b6185b18c2afd3f9ba3dbe1c2437731ab2f95169bc53e9f1b9d79c1d6c7",""
"https://www.searchsarkarinaukri.com/jobs/ccrum-ccrum-2026--1946","job-listing","205","fab3e0637a1e1cf1df741c7d265cbaeb6fe3cef65c036cff7d767630609360d1",""
"https://www.searchsarkarinaukri.com/jobs/ccrum-assistant-research-officer-pharmacology-recruitment-2026-apply-online-for-1-post--3618","job-listing","194","d9070ee8b3c188106612a57ffbcf6d48f1990be30bdc459049c5675ba5564f1f",""
"https://www.searchsarkarinaukri.com/jobs/ccrum-hindi-assistant-recruitment-2026-apply-online-for-2-posts--3628","job-listing","211","73512befeb8ac3afb380fdf78e58cf72395be3e554e66e4e7ca1734874925f02",""
"https://www.searchsarkarinaukri.com/jobs/ccrum-investigator-statistics-recruitment-2026-apply-online-for-3-posts--3624","job-listing","244","7b9060c1c7bed1a5d77562de7e2baef83409997e8cec0bc9e8a6220c6a8a6449",""
"https://www.searchsarkarinaukri.com/jobs/ccrum-lower-division-clerk-ldc-recruitment-2026-apply-online-for-14-posts--3635","job-listing","226","d68d63e8ca6149e51e9e672c6afeed410195c2c5e59515bb72c17c05b96bb23a",""
"https://www.searchsarkarinaukri.com/jobs/ccrum-medical-laboratory-technologist-mlt-recruitment-2026-apply-online-for-12-posts--3625","job-listing","209","f6e9ec0b321be83f67d4e38e5aa9badfbcb83fd6b0a46a01894d14c666f76067",""
"https://www.searchsarkarinaukri.com/jobs/ccrum-library-information-assistant-recruitment-2026-apply-online-for-3-posts--3626","job-listing","202","17a4ac9f0c38a8eac96f187a67c67b969dc52d323df0964ff4ed25b2b4c86279",""
"https://www.searchsarkarinaukri.com/jobs/ccrum-multi-tasking-staff-mts-recruitment-2026-apply-online-for-38-posts--3637","job-listing","208","17ab83f56d131ca1ed94c5048be227226318b6412a45354056cf87689b2bb7e5",""
"https://www.searchsarkarinaukri.com/jobs/ccrum-proof-reader-recruitment-2026-apply-online-for-1-post--3627","job-listing","224","71871df2d14e5dbabc35e6ed836a6dde09da206058705f7eb492e843052e95c1",""
"https://www.searchsarkarinaukri.com/jobs/ccrum-radiographer-recruitment-2026-apply-online-for-1-post--3631","job-listing","210","1df7a5be79481cb281f1778a3619bc291214f35aa4577eba8f6318a83435d030",""
"https://www.searchsarkarinaukri.com/jobs/ccrum-pharmacist-recruitment-2026-apply-online-for-6-posts--3629","job-listing","239","09f8a64621bc7d508b85d0c64e4359df4ff03629a54d490cc239a370cb3d343d",""
"https://www.searchsarkarinaukri.com/jobs/ccrum-research-assistant-botany-recruitment-2026-apply-online-for-3-posts--3623","job-listing","207","7c2045da0337f2f17164495f383579f5bde0c91c1314a621cfabde7b84fe6db2",""
"https://www.searchsarkarinaukri.com/jobs/ccrum-research-assistant-chemistry-recruitment-2026-apply-online-for-2-posts--3622","job-listing","200","804ffd52b9fb0a14e2a50b2be69b80bf8e4db6f31a34ae0a7329fc179a97e347",""
"https://www.searchsarkarinaukri.com/jobs/ccrum-research-officer-pathology-recruitment-2026-apply-online-for-2-posts--3616","job-listing","187","9b18fd824be8bc03a1f48648ce0e72f3ef88dbaede360d997c491e4993529045",""
"https://www.searchsarkarinaukri.com/jobs/ccrum-research-officer-physiology-recruitment-2026-apply-online-for-1-post--3617","job-listing","203","8db9c8b9670e4061899a34dc7be01cc2ec20220a53ae160a6559c46cd55c39c4",""
"https://www.searchsarkarinaukri.com/jobs/ccrum-research-officer-unani-recruitment-2026-apply-online-for-16-posts--3615","job-listing","241","47e404114840a186cd68b0fee451068ddda9a37db93e56640681ea13fbbdb3ec",""
"https://www.searchsarkarinaukri.com/jobs/ccrum-social-worker-recruitment-2026-apply-online-for-2-posts--3630","job-listing","218","51d64bbd9b24e92a6ac698581aeae785f3b9614c5192379d547af76a6b65bdc7",""
"https://www.searchsarkarinaukri.com/jobs/ccrum-staff-car-driver-recruitment-2026-apply-online-for-5-posts--3636","job-listing","229","af86a896f5a70473f8f409403e0d04d99793ad9f4fb15d207ee9fb52f29c3ec2",""
"https://www.searchsarkarinaukri.com/jobs/ccrum-staff-nurse-recruitment-2026-apply-online-for-7-posts--3620","job-listing","258","b13689da3509b230a3e6171515c761f6da97766b4febef0c4166b89d498bed76",""
"https://www.searchsarkarinaukri.com/jobs/ccrum-stenographer-grade-ii-recruitment-2026-apply-online-for-7-posts--3633","job-listing","221","dbe1be0491c41e5e478069e10a50439af98e8ce4ee67cbeb6a9a72189a422059",""
"https://www.searchsarkarinaukri.com/jobs/ccrum-upper-division-clerk-udc-recruitment-2026-apply-online-for-31-posts--3634","job-listing","213","1efdbd73a91568344dab382c37b3311a643aaa30134c8d3f81e111af39ddc747",""
"https://www.searchsarkarinaukri.com/jobs/cdac-cdac-2026--1636","job-listing","264","04c05713e80c5ecadd4262fd491f956fec34f37b6248a38b5797f870def11b46",""
"https://www.searchsarkarinaukri.com/jobs/cdac-cdac-announces-recruitment-opportunities-for-2026--1463","job-listing","144","98f3e2e89697dd98f3630ac3bdb6fd912e4bb332879cd354be86e549c1f6872d",""
"https://www.searchsarkarinaukri.com/jobs/cdac-mumbai-cdac-mumbai-2026--2543","job-listing","240","49ccbd965721e1dcc55f505039d00b10b8a59eeda36f00b6c7781acd5ab2f86b",""
"https://www.searchsarkarinaukri.com/jobs/cdac-pune-cdac-pune-2026--2542","job-listing","240","7c6a4ad352d40dc6016cca638b88f0fcacba65f2ff43436a7c099c4183c125bb",""
"https://www.searchsarkarinaukri.com/jobs/cdsco-cdsco-2026--2742","job-listing","199","ff47fffa31e0a192c8207119227cc99bf89411526578915be7bc0795a6699209",""
"https://www.searchsarkarinaukri.com/jobs/cebs-mumbai-cebs-mumbai-2026--1764","job-listing","228","c6c92dab6116746f769a3cd7d76e7e7433c1b0322e1d7bee4c906e40cd368db6",""
"https://www.searchsarkarinaukri.com/jobs/cel-india-cel-india-2026--4422","job-listing","198","064ff2fefc2fdd0ed8aad618fe9c41692195ad6951b3115bdea751c20074ba70",""
"https://www.searchsarkarinaukri.com/jobs/cendect-krishi-vigyan-kendra-recruitment-for-the-post-of-senior-2026--2485","job-listing","139","4e71c2986b09616d96e2008b76b280ad40747380984a5ee66985e61d91ef0689",""
"https://www.searchsarkarinaukri.com/jobs/centbank-financial-services-limited-centbank-financial-services-limited-2026--3899","job-listing","233","bdab40e44dea05ee35e34e5e4dc88079e5b04661e8b0df2ce0282e18c2dfbf82",""
"https://www.searchsarkarinaukri.com/jobs/centbank-financial-services-ltd-cfsl-apply-for-6-assistant-manager-manager-2026--4067","job-listing","230","f18339f2d4eb06df6b69e2ebbd005e0988f1eb16c0665d4b720faadc78089df7",""
"https://www.searchsarkarinaukri.com/jobs/center-for-development-of-advanced-computing-c-dac-job-openings-at-center-for-development-2026--2585","job-listing","246","fb770ecf3c880ce0361f4e063e5d726c2adb60d172878d16ff0726080dd29319",""
"https://www.searchsarkarinaukri.com/jobs/center-for-development-of-advanced-computing-center-for-development-of-advanced-computing-2026--4087","job-listing","241","2407463b42f88af5b89d7fcb66f4b4ecbb4b5b682370c3a801fc0b6399eb86bc",""
"https://www.searchsarkarinaukri.com/jobs/central-adoption-resource-authority-recruitment-for-the-post-of-deputy-2026--3613","job-listing","141","d52e6abad453929546a9d6d6c26ae743b99f41ed0a00dcce00f7820a550599a8",""
"https://www.searchsarkarinaukri.com/jobs/central-airmen-selection-board-indian-air-force-airmen-2026--2323","job-listing","218","d8a3278a65d4257e465e8f4fc1d5cccad8ea8701d2b868f2018646f4f11c81a0",""
"https://www.searchsarkarinaukri.com/jobs/central-bank-of-india-amravati-central-bank-of-india-amravati-2026--2478","job-listing","242","e11da4f8d49e499015ef53ffc49c3185a5946271269a62230443528d449636cc",""
"https://www.searchsarkarinaukri.com/jobs/central-bank-of-india-central-bank-of-india-2026--1910","job-listing","223","f38941d90fcfed7fbea9ea2d00bb996eada9d444d9b9a4f7e460b5ff03fac249",""
"https://www.searchsarkarinaukri.com/jobs/central-bank-of-india-central-bank-of-india-2026--2298","job-listing","223","577e448fd93a27f24649bc9943773bc42ed56f6907d66ff73cb27f88598c2b11",""
"https://www.searchsarkarinaukri.com/jobs/central-institute-of-petrochemicals-engineering-and-technology-cipet-chandrapur-central-institute-of--2423","job-listing","225","b34632c0cc42239f0f5b21964215ebbe833f3137c6b06f8352c90beaaf64a35b",""
"https://www.searchsarkarinaukri.com/jobs/central-bureau-of-investigation-central-bureau-of-investigation-2026--1989","job-listing","233","f91c22fe0d10a54fb2ea903660a3aa2ec29259edb641b1650c9a6d1a5f343101",""
"https://www.searchsarkarinaukri.com/jobs/central-railway-railway-recruitment-cell-job-openings-at-central-railway-railway-2026--4126","job-listing","227","f8dd9daac17e70a22874b9cde261713e9a8392922c6ad033ae94e3a7090fe583",""
"https://www.searchsarkarinaukri.com/jobs/central-sanskrit-university-central-sanskrit-university-2026--1897","job-listing","223","4bef1d52e287b626415a07393ea933c99ddd60d30b2e43dc74589440c57ed4e2",""
"https://www.searchsarkarinaukri.com/jobs/central-sanskrit-university-nashik-campus-central-sanskrit-university-nashik-campus-2026--4320","job-listing","246","bd4cbaeb95c444953c9e999d25db8b1e2f4899217f5688d0a59fc08ae4356ca1",""
"https://www.searchsarkarinaukri.com/jobs/central-university-of-kerala-computer-operator-recruitment-2026-apply-online-for-1-post--3367","job-listing","193","99da5f17ad91e918a4942fa3eb7cd7e557546214ea38b0f54dc2a12f69d9cae6",""
"https://www.searchsarkarinaukri.com/jobs/central-university-of-kerala-laboratory-assistant-recruitment-2026-apply-online-for-5-posts--3366","job-listing","198","ef5a0786ba5368d7d2e739cb888b253bcd248b40de652e6d353f42d1e0c3e11f",""
"https://www.searchsarkarinaukri.com/jobs/central-vigilance-commission-central-vigilance-commission-2026--1730","job-listing","226","f58409eaee867f0a8ec4a1b594d7282aa462d740ca0d23e240e11a70544547a4",""
"https://www.searchsarkarinaukri.com/jobs/central-warehousing-corporation-central-warehousing-corporation-2026--2893","job-listing","232","e64d59fcb6a3fa45f5358c48eb31e0d414550868d971f559e387fa8910daece5",""
"https://www.searchsarkarinaukri.com/jobs/centre-for-development-of-telematics-centre-for-development-of-telematics-2026--3594","job-listing","237","d9c389144320ec1e041f25cac5d7c6f7470f5f3e1ed8d1eb1164a60b0a6cf8b2",""
"https://www.searchsarkarinaukri.com/jobs/centre-for-development-of-telematics-centre-for-development-of-telematics-2026--2137","job-listing","237","c0c0cea0c560ee8cc03a65932fd6044bab38f24b712069e2751a972cf32a076a",""
"https://www.searchsarkarinaukri.com/jobs/cert-in-scientist-b-computer-science-recruitment-2026--3134","job-listing","265","3883baae430c1ef1e85b844ea03285c9a494e5b0efc7207c6b8aa2964058b18a",""
"https://www.searchsarkarinaukri.com/jobs/cert-in-scientist-b-data-science-artificial-intelligence-recruitment-2026--3135","job-listing","250","69f82e00f4ff88174f3c40ed3145646aa7c29992837d47a6cc36bce1597b48d7",""
"https://www.searchsarkarinaukri.com/jobs/cert-in-scientist-b-electronics-communication-recruitment-2026--3136","job-listing","255","a3a3b1dcd474b5ec4f20655540fb928ba3c59e7a001063f7fb47474722a4c2b4",""
"https://www.searchsarkarinaukri.com/jobs/cfsl-cfsl-2026--4082","job-listing","212","4b638094f923dcc2fcb7510120231c3e10d73a9f36606646d4934120cbc69ef4",""
"https://www.searchsarkarinaukri.com/jobs/cgssb-mechanic-recruitment-2026--4510","job-listing","254","62803e1ebf96157a912cd727c79a4cac616ec4a9597536f78e2207842ed834e4",""
"https://www.searchsarkarinaukri.com/jobs/cgssb-vahan-chalak-cum-operator-recruitment-2026--4508","job-listing","258","bcbadce51a73be020794957f4c8c394769b2a4dad812e3f8b9eeb2f2e833f14e",""
"https://www.searchsarkarinaukri.com/jobs/cgssb-store-keeper-recruitment-2026--4509","job-listing","244","95ed709ed6953e5f8e7ff5c6b479039becbc26f3c07bd128e1dc142e3fad3eb5",""
"https://www.searchsarkarinaukri.com/jobs/cgssb-vahan-chalak-driver-recruitment-2026--4507","job-listing","267","02002b93f9a4f39caa81f496fe00f34aba5e9682e2e5a3e5828873f31b000d29",""
"https://www.searchsarkarinaukri.com/jobs/cgssb-watch-room-operator-recruitment-2026--4511","job-listing","270","3eb00028eb5004b89d555d0ac53a3ce040d0a6b77e43c6ede69615d776378a66",""
"https://www.searchsarkarinaukri.com/jobs/chandrapur-city-municipal-corporation-chandrapur-city-municipal-corporation-invites-applications-202--2203","job-listing","183","77a6a2f63a81c7be6d937331c826a95e511ffe02d37741b7bcb1f3e4cc90c850",""
"https://www.searchsarkarinaukri.com/jobs/chandrapur-forest-academy-chandrapur-forest-academy-2026--2439","job-listing","244","a3a508ebf350a7c74d310a8e3a2f45770f17abf9c6140096d128b574ae7012f7",""
"https://www.searchsarkarinaukri.com/jobs/chandrapur-city-municipal-corporation-chandrapur-city-municipal-corporation-invites-applications-202--2698","job-listing","187","a8e19e3f2b7ccca0f5ac5212b432796722f969db4cd57625f39be4428a84dc8e",""
"https://www.searchsarkarinaukri.com/jobs/chandrapur-jilha-suraksha-rakshak-chandrapur-jilha-suraksha-rakshak-2026--2755","job-listing","236","64c44e2c17b6fc34a9d16a4a335c18473de86487d316c2d003b9447dd5ffaa20",""
"https://www.searchsarkarinaukri.com/jobs/chandrapur-mahanagarpalika-chandrapur-mahanagarpalika-2026--2635","job-listing","237","5f05a019bbe4dc080197f4028c935badc4d33e6e8d41cf8ac78503c244bfa755",""
"https://www.searchsarkarinaukri.com/jobs/chhatrapati-sambhaji-maharaj-government-medical-college-and-hospital-satara-chhatrapati-sambhaji-mah--2691","job-listing","236","7c215efc06f25ed438044298a19d5e5c93d850cf94d0c64119fa30db55580dab",""
"https://www.searchsarkarinaukri.com/jobs/chandrapur-mahanagarpalika-chandrapur-mahanagarpalika-2026--2192","job-listing","237","b1e276803a47d3232dfa0a3992898963c033acee358b926ca56d76582e086547",""
"https://www.searchsarkarinaukri.com/jobs/chhatrapati-sambhaji-maharaj-government-medical-college-and-hospital-satara-chhatrapati-sambhaji-mah--4125","job-listing","223","9cd08daee67491cf9bc975b17f8eb3a477112f55c665587723b2984821eb0795",""
"https://www.searchsarkarinaukri.com/jobs/chief-sports-officer-recruitment-2026--3096","job-listing","213","1f8443b2277241730628a85b10ecac3d573827846c841b9f13b30670123cb00c",""
"https://www.searchsarkarinaukri.com/jobs/chittoor-dccb-staff-assistant-recruitment-2026-apply-online-for-75-posts--4189","job-listing","226","0c8674735f10a38ce15d22595f732db812f8d99b4311fe50b9fe1da9250bf769",""
"https://www.searchsarkarinaukri.com/jobs/chikhaldara-nagarparishad-chikhaldara-nagarparishad-2026--2358","job-listing","211","0c25d12be2c247ec3ad2ff94aebdeb43deedb3f0fe18db2e7a44876fec1c31ce",""
"https://www.searchsarkarinaukri.com/jobs/chme-society-nashik-chme-society-nashik-2026--2629","job-listing","238","5bfa2386a6eb50ba88dd99b88e8d070649d837ff8687d71435bf671f9581bf47",""
"https://www.searchsarkarinaukri.com/jobs/chme-society-nashik-chme-society-nashik-2026--4664","job-listing","237","8581892cee9ef6778249cac9c603d89c613f1d8d6e57b6a4cf1ef0d687669af2",""
"https://www.searchsarkarinaukri.com/jobs/cicr-nagpur-cicr-nagpur-2026--3131","job-listing","233","ec9485c90fad775e01032394d64ba4207c7373d58333ab5ffafa99adee3f49cb",""
"https://www.searchsarkarinaukri.com/jobs/cicl-nagpur-cicl-nagpur-2026--2031","job-listing","239","e72875c341d127b1d009432b26a3f674fdc3a024e514cfd44d6228b6f4f413a4",""
"https://www.searchsarkarinaukri.com/jobs/cidco-cidco-2026--3409","job-listing","214","0708679f0747caad8f5b3a05ccb5741bf3b3b7a9c0f5b91318df6baca742636b",""
"https://www.searchsarkarinaukri.com/jobs/cife-mumbai-cife-mumbai-2026--2365","job-listing","256","1c9c64a99a3b75d78e617145051579a46df4a92f2b8ea041028675b610bcae22",""
"https://www.searchsarkarinaukri.com/jobs/ciims-hospital-nagpur-ciims-hospital-nagpur-2026--4954","job-listing","220","8e44158079eba8c8da1315ec6dfa3d9a8a12daa8b47af6a2509dea8fac9f8887",""
"https://www.searchsarkarinaukri.com/jobs/cife-mumbai-cife-mumbai-2026--4524","job-listing","226","74462e38919dcf9a0b2b9af0cee5a8da58925b674b4c9a4d2de0fc80496a4fd2",""
"https://www.searchsarkarinaukri.com/jobs/cife-mumbai-cife-mumbai-2026--4886","job-listing","227","b2828341fd02e03c558be83c84c3320d2be29efda37c54baa4eba10403acef1a",""
"https://www.searchsarkarinaukri.com/jobs/cipet-cipet-2026--2403","job-listing","221","40f9750dce747f56c7a8536446200cb94493f12005074a3767763778b3ad8a14",""
"https://www.searchsarkarinaukri.com/jobs/civil-hospital-thane-civil-hospital-thane-2026--2441","job-listing","234","04b74a332e29c5d0ca058751ca19bf8cdb2584746f28e9e2654a8f1f60d03bbd",""
"https://www.searchsarkarinaukri.com/jobs/cjjd-jmfc--981","job-listing","391","433a6ee1184720884fc1c43668b8d115b476568e75ffa729e659f4238ccf78b3",""
"https://www.searchsarkarinaukri.com/jobs/civil-hospital-thane-samannya-rignalaya-thane-civil-hospital-thane-samannya-rignalaya-thane-2026--2416","job-listing","214","8387786243fd24d38920fd4d9bc31f3833c1947983bf337be2deccf8be17d17a",""
"https://www.searchsarkarinaukri.com/jobs/clw-archery-men-recurve-sports-quota-recruitment-2026-apply-offline-for-2-posts--4099","job-listing","196","e832f12d4e8e36e1ad1ff8eccf524e9a4b3bb1061e414882194ee4df45605b6f",""
"https://www.searchsarkarinaukri.com/jobs/clw-archery-women-compound-sports-quota-recruitment-2026-apply-offline-for-2-posts--4100","job-listing","192","61c4d52200820d9c28a5a6dc482b24e14444c7b74fe685d4a6aef1aa9c51f861",""
"https://www.searchsarkarinaukri.com/jobs/clw-badminton-men-singles-sports-quota-recruitment-2026-apply-offline-for-2-posts--4102","job-listing","184","05d31b6e1b2c1bd47ab4d21542928703fe144bcadb0071b9e6e4809c42de0620",""
"https://www.searchsarkarinaukri.com/jobs/clw-basketball-men-sports-quota-recruitment-2026-apply-offline-for-4-posts--4103","job-listing","213","7a47bc6c67a4dcd2bee694bf11ba222a3621bfd8a861bcfae2a8eefce92db105",""
"https://www.searchsarkarinaukri.com/jobs/clw-badminton-women-singles-sports-quota-recruitment-2026-apply-offline-for-2-posts--4101","job-listing","178","9fb7abeb478ce7aec8a6354a5e99f11bbb0003eb74fcd6a1eee8820c2699b8fd",""
"https://www.searchsarkarinaukri.com/jobs/clw-football-men-sports-quota-recruitment-2026-apply-offline-for-3-posts--4106","job-listing","197","4f7800bd11f28d453fea0aeb3c4a8ffe2861797004ba0573f2c02e9cc7f687ad",""
"https://www.searchsarkarinaukri.com/jobs/clw-basketball-women-sports-quota-recruitment-2026-apply-offline-for-3-posts--4104","job-listing","180","5af6b493c254ca1bafe4a212366b724cc455fe2ba1b44fd582df7f638f89fa75",""
"https://www.searchsarkarinaukri.com/jobs/clw-golf-men-sports-quota-recruitment-2026-apply-offline-for-1-post--4105","job-listing","192","b70e2a3fcda9216a9f27aa6afc92d5f1b1988f84471b06efef3a9e451c6fd159",""
"https://www.searchsarkarinaukri.com/jobs/clw-gymnastics-men-sports-quota-recruitment-2026-apply-offline-for-2-posts--4107","job-listing","213","b10c14c2debf98fca2499c872fe34203bc51193ec1ae0f92f932d4d037fc84de",""
"https://www.searchsarkarinaukri.com/jobs/clw-homeopathic-consultant-recruitment-2026--2956","job-listing","243","591b27215cb83b5b9b2b2ad660aa2b0a9750c0cdf64962abc27e27a3a306ec89",""
"https://www.searchsarkarinaukri.com/jobs/clw-gymnastics-women-sports-quota-recruitment-2026-apply-offline-for-1-post--4108","job-listing","186","032ba8184a1cb8fa8c1c5f1c1b1fbf9b182fdb0f11267cd238cf11d9a158c397",""
"https://www.searchsarkarinaukri.com/jobs/clw-level-5-level-4-sports-quota-recruitment-2026-apply-offline-for-2-posts--4112","job-listing","197","e5da0f67d052b4e8af24f782fd2c80c59e26a47cba0584a033a0b0b848aa8188",""
"https://www.searchsarkarinaukri.com/jobs/clw-shooting-men-sports-quota-recruitment-2026-apply-offline-for-1-post--4111","job-listing","207","9ef7c0a5c79dcd2b9b905cc4a1390bb5d0d4408acdb6707d422eda99974fcd9f",""
"https://www.searchsarkarinaukri.com/jobs/clw-sports-quota-recruitment-2026-apply-offline-for-25-posts--4113","job-listing","245","0b427f6d7a6ed7f29aed6d69f681f4f2d2b221394ed17f7a28aa83c3417afdcb",""
"https://www.searchsarkarinaukri.com/jobs/clw-swimming-men-sports-quota-recruitment-2026-apply-offline-for-1-post--4109","job-listing","191","2970ad05de2dc011efb2390de16d55c7bb21de430441273c18812c4b8041a8dc",""
"https://www.searchsarkarinaukri.com/jobs/clw-swimming-women-sports-quota-recruitment-2026-apply-offline-for-1-post--4110","job-listing","192","6d7526c3ddfe9819a5a44aa238ce16dad0b6efed2d3d35017147dde6e9dcf402",""
"https://www.searchsarkarinaukri.com/jobs/cmti-project-associate-i-recruitment-2026--3150","job-listing","254","aee4e680066bf2dd97aa4c685a5dd58c6b351b79733351a4365c8ef148d32b62",""
"https://www.searchsarkarinaukri.com/jobs/coal-india-coal-india-2026--2135","job-listing","246","e03a0b9ef28ec3db830c649dd4f9c95c7d6d2262c47f825d062bffbd9a62128f",""
"https://www.searchsarkarinaukri.com/jobs/coal-india-coal-india-2026--4526","job-listing","210","3b8e8e310559dfb7a39bbb00298d14d1991df3c8f4562f04238c07dd7ffb8919",""
"https://www.searchsarkarinaukri.com/jobs/cochin-shipyard-limited-manager-mechanical-2026--1362","job-listing","221","472470a7ee6cf01d08eded5e762f66326c404b88291facea2ee56161efd78ff4",""
"https://www.searchsarkarinaukri.com/jobs/cochin-shipyard-ltd-auto-electrician-on-contract-basis-for-2026--2569","job-listing","212","ae6d8a6b43d082ff7345aa4a4816ced1cb4f96c9ff334754839a57c3e49e7312",""
"https://www.searchsarkarinaukri.com/jobs/cochin-shipyard-ltd-driver-staff-car-on-contract-basis-2026--1594","job-listing","222","c9d2effa9e094e55dc9381c9ec6d45536da73196ce527b3b77350698bd6f5eaf",""
"https://www.searchsarkarinaukri.com/jobs/cochin-shipyard-ltd-scaffolder-trainee-for-csl-2026--2612","job-listing","216","70d1118b18481a21c80833dec294338113ff95c55b1aba370bd672470819af1b",""
"https://www.searchsarkarinaukri.com/jobs/cochin-shipyard-ltd-safety-assistant-2026--2611","job-listing","195","e4a4b747d0d29769d296c1a7c986a5c96286dcf564e7a8f5608bd2ed05cdc0f9",""
"https://www.searchsarkarinaukri.com/jobs/cochin-shipyard-ltd-vacancy-notification-for-selection-of-boat-2026--2815","job-listing","240","74a5631fed3f025a084272ecdf6b0737a45ed3411e854e6da761545f8a98df87",""
"https://www.searchsarkarinaukri.com/jobs/coep-pune-coep-pune-2026--1847","job-listing","240","123d2807601a2999000f79da11b542d6f4d244e715c9e16237657ae234464fd0",""
"https://www.searchsarkarinaukri.com/jobs/collector-office-dhule-jilhadhikari-karyalaya-dhule-collector-office-dhule-jilhadhikari-karyalaya-dh--3602","job-listing","256","e93e205a6aaa407e0d568854b8f469a4740ee52be4ee5726f2ea3607df247a36",""
"https://www.searchsarkarinaukri.com/jobs/collector-office-dhule-jilhadhikari-karyalaya-dhule-collector-office-dhule-jilhadhikari-karyalaya-dh--4774","job-listing","193","253270834892525b4379b5e4a53e50637ae33fe2ec924482b5aa601bbbf34cbd",""
"https://www.searchsarkarinaukri.com/jobs/collector-office-gadchiroli-jilhadhikari-karyalay-gadchiroli-collector-office-gadchiroli-jilhadhikar--4065","job-listing","205","7224787f00a3ab32a174d9f9e08c892688f507964a7c67fe3b524fab7128c308",""
"https://www.searchsarkarinaukri.com/jobs/college-of-agriculture-karad-college-of-agriculture-karad-2026--2171","job-listing","220","6555a3777ce1ae01fd3ab71550236ebea5d866ccbf5f10fbeec2f3c09174afc3",""
"https://www.searchsarkarinaukri.com/jobs/college-of-agriculture-muktainagar-college-of-agriculture-muktainagar-2026--3361","job-listing","210","17471a5012c3bad30ce18bfc2b439d184b01b78d5a0d4fae9f4869b67f207090",""
"https://www.searchsarkarinaukri.com/jobs/college-of-agriculture-nagpur-college-of-agriculture-nagpur-2026--4881","job-listing","231","cb1b491894fb223e962440615169d78e0e08da1dc7b9c1e2f8462f2d50e77506",""
"https://www.searchsarkarinaukri.com/jobs/college-of-agriculture-naigaon-college-of-agriculture-naigaon-2026--2616","job-listing","225","669ece5418ec9515d7a35f0a66604dab6dd7bb15d67afb04a87a58670149d55d",""
"https://www.searchsarkarinaukri.com/jobs/college-of-engineering-and-technology-chhsambhajinagar-college-of-engineering-and-2026--2337","job-listing","242","c63ecc5acda1dae01afd872df8d62d1ae4fdb65d887eb96acf8b900026f385f9",""
"https://www.searchsarkarinaukri.com/jobs/college-of-agriculture-pune-college-of-agriculture-pune-2026--3724","job-listing","235","ca115233d0839f49611e15afd9ade9ad63d7e7c5fe38aa4220cb7d2950c7f819",""
"https://www.searchsarkarinaukri.com/jobs/college-of-food-technology-sangli-college-of-food-technology-2026--2169","job-listing","246","1fb19653108273aa733d34cd61efb5788a4667e6d228d79f1413a7082ef54eb0",""
"https://www.searchsarkarinaukri.com/jobs/command-hospital-pune-command-hospital-pune-2026--2143","job-listing","243","9deb4fff8ae92cc5a19dc34c1174d82e5ce2d6e805c0cd6f963e47e401aa0456",""
"https://www.searchsarkarinaukri.com/jobs/computer-science-teacher-cst-recruitment-2026--4493","job-listing","235","5acb6c110df87b6a1e67ba5dfbf2eb5ec5fed667242af81f0ace7d2ed65dd116",""
"https://www.searchsarkarinaukri.com/jobs/cotton-corporation-of-india-cotton-corporation-of-india-2026--2798","job-listing","220","8edbf104f93639c7d47d6ee7b488b8859f05c745cfdbe0664f2f0bc807d7333e",""
"https://www.searchsarkarinaukri.com/jobs/cosmos-bank-cosmos-bank-2026--4725","job-listing","204","fdcd4e965cc766228e9ffd3e66861201ad3428d99cd321af0411877de836bf81",""
"https://www.searchsarkarinaukri.com/jobs/cpcb-administrative-assistant-recruitment-2026--4919","job-listing","212","0b94175bc2ccfdc216dfdc56719c8f50801b9067cbf87393665d8304e38970da",""
"https://www.searchsarkarinaukri.com/jobs/council-of-scientific-amp-industrial-research-csir-recruitment-of-assistant-section-officer-from-202--2371","job-listing","193","3c0a4f7fe8937a921c23479200cc7f4ecd7065976db8b26b7fa282d61721de01",""
"https://www.searchsarkarinaukri.com/jobs/cpcb-assistant-manager-finance-recruitment-2026--4918","job-listing","214","32014ea5fd47cc8aa01582dfc9d32896ded169469e0874bed71f8cec310ce868",""
"https://www.searchsarkarinaukri.com/jobs/cpcb-data-entry-operator-recruitment-2026--4922","job-listing","220","04efdaa767763f9966638d3a26fbcb362f6a6ffce6eb5d369f77b51852eca47e",""
"https://www.searchsarkarinaukri.com/jobs/cpcb-cpcb-2026--2162","job-listing","234","86e70cf51f24d7c2446ea1dc352dd20be8c4de1da7a830e363211e1260723639",""
"https://www.searchsarkarinaukri.com/jobs/cpcb-field-assistant-recruitment-2026--4923","job-listing","218","9de98a92e59ea7e5410b52524feff0796299b8050cf5840ccc8c58ec8fdeaf32",""
"https://www.searchsarkarinaukri.com/jobs/cpcb-cpcb-2026--4885","job-listing","202","993f001d48328eb5c77f8900ce316ec7dfaff8e47a5af02bfd869a8c8ced3fc2",""
"https://www.searchsarkarinaukri.com/jobs/cpcb-scientific-assistant-recruitment-2026--4920","job-listing","233","8194861bf68a8013d116c825a63eacae5d1bd84f5d708cfe7f6ecb051e19b3ad",""
"https://www.searchsarkarinaukri.com/jobs/cpcb-scientist-b-recruitment-2026--4917","job-listing","228","ec8a61dd5fec5daa4df93faaa8a05cee83b115ae7d008f4829843bee60a3c5b1",""
"https://www.searchsarkarinaukri.com/jobs/cpcb-scientist-d-recruitment-2026--4915","job-listing","239","6f88b8629c50c4d3cb801b6254746996fd4ebb176a4b5fcbf5d322f3a25fe4f9",""
"https://www.searchsarkarinaukri.com/jobs/cpcb-scientist-c-recruitment-2026--4916","job-listing","225","d2f99c8b9d31f94ac1879289e295afca35e1ab8d258c410caaabfd5d3f726f14",""
"https://www.searchsarkarinaukri.com/jobs/cpcb-taxonomist-recruitment-2026--4921","job-listing","227","32b002cbc54804b19085ce224f928ad5da0139b9b822890f9b6172b3afdae653",""
"https://www.searchsarkarinaukri.com/jobs/criminal-investigation-department-cid-maharashtra-recruitment-notification-criminal-investigation-de--4193","job-listing","193","bf8a23550eea6c34cfbfc5aa94bd380876f5c4ab3791846baf2660639366269d",""
"https://www.searchsarkarinaukri.com/jobs/cris-cris-2026--2038","job-listing","221","65c05a745d2396559fb0ed5a866ebb6505a9ff92faab4ef736b4be88311c014b",""
"https://www.searchsarkarinaukri.com/jobs/crpf--1028","job-listing","319","f0acf12a085f1f4facbb04694ba03fdbcfb35a6f6c27fb5c2e83e3e30c0c71ba",""
"https://www.searchsarkarinaukri.com/jobs/csc-aadhaar-supervisor-operator-recruitment-2026-316-posts--2761","job-listing","240","2db91cb04773713ad7338d408d6aab446b9cb232c3e3c6743f8c32d6a396f168",""
"https://www.searchsarkarinaukri.com/jobs/csc-aadhaar-supervisor-operator-recruitment-2026-bihar-apply-online--3971","job-listing","218","8a1b82d8c337548c94ca39ad4c630e751159f657bda6ea45214cf095461a3b8a",""
"https://www.searchsarkarinaukri.com/jobs/csc-aadhaar-supervisor-operator-recruitment-2026-chhattisgarh-apply-online--3977","job-listing","201","521ec4080c0907ba8827da0a4b1dd0156b473dec4a4b6bd3b8c3441e032c48cf",""
"https://www.searchsarkarinaukri.com/jobs/csc-aadhaar-supervisor-operator-recruitment-2026-goa-apply-online--3981","job-listing","219","4077f3c3d69ca77151fded35783b09a128dc43963c6b905044681d79c38ed0bd",""
"https://www.searchsarkarinaukri.com/jobs/csc-aadhaar-supervisor-operator-recruitment-2026-haryana-apply-online--3974","job-listing","195","ceea3707e228ca8d4699d8b861f4422c092d35d6ef2a148dec3830a0c369b2a1",""
"https://www.searchsarkarinaukri.com/jobs/csc-aadhaar-supervisor-operator-recruitment-2026-karnataka-apply-online--3973","job-listing","195","d8f028d7e9efd6c9d857159dd426253a33af8c6a8c283a846858d1dc5fe2151c",""
"https://www.searchsarkarinaukri.com/jobs/csc-aadhaar-supervisor-operator-recruitment-2026-madhya-pradesh-apply-online--3976","job-listing","207","7903709a08afa89421430a537480e2aaef04ae4ec88919b024ff7d77ef264e1c",""
"https://www.searchsarkarinaukri.com/jobs/csc-aadhaar-supervisor-operator-recruitment-2026-maharashtra-apply-online--3978","job-listing","209","43f4c456608f6e6bd90f74d169488f0e8878d9209bc8c0b6833deff987c53f8e",""
"https://www.searchsarkarinaukri.com/jobs/csc-aadhaar-supervisor-operator-recruitment-2026-odisha-apply-online--3979","job-listing","216","819304b83e8de6df501dda6d46468ec83e85e3a14e20277b42bafeffd5b7225c",""
"https://www.searchsarkarinaukri.com/jobs/csc-aadhaar-supervisor-operator-recruitment-2026-punjab-apply-online--3975","job-listing","207","66edb32cdcab321de8638212f8edb54e29f35cbd6a50d6b97e8481087d1c68f4",""
"https://www.searchsarkarinaukri.com/jobs/csc-aadhaar-supervisor-operator-recruitment-2026-rajasthan-apply-online--3980","job-listing","210","b0cc40945a0fd4118dae080c813631c8eca9c2339c7737c4748d52dae342658f",""
"https://www.searchsarkarinaukri.com/jobs/csc-aadhaar-supervisor-operator-recruitment-2026-uttar-pradesh-apply-online--3972","job-listing","195","4a39a192c2ae007dd890e0f2c4afae1177c1796dec17371691191e14ae415458",""
"https://www.searchsarkarinaukri.com/jobs/csc-e-governance-services-india-limited-apply-for-20-state-project-manager-2026--4932","job-listing","218","5ae3123e061c9ceeaad9e2c5a84a898fc49c29d312146a526ad03d1c85ea387b",""
"https://www.searchsarkarinaukri.com/jobs/csc-e-governance-services-india-ltd-csc-e-governance-services-india-ltd-recruitment-2026--2489","job-listing","223","06b24b3ea450a274f2c5510a3e3197cc2eebbdfc745b793dd4d575f43d973bbd",""
"https://www.searchsarkarinaukri.com/jobs/csir-ccmb-driver-2026--1530","job-listing","247","9a7a4894d1205f0016844b260328745ff3d8752b5c4649ce5fa3b9736e6a1639",""
"https://www.searchsarkarinaukri.com/jobs/csir-ccmb-technical-officer-2026--1529","job-listing","209","47b469ff0bb3b6a756dcee46d9d43ed3d08cc4c229b77eac6003f244e50075df",""
"https://www.searchsarkarinaukri.com/jobs/csir-ccmb-technician-2026--1531","job-listing","206","19f65634f264b86ba9ee765a4610d781ca07fc3eee2c7fc2454c4db5f9a68f12",""
"https://www.searchsarkarinaukri.com/jobs/csir-ccmb-technician-driver-and-technical-officer-2026--1573","job-listing","189","cf9f02d3f95965c2029e5a40d7d38fff557bf9564611eda6f137e9b5f1b303c8",""
"https://www.searchsarkarinaukri.com/jobs/csir-central-building-research-institute-part-time-doctor-allopathic-system-2026--2003","job-listing","272","ef272fb64f30f5d9e260f5ce6a36a03db4959e4c67b3862820a070b4d1f5d6b8",""
"https://www.searchsarkarinaukri.com/jobs/csir-central-building-research-institute-project-staff-2026--2160","job-listing","258","08db524a605ff99a8f02fc15da685a9a975ab97796c5dcc8ca490986a55acd0a",""
"https://www.searchsarkarinaukri.com/jobs/csir-central-drug-research-institute-lucknow-engagement-of-project-staff-2026--2645","job-listing","261","3d8fe48e308cc29e078b004bacb1d0ca79c5f4fb55077641bef1025c66530fef",""
"https://www.searchsarkarinaukri.com/jobs/csir-central-road-research-institute-research-intern-csir-central-road-2026--1289","job-listing","261","327b409acb5ac6c29c61c5f4c0dc8aaa7b9629556ec0d6c0308f200af69fc66f",""
"https://www.searchsarkarinaukri.com/jobs/csir-central-mechanical-engineering-research-institute-recruitment-to-the-posts-of-technician-2026--2856","job-listing","236","fca01217fc88eb51ae86d0dcf76b598e6cdd9ae965fb8247a182252c56f23e32",""
"https://www.searchsarkarinaukri.com/jobs/csir-cimfr-recruitment-of-project-staffs-2026--1642","job-listing","391","499f72a59ccaba306748a35fc03fb48bcadf3f2a5809f2c9668faab3f33b1cf8",""
"https://www.searchsarkarinaukri.com/jobs/csir-cimfr-recruitment-of-part-time-doctor-2026--2004","job-listing","248","d8ea19af4a00bf35d8eebfb6f897fa9831741d68413c8f029cc3b463ffc1ecdc",""
"https://www.searchsarkarinaukri.com/jobs/csir-cimfr-technician-2026--1471","job-listing","265","866092f194f4e9628b9d1e56fb542e62239b56a318f678ee136254c1e2ea925c",""
"https://www.searchsarkarinaukri.com/jobs/csir-cmeri-recruitment-2026-project-associate-project-assistant-posts--2736","job-listing","240","116f0085772f99eea24b6e6d2f097c6afd19b7ab40df21ede658af02e817f648",""
"https://www.searchsarkarinaukri.com/jobs/csir-csir-2026--4730","job-listing","205","eeafd8171715bd98f06d09931565df2637f87316ea9c7f2c2bd2172b3e2d35f6",""
"https://www.searchsarkarinaukri.com/jobs/csir-csir-2026--2302","job-listing","241","da3b21451be3c886ba2c915b0d8b7851074a3023556e30fff9978c770e50f533",""
"https://www.searchsarkarinaukri.com/jobs/csir-icm-csir-icm-2026--1997","job-listing","217","e0744ada94492e860ddec3149c6d50e7e5f6ca42308709f81f72e983e1ff81a1",""
"https://www.searchsarkarinaukri.com/jobs/csir-ihbt-project-associate-pat-i-2026--2810","job-listing","257","e4b6204ccd3e31cde54fe68aef0e82a636d8c5706436d8c4045729201a6a3937",""
"https://www.searchsarkarinaukri.com/jobs/csir-iiim-jammu-project-assistant-ii-csir-iiim-jammu-2026--1297","job-listing","246","ef6f7354767a817fa313c0e93a534883d4f5d3f4930378605ceb3f847c10b8cb",""
"https://www.searchsarkarinaukri.com/jobs/csir-immt-apprentice-trainee-chemical-engineering-recruitment-2026-4-posts--4342","job-listing","250","b7888a89718e68d833538f2442d18bb573b21d1bd67c9ce47af4e2ed751ab942",""
"https://www.searchsarkarinaukri.com/jobs/csir-iiim-jammu-security-assistant-2026--1290","job-listing","268","7abaf9508d63492dd3c7ee9125d186864f514d37d5053b22bb7d510be8852b3a",""
"https://www.searchsarkarinaukri.com/jobs/csir-immt-apprentice-trainee-electronics-engineering-recruitment-2026-3-posts--4345","job-listing","226","d5154d978f2026db64ffad3a13cc2bbeca3e072783031a32130ae92dd3cdf8e3",""
"https://www.searchsarkarinaukri.com/jobs/csir-immt-apprentice-trainee-mechanical-engineering-recruitment-2026-2-posts--4344","job-listing","227","e9595908b2ea1010bb871aa2f4a183a82c6b005e62c8ba0c540ab0d6ae6a8f2f",""
"https://www.searchsarkarinaukri.com/jobs/csir-immt-apprentice-trainee-metallurgy-recruitment-2026-3-posts--4343","job-listing","235","a6b86a02e81f1bacd835ac7a2652571f0e6be59c3d8e8ec047e0791325be9237",""
"https://www.searchsarkarinaukri.com/jobs/csir-immt-apprentice-trainee-office-assistant-recruitment-2026-2-posts--4346","job-listing","211","bdbb16cb09b2aec6d911f170cb0224f9d4f44591c65d155549df5b69b5fd75d2",""
"https://www.searchsarkarinaukri.com/jobs/csir-immt-diploma-apprentice-trainee-chemical-engineering-recruitment-2026-3-posts--4351","job-listing","215","12464cd005f41c0b0bd0d930fcfb318458121fa59780caeac857ba9d8d6435bb",""
"https://www.searchsarkarinaukri.com/jobs/csir-immt-diploma-apprentice-trainee-civil-engineering-recruitment-2026-2-posts--4352","job-listing","218","9855d9eeeb4d29ac0e0fa211187f0de6a49aa76366e822f4566628af1b6d73af",""
"https://www.searchsarkarinaukri.com/jobs/csir-immt-diploma-apprentice-trainee-electrical-engineering-recruitment-2026-2-posts--4347","job-listing","217","b279f359ee6d1b7909df2175ce62ae7c33b8e5d20f468ed34bddfde195d85328",""
"https://www.searchsarkarinaukri.com/jobs/csir-immt-diploma-apprentice-trainee-electronics-engineering-recruitment-2026-2-posts--4353","job-listing","211","edd015327ee070aef0cea1a546a6576e4e2d1bed64fbe31f2bb88e130193023e",""
"https://www.searchsarkarinaukri.com/jobs/csir-immt-diploma-apprentice-trainee-mechanical-engineering-recruitment-2026-1-post--4348","job-listing","220","767bc63c69357f58356c2063434f8f914b6cdf2d8797fe182e1126566627da87",""
"https://www.searchsarkarinaukri.com/jobs/csir-immt-diploma-apprentice-trainee-metallurgy-recruitment-2026-2-posts--4350","job-listing","206","8a49b7478fb72deddfdbf63854b3601e7c8e18cb03444b8eaa596ff87207ae1c",""
"https://www.searchsarkarinaukri.com/jobs/csir-immt-diploma-apprentice-trainee-modern-office-management-recruitment-2026-1-post--4349","job-listing","220","3c350bd79ddd9c388130860cc7c020937f733d0a904a99533b0c2002a19b3fab",""
"https://www.searchsarkarinaukri.com/jobs/csir-immt-iti-apprentice-trainee-electrician-recruitment-2026-2-posts--4355","job-listing","192","01fcfc1c793f5ab91c64c2ef256945c506f027991a2d24905f83e097226a0d89",""
"https://www.searchsarkarinaukri.com/jobs/csir-immt-iti-apprentice-trainee-electronics-mechanic-recruitment-2026-2-posts--4358","job-listing","193","dada1d0a815836acbac377aede17fc660751204e69dbdf51a8cfa6b22c70eaa9",""
"https://www.searchsarkarinaukri.com/jobs/csir-immt-iti-apprentice-trainee-fitter-recruitment-2026-2-posts--4354","job-listing","199","5bb035b5a5af4b5d277da77b2957c4fbc54863ad546f2244ae3682041173842f",""
"https://www.searchsarkarinaukri.com/jobs/csir-immt-iti-apprentice-trainee-machinist-recruitment-2026-2-posts--4356","job-listing","194","a255f0758229b105b22f1a62796d8a73563b78f78ff23bdb207d3970588768be",""
"https://www.searchsarkarinaukri.com/jobs/csir-immt-iti-apprentice-trainee-mechanic-of-refrigeration-ac-recruitment-2026-1-post--4357","job-listing","201","2d31c868c00cd8249ce69c3a0b925f60700c4e808cb4010e6db9a658ab982d87",""
"https://www.searchsarkarinaukri.com/jobs/csir-immt-iti-apprentice-trainee-pasaa-copa-recruitment-2026-1-post--4360","job-listing","197","ee6cfccccb834d67565491e355191c114db13297eb73949959c6a7d70b0e3488",""
"https://www.searchsarkarinaukri.com/jobs/csir-immt-iti-apprentice-trainee-turner-recruitment-2026-1-post--4359","job-listing","190","bc8d6565111b39951230d35ee892d3be73a1826d3a2b84172fcc06952c95a99f",""
"https://www.searchsarkarinaukri.com/jobs/csir-immt-iti-apprentice-trainee-welder-recruitment-2026-3-posts--4361","job-listing","192","e4a96bf541b8c1363fdebec4da19cb1596dc0f9db113a56937178fcec6b22849",""
"https://www.searchsarkarinaukri.com/jobs/csir-innovation-complex-mumbai-csir-icm-job-openings-at-csir-innovation-complex-mumbai-2026--2008","job-listing","242","934bb162f5c1cea5a79f2886dc4072620bc29dc870c938b9a37a1537be632bd3",""
"https://www.searchsarkarinaukri.com/jobs/csir-indian-institute-of-chemical-biology-engagement-of-project-personnel-at-csir-iicb-2026--1857","job-listing","267","f616cc12f02fe020c28b93981b5a2624e0b0cb064430d66af627c509a783b5b8",""
"https://www.searchsarkarinaukri.com/jobs/csir-institute-of-minerals-and-materials-technology-project-associate-csir-institute-of-minerals-202--2811","job-listing","215","83174a4f9c09ec9006ded189d6d4c3725072cfb35bb952d70b9c95c74b63dde1",""
"https://www.searchsarkarinaukri.com/jobs/csir-nal-principal-project-associate-recruitment-2026-walk-in-for-1-post--4228","job-listing","197","cdf5391c5d523cafdc49aa2d4c6f8919bf1d4233fc74d62f21c3698d1b19fe51",""
"https://www.searchsarkarinaukri.com/jobs/csir-nal-project-assistant-ii-recruitment-2026-walk-in-for-5-posts--4222","job-listing","201","c2c5c09ec8b01f8f332d9f59cc579e22753b6665b8286b26ea4a9fb9751e3566",""
"https://www.searchsarkarinaukri.com/jobs/csir-nal-project-assistant-i-recruitment-2026-walk-in-for-8-posts--4221","job-listing","200","0d1a3901e13cc5d705bb6ad28490624cdb357121f85cfb3d800126d56994f45f",""
"https://www.searchsarkarinaukri.com/jobs/csir-nal-project-associate-i-net-gate-recruitment-2026-walk-in-for-1-post--4224","job-listing","209","0944ab8898375b514de6fde7dd39ff0ffb1e9d4c876e2aac7a3756980987380b",""
"https://www.searchsarkarinaukri.com/jobs/csir-nal-project-associate-i-recruitment-2026-walk-in-for-31-posts--4223","job-listing","215","3a6b82d658457d43199e55687a1b5ad926b34fa363042277b83aa776851192c0",""
"https://www.searchsarkarinaukri.com/jobs/csir-nal-project-associate-ii-recruitment-2026-walk-in-for-37-posts--4225","job-listing","219","736ed0cd312c6e4c3977e11a335c09a6db2c9407191276761bb08ab09c67221a",""
"https://www.searchsarkarinaukri.com/jobs/csir-nal-project-associate-ii-net-gate-recruitment-2026-walk-in-for-2-posts--4226","job-listing","210","c56a1d31e2eb698c442e955338faa30761f79ab1cb04e7520156a252b27c509d",""
"https://www.searchsarkarinaukri.com/jobs/csir-nal-senior-project-associate-recruitment-2026-walk-in-for-4-posts--4227","job-listing","200","c1a074dfc6f79836065eff76275fb7a061a77f6a953ac3c5c8d7d2d9f26cb065",""
"https://www.searchsarkarinaukri.com/jobs/csir-national-chemical-laboratory-pune-job-opening-at-csir-national-2026--3200","job-listing","229","b54eaa023d20c4aca837fa7ceca35805042c0918a4f99a091e6f182ee8f01884",""
"https://www.searchsarkarinaukri.com/jobs/csir-national-chemical-laboratory-pune-job-openings-at-csir-national-2026--1870","job-listing","206","31d3cb5e6e3fa6959214b77596429ba649e61ef0276a3c7cfdda37981add1047",""
"https://www.searchsarkarinaukri.com/jobs/csir-national-environmental-engineering-research-institute-csir-neeri-recruitment-2026-1-project-202--1672","job-listing","225","d3fe2d365c6c9b533a540b5f360e736f5af5cebbc60c5607c70a83a101270e4b",""
"https://www.searchsarkarinaukri.com/jobs/csir-national-environmental-engineering-research-institute-nagpur-job-openings-at-csir-national-2026--1771","job-listing","244","55a849fc02e27bb205aa08cea4a213f5f4dd3c9d1977f0467a4172413b6aed3d",""
"https://www.searchsarkarinaukri.com/jobs/csir-national-environmental-engineering-research-institute-recruitment-notification-csir-national-en--2490","job-listing","206","eab132796b8c83237d6d5d4ed08825fd013852604cc8530518775343a77f70e6",""
"https://www.searchsarkarinaukri.com/jobs/csir-national-institute-of-oceanography-project-associate-i-csir-national-institute-2026--1574","job-listing","213","bf2f09b979202b5d81aaef63ce7e211e7895cb2f9480858b5e53ab2265c490eb",""
"https://www.searchsarkarinaukri.com/jobs/csir-national-institute-of-oceanography-project-scientist-ii-2026--1585","job-listing","220","4efc20958539cb56de5608101af7f69d3c5c96daec8dd0832bdf439a52c6d534",""
"https://www.searchsarkarinaukri.com/jobs/csir-national-institute-for-interdisciplinary-science-and-technology-multi-tasking-staff-2026--1398","job-listing","220","6c431dd4231d30f4b9ee48b5a03768a6c4b96c8b8ab392ede0d9b94d5bd6c398",""
"https://www.searchsarkarinaukri.com/jobs/csir-national-physical-laboratory-to-assist-the-scientific-and-technical-2026--1766","job-listing","172","9205bc0e7764983b8ee7fe1ffc95106d8fe9e14e09661764a0f1bfe35072e4ef",""
"https://www.searchsarkarinaukri.com/jobs/csir-project-scientist-i-recruitment-2026--4798","job-listing","323","850604827a416073565f06e9a4b28e4d378e850e6186821a5a64a1623a9873f0",""
"https://www.searchsarkarinaukri.com/jobs/csir-project-scientist-iii-adme-pk-recruitment-2026--4797","job-listing","317","c23338d105f73daa5e0cef171e0d6e6db65a1d0dc861e1979971d7491c962d09",""
"https://www.searchsarkarinaukri.com/jobs/csir-project-scientist-iii-recruitment-2026--4796","job-listing","324","add89d09d8090863cc5a15c6cedf15bfb07b5c53def552a1a00775e54e817338",""
"https://www.searchsarkarinaukri.com/jobs/csir-senior-project-associate-adme-pk-recruitment-2026--4800","job-listing","318","9b364d844dc6769d3388eb77e640f3602ff78c7f606a5b4a474b8f00a85866ff",""
"https://www.searchsarkarinaukri.com/jobs/csir-senior-project-associate-recruitment-2026--4799","job-listing","307","d8026ebafa0b62a93cdbb784c0df5bd0f24c8b99e0016ba44a0c3e7d955d7515",""
"https://www.searchsarkarinaukri.com/jobs/csir-technician-recruitment-2026--4762","job-listing","308","4a3ae827f9a088af64bfaeacc0c2a5049a9c97fab362eff93771f94fdcd5f379",""
"https://www.searchsarkarinaukri.com/jobs/csir-tkdl-project-associate-i-recruitment-2026-5-posts--2735","job-listing","221","5e4c8638895a5e2f5e06b465de0e1db5fbd699ebf1acda287e2891ba105813e7",""
"https://www.searchsarkarinaukri.com/jobs/csl-csl-2026--2623","job-listing","244","99c48ec23fd636f3a35faed1be4b560f50f1f4a91798754f0f95559bd2162459",""
"https://www.searchsarkarinaukri.com/jobs/csl-csl-2026--4527","job-listing","216","d6ba765dc5ee743ac0e43e11c34741a9b6795388ca785011477a23ed2a76b0f1",""
"https://www.searchsarkarinaukri.com/jobs/cwc-young-professional-recruitment-2026-6-posts--2861","job-listing","217","39136d2bf2154e869a3f5a2b53b3209839d2e3edd85670657cd8ed560747965c",""
"https://www.searchsarkarinaukri.com/jobs/csl-csl-2026--4775","job-listing","216","ba93fb1a6ac3b9560968774b6f079eccaddaec06a523d215826d7b8dbfca2675",""
"https://www.searchsarkarinaukri.com/jobs/cwc-young-professional-recruitment-2026-apply-online-for-6-posts--3195","job-listing","275","787cfd86864b874ae4d89d62dc5221fe0d41f0288b1e8c55b225e325840bb34c",""
"https://www.searchsarkarinaukri.com/jobs/dahd-dahd-2026--4884","job-listing","205","aa61d26ff66872198db174c8a033986bbdeefa65762bd30449ed2bb88a1ad05a",""
"https://www.searchsarkarinaukri.com/jobs/dbskkv-dbskkv-2026--2183","job-listing","215","c241ef75a25cc236e43a781d1a6e83a570796bacf079d65541c9441e4c347f23",""
"https://www.searchsarkarinaukri.com/jobs/dbskkv-dbskkv-2026--1963","job-listing","214","c5a6665fa5281337394e61e8d692235dfacbfd76e46fb2df2691e91b70cbd2eb",""
"https://www.searchsarkarinaukri.com/jobs/dbskkv-dbskkv-2026--2452","job-listing","215","b0d5495db22d8981dc56882f5f2f9e4109a92fb4a3324f9f9f5f9c4399ed0e3b",""
"https://www.searchsarkarinaukri.com/jobs/dbskkv-dbskkv-2026--2587","job-listing","215","7c7e40fb4497121997bad6e95f4d39e735054700d66e41a77bb6d21351198cbd",""
"https://www.searchsarkarinaukri.com/jobs/dbskkv-dbskkv-2026--2788","job-listing","215","003dab9f2a655b254d536afdbdd2ee4fc7935b4da2a0a7ad3270628d0558bdf5",""
"https://www.searchsarkarinaukri.com/jobs/dbskkv-dbskkv-2026--2924","job-listing","215","31afba6ab2411b801cb085b7d2157db49eca6514fe55489fb44f02460f550e05",""
"https://www.searchsarkarinaukri.com/jobs/dbskkv-dbskkv-2026--3517","job-listing","215","a86cc946d99abf28f777896721771fff00f7a230b9da2b3c2364e6731fd4a72d",""
"https://www.searchsarkarinaukri.com/jobs/dbskkv-dbskkv-2026--3711","job-listing","215","a57946b4aa07db3b1fb240e777b8c2d465c37a01f1fdefc3ffc7962079109049",""
"https://www.searchsarkarinaukri.com/jobs/dbskkv-dbskkv-2026--3956","job-listing","215","2641ed71fdda5bc0928b79efa65976d2041ca3872b7a388f9499bee79b47a91a",""
"https://www.searchsarkarinaukri.com/jobs/dbskkv-dbskkv-2026--4202","job-listing","215","94125535654bb1157cf4a5ae77dfd29390c3d32db5767b0fe6d7775c00a815f3",""
"https://www.searchsarkarinaukri.com/jobs/debt-recovery-tribunal-nagpur-recruitment-notification-debt-recovery-tribunal-nagpur-2026--3205","job-listing","187","89a2c242cfe6126a77042be3527ebe627890cd4a73ae3df51a7580dbad9d72f2",""
"https://www.searchsarkarinaukri.com/jobs/dcc-bank-jalna-dcc-bank-jalna-2026--2702","job-listing","247","a5ba2d047900204f370945819d79f412164dcc1e3adc7591dcafdd012d319be3",""
"https://www.searchsarkarinaukri.com/jobs/debts-recovery-appellate-tribunal-mumbai-debts-recovery-appellate-tribunal-mumbai-2026-2026--1768","job-listing","199","3c285627e14a56c61f2c3d7910533b32c8d153b7c2bf5e70f2199aaa120f0727",""
"https://www.searchsarkarinaukri.com/jobs/deccan-bank-mumbai-deccan-bank-mumbai-2026--1900","job-listing","238","55ae62031e5b84f89cfb6c271b84eabb75fb7754439806981ab6a5e1260c9d4a",""
"https://www.searchsarkarinaukri.com/jobs/deccan-education-society-deccan-education-society-2026--1728","job-listing","221","18c8aca9583bd699a58a72784bc787bdd2459c0675016907882e3d5467dbc381",""
"https://www.searchsarkarinaukri.com/jobs/deccan-education-society-deccan-education-society-2026--2262","job-listing","221","fd8a78eda1b3203e6d113510effa2c0893df9072fdc4552f82f9f6d6e4644665",""
"https://www.searchsarkarinaukri.com/jobs/deccan-education-society-deccan-education-society-2026--4327","job-listing","221","c8c6e95f0e1d1dc9410d0923830c329520ca38029fb87bff0a83b438bceca66e",""
"https://www.searchsarkarinaukri.com/jobs/deendayal-port-trust-deendayal-port-trust-2026--1845","job-listing","216","6d6195db0cc7ef9435b2966b0866959dcafce785cda86b8e251e22e10154e152",""
"https://www.searchsarkarinaukri.com/jobs/deendayal-port-trust-deendayal-port-trust-2026--1711","job-listing","216","983723979d88dc1dbcf78f0c4201d03c568c0990e91621950204642b7b34736f",""
"https://www.searchsarkarinaukri.com/jobs/deendayal-port-trust-deendayal-port-trust-2026--2173","job-listing","216","23a86d822cb664d770d0c81f1c3b2181cfed5ae7620f84be81c87107fc1234e1",""
"https://www.searchsarkarinaukri.com/jobs/deendayal-port-trust-deendayal-port-trust-2026--3853","job-listing","216","fa84d2d83b844c9eea0c48badfa63e6baf428ad6431f824e3dc17f05fc19ecb7",""
"https://www.searchsarkarinaukri.com/jobs/defence-innovation-organisation-innovations-for-defence-excellence-do-defence-production-mo-defence--4337","job-listing","183","eda3cd2f8bb3ba5a54bc6be3d9eeb444dbb9a76b2bf0e5f54140efe9aaa0cfef",""
"https://www.searchsarkarinaukri.com/jobs/defence-institute-of-advanced-technology-pune-defence-institute-of-advanced-2026--2072","job-listing","271","ccd15f206593bcc1f02780f775d4d7b141b9a765dbb3fbbc850f94b47a9fd3ae",""
"https://www.searchsarkarinaukri.com/jobs/defence-institute-of-advanced-technology-pune-defence-institute-of-advanced-2026--2460","job-listing","271","023e5c551a0d12ac10d5a4abf23c3d0bdd8c3811b6eb59545df1f702629e4e5f",""
"https://www.searchsarkarinaukri.com/jobs/defence-institute-of-advanced-technology-pune-defence-institute-of-advanced-2026--2926","job-listing","271","623e4ceb64d8c2464320961fd43b0a6d832ddd5994a8e8093f63f414bdfe44d4",""
"https://www.searchsarkarinaukri.com/jobs/defence-institute-of-advanced-technology-pune-defence-institute-of-advanced-2026--2989","job-listing","271","56323d0439540d4be808634787d8bb3505d1c809f7626d77caa8664e9900d564",""
"https://www.searchsarkarinaukri.com/jobs/defence-institute-of-advanced-technology-pune-defence-institute-of-advanced-2026--4480","job-listing","271","716433fa656b632d5bd3af03d9988343f345f0aea22b9d33981aab07d88f964c",""
"https://www.searchsarkarinaukri.com/jobs/defence-institute-of-advanced-technology-pune-defence-institute-of-advanced-2026--4729","job-listing","230","9c0155f912d2bf58fcbf6baa0e59c5213009ebbe03a7a25a96bc1878571601b9",""
"https://www.searchsarkarinaukri.com/jobs/defence-institute-of-advanced-technology-pune-job-openings-at-defence-institute-of-2026--1770","job-listing","274","f4eb915d75e2b9481e32ea94e34648ec247f1c939c03b1a057a5d749837de9b3",""
"https://www.searchsarkarinaukri.com/jobs/delhi-high-court-delhi-high-court-2026--2711","job-listing","226","4c300141f250dabec177cf8f9bdc7e29fa37bbdd096923897d32393aef31d771",""
"https://www.searchsarkarinaukri.com/jobs/delhi-subordinate-services-selection-board-delhi-subordinate-services-selection-board-2026--1802","job-listing","230","d119b426b46513e3ae8725acbb945343f8cc92454e22cad7c539906fbf0ae3db",""
"https://www.searchsarkarinaukri.com/jobs/delhi-university-delhi-university-2026--2156","job-listing","216","7538edb65242a269f131d564cfe55aba196e176289812aece8d0071c7991e857",""
"https://www.searchsarkarinaukri.com/jobs/deolali-cantonment-board-deolali-cantonment-board-2026--1953","job-listing","213","789d4a3b9278976b2f969849fb40682254e6cf984227bd460fd820570b7f2295",""
"https://www.searchsarkarinaukri.com/jobs/department-of-defence-production-department-of-defence-production-2026--3118","job-listing","236","6d7877e197569e8ab4cd870316a2e9ea2ebffca379054220cc8dac73a2737bab",""
"https://www.searchsarkarinaukri.com/jobs/department-of-commerce-department-of-commerce-2026--1765","job-listing","221","bfe4bb42d4cbc26e8e3a07813bf5ec0514febe3943672d90e5b0408a22117e4f",""
"https://www.searchsarkarinaukri.com/jobs/department-of-health-family-welfare-daman-department-of-health-family-welfare-2026--1925","job-listing","241","d40c0b1b76bc3a4b90d228a414d7098e545da14cde71941276d966584a052fc3",""
"https://www.searchsarkarinaukri.com/jobs/department-of-sainik-welfare-maharashtra-state-job-openings-at-department-of-sainik-2026--2011","job-listing","224","0d1c0a614e2d3f5e77df77a525c81637f41848cc5c54c1939ffa672a2cdc17cc",""
"https://www.searchsarkarinaukri.com/jobs/deputy-assistant-director-entomology-recruitment-2026--3050","job-listing","293","573ed1d23d122142f5fab92cdf294ace5ade7997f3e7da43f08ff0a0dd077b4b",""
"https://www.searchsarkarinaukri.com/jobs/deputy-librarian-recruitment-2026--3060","job-listing","200","d065115663cf3214f26648eb20308db35a6d7e36e1a759aed99ea819ceca07c9",""
"https://www.searchsarkarinaukri.com/jobs/depwd-depwd-2026--2167","job-listing","211","44c5c25e8a50bf3f63adc975bc7035f52fa64fa8108fe56b589c1c7b100275fe",""
"https://www.searchsarkarinaukri.com/jobs/dfccil-dfccil-2026--1801","job-listing","228","9c063381e4a6ee85566dcd826d7171890335fafc07fd103927c2a788eedab33d",""
"https://www.searchsarkarinaukri.com/jobs/dfccil-dfccil-2026--3709","job-listing","228","a52a6635abc15cb9e9c3c9b90fc531107cd92a1f54b7766c3cc1c42487f31cc8",""
"https://www.searchsarkarinaukri.com/jobs/dfccil-dfccil-2026--4268","job-listing","194","76bd3da623303acde905e759128952ac7b7b96e58ee843e2dde873d8cd0f872d",""
"https://www.searchsarkarinaukri.com/jobs/dfsl-mumbai-dfsl-mumbai-2026--2268","job-listing","233","2bc6082e2ad6aa1926cea57755a27d02e445a04f2d8335a54150ac66dcfe3e1c",""
"https://www.searchsarkarinaukri.com/jobs/dgepo-consultant-research-officer-finance-2026--1373","job-listing","214","a6b090e8636c0e21f8b6650535fb7f358614c3873ce47bff27948ce70ab80ba5",""
"https://www.searchsarkarinaukri.com/jobs/dgepo-managing-director-2026--1863","job-listing","380","32a5920f02e2904a0ad989b24c7471971677b985795f942ec755916551523ef2",""
"https://www.searchsarkarinaukri.com/jobs/dgft-dgft-2026--2030","job-listing","218","ccb035c519204ad9701effa1822f4932784dfa09f22f77032eadba8a3479fb99",""
"https://www.searchsarkarinaukri.com/jobs/dgft-dgft-2026--4148","job-listing","218","c33df99616b9b691b1f1d91c420d74546d7aee947b0dec09cfa26452f9c74f00",""
"https://www.searchsarkarinaukri.com/jobs/dgqa-technician-semi-skilled-recruitment-2026--4505","job-listing","274","2f2b26b00781f98dec7585eb20f98851e49ab532e0adc0cb1ddfddef41a09ac4",""
"https://www.searchsarkarinaukri.com/jobs/dgqa-technician-skilled-recruitment-2026--4506","job-listing","309","92cb5da8b17f7f63eaba8a42161952a00ff83f9fe99aaa2da25fc98b131af3a3",""
"https://www.searchsarkarinaukri.com/jobs/dhamangaon-education-society-amravati-dhamangaon-education-society-amravati-2026--3721","job-listing","249","99451ff4dd75ef84d26dd34b73916271bc3c815d29b10a104d21cf0ac55945ce",""
"https://www.searchsarkarinaukri.com/jobs/dharampeth-polytechnic-nagpur-dharampeth-polytechnic-nagpur-2026--3404","job-listing","244","ce60f257dfcbb6ac1985b4b3f282edbc036679d0fcbdcc32e7a3fe8dcf13e087",""
"https://www.searchsarkarinaukri.com/jobs/dharampeth-science-college-nagpur-dharampeth-science-college-nagpur-2026--2465","job-listing","238","88bcdd405b38537d81720b29e4d08d19430a913b3f7d9442a3f6cd27a6d71bbc",""
"https://www.searchsarkarinaukri.com/jobs/dharampeth-science-college-nagpur-dharampeth-science-college-nagpur-2026--3472","job-listing","238","b37610a2680f85b0d39a195b6f915286b5d3b30243f3ed0c9ceaad7d3fb1a107",""
"https://www.searchsarkarinaukri.com/jobs/dhe-goa-dhe-goa-2026--2252","job-listing","203","806254922847fbb69a64b2f0c1bb599712c83eabdc0d88df02e93b2af2d760f8",""
"https://www.searchsarkarinaukri.com/jobs/dhs-goa-dhs-goa-2026--2837","job-listing","212","c6177612995674913d19bdda8459cc0bfdda0d3913b9b4d3a3fb23825e0006f7",""
"https://www.searchsarkarinaukri.com/jobs/dhs-goa-dhs-goa-2026--4381","job-listing","215","b9319de6c65d6bde8bfd1904e56a7e74998b332d2fed21b3a582a2680d1c4394",""
"https://www.searchsarkarinaukri.com/jobs/dhule-mahanagarpalika-dhule-mahanagarpalika-2026--2175","job-listing","232","a4dc5d91edc9d84d8bf7b8c19d1f24672390b97a12a9c77e3b91ae3e9fb5ad1b",""
"https://www.searchsarkarinaukri.com/jobs/dhule-mahanagarpalika-dhule-mahanagarpalika-2026--2992","job-listing","232","4d7d107bf8edc183e6f5220b6b72f7cccc6aad9a18ad9cefdb2ac724c73a832e",""
"https://www.searchsarkarinaukri.com/jobs/directorate-of-archaeology-museums-pune-directorate-of-archaeology-museums-pune-2026--3359","job-listing","247","118236ec08159c61608164d6b2dcd6ef2cceee75165e293154ddee321defadc2",""
"https://www.searchsarkarinaukri.com/jobs/digital-india-digital-india-2026--1968","job-listing","225","5eddd71c6a87ab244fd5975802a8c6990947462eae0bc28ae5c0a431ed7163a8",""
"https://www.searchsarkarinaukri.com/jobs/directorate-of-education-daman-directorate-of-education-daman-2026--4154","job-listing","230","bb5a3cb44137092169c327489d3f24a1ba952f6decbe39fd135647b4bcd237d3",""
"https://www.searchsarkarinaukri.com/jobs/directorate-of-education-daman-directorate-of-education-daman-2026--2148","job-listing","230","c1664c8dea20da3715b7d777162a8c72d849322752dbafc2da8fa35398a7fbe2",""
"https://www.searchsarkarinaukri.com/jobs/directorate-of-lighthouses-amp-lightships-navigational-assistant-grade-iii-2026--1385","job-listing","204","5c7110d033e0d826a21d692dda0b860a5a64cbc7dd21c43d600db116023c9c9f",""
"https://www.searchsarkarinaukri.com/jobs/directorate-of-education-daman-directorate-of-education-daman-2026--4728","job-listing","230","986c2274049604b3336ba3ef7f8f2198dff8be581f5a1a145e2185b62540318e",""
"https://www.searchsarkarinaukri.com/jobs/district-civil-hospital-alibag-raigad-job-opening-at-district-civil-hospital-2026--2411","job-listing","185","3bddfdb5f0869cad4fd0967546ab7f288792e11d2b617de5f790a9f79da04469",""
"https://www.searchsarkarinaukri.com/jobs/district-and-sessions-court-beed-district-and-sessions-court-beed-invites-2026--3834","job-listing","212","61341b00a00f5225d60778e62c2398bdd1c8c537295a24223aff4914ea96b978",""
"https://www.searchsarkarinaukri.com/jobs/district-civil-hospital-solapur-district-civil-hospital-solapur-2026--3217","job-listing","242","dafcef504d874216c237879dcffb381e689f3f70d5b66d5d0dc0640f27b1b2b6",""
"https://www.searchsarkarinaukri.com/jobs/district-civil-hospital-alibag-raigad-job-openings-at-district-civil-hospital-2026--2697","job-listing","204","e47ca22b8261a671b5c22bbe5197ffd5c1ebe0d23fb851ad870629b8ae8ddb5a",""
"https://www.searchsarkarinaukri.com/jobs/district-court-beed-district-court-beed-2026--3774","job-listing","244","bf6f2d2a45dcb0e681a2b102811c7684b212c498e512b2fc076436e70d844718",""
"https://www.searchsarkarinaukri.com/jobs/district-collector-office-washim-district-collector-office-washim-recruitment-2026-2026--2486","job-listing","211","95f5d0adb663b807fa8bec58ae497c208e54931c415d8eb58a462d9a4204ec2e",""
"https://www.searchsarkarinaukri.com/jobs/district-court-gadchiroli-zila-nyayalay-gadchiroli-job-opening-at-district-court-gadchiroli-2026--4315","job-listing","212","2d8053e6604c3b8b9f9c2aa68634542937a917c00af10837b2cccb0d5db8c122",""
"https://www.searchsarkarinaukri.com/jobs/district-hospital-buldhana-district-hospital-buldhana-2026--3904","job-listing","244","ade563cf792e6a455233a9c6d9cb4a24db136b119ee53f2810c4e7bfc019e5ab",""
"https://www.searchsarkarinaukri.com/jobs/district-hospital-raigad-district-hospital-raigad-2026--2438","job-listing","228","092a43854b770449fe88e58dca7032115d9096ea45156e02770f195226a5f0cc",""
"https://www.searchsarkarinaukri.com/jobs/district-court-latur-district-court-latur-2026--2461","job-listing","244","6048c0c2cff6de00d250c8d80d68d53314204da327681921f32b9f666220f6e8",""
"https://www.searchsarkarinaukri.com/jobs/district-hospital-raigad-district-hospital-raigad-2026--2659","job-listing","228","05f1cca3662af2fa0ec17731ec10f3685c61696acc2979302ece668458bacfee",""
"https://www.searchsarkarinaukri.com/jobs/district-hospital-solapur-zilla-rugnalaya-solapur-recruitment-notification-district-hospital-solapur--3266","job-listing","216","079babf4cf01c04cd6073fa7e79fb081017421f709924f2e7caf2afedad77476",""
"https://www.searchsarkarinaukri.com/jobs/district-legal-services-authority-gondia-district-legal-services-authority-gondia-recruitment-2026--2572","job-listing","176","0f27c124c68b2acea13033d4acb6a8419a1aa1d1cd61632310c56d957c9181ad",""
"https://www.searchsarkarinaukri.com/jobs/dlsa-akola-dlsa-akola-2026--4019","job-listing","231","4049371a6f2fab7e626e3a19cebaea0128967c165af486e05a8df295913c7e22",""
"https://www.searchsarkarinaukri.com/jobs/dlsa-gondia-dlsa-gondia-2026--2636","job-listing","240","96fe3dee3df530b38147264d68d84352faaea627be96d924974e382bfcb9d821",""
"https://www.searchsarkarinaukri.com/jobs/dmhs-dadra-nagar-haveli-dmhs-dadra-nagar-haveli-2026--4374","job-listing","227","1efbd7b5a5a0684c7ca18eb20024765b35bc46fa3fbf3d858fc01062dfcc96d3",""
"https://www.searchsarkarinaukri.com/jobs/dmrc-dmrc-2026--1891","job-listing","209","8bb7ebe2a8699a2bfdc212ff99b85173f6ed2ed52825eccc0aec84b6ef106a58",""
"https://www.searchsarkarinaukri.com/jobs/dmrc-dmrc-2026--2394","job-listing","209","8b1db0a5e531506a1669f2bb593d02a666dd08d0cb7d9b118b5fff73437bbcb5",""
"https://www.searchsarkarinaukri.com/jobs/dmrc-dmrc-announces-recruitment-for-non-executives-for-2026--1469","job-listing","151","1c23b87db1cf467b976aecf043e2f746253ed4a83560b614f41860ad31c56b14",""
"https://www.searchsarkarinaukri.com/jobs/dnc-nagpur-dnc-nagpur-2026--2134","job-listing","240","692edc27a3f6b405a915c69e65f6be70f421428d1d8e1ff7510aa2ed7bbc58eb",""
"https://www.searchsarkarinaukri.com/jobs/dnhdd-kgbv-dnhdd-kgbv-2026--3895","job-listing","222","745106c9a3c61d2ab062e5a6264a6d42feea909d6d9be2998b69bf64ebc4de06",""
"https://www.searchsarkarinaukri.com/jobs/dogr-pune-dogr-pune-2026--4271","job-listing","213","ff6ad11c692b305e114ca71519c5fbafbf5e39ddd7eef22ca8087a57f1302240",""
"https://www.searchsarkarinaukri.com/jobs/dot-dot-2026--2664","job-listing","222","27ab5dbd7f94655a74defa0c66ca7b1789086ba3398f256d4089ef76e37f3ad9",""
"https://www.searchsarkarinaukri.com/jobs/dpcc-delhi-dpcc-delhi-2026--3580","job-listing","200","d4ebcdcd49110f0987a3bc35f3761b49dbd692421fd9d2c160c4fd4fe3d4f466",""
"https://www.searchsarkarinaukri.com/jobs/dot-dot-2026--3912","job-listing","224","d0c2550c45787ebaf9db2e51a39606bf738ef05e4c6a0822c4ad80771eb1e125",""
"https://www.searchsarkarinaukri.com/jobs/dr-ambedkar-law-college-chhatrapati-sambhajinagar-dr-ambedkar-law-college-chhatrapati-sambhajinagar--1853","job-listing","232","1a846b7eb14772959fd3e76a50c245eacc0854bd1ff8dff6f90e22aae6bbebb8",""
"https://www.searchsarkarinaukri.com/jobs/dr-balasaheb-sawant-konkan-krishi-vidyapeeth-dapoli-dr-balasaheb-sawant-konkan-krishi-vidyapeeth-202--2017","job-listing","211","4c5eb97ada6c649c4d1a317ee9dc8c00814e91f52c928755f392eae1c17300e7",""
"https://www.searchsarkarinaukri.com/jobs/dr-balasaheb-sawant-konkan-krishi-vidyapeeth-dapoli-dr-balasaheb-sawant-konkan-krishi-vidyapeeth-202--2412","job-listing","195","8ada55e5b00e5b366ef44c18e9bed0318810cf684ec8c269352b42b949cd6234",""
"https://www.searchsarkarinaukri.com/jobs/dr-balasaheb-sawant-konkan-krishi-vidyapeeth-dapoli-dr-balasaheb-sawant-konkan-krishi-vidyapeeth-202--2578","job-listing","204","a75dd1a53fbc40ad27aba3bf068d9cab7caec1714b06d7691a84801251ae6985",""
"https://www.searchsarkarinaukri.com/jobs/dr-balasaheb-sawant-konkan-krishi-vidyapeeth-dapoli-dr-balasaheb-sawant-konkan-krishi-vidyapeeth-202--2968","job-listing","224","4aef0f2718c1bf2be4d9ed713e2de58e471e13a487e2959b7a0e1a374f2c5d75",""
"https://www.searchsarkarinaukri.com/jobs/dr-balasaheb-sawant-konkan-krishi-vidyapeeth-dapoli-dr-balasaheb-sawant-konkan-krishi-vidyapeeth-202--4201","job-listing","191","a33ace45199582745cc9a0d7d76fa68eadca4cf525993d5d0ea01b952d563261",""
"https://www.searchsarkarinaukri.com/jobs/dr-d-y-patil-unitech-society-pune-dr-d-y-patil-unitech-society-2026--2433","job-listing","260","0be13cbb996234812230fb2f423c9e77f0196b7ca0722f12b43283d5b185dcd7",""
"https://www.searchsarkarinaukri.com/jobs/dr-panjabrao-deshmukh-krishi-vidyapeeth-akola-dr-panjabrao-deshmukh-krishi-vidyapeeth-akola-2026--1777","job-listing","194","b941d260d3da1e882a0cf6039293b2c6de399cc4778197d005cb8487fdb26740",""
"https://www.searchsarkarinaukri.com/jobs/dr-panjabrao-deshmukh-krishi-vidyapeeth-akola-dr-panjabrao-deshmukh-krishi-vidyapeeth-akola-2026--2007","job-listing","218","fd279a8bc2139d4c6339aef497aa7fba37de9c362a945ca2d3f783d5f4a2f3e7",""
"https://www.searchsarkarinaukri.com/jobs/dr-panjabrao-deshmukh-krishi-vidyapeeth-akola-dr-panjabrao-deshmukh-krishi-vidyapeeth-akola-2026--3609","job-listing","212","e0f4c92d76f64e6fa87b6cb01aa179b7be6f13472cdcdf99dc2fc7d38b38f3a6",""
"https://www.searchsarkarinaukri.com/jobs/dr-panjabrao-deshmukh-memorial-education-society-dr-panjabrao-deshmukh-memorial-education-society-20--1881","job-listing","228","2449631dad9d204aee48b9b0d7f75d9c69b7183010c6d669aac33daa8b99c7f3",""
"https://www.searchsarkarinaukri.com/jobs/dr-s-c-g-m-c-nanded-medical-officer-recruitment-2026-apply-offline--4824","job-listing","199","d2f6056e3b6d9bdc4d356c6900b0f435b308f5ae5f5939975a8dc66b6d337f1c",""
"https://www.searchsarkarinaukri.com/jobs/dr-shankarrao-chavan-government-medical-college-nanded-dr-shankarrao-chavan-government-medical-colle--4652","job-listing","208","6f48685c25063c97a783e4e5c66854fb6e134f047b181b4f9f5b4519c00a741c",""
"https://www.searchsarkarinaukri.com/jobs/drapj-abdul-kalam-gov-college-drapj-abdul-kalam-gov-college-2026--1926","job-listing","233","2fc46717fc0137952d805051e352a09322dabf5a8df0b64528d38e710912698d",""
"https://www.searchsarkarinaukri.com/jobs/drdo-acem-nashik-drdo-acem-nashik-2026--2753","job-listing","241","05836a3e1159dfc3433b36bb822f065e95f5c1c1fefac992d0877945c5022d5b",""
"https://www.searchsarkarinaukri.com/jobs/drdo-arde-drdo-arde-2026--3581","job-listing","205","22343a925729ff196bf40548615ee7c2dc96f02075360fd46b36ee392f8aa943",""
"https://www.searchsarkarinaukri.com/jobs/drdo-arde-drdo-arde-2026--1890","job-listing","238","d3c3b8f798dd130bd027133b2ab9fc7757dd4c5201b20f5dfb8b659d5ab64729",""
"https://www.searchsarkarinaukri.com/jobs/drdo-cvrde-drdo-cvrde-2026--2404","job-listing","195","554ca7fb153a4331f924f3ce50454815bef297d288719339066888384b04719d",""
"https://www.searchsarkarinaukri.com/jobs/drdo-deal-drdo-deal-2026--2361","job-listing","226","af0b23e749d8991eca35099e806c5612a86685cf9a44174a4be6202d8d4b16fe",""
"https://www.searchsarkarinaukri.com/jobs/drdo-deocsid-drdo-deocsid-2026--2510","job-listing","208","2933075050886ef6e9343398601bdd4738b480777c14d28a9dbbd9c2330b0492",""
"https://www.searchsarkarinaukri.com/jobs/drdo-drde-drdo-drde-2026--1737","job-listing","228","2eb07d5868c1988298ee2e70239211037f76008c2bc02b20b4d1f46e4f9b7e16",""
"https://www.searchsarkarinaukri.com/jobs/drdo-drdl-drdo-drdl-2026--4324","job-listing","222","97d208fd6e483bb2ba2a0045ad52b4ce3567c368e02b507074ca39acee4b50c0",""
"https://www.searchsarkarinaukri.com/jobs/drdo-drdo-2026--1596","job-listing","276","a1797702786495648e448fe41826975e23ed8849246813c5c6159db933dcaecf",""
"https://www.searchsarkarinaukri.com/jobs/drdo-dysl-qt-drdo-dysl-qt-2026--2170","job-listing","226","97aef43aa8cb6e1856a9b6912090df7a906f662b5d22469efaec9afb994d9767",""
"https://www.searchsarkarinaukri.com/jobs/drdo-dysl-qt-drdo-dysl-qt-2026--4088","job-listing","226","b25df6bbd05d135967b0dbfcc9e38eaed91afc040fc800df71eae331db53dbde",""
"https://www.searchsarkarinaukri.com/jobs/drdo-hemrl-graduate-apprentice-recruitment-2026--4495","job-listing","254","901690b2843014f92368f6352cb399e9f154ff068bf5903bc08691fcf9c17510",""
"https://www.searchsarkarinaukri.com/jobs/drdo-lrde-bharti-2026-details-drdo-lrde-bharti-2026-2026--1996","job-listing","234","d14ca7170293b394dddce4f6d2836c000732d46317f45754090b8e9bfb2f5b78",""
"https://www.searchsarkarinaukri.com/jobs/drdo-young-scientist-laboratory-quantum-technologies-drdo-dysl-qt-apply-for-3-junior-research-fellow--2012","job-listing","273","372068441e6b5bf4ff3753e6aa93869b4f20cb469c0264cc747e00442b636d9f",""
"https://www.searchsarkarinaukri.com/jobs/drdo-young-scientist-laboratory-quantum-technologies-dysl-qt-apply-for-2-jrf-electronics-posts-2026--2118","job-listing","248","67aee22ff89b78acd6fb26f067577657e436d2656f3a9cd360e5dc7481b5b2a1",""
"https://www.searchsarkarinaukri.com/jobs/drt-drt-2026--1727","job-listing","221","c8f9967e85bf386bfd061cf7b62959f02ad15ffecb4bae64636081f3bd91116b",""
"https://www.searchsarkarinaukri.com/jobs/drt-nagpur-drt-nagpur-2026--2993","job-listing","239","29cfe2336329185e89f28f9785765b48eaf4092c324ef8b46f1ae747b2bbda82",""
"https://www.searchsarkarinaukri.com/jobs/dsh-kurnool-civil-assistant-surgeon-general-recruitment-2026--4902","job-listing","271","df05b44bed91ace9e84153f23b29295e5d8294f3da339ffbc9398ba6af1bc18d",""
"https://www.searchsarkarinaukri.com/jobs/dsh-kurnool-civil-assistant-surgeon-specialist-gynecology-recruitment-2026--4897","job-listing","291","060851a2cd12ba54fa26d1c5a51d3a7fe927a99fa238a396e65a36a1713f3032",""
"https://www.searchsarkarinaukri.com/jobs/dsh-kurnool-general-medicine-specialist-recruitment-2026--4899","job-listing","288","e7f593a80266c48efca817549641988a8b60cb3817c4ab7d980c2252e3ee984a",""
"https://www.searchsarkarinaukri.com/jobs/dsh-kurnool-general-surgery-specialist-recruitment-2026--4898","job-listing","288","a4b553c341aeb838f3e2cb72794d3f8477874b0c2f252c883a50be0f4cdf30c2",""
"https://www.searchsarkarinaukri.com/jobs/dsh-kurnool-radiology-specialist-recruitment-2026--4901","job-listing","289","f5866215fdea0107a219bb00a1c9415de83dfe5163a86614f5598f1e7e595ee5",""
"https://www.searchsarkarinaukri.com/jobs/dsh-kurnool-pediatrics-specialist-recruitment-2026--4900","job-listing","283","d8c3477ed21e97aad4b5c97b0b98c79a0d7eee46daa26471abe0a8dd2f0e2231",""
"https://www.searchsarkarinaukri.com/jobs/dtl-dtl-2026--3650","job-listing","223","091b12fa42dece31bb6660b5d80c4bd2d4de51995f7f581c7cc48c694d1e609a",""
"https://www.searchsarkarinaukri.com/jobs/dy-patil-college-of-engineering-dy-patil-college-of-engineering-2026--2538","job-listing","235","b587b8cf205f4bacc4df249f7c0cc86241185161d0a6b0b5e1b1d840007245c8",""
"https://www.searchsarkarinaukri.com/jobs/dy-patil-college-of-engineering-dy-patil-college-of-engineering-2026--4080","job-listing","235","ac608b68d306c861352ba819c9e83ff3a1cbece55a3c9639ae5e21819b973e4c",""
"https://www.searchsarkarinaukri.com/jobs/dy-patil-group-dy-patil-group-2026--2165","job-listing","229","d166c49eb00a9401e151c16fdce8f88bfb3cf8299369161c702897ea10f7587c",""
"https://www.searchsarkarinaukri.com/jobs/dy-patil-law-college-pune-dy-patil-law-college-pune-2026--2274","job-listing","240","abd03c6060106a7b14342af6c35e10aa33f8a7a0e24995c44b89edcc99dc4a1a",""
"https://www.searchsarkarinaukri.com/jobs/dy-patil-vidyapeeth-pune-dy-patil-vidyapeeth-pune-2026--2925","job-listing","245","3a65447b26a16eed5d86dc76eff3c1f3794f7b675396e30cb735deee761a13b7",""
"https://www.searchsarkarinaukri.com/jobs/eastern-coalfields-limited-eastern-coalfields-limited-2026--3308","job-listing","226","ed1b500b4504a4ce76ff1e988b1da695983bb119966b88204d493239e081161e",""
"https://www.searchsarkarinaukri.com/jobs/eastern-railway-eastern-railway-2026--3520","job-listing","209","aa3da4f3ddbe416cacae83520cf9c157cb9c5c4408dabe2d27ee09bbd86c87ec",""
"https://www.searchsarkarinaukri.com/jobs/echs-ahmednagar-echs-ahmednagar-2026--2186","job-listing","237","8f9ecc2c33a582de0cec961295332fbfd5b8560d45c073794a042cf53c052e8f",""
"https://www.searchsarkarinaukri.com/jobs/echs-chha-sambhajinagar-echs-chha-sambhajinagar-2026--1735","job-listing","226","fd5c03036b4535e16b80163c78e6e27aeab148572b78e98391262b3b6102d410",""
"https://www.searchsarkarinaukri.com/jobs/echs-goa-echs-goa-2026--2282","job-listing","244","851159394662f1516c187789ab5c4b26fd5eb8e621b2a6c4bfc24a5ca4161929",""
"https://www.searchsarkarinaukri.com/jobs/echs-goa-echs-goa-2026--5014","job-listing","206","6b67d7310b53bdcc12d3b8b7e0f78ad9fa137ce0851d4834ffacfc9a66cf40d3",""
"https://www.searchsarkarinaukri.com/jobs/echs-goa-echs-goa-2026--4152","job-listing","244","6086cf31cbebc98e68772a51fb1cc9e9a94496f6cbe7f2b240b17dcac120847d",""
"https://www.searchsarkarinaukri.com/jobs/echs-gynaecologist-recruitment-2026--4823","job-listing","207","96b780b2306bb27d1669268ba8d614901db0865a1cd0b517364e1049bc5f13a2",""
"https://www.searchsarkarinaukri.com/jobs/echs-kolhapur-echs-kolhapur-2026--4667","job-listing","210","f2a8d113e91ba3af6c73fdc45985e251ef9c148b1b4e350145700861ab4d3d87",""
"https://www.searchsarkarinaukri.com/jobs/echs-medical-officer-recruitment-2026--4822","job-listing","202","332eefa0373cc70d970e4f3d10fec901b9ae670a81f1e80b1c93c940ee3786c7",""
"https://www.searchsarkarinaukri.com/jobs/echs-ludhiana-recruitment-2026-33-medical-driver-other-posts--2858","job-listing","245","3f37557f588744d165f98f43dad93701b370cbd3acbea3ac38767a4ad57b94b8",""
"https://www.searchsarkarinaukri.com/jobs/echs-mumbai-echs-mumbai-2026--4776","job-listing","221","14ff2f30aadff1914a379ade7c85413c8402828b372168373bedafc39eced4fa",""
"https://www.searchsarkarinaukri.com/jobs/echs-mumbai-echs-mumbai-2026--1969","job-listing","259","609eec0526c8b4d4c5f73051225bd3f33a9af507de83656ab61a344699ea11c1",""
"https://www.searchsarkarinaukri.com/jobs/echs-nashik-echs-nashik-2026--3410","job-listing","232","25f01ba4cd43410648b49963be628a1fcbe7a82ae66b65889c54cdb4f16ae1e8",""
"https://www.searchsarkarinaukri.com/jobs/echs-nagpur-echs-nagpur-2026--3313","job-listing","237","2de23a22fecc97e24f9c36ddfd5a960ef8994a89cf1290ead1b89dc151db6fdd",""
"https://www.searchsarkarinaukri.com/jobs/ecil-ecil-2026--1838","job-listing","218","dad8fac9436266e18eda1f884c6626bc8fd69d422e91648bd900145a7fbf8263",""
"https://www.searchsarkarinaukri.com/jobs/echs-wardha-echs-wardha-2026--3038","job-listing","237","b09b985c87872da8bbf36414b3e24b7caa46a4c865670f84fed4f3afd4183c62",""
"https://www.searchsarkarinaukri.com/jobs/edcil-edcil-2026--2138","job-listing","219","7ccf70360c7da210004725a1bc5ffa43a35d1fa8b3c47386333dd4ac9c602289",""
"https://www.searchsarkarinaukri.com/jobs/edcil-edcil-2026--3585","job-listing","219","b9dab9cdcc12a498ead2c34cf0e51051013e9611d2294a7126cd1d17b6a38d65",""
"https://www.searchsarkarinaukri.com/jobs/edcil-edcil-2026--3848","job-listing","219","2522a2d2267b02e4ed48cdc6665a69ce98319cd36abe0b2cf6b5b27a14c0ecba",""
"https://www.searchsarkarinaukri.com/jobs/eil-eil-2026--2033","job-listing","215","b2e653cfc598cfab28a30b614984f59edccb81d5369ca6d6f08d4cb04d5a35af",""
"https://www.searchsarkarinaukri.com/jobs/ekatmik-bal-vikas-prakalp-kolhapur-women-and-child-development-department-job-opening-at-ekatmik-bal--4061","job-listing","193","52d54e698009e7bc67436346ae18d1f127ebfcbbd8c96be26804098c31dd5658",""
"https://www.searchsarkarinaukri.com/jobs/eil-eil-2026--4434","job-listing","215","18d799e1f1e1d81c1766e800db7350fe4cc3df6f128734d643ce3d5d89f4c719",""
"https://www.searchsarkarinaukri.com/jobs/ekatmik-bal-vikas-prakalp-solapur-integrated-child-development-services-scheme-project-job-openings--2574","job-listing","199","cd33db1389432fe070707edf1c1a1be97873cb179b7bfc1dd150984be2493e7a",""
"https://www.searchsarkarinaukri.com/jobs/ekatmik-bal-vikas-seva-yojana-dist-sindhudurg-recruitment-notification-ekatmik-bal-vikas-seva-2026--3604","job-listing","212","461e28a048437a6df3aafc17652248e0666afcddf5f4c35eab8b3ec9e83fbaa7",""
"https://www.searchsarkarinaukri.com/jobs/ekatmik-bal-vikas-seva-yojana-district-ratnagiri-apply-for-3-anganwadi-sevika-anganwadi-2026--3603","job-listing","218","8eb0124ed1b469a459cc8bceeb07676253b8c0e747bfe3ef1d5f7fbabac740ed",""
"https://www.searchsarkarinaukri.com/jobs/ekatmik-bal-vikas-seva-yojana-prakalp-dist-latur-job-openings-at-ekatmik-bal-vikas-2026--2770","job-listing","201","7afafae23681eea5539fd2b148579e3ea2d5385ddfe62a874499a3b2176172e7",""
"https://www.searchsarkarinaukri.com/jobs/employees-provident-fund-organization-employees-provident-fund-organization-2026--2390","job-listing","227","78dece3ae3540412c199cfcc9e58765575e49c7291b8db6b209740407a66a28c",""
"https://www.searchsarkarinaukri.com/jobs/employees-state-insurance-corporation-esic-apply-for-29-professor-associate-professor-2026--4997","job-listing","192","ebb49d11017ab87e61f141e497b382f5e516e83542bc90c73f19ad72474e93b9",""
"https://www.searchsarkarinaukri.com/jobs/employees-state-insurance-corporation-esic-apply-for-77-professor-associate-professor-2026--2577","job-listing","234","2bded5579e13826e7b03502af5012f9bc881e60c680b6fd73eed891d6aad279c",""
"https://www.searchsarkarinaukri.com/jobs/employees-state-insurance-corporation-esic-apply-for-35-professor-associate-professor-2026--4124","job-listing","232","e2afc0757c22c8861700bcf1f0f05bbd6fa2b4793cd973ccc617e56d55aa9d6c",""
"https://www.searchsarkarinaukri.com/jobs/employees-state-insurance-corporation-esic-mumbai-apply-for-366-advocate-posts-at-2026--4470","job-listing","198","5bd6abac27d0f404d2a526f70f6bf6ea6fb4c3b9abc9dadf7e17afc2aec063f5",""
"https://www.searchsarkarinaukri.com/jobs/employees-state-insurance-society-hospital-kolhapur-apply-for-17-contractual-medical-officer-2026--1874","job-listing","193","3238627d07254f0fd9e872491e8e9577cf2053385391d3ccebad6ea07a084b91",""
"https://www.searchsarkarinaukri.com/jobs/employees-state-insurance-society-hospital-solapur-apply-for-3-post-graduate-medical-2026--3066","job-listing","210","7a245e76ae907526c537ed6058d60f2ab3817bf49c0ac593ba2ffdadda0b77eb",""
"https://www.searchsarkarinaukri.com/jobs/employees-state-insurance-society-mumbai-employees-state-insurance-society-2026--2556","job-listing","236","4d3b4c540ba961a7751f363c0f1b1c897034e878eb60d248fd6006555f45db02",""
"https://www.searchsarkarinaukri.com/jobs/employees-state-insurance-society-mumbai-employees-state-insurance-society-2026--3349","job-listing","236","64ca428b3d536c40ca255ee84608e0cc03631b79ec4220380e74e2c062ffa58d",""
"https://www.searchsarkarinaukri.com/jobs/employees-state-insurance-society-mumbai-employees-state-insurance-society-2026--3914","job-listing","236","a997b40f0196225f9c79d9dd89eaa313d2f7ecf43402fc8331bf2d8bcd1ea42e",""
"https://www.searchsarkarinaukri.com/jobs/employees-state-insurance-society-mumbai-employees-state-insurance-society-2026--4721","job-listing","236","5879b47538bc0461840e828771da59a2289180fa48c4d1446902b0afcf7c181f",""
"https://www.searchsarkarinaukri.com/jobs/employees-state-insurance-society-mumbai-employees-state-insurance-society-2026--4841","job-listing","236","08ba4402820afa8fc103f4e512a3e6b00bd350eeab8ed44c95bcfe36a78f0327",""
"https://www.searchsarkarinaukri.com/jobs/engineering-projects-india-limited-engineering-projects-india-limited-2026--2176","job-listing","233","fff8b91e93beff6877cbaf5d0023d9686dcd6356fee81608874de1a22d995771",""
"https://www.searchsarkarinaukri.com/jobs/engineering-projects-india-limited-engineering-projects-india-limited-2026--2343","job-listing","233","4a2b83d93ebb8581e04f892b1d88a21d22758425c4c7f48f222243eec63cbf84",""
"https://www.searchsarkarinaukri.com/jobs/entomologist-recruitment-2026--3051","job-listing","298","bdb4c2a7fc17e2582eb135330f3312dab3c57fac8ac7dfb99c6914a65ec7e1a7",""
"https://www.searchsarkarinaukri.com/jobs/engineering-projects-india-limited-engineering-projects-india-limited-2026--3165","job-listing","233","b0612466de686089369be0bb530bb997a6a076bec0c28427fc7c43639495f25d",""
"https://www.searchsarkarinaukri.com/jobs/epfo-assistant-director-audit-recruitment-2026-ahmedabad-apply-offline--3925","job-listing","206","4bc03fd7c0dcd4da3301d3d2cf2110502802cdb131d589f57de53349539f2d36",""
"https://www.searchsarkarinaukri.com/jobs/epfo-assistant-director-audit-recruitment-2026-bhopal-apply-offline--3926","job-listing","219","2ac58aeceaeb04a6fc3a537bf95ce71b8fc7552646a1faf349c672fa4e091942",""
"https://www.searchsarkarinaukri.com/jobs/epfo-assistant-director-audit-recruitment-2026-chennai-apply-offline--3927","job-listing","217","7eb834136018f7a1c3471eb8439cc2c8060194956c40c0d6bcbc3951a245ab56",""
"https://www.searchsarkarinaukri.com/jobs/epfo-assistant-director-audit-recruitment-2026-hubli-apply-offline--3924","job-listing","204","2cb52f3e89dadb2e429c4cc903578e4f1f8bf17a5a4bbaafb451257be62d69d3",""
"https://www.searchsarkarinaukri.com/jobs/epfo-assistant-director-audit-recruitment-2026-hyderabad-apply-offline--3923","job-listing","225","55ea7bbdff4a37c6ffebf6616d954308d7dc5c76ce3aa10402001657b5749f35",""
"https://www.searchsarkarinaukri.com/jobs/epfo-assistant-director-audit-recruitment-2026-kolkata-apply-offline--3928","job-listing","210","9da3444c819049847f3ea4a65a4e09cd15ab7ed57297cdac029b753369bcee52",""
"https://www.searchsarkarinaukri.com/jobs/epfo-assistant-director-audit-recruitment-2026-new-delhi-apply-offline--3929","job-listing","233","f0ec5c78c0a98404bb9937004d4cedd656efb739c1e26cba50546ce5cba06b66",""
"https://www.searchsarkarinaukri.com/jobs/epfo-deputy-director-audit-recruitment-2026-ahmedabad-apply-offline--3918","job-listing","194","fc233392b8948fea76ef8b668a470fb4b2b75427b197ee1eccd2bdcd40a56aee",""
"https://www.searchsarkarinaukri.com/jobs/epfo-deputy-director-audit-recruitment-2026-bandra-mumbai-apply-offline--3919","job-listing","230","2ec1f8d1fc4f1d95d83d85815453d062d23bd1b949c87d38da7e97337bfc7f5f",""
"https://www.searchsarkarinaukri.com/jobs/epfo-deputy-director-audit-recruitment-2026-bengaluru-apply-offline--3916","job-listing","225","f490bd27d005828ddbb9deca9c56031c3a29137c7c3784dcd1eb7b1004afab96",""
"https://www.searchsarkarinaukri.com/jobs/epfo-deputy-director-audit-recruitment-2026-hubli-apply-offline--3917","job-listing","197","ea7fc822f4126d2f178a95b702ee10cf98fd022f7aad1b1d020244465a2c6113",""
"https://www.searchsarkarinaukri.com/jobs/epfo-deputy-director-audit-recruitment-2026-kanpur-apply-offline--3921","job-listing","194","a9b6fa7eb5bacdaab5f956d7c91c54e173a4f629f9c177c6525b5a3e2cf3467c",""
"https://www.searchsarkarinaukri.com/jobs/epfo-deputy-director-audit-recruitment-2026-new-delhi-apply-offline--3922","job-listing","246","db4912c5c4d62c26251838d26333183b1e16c7bb918a35ddc8c708fa25a321e9",""
"https://www.searchsarkarinaukri.com/jobs/epfo-deputy-director-audit-recruitment-2026-pune-apply-offline--3920","job-listing","199","b97bd59182ddb93eb75651135c617f441fa834a358f3933a500f9b2b59ef93c9",""
"https://www.searchsarkarinaukri.com/jobs/ernet-india-junior-scientific-officer-2026--1365","job-listing","158","baa6e5c907f20fec8a0bc08b29e1fd7185a8cae5fbab3187e3189014eb822d46",""
"https://www.searchsarkarinaukri.com/jobs/ernet-india-personal-assistant-2026--1361","job-listing","172","379747b7946415af05b7a760c72c58e30b2294350a5cd38af8fd7acc206c7b88",""
"https://www.searchsarkarinaukri.com/jobs/ernet-india-technical-assistant-2026--1364","job-listing","149","e462ba501c9ac74ce54367256f66d8b7db9d4b7f89a08842f46453d7001b4f66",""
"https://www.searchsarkarinaukri.com/jobs/esic-assistant-professor-recruitment-2026-walk-in-interview-for-30-posts--3682","job-listing","204","54522fa2fe0c419d647a95d5dfd372ba1248a7a21657300d2b9b0885ec162335",""
"https://www.searchsarkarinaukri.com/jobs/esic-esic-2026--1720","job-listing","211","df71b57c2318ac700f67353b4056ee3cad23b67837e76dfe68cadf69496df869",""
"https://www.searchsarkarinaukri.com/jobs/esic-associate-professor-recruitment-2026-walk-in-interview-for-19-posts--3681","job-listing","193","49598ba650892825f6a56792f018b104213a8ae4689237bf498a4e6257bdba59",""
"https://www.searchsarkarinaukri.com/jobs/esic-goa-esic-goa-2026--1840","job-listing","215","9d2850fba8fabaf13d866477364fbc1dee9ae7f2776cbd51ddcd5481ac137f3a",""
"https://www.searchsarkarinaukri.com/jobs/esic-kolhapur-esic-kolhapur-2026--1843","job-listing","230","a0231996968e01efea51205a26be9dd10a7c38961a425c365b1f303f7d05c752",""
"https://www.searchsarkarinaukri.com/jobs/esic-kolhapur-esic-kolhapur-2026--4713","job-listing","230","ac832a6e72ee9b1d07c53f7bc4bedae0bf2ca25f51672b0639b531fd1e509e9b",""
"https://www.searchsarkarinaukri.com/jobs/esic-mumbai-esic-mumbai-2026--3261","job-listing","249","fe48418b93ba8c8d0c7e21c34f7fb16771c4a46aeeef9ab94745c72691dcb8cf",""
"https://www.searchsarkarinaukri.com/jobs/esic-medical-officer-recruitment-2026-walk-in-interview-for-6-posts--3684","job-listing","222","2c38127659e96030609d44676f5721e97aa816a299d18177141cb282be3eb4be",""
"https://www.searchsarkarinaukri.com/jobs/esic-mumbai-esic-mumbai-2026--4424","job-listing","213","298ac9356a9ce13032c3100bfa0b9eb29a803005086d47093fbc12cb5d05028f",""
"https://www.searchsarkarinaukri.com/jobs/esic-professor-recruitment-2026-walk-in-interview-for-11-posts--3680","job-listing","201","e321365834de2fb775ce65e8b24d2453b722df5bf9249913f97559f6a1e1c081",""
"https://www.searchsarkarinaukri.com/jobs/esic-panel-advocate-recruitment-2026--4494","job-listing","216","494da7a52a8f8cd9cfb83c87c1e76b1b6b5fad975a844e48ee37c9da8531e323",""
"https://www.searchsarkarinaukri.com/jobs/esic-pune-esic-pune-2026--2600","job-listing","249","a02b4b4f1b6ea7fe9306b42e202c0b9b74400ded4205da237aab0b4b86634823",""
"https://www.searchsarkarinaukri.com/jobs/esic-pune-esic-pune-2026--4146","job-listing","249","263ad33798456fb1b7e00651fa084f0cf4252d7f302d02838db8e116d34b3702",""
"https://www.searchsarkarinaukri.com/jobs/esic-senior-resident-recruitment-2026-walk-in-interview-for-56-posts--3683","job-listing","201","892d3cd73c6e24c315e306f8d1f2a6b8b4e8705131222ad62de43d99d7cb5eec",""
"https://www.searchsarkarinaukri.com/jobs/esis-hospital-solapur-esis-hospital-solapur-2026--2317","job-listing","230","b5887dc78e0b9c68d67c343c501ff4667184b4881163dedec8968499caa913a3",""
"https://www.searchsarkarinaukri.com/jobs/esic-pune-esic-pune-2026--4946","job-listing","213","82eb937c657d4c4e568dc31cc83522b861c5936f8ced46c8a065bacb6856e93b",""
"https://www.searchsarkarinaukri.com/jobs/esis-hospital-solapur-esis-hospital-solapur-2026--3091","job-listing","230","7e1e7f730ebfcbe3d7496728e8d2acf42f5ed8be0ba9d7dbe52612a3ccdcde50",""
"https://www.searchsarkarinaukri.com/jobs/esis-hospital-solapur-esis-hospital-solapur-2026--4722","job-listing","230","6fa4ff59a62d8ee695f587693dce53e05e3a8871d82d400a4414b3fef4d20eb0",""
"https://www.searchsarkarinaukri.com/jobs/esis-nashik-esis-nashik-2026--2082","job-listing","221","a5d0c64fbd3de3895c58f0d6999b40e464c2216e35bd76edbc81984ddef3bd80",""
"https://www.searchsarkarinaukri.com/jobs/esis-thane-esis-thane-2026--1966","job-listing","226","b96094d062207220d2fcf494594933d16fd2740fd46496036e46959989474f2a",""
"https://www.searchsarkarinaukri.com/jobs/esis-thane-esis-thane-2026--4423","job-listing","226","0099f0e05720d7ed021046334ee6887c9d65381abbb279523d36033ad6188cd7",""
"https://www.searchsarkarinaukri.com/jobs/esis-thane-esis-thane-2026--2153","job-listing","226","dd32b34a62ebac60ef19f1b1f78b38744ba8f3c117d03a6a6d6943be31d0048c",""
"https://www.searchsarkarinaukri.com/jobs/ex-serviceman-contributory-health-scheme-ahilyanagar-ex-serviceman-contributory-health-scheme-ahilya--2657","job-listing","238","9a1e53c3592a5c46418fca8579d9cf28cb1692b2ceded5267aef30d018bda46c",""
"https://www.searchsarkarinaukri.com/jobs/ex-serviceman-contributory-health-scheme-echs-ahilyanagar-recruitment-notification-ex-serviceman-con--2208","job-listing","246","014c4a96ee93acf88d95bdce8807c0eca8523e86d251680209b9940cccf8b26a",""
"https://www.searchsarkarinaukri.com/jobs/ex-serviceman-contributory-health-scheme-echs-mumbai-echs-mumbai-recruitment-2026-10-2026--1670","job-listing","242","82de240fbc4841ff02209b881bf86c7cf1c42e2621ad2a4414fe7badca5bf389",""
"https://www.searchsarkarinaukri.com/jobs/ex-serviceman-contributory-health-scheme-echs-chhatrapati-sambhajinagar-recruitment-notification-ex--1773","job-listing","213","dc7b42e290e70700fa56fb4b837e7d8da642f3379f073709c7cf61cf3c798ebd",""
"https://www.searchsarkarinaukri.com/jobs/ex-serviceman-contributory-health-scheme-echs-polyclinic-devlali-recruitment-notification-ex-service--3392","job-listing","243","6f1184cd375f0b24355d3e463445afc913339171e52247ef592803e716ffc46c",""
"https://www.searchsarkarinaukri.com/jobs/ex-serviceman-contributory-health-scheme-echs-station-hq-pulgaon-ex-serviceman-contributory-health-s--3608","job-listing","245","452abb456f659973313b2d23adc2ec643cd6501ff4a664106f2e471b49c13f97",""
"https://www.searchsarkarinaukri.com/jobs/ex-serviceman-contributory-health-scheme-echs-wardha-ex-serviceman-contributory-health-scheme-echs-w--3068","job-listing","238","f2121ad5d21278625c8dc2d19426a4b189f0e978b337107b092d39e437a2ddbc",""
"https://www.searchsarkarinaukri.com/jobs/ex-serviceman-contributory-health-scheme-ex-serviceman-contributory-health-scheme-2026--2067","job-listing","234","00df7a75b43069952b6d63ab44c97e738830bec42dedd6aa52f738b7e08a0b81",""
"https://www.searchsarkarinaukri.com/jobs/ex-servicemen-contributory-health-scheme-echs-pune-apply-for-3-medical-officer-and-2026--1781","job-listing","221","7bb5c2cb25ceaf82982bbb8a8e47ee79567d527e21251189dcff42403eae4ae0",""
"https://www.searchsarkarinaukri.com/jobs/executive-engineer-recruitment-2026--3093","job-listing","221","c4d035bba40b400b00761cc03a769a10d7037516489d59e8b58a453c02633ef5",""
"https://www.searchsarkarinaukri.com/jobs/exim-bank-exim-bank-2026--2028","job-listing","228","081c26529dfb0baec8c50483adb8bb2104f59333535cd3f51c81c2d3e0931d97",""
"https://www.searchsarkarinaukri.com/jobs/exim-exim-2026--1559","job-listing","239","82294fd0c55bf98c52757c651a321305b082d4f855f5a2bb48d933c7e6da1ce1",""
"https://www.searchsarkarinaukri.com/jobs/fabtech-credit-society-fabtech-credit-society-2026--1916","job-listing","222","318e46e9853320941d636e11fc57b13d78cf45ef5087b72a8e46c2516457f755",""
"https://www.searchsarkarinaukri.com/jobs/fddi-fddi-2026--2341","job-listing","224","be34b7a5e74cd1f4742d874436a2e69b703932476e71a2a7785af7910d219900",""
"https://www.searchsarkarinaukri.com/jobs/federal-bank-federal-bank-2026--5001","job-listing","218","0471d8d96167d19104f979725b3a56a8be240adf196bddea3550930f9192c071",""
"https://www.searchsarkarinaukri.com/jobs/federal-bank-federal-bank-2026--2141","job-listing","251","7d3b7f46f80b5b43ac528972c665e27ef17af6098a2cfc2c272fbe7b071d3785",""
"https://www.searchsarkarinaukri.com/jobs/federal-bank-officer-sales-recruitment-2026-apply-online--4988","job-listing","265","dff27d40020aac5312af0ad024845be8ec0b28e5ef4a5ade884b269ef56f2ffe",""
"https://www.searchsarkarinaukri.com/jobs/finance-department-maharashtra-finance-department-maharashtra-2026--2743","job-listing","220","eff8b5f1ec9494f089d0acd363c0ea716ebe97919f25e231065f4172de8afb54",""
"https://www.searchsarkarinaukri.com/jobs/footwear-design-development-institute-mo-commerce-industry-recruitment-for-the-post-of-chief-2026--3970","job-listing","157","f9eb8e0359c0fc68f150942f8657838d58c9e683c6cb18a665132f1de47b2d5c",""
"https://www.searchsarkarinaukri.com/jobs/fluid-control-research-institute-mo-heavy-industries-recruitment-for-the-post-of-research-2026--4335","job-listing","155","8ee8668a7a421616f3d9f0b4c276cfff9809d4728e68a42b754bcd6c01eaf944",""
"https://www.searchsarkarinaukri.com/jobs/fssai-fssai-2026--3588","job-listing","211","d8862a79d8e0e305c90cc38d1790e0015975d7588ea97519a34da285bb035437",""
"https://www.searchsarkarinaukri.com/jobs/ftii-pune-ftii-pune-2026--1797","job-listing","240","451d4c30d314f776ed383ff5bbaff84efe94facc9b589aa6b83a692b3a4f0f9b",""
"https://www.searchsarkarinaukri.com/jobs/gac-nagpur-gac-nagpur-2026--3026","job-listing","238","c71725abbef5899d330336baf4d262335c2b89ef27a3b7c4585e3aa737ec8bfd",""
"https://www.searchsarkarinaukri.com/jobs/gac-nagpur-gac-nagpur-2026--3777","job-listing","238","23c7685f6882e8d65640ebbfd9b41189241613a742eb1ee201a7da189f958a9a",""
"https://www.searchsarkarinaukri.com/jobs/gad-mumbai-gad-mumbai-2026--2890","job-listing","227","9f7cf31974b26a333b796dbe43288d09c6ec3ea18ea23a7f6ffaf75cae6ec7be",""
"https://www.searchsarkarinaukri.com/jobs/gail-india-limited-director-marketing-gail-india-limited-2026--2639","job-listing","202","aea4b7b48b40ade19d10c090314a8112baedcd581f43a3d41b6dd2a83763b208",""
"https://www.searchsarkarinaukri.com/jobs/gasca-aurangabad-gasca-aurangabad-2026--2032","job-listing","230","9a66fbe8cd1c80067d8d00c4ac59e78084adfe3fb50041e17561c6bb5a2ed2e9",""
"https://www.searchsarkarinaukri.com/jobs/gajanan-lokseva-sahakari-bank-gajanan-lokseva-sahakari-bank-2026--4270","job-listing","230","e07c2813c61fa0001bf0306a2b8916d8cf2aa34496b1fc0ba75d5ad070909db7",""
"https://www.searchsarkarinaukri.com/jobs/gce-karad-gce-karad-2026--2380","job-listing","226","f470a1890bbeadb6a8c9f634246d4e4a60a94e4c2fac845bef72f6bdc0d77800",""
"https://www.searchsarkarinaukri.com/jobs/garti-nashik-garti-nashik-2026--2057","job-listing","235","2ee096558cbffbb1dad84acc8e78dbd76b43bb30a406b63b0997225378b6bd43",""
"https://www.searchsarkarinaukri.com/jobs/general-administration-department-gad-mumbai-job-opening-at-general-administration-department-2026--2975","job-listing","222","a640b87b7a489f02c7c3c0c1c002aa6507ca64384c469d1131263ae59ae3a4c7",""
"https://www.searchsarkarinaukri.com/jobs/general-hospital-nagpur-general-hospital-nagpur-2026--2451","job-listing","245","dd35c5e369199c04ab76d60796ef03bf6d1047b3a71709ee6867913ed260565a",""
"https://www.searchsarkarinaukri.com/jobs/ggmc-mumbai-ggmc-mumbai-2026--2191","job-listing","230","af78d42f5e4f0b1349a705fcf0af6505c293dccf415d225942aaaa288e756c8e",""
"https://www.searchsarkarinaukri.com/jobs/ggmc-mumbai-ggmc-mumbai-2026--4486","job-listing","230","f48d812861c43143573fb87349011f23e574af5f8bed51adf07edd7c4645dd98",""
"https://www.searchsarkarinaukri.com/jobs/ghb-ghb-2026--4203","job-listing","212","1ad333a65f0724b5b743b436cf7147a53beab60fe290e65f8edf9fa98aa24ece",""
"https://www.searchsarkarinaukri.com/jobs/ggmc-mumbai-ggmc-mumbai-2026--4528","job-listing","230","c278e4b02ea8d29109c8c88c9c9fa7e6e5abe0b9b47724eec4b83f5696975ca7",""
"https://www.searchsarkarinaukri.com/jobs/ghb-ghb-2026--4384","job-listing","212","ba21b22729ea37e9dc83d99c69ac1e6bd7b333925d04fd9fada2477b50ac0fd2",""
"https://www.searchsarkarinaukri.com/jobs/gipcl-deputy-general-manager-finance-recruitment-2026--2947","job-listing","225","34ededb6606d8d791aed3714d6ea580c9be2b6bca247477477ce5234a2481c34",""
"https://www.searchsarkarinaukri.com/jobs/gipcl-senior-supervisor-supervisor-secretarial-recruitment-2026--2949","job-listing","237","0cb3a91884cb4ad14eada4b4914fbbd292f203331e75d8be2d38d28b2ff5b994",""
"https://www.searchsarkarinaukri.com/jobs/gipcl-supervisor-senior-assistant-admin-recruitment-2026--2948","job-listing","224","b91de805a82e1fc251ae1337ddef92cbe8d814d4d0b1f53095722a7b2f97a1ab",""
"https://www.searchsarkarinaukri.com/jobs/glc-mumbai-glc-mumbai-2026--1710","job-listing","239","419216eadd04eeba8071814b62807446fff01f308afa82fa5b0491f3cf44a353",""
"https://www.searchsarkarinaukri.com/jobs/gmc-ambernath-gmc-ambernath-2026--4574","job-listing","198","9f1225a55068da7d315710047dc911554404198c54e25217591b2e5efcf186da",""
"https://www.searchsarkarinaukri.com/jobs/gmc-baramati-gmc-baramati-2026--3766","job-listing","228","d8931e7c412e05e62f7423f265b8192cdbea164b67d59155c74e6376f18c935c",""
"https://www.searchsarkarinaukri.com/jobs/gmc-chandrapur-gmc-chandrapur-2026--3253","job-listing","237","813b2e217c11a371b9e6657026e604b206cac00ec3e9cbba35ce8c3cf941a455",""
"https://www.searchsarkarinaukri.com/jobs/gmc-goa-gmc-goa-2026--1826","job-listing","216","2f91d1b011e3f26802873d98739f38b919565ea96e161ee8599481d468def4c5",""
"https://www.searchsarkarinaukri.com/jobs/gmc-goa-gmc-goa-2026--3216","job-listing","216","dfe7aad5845e81f6636536c3592e5f04f6f18a68dc13ebe7d75d0b54a5f7445b",""
"https://www.searchsarkarinaukri.com/jobs/gmc-jalgaon-gmc-jalgaon-2026--2841","job-listing","243","f02620764ac659401b07174688bb32a5f39fafb5b9449e9bfaf86ecb8d6dd283",""
"https://www.searchsarkarinaukri.com/jobs/gmc-latur-gmc-latur-2026--4778","job-listing","224","83d2f27c47ec834d639c11bb65e9319c281b9221a051b24da15a02ea61b1e0c5",""
"https://www.searchsarkarinaukri.com/jobs/gmc-nagpur-gmc-nagpur-2026--4215","job-listing","227","2db9ffdab5315b854443dc8f283847d2e9d61ba4cd99af23c6424218301024bf",""
"https://www.searchsarkarinaukri.com/jobs/gmc-nagpur-gmc-nagpur-2026--2346","job-listing","227","1c7fe4c57ea6c1dad028a46d1bf6a714ad29c1c7e9f0f8df1aeed48b4753a788",""
"https://www.searchsarkarinaukri.com/jobs/gmc-raigad-gmc-raigad-2026--2658","job-listing","244","b152928bcba15306adf4dcda31718aab6e71edd37d9e7968f902eee96a4e6b90",""
"https://www.searchsarkarinaukri.com/jobs/gmc-nanded-gmc-nanded-2026--4661","job-listing","211","2308d8d59447815ec1de906d071bca134cd70b03ca60f855d1a6ec782139aa26",""
"https://www.searchsarkarinaukri.com/jobs/gmc-sambhaji-nagar-gmc-sambhaji-nagar-2026--3780","job-listing","221","ee465a9fa6a0a69d2be934cc5597db83226b1251a3c636d96fb09451e45132d9",""
"https://www.searchsarkarinaukri.com/jobs/gmc-raigad-gmc-raigad-2026--2873","job-listing","242","07d3f17debeca7574d0ef318338ee8b31e5fed84e2db98ac80e8d9c18d774bde",""
"https://www.searchsarkarinaukri.com/jobs/gmc-satara-gmc-satara-2026--2660","job-listing","234","739970e6fe4764434ae9f20df7a5ac30a3afdbd80b2915822a2466c5f878043f",""
"https://www.searchsarkarinaukri.com/jobs/gmc-satara-gmc-satara-2026--4150","job-listing","234","7f806ac60835ae5b20e45b0fe90af034803a3edcf192e4fbb8aea718d09fdc3a",""
"https://www.searchsarkarinaukri.com/jobs/gmrc-assistant-manager-automatic-fare-collection-recruitment-2026--2959","job-listing","199","e57253c9e9f6cef394f42c5a39ffc10242f352b896c5b3686b4e3a36a424e54e",""
"https://www.searchsarkarinaukri.com/jobs/gmrc-assistant-manager-platform-screen-door-recruitment-2026--2960","job-listing","187","bdbe19a546cf24dd63e6af8950f9bea7f1f5df249cef4ff8a973ae76f37e8bf0",""
"https://www.searchsarkarinaukri.com/jobs/gmrc-assistant-manager-signalling-recruitment-2026--2958","job-listing","192","5049f8b19151586970fe8768ea7b7b978fa45772f9f76fabd278e3e3ef720735",""
"https://www.searchsarkarinaukri.com/jobs/gmrc-deputy-general-manager-civil-safety-recruitment-2026--3005","job-listing","229","ec9644d3990ed832dd386d63f7557161bdd6ae14b934a97b6a950ed3ca131bcb",""
"https://www.searchsarkarinaukri.com/jobs/gmrc-engineer-junior-grade-environment-recruitment-2026--3000","job-listing","222","fdffe0cd0e25b51fba231322edb23f63eb0daa63d6abd4be2a300692696fea60",""
"https://www.searchsarkarinaukri.com/jobs/gmrc-engineer-senior-grade-signalling-recruitment-2026--2962","job-listing","192","d00223d893981d3ddcb39102091365c9a2a984b52e0bdb899cb242a58e4c3d01",""
"https://www.searchsarkarinaukri.com/jobs/gmrc-engineer-senior-grade-telecom-recruitment-2026--2961","job-listing","186","3f1d8eee2bb9a68d5b43ca0f058f0c440768f6219bd27e4caffade4a6bf2b9af",""
"https://www.searchsarkarinaukri.com/jobs/gmrc-general-manager-civil-maintenance-recruitment-2026--3001","job-listing","198","79718dddc6c8356757fd61c52cea742a789ccb65f6cf5edc5d2e68be05dde825",""
"https://www.searchsarkarinaukri.com/jobs/gmrc-jgm-sr-dgm-dgm-civil-maintenance-recruitment-2026--3002","job-listing","198","1a3dec8c34ae4ba8db9b768b0ecbe62dbcf79c471af5550c4a637ab097f2906a",""
"https://www.searchsarkarinaukri.com/jobs/gmrc-jgm-sr-dgm-dgm-civil-qa-qc-recruitment-2026--3003","job-listing","203","2513c8cdecd4e6d6f52b2630c86714bbfa8448d0dd5c4987974bccdf6ab5b975",""
"https://www.searchsarkarinaukri.com/jobs/gmrc-manager-signalling-recruitment-2026--2957","job-listing","214","f2987ab6393181a8e2cacd51d74e4bdd3679883199fc31aa2f463b0f897298ba",""
"https://www.searchsarkarinaukri.com/jobs/gmrc-sr-dgm-dgm-civil-underground-tunnel-elevated-recruitment-2026--3004","job-listing","201","163585a03e23688219515ea0878e9be0f87db95603632a117ea626738409de43",""
"https://www.searchsarkarinaukri.com/jobs/goa-krushi-mahavidyalay-goa-krushi-mahavidyalay-2026--2889","job-listing","223","6e335c48a70e0bff00adaae2bce5790f66bbac51c98d23f4019e9e2229479970",""
"https://www.searchsarkarinaukri.com/jobs/goa-krushi-mahavidyalay-goa-krushi-mahavidyalay-2026--4142","job-listing","223","a55c7cf678aafab63014a1c9a3da9fa8ce027cee784804a6f566bc03358c9d52",""
"https://www.searchsarkarinaukri.com/jobs/goa-sacs-goa-sacs-2026--2799","job-listing","216","79ab86e94d22ce70e6a8a7e321293ac8c5ce24bdca440d98b1cd03c03558c33a",""
"https://www.searchsarkarinaukri.com/jobs/goa-university-goa-university-2026--1812","job-listing","211","c77ee4641cb3f8dca16a233b4bcf6dce6b7dc555235944254c25c154be126f14",""
"https://www.searchsarkarinaukri.com/jobs/goa-university-goa-university-2026--2621","job-listing","211","44bb13a7c623c21ff1277f8760d41b33e53161d1995f0b248f0adf3316282c14",""
"https://www.searchsarkarinaukri.com/jobs/goa-university-goa-university-2026--1998","job-listing","211","41a47e3031d9679c61d137f689a086e458bbd323a80df0b64a8c2fd65193d5e0",""
"https://www.searchsarkarinaukri.com/jobs/goa-university-goa-university-2026--2881","job-listing","211","66e2e7d04eb0f2073370d5de6a116d17e5602a2d08b75882449269690d94d07c",""
"https://www.searchsarkarinaukri.com/jobs/goa-university-goa-university-2026--4004","job-listing","211","0293ca84c86a2255964066add52fde6a78bd51a65cafd968cadf4264b536142d",""
"https://www.searchsarkarinaukri.com/jobs/gokhale-education-society-gokhale-education-society-2026--3770","job-listing","255","65f81794816cbbefe1e09688e82d9e0ebe55138082e2553aaa5485efb70ac386",""
"https://www.searchsarkarinaukri.com/jobs/godavari-laxmi-bank-godavari-laxmi-bank-2026--2250","job-listing","232","aaffdf5d7c617100b35a494f90b6d65dff1bd52eb90826e97c4625f1591d5352",""
"https://www.searchsarkarinaukri.com/jobs/gokhale-education-society-gokhale-education-society-2026--3913","job-listing","255","4a5a6e91ee363c28d7f5f8c462f6bc0b8dd70aab801241d81236bf1b2e0f863b",""
"https://www.searchsarkarinaukri.com/jobs/gokhale-education-society-gokhale-education-society-2026--4720","job-listing","221","86f5ff3df24333317445e2b44699496c885fdb60f6747871474618a902f15d94",""
"https://www.searchsarkarinaukri.com/jobs/gokhale-institute-of-politics-and-economics-pune-gokhale-institute-of-politics-and-economics-2026--1856","job-listing","259","d03ed3c78d7ee1e87089365521a69f52c43fad0fcd057a7f32dabeb1893ee7d8",""
"https://www.searchsarkarinaukri.com/jobs/gokhale-education-society-gokhale-education-society-2026--5009","job-listing","221","dfe02550fe8601c398b94fc3744b0e99c10803b988ff64226978d4ca8021652a",""
"https://www.searchsarkarinaukri.com/jobs/gokhale-institute-of-politics-and-economics-pune-gokhale-institute-of-politics-and-economics-2026--2388","job-listing","259","dab26fd60b593a86ab1ceb17c859cb45a0f1a9e0efc7a9d4be3c8d704cb07d3b",""
"https://www.searchsarkarinaukri.com/jobs/gokhale-institute-of-politics-and-economics-pune-gokhale-institute-of-politics-and-economics-2026--3173","job-listing","259","44dd5d24879b4889f7013244dd3f5a813842a59f51e0fee978eb58c19ce98449",""
"https://www.searchsarkarinaukri.com/jobs/government-college-daman-government-college-daman-2026--3651","job-listing","226","618433a6a52a4d1eff81a8e58fbe0725518769ab20c8fb433fada95e6f72270d",""
"https://www.searchsarkarinaukri.com/jobs/gondia-education-society-gondia-education-society-2026--2027","job-listing","245","c0b2b1662d2d68f99123276166dd16af025ec4b696004fe3c6064e0a9b5b570e",""
"https://www.searchsarkarinaukri.com/jobs/government-college-of-education-government-college-of-education-2026--1813","job-listing","234","e9c4d0be4614a9939bebea98c29065376a05d16a43c2d4bdfb581b8ef1717d7e",""
"https://www.searchsarkarinaukri.com/jobs/government-college-of-engineering-chhatrapati-sambhajinagar-government-college-of-engineering-chhatr--1984","job-listing","240","ea372f6ad69480b892a4ef24185c65733c1688f88a745e69c500ff6eb97aeefe",""
"https://www.searchsarkarinaukri.com/jobs/government-college-of-engineering-chhatrapati-sambhajinagar-government-college-of-engineering-chhatr--2010","job-listing","222","64d55e88f2becc08b2ac03e623f66e466ff61ca4476287342d33559fdcb10589",""
"https://www.searchsarkarinaukri.com/jobs/government-college-of-engineering-jalgaon-government-college-of-engineering-jalgaon-2026-2026--2977","job-listing","193","3a424cbf49c5e18d9299f69f29d2c5c92f63d359607bee36c0c620a07da8dc5f",""
"https://www.searchsarkarinaukri.com/jobs/government-college-of-engineering-karad-job-opening-at-government-college-of-2026--2419","job-listing","176","effad99153b7398fc71200c636d9eedd3e544af49ffb1e2f543b1bb4b221387b",""
"https://www.searchsarkarinaukri.com/jobs/government-college-of-engineering-nagpur-government-college-of-engineering-nagpur-invites-2026--2775","job-listing","190","6ae2009d5825bc8f05c17e07097f32c2113d5eb7467619c1c260d51d6762ac9e",""
"https://www.searchsarkarinaukri.com/jobs/government-engineering-college-daman-government-engineering-college-daman-2026--3399","job-listing","227","5e686352458aaaed2f70384a9b243ee0063839be1d8515b7d42207a10bd52739",""
"https://www.searchsarkarinaukri.com/jobs/government-dental-college-and-hospital-jalgaon-government-dental-college-and-hospital-jalgaon-2026--4579","job-listing","240","c692f8acec212ba610324a906418596cd9aadb220e0966e8f06cd2c4b9be5845",""
"https://www.searchsarkarinaukri.com/jobs/government-institute-of-forensic-science-chhatrapati-sambhajinagar-job-openings-at-government-instit--1868","job-listing","205","4205b6eeae59b9d184b5818d9ec440489e3858424493e0c8d331237dc0224cb3",""
"https://www.searchsarkarinaukri.com/jobs/government-institute-of-forensic-science-chhatrapati-sambhajinagar-government-institute-of-forensic--1885","job-listing","232","40e77c7ec33a01e5eac149b53f937d967f6b8b2194052216048e3ac89fec8d5e",""
"https://www.searchsarkarinaukri.com/jobs/government-law-college-mumbai-government-law-college-mumbai-invites-applications-2026--1793","job-listing","202","dddd32a73236e7cd0b0e5d30c79b32bec3e76f7669508cb85f266f61ba45d4a4",""
"https://www.searchsarkarinaukri.com/jobs/government-medical-college-alibag-raigad-government-medical-college-alibag-raigad-2026--2692","job-listing","204","c698bb895ab8c3976f99eaabf8d4b0dafa28e702e071eb35242dae855873854a",""
"https://www.searchsarkarinaukri.com/jobs/government-medical-college-ambernath-thane-government-medical-college-ambernath-thane-2026--4604","job-listing","211","7a50a77c27cfb2410d9abdf27d611ae4e4cf8bd2171e1be4842b198940cd5947",""
"https://www.searchsarkarinaukri.com/jobs/government-medical-college-and-hospital-chhatrapati-sambhajinagar-government-medical-college-and-hos--3836","job-listing","206","9f36f0c49cb4c7268963ab94d4e50441bf58c4468f30831660802131616783cd",""
"https://www.searchsarkarinaukri.com/jobs/government-medical-college-and-hospital-nagpur-apply-for-1-medical-officer-post-2026--2430","job-listing","187","98f81c84a6cff78348ce06b0de51fc1152c322d2b803c6ece001756b72eb0766",""
"https://www.searchsarkarinaukri.com/jobs/government-medical-college-gondia-government-medical-college-gondia-2026--4581","job-listing","238","fd3218a1ab4ed4fdd2eea71eed465a6c65e87257f708141bb3beedf2e2d2ed3b",""
"https://www.searchsarkarinaukri.com/jobs/government-medical-college-jalgaon-recruitment-notification-government-medical-college-jalgaon-2026--2870","job-listing","219","9473f2c67d145ed391a0ebbb4be242249d6c4146c062384fa36e1e1aa7e86d41",""
"https://www.searchsarkarinaukri.com/jobs/government-medical-college-jalna-government-medical-college-jalna-2026--3122","job-listing","242","b90b2772696a1dbc5538c676e45efb952e308e6fc368d885e6ffd7062daa43e9",""
"https://www.searchsarkarinaukri.com/jobs/government-medical-college-jalna-job-openings-at-government-medical-college-2026--3207","job-listing","184","4c97fa7263bb590e5e4ed1e2e26fcd50487b529b0c875c4d9f6be03ef756f495",""
"https://www.searchsarkarinaukri.com/jobs/government-medical-college-miraj-government-medical-college-miraj-2026--3249","job-listing","236","690850da7d1d07e265ccd6d8fa12b5c813bbbea72b6bc94f9071cac298bc599a",""
"https://www.searchsarkarinaukri.com/jobs/government-medical-college-miraj-government-medical-college-miraj-2026--3843","job-listing","236","b21ba7d7d36aea359d1c44e724ba444a188f2ad7913af66f1f01a34d5e70cf65",""
"https://www.searchsarkarinaukri.com/jobs/government-polytechnic-ahmednagar-government-polytechnic-ahmednagar-2026--3081","job-listing","244","1957e4ee5f91e4cbbb58f161c6b3ccd44513918f468ad005517a128586dbf9a6",""
"https://www.searchsarkarinaukri.com/jobs/government-medical-college-miraj-sangli-government-medical-college-miraj-sangli-2026--3953","job-listing","191","ac4846bd563a7cf0eaea1e0aa809c02ab94ec14d8e32ccb7dfb73e8bfc03e0a5",""
"https://www.searchsarkarinaukri.com/jobs/government-polytechnic-dhule-government-polytechnic-dhule-2026--2806","job-listing","238","96128c8616970bbc37c7117a7f07ed422c5180093df7e7bb9c12d368af860d7a",""
"https://www.searchsarkarinaukri.com/jobs/government-polytechnic-jalgaon-government-polytechnic-jalgaon-2026--2590","job-listing","234","af7b505d0796e4c3091c10325768d5ce5aa2a11b49b2d353068627950de43196",""
"https://www.searchsarkarinaukri.com/jobs/government-polytechnic-latur-government-polytechnic-latur-2026--2443","job-listing","244","168bfd9ab17fd9c44f46a939c170e97144296ab4c1c7d6642117ded5694feba9",""
"https://www.searchsarkarinaukri.com/jobs/government-polytechnic-jalna-government-polytechnic-jalna-2026--3025","job-listing","232","3ca9d0e8e77635d8f86b47ac646b6870835d04801104f5a16cb814425a04b285",""
"https://www.searchsarkarinaukri.com/jobs/government-polytechnic-miraj-government-polytechnic-miraj-2026--2935","job-listing","217","a5c574bf1d8ed8ff89e7a1a9800772a0f94162bdd3a87dd22ee8678b2d87c9aa",""
"https://www.searchsarkarinaukri.com/jobs/government-polytechnic-miraj-job-opening-at-government-polytechnic-miraj-2026--2965","job-listing","175","b2767c435733314fa4dae69c3b0eb6abbb25b15652c899137a383d3b73dac6af",""
"https://www.searchsarkarinaukri.com/jobs/government-polytechnic-mumbai-government-polytechnic-mumbai-2026--3027","job-listing","246","91dc04f5a9611377d3ff2d754573109ee7dfc110a7f0fe1a146664173ceb8cfb",""
"https://www.searchsarkarinaukri.com/jobs/government-polytechnic-pune-government-polytechnic-pune-2026--2591","job-listing","231","7e8794d693762a7771949ddbbefb6f8a3a19f9ce1c4bb747da24d93a1fc093e3",""
"https://www.searchsarkarinaukri.com/jobs/government-polytechnic-vikramgad-dist-palghar-government-polytechnic-vikramgad-dist-palghar-recruitm--3157","job-listing","211","767546f39fa7fa76dd27f8ec3725d4af9d4dd5bb629d87046f61c858b549baf9",""
"https://www.searchsarkarinaukri.com/jobs/government-polytechnic-vikramgad-government-polytechnic-vikramgad-2026--3088","job-listing","220","ab759dbd785fbabb676d45ca1a54c541b3f85bc021d01b592a05e016e6484efa",""
"https://www.searchsarkarinaukri.com/jobs/government-polytechnic-washim-government-polytechnic-washim-2026--2789","job-listing","244","a1b5eafa1bfe7e7a56f63b8eb507fca17f6c86fadfd96b45916070f3a3fb03be",""
"https://www.searchsarkarinaukri.com/jobs/govt-college-of-education-sambhajinagar-govt-college-of-education-sambhajinagar-2026--2150","job-listing","237","577951b41e3a5f6aba51b6d8087695b874d1f3cb1142cc1351be696bf46963a7",""
"https://www.searchsarkarinaukri.com/jobs/govt-polytechnic-jintur-govt-polytechnic-jintur-2026--2712","job-listing","222","a883b6c05b7fc84a0d65c3e8a677e94e2494a59b9b06a52d6cd84e73f4060a5f",""
"https://www.searchsarkarinaukri.com/jobs/gp-arvi-gp-arvi-2026--2651","job-listing","229","5717146018c3786281368c810437c66e36e55b9cb6c7f6ed9852cfade14cf52c",""
"https://www.searchsarkarinaukri.com/jobs/gp-thane-gp-thane-2026--3411","job-listing","233","9571d2585c74e2d62e0b3b112dc1b62247d9fbd99b723dab143649bf96f09b2d",""
"https://www.searchsarkarinaukri.com/jobs/gp-parsik-sahakari-bank-ltd-gp-parsik-sahakari-bank-ltd-2026--2597","job-listing","234","bcf24edca866e01f1686e3a01584c20b47df000c6aa4214575bb5148dbfd6414",""
"https://www.searchsarkarinaukri.com/jobs/gpsc-goa-gpsc-goa-2026--1912","job-listing","240","80569e7a6a4560a148efb9cad93c3e773e5f5dc50e969f41abc2a25736e49f1f",""
"https://www.searchsarkarinaukri.com/jobs/gpsc-goa-gpsc-goa-2026--2934","job-listing","240","41f4d5dcd14856841a2c8bb1c95a411b0dc68f065b7798a38e7da05ec8ac751f",""
"https://www.searchsarkarinaukri.com/jobs/gpsc-gpsc-2026--3040","job-listing","247","fa4556b1e55c6b1e36730fe13130d07a072afbb0e4e5a2d612b83857d3149151",""
"https://www.searchsarkarinaukri.com/jobs/gpsc-goa-gpsc-goa-2026--4586","job-listing","202","52ba914fa9b919a98aab5700a10990f26a69b4f3d1741158cf790a820c199187",""
"https://www.searchsarkarinaukri.com/jobs/gpsc-gpsc-2026--4733","job-listing","242","01cacc8cd16f48de77309c26814addf02c5736396161b6ec2c7fd99792f63057",""
"https://www.searchsarkarinaukri.com/jobs/graduate-primary-teacher-gpt-recruitment-2026--4489","job-listing","246","93f86c51786b1646a69421c66d4c007d7c677e8c469c9d6ff3b0b51e34f642cf",""
"https://www.searchsarkarinaukri.com/jobs/gramin-technical-and-management-campus-nanded-gramin-technical-and-management-campus-nanded-2026--4876","job-listing","240","c69e8767eb918b3832538accf9fdd0a59408a049c3a93161c790ed827441ed80",""
"https://www.searchsarkarinaukri.com/jobs/gramin-technical-and-management-campus-nanded-gramin-technical-and-management-campus-nanded-2026--3400","job-listing","283","94e56ce25e3e7ee98d25732dff5a0a4d2ea65507042b926fe327674ccf405299",""
"https://www.searchsarkarinaukri.com/jobs/grant-government-medical-college-sir-jj-group-of-hospitals-mumbai-grant-government-medical-college-s--4571","job-listing","238","6303e14e562a3f6ff67ad5f21d6cfde9375a291643d577622dec08902958c1c7",""
"https://www.searchsarkarinaukri.com/jobs/grwp-tasgaon-grwp-tasgaon-2026--2442","job-listing","212","884abec30556ed9627d5e92a2ce5f5c9c4eeae11da79d64c17e11339821e5524",""
"https://www.searchsarkarinaukri.com/jobs/hal-barrackpore-iti-apprentice-recruitment-2026--2859","job-listing","252","1c979916e201b20a6ca6832d373a8a2918287e7986657b649d685d7c432216ae",""
"https://www.searchsarkarinaukri.com/jobs/hal-nashik-hal-nashik-2026--1991","job-listing","259","1e48a3c3c48b61c8695d9c07190f9abcc20d0a779a9abb3c4255883623f696e9",""
"https://www.searchsarkarinaukri.com/jobs/hal-nasik-aeronautical-aerospace-diploma-apprentice-recruitment-2026--4701","job-listing","321","7f140220e6aafd00b3168607d90352bb59eb335d929740e490f1fd799f43f21c",""
"https://www.searchsarkarinaukri.com/jobs/hal-nashik-hal-nashik-2026--4672","job-listing","224","2a6b49375668514059d4eb8f60e26ef328c5bf0bbb3940f2b8eba78226089260",""
"https://www.searchsarkarinaukri.com/jobs/hal-nasik-aerospace-structural-fitter-apprentice-recruitment-2026--4687","job-listing","301","aa41682ef945315bae57ddd179a667c11867167a7a71aa58fbf21607b4c9c01b",""
"https://www.searchsarkarinaukri.com/jobs/hal-nasik-aeronautical-aerospace-engineering-graduate-apprentice-recruitment-2026--4692","job-listing","328","8c77bd2e7f86f11c3fff36f09a4074b20e5324cacf7d11ecd4160e2c230b1d27",""
"https://www.searchsarkarinaukri.com/jobs/hal-nasik-b-com-graduate-apprentice-recruitment-2026--4709","job-listing","313","d757bb513477bc04168a23982c9a4869e6f9417e27a5bc709621e4a6edd3a171",""
"https://www.searchsarkarinaukri.com/jobs/hal-nasik-ai-ds-ai-ml-graduate-apprentice-recruitment-2026--4699","job-listing","327","ca6a37dd536afe96fa88ac55a4151e788508b13d6817b68eaea61d9692afaa7e",""
"https://www.searchsarkarinaukri.com/jobs/hal-nasik-b-sc-graduate-apprentice-recruitment-2026--4710","job-listing","318","95b12b9b3d5b364db5f0c2f3a3bf733ec5a73aa417cb6950364bb7b521bb99e3",""
"https://www.searchsarkarinaukri.com/jobs/hal-nasik-ba-graduate-apprentice-recruitment-2026--4708","job-listing","308","6abe44467a7e67bc6558c8e5fb5e3416c2b2dd085c8d6532dc051a2b7f2438d4",""
"https://www.searchsarkarinaukri.com/jobs/hal-nasik-bba-graduate-apprentice-recruitment-2026--4711","job-listing","316","4435879613584c74569891fccaa9126147cca834cf03403f66b33583d849ac45",""
"https://www.searchsarkarinaukri.com/jobs/hal-nasik-carpenter-apprentice-recruitment-2026--4688","job-listing","298","c148f73429ee39fbb92ec32dd459e760f75c2715ea9ec16070e85f7c00cdc485",""
"https://www.searchsarkarinaukri.com/jobs/hal-nasik-chemical-engineering-graduate-apprentice-recruitment-2026--4698","job-listing","323","494149f08942919400e9a245fe2b6d5d7745bb975d84aafaac7095eb1ff74f67",""
"https://www.searchsarkarinaukri.com/jobs/hal-nasik-civil-engineering-diploma-apprentice-recruitment-2026--4702","job-listing","317","fd31fa7f6dc44373365e59957caf114a19fc036b80147e05850c1e9f587a577c",""
"https://www.searchsarkarinaukri.com/jobs/hal-nasik-computer-engineering-it-diploma-apprentice-recruitment-2026--4703","job-listing","325","4586c09bf069c58b8560f36f6144c0b889068c4f4274472574a973aaca502743",""
"https://www.searchsarkarinaukri.com/jobs/hal-nasik-civil-engineering-graduate-apprentice-recruitment-2026--4694","job-listing","324","3ffd8117eed90ddc14b9df66d81574a5cb504e62580edc690f7febf53814c03d",""
"https://www.searchsarkarinaukri.com/jobs/hal-nasik-computer-engineering-it-graduate-apprentice-recruitment-2026--4693","job-listing","324","f4e035f89136bbe77e3266e3fd8275c1a4d90aade25674e009008a96305e1458",""
"https://www.searchsarkarinaukri.com/jobs/hal-nasik-copa-apprentice-recruitment-2026--4690","job-listing","301","6bd83d6e09e30746ad73dc18dbd51dc3f97801bce99d8b60c71ffd2382a6f27d",""
"https://www.searchsarkarinaukri.com/jobs/hal-nasik-draughtsman-mechanical-apprentice-recruitment-2026--4683","job-listing","307","7f6290e54b5e376232d5ff90d719330b1b1c8afeec4d35f7045a5b5ff15dde54",""
"https://www.searchsarkarinaukri.com/jobs/hal-nasik-electrical-engineering-diploma-apprentice-recruitment-2026--4704","job-listing","305","7d493d42f02c51335e1581e6411b0104b3891e7555c1c6f3c91ce21a4580ef78",""
"https://www.searchsarkarinaukri.com/jobs/hal-nasik-electrical-engineering-graduate-apprentice-recruitment-2026--4695","job-listing","325","305e7f2e5e06b9a9fc277aea7f4faa319137f4e180a9a8a7ba449e6a378efdfc",""
"https://www.searchsarkarinaukri.com/jobs/hal-nasik-electrician-apprentice-recruitment-2026--4681","job-listing","296","279e4b39caff5ac9640b373bbacbd945baf025ae8a066483f6696b5904221ea4",""
"https://www.searchsarkarinaukri.com/jobs/hal-nasik-electronics-ece-eee-diploma-apprentice-recruitment-2026--4705","job-listing","322","32b5d7fd1b440408da3688bc4c8e1c058bfe2b9b8075c94ce172f7732f00d68c",""
"https://www.searchsarkarinaukri.com/jobs/hal-nasik-electronics-ece-eee-graduate-apprentice-recruitment-2026--4696","job-listing","319","3a814371e7c53c4447a2fe34720e3f647040419aed8484491fda8bb09bb54ab3",""
"https://www.searchsarkarinaukri.com/jobs/hal-nasik-electronics-mechanic-apprentice-recruitment-2026--4682","job-listing","297","6091892da5f9c556a655e812e91d874c28cb66ade3d54e3555ef9c9820d3f514",""
"https://www.searchsarkarinaukri.com/jobs/hal-nasik-fitter-apprentice-recruitment-2026--4675","job-listing","293","a0dbb6af1cd975bb9a0e05396350601ea1777620ae87e5f273f2e66140ccea7f",""
"https://www.searchsarkarinaukri.com/jobs/hal-nasik-machinist-apprentice-recruitment-2026--4679","job-listing","296","2be347730088ee9608780ac55f3cb1fb736c1e40485a7d8f703b3362c55168cc",""
"https://www.searchsarkarinaukri.com/jobs/hal-nasik-machinist-grinder-apprentice-recruitment-2026--4680","job-listing","299","1e44b72e5b3b2b942fa4d49058e0632495cc24cbc51120163dc1b87e37829607",""
"https://www.searchsarkarinaukri.com/jobs/hal-nasik-mechanic-motor-vehicle-apprentice-recruitment-2026--4684","job-listing","297","325ed276084bff9c26e6804e651c040b2d45390119f7f29cf49981a3fc9721cf",""
"https://www.searchsarkarinaukri.com/jobs/hal-nasik-mechanical-engineering-diploma-apprentice-recruitment-2026--4706","job-listing","320","58dfe4d5d1a7d3152a357c9faefee0cf3ed03ac0f57a12e083b80aeff6a01412",""
"https://www.searchsarkarinaukri.com/jobs/hal-nasik-mechanical-engineering-graduate-apprentice-recruitment-2026--4697","job-listing","326","2ac3e254715d7eca8d05c4015882bbc709e1a92d6f83d105f7867d1ea871928d",""
"https://www.searchsarkarinaukri.com/jobs/hal-nasik-painter-general-apprentice-recruitment-2026--4686","job-listing","294","b290192ce6ff78eb3208ddf1a960f689020095595becafc7dc27c30779d86329",""
"https://www.searchsarkarinaukri.com/jobs/hal-nasik-medical-lab-technician-diploma-apprentice-recruitment-2026--4707","job-listing","315","8aee1fcc72c883cfc5f1c6b9f1f4cb68c0510eba8c1e742ea8fe0b8068c4a3f9",""
"https://www.searchsarkarinaukri.com/jobs/hal-nasik-pharmacist-graduate-apprentice-recruitment-2026--4700","job-listing","301","4e88d8aa8c177630087623b08b66cce73b9517f8015a04d64c4258dd837c55e8",""
"https://www.searchsarkarinaukri.com/jobs/hal-nasik-refrigeration-air-conditioning-mechanic-apprentice-recruitment-2026--4685","job-listing","304","3508a1538cd96acfc041095af97efaba94dd3c41753c512c41f4e339f8cf4e7f",""
"https://www.searchsarkarinaukri.com/jobs/hal-nasik-sheet-metal-worker-apprentice-recruitment-2026--4689","job-listing","302","a7dc172b19ed51c5cccf3f75709feec382edb5bc756ee73a43eaa8f82d41f793",""
"https://www.searchsarkarinaukri.com/jobs/hal-nasik-tool-die-maker-die-mould-apprentice-recruitment-2026--4677","job-listing","307","16d0800c465b238f11e95d4d45a728b6d430824518ca7725aa3d23221dfa6580",""
"https://www.searchsarkarinaukri.com/jobs/hal-nasik-tool-die-maker-jig-fixture-apprentice-recruitment-2026--4676","job-listing","304","475ae8a2c1b697363e532865dbfd2441b75f477198879fff27e153f7de93cc3b",""
"https://www.searchsarkarinaukri.com/jobs/hal-nasik-turner-apprentice-recruitment-2026--4678","job-listing","294","96dd362f85e338ab8c49862db64a47da05431cc5cfe9d8f62dc48fe99175609b",""
"https://www.searchsarkarinaukri.com/jobs/hal-nasik-welder-apprentice-recruitment-2026--4691","job-listing","299","a03f2ebb623e3a6e48617737c72ad1e8a73112be68dc749b0efd3389609cad30",""
"https://www.searchsarkarinaukri.com/jobs/handlooms-vibhag-handlooms-vibhag-2026--3533","job-listing","220","7f4ce3f3520452ae93fa68018ca3bc461951db84133e3c628f2febb6a533a28f",""
"https://www.searchsarkarinaukri.com/jobs/harish-chandra-research-institute-project-assistant-harish-chandra-research-institute-2026--1622","job-listing","201","7a1712ee4ee162cab1d8f2fb7797320c87b4dcbb3c43b167d425004f8915ecf1",""
"https://www.searchsarkarinaukri.com/jobs/harish-chandra-research-institute-project-supevisor-2026--1621","job-listing","188","82395746451f4da7b3e868bc9020e9cba259400dae13ad2b53763a9edec32d5b",""
"https://www.searchsarkarinaukri.com/jobs/harish-chandra-research-institute-project-system-manager-2026--1619","job-listing","319","8b6ae9513a099936ded842dbef3ec110448e0d137a9498c5a396e3b6381a5358",""
"https://www.searchsarkarinaukri.com/jobs/hasti-coop-bank-dhule-hasti-coop-bank-dhule-2026--2997","job-listing","252","837c4554a1df1ef3d713c313b4b1d81bafa38b55e38969a605efe49e592216a2",""
"https://www.searchsarkarinaukri.com/jobs/hbsu-mumbai-hbsu-mumbai-2026--1842","job-listing","233","ac51d7e89a2eae498c4c9647211830752740caecc1f31ad508d839eb6fd27c11",""
"https://www.searchsarkarinaukri.com/jobs/hbt-clinic-mumbai-hbt-clinic-mumbai-2026--2036","job-listing","241","5803549038e7c380f4b625bafab4647ad542aa4638676297e5672097742840ad",""
"https://www.searchsarkarinaukri.com/jobs/hci-hci-2026--2459","job-listing","211","854a663e1ce5a8c226ab3c4fe7c7e1d9a1b2e941f5d1d9d70528b38c5e46825a",""
"https://www.searchsarkarinaukri.com/jobs/hemrl-pune-hemrl-pune-2026--2278","job-listing","253","c02a412615248f92ce4cc99ba2826ffaec07348b082b9ae67947467154357669",""
"https://www.searchsarkarinaukri.com/jobs/hemrl-pune-hemrl-pune-2026--4378","job-listing","220","68e9580c9a446136dae01d71e7fff95586b1ab783606bf5b7ca9bbb646c61f94",""
"https://www.searchsarkarinaukri.com/jobs/high-court-of-judicature-at-bombay-bench-at-aurangabad-high-court-of-judicature-at-bombay-2026--4772","job-listing","256","9daf060e04d01fd4485dc8739c0ace9d104ac5f5b90968efe6583b4926bfcf60",""
"https://www.searchsarkarinaukri.com/jobs/high-court-of-judicature-at-bombay-bench-at-aurangabad-high-court-of-judicature-at-bombay-2026--4929","job-listing","269","a90ff26858d0d25170833ce3177e92fbd66ea9226dd1f25531be8fcab2158b5c",""
"https://www.searchsarkarinaukri.com/jobs/high-explosives-factory-khadki-he-factory-khadki-pune-recruitment-notification-high-explosives-facto--4938","job-listing","188","1f5ea5feacc8f3ebb23783ee16c0e8e35010027ff6adedd337d0b173610b808f",""
"https://www.searchsarkarinaukri.com/jobs/high-explosives-factory-khadki-pune-high-explosives-factory-khadki-pune-2026--1744","job-listing","282","d88c3739f2522850293e9eee9c7e9e3102991b877a05055ebb4c3e2efbc4c669",""
"https://www.searchsarkarinaukri.com/jobs/high-explosives-factory-khadki-pune-high-explosives-factory-khadki-pune-2026--4835","job-listing","239","36cee526a1b0a1d233507fd176a5c121e90e8b4037ab44d555ac3159b8bf8a0d",""
"https://www.searchsarkarinaukri.com/jobs/high-explosives-factory-khadki-tenure-based-cpw-recruitment-2026--4825","job-listing","130","873ee2e31c35f8240a6825f783b59f668550459cc346f74f9495f799b18c72ef",""
"https://www.searchsarkarinaukri.com/jobs/himachal-pradesh-public-service-commission-hppsc-hiring-constables--3021","job-listing","263","f6e1676f190af0059efde34d165a70a1b62d155851ab13a419e277715b0a5bf7",""
"https://www.searchsarkarinaukri.com/jobs/hindi-officer-recruitment-2026--3095","job-listing","218","19a2f99047f83165a2a5dd87e513b7e1491debad93dd6474d774bac730230349",""
"https://www.searchsarkarinaukri.com/jobs/hindi-vishwavidyalaya-wardha-hindi-vishwavidyalaya-wardha-2026--4614","job-listing","246","ca0943a0644e3be5b023239bb68aa4a1b787d65e9f10844652cce4e8dacc09a9",""
"https://www.searchsarkarinaukri.com/jobs/hindi-vishwavidyalaya-wardha-hindi-vishwavidyalaya-wardha-2026--2750","job-listing","245","826c5a38e89687fb0d5e4723b84dd8b9b73535e6ceddadc96758b38570836044",""
"https://www.searchsarkarinaukri.com/jobs/hindustan-aeronautics-limited-director-operations-2026--1818","job-listing","173","5b4cff0fd78a0b698f5dd727ec782f04da86198e4b3fba646304c01550f0afda",""
"https://www.searchsarkarinaukri.com/jobs/hindustan-aeronautics-limited-hindustan-aeronautics-limited-2026--1706","job-listing","221","edef2f5dcfde2d59ae0bd61b24fe325b8dd2db90c46c6e92bc5eec171e182a3c",""
"https://www.searchsarkarinaukri.com/jobs/hindustan-aeronautics-limited-hindustan-aeronautics-limited-2026--2939","job-listing","221","f0eff3ca54753df3e11936c98f72514f82c091b0d8829cb46c530a1ea03d939f",""
"https://www.searchsarkarinaukri.com/jobs/hindustan-aeronautics-limited-hindustan-aeronautics-limited-2026--3592","job-listing","221","85bb7818a4f753a5b99997704a81793a0a2e19926709df6ffae9b762adcd0d97",""
"https://www.searchsarkarinaukri.com/jobs/hindustan-aeronautics-limited-hindustan-aeronautics-limited-2026--3720","job-listing","221","ab3db4fbdbd51ff32d0325479562fb90adece7420d5ff1782e1836b259f83100",""
"https://www.searchsarkarinaukri.com/jobs/hindustan-aeronautics-limited-hindustan-aeronautics-limited-2026--4522","job-listing","221","eeea9fb86c9f55561128bd2a9acfc76599a2563f1f4618443980bf2b14ec5125",""
"https://www.searchsarkarinaukri.com/jobs/hindustan-copper-ltd-online-applications-from-experienced-personnel-for-2026--1821","job-listing","177","c55d0f944debd37e22255aab5de5f2fb12e8deccea6308e08a0d8d5a6debebc6",""
"https://www.searchsarkarinaukri.com/jobs/hindustan-petroleum-corporation-limited-economist-2026--2644","job-listing","174","c5e58e95d61a086294abb6897d07c75addc719f7a06bb5f476128f16d29dea5a",""
"https://www.searchsarkarinaukri.com/jobs/hindustan-petroleum-corporation-limited-hindustan-petroleum-corporation-limited-2026--2633","job-listing","230","d45d483889f5098bc6a7fc9f475662af5fd74e8976d39ad9db4d513b4dd8981b",""
"https://www.searchsarkarinaukri.com/jobs/hindustan-petroleum-corporation-limited-hindustan-petroleum-corporation-limited-2026--3086","job-listing","230","620ddf2d2fd90caa4c534a2471e41a498d84d8d830876cb47792024b863196a8",""
"https://www.searchsarkarinaukri.com/jobs/hindustan-petroleum-corporation-limited-projects-2026--2641","job-listing","178","8bfe01eb2dc0018a832c2e11b305a84d9d7ee30b42f4c9fa1e1f41eb26ce5124",""
"https://www.searchsarkarinaukri.com/jobs/hindustan-petroleum-corporation-limited-recruitment-notification-hindustan-petroleum-corporation-lim--3159","job-listing","215","9a277a11fb30685fe43b873b9e32e5a034ada0b6b48889600585232a60dea41f",""
"https://www.searchsarkarinaukri.com/jobs/hindustan-petroleum-corporation-limited-senior-officer-sales-2026--2642","job-listing","171","d23f643c1581d3d517f61c48d37d3b0e2838765dcc339d2bd758f4e567e91563",""
"https://www.searchsarkarinaukri.com/jobs/hindustan-petroleum-corporation-limited-technical-services-speciality-chemicals-2026--2640","job-listing","175","457a2aa24de2c2c375e8f2cbcabbdeebff0bfefa5f28aeea6ee7e52b4354fa83",""
"https://www.searchsarkarinaukri.com/jobs/hindustan-shipyard-ltd-manager-hr-2026--1908","job-listing","222","4c9e138e647cae43905560670dd4bbaec8a343933762df8de778a83fdfc74844",""
"https://www.searchsarkarinaukri.com/jobs/hindustan-shipyard-ltd-project-superintendent-technical-2026--1906","job-listing","215","1884d73a5cbdacd5e1dfb391d8c8567a64ae379a818a4f13ef7e6b4666016789",""
"https://www.searchsarkarinaukri.com/jobs/hindustan-shipyard-ltd-deputy-manager-technical-2026--1907","job-listing","209","cabe746dcd62b0325300bebcc3113998071e0c45b96bc476efe2daab4f2c8d0c",""
"https://www.searchsarkarinaukri.com/jobs/hll-lifecare-limited-hll-lifecare-recruitment-2026-146-2026--1683","job-listing","216","e974b2019dfe9350af4670cbf4929d1f6d1ee095350f49a20da2bc66f36526ef",""
"https://www.searchsarkarinaukri.com/jobs/hll-lifecare-ltd-hll-lifecare-ltd-2026--2281","job-listing","243","bcf16499951eb424cb44bbbc06a4b08cbe371084f7961081937cbec87783c92d",""
"https://www.searchsarkarinaukri.com/jobs/hll-lifecare-ltd-hll-lifecare-ltd-2026--4259","job-listing","243","a35c0c383bb74bf164126fc637d2e9c0bff2e5ea79b9c63b19b54d4bce69be0f",""
"https://www.searchsarkarinaukri.com/jobs/hll-lifecare-ltd-hll-lifecare-ltd-2026--2665","job-listing","243","75644175fe5d6bc1c6920ff53e26567610c05e3b00aae7cf6ff9c5ab91a8f550",""
"https://www.searchsarkarinaukri.com/jobs/hll-lifecare-ltd-hll-lifecare-ltd-2026--4888","job-listing","203","b00296467285e8954ce53ed00d060f239c5e4ec340ed0f28f9bc3e2c078b5d5b",""
"https://www.searchsarkarinaukri.com/jobs/homi-bhabha-centre-for-science-education-homi-bhabha-centre-for-2026--2163","job-listing","232","b57c5840d96dbd0011310a73f3eea86c9c2597069d714cd78181960b0e3d015e",""
"https://www.searchsarkarinaukri.com/jobs/homi-bhabha-centre-for-science-education-tata-institute-of-fundamental-research-homi-bhabha-centre-f--2202","job-listing","265","a42176ba7afd93411d672321303721b096f8044a39153f78f839de845f4316d5",""
"https://www.searchsarkarinaukri.com/jobs/hp-high-court-court-manager-recruitment-2026-apply-online-for-5-posts--4304","job-listing","293","ff809981080de2de9988f45076fa081691aacecaa39db89eb2f3c2bf85e83dec",""
"https://www.searchsarkarinaukri.com/jobs/hp-high-court-clerk-recruitment-2026-apply-online-for-141-posts--4300","job-listing","268","6344301fc5223325e47bed04a9fea172f33aba54679ea9f407d8cfaf74d99d10",""
"https://www.searchsarkarinaukri.com/jobs/hp-high-court-driver-recruitment-2026-apply-online-for-9-posts--4302","job-listing","272","56b8f6c5c98ea7d3597781841b1c273ae36b13e55cb0b8b477dc6ece67cd5ef1",""
"https://www.searchsarkarinaukri.com/jobs/hp-high-court-process-server-recruitment-2026-apply-online-for-65-posts--4303","job-listing","281","fed0d8a9bbc3ba2dfdc6040824f395c669a0532656e97b0418db8f57780c51c4",""
"https://www.searchsarkarinaukri.com/jobs/hp-high-court-stenographer-grade-iii-recruitment-2026-apply-online-for-79-posts--4301","job-listing","247","0efa3440d8e95e5307ad21045069149542357d3774f27d55b51288ded93c60ce",""
"https://www.searchsarkarinaukri.com/jobs/hpcl-assistant-manager-manager-projects-recruitment-2026--2819","job-listing","170","59f11912871507fb58fd2f15d3e152e2c5630c6c2d1f67330d83fdc720179c32",""
"https://www.searchsarkarinaukri.com/jobs/hpcl-chief-manager-deputy-general-manager-technical-services-recruitment-2026--2820","job-listing","175","60962b46c62c828c263184888fd04829a501b87c739e9a8d97f3ab3d7dd636b2",""
"https://www.searchsarkarinaukri.com/jobs/hpcl-dgm-gm-cgm-sales-marketing-petrochemicals-recruitment-2026--2822","job-listing","182","08249c4efc93005b52ced309e034180a64c80ec5b1751621704e88ec59415e06",""
"https://www.searchsarkarinaukri.com/jobs/hpcl-economist-recruitment-2026-senior-manager-chief-manager-deputy-general-manager--2821","job-listing","167","23343c3e99afb643a8923213a42cb804ed1e60d7e4daffe12f102c8d295adbfd",""
"https://www.searchsarkarinaukri.com/jobs/hpcl-graduate-apprentice-civil-engineering-recruitment-2026--3152","job-listing","231","28fe29c9eaf6e281c548b419f71b010804d62d2a9d9d51d4f04e1e4777c7eb60",""
"https://www.searchsarkarinaukri.com/jobs/hpcl-graduate-apprentice-electrical-engineering-recruitment-2026--3154","job-listing","222","d9d1691754fee5f4b065bded6ba916f2589af2d162008a0d0e64fa157b1a6623",""
"https://www.searchsarkarinaukri.com/jobs/hpcl-graduate-apprentice-instrumentation-engineering-recruitment-2026--3155","job-listing","229","7926692e5e5223c956d55773a7796ad7ba28808c0dad3eaeb818a2b3d89e5f6e",""
"https://www.searchsarkarinaukri.com/jobs/hpcl-junior-executive-fire-safety-recruitment-2026-17-posts--2768","job-listing","180","89c0feba10ff946b3a8060760e98ab9edc3216afbb9951f5a841108c5a22fb9c",""
"https://www.searchsarkarinaukri.com/jobs/hpcl-graduate-apprentice-mechanical-engineering-recruitment-2026--3153","job-listing","222","762d7ca32ee27e72139eb4a4163cb4cd1820c07f9644e0a084274c672309853f",""
"https://www.searchsarkarinaukri.com/jobs/hpcl-senior-officer-sales-recruitment-2026-52-posts--2769","job-listing","169","e35766cb71759950311c0bb23d3a1e55d5e9705c91128b7d0c5b2dccef771fb4",""
"https://www.searchsarkarinaukri.com/jobs/hpcl-recruitment-2026-junior-executive-chemical-37-posts--2767","job-listing","186","f7e45f933bcfc69dae1c1db514b06f51e5fc8cb0b1f2b3f4fed6576b07febea5",""
"https://www.searchsarkarinaukri.com/jobs/hprca-clerk-recruitment-2026-apply-online-for-40-posts--4305","job-listing","290","cd9d7ebae67092cb1f1d92c03fe3d32616baaa56bfa58cec924175ecd6b0bcfc",""
"https://www.searchsarkarinaukri.com/jobs/hq-southern-command-pune-hq-southern-command-pune-2026--1738","job-listing","241","78b85b69803ab5c2d969daf21a18009f941643b90e4d783b121d44133f7148ef",""
"https://www.searchsarkarinaukri.com/jobs/hurl-deputy-manager-assistant-manager-officer-medical-recruitment-2026-apply-online-for-2-posts--4970","job-listing","354","e43d076df5f46f00b7a354813d6c4e88877f31930d7b4841870a9917ae1533e7",""
"https://www.searchsarkarinaukri.com/jobs/hurl-engineer-senior-engineer-ammonia-recruitment-2026-apply-online--4961","job-listing","315","cc9d9b198d543dfc99bf720afcb2899ab26cc71c7d48cfe9e13c1d08ffb1f79d",""
"https://www.searchsarkarinaukri.com/jobs/hurl-engineer-senior-engineer-electrical-recruitment-2026-apply-online--4963","job-listing","310","427cefc00ef0699cb6083e3f6cf627c8a00615e10e2d1227c3867b4bc19e1d06",""
"https://www.searchsarkarinaukri.com/jobs/hurl-engineer-senior-engineer-mechanical-recruitment-2026-apply-online--4964","job-listing","308","fc8aaa548fb54c54317aeba3d5659006ec741df52ae13e96f48d3a7493d5271b",""
"https://www.searchsarkarinaukri.com/jobs/hurl-engineer-senior-engineer-o-u-recruitment-2026-apply-online--4960","job-listing","320","1e4dad93ceb2afb6ac96fd04f85d048fb92c65dcb7d4919001da3f53bfaeab97",""
"https://www.searchsarkarinaukri.com/jobs/hurl-engineer-senior-engineer-recruitment-2026-apply-online--4959","job-listing","327","145407910ae20bdf3ffc7a292ea25ac5b3d09b1c1328efbaba1cf500d44cd657",""
"https://www.searchsarkarinaukri.com/jobs/hurl-engineer-senior-engineer-urea-recruitment-2026-apply-online--4962","job-listing","322","79e552656f5b6943a6b239bb563a0c1cdbaa370766a6cd66562f07515a06cb05",""
"https://www.searchsarkarinaukri.com/jobs/hurl-jr-engineer-assistant-ii-instrumentation-recruitment-2026-apply-online-for-12-posts--4975","job-listing","308","eada070879373520ccdfa3df587b3cc1da6998495b0f9dd36625dbff72922686",""
"https://www.searchsarkarinaukri.com/jobs/hurl-jr-engineer-assistant-ii-ammonia-recruitment-2026-apply-online-for-7-posts--4972","job-listing","326","911cc23f3a979dc11f808336bda2dd11e2b1c9cf4a8274176a0e211422025cd0",""
"https://www.searchsarkarinaukri.com/jobs/hurl-jr-engineer-assistant-ii-o-u-recruitment-2026-apply-online-for-6-posts--4971","job-listing","333","fa6e00a00b1e8f8deb759b4642c9c2f310e2f3b3ffa91b4e6a618183095d5b43",""
"https://www.searchsarkarinaukri.com/jobs/hurl-jr-engineer-assistant-ii-qa-mechanical-recruitment-2026-apply-online-for-7-posts--4976","job-listing","293","87f367316e069700823bd17b5c245d90c393476a09d0587f3445c2857133689c",""
"https://www.searchsarkarinaukri.com/jobs/hurl-jr-engineer-assistant-ii-urea-recruitment-2026-apply-online-for-3-posts--4973","job-listing","328","dcdccd502f25d0cd3084f12fe56e28a6c93eb99e28c1fa14feab2ab8e0a8acec",""
"https://www.searchsarkarinaukri.com/jobs/hurl-jr-engineer-assistant-ii-urea-plant-handling-operations-recruitment-2026-apply-online-for-8-posts--4974","job-listing","306","a2f02f89bb6f798c72b4b4ceacfe7b2a6573697e0472dd2772c23429f1afc782",""
"https://www.searchsarkarinaukri.com/jobs/hurl-officer-senior-officer-human-resource-recruitment-2026-apply-online--4968","job-listing","323","74593bbd0e70f586576be42d5bc779b44927c14ce7047a128cfb9b72a2f63e6b",""
"https://www.searchsarkarinaukri.com/jobs/hurl-officer-senior-officer-marketing-recruitment-2026-apply-online--4969","job-listing","335","52df547b973e7c010a656b8b6804395919c9ca9d22e48d43b38d82a3014826ff",""
"https://www.searchsarkarinaukri.com/jobs/hurl-senior-engineer-assistant-manager-it-sap-fico-recruitment-2026-apply-online--4965","job-listing","334","ac8e841b84152f8e1cabe2c26c886100ee9fdbb72e230caa699eb4b8999d0b9b",""
"https://www.searchsarkarinaukri.com/jobs/hurl-senior-engineer-assistant-manager-it-sap-mm-recruitment-2026-apply-online--4966","job-listing","337","2deb2d6345ec98044688dca004bb09d35aaac5cdd01922113969ee29666080ff",""
"https://www.searchsarkarinaukri.com/jobs/hurl-senior-engineer-assistant-manager-it-sap-sd-recruitment-2026-apply-online--4967","job-listing","339","fc4b45985b3ab761087a622ad2c6bacd2b19fc0275ecd840da7ca7cbbcaf298e",""
"https://www.searchsarkarinaukri.com/jobs/iaf-agniveervayu-musician-recruitment-2026--3148","job-listing","219","fcac868cb78e7aa0f0037dd6a120946d85e15de8d69c7c4cfcc801cac6f2b146",""
"https://www.searchsarkarinaukri.com/jobs/iahe-iahe-2026--2516","job-listing","215","655e08ceb3ce5c209f358eb1d9e20be8935ba256a10146e69c4e9b0fe301d77a",""
"https://www.searchsarkarinaukri.com/jobs/ibm-nagpur-ibm-nagpur-2026--2986","job-listing","237","9761737f2b4a916a6484fee9e1dba44af1f3ec3c078c023a7e112efd467a93a4",""
"https://www.searchsarkarinaukri.com/jobs/ibm-nagpur-ibm-nagpur-2026--3516","job-listing","237","f71919416ec06e200fdb719f2a3d7e6b7f249a912176e49736e978cde3f93038",""
"https://www.searchsarkarinaukri.com/jobs/ibps-agricultural-field-officer-scale-i-recruitment-2026-apply-online-for-190-posts--3381","job-listing","227","f1b4e075498be1715c5f47daa371ceecd2c24402531ec0daf82dc057d7306615",""
"https://www.searchsarkarinaukri.com/jobs/ibps-clerk-recruitment-2026--4904","job-listing","225","50fcf47e2253b937b762f15a919ac3b9b0f22917f7fdd4e4cf9b6a1afe3984a8",""
"https://www.searchsarkarinaukri.com/jobs/ibps-crp-clerk-ibps-crp-clerk-2026--3723","job-listing","252","25e78bb2bbb7cdfddecd93745c00228ed4cbfec71303be700a79056f0419e209",""
"https://www.searchsarkarinaukri.com/jobs/ibps-crp-clerk-ibps-crp-clerk-2026--3968","job-listing","253","ffdb68d7aac539a0ac0149f97ef71afb530273bddb9a596125fdfe79f65c289d",""
"https://www.searchsarkarinaukri.com/jobs/ibps-crp-clerk-ibps-crp-clerk-2026--4952","job-listing","214","687f16c05c5554e937d3d59c87779ab07301e7f5ad50dfe7d7dc5c3264c6f9f1",""
"https://www.searchsarkarinaukri.com/jobs/ibps-customer-service-associate-recruitment-2026--4903","job-listing","232","25d97f96e6e1f2834af623f8b2193a7b8bf14a2286c47ccb414f4cf4437520d5",""
"https://www.searchsarkarinaukri.com/jobs/ibps-hr-personnel-officer-scale-i-recruitment-2026-apply-online-for-60-posts--3384","job-listing","243","1555772ec57289850f6e6c9d40c565614c9af8c3298950fca29e869275fb8216",""
"https://www.searchsarkarinaukri.com/jobs/ibps-ibps-2026--2606","job-listing","273","494627d2564884ea38f9b20275e7ea0b73af7e83cca1efeaea7b00860456e0a6",""
"https://www.searchsarkarinaukri.com/jobs/ibps-it-officer-scale-i-recruitment-2026-apply-online-for-301-posts--3380","job-listing","253","2c8885bcff394bd4b3c8f8d7d1db958d4f0b0ae7323c46d0805c189d7ddc362f",""
"https://www.searchsarkarinaukri.com/jobs/ibps-ibps-2026--4022","job-listing","371","3316e5f67fbfa99c25957e5f2779560b95ef1cbe7a43c9dec16eebb8da7fff67",""
"https://www.searchsarkarinaukri.com/jobs/ibps-law-officer-scale-i-recruitment-2026-apply-online-for-105-posts--3382","job-listing","217","daf73e363b4d3e52a2e6df7f7ea1dc4548d4e485087b9002e6dc2341ad8e8649",""
"https://www.searchsarkarinaukri.com/jobs/ibps-po-ibps-po-2026--2604","job-listing","227","9d8298c8b7e1269a70789e87492eab4add5d1b5519bca9944501c2c5057a5263",""
"https://www.searchsarkarinaukri.com/jobs/ibps-po-ibps-po-2026--3419","job-listing","227","2ca20a737fe6faf7ab7314355123a37f601c85307161da19525a009cd3db1786",""
"https://www.searchsarkarinaukri.com/jobs/ibps-po-management-trainee-recruitment-2026--2908","job-listing","231","f3440e9771478078d63703aee37cb6be435723543e843bed16d46401508d902b",""
"https://www.searchsarkarinaukri.com/jobs/ibps-rajbhasha-adhikari-scale-i-recruitment-2026-apply-online-for-89-posts--3383","job-listing","223","42588f5d5f9d9e9f9a9b88f4e5d56bd5f965b6a395b0531ab0543955db11cdd8",""
"https://www.searchsarkarinaukri.com/jobs/ibps-so-ibps-so-2026--2605","job-listing","227","3bf291607d7fec67004bc7f280ec56fcb64ce0a140ba5ebde24ff0c8f744d857",""
"https://www.searchsarkarinaukri.com/jobs/ibps-specialist-officer-so-recruitment-2026--2909","job-listing","276","5bb4dcfbea17722ecf57c62c6965d2b0044b9f6f08637a05a7a4f2776644946e",""
"https://www.searchsarkarinaukri.com/jobs/ibps-so-ibps-so-2026--3420","job-listing","227","0a5cb828094a258fea99eb5e80311e68d8bc4a52fb34d7e73431612e113d552b",""
"https://www.searchsarkarinaukri.com/jobs/icai-executive-officer-recruitment-2026--3146","job-listing","211","43f8ddf74555f966ea60ed7426974c39d1232f0d12837726ec4dc31ce5f3c1cd",""
"https://www.searchsarkarinaukri.com/jobs/icar-atari-kanpur-young-professional-i-ffp-2026--2369","job-listing","256","c28182cf175fcffa223e8093d74ef504609fcd1be274f3c7c4ca049ee2c2d322",""
"https://www.searchsarkarinaukri.com/jobs/icar-atari-kanpur-young-professional-i-legal-2026--2370","job-listing","249","e2076808b599a65212c23d05cd8a708d76fcac2fb3e4be1d013ff3f163e772d5",""
"https://www.searchsarkarinaukri.com/jobs/icar-central-institute-for-cotton-research-nagpur-recruitment-notification-icar-central-institute-20--4479","job-listing","208","a43a2ab27d2bf68a94303756231b932aaa38a466dc978c7b57190b134ac2a185",""
"https://www.searchsarkarinaukri.com/jobs/icar-central-institute-for-research-on-cattle-field-assistant-2026--1489","job-listing","246","e023bc764b24aefab4c871adc2ec2df0f9f5c525cdcd63d9852962cfc99308da",""
"https://www.searchsarkarinaukri.com/jobs/icar-central-institute-for-research-on-cattle-part-time-medical-officer-2026--1338","job-listing","260","b2cccb51b67a7f6d3461661af5efed85a96cebda713ab7f7e414234af8c1977d",""
"https://www.searchsarkarinaukri.com/jobs/icar-central-institute-for-research-on-cattle-senior-research-fellow-2026--1490","job-listing","237","71259818d45072179682852955a09e3494ed51956442ec8f8299bda9f25f7e57",""
"https://www.searchsarkarinaukri.com/jobs/icar-central-institute-for-research-on-cattle-young-professional-ii-2026--2568","job-listing","239","0fb71cf4f7ca3d9c37ed2e825fc6069eddb8fd6b36779ce80389f809aa75b111",""
"https://www.searchsarkarinaukri.com/jobs/icar-central-institute-for-research-on-cotton-technology-apply-for-1-junior-research-fellow-2026--3269","job-listing","258","40074a0f3ef09649b8bbafc703d8c3ce0f0516c2a28603796174f3e015cd800a",""
"https://www.searchsarkarinaukri.com/jobs/icar-central-marine-fisheries-research-institute-junior-research-fellow-2026--2195","job-listing","192","a81ab4f559b2cfb108b3ae1746450a4fe9af11ff3381da2dbab94d3c631a3864",""
"https://www.searchsarkarinaukri.com/jobs/icar-central-marine-fisheries-research-institute-project-assistant-icar-central-marine-fisheries-202--2194","job-listing","194","af1b25829ecacfc556a2f8c7f9e11d42c34eb6509738ffed0615642f287c7d54",""
"https://www.searchsarkarinaukri.com/jobs/icar-central-marine-fisheries-research-institute-junior-research-fellow-2026--2196","job-listing","195","4d3badb1b8cc7299d2f369d23d8e78fd895ffb184ef08c15ede84440ce178ba4",""
"https://www.searchsarkarinaukri.com/jobs/icar-central-marine-fisheries-research-institute-young-professional-i-2026--1862","job-listing","198","a4cb620600c6cc8a14900544a28b011ae845ee6899a30be371b48ec57ccbc1c9",""
"https://www.searchsarkarinaukri.com/jobs/icar-central-marine-fisheries-research-institute-young-professional-i-2026--2322","job-listing","193","49ec7c2f839db8056b9481830dff858f5a71486ca81af1e6c16b410e58d349c6",""
"https://www.searchsarkarinaukri.com/jobs/icar-central-marine-fisheries-research-institute-young-professional-ii-2026--2853","job-listing","218","4294ebfbe76cc92281dafb9dc67b98596d89589cc2a54495b6366bd94c23d5f9",""
"https://www.searchsarkarinaukri.com/jobs/icar-central-marine-fisheries-research-institute-young-professional-ii-2026--2941","job-listing","210","26d2faa4c624d80c3a3e6b7592116a92d196e78076f652cc19ee3d951d0666fd",""
"https://www.searchsarkarinaukri.com/jobs/icar-circot-mumbai-icar-circot-mumbai-2026--1893","job-listing","234","5db7862a3a3a8dcea8f3c8e83cb1c5d2408df60ae6c8f6c2ff65cd52088d6fad",""
"https://www.searchsarkarinaukri.com/jobs/icar-directorate-of-medicinal-and-aromatic-plants-research-young-professional-ii-2026--1374","job-listing","301","7f9f08053e817323bd5babd11f43279938c35993e0e0938697a92fc44461e0a6",""
"https://www.searchsarkarinaukri.com/jobs/icar-iari-icar-iari-2026--1928","job-listing","264","ad2316dbf12558b4a9dce5de3f04d3fc43d1fc34045d5466ac350202151475df",""
"https://www.searchsarkarinaukri.com/jobs/icar-iari-icar-iari-2026--2499","job-listing","264","979b77fc9cedfbe1e6ca8695132509fd2d55ede7be579e28be34bad9877cad91",""
"https://www.searchsarkarinaukri.com/jobs/icar-iari-icar-iari-2026--2832","job-listing","264","71f99a55ef66d2cafa3530e43053a9974463ae7c961a1ec92b202821bb6554c0",""
"https://www.searchsarkarinaukri.com/jobs/icar-iari-icar-iari-2026--4659","job-listing","230","855f6d3d0b1521bbd034d10797102446d0700dde9e8a5ff34008bdc0b334fc83",""
"https://www.searchsarkarinaukri.com/jobs/icar-iari-icar-iari-2026--4943","job-listing","230","f051f6b4d4c0fb029487f5704d1a6940cbd3966a3125f0075cbba6582ea290ed",""
"https://www.searchsarkarinaukri.com/jobs/icar-iari-icar-iari-2026--5003","job-listing","231","dd096e230093ed821e6303a77b799c526681afa6e0ba4b64380641fa88c01474",""
"https://www.searchsarkarinaukri.com/jobs/icar-ivri-junior-research-fellow-recruitment-2026--3179","job-listing","259","0b38b11926686678d8a708ba1b7508efd5aed95ce2fe05e5b3f3f38839704215",""
"https://www.searchsarkarinaukri.com/jobs/icar-icar-2026--1074","job-listing","313","420cdca4e4322ad8a1e439be2d73de9f1507dd4918707a80fdaa762c4668661b",""
"https://www.searchsarkarinaukri.com/jobs/icar-national-bureau-of-soil-survey-and-land-use-planning-icar-national-bureau-of-soil-survey-and-20--1776","job-listing","246","e3ca28289c51bc9f0c7825813022b05e658fb9a0139069dc74fa3386c264c987",""
"https://www.searchsarkarinaukri.com/jobs/icar-national-research-center-for-grapes-pune-job-opening-at-icar-national-2026--4609","job-listing","210","c912d176f766ad0cc1930bbe544653681a586768d5d0e6da30963c136810ac24",""
"https://www.searchsarkarinaukri.com/jobs/icar-nbpgr-field-worker-2026--2291","job-listing","202","5c31be9aee5f250f6716e0848fe5cfafbea0592c7c0ed72f37965ad6c55bf4d9",""
"https://www.searchsarkarinaukri.com/jobs/icar-nbpgr-field-worker-2026--2609","job-listing","201","230768e3d40b5067cc3f5279ee41b5e3e25bc476a3104e5403b5effeff3fd721",""
"https://www.searchsarkarinaukri.com/jobs/icar-nbpgr-project-assistant-icar-nbpgr-2026--2293","job-listing","199","9a0d6ad7724e19e3e6ff20932ef38397a27b257ec0286ec7191dd1885d5c8aac",""
"https://www.searchsarkarinaukri.com/jobs/icar-nbpgr-project-associate-i-icar-nbpgr-2026--1633","job-listing","234","81ee1ec58d60e6cd410effd233930d995dda53a45c1f64ae73fac3dca243cd86",""
"https://www.searchsarkarinaukri.com/jobs/icar-nbpgr-project-scientist-iii-2026--2292","job-listing","201","479b7ca392ff98209b09ca6af7b6ce8030954d99f4e4422afe6d85198e43dcbc",""
"https://www.searchsarkarinaukri.com/jobs/icar-nbpgr-project-scientist-iii-2026--2610","job-listing","257","4bcc43e4bd94b7a441212e77a833bb3b21e80a69a83fb16566447b3f1d22d884",""
"https://www.searchsarkarinaukri.com/jobs/icar-nbpgr-young-professional-i-2026--2294","job-listing","245","96db84f17e96105dc8fb18b9b7f721c239c516dba7ce6fe2aefe7c79d63263d8",""
"https://www.searchsarkarinaukri.com/jobs/icar-nbpgr-young-professional-i-recruitment-2026--4760","job-listing","277","0e163d390f20b203bc4769517234cc706b8db8300763603ae55fc9be89bab6c5",""
"https://www.searchsarkarinaukri.com/jobs/icar-nbpgr-young-professional-ii-recruitment-2026--4759","job-listing","265","a51a27b607728e3416a219aaa04b0ef4956ba72a71d8c94af44064d8be2d4c20",""
"https://www.searchsarkarinaukri.com/jobs/icar-nbsslup-icar-nbsslup-2026--2235","job-listing","217","abb8ba5789171bbd03128cf2cde35d48c412013e0ccf4b3feff0f6556b048c45",""
"https://www.searchsarkarinaukri.com/jobs/icar-nbsslup-icar-nbsslup-2026--3965","job-listing","217","b0cd49fd885d275746e01fd0829a34ccb78e9015dcddf830517ee1372ff7e854",""
"https://www.searchsarkarinaukri.com/jobs/icar-ndri-deemed-university-contractual-position-of-young-professional-ii-2026--2372","job-listing","309","cf66ca517726a9bc5b912f890eef5e23a0a5e4e0843ad02c30445cabd845e2a9",""
"https://www.searchsarkarinaukri.com/jobs/icar-nbsslup-icar-nbsslup-2026--4209","job-listing","217","0e481e43d6c03dc128a425ec28ac042ba43c3b1cb8620858ae2a73f3b975c0b1",""
"https://www.searchsarkarinaukri.com/jobs/icar-ndri-deemed-university-contractual-position-of-young-professional-i-2026--2374","job-listing","303","d37e7d7aad209b375ae1747f7f13ffa3a01655e72a6c485b8a2fa3ea9bd41fd9",""
"https://www.searchsarkarinaukri.com/jobs/icar-ndri-deemed-university-contractual-position-of-young-professional-ii-2026--2373","job-listing","309","cf66ca517726a9bc5b912f890eef5e23a0a5e4e0843ad02c30445cabd845e2a9",""
"https://www.searchsarkarinaukri.com/jobs/icar-sugarcane-breeding-institute-junior-research-fellow-2026--2816","job-listing","323","565930d3f658c1c2f789023225c7251b760ae824a38d2c8432a1ab2ee01ee3b0",""
"https://www.searchsarkarinaukri.com/jobs/icar-sugarcane-breeding-institute-skilled-worker-2026--1623","job-listing","234","794dc648b9309e5280a26980d88625e71abb061dd50a846bacb1d14569b38723",""
"https://www.searchsarkarinaukri.com/jobs/icar-sugarcane-breeding-institute-senior-research-fellow-2026--2818","job-listing","235","45a1079b0a35e0f4920fc6de7d570e9efb522a430c32d842f84b065b1c61c937",""
"https://www.searchsarkarinaukri.com/jobs/icar-sugarcane-breeding-institute-young-professional-i-2026--1626","job-listing","217","9e745013d2a86b572c34627bdff3d8b8bca6ba348fd029d51a7adff07d01e3b3",""
"https://www.searchsarkarinaukri.com/jobs/icar-sugarcane-breeding-institute-young-professional-i-2026--2817","job-listing","241","9e3fcfc89507141a07a731386c256e1155bc491ceb369a857a0d9e0d408c2d66",""
"https://www.searchsarkarinaukri.com/jobs/icar-sugarcane-breeding-institute-young-professional-ii-2026--1472","job-listing","284","f97954e7cdc304c5847b64210128cbf03cebfab1832089083bba05e76f9a2822",""
"https://www.searchsarkarinaukri.com/jobs/icar-sugarcane-breeding-institute-young-professional-ii-2026--1625","job-listing","308","4927ce8c079f2d9e26196d8446f5ec917b092b3e8c8ca8e868a3d68b88e0b039",""
"https://www.searchsarkarinaukri.com/jobs/icarccri-nagpur-icarccri-nagpur-2026--3417","job-listing","265","c48125eb9dd7413d81b56d954e34d092d540464ebd65baef01c128501bb3f3db",""
"https://www.searchsarkarinaukri.com/jobs/icarccri-nagpur-icarccri-nagpur-2026--4839","job-listing","227","9f02d63c88288bac175c55c7dae8e7db58c12ec7bf6176f72dd19aecf605406c",""
"https://www.searchsarkarinaukri.com/jobs/ichalkaranji-mahanagarpalika-ichalkaranji-municipal-corporation-recruitment-notification-ichalkaranj--3952","job-listing","195","7fd6194dd438ad79e5b40576bc1b9483902cc7cdb526a8488077b5cfaa29082d",""
"https://www.searchsarkarinaukri.com/jobs/icds-maharashtra-mukhyasevika-supervisor-recruitment-2026--4504","job-listing","297","7cda65c145f90bf9e14cc95f4f18966169a44a88bbac60b43f3fb2c961ea4efb",""
"https://www.searchsarkarinaukri.com/jobs/icm-pune-icm-pune-2026--2515","job-listing","227","52c9232dbd2a61ad892afee2f53cca983a7f0b0b199a0c8228964728a1ca9f11",""
"https://www.searchsarkarinaukri.com/jobs/icmr-nitvar-icmr-nitvar-2026--2178","job-listing","227","9ef883d7b169fcd5d7d106814fd4ac72ad19bb043994d1cd4b8f15cf4467ffe4",""
"https://www.searchsarkarinaukri.com/jobs/icsi-administrative-assistant-recruitment-2026-apply-online--3378","job-listing","226","15b54e6cc402892faf0a0903f50dd2bd838fb11d8383726cc8c54397f5ed99f0",""
"https://www.searchsarkarinaukri.com/jobs/icsi-executive-assistant-recruitment-2026-apply-online--3377","job-listing","229","e9e3ceeaae5a58fd25fb3760d9e30670a209cb2d3100716e1c79b74c0795de9c",""
"https://www.searchsarkarinaukri.com/jobs/icsi-icsi-2026--1811","job-listing","222","f678031f14a3fb54034c60e0ce6bfde20d28f1993acba3c593c33480c2fab38a",""
"https://www.searchsarkarinaukri.com/jobs/icsi-icsi-2026--3301","job-listing","222","e8fa8c67a0946f86de61ca15eb111526d6a18731b1f31f1af0988c9128d60373",""
"https://www.searchsarkarinaukri.com/jobs/icsi-icsi-2026--2269","job-listing","222","6e775ff5155d6d7ba19e33092f1727f77c946a2c455a9509e4688203d9ab6aeb",""
"https://www.searchsarkarinaukri.com/jobs/icsi-icsi-2026--2348","job-listing","222","4ae2acdf45de7b9962d5bf88af97797c8b8e050cd8d7c76e5eedf740c92151bb",""
"https://www.searchsarkarinaukri.com/jobs/icsi-icsi-2026--3408","job-listing","222","e5e13d534cee9ed400f276465d1db708df12d972f33fd89a3e3328cd6d6e6a1e",""
"https://www.searchsarkarinaukri.com/jobs/icsi-icsi-2026--4830","job-listing","191","644d4319304b9d9f505339e94d941766bf9c2cf26b69c8f977bc69fb765826fa",""
"https://www.searchsarkarinaukri.com/jobs/icsil-bharti-2026-details-icsil-bharti-2026-details-2026--2221","job-listing","264","2454f35f5b1f36cc694adf57e950920aa2e6db3805269db876f14ca9d5f1b298",""
"https://www.searchsarkarinaukri.com/jobs/icsil-bharti-2026-details-icsil-bharti-2026-details-2026--2140","job-listing","264","405f90acfe843e08e349b2630bcc518541c99aa73f087626c0838c0ac4d94e15",""
"https://www.searchsarkarinaukri.com/jobs/icsil-bharti-2026-details-icsil-bharti-2026-details-2026--3297","job-listing","264","9174eaa41d69c4335718aa8f08144ce0d510bb21155beb4c48e3c6693b79ac00",""
"https://www.searchsarkarinaukri.com/jobs/icsil-bharti-2026-details-icsil-bharti-2026-details-2026--4999","job-listing","228","e7e40205b9b0b7488bf56ffcfe438a9afcc49fc0d0e61a5a996c179c68349d18",""
"https://www.searchsarkarinaukri.com/jobs/icsil-bharti-2026-details-icsil-bharti-2026-details-2026--4428","job-listing","264","999efe8f7bdee44b03f979b15a0ad7634ff65d38573271096785fd912a59afe9",""
"https://www.searchsarkarinaukri.com/jobs/icsil-bharti-2026-details-icsil-bharti-2026-details-2026--4956","job-listing","227","e001562a07d4ebadc3cbb5cee22759ab3d6902e5032e63df8093dde02074879f",""
"https://www.searchsarkarinaukri.com/jobs/ict-mumbai-ict-mumbai-2026--1707","job-listing","215","c819ebb147ed12b5dc53137e373b3a8ffaf5a8d9f67250a01fb753c060e18750",""
"https://www.searchsarkarinaukri.com/jobs/ict-mumbai-ict-mumbai-2026--1959","job-listing","216","918ae407a25b829b84c07b67a578f26b25f5b1e4fef1cad5ffcae74cac5692d8",""
"https://www.searchsarkarinaukri.com/jobs/ict-mumbai-ict-mumbai-2026--2179","job-listing","216","b51fc9cabaa485b404a286f8b40afb42fbea7f95f0be11869a8d037b998ab2da",""
"https://www.searchsarkarinaukri.com/jobs/ict-mumbai-ict-mumbai-2026--2589","job-listing","234","20b2e55b5bfbfa680298adaa32eaa0e54076575695fa6a6a3b079372ac8a786f",""
"https://www.searchsarkarinaukri.com/jobs/ict-mumbai-ict-mumbai-2026--2467","job-listing","234","833a4846057ec66694e3d201f5194ac2f6f10914b4447fd648d474f4457e2165",""
"https://www.searchsarkarinaukri.com/jobs/ict-mumbai-ict-mumbai-2026--2786","job-listing","234","5396ead84bacb8e2d748a269bc56e34458e9ca46b3f1891c4d2dbcfe1fc3d68c",""
"https://www.searchsarkarinaukri.com/jobs/ict-mumbai-ict-mumbai-2026--2834","job-listing","216","933afd5e5ee4831b1102695a491523f6a0801dcb38bc019842ca212c0a5758f5",""
"https://www.searchsarkarinaukri.com/jobs/ict-mumbai-ict-mumbai-2026--2991","job-listing","216","488f7b15f97150dfcf8527388e2ba6717c5ffc750b965be8ff35245907ab7649",""
"https://www.searchsarkarinaukri.com/jobs/ict-mumbai-ict-mumbai-2026--3518","job-listing","216","4b561775be2abc32a6421e3c9e9779f8c7f871e30c16e3ec21c00f315221a044",""
"https://www.searchsarkarinaukri.com/jobs/ict-mumbai-ict-mumbai-2026--3716","job-listing","216","03e22aec4505517f064636796e96a47a2976206519b7db27fcb04e81589eab08",""
"https://www.searchsarkarinaukri.com/jobs/ict-mumbai-ict-mumbai-2026--4070","job-listing","216","3f4d632fc0109e4e5914b5ff06f49d0e7847d2f7229cc6413599ec70952feb71",""
"https://www.searchsarkarinaukri.com/jobs/ict-mumbai-ict-mumbai-2026--4427","job-listing","216","4dfa097e55f5748ad75a46a13924ff6a2bd77135aeb9720c82bdd305adb8313a",""
"https://www.searchsarkarinaukri.com/jobs/ict-mumbai-ict-mumbai-2026--4613","job-listing","216","daa84975439e1a2065bf1a8fe6cd12741bdbd6ac61294f88f58072b6dc2bd39b",""
"https://www.searchsarkarinaukri.com/jobs/idbi-bank-assistant-general-manager-recruitment-2026--3114","job-listing","213","38a1678732ddabb863b7f4c1576b47c159ce348b3e6c97d75ef05d92d9fa870f",""
"https://www.searchsarkarinaukri.com/jobs/idbi-bank-assistant-general-manager-recruitment-2026-4-posts--2905","job-listing","209","32b9c3b5884aed4e66c9d6a96aa4b9466b6d3e6fd54086da84af66009e583967",""
"https://www.searchsarkarinaukri.com/jobs/idbi-bank-deputy-general-manager-recruitment-2026--3113","job-listing","224","62ed7c4845407b5e09887c0a0847fc95d547ced1334d666f05fb6ca3698570b1",""
"https://www.searchsarkarinaukri.com/jobs/idbi-bank-deputy-general-manager-recruitment-2026-8-posts--2906","job-listing","217","3fbaa929f1ba2e81d7668d836597d11e9e6569e173cac2d4affeeb2e912cd8de",""
"https://www.searchsarkarinaukri.com/jobs/idbi-bank-idbi-bank-2026--2933","job-listing","226","de5789e3f9177dbb4be84078210e011d4ee1d5c4b768a88b80b8b1a5feeeb371",""
"https://www.searchsarkarinaukri.com/jobs/idbi-bank-manager-recruitment-2026--3115","job-listing","214","8ceb5d7dfc16780fd1c253a480e628558b9fa4f0be43f5955a59e919c2d5c2f4",""
"https://www.searchsarkarinaukri.com/jobs/idbi-bank-specialist-officer-so-recruitment-2026--3020","job-listing","297","069d83c9b9c50e1dca552522a686c3e315e30fa6ea99aae9ecf1b550fe254334",""
"https://www.searchsarkarinaukri.com/jobs/idbi-bank-manager-recruitment-2026-19-posts--2907","job-listing","216","c6fed228e5fc0d062ad8c4cdffe9ae423d87d0be7f8da3986688b636e9c74ef2",""
"https://www.searchsarkarinaukri.com/jobs/idex-idex-2026--4009","job-listing","215","319b3684b022a699e12b307848d127c2f25ba6576e3d6b4f1d3741209bfc3243",""
"https://www.searchsarkarinaukri.com/jobs/idsp-idsp-2026--1949","job-listing","212","2d8c9801cad75fdf232760078e569b8f0f4fab9ba505d02add07d6fe1a2314b9",""
"https://www.searchsarkarinaukri.com/jobs/idtrs-pune-idtrs-pune-2026--2497","job-listing","228","83ddb3cda0ca3aefe03c4575e669993266fec9c8c114c5c66e8dd1b93a81fc12",""
"https://www.searchsarkarinaukri.com/jobs/igcar-igcar-2026--3219","job-listing","216","ae9fd385f40e0e3a21a7e28651474d99a7bd3766784a7f58881560d0678ba49f",""
"https://www.searchsarkarinaukri.com/jobs/igh-delhi-senior-resident-recruitment-2026--3016","job-listing","279","2d8159631bdb5f0854acb0ac9f9229097d8f073390050dfbc1d06cdf437c105e",""
"https://www.searchsarkarinaukri.com/jobs/ihmcl-ihmcl-2026--2709","job-listing","216","4b361abd72f23acb5aeaa58ecdad114a6274b48a66395f13e6b1fbf6435658cd",""
"https://www.searchsarkarinaukri.com/jobs/ihmcl-ihmcl-2026--3583","job-listing","216","79af74f112edcad9ebb7732c8e08d6e99931ae7f273eac350e6e91276c2bad77",""
"https://www.searchsarkarinaukri.com/jobs/iica-iica-2026--3649","job-listing","204","bf04518b83f79ef0932931e0c00744791add3ed130e6648b0a46ab8a2fb22f3b",""
"https://www.searchsarkarinaukri.com/jobs/iiit-nagpur-iiit-nagpur-2026--2166","job-listing","243","eb1e5e0091749a02fb3b6078ae394d37bbd704eec8a43b41c4474ac25010e3af",""
"https://www.searchsarkarinaukri.com/jobs/iiit-nagpur-iiit-nagpur-2026--3909","job-listing","243","0b670cad33a54f1528709cf27bb845baa619532819f27c825df24f2e0dbd7ba6",""
"https://www.searchsarkarinaukri.com/jobs/iiit-nagpur-iiit-nagpur-2026--4481","job-listing","211","f2ee5df8ea4ecf9dadb6c3199ba451fa24d95b914de8fd2b5c3f56367894878b",""
"https://www.searchsarkarinaukri.com/jobs/iim-mumbai-iim-mumbai-2026--2060","job-listing","227","377ff0732c50dca38ca8eda5da5bd6b9462f70d5ee802050fdd023c1cb0ebfd9",""
"https://www.searchsarkarinaukri.com/jobs/iim-mumbai-iim-mumbai-2026--2396","job-listing","227","2ae948cae391ad221b40a6443f10df2364df1a5f67e774f726c1c9518bc862a2",""
"https://www.searchsarkarinaukri.com/jobs/iim-mumbai-iim-mumbai-2026--2342","job-listing","227","71bdd73450685af362560d2f32c86ddd69f304fbaf724cc8c1908c7b9e8857bd",""
"https://www.searchsarkarinaukri.com/jobs/iim-mumbai-iim-mumbai-2026--2546","job-listing","227","1937c399cff7b25e97b7dbcc2fea8215daa98c68eaddaaf7abae20e08c544ee5",""
"https://www.searchsarkarinaukri.com/jobs/iim-mumbai-iim-mumbai-2026--2793","job-listing","227","fe268f77a7ce3f77dcb696b73e885145a540a97a21205d5d71d25cc7cc3c79e2",""
"https://www.searchsarkarinaukri.com/jobs/iim-mumbai-iim-mumbai-2026--3467","job-listing","227","ca5f3073970bb728e7dc0cd3f3a1cc0c202dedbe80d38043b4b1f1aa152cba79",""
"https://www.searchsarkarinaukri.com/jobs/iim-mumbai-iim-mumbai-2026--3892","job-listing","227","c01943dab450d7d46232027efd740a4cf23f628f7d656169181f4e96310b5163",""
"https://www.searchsarkarinaukri.com/jobs/iips-mumbai-iips-mumbai-2026--2063","job-listing","242","6e4f0852cff2b0c0779ff17950bd9f812b5cabef0bdc154f95b07fd28bf22c4a",""
"https://www.searchsarkarinaukri.com/jobs/iips-mumbai-iips-mumbai-2026--1715","job-listing","242","eca676bf61a8fd0cd40414a1f58be7407babdd765d132d0516c11c98ba0fff3d",""
"https://www.searchsarkarinaukri.com/jobs/iips-mumbai-iips-mumbai-2026--2243","job-listing","242","e40b1e210ee9ed9d3dbd45686bc5ec15b2b2f2722dde70821c579ac12e61b8db",""
"https://www.searchsarkarinaukri.com/jobs/iips-mumbai-iips-mumbai-2026--2133","job-listing","242","323e08d91f575e46d23ab97c016b25345edf1c3f8947ebd5ba0b94ca064e6c5a",""
"https://www.searchsarkarinaukri.com/jobs/iips-mumbai-iips-mumbai-2026--2653","job-listing","242","2c2194d8de43d0e430ac2d45f04085ec6b8727faa2690434252f50f35db6a4a7",""
"https://www.searchsarkarinaukri.com/jobs/iips-mumbai-iips-mumbai-2026--2393","job-listing","242","113992bc87b8dca457ba5fdd856b5356f7abd82b99948f9bc86a4e3ef7f71c59",""
"https://www.searchsarkarinaukri.com/jobs/iips-mumbai-iips-mumbai-2026--2987","job-listing","242","0d526aafa8c6b7de704a1118125e8457416f469c05a468e14652b3d5ad45e16c",""
"https://www.searchsarkarinaukri.com/jobs/iips-mumbai-iips-mumbai-2026--3083","job-listing","242","8082455e97cfd47a5bdb3f7b3e91998c43a64f04710200464bf12142489768a6",""
"https://www.searchsarkarinaukri.com/jobs/iips-mumbai-iips-mumbai-2026--3303","job-listing","242","3ad49897dd6d67770676ec097a361f75e440392df65661c8d04bfd6f63c9f8e2",""
"https://www.searchsarkarinaukri.com/jobs/iips-mumbai-iips-mumbai-2026--3462","job-listing","242","f6ff43cdcdc50bfb14648e6058ed6d32dafee2782d23c9321af00edfba5d881f",""
"https://www.searchsarkarinaukri.com/jobs/iips-mumbai-iips-mumbai-2026--4842","job-listing","242","4e3f5734faea42444e33a185cddc0db6db0300234075ad94d154f94efb3b6d89",""
"https://www.searchsarkarinaukri.com/jobs/iips-mumbai-iips-mumbai-2026--3911","job-listing","242","cf21120f3b496f3ccee1e2f64fd209a8d3b411e85fb0fcaad34091baad3da90f",""
"https://www.searchsarkarinaukri.com/jobs/iiser-pune-iiser-pune-2026--1929","job-listing","240","23ca758fd3d1cc864cbd9cdb857f641de706db0fb974049633c34fae058f6150",""
"https://www.searchsarkarinaukri.com/jobs/iiser-pune-iiser-pune-2026--1981","job-listing","240","4a960cb4fbf03b6195bd272872f55d7a507ef568e906813d69e7a854fee2b6c1",""
"https://www.searchsarkarinaukri.com/jobs/iiser-pune-iiser-pune-2026--2244","job-listing","240","c8c257ac0ac7a9135774d5b838422a47409c6a4dae92852d1da57eac43fb7c13",""
"https://www.searchsarkarinaukri.com/jobs/iiser-pune-iiser-pune-2026--2273","job-listing","240","e07b06f695748948172098a5500ed6ccf196b6023dc7f12ecdeabe34e1307bd6",""
"https://www.searchsarkarinaukri.com/jobs/iiser-pune-iiser-pune-2026--2301","job-listing","240","1af4fbf6c97d30d4d62cef627d015227bf90d285be7d251ccae82367b7f7501f",""
"https://www.searchsarkarinaukri.com/jobs/iiser-pune-iiser-pune-2026--2385","job-listing","240","8bf351ac8279bbd973b88c41745e26eff3209a913abdb6b2d1391ba69baef3a5",""
"https://www.searchsarkarinaukri.com/jobs/iiser-pune-iiser-pune-2026--2619","job-listing","240","cb659c974d3463bd9916d761570d3fb83803eca76afc9387944f16d4ef264af5",""
"https://www.searchsarkarinaukri.com/jobs/iiser-pune-iiser-pune-2026--2796","job-listing","240","819f77d92df202d5f67072a2aa2594e59e4fe9a712e94b5425c5a68663662b5a",""
"https://www.searchsarkarinaukri.com/jobs/iiser-pune-iiser-pune-2026--3035","job-listing","240","3ed18c095662c5b28c59ca0dc5f157f8a460fb1a2fde7ad3e4afa97f7ab60699",""
"https://www.searchsarkarinaukri.com/jobs/iiser-pune-iiser-pune-2026--2982","job-listing","240","500241fa83c7733020435e00869818e6b1647b222be8008545ddef794953ebca",""
"https://www.searchsarkarinaukri.com/jobs/iiser-pune-iiser-pune-2026--3465","job-listing","240","bdcf062beab008fff0a13720fd995878133c2e2a0de2733689f3a92d450d17df",""
"https://www.searchsarkarinaukri.com/jobs/iiser-pune-iiser-pune-2026--4083","job-listing","240","40d6bd907c6013701853786bd4b9a2c51e5dc1e8acde58e40e56704dd85cfcd0",""
"https://www.searchsarkarinaukri.com/jobs/iiser-pune-iiser-pune-2026--4156","job-listing","240","0064f76892a1c305461874e7301bc50d4ebf2af69e1fcc632eb49733820a1968",""
"https://www.searchsarkarinaukri.com/jobs/iiser-pune-iiser-pune-2026--4272","job-listing","240","ea472751edb55e1386aeb70f82958397bdd10548f461ebb1e414ea54c68219f1",""
"https://www.searchsarkarinaukri.com/jobs/iiser-pune-project-assistant-recruitment-2026--4857","job-listing","253","da235dd0f698bd972b01a9ee63e69788fac306654c46a09f91ebb121ea893420",""
"https://www.searchsarkarinaukri.com/jobs/iit-goa-iit-goa-2026--2065","job-listing","211","22c08eaa17e322a11c13ac6b263a6c87679b8ccc596a516ca2dc3e76bcd8cdbe",""
"https://www.searchsarkarinaukri.com/jobs/iiser-pune-senior-project-associate-recruitment-2026--4856","job-listing","284","77930728b360af9ef790794b0aa7b6da145df2f115c670cf671115f886987a9f",""
"https://www.searchsarkarinaukri.com/jobs/iit-dharwad-iit-dharwad-2026--2498","job-listing","223","01c4e6175fd4b1474cf60dfdc56776e71ed6c38b54c67b428aae84ff72378ad5",""
"https://www.searchsarkarinaukri.com/jobs/iit-goa-iit-goa-2026--2838","job-listing","211","51eeb1fb42e76ffe785a5878d3549f850773fa284cab8cc3e5fe699f17901aac",""
"https://www.searchsarkarinaukri.com/jobs/iit-goa-iit-goa-2026--2984","job-listing","211","55d3b82e0f79142c1128d13465fa0bc590b516fd0283ed2b01f053389f497c8b",""
"https://www.searchsarkarinaukri.com/jobs/iit-goa-iit-goa-2026--3298","job-listing","211","027265a3bdfcfdf8152251fd27bd80c9e14d6ace62c79cf642d7a5153bed91a7",""
"https://www.searchsarkarinaukri.com/jobs/iit-goa-iit-goa-2026--4006","job-listing","211","cfe2fc860c44a5b761040878838e9003cc7c9919dbd9642ff6aa6efc99df13d4",""
"https://www.searchsarkarinaukri.com/jobs/iit-hyderabad-research-associate-ii-recruitment-2026--3178","job-listing","246","b2e6cbf60cc90cd99487c9336f74536f78a5f7bedb58743701a63714b47c1a4c",""
"https://www.searchsarkarinaukri.com/jobs/iit-indore-joint-research-fellow-recruitment-2026--3151","job-listing","234","60c7fc4f05cc0556f4efa7e8aa2d8cd76c5687ffaa16387f90e8ff3cc9579d3b",""
"https://www.searchsarkarinaukri.com/jobs/iit-kanpur-project-research-scientist-i-recruitment-2026--3180","job-listing","229","7d0d0b725960e645fc67203d165323bed9a14d0f200bcbc0f637519f1dbd208e",""
"https://www.searchsarkarinaukri.com/jobs/iit-kharagpur-iit-kharagpur-2026--1977","job-listing","226","beefbb64f4e7722142651936ffd0b874fba1da0645c571be94e8ea4bf4560bfb",""
"https://www.searchsarkarinaukri.com/jobs/iit-kharagpur-iit-kharagpur-2026--2472","job-listing","226","3e7f498d1878f885dc6f269681fa403359feb9c40cff4d4b0942ff003412f62f",""
"https://www.searchsarkarinaukri.com/jobs/income-tax-appellate-tribunal-income-tax-appellate-tribunal-2026--3259","job-listing","223","e7e70b4f98478172eb7f7c4d6b5ed7c698b5a807c1f65b31f2e6ca349f2416ae",""
"https://www.searchsarkarinaukri.com/jobs/income-tax-appellate-tribunal-itat-mumbai-income-tax-appellate-tribunal-itat-mumbai-2026--3344","job-listing","228","fd4b253b303bca4ad194b9dec00538aa864f55cac40c9c811d5de6368a274231",""
"https://www.searchsarkarinaukri.com/jobs/income-tax-department-income-tax-department-2026--4011","job-listing","203","61cc2ce94cb07b785de238970f8697dd4cd38985347a141f4b0f8bed2e3580fa",""
"https://www.searchsarkarinaukri.com/jobs/income-tax-mts-recruitment-2026-4-posts-sports-quota--2904","job-listing","187","79226e4209c5278ef6fd834b81607a316595b3a0928e22fc6d39215fe0dc3c8c",""
"https://www.searchsarkarinaukri.com/jobs/income-tax-pune-income-tax-pune-2026--4385","job-listing","226","a239b7f2355dfd23287d8697d4568f61e1fcd4c43e9f2c18528dca31246c17e2",""
"https://www.searchsarkarinaukri.com/jobs/income-tax-pune-mts-recruitment-2026--4757","job-listing","301","6358fc85f4274efdd5d8756818156e23b463a93bb07fedd179b037ffef1e7b48",""
"https://www.searchsarkarinaukri.com/jobs/income-tax-pune-tax-assistant-recruitment-2026--4756","job-listing","322","12bf7de67b54e537bd4a81e53205a480e1f980aa6036a8d0cc6bc38d987c6b53",""
"https://www.searchsarkarinaukri.com/jobs/income-tax-pune-stenographer-grade-ii-recruitment-2026--4755","job-listing","321","21b47c6bbe827f0a567c1877d58c9daf149569eb3178f871017bab369762e7f1",""
"https://www.searchsarkarinaukri.com/jobs/income-tax-stenographer-grade-ii-recruitment-2026-1-post-sports-quota--2903","job-listing","181","990847433f8a9f2ebbb19f24386daad3862298b539ce324bb6aa32155bccc75f",""
"https://www.searchsarkarinaukri.com/jobs/indbank-dealer-recruitment-2026--4503","job-listing","174","27a1befb06212db42873e356ac696db6748ea2efa76e4947e0038ec29fa0c0be",""
"https://www.searchsarkarinaukri.com/jobs/income-tax-tax-assistant-recruitment-2026-7-posts-sports-quota--2902","job-listing","212","4df16754ec70495f6115a289e4d5684b0695ac31693d27dd642112f913b5736a",""
"https://www.searchsarkarinaukri.com/jobs/indbank-relationship-manager-recruitment-2026--4502","job-listing","210","1a6453d8ef7a704e3cab943104d38e0c372f730ec07d73b23ac7be7462c5e8f8",""
"https://www.searchsarkarinaukri.com/jobs/indian-agricultural-statistics-research-institute-hiring-contractual-staff-2026--1630","job-listing","382","87e67b7d1dadac5d4ed792b095fe9a3c4dcdb192f009fa64bf68e5577c4bd4de",""
"https://www.searchsarkarinaukri.com/jobs/indian-agricultural-statistics-research-institute-recruitment-of-young-professional-ii-2026--2094","job-listing","257","9e01d1f3c82713f611994d371ffe5703e1499bf7f89d6e55b16ad85103fc7315",""
"https://www.searchsarkarinaukri.com/jobs/indian-agricultural-statistics-research-institute-young-professional-i-2026--2047","job-listing","262","ad479ada7361ea315c0098cab781240b7942cb69c61ae05c1ed1e2b3d8ff44c2",""
"https://www.searchsarkarinaukri.com/jobs/indian-air-force-agniveer-indian-air-force-agniveer-2026--2132","job-listing","220","320f9e2a6e47fd8676517cbe813e6ba255e31ba78e9acbb3a853d0d7a4399a42",""
"https://www.searchsarkarinaukri.com/jobs/indian-air-force-agniveer-indian-air-force-agniveer-2026--3164","job-listing","220","4210015dacab572382e95588782f02c4e88dc81586fd9d22bfe41cca99d6bc7f",""
"https://www.searchsarkarinaukri.com/jobs/indian-air-force-agniveer-indian-air-force-agniveer-2026--3902","job-listing","220","c424cf812abf8b3135121b1a00199b9ed9866e5f3c8a8deaeb5bb7ee846cd3a5",""
"https://www.searchsarkarinaukri.com/jobs/indian-air-force-airmen-group-y-medical-assistant-pharmacist-recruitment-2026--2900","job-listing","252","62518bd5f68284ea445dcc3c2cc98def06f0708a1ae93e59db54d1e34b9503f3",""
"https://www.searchsarkarinaukri.com/jobs/indian-air-force-agniveervayu-intake-02-2027-recruitment-2026--2898","job-listing","240","5251b17db762e2e3c31f4d5042337728641db407c613116cd9b1a8659961b9b9",""
"https://www.searchsarkarinaukri.com/jobs/indian-air-force-airmen-group-y-medical-assistant-recruitment-2026--2899","job-listing","230","601b7965b49668d6b921428e833e7491f1230eea53b986d2f8f8c9632a7522c8",""
"https://www.searchsarkarinaukri.com/jobs/indian-air-force-indian-air-force-2026--2131","job-listing","216","791d543660dfa2b24cbd417e0a2d6bea62b4a51a1be6dd8acfe6e20210d50f79",""
"https://www.searchsarkarinaukri.com/jobs/indian-air-force-indian-air-force-2026--2357","job-listing","220","8920ef48d12ac96466ad008b0927324b57fb790026c96f5264701e20b80fc749",""
"https://www.searchsarkarinaukri.com/jobs/indian-air-force-mts-recruitment-2026-6-posts--2901","job-listing","199","444f44afde8ec5ef2c4dced40027fba18efaf9262c3f70c54ac99c89d7884d66",""
"https://www.searchsarkarinaukri.com/jobs/indian-army-68th-sscw-technical-recruitment-2026-30-posts--2895","job-listing","267","ac0f3d86d623964167ea58d6a056979ac9dc050e7b31343d13533917ba13cd50",""
"https://www.searchsarkarinaukri.com/jobs/indian-army-68th-sscw-technical-recruitment-2026-30-posts--2897","job-listing","250","85e40db6913947ffd5f055dbb4b6c975c78efb82b73eab841f46f2ae943c2a2c",""
"https://www.searchsarkarinaukri.com/jobs/indian-army-bhartiya-sena-apply-for-sports-person-havildar-2026--2684","job-listing","176","990d6023c041818454cb6575a9ef2ffee1d60f301cf5a56fc13159a34635b334",""
"https://www.searchsarkarinaukri.com/jobs/indian-army-indian-army-2026--2649","job-listing","220","45dca298f4fac3daab635c4b7034d7ee37428307fbe2247ba20c50020bbaaa0c",""
"https://www.searchsarkarinaukri.com/jobs/indian-army-jag-entry-scheme-125th-course-recruitment-2026-apply-online-for-10-ssc-jag-posts--4229","job-listing","325","3699283ad2b12de9e1d7f24cc1361ba7d8def8805b52d4f72fed9c0f99683011",""
"https://www.searchsarkarinaukri.com/jobs/indian-army-ncc-special-entry-125th-course-women-recruitment-2026-apply-online-for-5-posts--3385","job-listing","243","ef8d9b4d060efa91c89f5df6f21158c0a43f8092c0766942a2ea3070efd5569a",""
"https://www.searchsarkarinaukri.com/jobs/indian-army-ncc-special-entry-125th-course-women-wards-of-battle-casualties-recruitment-2026-apply-online-for-1-post--3386","job-listing","227","7964350eb21770f77d2419e4eeccf8bd6c8a6992c553fb0ce08a47dfb614c4bc",""
"https://www.searchsarkarinaukri.com/jobs/indian-army-ssc-tech-68-men-recruitment-2026-350-posts--2896","job-listing","221","a48bbb5af420195e88d51a93f054e1ab443c95649677f881f01de5b26abfbc72",""
"https://www.searchsarkarinaukri.com/jobs/indian-army-ssc-tech-68-men-recruitment-2026-apply-online-for-40-posts--3387","job-listing","246","4b40630e90f983af1da390423f9393baab5a12a8a5e772eb2e7219c0984ba2ec",""
"https://www.searchsarkarinaukri.com/jobs/indian-army-ssc-tech-indian-army-ssc-tech-2026--2756","job-listing","229","df83d4d2ee89b9d1f65800f5bcc35b01fda3b33b089b7ba5e330babe94b3a974",""
"https://www.searchsarkarinaukri.com/jobs/indian-army-sscw-tech-68-women-recruitment-2026-apply-online-for-30-posts--3388","job-listing","230","f587c3226f703f2f50e12425311eb0dc2034642322761de24ed7554a99f496c7",""
"https://www.searchsarkarinaukri.com/jobs/indian-army-ssc-tech-men-recruitment-2026--2952","job-listing","240","ffb69dc87a9a676f2f08bfa62b48cec9cd46e92b7c3b2a8a692152225ea9b1f4",""
"https://www.searchsarkarinaukri.com/jobs/indian-army-tes-indian-army-tes-2026--1878","job-listing","222","347a0f33bf539f177bb3da188b7374d530ffcef0b10185a2c1d9882e1ce3de58",""
"https://www.searchsarkarinaukri.com/jobs/indian-army-sscw-tech-recruitment-2026--2953","job-listing","242","ac6676a6a8591d1e82fe5e4f22668d682df0d8a74a3d6b2b418246ede14697e0",""
"https://www.searchsarkarinaukri.com/jobs/indian-coast-guard-indian-coast-guard-2026--2740","job-listing","223","96d118233c7514a3c04495d0cfe069f06a4323885922b60ef94dd3006ac0bcf8",""
"https://www.searchsarkarinaukri.com/jobs/indian-council-of-agricultural-research-research-assistant-2026--1371","job-listing","236","93cad0e3e71435400acd542de5cfd3a82e49a4b9af8f52bb38161e1700ae8c03",""
"https://www.searchsarkarinaukri.com/jobs/indian-council-of-agricultural-research-research-assistant-2026--1372","job-listing","235","8d8ce046248c3b3a4f997f34dc055b0b89dbd3abb22604935622a6b9254c0072",""
"https://www.searchsarkarinaukri.com/jobs/indian-council-of-agricultural-research-young-professional-ii-2026--2050","job-listing","232","4c1ed859744b32b587288bba0fdbff06e994f59a926be9d2304d41d504407a2f",""
"https://www.searchsarkarinaukri.com/jobs/indian-council-of-agricultural-research-young-professional-ii-2026--2051","job-listing","233","fa21497bb4635c2485baadeb01905bcdc6ae6b77645a63f307cc72adf55e1751",""
"https://www.searchsarkarinaukri.com/jobs/indian-council-of-forestry-research-amp-education-icfre-financial-advisor-2026--1620","job-listing","174","1d7e9131a56b7bce20caee3e7944e80e0c69376306355fa564ff613eff718ed8",""
"https://www.searchsarkarinaukri.com/jobs/indian-council-of-medical-research-director-indian-council-of-medical-2026--1376","job-listing","243","e6bd2c43e76538e2f3426321c1a20fe92753a0d13cc5b34d851a788debf0e828",""
"https://www.searchsarkarinaukri.com/jobs/indian-council-of-medical-research-director-indian-council-of-medical-2026--2161","job-listing","288","bad4f1856557e41ece863886f511dc4d0967205544cc7e348677b88f1e1299a2",""
"https://www.searchsarkarinaukri.com/jobs/indian-council-of-medical-research-indian-council-of-medical-research-2026--3522","job-listing","259","a68b0b638491a363415f7a84865aa7380d23e69ea65b596dbfacc331f513c12e",""
"https://www.searchsarkarinaukri.com/jobs/indian-council-of-medical-research-indian-council-of-medical-research-2026--3955","job-listing","218","2f676651b70f9392c00b073fb276f8e6187ebfb8fc01e649430b1fbf30803ae5",""
"https://www.searchsarkarinaukri.com/jobs/indian-council-of-medical-research-scientific-positions-2026--1644","job-listing","243","5b019a590fd52cceffd07a0e0b77f88fdfceb7dfe4a8c5fc5023e87da73b4446",""
"https://www.searchsarkarinaukri.com/jobs/indian-council-of-philosophical-research-indian-council-of-philosophical-research-2026--1951","job-listing","227","9665486a4f7b7a8cea4060c2a0457d910f4295659d7d8743d0ec14bfad765e57",""
"https://www.searchsarkarinaukri.com/jobs/indian-institute-of-astrophysics-upper-division-clerk-2026--1629","job-listing","186","2d8dac1f9e638c6eb8f49bc706ac33e89b7cfdc446e352e040cf384c88500523",""
"https://www.searchsarkarinaukri.com/jobs/indian-institute-of-geomagnetism-mumbai-indian-institute-of-geomagnetism-mumbai-2026--2340","job-listing","237","46bc86b795ccf282cc609d72bc910d88d68d1253ba2fa9fcf7ee1c0bb0bdba83",""
"https://www.searchsarkarinaukri.com/jobs/indian-institute-of-science-education-and-research-pune-job-opening-at-indian-institute-of-2026--3576","job-listing","210","4e66cef9558bb3900ffe0637c3247b416edbf51045d920e927b9d0153f1f1224",""
"https://www.searchsarkarinaukri.com/jobs/indian-institute-of-science-education-and-research-pune-job-openings-at-indian-institute-of-2026--1775","job-listing","236","6219b1a0b4ee6b48597d2756c83449cd23788f53d639e31b475f98a09322cf60",""
"https://www.searchsarkarinaukri.com/jobs/indian-institute-of-science-education-and-research-pune-job-openings-at-indian-institute-of-2026--2014","job-listing","240","47e0ae6a75d72aeac8f0ecf9151bab86b3054b6eff2799b4026fb2ff028352ff",""
"https://www.searchsarkarinaukri.com/jobs/indian-institute-of-science-education-and-research-pune-job-openings-at-indian-institute-of-2026--3069","job-listing","227","af1e783c0b9d0ed3a1b3e05a6f7d6602f635b6c6adce270795f37b41cfa10053",""
"https://www.searchsarkarinaukri.com/jobs/indian-institute-of-technology-bombay-indian-institute-of-technology-bombay-2026--2990","job-listing","235","7325653e68748140bee6e50f8bce1941169e2c9ca63cf4ceaf7887df9301d181",""
"https://www.searchsarkarinaukri.com/jobs/indian-institute-of-technology-bombay-indian-institute-of-technology-bombay-2026--3073","job-listing","235","14e6ac9aa4d422fee0d9c68a91366963da093c9f3bc7df5bd3e905e7eddd518a",""
"https://www.searchsarkarinaukri.com/jobs/indian-law-society-pune-indian-law-society-pune-2026--1882","job-listing","234","143db6f20d7b6b314b1c63eb727cb37801d9bdf9854c19d8dd7437e788d1c850",""
"https://www.searchsarkarinaukri.com/jobs/indian-maritime-university-indian-maritime-university-2026--2240","job-listing","199","3735b4c510962eede195a9135f4eef2fd977e376603addbf7c6457d3315bffd1",""
"https://www.searchsarkarinaukri.com/jobs/indian-meteorological-department-indian-meteorological-department-2026--1982","job-listing","226","69ac0e8e1288b90fcdb1b4c28a13b061cc8a146af841be6b48f9a027374d8254",""
"https://www.searchsarkarinaukri.com/jobs/indian-navy-air-traffic-controller-atc-ssc-officer-recruitment-2026-apply-online-for-15-posts--3565","job-listing","213","e39a63434421716aa78762cb32af32f6453ece1eb56b1d55cf825b8709ba00c4",""
"https://www.searchsarkarinaukri.com/jobs/indian-navy-education-branch-ssc-officer-recruitment-2026-apply-online-for-13-posts--3568","job-listing","270","432a1c154c29fe7a81b7d9848af91401baad750d876d2ce8f192b787c1a27355",""
"https://www.searchsarkarinaukri.com/jobs/indian-navy-engineering-branch-general-service-ssc-officer-recruitment-2026-apply-online-for-24-posts--3569","job-listing","235","5981839528859b69a9bbee5cf0c3ac7635b30938ae20b19ee17c632090d5e7dd",""
"https://www.searchsarkarinaukri.com/jobs/indian-navy-indian-navy-2026--2130","job-listing","219","5e5ccb611c0f64b0b59609c08cb77f5da1cd4379c648fa5224656ce8adda2562",""
"https://www.searchsarkarinaukri.com/jobs/indian-navy-executive-branch-gs-x-hydro-ssc-officer-recruitment-2026-apply-online-for-90-posts--3562","job-listing","269","1c9fdc0cf1cc3c58b6a514b68f7b8b0d0dac1d2a07fbf9f45711a36b4a9d34ab",""
"https://www.searchsarkarinaukri.com/jobs/indian-navy-indian-navy-2026--2719","job-listing","215","26796b44346ad2dc41ad3a735d76e3b902ba582ea807039e37046b810fa7d324",""
"https://www.searchsarkarinaukri.com/jobs/indian-navy-logistics-ssc-officer-recruitment-2026-apply-online-for-10-posts--3566","job-listing","230","ad2f7bc03c1aa02228c05ba639feb593ee489a3ffec0760d5d999f07cc80585e",""
"https://www.searchsarkarinaukri.com/jobs/indian-navy-naval-air-operations-officer-observer-recruitment-2026-apply-online-for-18-posts--3564","job-listing","205","882fff1269682e15d2fce09f8125ce04d8e357460a25e1833a014a8f040f1e5c",""
"https://www.searchsarkarinaukri.com/jobs/indian-navy-naval-armament-inspectorate-cadre-naic-ssc-officer-recruitment-2026-apply-online-for-14-posts--3567","job-listing","230","c09389daf33b7b5fdadca9462fdeda010b3669fd79e9398e3a6314e0f4476ff8",""
"https://www.searchsarkarinaukri.com/jobs/indian-navy-pilot-ssc-officer-recruitment-2026-apply-online-for-25-posts--3563","job-listing","231","489baba0ae3e9fffb02a1df0566eb62fa7b0e26f08b75dfc98af0043e5deceb7",""
"https://www.searchsarkarinaukri.com/jobs/indian-navy-ssc-officer-indian-navy-ssc-officer-2026--2295","job-listing","223","e1b226e4898a5669f3046e77be68996928d5a1ae7f4312972d78424270f47ead",""
"https://www.searchsarkarinaukri.com/jobs/indian-overseas-bank-apprentice-recruitment-2026--3147","job-listing","236","91d198169284ed4ee4729f62c882c91b9f672c68c6d7e7da58f97afaa3c2a44c",""
"https://www.searchsarkarinaukri.com/jobs/indian-overseas-bank-apprentice-recruitment-2026-750-posts--2762","job-listing","183","91f57e5238ff99b2066ea536e9cab37dc520134eef7eee017f5aab46751eb669",""
"https://www.searchsarkarinaukri.com/jobs/indian-overseas-bank-indian-overseas-bank-2026--2807","job-listing","229","a87d89968e7d2b9622a82ce51696337a7782a5527b1d38a00c5c21e2c708a33f",""
"https://www.searchsarkarinaukri.com/jobs/indian-overseas-bank-indian-overseas-bank-2026--4331","job-listing","229","a4988084e8dfe2c001cb3953385f154ec2c2b52ce6d3501f52eb890c52fc9664",""
"https://www.searchsarkarinaukri.com/jobs/indian-overseas-bank-local-bank-officer-recruitment-2026-gujarat-50-posts--4283","job-listing","201","51257b6dc053bf24a7322c1adcf998d3ec065b7fe0991de2d034f4243804ed83",""
"https://www.searchsarkarinaukri.com/jobs/indian-overseas-bank-local-bank-officer-recruitment-2026-karnataka-50-posts--4281","job-listing","195","29bec436a56fca56156f5a78e56a53265984231cf08f77da4ce160dff98a51cf",""
"https://www.searchsarkarinaukri.com/jobs/indian-overseas-bank-local-bank-officer-recruitment-2026-maharashtra-50-posts--4282","job-listing","196","cc9546a00c7f4c6c56931aac760dd6f05dd7d8f87daad428665a7a7b9c5e2459",""
"https://www.searchsarkarinaukri.com/jobs/indian-overseas-bank-local-bank-officer-recruitment-2026-tamil-nadu-100-posts--4280","job-listing","224","fb343e5ab276a0735980270be8f97fdf83f4352eaea6397f7ca96e776267b598",""
"https://www.searchsarkarinaukri.com/jobs/indian-port-rail-ropeway-corporation-limited-iprcl-recruitment-2026-02-chief-2026--1663","job-listing","206","c50cfdf63056c98701f870854ac8e722bad0c48ea017d667b616c8d594003659",""
"https://www.searchsarkarinaukri.com/jobs/indian-postal-department-indian-postal-department-2026--4007","job-listing","213","a2088b28fadd98f444de8d645f33c2a16e967855746bfad6c032dcc9581e7386",""
"https://www.searchsarkarinaukri.com/jobs/indian-space-research-organisation-isro-department-of-space-recruitment-notification-indian-space-re--3389","job-listing","242","716328cefe4648b211ec6062d6dc31c4df92841e477b07302a9cc4d88400155f",""
"https://www.searchsarkarinaukri.com/jobs/indira-gandhi-institute-of-development-research-igidr-igidr-recruitment-2026-12-non-teaching-2026--1681","job-listing","247","dcb8906f7fbde67a97d301fb73b529dbf871dc6c7e89b8962d4f033c186adf81",""
"https://www.searchsarkarinaukri.com/jobs/indrayani-co-op-bank-indrayani-co-op-bank-2026--2512","job-listing","224","7a24c59a8902816a3556ed8b9496eaf9d7bc074c2bd88d09a5dea19fe9375a2c",""
"https://www.searchsarkarinaukri.com/jobs/industrial-training-institute-yeola-nashik-industrial-training-institute-yeola-nashik-2026--4261","job-listing","254","0ab2b95b28407e246b059111ff7eff00c4564415dce158e17701354f00e9f4be",""
"https://www.searchsarkarinaukri.com/jobs/institute-of-chartered-accountants-of-india-institute-of-chartered-accountants-of-india-2026--2720","job-listing","235","c9eb28a057c2ba656965985d3dee544edd9db726a15981223d9b50a543cb5e31",""
"https://www.searchsarkarinaukri.com/jobs/institute-of-chartered-accountants-of-india-institute-of-chartered-accountants-of-india-2026--3254","job-listing","235","618d7ebc5f80aa959cf2b5cf3cdd6c1bd74823fbace1b26d4538562abe0d1b18",""
"https://www.searchsarkarinaukri.com/jobs/institute-of-chemical-technology-mumbai-apply-for-3-junior-research-fellow-2026--4131","job-listing","215","70fc8ffd293d2beda71fc7d9fac01c3a4f71dd76d8dae2c3ed7be72600dff2d6",""
"https://www.searchsarkarinaukri.com/jobs/institute-of-our-lady-of-fatima-daman-institute-of-our-lady-2026--3406","job-listing","242","b6032675144869037304c0dad9fbc113108813a1a15bec11f1fcdafcf940e89b",""
"https://www.searchsarkarinaukri.com/jobs/insurance-institute-of-india-insurance-institute-of-india-2026--4216","job-listing","200","d1911fde744ddfffd66f4350a4b016a15a20c70a6c0b8d015e13269849ed8257",""
"https://www.searchsarkarinaukri.com/jobs/insurance-institute-of-india-mumbai-job-openings-at-insurance-institute-of-2026--4127","job-listing","195","5b313bfe234b93952294f3f7576c3a6c764abf0d3eb0efc46537693f02253625",""
"https://www.searchsarkarinaukri.com/jobs/integral-coach-factory-integral-coach-factory-2026--4375","job-listing","207","26f6c9b85588159b792a0cd20ccc36eb239856bc1ee1765ff2ff92ad4e1ce635",""
"https://www.searchsarkarinaukri.com/jobs/inter-university-centre-for-astronomy-and-astrophysics-apply-for-1-project-coordinator-post-2026--3571","job-listing","201","92979febb03873d6752ca5d470455374821914935464c382299896f9b84c77ba",""
"https://www.searchsarkarinaukri.com/jobs/inter-university-centre-for-astronomy-and-astrophysics-job-opening-at-inter-university-centre-for-20--1789","job-listing","236","9b7e4b83331df828de2bff10ea270c9e96ce1a93a1eab2b84fc5e2e46a73a17a",""
"https://www.searchsarkarinaukri.com/jobs/international-centre-for-theoretical-sciences-icts-tata-institute-of-fundamental-research-tifr-clerk--1819","job-listing","242","1baf354cd68bc90011bfaebcdb40fef3c3ce33a8d2caa759c8bbc1d12ec9a199",""
"https://www.searchsarkarinaukri.com/jobs/international-institute-for-population-sciences-iips-international-institute-for-population-sciences--1779","job-listing","221","b88373d90e167e9c79734b04100f7a7ab75b0be653eaca5bc505351cea21b050",""
"https://www.searchsarkarinaukri.com/jobs/international-institute-for-population-sciences-iips-international-institute-for-population-sciences--1780","job-listing","207","7d52e20be7a556d75448e219cfa8b55c03970ec61511ae9ad43b2d5e6b27d8a8",""
"https://www.searchsarkarinaukri.com/jobs/international-institute-for-population-sciences-iips-mumbai-international-institute-for-population-s--2421","job-listing","253","71b4725670e387d8504685122b676ee59580497915473e7f98424766fc78ab5a",""
"https://www.searchsarkarinaukri.com/jobs/international-institute-for-population-sciences-iips-mumbai-international-institute-for-population-s--3342","job-listing","249","98dadd9612f80d77fb2defcb6606ffa2f54e12e8b54d9e8604a7f14ba669771a",""
"https://www.searchsarkarinaukri.com/jobs/international-institute-for-population-sciences-iips-mumbai-international-institute-for-population-s--3606","job-listing","243","b40a3ab5b2bf3d7a8a80d15c365d8a284137f1cce3d90f87afc16233229d56d7",""
"https://www.searchsarkarinaukri.com/jobs/international-institute-for-population-sciences-mumbai-international-institute-for-population-scienc--2117","job-listing","212","fa615788b1e248bedaff7ff0d98d6fca2bb658667a90ce0ec49d31ba42d0d0dc",""
"https://www.searchsarkarinaukri.com/jobs/international-institute-for-population-sciences-mumbai-international-institute-for-population-scienc--1790","job-listing","230","5f2611446a7eeabc8bbedcdd00694952299077740c3b3c298e36fa6c18c04a33",""
"https://www.searchsarkarinaukri.com/jobs/iocl-graduate-apprentice-recruitment-2026-apply-online-for-104-posts--4295","job-listing","322","0eae8cf198a31ce858e733838ece818490107cee1a5d45dda59fe0f5d72f5708",""
"https://www.searchsarkarinaukri.com/jobs/international-institute-for-population-sciences-mumbai-international-institute-for-population-scienc--2694","job-listing","220","479b48eb06a504651b6b8cf10d40d8fcbc7c4fa1de6fac699cecb3e40aa9cfc9",""
"https://www.searchsarkarinaukri.com/jobs/iocl-technician-apprentice-civil-recruitment-2026-apply-online--4287","job-listing","311","e819e46c3124647b253c2f021c2c4326c199033ca2185d563af4c98e1dee5171",""
"https://www.searchsarkarinaukri.com/jobs/iocl-iocl-2026--2592","job-listing","240","ab11d72f8d82621e2b91480c04e3445710f1bfaf0f5c71d8623898e84e9b84ec",""
"https://www.searchsarkarinaukri.com/jobs/iocl-iocl-2026--3078","job-listing","238","dabade4c1c10fb902fcd7c70fc590e261b543e59e28bc997348dec4ac03f6c94",""
"https://www.searchsarkarinaukri.com/jobs/iocl-iocl-2026--4669","job-listing","205","fb13ebfb10bec986464a5c28a81289c188dc36ca3cc61f828fd99c9682fb0630",""
"https://www.searchsarkarinaukri.com/jobs/iocl-technician-apprentice-electrical-electronics-recruitment-2026-apply-online--4288","job-listing","321","5a43565896cbe8451b7b966a8420303e9c8c2c58513d888d7384e3082c161600",""
"https://www.searchsarkarinaukri.com/jobs/iocl-technician-apprentice-electrical-recruitment-2026-apply-online--4285","job-listing","312","62b6b57f7fc38da982bca96e541cdb4abf7d8c4b68309b3a8578bd0db53ee93f",""
"https://www.searchsarkarinaukri.com/jobs/iocl-technician-apprentice-electronics-recruitment-2026-apply-online--4289","job-listing","312","2ed99375f3e43d8a7459e3d89c348f194d353d8ebd6e773cc74d23b8b4421d29",""
"https://www.searchsarkarinaukri.com/jobs/iocl-technician-apprentice-instrumentation-recruitment-2026-apply-online--4286","job-listing","302","aec8d051479a6c1e97c3389352bcd7dd8c2040b7e33366e6d40a26c95dce05a2",""
"https://www.searchsarkarinaukri.com/jobs/iocl-trade-apprentice-data-entry-operator-fresher-recruitment-2026-apply-online--4296","job-listing","282","5c7511669db94fe864ae4704798bb0c855742e22d64956b86c168f32a3b64270",""
"https://www.searchsarkarinaukri.com/jobs/iocl-technician-apprentice-mechanical-recruitment-2026-apply-online--4284","job-listing","328","e3ff1c12c9e20a6ed5ac19df61a7cb17f5ae3cb379d4c51e3d63d6cc95ae4906",""
"https://www.searchsarkarinaukri.com/jobs/iocl-trade-apprentice-data-entry-operator-skill-certificate-holders-recruitment-2026-apply-online--4297","job-listing","325","2610dfeb47584c45c0f34e72fc00c00b7e4f10af97eabcc8e309ee7887668ae1",""
"https://www.searchsarkarinaukri.com/jobs/iocl-trade-apprentice-electrician-recruitment-2026-apply-online--4291","job-listing","297","d09e11384529c0f5fec7a39c007a4497980c798bf524fc0f376e55ce78d7bcc1",""
"https://www.searchsarkarinaukri.com/jobs/iocl-trade-apprentice-electronics-mechanic-recruitment-2026-apply-online--4292","job-listing","284","ad5da7470482a9b4e3141426b02fb8a2a8fe2d90524b580ace414f46132bf245",""
"https://www.searchsarkarinaukri.com/jobs/iocl-trade-apprentice-fitter-recruitment-2026-apply-online--4290","job-listing","315","1c342f7449e0cecb729b978d60e36b6e262f36330802bb032412fe31adc015fd",""
"https://www.searchsarkarinaukri.com/jobs/iocl-trade-apprentice-instrument-mechanic-recruitment-2026-apply-online--4293","job-listing","291","7fb531301bfd0b098de4aec58f9ccc926c87e2878e27e2071e53469bb1350844",""
"https://www.searchsarkarinaukri.com/jobs/iocl-trade-apprentice-machinist-recruitment-2026-apply-online--4294","job-listing","317","e8d6ed7fcf134b8140f3739d5e12b1339535dcbaef29223edda9f88466032dbb",""
"https://www.searchsarkarinaukri.com/jobs/ircon-international-limited-ircon-international-limited-2026--4016","job-listing","230","db04cc068680f1c7715106fa1e206a7cc3c608b4c7ebdd1bbd432e5b16f3db90",""
"https://www.searchsarkarinaukri.com/jobs/irctc-irctc-2026--2157","job-listing","231","c2a8ade87bf7a40b3002dc96aa51d17772afc6ea1f44b1c15fd3378b5beb765a",""
"https://www.searchsarkarinaukri.com/jobs/irctc-irctc-2026--2759","job-listing","231","137bea6b5011a80e4d105943c0a40036350d8f67facbd0cf4214c578b27a87a0",""
"https://www.searchsarkarinaukri.com/jobs/irctc-irctc-2026--3712","job-listing","231","a7fd6da8d0ef5e8fe6d9137874133795f8aa25ea6e20437024dd4e6831f4e936",""
"https://www.searchsarkarinaukri.com/jobs/irctc-irctc-2026--4536","job-listing","195","bab9ebb7032ebc7405dd19b7b5994eb5ce4ac8ab7a09bda5e7eaa271744729be",""
"https://www.searchsarkarinaukri.com/jobs/irctc-irctc-2026--4145","job-listing","231","e6fa43714a162be63aff60881a1198b00d50a226ed03c2d3ba3da1ba8325a555",""
"https://www.searchsarkarinaukri.com/jobs/irel-assistant-manager-chemical-recruitment-2026--4519","job-listing","271","724ab86ce3bebe4093db29541610bc654f774705a704e2fafc212f26674f9f12",""
"https://www.searchsarkarinaukri.com/jobs/irel-assistant-manager-company-secretary-recruitment-2026--4565","job-listing","244","87810c3b5a079735643528f25a2bbf3cd1556653fe1ef23d7660fc2f282ea910",""
"https://www.searchsarkarinaukri.com/jobs/irel-assistant-manager-electrical-recruitment-2026--4517","job-listing","257","0c9b9fe8b01163811a31dbd3517c31f13c6b3e8ebd7ea3ed49e9ea6cf5261396",""
"https://www.searchsarkarinaukri.com/jobs/irel-assistant-manager-finance-recruitment-2026--4558","job-listing","260","f05c0184d3c7c744735b5018a5412b1aa047ecfe7e30f09029bd3e53d0ef4db6",""
"https://www.searchsarkarinaukri.com/jobs/irel-assistant-manager-hrm-recruitment-2026--4563","job-listing","262","9a9267123ae66a5d677b87742a8a34c3271b7c099d8c34262746f0fbcb9166a3",""
"https://www.searchsarkarinaukri.com/jobs/irel-assistant-manager-industrial-safety-recruitment-2026--4543","job-listing","260","7ea695b8a085ace6241a32d162049f4ca0ca754b8204fc7d87c14f96fa4e63b0",""
"https://www.searchsarkarinaukri.com/jobs/irel-assistant-manager-instrumentation-recruitment-2026--4544","job-listing","258","746c63ecd7f9dc6e0e70b8302cc390a5d525a3faad34be146a927e716fd353ce",""
"https://www.searchsarkarinaukri.com/jobs/irel-assistant-manager-mechanical-recruitment-2026--4514","job-listing","255","aaed3e3246d8aefbadf97eaa8cc038582602057f1291a3efb716bc2bef51d36a",""
"https://www.searchsarkarinaukri.com/jobs/irel-assistant-manager-rajbhasha-recruitment-2026--4564","job-listing","257","aeea5151e88cdcba481bda9b838b9d3f8949bb88de7aa06a1aba414870bbbe1d",""
"https://www.searchsarkarinaukri.com/jobs/irel-assistant-manager-mining-recruitment-2026--4540","job-listing","265","d1e2f044a0913d3e5147ac0584337ad4ff2fb203a9e1b19c9fc2283dde94955c",""
"https://www.searchsarkarinaukri.com/jobs/irel-chief-manager-electrical-recruitment-2026--4515","job-listing","251","eec1b9b23b8489882e7c1e0afbb4fb1a0b76b4fef56614dede9a66f1c0fd9a04",""
"https://www.searchsarkarinaukri.com/jobs/irel-chief-manager-finance-recruitment-2026--4555","job-listing","263","1490e01e8b26206abd749fd213f6408634de0d22182c5feccbb877430b26b1aa",""
"https://www.searchsarkarinaukri.com/jobs/irel-chief-manager-mechanical-recruitment-2026--4512","job-listing","242","6c0d9fa57fd404317e4d433015bcc1cca6d10682a03a7a40d54625a7e806bf67",""
"https://www.searchsarkarinaukri.com/jobs/irel-deputy-general-manager-it-recruitment-2026--4545","job-listing","259","c924e04937e228ebf33c5c8e82abcd964316025fcfe7e20073efc4dcc520564a",""
"https://www.searchsarkarinaukri.com/jobs/irel-deputy-general-manager-marketing-recruitment-2026--4559","job-listing","268","0bcc7005fce492923cd0d0e895bca00cb8c890bfd4814554511193fa5affd4d8",""
"https://www.searchsarkarinaukri.com/jobs/irel-deputy-manager-chemical-recruitment-2026--4518","job-listing","260","3606bfb84d25275d0ec4bf3ccd358f5379e8bf150120377c2757a53a89a28daf",""
"https://www.searchsarkarinaukri.com/jobs/irel-deputy-manager-commercial-purchase-recruitment-2026--4541","job-listing","269","4d3c67ee0db046f788c8285a97679a1a79e9cb4bb82966aa81d96c1bc6218217",""
"https://www.searchsarkarinaukri.com/jobs/irel-deputy-manager-electrical-recruitment-2026--4516","job-listing","254","34ffb7ccd6ebe4d9aeeda0a86ad9cee937c91d9a260a9bd71d6bad4371882afd",""
"https://www.searchsarkarinaukri.com/jobs/irel-deputy-manager-finance-recruitment-2026--4557","job-listing","263","e1f59c670749797ed77a2511b10c5e2a236fdafb5f5f700cecfe5b85bdf5d187",""
"https://www.searchsarkarinaukri.com/jobs/irel-deputy-manager-geology-recruitment-2026--4548","job-listing","242","0a4bd8cec9b56c2f9bb81c8e789c0a8e894ac4c344d2bbb7b994d10cfdc7661f",""
"https://www.searchsarkarinaukri.com/jobs/irel-deputy-manager-industrial-safety-recruitment-2026--4542","job-listing","259","dec2b88d4b0eb340c8d0db95271385924dbeec0030419d2c6e0b91e28da3612d",""
"https://www.searchsarkarinaukri.com/jobs/irel-deputy-manager-hrm-admin-recruitment-2026--4561","job-listing","262","3b43809f8eb4b2b9052d57d9f7397a389e6550ecad04396ce648734ec52ee8db",""
"https://www.searchsarkarinaukri.com/jobs/irel-deputy-manager-it-recruitment-2026--4547","job-listing","271","2060265008f57ff1589e8d4b700877ecdba84b146ebdaa1c68dfd3c8c77355e0",""
"https://www.searchsarkarinaukri.com/jobs/irel-deputy-manager-legal-hrm-recruitment-2026--4562","job-listing","254","4c93f450d1bd741b60a98b983cd44ad2e9979134f0e1e92ca1db75b8ad95d017",""
"https://www.searchsarkarinaukri.com/jobs/irel-deputy-manager-mineral-recruitment-2026--4520","job-listing","269","fe88ee61a828d05c9c3e1389b1be2098f46c8bc024a3a9c417bc2e87e013c780",""
"https://www.searchsarkarinaukri.com/jobs/irel-deputy-manager-mechanical-recruitment-2026--4513","job-listing","253","19c59734eff1c0d1e4a479afe728d0da70cfcca63c8ade9b595d1e2f55913309",""
"https://www.searchsarkarinaukri.com/jobs/irel-deputy-manager-sales-recruitment-2026--4560","job-listing","261","4076c2234dd894af1ec6bab9fdc788e0c90a1fff3835ca162a1e8d629cfafdff",""
"https://www.searchsarkarinaukri.com/jobs/irel-general-manager-finance-recruitment-2026--4554","job-listing","247","fa11b35d9446f464806a4a615591a10d6a3cdc11b8dd16d00fbf9c133e9e422c",""
"https://www.searchsarkarinaukri.com/jobs/irel-india-limited-irel-india-limited-2026--3302","job-listing","215","391078b88a3819554efcf30d72fad750be70cb80017b84e7066342919e31db54",""
"https://www.searchsarkarinaukri.com/jobs/irel-manager-it-recruitment-2026--4546","job-listing","262","2b4a29330703733ff06a7504f403b7f2b94a474868a508688bfd3d9db9cddc35",""
"https://www.searchsarkarinaukri.com/jobs/irel-manager-legal-recruitment-2026--4550","job-listing","248","624d780c3b8c2f8be82090788bd08c55b15e4f4151d523f74d21b35a6de1a12f",""
"https://www.searchsarkarinaukri.com/jobs/irel-manager-mining-recruitment-2026--4521","job-listing","258","090315f82755bfa618ca899a3552c1fa0d3e7fa0fe53e6017f70a17979e603c2",""
"https://www.searchsarkarinaukri.com/jobs/irel-manager-security-recruitment-2026--4552","job-listing","241","bf406a90747503827f7d617630cd8c6ff76dbfb56dfae971bc000e4b829d2851",""
"https://www.searchsarkarinaukri.com/jobs/irel-senior-manager-finance-recruitment-2026--4556","job-listing","260","cf4a1d36fa43eeaf72c7258d83dae44d0de45e1a7e4b8af1236b9235c3328be8",""
"https://www.searchsarkarinaukri.com/jobs/irel-senior-manager-legal-recruitment-2026--4549","job-listing","239","931b2dc17eed5c3d87b3cb5ccc3f0871807a03383679ac2cb0d48ce0b776b098",""
"https://www.searchsarkarinaukri.com/jobs/irel-senior-manager-medical-recruitment-2026--4553","job-listing","242","23c80d1be0b7849cff03d5c92977d7723280f7baa114f70081de133534f20c97",""
"https://www.searchsarkarinaukri.com/jobs/isp-nashik-isp-nashik-2026--5011","job-listing","210","a88f4a8f64bb15067c2f6a2fc04729171db4bfddc8fd63690687f3c60413c070",""
"https://www.searchsarkarinaukri.com/jobs/irel-senior-manager-security-recruitment-2026--4551","job-listing","248","246d8bb45a38770756fbb8d189b8a35536830d9074c6e6077c4af11352101bd9",""
"https://www.searchsarkarinaukri.com/jobs/isro-assistant-autonomous-institutions-recruitment-2026-apply-online-for-17-posts--3677","job-listing","177","3490150c00177755152bac0f063e63a948c6f3c95decf61b7380382104d452ad",""
"https://www.searchsarkarinaukri.com/jobs/isro-assistant-recruitment-2026-apply-online-for-113-posts--3673","job-listing","223","e979f6fab8dc7c9616f2e8249da34443c85e783e7d64210a17b14a724ff717b5",""
"https://www.searchsarkarinaukri.com/jobs/isro-isro-2026--2002","job-listing","282","da3dab76986df234008165f9a7cdef3b7d61bc73af39f0f01882bb4c5bbb74f7",""
"https://www.searchsarkarinaukri.com/jobs/isro-isro-2026--3347","job-listing","215","ba5f91611dfd3571af967e64bdd4345f77da1194f30f86ffb11f927015eeedd2",""
"https://www.searchsarkarinaukri.com/jobs/isro-isro-2026--3421","job-listing","276","bd2c6e0a72b1345b5e306c936441f114322d24d4c4fb091718e55891b45e4979",""
"https://www.searchsarkarinaukri.com/jobs/isro-isro-2026--3722","job-listing","215","c2f1c4cac52653ac5ba733e3de82b62ed149832b41bdfed5639a0455d76fb25f",""
"https://www.searchsarkarinaukri.com/jobs/isro-istrac-commercial-practice-apprentice-recruitment-2026-apply-online-for-5-posts--3548","job-listing","180","1445bcc34cb793b7501ed9f96f2690fcd2447764390b56c9705334c80554428a",""
"https://www.searchsarkarinaukri.com/jobs/isro-istrac-diploma-apprentice-recruitment-2026-apply-online-for-18-posts--3547","job-listing","191","468db53c8373b24bdfd5184b66f50878756bcbeb516f9e53c476e34622aba715",""
"https://www.searchsarkarinaukri.com/jobs/isro-istrac-isro-istrac-2026--2474","job-listing","223","c6e5947e3051d0007cf212687c1ed85c0adb968a25f9202df87894b4b3df7333",""
"https://www.searchsarkarinaukri.com/jobs/isro-istrac-graduate-apprentice-recruitment-2026-apply-online-for-58-posts--3546","job-listing","248","2e377d0b8df0604962712296a996154d8530d9c1794bfc0182ccfb539121d8f5",""
"https://www.searchsarkarinaukri.com/jobs/isro-junior-personal-assistant-autonomous-institutions-recruitment-2026-apply-online-for-1-post--3678","job-listing","220","177b7e471af584e4e06abe2d767be68af13c52754d32730073b5477d67a39084",""
"https://www.searchsarkarinaukri.com/jobs/isro-istrac-iti-trade-apprentice-recruitment-2026-apply-online-for-14-posts--3549","job-listing","199","450734461bf63dc6ed425864cd22a9bf39699f49053750eb1d78cff9315c6e07",""
"https://www.searchsarkarinaukri.com/jobs/isro-lpsc-draughtsman-b-mechanical-recruitment-2026-apply-online--4981","job-listing","304","7a6d657bc22c0c655bb7c1de50eb007479a125b69c6a76eccfe58e3d48dfd0cb",""
"https://www.searchsarkarinaukri.com/jobs/isro-junior-personal-assistant-jpa-recruitment-2026-apply-online-for-81-posts--3674","job-listing","209","6ec749bf3539225c1a95188989cf22f2ae7fa210aa344985332d6b21b2a158f5",""
"https://www.searchsarkarinaukri.com/jobs/isro-lpsc-fireman-a-recruitment-2026-apply-online--4982","job-listing","330","49c4520ee8059229e2056dfc1bc710d88185940869876152396e6a892c467219",""
"https://www.searchsarkarinaukri.com/jobs/isro-lpsc-technical-assistant-chemical-recruitment-2026-apply-online--4978","job-listing","305","057c67ba76bd53c6d837f38f052acf3a2bd91def2015d1b03376e42468f46f0c",""
"https://www.searchsarkarinaukri.com/jobs/isro-lpsc-technical-assistant-chemical-recruitment-2026-apply-online--4979","job-listing","298","d65abf4bbed2ff5dd4a5f29ebdb550169dd610f0f4eb3c9472022bc70848c76e",""
"https://www.searchsarkarinaukri.com/jobs/isro-lpsc-technical-assistant-mechanical-recruitment-2026-apply-online-for-6-posts--4977","job-listing","305","7aa726e8406be1ac202913f844f2c5dc08f6fdb32af65472422da88bcdb6fdcc",""
"https://www.searchsarkarinaukri.com/jobs/isro-lpsc-technician-b-fitter-recruitment-2026-apply-online-for-9-posts--4980","job-listing","303","3d013130c2decebdeff06d888cb2f931b937510253decf5ee8fe79bcf0a9cda8",""
"https://www.searchsarkarinaukri.com/jobs/isro-nrsc-isro-nrsc-2026--3962","job-listing","225","c6fea7a64d4fd7ca2fe26b676d0e4ed209e41401eb15ad86ac39bf8d1f4dbb9b",""
"https://www.searchsarkarinaukri.com/jobs/isro-nrsc-junior-research-fellow-agriculture-horticulture-recruitment-2026-bengaluru-apply-online-for-1-post--3948","job-listing","236","0e784e64ad050bfb4a623c511a4e4bf2b080da618c22f46fb7365b248c310be4",""
"https://www.searchsarkarinaukri.com/jobs/isro-nrsc-junior-research-fellow-agrometeorology-recruitment-2026-bengaluru-apply-online-for-1-post--3946","job-listing","218","7454918ab636f84fbc12613f3a8e7255f8c0ef16b17f36e537c21f4ce23bf83b",""
"https://www.searchsarkarinaukri.com/jobs/isro-nrsc-junior-research-fellow-atmospheric-science-physics-recruitment-2026-apply-online-for-9-posts--3944","job-listing","240","0af9ebc6cdf8c2eb85c56fc86292389c929b5328734a05f8e36471e606dcf46c",""
"https://www.searchsarkarinaukri.com/jobs/isro-nrsc-junior-research-fellow-computer-science-ai-data-science-recruitment-2026-bengaluru-apply-online-for-1-post--3949","job-listing","250","8e34bb59cbde58b96fb0323741995450ac6a18c25b1f1fe61c327bb5366dc31c",""
"https://www.searchsarkarinaukri.com/jobs/isro-nrsc-junior-research-fellow-ocean-science-geophysics-recruitment-2026-apply-online-for-6-posts--3945","job-listing","229","319ec7de8aef17bb83b1b803147292571cbfe968b01b3669cd25fb8d3ad6965d",""
"https://www.searchsarkarinaukri.com/jobs/isro-nrsc-junior-research-fellow-remote-sensing-gis-agriculture-recruitment-2026-bengaluru-apply-online-for-1-post--3947","job-listing","245","88adddaebfbdc074879f0a703cf15760178e3f0507a837d6607114364dc80e65",""
"https://www.searchsarkarinaukri.com/jobs/isro-nrsc-project-associate-i-computer-science-it-recruitment-2026-apply-online-for-3-posts--3936","job-listing","231","5b7d655ebc50cec080fcfe944c3716df3a3733fdd0d016d41b60bb822733dacc",""
"https://www.searchsarkarinaukri.com/jobs/isro-nrsc-project-associate-ii-computer-science-it-recruitment-2026-new-delhi-apply-online-for-1-post--3937","job-listing","248","5144b6bdce9b422ba5e114ffd68cc445e66a8e3e5059db28f8acebd89dca882e",""
"https://www.searchsarkarinaukri.com/jobs/isro-nrsc-project-associate-ii-geoinformatics-recruitment-2026-new-delhi-apply-online-for-1-post--3938","job-listing","234","a33fd4085166c599a4c98410a8d56f9db1c1a8197695b39b186d45f1d63eae2d",""
"https://www.searchsarkarinaukri.com/jobs/isro-nrsc-project-scientist-b-computer-science-it-recruitment-2026-apply-online-for-5-posts--3941","job-listing","223","edd508a35d0154644482a29a916d4b4b1c94532d108c498a1b1c6c7997b0e619",""
"https://www.searchsarkarinaukri.com/jobs/isro-nrsc-project-scientist-b-geology-recruitment-2026-apply-online-for-1-post--3939","job-listing","220","19234d08f6515763800d7d0f4719545568501f56f8b06c8833198eae049a53d8",""
"https://www.searchsarkarinaukri.com/jobs/isro-nrsc-project-scientist-b-remote-sensing-environmental-sciences-recruitment-2026-apply-online-for-1-post--3942","job-listing","221","b8d5703da8d8cad883ce76145123c542799436f45a39f99a0454ffb7c3ad59df",""
"https://www.searchsarkarinaukri.com/jobs/isro-nrsc-project-scientist-b-remote-sensing-gis-recruitment-2026-apply-online-for-1-post--3940","job-listing","227","8fa90eecee585bb8b7c0173066fd20812caf0d2a2c53261f30d0ffa1294ee901",""
"https://www.searchsarkarinaukri.com/jobs/isro-nrsc-project-scientist-i-computer-science-it-recruitment-2026-apply-online-for-2-posts--3943","job-listing","234","627a0874e4b5771bbb5071041ce4f90ca36abbe051e7f2d061f919d1a3eb448c",""
"https://www.searchsarkarinaukri.com/jobs/isro-nrsc-research-scientist-ai-machine-learning-data-science-recruitment-2026-apply-online-for-1-post--3935","job-listing","270","3b0dcfdcc8d44ac503892ffb2741ab19253e2ac8e2b3ac91dc2f17c05ab6a5f7",""
"https://www.searchsarkarinaukri.com/jobs/isro-nrsc-research-scientist-civil-engineering-recruitment-2026-apply-online-for-3-posts--3930","job-listing","235","68d2326674d42ea4bda2fbdca846f17b05a37a628ef4a7465379d3f1e5998b24",""
"https://www.searchsarkarinaukri.com/jobs/isro-nrsc-research-scientist-computer-science-it-recruitment-2026-apply-online-for-1-post--3934","job-listing","239","e1c34d5cecea9eec0e4dfb1d8e4e33d77cb944db2e65befcadb2acbb55d35059",""
"https://www.searchsarkarinaukri.com/jobs/isro-nrsc-research-scientist-geology-recruitment-2026-apply-online-for-2-posts--3932","job-listing","213","a8fd1cfbf016cfabb7dfeab258505bb768fa077989754b367c99077de535fdff",""
"https://www.searchsarkarinaukri.com/jobs/isro-nrsc-research-scientist-remote-sensing-gis-engineering-recruitment-2026-apply-online-for-2-posts--3933","job-listing","239","9508070c805ee22ea920dee580c004d867966bed91cd3e0195a2dc17f7353702",""
"https://www.searchsarkarinaukri.com/jobs/isro-sac-isro-sac-2026--1848","job-listing","215","3a3da123b4a499a68c02fa9544ba806b0a3e24bd298d7c7058f8a12c1ce236fb",""
"https://www.searchsarkarinaukri.com/jobs/isro-nrsc-research-scientist-remote-sensing-gis-recruitment-2026-apply-online-for-5-posts--3931","job-listing","216","2aa2e78951c6b95a7fe43d01ca852e763c46d81cf9ad0dfe256e6438a7e41987",""
"https://www.searchsarkarinaukri.com/jobs/isro-stenographer-recruitment-2026-apply-online-for-10-posts--3676","job-listing","207","1f8cbecb1abfd1c87774bfbb8b1ee78d81b5a7edfeff4a7098121029520fff19",""
"https://www.searchsarkarinaukri.com/jobs/isro-upper-division-clerk-udc-recruitment-2026-apply-online-for-22-posts--3675","job-listing","178","f8eba7a496df8cd5728a4c529fb09af9d9a0aeca6e9713e249affb0021a55bb5",""
"https://www.searchsarkarinaukri.com/jobs/isro-ursc-commercial-practice-apprentice-recruitment-2026-apply-online-for-70-posts--3861","job-listing","290","6b44e19664cb853ae7a277bfe8c53523e94a919e5fdbf3b0b488527dce0d37a8",""
"https://www.searchsarkarinaukri.com/jobs/isro-ursc-graduate-apprentice-recruitment-2026-apply-online-for-220-posts--3859","job-listing","328","7088989bdbe3b88cf5ed8ea292b727ddc9b33babca920460a6ed8b263947dc70",""
"https://www.searchsarkarinaukri.com/jobs/isro-ursc-isro-ursc-2026--3772","job-listing","202","521a92625f821e7d1bb6d20168ff0d85b6c5c6027cd50ab25cdf16bc0b70ba76",""
"https://www.searchsarkarinaukri.com/jobs/isro-ursc-technician-apprentice-recruitment-2026-apply-online-for-120-posts--3860","job-listing","309","2aea08c52acf9d5be812152effaf2e17b691f12dc5284fddbfb74e78df5bcc6e",""
"https://www.searchsarkarinaukri.com/jobs/isro-vssc-isro-vssc-2026--3256","job-listing","228","6e0474f054b898041570c22a64853e59716a4373779f41a361840d9ed5342ded",""
"https://www.searchsarkarinaukri.com/jobs/istrac-isro-technician-b-2026--2683","job-listing","371","691788d0b63ba8184665d9a0afea1b8e7e07352ba1caac04dd7938475ad5559a",""
"https://www.searchsarkarinaukri.com/jobs/itat-itat-2026--3271","job-listing","258","bcd1f022a4eb7b07c53032cf162055ee1f5d7068dc5fcafdf195aebd0e9e203f",""
"https://www.searchsarkarinaukri.com/jobs/itbp-itbp-2026--4081","job-listing","202","3cca7a894b26e8a43c250edd196ffcab881d38e5224c2f41a50ea52c9835602d",""
"https://www.searchsarkarinaukri.com/jobs/itbp-medical-officer-recruitment-2026--4498","job-listing","268","8f78a59c8b5d6e83ce3d4b50acab1563f89f2204c00b20703a1132b9eac84f3b",""
"https://www.searchsarkarinaukri.com/jobs/itbp-specialist-medical-officer-recruitment-2026--4497","job-listing","264","f83d455b295ed045166522517f2ed0c783fdf56ae6f150bf634d5cb05cf22cba",""
"https://www.searchsarkarinaukri.com/jobs/itbp-super-specialist-medical-officer-recruitment-2026--4496","job-listing","265","18e002b00c3896ded2b9843ee318739b6f093c3ebce8443b4d2c40cfb72e3098",""
"https://www.searchsarkarinaukri.com/jobs/iucaa-pune-iucaa-pune-2026--1851","job-listing","237","4938a48c697fd42a7e2542f3312806af69ed5d409f7ce3ba06aaed71ef38bea4",""
"https://www.searchsarkarinaukri.com/jobs/iucaa-pune-iucaa-pune-2026--3515","job-listing","237","839602f1d7826ce40e247681385f2cb42e4e6952cb01df40d5b2be435446076e",""
"https://www.searchsarkarinaukri.com/jobs/jalna-mahanagarpalika-jalna-mahanagarpalika-2026--2555","job-listing","240","9ed8bb00e4f858442ca3a460545c23699ce09c13e91ca5559d7f60d6f32bb0fd",""
"https://www.searchsarkarinaukri.com/jobs/jalna-city-municipal-corporation-jcmc-jalna-city-municipal-corporation-jcmc-recruitment-2026--2583","job-listing","203","d48ad55623e459bf73f782bac5fb99ec108ccb0af973ded70c12f538e806e540",""
"https://www.searchsarkarinaukri.com/jobs/janata-sahakari-bank-dharashiv-janata-sahakari-bank-dharashiv-2026--3080","job-listing","224","533779d9510946931da34db196291ee2f87f875aea8991ab7740269abec532c9",""
"https://www.searchsarkarinaukri.com/jobs/janata-sahakari-bank-kolhapur-janata-sahakari-bank-kolhapur-2026--3214","job-listing","262","6d0cb1b74fe02fe3435147842081c443d93b47cf754d5616e9f26eb34d51a978",""
"https://www.searchsarkarinaukri.com/jobs/janata-sahakari-bank-kolhapur-janata-sahakari-bank-kolhapur-2026--4523","job-listing","225","bd5aa91ef410dd2783aa922062d14bd39b3bafbf38c218be85e4289b94bc4406",""
"https://www.searchsarkarinaukri.com/jobs/jawahar-navodaya-vidyalaya-kolhapur-jawahar-navodaya-vidyalaya-kolhapur-2026--2172","job-listing","241","2da379048e9a3a99bac8d5a200a94f8feced70f3d989e80edbba7178d5015c06",""
"https://www.searchsarkarinaukri.com/jobs/jankalyan-nagari-sahakari-patsanstha-karad-jankalyan-nagari-sahakari-patsanstha-karad-2026--1835","job-listing","228","8a80858ca8eb0669dd03d1d925d5efbc3585dfef69e270bf1d7c0e9f19e7ef87",""
"https://www.searchsarkarinaukri.com/jobs/jawaharlal-nehru-port-authority-jawaharlal-nehru-port-authority-announces-recruitment-2026--1464","job-listing","148","98845ea7ca9ef470dadd2ff30349837563d43443884d66ba782ee210984cd250",""
"https://www.searchsarkarinaukri.com/jobs/jawaharlal-nehru-port-authority-jawaharlal-nehru-port-authority-2026--2537","job-listing","230","eaf283e6b2e061bbf923b8405e78e041e6381ecd0e2c7c2209bc63eaef156fcb",""
"https://www.searchsarkarinaukri.com/jobs/jaywantrao-bhosale-patsanstha-jaywantrao-bhosale-patsanstha-2026--3958","job-listing","224","641bf5aa6778b9f442983ce88c5376672b4d7f40d63cd45943936e1e8407e843",""
"https://www.searchsarkarinaukri.com/jobs/jaywant-shikshan-prasarak-mandal-pune-jaywant-shikshan-prasarak-mandal-pune-2026--2387","job-listing","252","61be2803d69ed561ef8c4f3f8b5fded33e63d48d97f610a3eb61b0dc58e5d5aa",""
"https://www.searchsarkarinaukri.com/jobs/jilhadhikari-karyalay-bhandara-recruitment-2026-details-jilhadhikari-karyalay-bhandara-recruitment-2--4326","job-listing","259","02bcf868447e5fcded8804b24676ab3501098f7e2a4e71500a1e4e0c9e4a1300",""
"https://www.searchsarkarinaukri.com/jobs/jilhadhikari-karyalay-dharashiv-jilhadhikari-karyalay-dharashiv-2026--2708","job-listing","230","1fa9c1898a347d4ffe302c80b8fa965550ce3f935c77da7ab368e69f703f2f77",""
"https://www.searchsarkarinaukri.com/jobs/jilhadhikari-karyalay-dhule-jilhadhikari-karyalay-dhule-2026--3525","job-listing","265","d5b78e0cc4f202afe211199760a4c9ad718eed7f18cca4f7d9f658c2f8422453",""
"https://www.searchsarkarinaukri.com/jobs/jilhadhikari-karyalay-dhule-jilhadhikari-karyalay-dhule-2026--4668","job-listing","227","ae1a9d76d4e3a41e06f47243d6876fe47f5b31071625dbd71c7684df8a5bf358",""
"https://www.searchsarkarinaukri.com/jobs/jilhadhikari-karyalay-gadchiroli-jilhadhikari-karyalay-gadchiroli-2026--3959","job-listing","244","f496efbd1bbbf6a8dfaf6eb171c9011455b322c8f9743a4e6a996ebb030ba912",""
"https://www.searchsarkarinaukri.com/jobs/jilhadhikari-karyalay-nanded-jilhadhikari-karyalay-nanded-2026--3402","job-listing","247","c29d29f60bf12e1416d48fc8cfdde9ba040feb4d3d1cf377d00f52be3ad4c100",""
"https://www.searchsarkarinaukri.com/jobs/jilhadhikari-karyalay-nashik-jilhadhikari-karyalay-nashik-2026--4787","job-listing","212","89bc4e079005eaf64b62e2fda83744bc89a9a7ffc7d9f63592aac70d2129d59f",""
"https://www.searchsarkarinaukri.com/jobs/jilhadhikari-karyalay-wardha-bharti-2026-details-jilhadhikari-karyalay-wardha-bharti-2026-details-20--5007","job-listing","227","e2c5023a22c5543bba19e0078f1f20a6d5c9eac6ea073f352017d1f235cfb034",""
"https://www.searchsarkarinaukri.com/jobs/jilhadhikari-karyalay-washim-collector-office-washim-recruitment-notification-jilhadhikari-karyalay--2868","job-listing","218","528e7ddb99790a9ba00a549e021e882e8b1586f2bad487c5ed572a2a23ae6b97",""
"https://www.searchsarkarinaukri.com/jobs/jilhadhikari-karyalay-washim-collector-office-washim-recruitment-notification-jilhadhikari-karyalay--2432","job-listing","215","a47038fc13e85b6dcec292d46529dcfd8c51731b6f8fba483e3141e08a864ff3",""
"https://www.searchsarkarinaukri.com/jobs/jilhadhikari-karyalay-washim-jilhadhikari-karyalay-washim-2026--2359","job-listing","239","7d00b6e1e9a740936152702f5dc453dd7b95f30c7a061892e5d3c586bfdabe9a",""
"https://www.searchsarkarinaukri.com/jobs/jnv-ahilyanagar-jnv-ahilyanagar-2026--2151","job-listing","223","57a7affe55d0e19b9abb39ed51c00ef87d6038d360e393248380c9f006cd48cb",""
"https://www.searchsarkarinaukri.com/jobs/jnv-buldhana-jnv-buldhana-2026--2554","job-listing","235","e9b07b269371fff78fec524ae8cb3edae5e00e9dbfdb2d4c1eec82db2edafbe9",""
"https://www.searchsarkarinaukri.com/jobs/jnv-akola-jnv-akola-2026--3033","job-listing","235","e5954e41a3cadca86c0ce528993845c9eea55cfee3bab9cf58c2e95521edbac9",""
"https://www.searchsarkarinaukri.com/jobs/jnv-buldhana-jnv-buldhana-2026--3124","job-listing","235","42641c48abf00ba1575c4049195dfacb0ef8160914efda3c52f71e23cc0fff9e",""
"https://www.searchsarkarinaukri.com/jobs/jnv-chhatrapati-sambhajinagar-jnv-chhatrapati-sambhajinagar-2026--3306","job-listing","226","4b39168b8c985c8085e397e7bd53448c041c9cd9d4fd4c4944b92863fb035c66",""
"https://www.searchsarkarinaukri.com/jobs/jnv-dhule-jnv-dhule-2026--2994","job-listing","235","8066b1f2d32bf6ae4cc86193e9bd9342dd818c6615ec0d1cca9d2b481c235e00",""
"https://www.searchsarkarinaukri.com/jobs/jnv-gadchiroli-jnv-gadchiroli-2026--2882","job-listing","233","7dff66436a7ede375e0dbe463674f74444de343c4d61eea05854aa6384a3eb80",""
"https://www.searchsarkarinaukri.com/jobs/jnv-goa-jnv-goa-2026--1999","job-listing","218","98f9861b7ed4588471584a920aa274779e4fcfd261ac4ffbab2ee9b4d04e8dce",""
"https://www.searchsarkarinaukri.com/jobs/jnv-hingoli-jnv-hingoli-2026--2632","job-listing","211","7e7dac545fe201d3da07511b38a45a95d1cce33390941d22554272476d44d4f0",""
"https://www.searchsarkarinaukri.com/jobs/jnv-nandurbar-jnv-nandurbar-2026--2513","job-listing","234","68fbdc25b5c8583955229e75bb94de4a8411dbf4152b970291637d4a9d7738c9",""
"https://www.searchsarkarinaukri.com/jobs/jnv-jalna-jnv-jalna-2026--2270","job-listing","233","ac8584d23db0cc8719fdcf258ff5c6bf54c26de2dfc29e3835d770b112f53a49",""
"https://www.searchsarkarinaukri.com/jobs/jnv-nandurbar-jnv-nandurbar-2026--3657","job-listing","234","c78ba73833d68c87db30eb50d1afdc30367f7ebd8fd3126ccbbc364a29fa7de3",""
"https://www.searchsarkarinaukri.com/jobs/jnv-nandurbar-jnv-nandurbar-2026--4580","job-listing","234","93753257c831c152b4dcf6be46176703c461d058360a975572e128cdab3ab519",""
"https://www.searchsarkarinaukri.com/jobs/jnv-parbhani-jnv-parbhani-2026--2842","job-listing","235","341c7f4df76e7c28a0dd465b311ec85d2c675403e9d2200b385415f5335858e0",""
"https://www.searchsarkarinaukri.com/jobs/jnv-satara-jnv-satara-2026--2154","job-listing","240","6a33a4feab2709d8aeabd0082b50c392557315010c63c376e0355549eee55dcb",""
"https://www.searchsarkarinaukri.com/jobs/jnv-washim-jnv-washim-2026--1922","job-listing","235","78c5da160f974a0889d9938c9b7b54c4703c8687c025f021b2cc0e568c66ac66",""
"https://www.searchsarkarinaukri.com/jobs/jnv-solapur-jnv-solapur-2026--2395","job-listing","230","9cf4872cf2364595b09b223acb34ddac90e9a34759d02f062848e10670fcf5b8",""
"https://www.searchsarkarinaukri.com/jobs/job--1015","job-listing","314","48f0e8fb2ed06654ec0b34752f81bc8a9a3a618fa6b766f9258a3b77af7a7aa0",""
"https://www.searchsarkarinaukri.com/jobs/job--1016","job-listing","323","0380f84706b1d3bd70016ac3fbb2ad42f794647342d3b58afa4fa9844e576fd6",""
"https://www.searchsarkarinaukri.com/jobs/job--1018","job-listing","334","05d1aaebe6902bc817a281c64679e8ae2b155609f4a926f4d8e89c927eda541c",""
"https://www.searchsarkarinaukri.com/jobs/job--1019","job-listing","316","a74c749788f1b44b46e11fd6821b46815395c280c93823fdb15b6dd290f48ae1",""
"https://www.searchsarkarinaukri.com/jobs/job--1021","job-listing","327","2b0ae1f17938413c7be94b5dfe784c5042849add157e0fe0c524af34f257f66e",""
"https://www.searchsarkarinaukri.com/jobs/job--1022","job-listing","312","0ba6f34085c461492bbf12c20d0520ecf5826dc30336d5798271639351070563",""
"https://www.searchsarkarinaukri.com/jobs/job--1023","job-listing","320","33b9f8f3577c138ced09f429c2db2f6d031e510db582e1a410d296a238097056",""
"https://www.searchsarkarinaukri.com/jobs/job--1024","job-listing","327","b512f10f388ddba4cd298677ba8499d7cd96cea6d0cc92a7e3c6bc767a398fc4",""
"https://www.searchsarkarinaukri.com/jobs/job--1025","job-listing","322","36070ce6e85a227df0d5972a9565c2b7ef29a2195802fdfbd536e4829a2770c4",""
"https://www.searchsarkarinaukri.com/jobs/job--1026","job-listing","310","df94de6749db156ede6005c5885bce93abf84c76febdac0d78c75ce76029a2aa",""
"https://www.searchsarkarinaukri.com/jobs/job--1029","job-listing","334","acf6ca00417800b251379875a4341afe8c66db7a6a582fefbd79a580d16c5eb2",""
"https://www.searchsarkarinaukri.com/jobs/job--1027","job-listing","328","97d9a31b9b2dbd738a2c79a818cae57fa06ea29ee7de5410e89e1e6728b8792d",""
"https://www.searchsarkarinaukri.com/jobs/job--1030","job-listing","305","e9dcaed9bb9c7f139bc83c9270445f946db53fb5ae45e36eb8fd83c42f22715c",""
"https://www.searchsarkarinaukri.com/jobs/job--1031","job-listing","297","b5c9a736ec4e017bceff0bfad64c156cafa5000e1e6aec73396b793ad696270a",""
"https://www.searchsarkarinaukri.com/jobs/job--1032","job-listing","384","762e68ddd829d6046b821f61c45cf349b78dfe368efe04fa8193473798e649a4",""
"https://www.searchsarkarinaukri.com/jobs/job--1033","job-listing","311","1ba70bef6fbd0f5ad491aaba5f690b6a259cfae2d11ce1f0f87017b9be322bc1",""
"https://www.searchsarkarinaukri.com/jobs/job--1034","job-listing","350","908175974cdcc11ff8fbbcee17eaaae0d71a7283fb4b2cdd799607b6caacc42c",""
"https://www.searchsarkarinaukri.com/jobs/job--1037","job-listing","307","1680496def71c9e8df7d6a008da4512453a88228d8aed1f6de37448bb996431f",""
"https://www.searchsarkarinaukri.com/jobs/job--1038","job-listing","334","4838f0d3858e4ea517386dd19962d47d0abb5f2ceab73a5ae702c6851d4beffc",""
"https://www.searchsarkarinaukri.com/jobs/job--1039","job-listing","328","7b7c8854b40fe07b95f606431df7900f38adab4f0b803276fb575a1505d84e13",""
"https://www.searchsarkarinaukri.com/jobs/job--1041","job-listing","338","64d9937db55967ae6164fb35c0c9cecce92ebd97dee16d76f52cba9c5d0c96dd",""
"https://www.searchsarkarinaukri.com/jobs/job--1042","job-listing","349","61eec8a3d8c66c54d783f40297b0e98780a4949b4025a46252c1c24cf9d335aa",""
"https://www.searchsarkarinaukri.com/jobs/job--1046","job-listing","301","95723619932d1707228489ea2454b7c6dc8c264becedfa4db577d1fae7e58919",""
"https://www.searchsarkarinaukri.com/jobs/job--1043","job-listing","324","7c5d33d693347646bf2149f46e14e2589725701f7a3b8a61360a9bce91135c8c",""
"https://www.searchsarkarinaukri.com/jobs/job--982","job-listing","355","ebc9f31bf304ee1188e40f641b5c5499aabf80f22d89900a36f1a0ce45dd1845",""
"https://www.searchsarkarinaukri.com/jobs/job--980","job-listing","359","021bcff855a6e7edb8266d3cfffff0d802c6df0c7c244e3d098d5e987cbc8d01",""
"https://www.searchsarkarinaukri.com/jobs/job-2026--1073","job-listing","319","b7522d5ef11c132eca700ee7a6399cba9a641f3e858e71eb73baf241a9b193dd",""
"https://www.searchsarkarinaukri.com/jobs/job--997","job-listing","349","fbae6b038b65d59ee48e1ab4a1f3c9eeabf2af4af0c604d080462443da8a6f74",""
"https://www.searchsarkarinaukri.com/jobs/job-2026--1079","job-listing","300","926b797b6126771445da3c31fe19f492498eac61575929242f2062a4dc065711",""
"https://www.searchsarkarinaukri.com/jobs/job-2026--1084","job-listing","328","47ec7ec5998c399180c0e68f7b549b34eccd85dd5fc938589e30a75cae1cf9ce",""
"https://www.searchsarkarinaukri.com/jobs/job-2026--1091","job-listing","313","613fd1cc6963c0b1690bb196e4066f3f6ca35ea06cf068ac0d8f7d07600b35b3",""
"https://www.searchsarkarinaukri.com/jobs/job-2026--1092","job-listing","362","becaa6ad94f83334a509e6e717b67e42017279ba04eb36b5694d1d181df13c6f",""
"https://www.searchsarkarinaukri.com/jobs/job-2026--1093","job-listing","333","82f38eada8bc7b691ebb385800f34ce08d2d6ca4e96c93790f4688ae8d7bc51d",""
"https://www.searchsarkarinaukri.com/jobs/job-2026--1095","job-listing","313","2abc80415331ab1f0003f9219435dbc842d2a78ab688e6971eb79bf3b74c42ea",""
"https://www.searchsarkarinaukri.com/jobs/job-2026--1102","job-listing","323","4995e06d3ceebfcd6700a753e20676ba951b8f27a56197084db731a16b4c57bf",""
"https://www.searchsarkarinaukri.com/jobs/job-2026--1098","job-listing","353","c974506a8de884212b0b534a3dbc77ecd63542582be5158b6fb5db1b677205e5",""
"https://www.searchsarkarinaukri.com/jobs/job-2026--1103","job-listing","365","3ded8ca7e4b7c83cd47470d3357f5b1036384fa412722ca2e66bb65c0052c826",""
"https://www.searchsarkarinaukri.com/jobs/job-2026--1105","job-listing","260","11a429b914825ac760be644d5ed3047202e48cca9d68e32d92a1e28a92ab1832",""
"https://www.searchsarkarinaukri.com/jobs/job-2026--1106","job-listing","254","378d81aef90fe1821be36eca3272ffb2a3ee6c8eb96e72aaad5220494fabe33f",""
"https://www.searchsarkarinaukri.com/jobs/job-2026--1107","job-listing","282","d5d4457615acb6221025b78c7a0b824d08284f4c5e66fa2b2cf7fbcd560e09b4",""
"https://www.searchsarkarinaukri.com/jobs/job-2026--1111","job-listing","265","a9ee3fc7d744e92aad1ff41dc1700cf7131efeea5888f3ad5d28d95828fa2d02",""
"https://www.searchsarkarinaukri.com/jobs/job-2026--1109","job-listing","240","cb9014e4abe23e19728a5c1bcf9a1e2136b6386041c19cf2278da17b69cdbd43",""
"https://www.searchsarkarinaukri.com/jobs/job-2026--1115","job-listing","279","99a4a090e47cbbaed802310ed5659d49294ff94247d03a5d7c29cdeb1c216836",""
"https://www.searchsarkarinaukri.com/jobs/job-2026--1114","job-listing","277","c94466eae1f310f71fc2ea320b0b41a6ef2e1795a57606325d675d2c595384f6",""
"https://www.searchsarkarinaukri.com/jobs/job-2026--1118","job-listing","261","661ff94242a2b1cc19e31407eeb066cce9597e3bbbad70545aeca24b4a5d5caa",""
"https://www.searchsarkarinaukri.com/jobs/job-2026--1120","job-listing","255","967eba631d2d567351a68f13e5c0848927b9810f846bdde4f7b221662a6125b1",""
"https://www.searchsarkarinaukri.com/jobs/job-2026--1123","job-listing","247","803153a95c469953ade6de6dbfc868955affae8fee7fc534737bba3c8d49137c",""
"https://www.searchsarkarinaukri.com/jobs/job-2026--1128","job-listing","279","9fa280248213daed9daeb2f07c9c3b2eaad4f1268aeb0fcd53eed2435672d16f",""
"https://www.searchsarkarinaukri.com/jobs/job-2026--1391","job-listing","277","c94466eae1f310f71fc2ea320b0b41a6ef2e1795a57606325d675d2c595384f6",""
"https://www.searchsarkarinaukri.com/jobs/job-2026--1446","job-listing","274","718aaf95aff997d1782cfc55198c9de943791f5133629b93db1d84924897f3a7",""
"https://www.searchsarkarinaukri.com/jobs/job-2026--1449","job-listing","268","09fcee082606f51bed0610a79bf9db412bc9d10a4c92a10eaa1ca269dd8f49e6",""
"https://www.searchsarkarinaukri.com/jobs/job-2026--1447","job-listing","267","6a3aa4860931eb5d7308f5d373d86c795aebf4588305576bd78f77f2c3102585",""
"https://www.searchsarkarinaukri.com/jobs/job-2026--1450","job-listing","252","f0ad01a538d9b7fce575836bd594682b76fa1ab9473dfb63a318da0320706d73",""
"https://www.searchsarkarinaukri.com/jobs/job-2026--1480","job-listing","291","26819dbec100e60e21a8e6a9f169025dff0fdcce65f3ddbb94b18c8b72bad8ff",""
"https://www.searchsarkarinaukri.com/jobs/job-2026--1481","job-listing","298","508af5202a819290192593bd48899322cbb065c186e6f223d57fe258e6233e6d",""
"https://www.searchsarkarinaukri.com/jobs/job-2026--1501","job-listing","273","ce7aaa3793eb216eb9b6a3488308b671ad892d5e9988585d0beab70f4c4768f5",""
"https://www.searchsarkarinaukri.com/jobs/job-2026--1502","job-listing","260","a505b87b4e6de9737f31f253c6a47609f961f965cb36cd760fb0cd6b684bc5f9",""
"https://www.searchsarkarinaukri.com/jobs/job-2026--1504","job-listing","277","21a03a47675179d944a2081187974eba5b70533a8be0bb84f35e0b3d5bf3882d",""
"https://www.searchsarkarinaukri.com/jobs/job-2026--1505","job-listing","276","0f3a5a5609bf34eedfabb858d5922ec08f863a583313bffd2784f7f00cd95275",""
"https://www.searchsarkarinaukri.com/jobs/job-2026--1507","job-listing","271","4c4bafe02e93c31803d263cdbe90d8f19b575ed26535e91139c15a2eaea30344",""
"https://www.searchsarkarinaukri.com/jobs/job-2026--1509","job-listing","253","ecfcc0e7863c1c9dfbace9f8d0480d4613bf3eab8120c430ee7a256ce8eec54f",""
"https://www.searchsarkarinaukri.com/jobs/job-2026--1510","job-listing","292","eeba4da799a1e70dd7bf63ddd5cb30c34e20e0ff51da424f9766fadc9e2f3b62",""
"https://www.searchsarkarinaukri.com/jobs/job-2026--1512","job-listing","268","f3250d9106ae60be092c18b185af7a243156e1a9deae97d3c8ba0d58492fe278",""
"https://www.searchsarkarinaukri.com/jobs/job-2026--1513","job-listing","307","e5010572b91a32f8e377d4a818ce4d952a66f910a350e4d2b85836626a16222c",""
"https://www.searchsarkarinaukri.com/jobs/job-2026--1516","job-listing","260","8a712ec264e8e2463a03280586be96f199d9fb0bb3d91436a937d43ac709157a",""
"https://www.searchsarkarinaukri.com/jobs/job-2026--1518","job-listing","247","38913418c85003b1f3143cd0a0218d86f83b906e46965ebaf6f0944459e5742c",""
"https://www.searchsarkarinaukri.com/jobs/job-2026--1524","job-listing","250","ec2fd2bb97a1885bf0a4cb03411ef288022811ba079daa5963bf0885110b5b9b",""
"https://www.searchsarkarinaukri.com/jobs/job-2026--1525","job-listing","294","2efc55f90bebe4fb6d92cc82508ad014acef1669a39c7f4f0f403da3ae788c4c",""
"https://www.searchsarkarinaukri.com/jobs/job-2026--1526","job-listing","272","9c6f6d36a8495bd6a6693580937b5d0715452dbfa2616ca74143eb9d8b85b77f",""
"https://www.searchsarkarinaukri.com/jobs/job-2026--1536","job-listing","256","241b139d849a7ad6a2c506b34a9b58afbd538c84c912f1788546c445ffca172f",""
"https://www.searchsarkarinaukri.com/jobs/job-2026--1537","job-listing","284","d50b48f8798d7246d5ef1b0143a5ba9ebac5fa8f1f7ff951bc815436deeac615",""
"https://www.searchsarkarinaukri.com/jobs/job-2026--1538","job-listing","280","aab35284378adc23cadde61bdbfec9fa9c4549159be92da73357e494880681c6",""
"https://www.searchsarkarinaukri.com/jobs/job-2026--1539","job-listing","283","4b50cb5d0b80de96bd8d545662bb0d1f8aab053929b572b38f5c954d3135f855",""
"https://www.searchsarkarinaukri.com/jobs/job-2026--1550","job-listing","261","fda00d1db58b5757d2834fca575223d80d6e8d94521e6b96e1988cf91b0baf9b",""
"https://www.searchsarkarinaukri.com/jobs/job-2026--1552","job-listing","287","7babe885bb1b56802902f2f132acc52e8968ef0d523e2981455ccf051a48585e",""
"https://www.searchsarkarinaukri.com/jobs/job-2026--1564","job-listing","278","700970c2ccd422552d4baf092233fd40be202867dcaed5a3ca21ed08f22cf98b",""
"https://www.searchsarkarinaukri.com/jobs/job-2026--1565","job-listing","280","75be55e2cdb8a0f2bc6d9e542496a6f60c42920f755979aa8e38c56f42b403f1",""
"https://www.searchsarkarinaukri.com/jobs/job-2026--1567","job-listing","255","61bbf4ae80ed34ff1b5b3dbe6f364a3e1d46f2cddb66385968af715755432d01",""
"https://www.searchsarkarinaukri.com/jobs/job-2026--1569","job-listing","250","35f890fed9c464e4ea4e1c0da832f4a7feac91cbedcb0c0aa4e60cc4d79df465",""
"https://www.searchsarkarinaukri.com/jobs/job-2026--1568","job-listing","276","d98121afa03b24adcf6396697a0f95f0efb2cf00a3f1818a29205aacbb0ab4f6",""
"https://www.searchsarkarinaukri.com/jobs/job-2026--1570","job-listing","304","930e0a50175e2ca893db7d9ffdf844420e13e47167e7b5d3e24cd1a27d9b7e19",""
"https://www.searchsarkarinaukri.com/jobs/job-2026--1578","job-listing","243","729726839d5ae00db18971c6edfbc39c4314b44496be58f17fbd1c22797db851",""
"https://www.searchsarkarinaukri.com/jobs/job-2026--1580","job-listing","278","a2184ea7241cf7c6e740ac7ab0d45d730de99a90edf2728520f287b62e75d7f1",""
"https://www.searchsarkarinaukri.com/jobs/job-2026--1592","job-listing","254","5c4268965df74010683df5909a3888540db39be69c39d3d025619eebfaa94803",""
"https://www.searchsarkarinaukri.com/jobs/job-2026--1593","job-listing","279","aa80ee96a9a380f5723cfcbc59a19d83664e6b3f748f276c5a252a5c43c05db7",""
"https://www.searchsarkarinaukri.com/jobs/job-2026--1617","job-listing","272","7af58bdbee984943a159d48bfd3a6b7a2d03505fced93c64bb1e8405ddd79b16",""
"https://www.searchsarkarinaukri.com/jobs/job-2026--1632","job-listing","271","1d44084358e0dca847721500533e3d7e485e18f60df3af798ea68006de59c9e5",""
"https://www.searchsarkarinaukri.com/jobs/job-2026--1631","job-listing","278","f3c17075745abbece8316eb8a2beca465be39ea99c5e0e628d670f888a6b2b50",""
"https://www.searchsarkarinaukri.com/jobs/job-2026--1634","job-listing","278","f45bb30ccc8c11c86f48ae81085772655a1ebee49f070cad6a123b3cec919dc3",""
"https://www.searchsarkarinaukri.com/jobs/job-2026--1635","job-listing","269","014b2264f401862e7ecc0a5616deaf97e00e5ec1e1a44ffe2c050c1c7e680c54",""
"https://www.searchsarkarinaukri.com/jobs/job-2026--1645","job-listing","293","bf3942dd8410edc0ecd00b2cda8d934a08ac2507e721d2fc449709c3d2b1ad0d",""
"https://www.searchsarkarinaukri.com/jobs/job-2026--1647","job-listing","272","1aa56f570b910aa91c23b5815ea3f10b447c2933e505b09456ae716d59b3b22d",""
"https://www.searchsarkarinaukri.com/jobs/job-2026--1705","job-listing","291","1eb5a8d39b79d730557f7e3a3a6321b626c4e01888c216b33e54e53ce2595721",""
"https://www.searchsarkarinaukri.com/jobs/job-2026--1815","job-listing","255","268c495b3add713b05fe9a9621e9a93b02a1b52513021890b376bad55e5bfeb0",""
"https://www.searchsarkarinaukri.com/jobs/job-2026--1816","job-listing","280","aaf2a4b541144bc9be54ba2a995e2d9beb7dae245ad9395a54209e9d8ebe4e2a",""
"https://www.searchsarkarinaukri.com/jobs/job-2026--1817","job-listing","280","6818e52dbfc2177a297855e294ccd901b0dacbb1f2b807b9a36ba47287535d42",""
"https://www.searchsarkarinaukri.com/jobs/job-2026--1858","job-listing","273","9d3b85c4ac4592a59593aadfeb0314ade55bc0b310dd93c93d3eb1cc52bbd59f",""
"https://www.searchsarkarinaukri.com/jobs/job-2026--1859","job-listing","265","eef64a0968736a67e8f743ba397a9bc7508d507a76a84a6b5598f00664739205",""
"https://www.searchsarkarinaukri.com/jobs/job-2026--1860","job-listing","338","4b786b5845ef631eb34a279c410b5b9238c2eb7fc88ce3bc029fd550d1d756e9",""
"https://www.searchsarkarinaukri.com/jobs/job-2026--1905","job-listing","290","8ed566db304d6240d06e9186d7b9a259ce6c33ad30db8f056f32149bf0768c02",""
"https://www.searchsarkarinaukri.com/jobs/job-2026--1931","job-listing","258","32f97dcc67cf90e8237ec89bb72a876c511b8b277c3fa1cc9c4e306a079ce828",""
"https://www.searchsarkarinaukri.com/jobs/job-2026--1932","job-listing","260","9b9877d20adc511d7565986db36982f5c1d62f8e3f0b39dc2d45e028b6407e93",""
"https://www.searchsarkarinaukri.com/jobs/job-2026--2000","job-listing","238","6c078b603792314d4e836465c125a9b022231f98ec58f926a16610cec3af2e26",""
"https://www.searchsarkarinaukri.com/jobs/job-2026--2001","job-listing","282","bbf539704359981d1fa1903969702a15431ac5d42327712f0d306f4c5740b990",""
"https://www.searchsarkarinaukri.com/jobs/job-2026--2159","job-listing","280","505af6221bf96ac4d8ec266c5585ff2281de6e9fe713fc55d299d9f65c5f726e",""
"https://www.searchsarkarinaukri.com/jobs/job-2026--2193","job-listing","287","316c6ca1bcab50e2bfc33092be10440fc31a5b0cb2507f733f118cc4989ca6fd",""
"https://www.searchsarkarinaukri.com/jobs/job-2026--2319","job-listing","240","f7dad8dffb29970b39b018cf0a7b17eedd726e5c4637de9ee50b352c2e127c48",""
"https://www.searchsarkarinaukri.com/jobs/job-2026--2321","job-listing","302","ade072b2a5c46865039fff3a31162943aa929e338f579aef0b744d6842c4a600",""
"https://www.searchsarkarinaukri.com/jobs/job-2026--2366","job-listing","243","ceb6a963b0853c24555812315e8ae7b84602e616798b05071338b544fa0f62fc",""
"https://www.searchsarkarinaukri.com/jobs/job-2026--2367","job-listing","256","ff8958e2a53f48ecafe31b5fb7a86545b9fab90daad7153e27903572097ba6a0",""
"https://www.searchsarkarinaukri.com/jobs/job-2026--2368","job-listing","245","5be1b580366eaa60b3168bff2b0ff6d19f03550d54ad09a7e380c24033e64981",""
"https://www.searchsarkarinaukri.com/jobs/job-2026--2479","job-listing","274","9c602dd64562c6c51cd2f33646c4dd81d4c074fd652414ea4805eeb0e89f0600",""
"https://www.searchsarkarinaukri.com/jobs/job-2026--2518","job-listing","247","5382039e4e180680bdbb8ddff2ca23e3bd01365e7f10fef1ecb8a2e1e204b4df",""
"https://www.searchsarkarinaukri.com/jobs/job-2026--2560","job-listing","294","11b01296742d22f34099272abfb4c6204a6265ddda630788f4192e14f0c998ac",""
"https://www.searchsarkarinaukri.com/jobs/job-2026--2562","job-listing","282","320c00620bda2517222ccc68de1d331f86202bb27a1e85690cf0c81b4629c02a",""
"https://www.searchsarkarinaukri.com/jobs/job-2026--2564","job-listing","270","6817793075873d4ded51f30ddfed3f89cecae1793309f8c704d504ca986fc123",""
"https://www.searchsarkarinaukri.com/jobs/job-2026--2607","job-listing","240","9934d4200198c056b1bb4926beea914f19a6f56a76973041850e4da5dd612ba0",""
"https://www.searchsarkarinaukri.com/jobs/job-2026--2721","job-listing","259","3b99d6a06d8bb4165e50832f1708edd4acc2684fcfe17105663382518a1e4077",""
"https://www.searchsarkarinaukri.com/jobs/job-2026--2722","job-listing","286","7aba289e5f7d37002009caf16e3ae1639c177cc180f5db70310620313b3b6187",""
"https://www.searchsarkarinaukri.com/jobs/job-2026--2849","job-listing","271","f08d69c0ff7cfa5a33708e0ce7503794ea7785305ce9557874b39bf7eaaf8fa0",""
"https://www.searchsarkarinaukri.com/jobs/job-2026--2850","job-listing","236","53519879dc861b83e7209ce592236cf1b98d2092425ff874ab5162e68898cdc5",""
"https://www.searchsarkarinaukri.com/jobs/job-2026--2940","job-listing","265","1042577a7169684ea16b2e8cbbcda4693bb80d32381f50b899b477c9f1fdebed",""
"https://www.searchsarkarinaukri.com/jobs/job-2026--3262","job-listing","250","e6101daf8314b1d627dc81a138ade3f8db234bfe75af8579538508a0f17396a2",""
"https://www.searchsarkarinaukri.com/jobs/job-2026--3263","job-listing","262","0649db48c3a59bc8848344087a2ff98c0eb97691bc57aabd66a10e288354afce",""
"https://www.searchsarkarinaukri.com/jobs/job-2026--3363","job-listing","249","deb6bd5f66187e38953b5d04329c00b739ea97b3005fcbdaad0b42b81a1563c1",""
"https://www.searchsarkarinaukri.com/jobs/job-2026--3364","job-listing","285","75b22697422222fcb0a797eb447dced5100d6b804a0b24c9491cda3c9914a974",""
"https://www.searchsarkarinaukri.com/jobs/job-2026--3423","job-listing","269","a4b6aae7e3c49415b95f40ec0b990f089c5e369fb151f84885810491cbcd6de1",""
"https://www.searchsarkarinaukri.com/jobs/job-2026--3597","job-listing","258","0a402c6d4b4fb8c98a60630d5964521f78484948b761ea374ea1f131fc5db782",""
"https://www.searchsarkarinaukri.com/jobs/job-2026--3665","job-listing","216","891486271b1176400999d00b593bcf932d6884410f66cb0d0c4a10f5aff5c165",""
"https://www.searchsarkarinaukri.com/jobs/job-2026--3727","job-listing","270","68b388705191dd2dd21b655d67c90af9a61465aec5a5d02a064a9d855bcd1d87",""
"https://www.searchsarkarinaukri.com/jobs/job-2026--3726","job-listing","282","faa288e35dfc28146a6475b16933fadab9d684842477906a8ad05179317ec572",""
"https://www.searchsarkarinaukri.com/jobs/job-2026--3790","job-listing","270","83f7ef73f76c6d470089680d6085653e0bc136a8a1be5c2746e545dcd68203b7",""
"https://www.searchsarkarinaukri.com/jobs/job-2026--3791","job-listing","287","421a707877f96c832c90ad6b0fbc539b454fd75dcce9c68e8e9605314b4cd9ad",""
"https://www.searchsarkarinaukri.com/jobs/job-2026--3792","job-listing","272","2fc02862882eb267c22faf1428d3f7fdbd368b2ca28ff689e2efbe827f94ee40",""
"https://www.searchsarkarinaukri.com/jobs/job-2026--3794","job-listing","273","0919b52c2b878dcef3a13476977c8597c163ce6a81556dc40b9f0594774f0bb4",""
"https://www.searchsarkarinaukri.com/jobs/job-2026--3915","job-listing","238","51ac0b5ef12d2856b9891a3e799c8088e52bd8889aa8e698973e7b6607444741",""
"https://www.searchsarkarinaukri.com/jobs/job-2026--3969","job-listing","253","5f9cfd46b0326acfbf09efb646a79caa4e533326849558956c22ad5b28270932",""
"https://www.searchsarkarinaukri.com/jobs/job-2026--4386","job-listing","295","c1de465d3c9e37a523c4886ecd91e15c68a3cc5cdfd7b68d6af9c7c7b4a0a045",""
"https://www.searchsarkarinaukri.com/jobs/job-2026--4021","job-listing","189","b477f726a2ca6e60f89a4aa7d4ebd4c5bffa374f6726d39ecb1b846ba5f03206",""
"https://www.searchsarkarinaukri.com/jobs/job-2026--4387","job-listing","239","454e1d2826417607f23aa11c4766090cac5b276b2a5692e91179bf3559457a7a",""
"https://www.searchsarkarinaukri.com/jobs/job-2026--4435","job-listing","234","f51ad1e0ca2d693131f462b02c1f0f9bf1e41a3630e544841f81eab986b4e4be",""
"https://www.searchsarkarinaukri.com/jobs/job-2026--4539","job-listing","249","be32a3ac8ed2480bee08d4cdc3b3e4f9e8eb88ea9ccd45acd3749bccff8ba31a",""
"https://www.searchsarkarinaukri.com/jobs/job-2026--4617","job-listing","261","99c18133cbaccfa93f18bd1031e436c29ccbec1d71f0f4d89624a56233cbc542",""
"https://www.searchsarkarinaukri.com/jobs/job-2026--4791","job-listing","217","b648d09302e6deaa17577c9c262a6858e6e4c8e2eb3fd4669ecd5700b16cb80a",""
"https://www.searchsarkarinaukri.com/jobs/job-2026--4792","job-listing","219","685cfbeb06f2e7388e0ca29b26df2f12a18e1b130f9bd591bd069045b3344e8d",""
"https://www.searchsarkarinaukri.com/jobs/job-2026--4793","job-listing","255","eba17614886825f4d04931c7181ce2d73db29eaa31c1600c2b6574e96e83721a",""
"https://www.searchsarkarinaukri.com/jobs/job-2026--4890","job-listing","247","dff728176884487cd394d7d529668792ae2266c14e374e30b33186e407e02338",""
"https://www.searchsarkarinaukri.com/jobs/job-2026--4892","job-listing","246","5bbf2ca13d6cbf5aa78566f362b8b7cd13fae0dddb014741a5d9e14b27ea61fa",""
"https://www.searchsarkarinaukri.com/jobs/job-2026--4894","job-listing","243","109aa5b94d97fcfd4d51ff25f568231315c5c80ec8cb769bec76b8eefb5603d9",""
"https://www.searchsarkarinaukri.com/jobs/job-2026--5015","job-listing","272","08426a617d0f8b6db7b7857640a8c92b1c772afeec394934a6bef5967c5b571f",""
"https://www.searchsarkarinaukri.com/jobs/job-2026--4896","job-listing","306","86efe3f8dc762c8040724922bc1aa4fe784e2ec1ce9e47ee1117ace3560ec722",""
"https://www.searchsarkarinaukri.com/jobs/jspm-latur-jspm-latur-2026--1753","job-listing","242","76b22abbaf02a89c420cec8cc05ae7312a50292ab33a0dd6a502540a595b7e49",""
"https://www.searchsarkarinaukri.com/jobs/jspm-latur-jspm-latur-2026--2703","job-listing","242","66f98d2ed9be6bbbbf95cdfc52be6bd1eaf381947897bd3c0956e0759316a956",""
"https://www.searchsarkarinaukri.com/jobs/junior-scientific-officer-toxicology-recruitment-2026--3052","job-listing","294","f56f5e907f2fe0dfe90d4b0f580be1fdebe6da96c727ef3140ae16592e74e43b",""
"https://www.searchsarkarinaukri.com/jobs/jssc-jilcce-recruitment-2026--3018","job-listing","292","3eaa46e9c4d8d4c82e393c7cdb75ecf8e877d117059f1714f165d5f8a6073da6",""
"https://www.searchsarkarinaukri.com/jobs/jusb-bank-jusb-bank-2026--2246","job-listing","222","210540c56d609906b577428ca12cddebdfa3f20aaac5df28909d05245fb701bc",""
"https://www.searchsarkarinaukri.com/jobs/k-j-somaiya-college-ahilyanagar-k-j-somaiya-college-ahilyanagar-2026--1798","job-listing","237","00183e1a4e3d6c61621c6b54f32245ece35f1b7154767572fa72cc8ca0eb5a14",""
"https://www.searchsarkarinaukri.com/jobs/kadamba-transport-corporation-ltd-goa-kadamba-transport-corporation-ltd-goa-2026--2261","job-listing","232","0ec85ab03d85e6e16ba0a8eff709f03b0cea5eb570be473fe680280b3f63dc58",""
"https://www.searchsarkarinaukri.com/jobs/kadamba-transport-corporation-ltd-goa-kadamba-transport-corporation-ltd-goa-2026--2804","job-listing","232","04b28768d22c52269f96038b67f1198808ee92974902f038905a7c7a259fb7a6",""
"https://www.searchsarkarinaukri.com/jobs/kadapa-dccb-staff-assistant-recruitment-2026-apply-online-for-40-posts--4190","job-listing","231","d4dcaaeeb2e6228507c22f7ad5e713f7bf7181a107feb0ac4d70b753d173eb7d",""
"https://www.searchsarkarinaukri.com/jobs/kalbhairav-sahakari-patsanstha-kalbhairav-sahakari-patsanstha-2026--4483","job-listing","231","99f8314e382026e239a70c88423726406f71dc8a74f7bcbc9dede7939af0c133",""
"https://www.searchsarkarinaukri.com/jobs/kamgar-vibhag-kamgar-vibhag-2026--1824","job-listing","227","2a9e54f793dc3c49f227e52d8cd21c404f244c40b98dde921498ecff9abc9158",""
"https://www.searchsarkarinaukri.com/jobs/kamla-nehru-mahavidyalaya-nagpur-kamla-nehru-mahavidyalaya-nagpur-2026--1943","job-listing","239","a655afed65db5f62c04cf1238f7bad25b6c5e66508c907e88c5c4c7a501d5446",""
"https://www.searchsarkarinaukri.com/jobs/kdmc-transport-department-kdmc-transport-department-2026--2355","job-listing","230","e1e5627f87416d2746c21615b3bef7bb8a5152cc423cfe343fdfbe75332d8288",""
"https://www.searchsarkarinaukri.com/jobs/karmaveer-ms-kannamwar-government-medical-college-chandrapur-karmaveer-ms-kannamwar-government-medic--3346","job-listing","213","c2037d5d23f3ea6165237642db1b86c74f3c654e83a2fddae4cfd97d4651c944",""
"https://www.searchsarkarinaukri.com/jobs/kea-irb-special-reserve-police-constable-recruitment-2026-apply-online-for-161-posts--3318","job-listing","170","57e029208f2063179ed80dc1d117ae66232cc1c13a1183e87b7c858363ff325f",""
"https://www.searchsarkarinaukri.com/jobs/kea-ksisf-police-constable-recruitment-2026-apply-online-for-364-posts--3317","job-listing","158","ab68532b1532537c054ecb35de182b9a711acaeac078a5109ff1a3653018c5bf",""
"https://www.searchsarkarinaukri.com/jobs/kea-special-reserve-police-constable-ksrp-state-cadre-recruitment-2026-apply-online-for-1455-posts--3315","job-listing","168","7d63b4fa108cce405c0d43f8bcb309df8b898cf212191c7c781a07d151f0f989",""
"https://www.searchsarkarinaukri.com/jobs/kea-village-administrative-officer-kalyana-karnataka-recruitment-2026--3112","job-listing","196","6e607c8d3d4b581d2d95377f9f69661cd52865c215e74ec6148295c2926dfd9f",""
"https://www.searchsarkarinaukri.com/jobs/kea-ksrp-kalyana-karnataka-police-constable-recruitment-2026-apply-online-for-334-posts--3316","job-listing","165","ddc5f22a1d8ba7382f29eba620b0a20ecf729c0dfd93bd9b8695bf49bd1eb199",""
"https://www.searchsarkarinaukri.com/jobs/kea-village-administrative-officer-rpc-recruitment-2026--3111","job-listing","198","a68842805f4a514fa919eb4152879cd2dc5ea629c7ee2e1fa7e877e581a5ceb6",""
"https://www.searchsarkarinaukri.com/jobs/kem-hospital-mumbai-kem-hospital-mumbai-2026--3246","job-listing","231","fb4d71465b933e0d4db40deb1f5c03f48189002a0b5e49917aa29800b1d4886a",""
"https://www.searchsarkarinaukri.com/jobs/kendriya-vidyalaya-bhandup-mumbai-kendriya-vidyalaya-bhandup-mumbai-2026--2042","job-listing","241","c50340f463c31e305f13561bb914ce53561ba07f815090ca53b25b3db96187f8",""
"https://www.searchsarkarinaukri.com/jobs/kendriya-vidyalaya-chhatrapati-sambhajinagar-kendriya-vidyalaya-chhatrapati-sambhajinagar-2026--3036","job-listing","232","12f435a7b9afc8868d62088a38528db9d0a60921cc6c03c56d64c43c98ccaa99",""
"https://www.searchsarkarinaukri.com/jobs/kendriya-vidyalaya-dhule-kendriya-vidyalaya-dhule-2026--3578","job-listing","242","d07fbe07ac083e8fdc163e40008e4b9e209d80191a9ad4bd020d1a39cf4b6a27",""
"https://www.searchsarkarinaukri.com/jobs/kendriya-vidyalaya-goa-kendriya-vidyalaya-goa-2026--2128","job-listing","229","f8a9066f9108e83e9030647ad317c046c4c0bdd229a416c8d360f2da0de39740",""
"https://www.searchsarkarinaukri.com/jobs/kendriya-vidyalaya-kamptee-kendriya-vidyalaya-kamptee-2026--2284","job-listing","234","488b8ce5ffd93202485d012b0a1018d58b79ab29f54bd2433533921cb1d205f0",""
"https://www.searchsarkarinaukri.com/jobs/kendriya-vidyalaya-goa-kendriya-vidyalaya-goa-2026--2316","job-listing","227","6bd2ca3d4a34798010c9a6e719e5ffdb6161d53557e40992b8d2074d9c2e16a4",""
"https://www.searchsarkarinaukri.com/jobs/kendriya-vidyalaya-kamptee-kendriya-vidyalaya-kamptee-2026--3474","job-listing","234","b380c3a42591c8ef3cf5b374b9b750375fa956bd1e31ec649064a9bd23262b00",""
"https://www.searchsarkarinaukri.com/jobs/kendriya-vidyalaya-latur-kendriya-vidyalaya-latur-2026--3029","job-listing","243","8956098c1666288365fe116a42dc1ec6df60dbf334203f30569d2bb21f69758d",""
"https://www.searchsarkarinaukri.com/jobs/kendriya-vidyalaya-of-varangaon-kendriya-vidyalaya-of-varangaon-2026--2152","job-listing","221","5f5951b3d1de537c3b002b5fa37a48f82ba1348891aaf3c4515bf31c569dd86b",""
"https://www.searchsarkarinaukri.com/jobs/kendriya-vidyalaya-nashik-road-camp-kendriya-vidyalaya-nashik-road-camp-2026--3582","job-listing","253","26de222804ba582863e7101d0500112054c0144c569f745dcf31bcceffb0e38e",""
"https://www.searchsarkarinaukri.com/jobs/kendriya-vidyalaya-of-varangaon-kendriya-vidyalaya-of-varangaon-2026--4947","job-listing","221","0e7716594e87b8baa86bb170b4bfb20caaeae85acd5ba24d083a9cdca816b335",""
"https://www.searchsarkarinaukri.com/jobs/kendriya-vidyalaya-ordnance-factory-varangaon-kendriya-vidyalaya-ordnance-factory-varangaon-invites--2220","job-listing","197","0978f2732df2be6930366087a4eaa76f9ab6a0e65e7fadfc057d35298f49dd0d",""
"https://www.searchsarkarinaukri.com/jobs/kendriya-vidyalaya-pune-kendriya-vidyalaya-pune-2026--2271","job-listing","263","aa8889016fd40ec606aae9bc67925f427dfb373260b4bead20e4efa482dfdccf",""
"https://www.searchsarkarinaukri.com/jobs/kendriya-vidyalaya-pune-kendriya-vidyalaya-pune-2026--1729","job-listing","263","d60118448a8de45f94f46a795c09a5af939a5b2ae3db68b9c6b9af6091339940",""
"https://www.searchsarkarinaukri.com/jobs/kendriya-vidyalaya-pune-kendriya-vidyalaya-pune-2026--2511","job-listing","263","8bf8cf25c49181a0a676ff565d1c61cf1f98fcca608463afe70de98999008108",""
"https://www.searchsarkarinaukri.com/jobs/kendriya-vidyalaya-pune-kendriya-vidyalaya-pune-2026--5002","job-listing","226","a7448cba24eb6a2a0e11a89d00a75240291819eae17236d5d4d78f1fb2ba74ca",""
"https://www.searchsarkarinaukri.com/jobs/kendriya-vidyalaya-wardha-mgahv-recruitment-notification-kendriya-vidyalaya-wardha-mgahv-2026--4935","job-listing","160","0b407a37be323b2f029a1b7cc6316c6e7fb63645ccd05c22a7a5d0dc745f8115",""
"https://www.searchsarkarinaukri.com/jobs/kendriya-vidyalaya-washim-kendriya-vidyalaya-washim-2026--2557","job-listing","236","39fa983bb2b2280bac1176d5efa017bc493f2c88d55ecd03b04f31490566beab",""
"https://www.searchsarkarinaukri.com/jobs/kendriya-vidyalaya-washim-kendriya-vidyalaya-washim-2026--3305","job-listing","236","2e4133a5222102fe9426197d569e7fffed51d2fb072b4796467c46b6b86eeff4",""
"https://www.searchsarkarinaukri.com/jobs/kendriya-vidyalaya-washim-kendriya-vidyalaya-washim-2026--4485","job-listing","236","847cbeccf84dc3f84a65d62c8c6f5f956e47684362f308db91eb5b6f6aa287ca",""
"https://www.searchsarkarinaukri.com/jobs/khed-shikshak-prasark-mandal-khed-shikshak-prasark-mandal-2026--2917","job-listing","236","0ea9a547d1069bec2b70727887cdf4e67eccd69f2473ca1b3fc9a239aa7bac9e",""
"https://www.searchsarkarinaukri.com/jobs/kk-wagh-education-society-nashik-kk-wagh-education-society-nashik-2026--2185","job-listing","243","84437227ddd48d47dd799d94ccbdab97f26a196331ed5aa444c8e8ebb027aab6",""
"https://www.searchsarkarinaukri.com/jobs/khadki-education-society-pune-khadki-education-society-pune-2026--4376","job-listing","248","947962906af45a943ce2186006c9cdf2497a7bc1fc1023cc26a47ffd09152b00",""
"https://www.searchsarkarinaukri.com/jobs/kk-wagh-education-society-nashik-kk-wagh-education-society-nashik-2026--2983","job-listing","243","6c9d9a158ee5316c5d11b0eec5cfe6491b4932540a39173d9c5542641bf1b551",""
"https://www.searchsarkarinaukri.com/jobs/kolhapur-anganwadi-kolhapur-anganwadi-2026--3960","job-listing","230","a3026c801f44a9322abdd357e261a818ef9d078d4fc52bc2b513973a39d745de",""
"https://www.searchsarkarinaukri.com/jobs/kolhapur-mahanagarpalika-kolhapur-mahanagarpalika-2026--1895","job-listing","235","916d746c0172ea50b2b9a78cf4fe3cd93b8481c0d299e8ae103451a3722725d5",""
"https://www.searchsarkarinaukri.com/jobs/kolhapur-mahanagarpalika-kolhapur-mahanagarpalika-2026--1941","job-listing","237","c765e89eed5f2a347cb9ec2fbe7d9725ae89016c8ff2df425e00bc5eb97556c3",""
"https://www.searchsarkarinaukri.com/jobs/kolhapur-mahanagarpalika-kolhapur-mahanagarpalika-2026--2189","job-listing","237","b1c757206e1d3884dc542f0c1a06f9647b46691bddf1f452af74e9f88f2409da",""
"https://www.searchsarkarinaukri.com/jobs/kolhapur-mahanagarpalika-kolhapur-mahanagarpalika-2026--2928","job-listing","237","6ceccf8baeb6d379d309ba5448ec348af5a08b2e2206a18723357de25fead015",""
"https://www.searchsarkarinaukri.com/jobs/kolhapur-municipal-corporation-kmc-kolhapur-municipal-corporation-kmc-recruitment-2026-2026--2207","job-listing","203","b78530f6da91a857538b4a80dd4898dd07071fd0d1479bab7e818149c32b6e4b",""
"https://www.searchsarkarinaukri.com/jobs/kolhapur-patbandhare-vibhag-kolhapur-irrigation-department-apply-for-7-junior-engineer-electrical-20--2582","job-listing","232","ad77ea577eed02546e1115e44309e397cd85ce3983f42bbbcd8c759f2865b198",""
"https://www.searchsarkarinaukri.com/jobs/kolhapur-patbandhare-vibhag-kolhapur-irrigation-department-apply-for-8-junior-engineer-civil-2026--3513","job-listing","244","3791c4a826d48f11874111c491b16646bd4ba0e00ee096ae074b928cae8f0f8d",""
"https://www.searchsarkarinaukri.com/jobs/kolhapur-patbandhare-vibhag-kolhapur-patbandhare-vibhag-2026--3407","job-listing","242","107571ab61fd5ca06cfa6b8cbee1d466e49cb998e1dc227a07ed4d976033623e",""
"https://www.searchsarkarinaukri.com/jobs/kolhapur-patbandhare-vibhag-kolhapur-patbandhare-vibhag-2026--2552","job-listing","242","9892934da3b48153663717aa18dc3acca897c571342613158ed063270bd7ec3b",""
"https://www.searchsarkarinaukri.com/jobs/konkan-railway-assistant-engineer-civil-recruitment-2026--4844","job-listing","258","2d0e1e320c8138cddd2afd155009db51d6f84e901f33ce7f0fd0f2b4d6a2c5dc",""
"https://www.searchsarkarinaukri.com/jobs/konkan-railway-assistant-mechanical-engineer-recruitment-2026--4846","job-listing","269","f5d656fcad85c5bbd25eb24188fa7f25546fde6bd2559efccc4a9e316503f25c",""
"https://www.searchsarkarinaukri.com/jobs/konkan-railway-assistant-signal-telecom-engineer-recruitment-2026--4845","job-listing","269","7c02b437805f8cfbdd45cf7b9d7b36ccdf887f994ee66e95bd670894acc577f9",""
"https://www.searchsarkarinaukri.com/jobs/konkan-railway-corporation-limited-recruitment-notification-konkan-railway-corporation-limited-2026--3345","job-listing","195","d5a99a2cae4bb77bf672d50ee5562f074a7471485c3799323a8006d4ba9fbad5",""
"https://www.searchsarkarinaukri.com/jobs/konkan-railway-estm-iii-recruitment-2026-apply-online-for-15-posts--4003","job-listing","228","c2c237cf142d85fd169c85d73e6975428eb3c086ea88b29a324e3a1e94ea93ce",""
"https://www.searchsarkarinaukri.com/jobs/konkan-railway-junior-engineer-civil-recruitment-2026-apply-online-for-25-posts--4000","job-listing","237","0db7f28445bec274dc976983e60c223df62c9927d5bb5e79fc3bff0f876d09e8",""
"https://www.searchsarkarinaukri.com/jobs/konkan-railway-senior-section-engineer-signal-telecommunication-recruitment-2026-apply-online-for-5-posts--4002","job-listing","228","ce6821eb9c1258ef12ae401d9cc3f03c13b2b9a046f7cd89ec08cca94f63abea",""
"https://www.searchsarkarinaukri.com/jobs/konkan-railway-track-maintainer-recruitment-2026-apply-online-for-57-posts--4001","job-listing","206","a286133fcb62ecb0dda25a60a239e49663bc4639564653ac12ef09dbe8725445",""
"https://www.searchsarkarinaukri.com/jobs/krcl-krcl-2026--1921","job-listing","284","74393c9cd16dcf13cfb7f80980f8eb2267738b4c97ea7382b31eb15a25a8c141",""
"https://www.searchsarkarinaukri.com/jobs/krcl-krcl-2026--2230","job-listing","284","a6646231a77d24e6b008124673e722d8e9ca17b70633d49c541e63f175da9262",""
"https://www.searchsarkarinaukri.com/jobs/krcl-krcl-2026--2383","job-listing","284","b9453744222d4f13dc66118929b81eaae7eab70cac2bd716514acdeb3cf2fa35",""
"https://www.searchsarkarinaukri.com/jobs/krcl-krcl-2026--3260","job-listing","284","d3b8a5623f5fa6ba720a66a22d20a8e7ca1d1f2e23a5f4da458c734db6a085f2",""
"https://www.searchsarkarinaukri.com/jobs/krcl-krcl-2026--4018","job-listing","250","1ec8e8ba0755f50c575ff281749e5842ce5e0d390c94fac5c76d244b541719f4",""
"https://www.searchsarkarinaukri.com/jobs/krcl-krcl-2026--4330","job-listing","250","852b4fbf16ade74e45242b048e44736e1e0fd9a7859db2b0e271461329375672",""
"https://www.searchsarkarinaukri.com/jobs/krcl-krcl-2026--4583","job-listing","250","c8dbbbcacb51f5e0b6067cb0fb6ee788a1a54b456180c1ea0e01fd416e8fdb75",""
"https://www.searchsarkarinaukri.com/jobs/krcl-krcl-2026--4663","job-listing","251","42b51f99fb4598eee52b71b8371a80504e5a61389b1f9ae16961783a6742d945",""
"https://www.searchsarkarinaukri.com/jobs/krishi-vigyan-kendra-wardha-krishi-vigyan-kendra-wardha-2026--2225","job-listing","239","d1d37ec1fdbe6ca75c5803d294815135cd3417ad8179331d568924cae8c0bdf5",""
"https://www.searchsarkarinaukri.com/jobs/krishi-vigyan-kendra-wardha-recruitment-notification-krishi-vigyan-kendra-wardha-2026--2327","job-listing","193","fdccbe9dcc3ec45778eef40c344effddbe16a9aa930fcfc0505098a322109928",""
"https://www.searchsarkarinaukri.com/jobs/krushi-utpanna-bazar-samiti-wardha-krushi-utpanna-bazar-samiti-wardha-2026--2648","job-listing","247","4c4601e169f632286c01b5b244b08377550b34107a90756f8661d37c37a67bbb",""
"https://www.searchsarkarinaukri.com/jobs/kvk-chha-sambhaji-nagar-kvk-chha-sambhaji-nagar-2026--2885","job-listing","224","4147c794fabea75e1eff0124df21c66ef275ad085f396a0b0dc12e7a2af09180",""
"https://www.searchsarkarinaukri.com/jobs/kvs-ahilyanagar-kvs-ahilyanagar-2026--2795","job-listing","211","1a2b473ad2441f9acc2d851d2418e8251f19551adfdc09bbd3335dff91f2dbfe",""
"https://www.searchsarkarinaukri.com/jobs/kvs-ahilyanagar-kvs-ahilyanagar-2026--3250","job-listing","215","cb8d6f3e17fe0bde5d38d69eb1e15a45ae333e8dbcffc9a51bb82496d794d310",""
"https://www.searchsarkarinaukri.com/jobs/kvs-ahilyanagar-kvs-ahilyanagar-2026--3352","job-listing","211","ef2583ddc3a117b5521e6fbdf51b3dd7027edf997bad2ab2ddbffafd34e982ff",""
"https://www.searchsarkarinaukri.com/jobs/kvs-solapur-kvs-solapur-2026--2311","job-listing","241","11a37937cd80c2ab46b50be5d8394a8337c81849a473520fa6233fd3264ec35f",""
"https://www.searchsarkarinaukri.com/jobs/kvs-wardha-kvs-wardha-2026--4828","job-listing","215","352899e90171292f9f54741a17579c2e34cffcf9a87aed4574b61a68b5de5d59",""
"https://www.searchsarkarinaukri.com/jobs/lal-bahadur-shastri-national-academy-of-administration-lbsnaa-do-personnel-training-recruitment-for--3272","job-listing","154","fa4b3ffe7dc07a4559b899369e9116a3ee1d76847ec33ee252b472f4419c81fb",""
"https://www.searchsarkarinaukri.com/jobs/lal-bahadur-shastri-national-academy-of-administration-lbsnaa-deputation-for-the-post-of-administrat--1659","job-listing","155","8e4d4ce575315ab9376df8cfc8359bb79bb88f61672de4c8b05633b63bf5ded4",""
"https://www.searchsarkarinaukri.com/jobs/latthe-education-society-sangli-latthe-education-society-sangli-2026--2228","job-listing","241","c123a334ded9ef8b46367c1d62a39701bbab9f12caa998814deffdb19a82d848",""
"https://www.searchsarkarinaukri.com/jobs/land-ports-authority-of-india-land-ports-authority-of-2026--2923","job-listing","234","e6ba39f8d85e81c66da0421afdd86735dabfe7b81ab4d8fdcb92abd8fc535861",""
"https://www.searchsarkarinaukri.com/jobs/latur-police-patil-latur-police-patil-2026--1799","job-listing","235","560faf0911bf599814043bc5b81cec4a8a575e139e9c65f5288d9d30752991af",""
"https://www.searchsarkarinaukri.com/jobs/latur-anganwadi-latur-anganwadi-2026--2844","job-listing","233","a3c3fb2a944c5b288af8c8333a661570943da6e6c30d2eddce5949ae70d707dc",""
"https://www.searchsarkarinaukri.com/jobs/lbsnaa-mussoorie-lbsnaa-mussoorie-announces-recruitment-for-teaching-2026--1457","job-listing","128","b05a77611a28c22736391317b398775f58804594dce0c9fa7fb6688e531e122d",""
"https://www.searchsarkarinaukri.com/jobs/laxmi-urban-co-op-bank-latur-laxmi-urban-co-op-bank-latur-2026--3782","job-listing","255","c26e5552c389eb72b28774cfc103448fa5c816e5cce6bd4ebddffecae9f2bcc7",""
"https://www.searchsarkarinaukri.com/jobs/legislative-department-legislative-department-2026--2514","job-listing","227","6bbee36e41d3d9160c014ec147ad808c8a8364217a356a398fa4d63846428c64",""
"https://www.searchsarkarinaukri.com/jobs/librarian-recruitment-2026--3059","job-listing","204","0fa1e2058e7b93f1b63a34dee8b69e815fe8059bda2b1ba76b63c5c3dc3266ec",""
"https://www.searchsarkarinaukri.com/jobs/lic-mumbai-lic-mumbai-2026--2435","job-listing","241","b517ad94f78402ec5e066e6fd86ffc5a8a83f86057a39d75ce710eb431e07795",""
"https://www.searchsarkarinaukri.com/jobs/life-insurance-corporation-of-india-life-insurance-corporation-of-india-invites-2026--2414","job-listing","206","a5443aeac2d313cd1c5d39bc3f7a333f76b4ed5419fc59821705bff5c35e0038",""
"https://www.searchsarkarinaukri.com/jobs/lit-nagpur-lit-nagpur-2026--2594","job-listing","239","e94b4934cfd8ef1ca33717475aa40212c86377d79b0c46558ab597da257a1cba",""
"https://www.searchsarkarinaukri.com/jobs/lit-nagpur-lit-nagpur-2026--3167","job-listing","240","04045192467881e5bc64f86274464e1cd547aad1a31a9bbfa37f4ef45ba5c824",""
"https://www.searchsarkarinaukri.com/jobs/lokmanya-tilak-municipal-medical-general-hospital-mumbai-lokmanya-tilak-municipal-medical-general-ho--3268","job-listing","195","3a929067312f35369f21a8bfccbc56d449dd75a4a7eafc8a868ae149cf5fc5dc",""
"https://www.searchsarkarinaukri.com/jobs/lokmanya-tilak-municipal-medical-general-hospital-mumbai-lokmanya-tilak-municipal-medical-general-ho--4653","job-listing","208","30b6ae64074fa60fcc23a176898f3fa46dc5b1b28a2c275da34878c27f1547e9",""
"https://www.searchsarkarinaukri.com/jobs/loknete-dattaji-patil-sahakari-bank-loknete-dattaji-patil-sahakari-bank-2026--4144","job-listing","238","a29ed50e84c61f7a4efae8c9a9c243945de1813d6dff43b1c9175ea9a743be5e",""
"https://www.searchsarkarinaukri.com/jobs/lpai-recruitment-2026-63-various-posts-on-deputation--2733","job-listing","261","40c6ddd8871ec9fb24aa8ccffff143300af748411e3102701f0a7c069a9bf784",""
"https://www.searchsarkarinaukri.com/jobs/lpsc-lpsc-2026--4660","job-listing","204","dbf2a28d867248ec04128115fb746585a9f03a84e02c7a1bf92ce7857254173f",""
"https://www.searchsarkarinaukri.com/jobs/machine-tool-prototype-factory-ambarnath-armoured-vehicles-nigam-limited-machine-tool-prototype-fact--4995","job-listing","215","476160d95ebdbd1c7933041eb2cdd59a2c6d62616b435a659d5dff75d3c292ee",""
"https://www.searchsarkarinaukri.com/jobs/machine-tool-prototype-factory-machine-tool-prototype-factory-2026--4953","job-listing","219","f026d22f503f99a33e9bb655a6285477ee23f5290702b5cc41aa478b365b2775",""
"https://www.searchsarkarinaukri.com/jobs/macs-agharkar-research-institute-ari-pune-recruitment-notification-macs-agharkar-research-institute--2122","job-listing","206","d60b487cde73b0375b6be5f1fe9c11f6866fbdd535c0f6d604029ce955262317",""
"https://www.searchsarkarinaukri.com/jobs/madc-mumbai-madc-mumbai-2026--2663","job-listing","240","f765b036c9983bd45a127830136ec1dd9b3cb10c80f152459cafcc664493a719",""
"https://www.searchsarkarinaukri.com/jobs/madc-mumbai-madc-mumbai-2026--4208","job-listing","240","9e2e059baf44e9c7aca1ad8f8b011c544e3ca9ddb90eb544bf27df5710a04f0e",""
"https://www.searchsarkarinaukri.com/jobs/madgaon-nagarpalika-madgaon-nagarpalika-2026--2628","job-listing","225","e87454efc6f2a34a01d02efe2d16d7627f59bc1257d5abfe066ac73b9682a776",""
"https://www.searchsarkarinaukri.com/jobs/maeer-mit-maeer-mit-2026--2470","job-listing","228","dcb70f9176370bcb61b74568d949b908eb9536041573ddcf43520a0e2745eeb6",""
"https://www.searchsarkarinaukri.com/jobs/mafsu-nagpur-mafsu-nagpur-2026--2790","job-listing","231","83c3c4bc33f73fa23db2d5bbe10f390d1d68182ad9f88bc59df2ef255ad49136",""
"https://www.searchsarkarinaukri.com/jobs/maha-bamboo-nagpur-maha-bamboo-nagpur-2026--2405","job-listing","244","1f9dc422e2e46826fe2739c82924aa6e265a8a032a2b4a8e94c94fc1dd768142",""
"https://www.searchsarkarinaukri.com/jobs/maha-cid-pune-maha-cid-pune-2026--4212","job-listing","222","412ef7c29b8f5f25f267a2a568d61247412ebb58b511fcbc95418687da9eff37",""
"https://www.searchsarkarinaukri.com/jobs/maha-directorate-of-archaeology-museums-maha-directorate-of-archaeology-museums-2026--3393","job-listing","213","00098de6b777244a26fe3609e90f9caa4bc453cfe6359cbd107f7c8ec165f427",""
"https://www.searchsarkarinaukri.com/jobs/maha-housing-maha-housing-2026--3116","job-listing","228","87c9754de047038d6ccbc6ef672f86d8c515c23dca10de2de53a757d0daf084b",""
"https://www.searchsarkarinaukri.com/jobs/maha-mdd-mumbai-maha-mdd-mumbai-2026--2888","job-listing","237","7ac851b6b56013d4bc28a91f8a8dd08b89a6f9fc28af9cef4fc7b520e4a06cf3",""
"https://www.searchsarkarinaukri.com/jobs/maha-metro-nagpur-maha-metro-nagpur-2026--2718","job-listing","228","389f0dc106aa84794b140a9fc805365e57286bda290e9db9d846b130097e2b9c",""
"https://www.searchsarkarinaukri.com/jobs/maha-mumbai-metro-operation-corporation-limited-apply-for-1-officer-on-special-2026--2009","job-listing","223","509e754c628077e864959ce1abba0be13a2696b083a4d9745958931b1c7a201a",""
"https://www.searchsarkarinaukri.com/jobs/maha-sacs-nanded-maha-sacs-nanded-2026--4781","job-listing","228","d9f5a795d410c914cf7312371fc10d434b6da8b9d0dc20326e60ba0a1020dd49",""
"https://www.searchsarkarinaukri.com/jobs/maha-tourism-maha-tourism-2026--1888","job-listing","223","eea1c3c9554e075d6baae51a93f5ab6bf4c817fdfeeccd8dea01495213088c6e",""
"https://www.searchsarkarinaukri.com/jobs/maha-tourism-maha-tourism-2026--2544","job-listing","225","7a8c8595e79288d0517452955a972ae5ff78c49d524fd79ac295bda7a82b740c",""
"https://www.searchsarkarinaukri.com/jobs/maha-waqf-maha-waqf-2026--1901","job-listing","219","d7bb496f0958bc954c0148a87ef7da7af5e74dc86ead55d7610d8d743922f88c",""
"https://www.searchsarkarinaukri.com/jobs/maha-waqf-maha-waqf-2026--1962","job-listing","212","8da03e5dd1d3c8d1c265983acaeaa791c92cdb03daadd0363ad9c9cdf3f4e18b",""
"https://www.searchsarkarinaukri.com/jobs/maha-waqf-maha-waqf-2026--2876","job-listing","212","7e78819f840aaea08f4769be8ade57d3a10abaa780e4d25ec315a5daea099257",""
"https://www.searchsarkarinaukri.com/jobs/mahaegs-mumbai-mahaegs-mumbai-2026--1846","job-listing","233","445c77b22399954b19e8d0654d5210e975d569e16d8e14f48b3a75293beefe69",""
"https://www.searchsarkarinaukri.com/jobs/mahagenco-mahagenco-2026--3130","job-listing","221","a1fbfc3a8fc1ddb5b7db76b0c386ad9b3d7bfc1eef785a807aeca7e6deaac7d1",""
"https://www.searchsarkarinaukri.com/jobs/mahagenco-mumbai-mahagenco-mumbai-2026--3784","job-listing","237","0a4fa8f034b89f409875aff72ba87cf09ac2b0bfd310c1f61e4a095f483945bc",""
"https://www.searchsarkarinaukri.com/jobs/mahagenco-mahagenco-2026--3779","job-listing","221","2b3b052b092f51c9183813bb9d6fd4a75939671d12762fb6807b233675aa93fe",""
"https://www.searchsarkarinaukri.com/jobs/mahanirmiti-bhusawal-mahanirmiti-bhusawal-2026--4777","job-listing","227","1e2d0f2a5c5c06d15308530b89378772965a32104f5e6819d2b6093890def481",""
"https://www.searchsarkarinaukri.com/jobs/mahapareshan-nagpur-mahapareshan-nagpur-2026--3314","job-listing","190","5357f56b9a728477e257d78f8933d61454f4674de2c9fd6b1ea045b89dde6fab",""
"https://www.searchsarkarinaukri.com/jobs/mahapareshan-navi-mumbai-mahapareshan-navi-mumbai-2026--5005","job-listing","218","fcbbc11d95007b17c99a3fb92e1d1179a8f8464979471786f1e2b83e5c5bbaec",""
"https://www.searchsarkarinaukri.com/jobs/mahapareshan-raigad-mahapareshan-raigad-2026--2275","job-listing","230","4e7eb654ed31676fed1e634053c498a18e99bec6e8575c59be3d72d39cc18fb4",""
"https://www.searchsarkarinaukri.com/jobs/mahapareshan-yavatmal-mahapareshan-yavatmal-2026--4147","job-listing","190","fc5f80eef11555d2e0fc548be19e981236fd3b42deda0f6f87d39a105d11ecaf",""
"https://www.searchsarkarinaukri.com/jobs/maharashtra-airport-development-company-limited-maharashtra-airport-development-company-limited-2026--2687","job-listing","217","4d7061b318935c9138126d7569796d8ff0dcc332b8df9553d175bf0cedc28e2f",""
"https://www.searchsarkarinaukri.com/jobs/maharashtra-airport-development-company-limited-maharashtra-airport-development-company-limited-2026--4128","job-listing","195","9e87930f43364eebb98965d951739994dcd65092cbd451d9a3d43e564ee920d3",""
"https://www.searchsarkarinaukri.com/jobs/maharashtra-animal-and-fisheries-science-university-job-openings-at-maharashtra-animal-and-2026--2774","job-listing","222","a0bf6939aa7d9ad852aeb850bf0d484351b2ca070482897aac07e03b89bcc389",""
"https://www.searchsarkarinaukri.com/jobs/maharashtra-bhasha-sanchalanalay-maharashtra-bhasha-sanchalanalay-2026--4318","job-listing","228","5e8884883ed8a01ab746a9b0420456e285b8f78120a19475ce790598e67c2a45",""
"https://www.searchsarkarinaukri.com/jobs/maharashtra-bamboo-vikas-mandal-nagpur-maharashtra-bamboo-vikas-mandal-nagpur-invites-2026--2429","job-listing","210","af2711914ca3d8b43bb9cf645c209ce5f54f3cb7742bc25b655dd6ec7e1b5739",""
"https://www.searchsarkarinaukri.com/jobs/maharashtra-education-society-pune-maharashtra-education-society-pune-2026--1733","job-listing","249","3029a9c7eff565d5eae41459effbd489fc938ecccfb90ecf2e0be8cbe25c6958",""
"https://www.searchsarkarinaukri.com/jobs/maharashtra-education-society-pune-maharashtra-education-society-pune-2026--2025","job-listing","250","7151d4dd4a8c1b2bea1ad412e880ee0a860ee5c7f1f04e532be2ccd0fdc3a254",""
"https://www.searchsarkarinaukri.com/jobs/maharashtra-education-society-pune-maharashtra-education-society-pune-2026--2399","job-listing","250","257417854f1705f878ba5372e8c9b1466b7256948a8af9d8a8794c55529afbc5",""
"https://www.searchsarkarinaukri.com/jobs/maharashtra-education-society-pune-maharashtra-education-society-pune-2026--2149","job-listing","250","1ecac14d5a030a07f8bf1a91df2e71deb79ee67b4c72eef131d905abfb2e716e",""
"https://www.searchsarkarinaukri.com/jobs/maharashtra-education-society-pune-maharashtra-education-society-pune-2026--2503","job-listing","250","834df53fdf3e8fe966da93f62550390c007970b740aee59bcaf57ddcff62238f",""
"https://www.searchsarkarinaukri.com/jobs/maharashtra-education-society-pune-maharashtra-education-society-pune-2026--2626","job-listing","250","bd6722790c238903c1462572b8ad1466fc2c40093137585a1d27c71a7d81f189",""
"https://www.searchsarkarinaukri.com/jobs/maharashtra-education-society-pune-maharashtra-education-society-pune-2026--4426","job-listing","250","d6352d7105dbab62e14542b99f40bc794d2b387697455d9819cf0c31df76c85b",""
"https://www.searchsarkarinaukri.com/jobs/maharashtra-employees-state-insurance-society-esis-mumbai-apply-for-22-part-time-specialist-2026--4771","job-listing","227","6a1a209d3940d53d18becefd5cd7867e20435e152c097617e0ba775edca89c1f",""
"https://www.searchsarkarinaukri.com/jobs/maharashtra-employees-state-insurance-society-hospital-nashik-apply-for-43-full-timepart-time-2026--2114","job-listing","238","351a10edc31bbd364033d4b4132792c4a8208dae70f55e671c22808b5aa25c2c",""
"https://www.searchsarkarinaukri.com/jobs/maharashtra-employees-state-insurance-society-hospital-thane-maharashtra-employees-state-insurance-s--2217","job-listing","194","5eea5e111a0517979565e828718e7202bc4e133a2ca17087e74f0effcad2db21",""
"https://www.searchsarkarinaukri.com/jobs/maharashtra-employees-state-insurance-society-msesis-hospital-apply-for-2-dental-surgeon-2026--1938","job-listing","202","25201691cf1dc8456d764a7dc679f4965c85201ef6bfbca572e4e3a9ac79b129",""
"https://www.searchsarkarinaukri.com/jobs/maharashtra-ex-servicemen-corporation-limited-maharashtra-ex-servicemen-corporation-limited-2026--2286","job-listing","234","36a63e320c06d0df7640b55edf03de43d0b8e616745c4cf60267760ca6713b92",""
"https://www.searchsarkarinaukri.com/jobs/maharashtra-ex-servicemen-corporation-limited-maharashtra-ex-servicemen-corporation-limited-2026--2754","job-listing","234","8945477f51d5cae12fccd58c3e004d60a30abe3e9c0d330941613103d9b476a3",""
"https://www.searchsarkarinaukri.com/jobs/maharashtra-ex-servicemen-corporation-limited-maharashtra-ex-servicemen-corporation-limited-2026--4425","job-listing","234","b148e5457975ed7a66726320f16974c4b73914ba88c875ff076a1a9d2e3c4880",""
"https://www.searchsarkarinaukri.com/jobs/maharashtra-ex-servicemen-corporation-limited-mesco-job-openings-at-maharashtra-ex-servicemen-corpor--2328","job-listing","195","b1980b81cec8fcec9e70b56399995321338b10e9d60ee3c29285ddfdf29be7d8",""
"https://www.searchsarkarinaukri.com/jobs/maharashtra-ex-servicemen-corporation-limited-mesco-job-openings-at-maharashtra-ex-servicemen-corpor--4471","job-listing","201","0dd7d3fb3ec258cdb943c4ff8ed825116b71d577e89035f53a7033e42b71563e",""
"https://www.searchsarkarinaukri.com/jobs/maharashtra-ex-servicemen-corporation-limited-mesco-pune-job-openings-at-maharashtra-ex-servicemen-c--2780","job-listing","192","84ef1c94dcca903ac4366a7e45b9f53d1c5077c5bb4c8617b882b42fec832e9e",""
"https://www.searchsarkarinaukri.com/jobs/maharashtra-fire-service-maharashtra-fire-service-2026--3028","job-listing","213","657b0368b9fa006f7600a47d2ce9a14ce4a5fd2fd2756aad8c2912f4a1e6f482",""
"https://www.searchsarkarinaukri.com/jobs/maharashtra-fisheries-development-corporation-mumbai-job-opening-at-maharashtra-fisheries-developmen--3264","job-listing","235","4ad2ef716ad926de95b444f2cb340d43848d6e558b4c8fa7a46fef978e74a70c",""
"https://www.searchsarkarinaukri.com/jobs/maharashtra-gramin-bank-maharashtra-gramin-bank-2026--2248","job-listing","223","2684eea121f7898571f48e94ecc5ff44e121650e648c8a54f075fd9f813ddcdf",""
"https://www.searchsarkarinaukri.com/jobs/maharashtra-human-rights-commission-maharashtra-human-rights-commission-2026--2654","job-listing","235","145e62818603ee40409f0091e7745b270c1ca215d5f85c8edcbf4107cfaff58d",""
"https://www.searchsarkarinaukri.com/jobs/maharashtra-institute-of-pharmacy-maharashtra-institute-of-pharmacy-2026--1763","job-listing","236","a259a9079ec0241e75ab853fdd75a9971b54eaa41fd82b85ed2495cd0046a3f9",""
"https://www.searchsarkarinaukri.com/jobs/maharashtra-institution-for-transformation-maha-mitra-recruitment-notification-maharashtra-instituti--3160","job-listing","217","e1935157520264525554a7dd3183a289488570e5ad85e6737cb1881ad1bcd190",""
"https://www.searchsarkarinaukri.com/jobs/maharashtra-mahavidyalaya-nilanga-maharashtra-mahavidyalaya-nilanga-2026--1742","job-listing","223","3afcc82f4d5076991c0b2477fe1dba2b8a382f98a69777cc8d52023b7b388318",""
"https://www.searchsarkarinaukri.com/jobs/maharashtra-institution-for-transformation-mitra-recruitment-notification-maharashtra-institution-fo--1772","job-listing","240","adc8151c5108a434f239a79736b8b1fe969dcb8de43eb97bb2d8dd9fa1083c5c",""
"https://www.searchsarkarinaukri.com/jobs/maharashtra-maritime-board-mmb-maharashtra-maritime-board-mmb-2026-recruitment-2026--2871","job-listing","227","a079e68abc66041100f61db3b8e15e9ebc5fd25e5d06f31dfd16479387e5308b",""
"https://www.searchsarkarinaukri.com/jobs/maharashtra-maritime-board-mumbai-maharashtra-maritime-board-mumbai-2026--2548","job-listing","241","9cd574fee2ad3ec1d882e7f5316013fdec5eb9d02b0698a7310150bfc72de6a7",""
"https://www.searchsarkarinaukri.com/jobs/maharashtra-maritime-board-mumbai-maharashtra-maritime-board-mumbai-2026--2839","job-listing","241","994334e3453daeeb7f6862865702c4c0df9c68c9538a9b40f742c71555abb7c2",""
"https://www.searchsarkarinaukri.com/jobs/maharashtra-post-graduate-institute-of-medical-education-and-research-nashik-maharashtra-post-gradua--2693","job-listing","208","d63b489d6910bcd21350c7479e7cc54297142a94c31b806890ea5cd91e1dcb8d",""
"https://www.searchsarkarinaukri.com/jobs/maharashtra-public-service-commission-apply-for-2619-industries-inspector-technical-2026--2417","job-listing","223","e7cd612261b1923dbc52d4a6dd57c654e187ce164239820f3b84378e8d6eb34e",""
"https://www.searchsarkarinaukri.com/jobs/maharashtra-public-service-commission-maharashtra-public-service-commission-2026-recruitment-2026--2112","job-listing","191","f994a606e93ffff3a3c1280af63c2e965e49f228b63b0f1d059404144a7dff08",""
"https://www.searchsarkarinaukri.com/jobs/maharashtra-public-service-commission-mpsc-maharashtra-public-service-commission-mpsc-invites-2026--4420","job-listing","208","d284c9006b96e3c3ae8ed83dba53fccc763f5705b28c12afd6bd8d553ad861e6",""
"https://www.searchsarkarinaukri.com/jobs/maharashtra-public-service-commission-maharashtra-public-service-commission-recruitment-2026-2026--2124","job-listing","213","51e353abef43efc600b427cb3dac77af8ebdb0837f72be5e6e1ce005807353cc",""
"https://www.searchsarkarinaukri.com/jobs/maharashtra-public-service-commission-mpsc-revenue-and-forest-department-apply-for-1539-talathi-vill--3601","job-listing","229","82b483ab6f9c9150f0d12d1b7ba989d54a93426f6fa11d824b0138c36d977949",""
"https://www.searchsarkarinaukri.com/jobs/maharashtra-public-works-department-maha-pwd-apply-for-civil-engineer-electrical-engineer-2026--2575","job-listing","202","21c4dd46e452445d6cc778dc1b00893530c85fb8b60a347e54f9a47598fddd28",""
"https://www.searchsarkarinaukri.com/jobs/maharashtra-real-estate-regulatory-authority-maharashtra-real-estate-regulatory-authority-2026-2026--2576","job-listing","186","83ad4569162042336c95215eed39df7aba7c52dfa781e5f285e5baf63d1972e3",""
"https://www.searchsarkarinaukri.com/jobs/maharashtra-real-estate-regulatory-authority-maharashtra-real-estate-regulatory-authority-2026--2595","job-listing","227","0255349cf0c82e1c5a77553cd7b614832465a34c03c986021ba10591bf9ec877",""
"https://www.searchsarkarinaukri.com/jobs/maharashtra-remote-sensing-application-center-maharashtra-remote-sensing-application-center-2026--2081","job-listing","237","5031ebd57a83d53a389001c6bc4410e2e840fc537ae6c5c86edb816d16236456",""
"https://www.searchsarkarinaukri.com/jobs/maharashtra-resident-commissioner-office-maharashtra-sadan-maharashtra-resident-commissioner-office--2329","job-listing","216","c5ae12725b710ac721c0b1cfa640370e4a73e46d21884d79882239fa23186145",""
"https://www.searchsarkarinaukri.com/jobs/maharashtra-sadan-maharashtra-sadan-2026--2280","job-listing","229","987e91d29491e049a1c9b1227cc5d55154d5975b8490852a425deff48a6087fc",""
"https://www.searchsarkarinaukri.com/jobs/maharashtra-social-justice-special-assistance-department-apply-for-4-section-officer-assistant-2026--3605","job-listing","210","9f311c5633279f8959fcb2c9c922e1789e2c34bae7d48bdf4e34d47d6b12e53e",""
"https://www.searchsarkarinaukri.com/jobs/maharashtra-social-justice-special-assistance-department-apply-for-6-chb-teacher-english-2026--3204","job-listing","242","444ff004b43b6ef0b285973fa6a6943554904017fafd9e78a06a487fc86f27c9",""
"https://www.searchsarkarinaukri.com/jobs/maharashtra-state-aids-control-society-job-opening-at-maharashtra-state-aids-2026--4770","job-listing","195","53bea6b698003c09104becfb43822046245060be167269b2ab73e5352279f7cb",""
"https://www.searchsarkarinaukri.com/jobs/maharashtra-state-electricity-board-holding-company-limited-recruitment-notification-maharashtra-sta--4572","job-listing","212","a3775fb96b279ab1ba8a06c35103779394116e15cb02a1531fac7a61fc54b70b",""
"https://www.searchsarkarinaukri.com/jobs/maharashtra-state-co-operative-election-authority-scea-pune-maharashtra-state-co-operative-election--3607","job-listing","215","09fd41daf39720e2044871e43307fe72d1ccd2c19f1ce6aa73254ed7123e8c6f",""
"https://www.searchsarkarinaukri.com/jobs/maharashtra-state-electricity-board-holding-company-ltd-recruitment-notification-maharashtra-state-e--1937","job-listing","247","de530580d61fe2f3f15dae6e303e9cca47c2af3b8c48d236d2b3099f7b3cd249",""
"https://www.searchsarkarinaukri.com/jobs/maharashtra-state-electricity-distribution-company-limited-mahadiscom-maharashtra-state-electricity--4060","job-listing","215","82a79e3fa0ba3d6d4a8530412f2d3bbe687edb39c98d5d17f0e84458550594a2",""
"https://www.searchsarkarinaukri.com/jobs/maharashtra-state-electricity-distribution-company-limited-msedcl-maharashtra-state-electricity-dist--2413","job-listing","216","3d4acd60215bd5213d2b11f59a674142e68fac00d1f89dd24591b7eef1ff5934",""
"https://www.searchsarkarinaukri.com/jobs/maharashtra-state-electricity-distribution-company-limited-msedcl-maharashtra-state-electricity-dist--2685","job-listing","219","1c24b14d5f948a2c4a56933c91c4320ca8e02014b369ca5ab85f0bfba2ad2468",""
"https://www.searchsarkarinaukri.com/jobs/maharashtra-state-electricity-distribution-company-limited-msedcl-maharashtra-state-electricity-dist--2778","job-listing","228","07d719d61aecd29feb56215313f15e218c12c8b33d64f508bc014d37876cff7e",""
"https://www.searchsarkarinaukri.com/jobs/maharashtra-state-electricity-distribution-company-limited-msedcl-maharashtra-state-electricity-dist--3201","job-listing","232","56b79d9927aca19966a8b543a95b2093cc7ef381a96956d7d7f9b91e11c2c4a8",""
"https://www.searchsarkarinaukri.com/jobs/maharashtra-state-electricity-transmission-co-ltd-mahatransco-maharashtra-state-electricity-transmis--4992","job-listing","190","054920d18265598d31cc64459f8a217ad135ad33bf4979dea5ecff8996be2e77",""
"https://www.searchsarkarinaukri.com/jobs/maharashtra-state-electricity-distribution-company-ltd-msedcl-maharashtra-state-electricity-distribu--1935","job-listing","219","fcb96e29ecafe174424f6a1e571e1cfd3052264da4370329eba1d244ccc991ce",""
"https://www.searchsarkarinaukri.com/jobs/maharashtra-state-electricity-transmission-company-limited-mahatransco-maharashtra-state-electricity--3343","job-listing","206","8d4d0f52b0ae26c35468788c9953d247bca6c3721eeb59a1181e4abe52fc8706",""
"https://www.searchsarkarinaukri.com/jobs/maharashtra-state-electricity-transmission-company-ltd-mahapareshan-msetcl-chandrapur-recruitment-20--1669","job-listing","204","16920e8232f9107e469f0cfb8c640c5b9f14a5e34e5038e903ae8e88eddb8299",""
"https://www.searchsarkarinaukri.com/jobs/maharashtra-state-information-commission-apply-for-3-retired-group-a-2026--3833","job-listing","210","b84d89311e515a45eb6138176cd49eb2d7cbdd3175689a58af339d8d7120ff30",""
"https://www.searchsarkarinaukri.com/jobs/maharashtra-state-information-commission-apply-for-3-under-secretary-legal-2026--4069","job-listing","196","09d4d8d6d1dd5d7d28c1ff95e40806a988cd543562b4ed6cd0c08fde5e086529",""
"https://www.searchsarkarinaukri.com/jobs/maharashtra-state-infrastructure-development-corporation-msidc-maharashtra-state-infrastructure-deve--2426","job-listing","218","a6bee92acf8795c76809b656622947ec07a9840d8e39f6f6eec6782fdeaeb4a1",""
"https://www.searchsarkarinaukri.com/jobs/maharashtra-state-infrastructure-development-corporation-msidc-maharashtra-state-infrastructure-deve--2581","job-listing","217","84b4391a8ef1d2a577634152e534b35a14a9822f316e126a97a7c82c492d1434",""
"https://www.searchsarkarinaukri.com/jobs/maharashtra-state-institute-of-hotel-management-and-catering-technology-pune-maharashtra-state-insti--2700","job-listing","205","7fc37dd592f03ff10114bb60a08f3336d93425282fcd17483660aa6394877391",""
"https://www.searchsarkarinaukri.com/jobs/maharashtra-state-road-development-corporation-limited-maharashtra-state-road-development-corporatio--3700","job-listing","219","1a85fb0474cd6e49f1c35a0b4a3988c090c709c7d7372ea88a90aa9f7c731fa4",""
"https://www.searchsarkarinaukri.com/jobs/maharashtra-state-road-transport-corporation-msrtc-maharashtra-state-road-transport-corporation-msrt--1794","job-listing","211","ed6c45338960fea7487fe2a13d0bc36b6dd802ca2cde8c97a2d393822a7c4d74",""
"https://www.searchsarkarinaukri.com/jobs/maharashtra-state-rural-livelihoods-mission-umed-amravati-maharashtra-state-rural-livelihoods-missio--3395","job-listing","234","3a653f238ed0f27f2c1f0fcd15fd14bcf2e09e0d3f704412287705c5d1597bd1",""
"https://www.searchsarkarinaukri.com/jobs/maharashtra-state-rural-livelihoods-mission-umed-satara-maharashtra-state-rural-livelihoods-mission--4314","job-listing","240","f5e123fc1c90a531b1e21c157262365ab3fab3d872187a9541fd2aef7e5cb1ab",""
"https://www.searchsarkarinaukri.com/jobs/maharashtra-state-security-corporation-maharashtra-state-security-corporation-2026--4537","job-listing","229","cf6aca9fe98438cb13e7e75524a835082baad8224045d75c9af0f2bf578f78eb",""
"https://www.searchsarkarinaukri.com/jobs/maharashtra-state-security-corporation-maharashtra-state-security-corporation-2026--4582","job-listing","229","5d0a523531d7e5b0eba245e9b1f7d7cdb48fdb6839a4322a8c1845bf74f3572b",""
"https://www.searchsarkarinaukri.com/jobs/maharashtra-state-rural-livelihoods-mission-umed-gadchiroli-maharashtra-state-rural-livelihoods-miss--4768","job-listing","194","24ccde920a35bbbe8c7df867c4229f7b641dca89239671693b304f15a3c3f7e3",""
"https://www.searchsarkarinaukri.com/jobs/maharashtra-state-security-corporation-mssc-recruitment-notification-maharashtra-state-security-corp--4597","job-listing","221","946f51cfcf55ab816dc9bbcf58846e14887bc9daf3a8322a534f4af45198c744",""
"https://www.searchsarkarinaukri.com/jobs/maharashtra-state-tribal-development-department-apply-for-2421-primary-secondary-and-2026--4313","job-listing","241","92477f340d770d63231ff451b3ca282ac1a4f0621c00d6a5c3aea260bbd80453",""
"https://www.searchsarkarinaukri.com/jobs/maharashtra-university-of-health-sciences-muhs-nashik-job-opening-at-maharashtra-university-of-2026--2701","job-listing","194","0b32374e2c97f05c1294fe577449111754cac6a2841afc74cfd6e9066fd22e9d",""
"https://www.searchsarkarinaukri.com/jobs/maharashtra-university-of-health-sciences-nashik-job-openings-at-maharashtra-university-of-2026--1936","job-listing","192","d931920c82942ccc4b6dc1673c736ce763c881f06e1c98415285e1494aec8e29",""
"https://www.searchsarkarinaukri.com/jobs/maharshi-karve-stree-shikshan-samstha-pune-maharshi-karve-stree-shikshan-samstha-pune-2026--4079","job-listing","253","74150adb841f6761b9c5b0adabc4f8fe03b1bba901c51ebe136518ac2046ff63",""
"https://www.searchsarkarinaukri.com/jobs/mahatma-gandhi-antarrashtriya-hindi-vishwavidyalaya-mahatma-gandhi-antarrashtriya-hindi-vishwavidyal--1454","job-listing","147","d56b3dba99fe41357353a03813a7880ece54fcb304dee74dc7bdbe1aec21de11",""
"https://www.searchsarkarinaukri.com/jobs/mahatma-jyotirao-phule-jan-arogya-yojana-mjpjay-dharashiv-mahatma-jyotirao-phule-jan-arogya-yojana-2--2695","job-listing","215","85c8aca8992dc1e26a17cadb4112fd1e4b20138024f56fbe33034dab6722cf23",""
"https://www.searchsarkarinaukri.com/jobs/mahatma-gandhi-institute-of-medical-sciences-sevagram-mahatma-gandhi-institute-of-medical-sciences-2--1869","job-listing","235","e3cdd306c17fda2323354982b8a03732a77853d6d57ab57442f07048224a5509",""
"https://www.searchsarkarinaukri.com/jobs/mahaveer-mahavidyalaya-kolhapur-mahaveer-mahavidyalaya-kolhapur-2026--3714","job-listing","236","4632879aa568eea8ef3caaf411e3c0c5bbd1c5e5303f6f5aec03a96020187eb2",""
"https://www.searchsarkarinaukri.com/jobs/mahavitaran-bhusawal-bharti-2026-details-mahavitaran-bhusawal-bharti-2026-details-2026--3128","job-listing","237","9bcb9abdff46a45151f9bf7d2d58a22cb1264c7d8d33e0e0785ec50bce9017ca",""
"https://www.searchsarkarinaukri.com/jobs/mahavitaran-ahilyanagar-mahavitaran-ahilyanagar-2026--2447","job-listing","225","a16e2022d0d09245b71a5cb25e95e8adf6fc790723c80f32c5d4a83794df5a28",""
"https://www.searchsarkarinaukri.com/jobs/mahavitaran-chandrapur-mahavitaran-chandrapur-2026--2253","job-listing","241","21f9bbf02698fb67ebd5006a54a1b45c7e9c5831358d215d05ae0b440a1a276c",""
"https://www.searchsarkarinaukri.com/jobs/mahavitaran-chandrapur-mahavitaran-chandrapur-2026--4086","job-listing","241","e86eab7ce813fbc91a4bc077032b2caaf8bfbbe1455acad63e12a1d08fcb0f87",""
"https://www.searchsarkarinaukri.com/jobs/mahavitaran-hingoli-mahavitaran-hingoli-2026--3967","job-listing","240","883d14e1ee5e00ede20a64cafc0ec8af4087a67db78f8a8ba8f2161b1968d257",""
"https://www.searchsarkarinaukri.com/jobs/mahavitaran-jalgaon-bharti-2026-details-mahavitaran-jalgaon-bharti-2026-details-2026--3129","job-listing","252","205fc4d955aafbe34e58f6d4b552ce9051a40e448d484e1c0bdced1c9e78a164",""
"https://www.searchsarkarinaukri.com/jobs/mahavitaran-mahavitaran-2026--1918","job-listing","204","35513aed8dd63b2afc3b1668dbfc521eb1dbf86bc9ee4367f413f6e2e0f1c3c3",""
"https://www.searchsarkarinaukri.com/jobs/mahavitaran-nagpur-mahavitaran-nagpur-2026--2758","job-listing","240","5446b85561bd24403862d88bae4e643080431057144f01905f5954de4adb2999",""
"https://www.searchsarkarinaukri.com/jobs/mahavitaran-pachora-bharti-2026-details-mahavitaran-pachora-bharti-2026-details-2026--3125","job-listing","237","61d226303363cf97cefc606e5e486a3c7e8aa7dc922e514fb00a077520c959c3",""
"https://www.searchsarkarinaukri.com/jobs/mahavitaran-raver-bharti-2026-details-mahavitaran-raver-bharti-2026-details-2026--3127","job-listing","237","a31f62f1c907a16ecc9f5e6313951a0a52e7bda04bdd4244c352ffa4734d28e7",""
"https://www.searchsarkarinaukri.com/jobs/mahavitaran-sangamner-mahavitaran-sangamner-2026--2444","job-listing","223","e71ff769881c3d6221bfe905888927a7a987e9ec4b96fa94ec061eae0511ad35",""
"https://www.searchsarkarinaukri.com/jobs/mahavitaran-shrirampur-mahavitaran-shrirampur-2026--2446","job-listing","225","98bac6b1148d7f5ac685a4829d0937810b67ef0b855e1dc41881919a905d46ca",""
"https://www.searchsarkarinaukri.com/jobs/mahila-bal-vikas-vibhag-satara-department-of-women-and-child-development-satara-mahila-bal-vikas-vib--4120","job-listing","239","ced063df0ab6089a9bb71f302e5e0d6a6d492f87ec5dda853fef14598af0522c",""
"https://www.searchsarkarinaukri.com/jobs/malad-sahkari-bank-malad-sahkari-bank-2026--3464","job-listing","217","8c925e1cc0ecd0b92c757919bc2be40d0431096c4df36be55343e3d1c8d34e46",""
"https://www.searchsarkarinaukri.com/jobs/mahila-bal-vikas-vibhag-mumbai-mahila-bal-vikas-vibhag-mumbai-2026--4329","job-listing","248","ef99f0bef1ae94b48ed9eee609f2bf7b1ce5994c659a542d86131bded2a9aa4e",""
"https://www.searchsarkarinaukri.com/jobs/malegaon-mahanagarpalika-malegaon-mahanagarpalika-2026--4724","job-listing","195","c5f53b3c6befe7f4a072ec0981cb5f0abb9ef33a095cfe3abce87fc1eb316217",""
"https://www.searchsarkarinaukri.com/jobs/malegaon-mahanagarpalika-malegaon-municipal-corporation-malegaon-mahanagarpalika-malegaon-municipal--4773","job-listing","192","bafb989fd0ee0dcff8af7e47d36cd968ecf617b837baaa6d2b599fbfad323b70",""
"https://www.searchsarkarinaukri.com/jobs/malkapur-municipal-council-satara-malkapur-municipal-council-satara-2026--3773","job-listing","239","e1ab959e8961f30a2d99975271eebde543202330c43ba14e18cd28b786db6f13",""
"https://www.searchsarkarinaukri.com/jobs/manganese-ore-india-limited-moil-job-opening-at-manganese-ore-india-2026--3831","job-listing","218","efae368b7a48f05a1fa1d5cf13ff864adfd8929e461ac06ba2aa5319e15da96d",""
"https://www.searchsarkarinaukri.com/jobs/manipur-ssc-special-primary-teacher-recruitment-2026-apply-online-for-80-posts--3999","job-listing","301","1ac03500d1e2b3b524273c0cdbd29d2b1033b3a2698c1fd12ba7371a0d0c0200",""
"https://www.searchsarkarinaukri.com/jobs/mann-deshi-bank-mann-deshi-bank-2026--3715","job-listing","231","dd40fa33ed3d6d316879acb39151c225f1a44ab307eb371c33c2e58a09331eff",""
"https://www.searchsarkarinaukri.com/jobs/maratha-vidya-prasarak-samaj-nashik-maratha-vidya-prasarak-samaj-nashik-2026--2381","job-listing","251","cde9d76522e8f4f0934b4086555a9ec87f946dc54a72ae614efeba2a793a6f2c",""
"https://www.searchsarkarinaukri.com/jobs/matsyodari-shikshan-sanstha-jalna-matsyodari-shikshan-sanstha-jalna-2026--4658","job-listing","235","953da77505be0d3f1d8f79868029e22b447130196b2cf06725b8c1a3ea04bbcb",""
"https://www.searchsarkarinaukri.com/jobs/mavim-mumbai-mavim-mumbai-2026--3471","job-listing","232","72097bdef6aa74dc5c6a7613db557e922149e206b1456339c2baec6a891cc8dd",""
"https://www.searchsarkarinaukri.com/jobs/mazagon-dock-mazagon-dock-2026--1879","job-listing","215","8dcfaabac1944f5362a058f431b3f2eca8e45a9b80812bae83f77d017a8107c6",""
"https://www.searchsarkarinaukri.com/jobs/mazagon-dock-mazagon-dock-2026--2615","job-listing","215","3025f1ff310fa6459189a6d3a42efbdf356fcb555239545bcca38f632eac3063",""
"https://www.searchsarkarinaukri.com/jobs/mecl-executive-trainee-electrical-recruitment-2026-apply-online-for-1-post--4040","job-listing","281","c4866ff86edb5aa28b35e528d897101d81ef9df7bd14d32618ec1d39e548457f",""
"https://www.searchsarkarinaukri.com/jobs/mazi-sainik-mazi-sainik-2026--2448","job-listing","224","1834b1fc53cd42c0ff2e76226474014f6d06aa497a7cc28b67466c070af495b0",""
"https://www.searchsarkarinaukri.com/jobs/mecl-executive-trainee-mechanical-procurement-contract-division-recruitment-2026-apply-online-for-5-posts--4041","job-listing","243","38783b26262f062ebc5b144ae3e3f8011f89265e64de80b4ce3c1aa52696e21a",""
"https://www.searchsarkarinaukri.com/jobs/mecl-executive-trainee-mechanical-drilling-division-recruitment-2026-apply-online-for-5-posts--4043","job-listing","269","f2d9ba31b7b2f704b95f8bdd529fcdf22fee2491c8e77c3aafcc6f56c0d373c3",""
"https://www.searchsarkarinaukri.com/jobs/mecl-executive-trainee-mechanical-store-disposal-division-recruitment-2026-apply-online-for-2-posts--4042","job-listing","235","1e45b8df3946f9f57044b61a08d7d6d0871d53a2fdd485a3ac5733086ac1615c",""
"https://www.searchsarkarinaukri.com/jobs/mecl-nagpur-mecl-nagpur-2026--3966","job-listing","240","3a39e3de9d50dfedbc73d277ee43152af7f3156670af8d3914a6b3212e490008",""
"https://www.searchsarkarinaukri.com/jobs/mecon-mecon-2026--4430","job-listing","214","3ca3a9432ad97d8e28089713dde7ae1c8e25a6a2d313d84d94448ee24d6c5c4b",""
"https://www.searchsarkarinaukri.com/jobs/mecon-limited-recruitment-of-experienced-personnel-in-the-2026--1643","job-listing","174","82fdf0b8579c6d69791d45c8abc86bb555f0ddd2d383dabc0ea1c93670f3c678",""
"https://www.searchsarkarinaukri.com/jobs/melghat-tiger-project-melghat-tiger-project-2026--4267","job-listing","223","83947c92f832d0acaaa9ca20990b353cd59692a77c101213fc11d48efb3bf93e",""
"https://www.searchsarkarinaukri.com/jobs/mehsana-urban-co-operative-bank-mehsana-urban-co-operative-bank-2026--1814","job-listing","227","16bc020e167af969aced14fd72888b55df1b687162e1051296a3c48fdd95590b",""
"https://www.searchsarkarinaukri.com/jobs/mes-pune-mes-pune-2026--2558","job-listing","242","77366735ad04a7a4e772a2e2b2ac49d8e8879cb4df2da21561849dca773a9924",""
"https://www.searchsarkarinaukri.com/jobs/merc-mumbai-merc-mumbai-2026--2746","job-listing","241","ba78e4b953156e3b8b4dee553d6ea47620d1d96e123c3b70551dce82a93e820f",""
"https://www.searchsarkarinaukri.com/jobs/mgims-wardha-mgims-wardha-2026--1884","job-listing","234","285fafc04dc6b4e4d6d3a46fda1b642b90b9b2ed24f7e9390a29bcb4a7385afc",""
"https://www.searchsarkarinaukri.com/jobs/mgims-wardha-mgims-wardha-2026--3247","job-listing","234","530632e66da138506784175d99aeaedf41f000f4a2c70813193619c6faca0dc1",""
"https://www.searchsarkarinaukri.com/jobs/mgm-college-of-computer-science-and-it-mgm-college-of-computer-2026--2021","job-listing","229","39d954e6f38af4691921089c37cdef3058dca13fe05559b11de0c9a8e0ed9419",""
"https://www.searchsarkarinaukri.com/jobs/mgm-hospital-navi-mumbai-mgm-hospital-navi-mumbai-2026--3845","job-listing","247","53ff265946f5899d50e15898a77a934d82945902fe94dcb3359d08df41abfbfa",""
"https://www.searchsarkarinaukri.com/jobs/mhrb-mhrb-2026--2379","job-listing","211","08818b35aee009429e8a2ce6022ddb85615e8cb6fd35566f10a8b7eaa37556bc",""
"https://www.searchsarkarinaukri.com/jobs/mgmcen-nanded-mgmcen-nanded-2026--1829","job-listing","235","8ce46012d7cf38759a9b598414d738471281e216cc56976b7f76efdb3f23e65c",""
"https://www.searchsarkarinaukri.com/jobs/mhrb-mhrb-2026--2886","job-listing","211","002b17de8ffe97abd39203d7fa8a98409836530638c06ac0c841f0961cef0d76",""
"https://www.searchsarkarinaukri.com/jobs/mhrb-mhrb-2026--4532","job-listing","211","48404d42f99a728aadc280bf1ebca914cda098ac8a8735c320cd1ff1d50044f2",""
"https://www.searchsarkarinaukri.com/jobs/mineral-exploration-consultancy-limited-recruitment-for-the-post-of-executive-2026--4338","job-listing","141","0809ec89e67bcf7f13632a49d865da5c137712f0444ab444bda91f8a43a4942c",""
"https://www.searchsarkarinaukri.com/jobs/ministry-of-ayush-ministry-of-ayush-2026--1722","job-listing","223","13cd8f6b6a7ec27645a4bc92bff6796c473e6e77d11f5404d627dff80e41b863",""
"https://www.searchsarkarinaukri.com/jobs/ministry-of-civil-aviation-ministry-of-civil-aviation-2026--2517","job-listing","241","4d820eecbd58b0f7ceefec1b625a521646e3fb688e5de5d15a4fe5534f3000d0",""
"https://www.searchsarkarinaukri.com/jobs/ministry-of-ayush-ministry-of-ayush-2026--2469","job-listing","223","50e1b04da32329b3e004eeeacb24e1cfe8df14d24f50db2937ca8e0a243dc2c9",""
"https://www.searchsarkarinaukri.com/jobs/ministry-of-cooperation-ministry-of-cooperation-2026--2741","job-listing","223","f8e7ee786efc541abfe981ed1309d725dcae18873f0350e639e141f2de316f80",""
"https://www.searchsarkarinaukri.com/jobs/ministry-of-civil-aviation-ministry-of-civil-aviation-2026--2747","job-listing","241","e826166e3f94d97b198bea1666a9d4e11c5578bbb7417283963ecc263f80e196",""
"https://www.searchsarkarinaukri.com/jobs/ministry-of-education-department-of-higher-education-ministry-of-education-department-2026--2744","job-listing","232","9b4796ad5ad1d1209abb98438aca1f5d18a3e411f0b1fdd99ee094ee3a14eac0",""
"https://www.searchsarkarinaukri.com/jobs/ministry-of-education-department-of-higher-education-ministry-of-education-department-of-higher-2026--1833","job-listing","248","c53e86dad1c51a2a339468c42eca68f04235392a24f5d38c62d208ad99238595",""
"https://www.searchsarkarinaukri.com/jobs/ministry-of-external-affairs-ministry-of-external-affairs-2026--2066","job-listing","256","98470cee2fe7f917ecebbe01b05fec3af63dd0dd87b69f20e74cbb3bfb5f0ade",""
"https://www.searchsarkarinaukri.com/jobs/ministry-of-external-affairs-ministry-of-external-affairs-2026--4874","job-listing","217","333638dddbf3aa548a0860815fe7261a782acf6826a6dab17a885febd50214ab",""
"https://www.searchsarkarinaukri.com/jobs/ministry-of-jal-shakti-ministry-of-jal-shakti-2026--1974","job-listing","267","a641ed578f100cb9a0e1940ce2f811f6a6c27e222160972c827174429509c04a",""
"https://www.searchsarkarinaukri.com/jobs/ministry-of-information-and-broadcasting-ministry-of-information-and-broadcasting-2026--4950","job-listing","224","fc3e70dce6f5a4d993536a5e0ca63556fa773348b8e4c567103353fbd525d2bb",""
"https://www.searchsarkarinaukri.com/jobs/ministry-of-jal-shakti-ministry-of-jal-shakti-2026--2026","job-listing","267","660b5216f30e4309481189b1ddbd6ffef0ecf606fe91723182cb8a4c82c6d4b7",""
"https://www.searchsarkarinaukri.com/jobs/ministry-of-jal-shakti-ministry-of-jal-shakti-2026--2347","job-listing","267","cfb4e4ae315397a823ceed305fffff7aa47ac52cb480a816f1f060df73cc4268",""
"https://www.searchsarkarinaukri.com/jobs/ministry-of-jal-shakti-ministry-of-jal-shakti-2026--2502","job-listing","267","ae723bd113ab2f395e2c72a6708d3797f523de948ed4aaceecc41a5397fb33ab",""
"https://www.searchsarkarinaukri.com/jobs/ministry-of-jal-shakti-ministry-of-jal-shakti-2026--2618","job-listing","230","c19fa056bf58d4181fb0cded99f81aba1866183bc976ffd1c4f0ba25569a2565",""
"https://www.searchsarkarinaukri.com/jobs/ministry-of-jal-shakti-ministry-of-jal-shakti-2026--4948","job-listing","230","13c4c8cefb0a0742351cd2c5710fdc353dae3a202be9ecb43ad858b5ef558294",""
"https://www.searchsarkarinaukri.com/jobs/ministry-of-mines-ministry-of-mines-2026--4944","job-listing","200","947fdf83604e5ab7a14e14e78b0b244b24a0ed0bcb12253d288b069d213ad154",""
"https://www.searchsarkarinaukri.com/jobs/ministry-of-ports-shipping-and-waterways-ministry-of-ports-shipping-2026--2477","job-listing","238","02880596ef02c15d33b441c4fd2337b4f48136abc91518155e59b010577734b6",""
"https://www.searchsarkarinaukri.com/jobs/ministry-of-textiles-ministry-of-textiles-2026--4013","job-listing","200","ebaaf20b7bfceee021bb8d51fb4601a91c96ccf4c59558191df803791c0da0f0",""
"https://www.searchsarkarinaukri.com/jobs/mitra-mitra-2026--1745","job-listing","222","8fe8faade7d84bc843422d0d70f62c32ea446b7d4e9232c50f764368c9bed588",""
"https://www.searchsarkarinaukri.com/jobs/mitl-mumbai-mitl-mumbai-2026--1746","job-listing","233","350c159314078296b8e86ca5a77b86787467868e3d0fd70a27385193ef9fe53a",""
"https://www.searchsarkarinaukri.com/jobs/mjpjay-dharashiv-mjpjay-dharashiv-2026--2617","job-listing","228","3cc6548b19064ce6323c1e585e819a156293e17f83fae6596180ffcd76847506",""
"https://www.searchsarkarinaukri.com/jobs/mitra-mitra-2026--3085","job-listing","222","b36321e7847070965ec1078649ee1300633871bb4f54186e3a9a4cacbad05a87",""
"https://www.searchsarkarinaukri.com/jobs/mmrda-mmrda-2026--1993","job-listing","205","560934b1e653ed34716eb00d26a85368e828ead0239528fb8b1f7317e0b22d3a",""
"https://www.searchsarkarinaukri.com/jobs/mjpjay-mumbai-mjpjay-mumbai-2026--2181","job-listing","239","10281e94749222457441da26e6307fc3a40f3afada90844cd6809b717d045fe9",""
"https://www.searchsarkarinaukri.com/jobs/mmrda-mmrda-2026--2879","job-listing","205","eb096a19ef9ad3a44795bed4fbd3f071b0c2292c6af05d01f0af4775eec071c1",""
"https://www.searchsarkarinaukri.com/jobs/mnre-mnre-2026--2300","job-listing","232","265eeb7a702a888bbb06add2639fda56d157c63bf151e0d82c78c76c1f495c6d",""
"https://www.searchsarkarinaukri.com/jobs/mnre-mnre-2026--4883","job-listing","199","c5c7243131db8216c76804656cdb0b8828e73523ed3f5c497e64f59018a7dd53",""
"https://www.searchsarkarinaukri.com/jobs/mns-bank-latur-mns-bank-latur-2026--2601","job-listing","244","7ab3133ca62e692a8dca8ae88cd496bddb9966b0443981eafdaddf8eafb5b24d",""
"https://www.searchsarkarinaukri.com/jobs/mo-defence-do-defence-production-controllerate-of-quality-assurance-heavy-vehicles-deputation-for-th--3612","job-listing","176","0d6c2a47f0f1f7fea3018a6b29c2a0d7c126d9a485feda5d47bfa50befe6af2c",""
"https://www.searchsarkarinaukri.com/jobs/mo-finance-department-of-revenue-tax-policy-research-unit-recruitment-for-the-post-of-research-2026--3274","job-listing","161","3b1bd7ec6dd5358a8218116f9b15b3d5525dde56004bf4be72fcb80fc59ff065",""
"https://www.searchsarkarinaukri.com/jobs/modern-education-society-pune-modern-education-society-pune-2026--2919","job-listing","232","cb9af1a7b3e85bba5a4cd03a9fd18bdbcf419a54524e60e36497e4499d275d23",""
"https://www.searchsarkarinaukri.com/jobs/modern-education-society-pune-modern-education-society-pune-2026--3530","job-listing","232","06d436bda1d17d676c900707daf71ae9c0024e5b1d5fb2d43fbd609e09156944",""
"https://www.searchsarkarinaukri.com/jobs/moef-moef-2026--2504","job-listing","224","19afe87394dd92697926b60c434efef8d24537c96b6dce692d3b6144411a28f8",""
"https://www.searchsarkarinaukri.com/jobs/moef-moef-2026--2831","job-listing","224","06cd543f11ad3c6d5181ea06fb48947b033be1f0d647c5de1d1c81ccc13dab16",""
"https://www.searchsarkarinaukri.com/jobs/mohfw-mohfw-2026--2988","job-listing","222","9e8208e76b1f3bd1d9a8d70507af0b14514310d8c3ea3f5ffec439199a63a3d1",""
"https://www.searchsarkarinaukri.com/jobs/moil-limited-moil-limited-2026--3850","job-listing","222","547c1f69c96dc6c47e3342341c9a502fac26214997d9e654547e8cab98878f3b",""
"https://www.searchsarkarinaukri.com/jobs/mormugao-port-authority-mormugao-port-authority-2026--3401","job-listing","247","65c77b3f663d6c5d534a42b7ca0611c4dd8f0ae1412d0de29b93ef6afeeef5f2",""
"https://www.searchsarkarinaukri.com/jobs/mormugao-port-authority-mormugao-port-authority-2026--4611","job-listing","210","f92f4af6db592726c5bfac39c36c98e49fd3e6d7691882055b97a0d24345622f",""
"https://www.searchsarkarinaukri.com/jobs/mospi-mospi-2026--4662","job-listing","203","4f7fa76f8b7ade196f66ad806f6255b659b5e2ca35a9fb44b9c062f7409d5b41",""
"https://www.searchsarkarinaukri.com/jobs/mpesb-assistant-accountant-recruitment-2026-apply-online-for-72-posts--4235","job-listing","222","446d798799a61f3fb3f4a2d701ae8dfc0a8c95cc060bc6233091d654fc01351e",""
"https://www.searchsarkarinaukri.com/jobs/mpesb-assistant-public-relations-officer-recruitment-2026-apply-online-for-365-posts--4237","job-listing","233","b8b25dc8e8f9a4cb7031d0859a23b9c432182eb226c7efff6206122ecb8c1caa",""
"https://www.searchsarkarinaukri.com/jobs/mpesb-assistant-quality-inspector-recruitment-2026-apply-online-for-24-posts--4241","job-listing","225","888bfa8a6f005aeb148e9778c028bc8887d05bd1e19e0bf5b1a1691489758fbc",""
"https://www.searchsarkarinaukri.com/jobs/mpesb-assistant-sub-inspector-recruitment-2026-apply-online-for-530-posts--4231","job-listing","234","c92039d6b997f7faed248e682229de540ce388c18c891493d15a85438908c0f5",""
"https://www.searchsarkarinaukri.com/jobs/mpesb-computer-operator-recruitment-2026-apply-online-for-124-posts--4238","job-listing","229","51d155575acb97d280b7837387cb8837cd878b9fe7601fdb3f9da054181ef007",""
"https://www.searchsarkarinaukri.com/jobs/mpesb-deputy-auditor-recruitment-2026-apply-online-for-105-posts--4232","job-listing","247","4bbbae5ba3ba2ec09fa2a03f9f0608c5e016fd1356791a863e16d636e54a2dae",""
"https://www.searchsarkarinaukri.com/jobs/mpesb-junior-assistant-recruitment-2026-apply-online-for-67-posts--4236","job-listing","236","a2924817336a43dab899f350c0707ac01c0b2c9f12c2db29a4a93cdd2c4e130b",""
"https://www.searchsarkarinaukri.com/jobs/mpesb-patwari-recruitment-2026-apply-online-for-200-posts-pwd--4230","job-listing","265","12c46e6d29879bbfa5ba23a6e1fe1da267380e2af507eebcc715ff9aca43ea9c",""
"https://www.searchsarkarinaukri.com/jobs/mpesb-rural-agriculture-extension-officer-recruitment-2026-apply-online-for-82-posts--4234","job-listing","227","54381b810fda3cab8094682b2f8008433dc410cf728f6527c1161933277ea962",""
"https://www.searchsarkarinaukri.com/jobs/mpesb-rural-horticulture-extension-officer-recruitment-2026-apply-online-for-20-posts--4242","job-listing","248","e7be80e440f566ad79c3cdca764f4687ba821abc7c6e32f5751ad6bf9d59f957",""
"https://www.searchsarkarinaukri.com/jobs/mpesb-senior-assistant-cum-computer-operator-recruitment-2026-apply-online-for-53-posts--4240","job-listing","232","3ee71fe50cb36a8b8fa005310f64d9aede5e3f91fec07c10db606eabc1725795",""
"https://www.searchsarkarinaukri.com/jobs/mpesb-statistical-investigator-recruitment-2026-apply-online-for-88-posts--4233","job-listing","242","946f68060264e9b0c6d6f4b6327345e73b8ac7fc002c4458f47033032b0c439d",""
"https://www.searchsarkarinaukri.com/jobs/mpesb-surveyor-recruitment-2026-apply-online-for-34-posts--4239","job-listing","226","3be1bbe091bc0522582f353eb00b511cf84b576177de488d405a4c2363950735",""
"https://www.searchsarkarinaukri.com/jobs/mpkv-mpkv-2026--2874","job-listing","215","375425263ab1dd3dd63ce5d3ba9dc2e0c4f525d089c003299318c5e2b1ebe3e6",""
"https://www.searchsarkarinaukri.com/jobs/mpkv-mpkv-2026--2500","job-listing","215","4ad7afacd6ea31c992854418392b6a705ffe6fa18563ac7cc09cf328ef75ca85",""
"https://www.searchsarkarinaukri.com/jobs/mpkv-mpkv-2026--3719","job-listing","215","f645512ee4b652253fb9cb838793b01d05c0c8e5d68e68a3e57ec2a87ed7f122",""
"https://www.searchsarkarinaukri.com/jobs/mpkv-mpkv-2026--4015","job-listing","215","aa02d0b8f2a832a0b5dc0d1e0f974b349161d36e5d06b44cf7f9ca6d28d6133a",""
"https://www.searchsarkarinaukri.com/jobs/mpkv-mpkv-2026--4578","job-listing","215","2c8c58a29776423c66acb9775182d0953f20b45fc4b6921d7b131714e62b61f6",""
"https://www.searchsarkarinaukri.com/jobs/mpsc-group-a-mpsc-group-a-2026--4260","job-listing","210","3079cecfb51e41d2a587961b88e05a5a2097278a614d79d9dfa11ee1cf86fd0c",""
"https://www.searchsarkarinaukri.com/jobs/mpsc-group-b-mpsc-group-b-2026--2080","job-listing","227","c7cb9e9bd1e92d917b149753b6c0e5c96effc2c4140fe5a29bcf233448e30dc4",""
"https://www.searchsarkarinaukri.com/jobs/mpsc-group-c-mpsc-group-c-2026--2024","job-listing","227","f99b066cb5e6170551149ab88738e489a702f86bbfab0361770c72c73d93aefc",""
"https://www.searchsarkarinaukri.com/jobs/mpsc-group-c-mpsc-group-c-2026--2599","job-listing","227","86af51340e42dbe49c1bfa9b74591dda790b22c00f4f2a1c6af3ea067babe80a",""
"https://www.searchsarkarinaukri.com/jobs/mpsc-group-c-mpsc-group-c-2026--2377","job-listing","227","8d103cb8f4d304365a1ecf1180c3226849fe87978eb8e038d5bb17b5b3dfc5d2",""
"https://www.searchsarkarinaukri.com/jobs/mpsc-group-c-mpsc-group-c-2026--3257","job-listing","227","ba17fc3df016558fda5837a6e303fb97c5c770d454e41c413baa003d437ab84f",""
"https://www.searchsarkarinaukri.com/jobs/mpsc-group-c-mpsc-group-c-2026--3398","job-listing","227","1bf49c12c3155ac1960d04cb04485d44df58bf1b5136366d65913b3c2a1da1c4",""
"https://www.searchsarkarinaukri.com/jobs/mpsc-group-c-mpsc-group-c-2026--3470","job-listing","227","a22d732558d62bee7cd4fd6fdc6d11b944cb26f7b7115dd2794f7eb031f32d4d",""
"https://www.searchsarkarinaukri.com/jobs/mpsc-group-c-mpsc-group-c-2026--4020","job-listing","227","78b0018e300a7fed022eafe0feb9220b6b35d7006775367deca79f9501241ba8",""
"https://www.searchsarkarinaukri.com/jobs/mpsc-group-c-mpsc-group-c-2026--4136","job-listing","227","fb0b72af3c710cef3d90936c2392a3570885a846cc13257af018ed50b7de470b",""
"https://www.searchsarkarinaukri.com/jobs/mpsc-group-c-services-combined-preliminary-examination-mpsc-group-c-services-combined-preliminary-20--2386","job-listing","243","41bfd452e15339b0949ca00a16adec48d61e3eeecde8829510bb4e53a3389a7d",""
"https://www.searchsarkarinaukri.com/jobs/mrudu-and-jalsandharan-vibhag-department-of-soil-and-water-conservation-mrudu-and-jalsandharan-vibha--3196","job-listing","246","a5d21f3405307498a9c81f8c3b0491fee2c9a261e6e2754d341b3b9fd00b5504",""
"https://www.searchsarkarinaukri.com/jobs/mpsc-group-c-services-combined-preliminary-examination-mpsc-group-c-services-combined-preliminary-20--3213","job-listing","243","29bb06e308b96b0f59e0471f6eeac31d44924fbcee875ac6294ee60460a734a5",""
"https://www.searchsarkarinaukri.com/jobs/mrudu-and-jalsandharan-vibhag-department-of-soil-and-water-conservation-mumbai-mrudu-and-jalsandhara--3162","job-listing","240","17bac839f645cbfa416954680b9d06f06d19dd7227d38b1cdd267620ff4a45df",""
"https://www.searchsarkarinaukri.com/jobs/ms-navjeevan-lokvikas-sanstha-virar-mobilizer-2026--1522","job-listing","184","b9f1ab75b54434d8792f7083afd86a78629aca5e25f918709b95b0450e1bfa88",""
"https://www.searchsarkarinaukri.com/jobs/ms-navjeevan-lokvikas-sanstha-virar-receptionist-cum-counselor-2026--2005","job-listing","197","8814664b072753e45566a3df5468dce78a1603250522340eaa5b34a20a1da64c",""
"https://www.searchsarkarinaukri.com/jobs/ms-navjeevan-lokvikas-sanstha-virar-receptionist-cum-counsellor-2026--1523","job-listing","194","da027cd80e3d64eebea21f9fc930aa0bf86de00322c3d9985801185885179edf",""
"https://www.searchsarkarinaukri.com/jobs/ms-navjeevan-lokvikas-sanstha-virar-soft-skill-trainer-2026--1521","job-listing","181","60588a65dfd776a744e86fa4257ad1d7965abddc9e75b7abcd5bfd80257219e3",""
"https://www.searchsarkarinaukri.com/jobs/msamb-msamb-2026--2717","job-listing","226","6f198946d262993ef6fda42f713a849ada656c0b52a55aa9ff1fb28166b1e940",""
"https://www.searchsarkarinaukri.com/jobs/msc-bank-msc-bank-2026--1880","job-listing","216","dd1a3e68405ac1e03eef1754419824bb9416b0c14df30f865d1338fb67767944",""
"https://www.searchsarkarinaukri.com/jobs/msapl-msapl-2026--1915","job-listing","222","b86e64ade1fe15c0a57b8341c1cd4e3e88f347eeeabdaec9922b40f8904c3706",""
"https://www.searchsarkarinaukri.com/jobs/msc-bank-msc-bank-2026--2127","job-listing","216","3ec68f7ff46b3b0285efeee7b9c8d888bdcbb68775c7b2cdef80d379f665c560",""
"https://www.searchsarkarinaukri.com/jobs/msc-bank-msc-bank-2026--2222","job-listing","216","3c9d2fc796faf717b63faa0bb49d0f2588cbc7b1c3cbe3e34c49d9e1da9f99c7",""
"https://www.searchsarkarinaukri.com/jobs/mscc-mscc-2026--2315","job-listing","226","98e213aa70b1bff113f0dbb4d75d8612c6ea575da3e5e676acfbbba1bf0c3980",""
"https://www.searchsarkarinaukri.com/jobs/msc-bank-msc-bank-2026--2631","job-listing","216","ed364ebf7fe63bd179c5cd495c25b5e91db2297b620937c990cf6e41e0877971",""
"https://www.searchsarkarinaukri.com/jobs/msce-pune-msce-pune-2026--1805","job-listing","245","c58bfc5ccb7048ace94989474065bc85103c8a3dfdb6abfc6edcc8f78db2a50e",""
"https://www.searchsarkarinaukri.com/jobs/msidc-msidc-2026--2401","job-listing","224","a0ad4ef076d746c35561098d35e805d16c57197506353eb282ba38d3c7aa94c7",""
"https://www.searchsarkarinaukri.com/jobs/msidc-msidc-2026--2553","job-listing","224","2fc9f4f2cfdf117e7d19ce9fb74b05d041ca24484881229a4ae50c85ce24229b",""
"https://www.searchsarkarinaukri.com/jobs/msihmct-pune-msihmct-pune-2026--2622","job-listing","235","5e1c68a6ded9a00e13c8cc77e613ea343c0c585de5346afc63b660900ca9d3ac",""
"https://www.searchsarkarinaukri.com/jobs/msp-mandal-chh-sambhajinagar-msp-mandal-chh-sambhajinagar-2026--2265","job-listing","233","aa27552756000058e01d91ba68ca7682e2e1424d57bdd706b9b32f0ef77453f4",""
"https://www.searchsarkarinaukri.com/jobs/msrdc-mumbai-msrdc-mumbai-2026--3662","job-listing","240","2474cf303563ba716c0b991dc77bba8d92e9a9e18cb9706293c85ac6e1c0f19c",""
"https://www.searchsarkarinaukri.com/jobs/msrlm-solapur-msrlm-solapur-2026--3775","job-listing","224","b32309c6057283f73f9ee893d31ba55d79565e7004a684a05a0aba4fd00cf55d",""
"https://www.searchsarkarinaukri.com/jobs/msrlm-satara-msrlm-satara-2026--4257","job-listing","235","446d9ee483ca0a186614ade0dcd28c52d39940792aceeec03a1b7ae12d24f75d",""
"https://www.searchsarkarinaukri.com/jobs/mssu-mssu-2026--4587","job-listing","205","b9cc658d2c30b216e9aedea2ac172c1440baa9ea276af28030d8588b9899d1e4",""
"https://www.searchsarkarinaukri.com/jobs/muhs-nashik-muhs-nashik-2026--1914","job-listing","224","689774fa96b8bbb68910f761f2ad9e8b5aac0e58710dd353844e4082136f924c",""
"https://www.searchsarkarinaukri.com/jobs/muhs-nashik-muhs-nashik-2026--2650","job-listing","224","6e549cfeb294fdcb797870a51408955939075c6ce77153fa4a748485c4b56911",""
"https://www.searchsarkarinaukri.com/jobs/muhs-nashik-muhs-nashik-2026--2620","job-listing","224","7fabc582c8b72c849144bfb6a071af3d57b839126e485cd9fbb7b0331253e23d",""
"https://www.searchsarkarinaukri.com/jobs/mumbai-central-railway-mumbai-central-railway-2026--2656","job-listing","237","24849b5eeda09830a538ac8146476b6a22eea8954e3619d9ddc39db6f28b1e45",""
"https://www.searchsarkarinaukri.com/jobs/mumbai-central-railway-mumbai-central-railway-2026--4151","job-listing","237","d067fe674911d77e8c452506d346a0c181162dae3c6194d04bd678f9c6d15be4",""
"https://www.searchsarkarinaukri.com/jobs/mumbai-metropolitan-region-development-authority-apply-for-1-director-operation-post-2026--2980","job-listing","200","218fc5c84473ebbb49c2e07290aa4f0082add126b2628225c2c3b80dccf600df",""
"https://www.searchsarkarinaukri.com/jobs/mumbai-metropolitan-region-slum-rehabilitation-authorities-mumbai-metropolitan-region-slum-rehabilit--2354","job-listing","255","adca9a78962b65703eeb8d7476a851ef964540064256f9b52c120d1f21cbaceb",""
"https://www.searchsarkarinaukri.com/jobs/mumbai-metropolitan-region-slum-rehabilitation-authorities-mumbai-metropolitan-region-slum-rehabilit--2145","job-listing","255","21f8d993ef100dbb05610d5ceee3cabb5413b63edb152748276e81150f3ad0d9",""
"https://www.searchsarkarinaukri.com/jobs/mumbai-metropolitan-region-slum-rehabilitation-authorities-mumbai-metropolitan-region-slum-rehabilit--4139","job-listing","255","9d7c38ada25e92fe29bd3001a870d42349ba3b449b081a13da7fc501fc7e343a",""
"https://www.searchsarkarinaukri.com/jobs/mumbai-port-authority-mbpa-medical-department-mumbai-port-authority-recruitment-2026-2026--1682","job-listing","241","3a0b98e6b36e17ea6568f83d2deea9820dd911ea025efdb44608784077365cc8",""
"https://www.searchsarkarinaukri.com/jobs/mumbai-port-authority-mbpa-mumbai-port-authority-recruitment-2026-2026--1666","job-listing","223","fa18ace60b5aae270a4a1f659827575f1afc20ae36e27966947e0477ae4f4f53",""
"https://www.searchsarkarinaukri.com/jobs/mumbai-port-authority-mbpa-mumbai-port-authority-recruitment-2026-2026--1677","job-listing","217","2f7dfd742b3987a1247850e88e9429391c19a7b800fdc808afb58db728eebd3f",""
"https://www.searchsarkarinaukri.com/jobs/mumbai-port-authority-mbpa-recruitment-notification-mumbai-port-authority-mbpa-2026--1866","job-listing","217","b9292189ad6b3332640ff7f75382f1b35b7b2cdd8b82878c077ea8eee77c7520",""
"https://www.searchsarkarinaukri.com/jobs/mumbai-port-trust-mumbai-port-trust-2026--1731","job-listing","315","f17a9ead9d18fcb77c1325e055afd23006a919402ddecbcbed3327d241f8abf2",""
"https://www.searchsarkarinaukri.com/jobs/mumbai-port-trust-mumbai-port-trust-2026--1883","job-listing","315","07ae7c9b73cefdf989fe3bb7be8145fe65b651aca1a6dde0f995813c9f3662df",""
"https://www.searchsarkarinaukri.com/jobs/mumbai-port-trust-mumbai-port-trust-2026--2045","job-listing","315","55be5f8e541c97f2a6ceb37f66b45c301407d524970eefea6a68dbda5c5745b5",""
"https://www.searchsarkarinaukri.com/jobs/mumbai-port-trust-mumbai-port-trust-2026--3076","job-listing","285","1aa4a78edb813ad59fa9c80d36e3b94c478a71458e0606e4906ab0a4cd22cd74",""
"https://www.searchsarkarinaukri.com/jobs/mumbai-port-trust-mumbai-port-trust-2026--4155","job-listing","285","895c2d7ad2874131f1d3269a179036e8b5ae82475c4e869386d6d34e56a5f26a",""
"https://www.searchsarkarinaukri.com/jobs/mumbai-port-trust-mumbai-port-trust-2026--4273","job-listing","285","b7049b296fa83afaf0b6f347f28011eca38810d67c10780f4b86fba872a522b6",""
"https://www.searchsarkarinaukri.com/jobs/mumbai-port-trust-mumbai-port-trust-2026--4674","job-listing","285","7ecfdcd76ffe92ff1ea91ca66be07f5cd2024ee610b817607f2d0e0786b37bd0",""
"https://www.searchsarkarinaukri.com/jobs/mumbai-port-trust-mumbai-port-trust-2026--4829","job-listing","285","0ee890157a90ef46dc635f6ea45a4f57738c926b658a4495cf84177dc1de5a24",""
"https://www.searchsarkarinaukri.com/jobs/mumbai-railway-development-corporation-ltd-mumbai-railway-development-corporation-ltd-2026--4017","job-listing","235","3d8b745546b8a0918404ae41a535d0f32767625ac26d251c6bb9fe5e481444ef",""
"https://www.searchsarkarinaukri.com/jobs/mumbai-suburban-mumbai-suburban-2026--2647","job-listing","233","b2ace884e4f3ea957d8a372f1676444af38eaeffb7e01b0ccf474b7e072130db",""
"https://www.searchsarkarinaukri.com/jobs/mumbai-university-mumbai-university-2026--1957","job-listing","227","e0bb6ec4fd3b30052e4c3aa2924e946ccc10b53fa4adf6c258d951a61bddd32c",""
"https://www.searchsarkarinaukri.com/jobs/mumbai-university-mumbai-university-2026--3354","job-listing","227","c02b26cfd5ecf2963edb33f311c73228ce76f00b0a8b5e25810380b64ffe4cf0",""
"https://www.searchsarkarinaukri.com/jobs/mumbai-veterinary-college-mumbai-veterinary-college-2026--3786","job-listing","240","f9c1ee31a3f9866eb4ae6170ba9b21b0877c1f8c3c7aeb3d8c625dce7572809b",""
"https://www.searchsarkarinaukri.com/jobs/mumbai-veterinary-college-mvc-mumbai-mafsu-mumbai-veterinary-college-mvc-mumbai-2026--3841","job-listing","190","e6d1816740b67019b85498a97971eb606479cd77363468bc6bdc3bc75a749af4",""
"https://www.searchsarkarinaukri.com/jobs/murgaon-education-society-goa-murgaon-education-society-goa-2026--2352","job-listing","233","f2d984dfdd56918e7fb20a1a1023f795a417a87903b1e72a8e8377c6be77b331",""
"https://www.searchsarkarinaukri.com/jobs/nabard-consultancy-services-nabcons-nabard-consultancy-services-nabcons-recruitment-2026-2026--2015","job-listing","213","da5b3fc21208fe44e9e93b79ba23ea685f3d211089991932c928a188771538c2",""
"https://www.searchsarkarinaukri.com/jobs/nabard-consultancy-services-nabcons-nabard-consultancy-services-nabcons-recruitment-2026-2026--2969","job-listing","217","e383201710e51547d940e87ca7f0e5c6e638060d5f0ed634eea049e6801bf827",""
"https://www.searchsarkarinaukri.com/jobs/nabcons-nabcons-2026--2044","job-listing","220","80f659049296c65bc826aef2a5566c7fd94020f3e8d095595e3f241870f41248",""
"https://www.searchsarkarinaukri.com/jobs/nabfid-business-analyst-accounts-recruitment-2026--3139","job-listing","174","99b7b99a30d4d435f0c0b8808697721413906557582a39f9dde56f9ff1eb2922",""
"https://www.searchsarkarinaukri.com/jobs/nabfid-business-analyst-compliance-recruitment-2026--3141","job-listing","176","af66fd4455cb6e91ba8e2885ab25c0437334eb400e977f2e07ba00aa9c7260d4",""
"https://www.searchsarkarinaukri.com/jobs/nabfid-business-analyst-investment-treasury-recruitment-2026--3140","job-listing","165","96c4c547dcd401a748803a752a97c12651c9140bc94e792aae36118085242710",""
"https://www.searchsarkarinaukri.com/jobs/nabfid-business-analyst-internal-audit-recruitment-2026--3142","job-listing","177","5bd1d10eab14f8e55e06182c3a961a7fafca877031f386b89327ac2da192dfd0",""
"https://www.searchsarkarinaukri.com/jobs/nabfid-business-analyst-lending-project-finance-recruitment-2026--3137","job-listing","210","b680659c77cf25aace2a8de32385f9af24ee39e47b2681dfc8d0c6b4f8b0ae5a",""
"https://www.searchsarkarinaukri.com/jobs/nabfid-business-analyst-risk-management-recruitment-2026--3138","job-listing","186","bd974f99b038415d198927cd0809adf0b4179f6cfeb18cd7fcf6fc2ab75cf949",""
"https://www.searchsarkarinaukri.com/jobs/nabfid-nabfid-2026--3075","job-listing","221","6ce30c0fe507e59b10705b1d345675d4c6835870e216610f8305748fceac5bd4",""
"https://www.searchsarkarinaukri.com/jobs/nabfid-nabfid-2026--2061","job-listing","221","41c500a71ac5c89c00d08d1b9ffedcec4f443be309f238dec24281712bc95b82",""
"https://www.searchsarkarinaukri.com/jobs/nabfins-customer-service-officer-recruitment-2026--4570","job-listing","244","9ae6742a7a0882e3b7a2c526d8ccb14dde10cbb9e509ed17bf576df933de3dee",""
"https://www.searchsarkarinaukri.com/jobs/nabfins-customer-service-officer-recruitment-2026--4905","job-listing","239","64e7073f2840aa7e237855259808c3d869a7c0656dd7043b5323cceb210125bf",""
"https://www.searchsarkarinaukri.com/jobs/nabfins-telecaller-work-from-home-recruitment-2026--4906","job-listing","201","59c407900ebfd20e8461315df65e80826822ba789d243c4991a4d068234cb4ce",""
"https://www.searchsarkarinaukri.com/jobs/nagar-parishad-matheran-nagar-parishad-matheran-2026--4880","job-listing","215","f1bdd8bc88432b0fe546a003248a4d6cedbed40c952f91cc2bdc894abd0d59c7",""
"https://www.searchsarkarinaukri.com/jobs/nagar-parishad-morshi-amravati-nagar-parishad-morshi-amravati-2026--4577","job-listing","234","f296288954fc16e6491bc697dba6fe266db1f99926fd804562a172f70f7bc71c",""
"https://www.searchsarkarinaukri.com/jobs/nagar-parishad-pen-nagar-parishad-pen-2026--4836","job-listing","196","7ec63df16b153425904b75259aac120a5caa3fa87aa710ebc875fb85e4778947",""
"https://www.searchsarkarinaukri.com/jobs/nagar-parishad-saoner-nagar-parishad-saoner-2026--4657","job-listing","230","58c435a57931cb6eea5091d045204a55a2c0c498ced984ff30863fed5adf75b3",""
"https://www.searchsarkarinaukri.com/jobs/nagar-parishad-shahada-nagar-parishad-shahada-2026--3769","job-listing","232","4722e50b958f70d6dab4bcf9dbc997b2c0cc28202e2d02a856c167e4a04f26bf",""
"https://www.searchsarkarinaukri.com/jobs/nagarpanchayat-kuhi-nagarpanchayat-kuhi-2026--2918","job-listing","226","fa24fd9bb6a69b0dddd9df5b96039409498fae4f827e5b9e93a83d06b3f10ccf",""
"https://www.searchsarkarinaukri.com/jobs/nagarparishad-alandi-nagarparishad-alandi-2026--4530","job-listing","227","b65b0ab5b033e9102494b31d6964d684d0ba02ffb9e63d7e68c59ac01acdeb25",""
"https://www.searchsarkarinaukri.com/jobs/nagarparishad-katol-nagarparishad-katol-2026--4531","job-listing","222","ca1e309371699492b16804b01af63879af491a1aa36dc03bfce4476059db4e8a",""
"https://www.searchsarkarinaukri.com/jobs/nagpur-mahanagarpalika-nagpur-mahanagarpalika-2026--1852","job-listing","234","bb4551a273b2f11c45a921285333483568f9a211840b3ec87514fdea49562919",""
"https://www.searchsarkarinaukri.com/jobs/nagpur-mahanagarpalika-nagpur-mahanagarpalika-2026--3172","job-listing","234","4171979797918d7389c591d9fc7b1f220a0dfdadae544393a23dc1c0f00cb469",""
"https://www.searchsarkarinaukri.com/jobs/nagpur-mahanagarpalika-nagpur-mahanagarpalika-2026--2894","job-listing","234","eab184c7443df4215e5cc62832d0885cc1d9b31eb1fa0937ced1710ce09c145e",""
"https://www.searchsarkarinaukri.com/jobs/nagpur-mahanagarpalika-nagpur-mahanagarpalika-2026--4322","job-listing","234","c14149f6fff9df041d30348f60ddb128eb81076b83e115dea9d4b094c67b764c",""
"https://www.searchsarkarinaukri.com/jobs/nagpur-mahanagarpalika-nagpur-mahanagarpalika-2026--4525","job-listing","234","156dc2e10bc919bdae68f60e86c8f9913674252309c670f46322218fbc8f5e1d",""
"https://www.searchsarkarinaukri.com/jobs/nagpur-mahanagarpalika-nagpur-municipal-corporation-nagpur-mahanagarpalika-nagpur-municipal-corporat--3197","job-listing","221","d78ca3948e7528df1c2d976435bde3cb4a127c0d377e260aa610d3ba45952de4",""
"https://www.searchsarkarinaukri.com/jobs/nagpur-municipal-corporation-nagpur-mahanagarpalika-nagpur-municipal-corporation-nagpur-mahanagarpal--1872","job-listing","216","f932b060e81c4b9921b04954949a65026d15a3eeaf75988fc1fb2606ce93125c",""
"https://www.searchsarkarinaukri.com/jobs/nagpur-municipal-corporation-nagpur-mahanagarpalika-nagpur-municipal-corporation-nagpur-mahanagarpal--3265","job-listing","201","d03d2bd3486d8b47323dd8c6919c280d4bff296067bc6339b9b19fe6770e8bd9",""
"https://www.searchsarkarinaukri.com/jobs/nagpur-municipal-corporation-nagpur-mahanagarpalika-nagpur-municipal-corporation-nagpur-mahanagarpal--4476","job-listing","206","86ba65ac25a287bb2704ddd8f48379e0dd73e61788d0a5cf27b6972017c939ce",""
"https://www.searchsarkarinaukri.com/jobs/nagpur-nagarik-sahakari-bank-nagpur-nagarik-sahakari-bank-2026--1756","job-listing","232","1b4ca608920dcf025ff134042605d2f690775145f0982c3d3775781680bc0357",""
"https://www.searchsarkarinaukri.com/jobs/nagpur-veterinary-college-nagpur-veterinary-college-2026--1983","job-listing","243","8005027375c568980fbd8e06be058ea6d43ac8a0e92967b5661cf32baf700577",""
"https://www.searchsarkarinaukri.com/jobs/naini-aerospace-limited-recruitment-for-the-post-of-operator-2026--2724","job-listing","137","b7f2d74a8c2ea29e4439c927e4eeb90757c35c577b87acfd4f288af2c269ff7b",""
"https://www.searchsarkarinaukri.com/jobs/nainital-bank-hr-officer-recruitment-2026-apply-online-for-3-posts--4990","job-listing","255","2107fb4dabfe963153d86133b3c3e510a8376652bd762bc923000446e1bfe17e",""
"https://www.searchsarkarinaukri.com/jobs/nainital-bank-nainital-bank-2026--4715","job-listing","210","b459208b37335d9167c277bba9592fa6f0edef00f8b5d71aad4b77ad6246e15d",""
"https://www.searchsarkarinaukri.com/jobs/nainital-bank-risk-officer-recruitment-2026-apply-online-for-2-posts--4989","job-listing","237","4b54ae2bbabd23e3a6b6b212aaada06ad9b6b2e4721739cd209480293f50e3bb",""
"https://www.searchsarkarinaukri.com/jobs/nalco-nalco-2026--1796","job-listing","211","b91b284eba1f46ceef05edaa62ac35670668d41d994df4cbec6a9a52ed9e77f9",""
"https://www.searchsarkarinaukri.com/jobs/nalco-nalco-2026--3725","job-listing","211","24687b8dfee6e539c8136c5d4a165e0a4365d67e203c8c2417c500e26c23216a",""
"https://www.searchsarkarinaukri.com/jobs/nalco-national-aluminium-company-limited-recruitment-for-the-post-of-non-2026--1653","job-listing","143","ef5442dbde86571b53b2fe636ad2aec8655734c4ec06faee3c05983441d52520",""
"https://www.searchsarkarinaukri.com/jobs/nashik-anganwadi-nashik-anganwadi-2026--3356","job-listing","233","3001e19aadc9661547e9d58fb59d0260427f1b6fea479d648620906a9b26e3b8",""
"https://www.searchsarkarinaukri.com/jobs/nashik-cambridge-school-nashik-cambridge-school-2026--2706","job-listing","237","cfe3f078f2578f4d8ab5b3a46ce7f691175c54dd36f4cfc6e9769d84809b2e1e",""
"https://www.searchsarkarinaukri.com/jobs/nashik-city-police-department-recruitment-notification-nashik-city-police-department-2026--4607","job-listing","202","1984af608a9f127f220b435ce83e5a8bb8f1e31ea7f2c41c4633aa998df94963",""
"https://www.searchsarkarinaukri.com/jobs/nat-board-nat-board-2026--3586","job-listing","212","9d3707d44d9af36ba06749fb2bad64cbd8685a40ba71e7484bc493e8310d8d6b",""
"https://www.searchsarkarinaukri.com/jobs/national-academy-of-agricultural-research-mangement-young-professional-two-2026--1861","job-listing","235","5dc67c1fc6d321884d79c9b99d74a8d898d0054d935846e3954d6e36d5cacb45",""
"https://www.searchsarkarinaukri.com/jobs/national-academy-of-defence-production-national-academy-of-defence-production-2026--3031","job-listing","238","5094f29c2344802355cbeed99414d44cb4c2f1331187c98d1d774e990289dbb4",""
"https://www.searchsarkarinaukri.com/jobs/national-academy-of-defence-production-recruitment-for-the-post-of-instructional-2026--2483","job-listing","141","e53e6ace2a314950efa3e836e47c67083b38aed9ae1444d70b51375e11337cb9",""
"https://www.searchsarkarinaukri.com/jobs/national-academy-of-defence-production-recruitment-for-the-post-of-library-2026--3273","job-listing","145","cc7bd28299de29be86dcf96349fbd40a68573bdc5120b9243020d597cc0b8d4a",""
"https://www.searchsarkarinaukri.com/jobs/national-aerospace-laboratory-national-aerospace-laboratory-2026--2078","job-listing","244","914840d88b179586b71ec89c487c03a70a791ce0df92b994d8ed7e18fbfea49e",""
"https://www.searchsarkarinaukri.com/jobs/national-aerospace-laboratory-national-aerospace-laboratory-2026--4533","job-listing","210","7f35f6da55e67e665fad3bb15028d84b9c33275c109d9d14281f58036b8ab005",""
"https://www.searchsarkarinaukri.com/jobs/national-ayush-mission-kolhapur-nam-kolhapur-recruitment-notification-national-ayush-mission-kolhapu--3064","job-listing","229","f9f28fa99408c17e117a3fd247f4d3c90cf4abaaebb3f939685b5d53e0a2b6a0",""
"https://www.searchsarkarinaukri.com/jobs/national-ayush-mission-national-ayush-mission-2026--1713","job-listing","219","93ac1f50a9c84089cea089953498e2d966c18e4a05398d69359d5e48c81ad240",""
"https://www.searchsarkarinaukri.com/jobs/national-ayush-mission-national-ayush-mission-2026--4014","job-listing","227","3a30d0ef9226b60acac82df53a5dd9adb69e8f2ff8e6a13eaca7510ac4ab4821",""
"https://www.searchsarkarinaukri.com/jobs/national-backwad-classes-finance-and-development-corporation-managing-director-2026--1563","job-listing","192","ded1bdcb14879cef50df23910433c71981cc7019fd495141f89873fcd414a089",""
"https://www.searchsarkarinaukri.com/jobs/national-bank-for-agriculture-and-rural-development-sis-national-bank-for-agriculture-and-rural-2026--1919","job-listing","249","964d973b5eea8e5953fda09ca3687bc4879c630f6a369b18c6096bbd9fd38156",""
"https://www.searchsarkarinaukri.com/jobs/national-bank-for-agriculture-rural-development-national-bank-for-agriculture-rural-2026--2110","job-listing","215","af5999ff14769d8bb0d11a60f5adecef75d6151c7ee0f57d97993f51ed8b6d8c",""
"https://www.searchsarkarinaukri.com/jobs/national-bureau-of-plant-genetic-resources-national-bureau-of-plant-genetic-resources-2026--2299","job-listing","235","fe061669906a4773d2116cbb3df620cfd06f631bea775c182e173a0b04574b34",""
"https://www.searchsarkarinaukri.com/jobs/national-centre-for-cold-chain-development-young-professional-operations-2026--1396","job-listing","280","eb98fbf0fa0fd91519d3f96c872d36bb552bce65486cc33122c99d9a6e0f1991",""
"https://www.searchsarkarinaukri.com/jobs/national-commission-for-minorities-educational-institutions-recruitment-for-the-post-of-deputy-2026--1651","job-listing","147","a7690003b68bf2c7ca38c7d55ee1c41a9866b46b646a920c948bf34d9b4c2a0e",""
"https://www.searchsarkarinaukri.com/jobs/national-centre-of-radio-astrophysics-pune-recruitment-notification-national-centre-of-radio-2026--2013","job-listing","218","a0d3195c05649ef98f9deb7033cc4dbf6850ebe205e9e8d4b3df8bdd059fcb4c",""
"https://www.searchsarkarinaukri.com/jobs/national-commission-for-women-national-commission-for-women-2026--2054","job-listing","234","43a50ff72a62ad0c0c1d066bad1a18f36383f47a18bb172242c4a336444a4410",""
"https://www.searchsarkarinaukri.com/jobs/national-council-for-cooperative-training-ncct-recruitment-for-the-post-of-consultant-2026--4336","job-listing","145","68bced52d8c6d5304a537cc17fa53c8ead4d9818e4c1c28707c957ff7a5ff48c",""
"https://www.searchsarkarinaukri.com/jobs/national-council-for-cooperative-training-ncct-recruitment-for-the-post-of-lecturers-2026--2725","job-listing","143","140797018b8270158a6fc02ebd3d8a3dd1010dfb258bbfc26b42feee33d1f802",""
"https://www.searchsarkarinaukri.com/jobs/national-crafts-museum-hastkala-academy-national-crafts-museum-hastkala-academy-2026--1736","job-listing","232","2de61f650debfd5583deb349be9b02750b83c3f552bc842cced164f1907792aa",""
"https://www.searchsarkarinaukri.com/jobs/national-disaster-management-authority-deputation-for-the-post-of-consultant-2026--1654","job-listing","135","e23f272bcd0cc02ea591e7e24939b1e2b3198a74ee1bebe9d0fbe4b9d6b2e643",""
"https://www.searchsarkarinaukri.com/jobs/national-disaster-management-authority-deputation-for-the-post-of-senior-2026--1652","job-listing","141","d6cc5600e48a09ee60583a144e4828b62248de4ed378e4071afa44f3ae7f3783",""
"https://www.searchsarkarinaukri.com/jobs/national-disaster-management-authority-deputation-for-the-post-of-senior-2026--1655","job-listing","147","2bebc411327fc90cf94938207f7b30cc7c2b72c20e956971117983e58adecfeb",""
"https://www.searchsarkarinaukri.com/jobs/national-disaster-management-authority-deputation-for-the-post-of-senior-2026--1656","job-listing","143","58950f2d8feba15d03714cf83b2b989f8ededcc52312697ec3a2d68ffde0eb46",""
"https://www.searchsarkarinaukri.com/jobs/national-disaster-management-authority-deputation-for-the-post-of-senior-2026--1657","job-listing","149","f6c81ad99990a07a318879bf698a249cd9518af1e7486ddd511f00432aa6be33",""
"https://www.searchsarkarinaukri.com/jobs/national-disaster-management-authority-deputation-for-the-post-of-senior-2026--1658","job-listing","145","91232927d6e6b68ab8e6d422b62b6c2215da5882de283afc6afff72d99db8a03",""
"https://www.searchsarkarinaukri.com/jobs/national-disaster-management-university-deputation-for-the-post-of-lead-2026--3611","job-listing","144","38aab6354126c2968c5a84e9f5df10e06f4f97bba35c6a7e01d0f454ea4398df",""
"https://www.searchsarkarinaukri.com/jobs/national-dope-testing-laboratory-scientist-e-national-dope-testing-2026--1384","job-listing","320","f3aaf3da8415c7407846d8374a6c16cd732b6a484ac26276493905062c2a6830",""
"https://www.searchsarkarinaukri.com/jobs/national-environmental-engineering-research-institute-csir-neeri-recruitment-2026-1-2026--1671","job-listing","210","60aac6907214199b01701c67d61e4555f0d1bc593b3052f75c3bfc03aa19be8b",""
"https://www.searchsarkarinaukri.com/jobs/national-fertilizers-ltd-director-technical-2026--2410","job-listing","209","a9a829ee8a8207212ddf3f8f94258dd5fd6003da24e67c925b3345ad192c05f8",""
"https://www.searchsarkarinaukri.com/jobs/national-fertilizers-ltd-recruitment-of-field-representative-ndsc-center-2026--1527","job-listing","210","28b93d821a5950b54483eccc24d8eb5d84ca964f43adcba739bda1d5d0883c26",""
"https://www.searchsarkarinaukri.com/jobs/national-film-development-corporation-limited-nfdc-apply-for-15-senior-programmer-junior-2026--3705","job-listing","239","0893ea2254c3f5027f053998e177cb765f60871e8ad0a8163dd65024022ce299",""
"https://www.searchsarkarinaukri.com/jobs/national-film-development-corporation-mumbai-national-film-development-corporation-mumbai-2026--3120","job-listing","278","c269bd9cab4b05faabf08e8fd88cc65c5453c423efc360470c1803c191fff8c3",""
"https://www.searchsarkarinaukri.com/jobs/national-film-development-corporation-ltd-mumbai-apply-for-1-senior-executive-2026--4934","job-listing","204","6bf0667d547ddab151b9d50b2caf076e4e9ad8e6451678f0eec310a5b299d2ed",""
"https://www.searchsarkarinaukri.com/jobs/national-film-development-corporation-mumbai-national-film-development-corporation-mumbai-2026--3475","job-listing","278","be74b069c67e40fe632b933823d85f390c7983aa54d7238a76b48fe008345e9a",""
"https://www.searchsarkarinaukri.com/jobs/national-film-development-corporation-mumbai-national-film-development-corporation-mumbai-2026--4788","job-listing","236","da78ac5f3810fc905de437092a22b83fd298298cbd9fa227bcc8e8ba1e26b4d5",""
"https://www.searchsarkarinaukri.com/jobs/national-health-mission-chhatrapati-sambhajinagar-job-openings-at-national-health-mission-2026--2415","job-listing","215","a27e7ba5e213a91ba9c240fa9503361ef5bd2078f00e998eb369b4ecbe764b3c",""
"https://www.searchsarkarinaukri.com/jobs/national-health-mission-dhule-national-health-mission-dhule-2026--1800","job-listing","245","f69a9d5803323027ddafc48efe1e1bd1d34f561f9ce1aad72bb90617f003da9b",""
"https://www.searchsarkarinaukri.com/jobs/national-health-mission-jalgaon-national-health-mission-jalgaon-2026--2883","job-listing","238","f4192b4a7835fa7d2128c975e3bddb046a8b84629bd81253cbbe5fa51878cb67",""
"https://www.searchsarkarinaukri.com/jobs/national-health-mission-kolhapur-national-health-mission-kolhapur-2026--1940","job-listing","238","a61d82259a99367684b8c15a01ca35bf56854745c2d5866bdf5c7b2d9abb531b",""
"https://www.searchsarkarinaukri.com/jobs/national-health-mission-mumbai-apply-for-1-project-director-ems-2026--2453","job-listing","224","46ff4e5cc041ba20ce40cdb1f3ff580d38fe46a3bad7fc51cd5bd39c1c5edd4d",""
"https://www.searchsarkarinaukri.com/jobs/national-health-mission-mumbai-apply-for-28-regular-medical-health-2026--4595","job-listing","178","6299c8c0305f7fd0fa1d362f7713de5ae233f735acea80c95dcee8fa0c77d1d2",""
"https://www.searchsarkarinaukri.com/jobs/national-health-mission-nagpur-job-openings-at-national-health-mission-2026--2428","job-listing","209","fd5ac0cbe8b733b2487a56307449fa0b7b2b02e078eb21d423a539ca4705fff1",""
"https://www.searchsarkarinaukri.com/jobs/national-health-mission-nhm-jalgaon-national-health-mission-nhm-jalgaon-recruitment-2026--2978","job-listing","228","a8ca29150dad4e8e2028774f84dd298361f269dfcfc2ec4f5ec10402a8066656",""
"https://www.searchsarkarinaukri.com/jobs/national-health-mission-solapur-recruitment-notification-national-health-mission-solapur-2026--2699","job-listing","169","b34da4fa5498f04a91088bfbf67aeb27061ae28c0d657852b26002fa16da269f",""
"https://www.searchsarkarinaukri.com/jobs/national-health-mission-ratnagiri-apply-for-4-medical-officer-mbbs-2026--3570","job-listing","218","d03832398ce87c5f1c2a65f052febbc6c7298036c4b3c3f786b4661031dbecb4",""
"https://www.searchsarkarinaukri.com/jobs/national-health-mission-thane-municipal-corporation-apply-for-13-full-time-medical-2026--3514","job-listing","194","f5363dea93451f30938988fed4ec9b5981115240f5de6c6303dd9bc2aa11b4dd",""
"https://www.searchsarkarinaukri.com/jobs/national-health-mission-zilla-parishad-dhule-apply-for-yoga-instructor-post-at-2026--1787","job-listing","189","514b6e926456c5ebb6883c3fad8a8621c9e9bbe66dd72dc39f0a852637375b5b",""
"https://www.searchsarkarinaukri.com/jobs/national-health-systems-resource-centre-junior-consultant-knowledge-management-division-nhsrc-2026--2852","job-listing","350","a3487fbec3a7a1f36ca9980732afe1d0de430bac98eb107dcea8ada00a18470b",""
"https://www.searchsarkarinaukri.com/jobs/national-health-systems-resource-centre-consultant-community-processes-comprehensive-primary-healthc--1581","job-listing","318","9df0064406c4da42f4ac27e649d9e4317f94e7e11b656f0212852280f7aa9753",""
"https://www.searchsarkarinaukri.com/jobs/national-health-systems-resource-centre-junior-consultant-nha-cell-bop-2026--1343","job-listing","195","f905849ab7c22685324a0b2d0110ab9df420ada58545daa62774ed1f415a28f8",""
"https://www.searchsarkarinaukri.com/jobs/national-health-systems-resource-centre-lead-consultant-child-health-me-and-2026--2812","job-listing","232","478ba2f3d75528fe823db77c60dfae9f1e8a71880bc7a81e804db313a6f63639",""
"https://www.searchsarkarinaukri.com/jobs/national-health-systems-resource-centre-principal-team-lead-information-technology-division-2026--1528","job-listing","403","8ed4c348640284bd8887d44a748679ce0573c773afcd182de7095ed663ae77d6",""
"https://www.searchsarkarinaukri.com/jobs/national-health-systems-resource-centre-lead-consultant-knowledge-management-division-2026--1292","job-listing","306","79ea14e9574e49e34ebead4b4114d22196d1d41fe45c814458e177124f697046",""
"https://www.searchsarkarinaukri.com/jobs/national-health-systems-resource-centre-senior-consultant-comprehensive-primary-healthcare-and-2026--2855","job-listing","360","73fae08831ed5aa4f09393cb1d70981749e2edbc6ab8727761a24f0ae4cbb3f8",""
"https://www.searchsarkarinaukri.com/jobs/national-health-systems-resource-centre-senior-consultant-community-processes-nhsrc-2026--2854","job-listing","423","87227ead2063dad10ddc147364abb083e47837810bebdc4ebce14259972fde61",""
"https://www.searchsarkarinaukri.com/jobs/national-institute-of-design-assam-senior-assistant-finance-and-accounts-2026--1553","job-listing","221","cb81dddc518e9222c6c43aa9517419a7941cbc7c3c2f5e64c1b5098cf67dea77",""
"https://www.searchsarkarinaukri.com/jobs/national-institute-of-translational-virology-and-aids-research-icmr-nitvar-icmr-nitvar-recruitment-2--1678","job-listing","226","5eec81278fed1871b39ecaa28318861f93520b8d19c2701bf2806e3b81c0875c",""
"https://www.searchsarkarinaukri.com/jobs/national-insurance-academy-pune-national-insurance-academy-pune-2026--2345","job-listing","235","94aecb49a12c9da16dba1af471ced1ea22cbe88f22aecd1558e701d4e3fdec5a",""
"https://www.searchsarkarinaukri.com/jobs/national-insurance-academy-pune-national-insurance-academy-pune-invites-applications-2026--2455","job-listing","238","28cded02e08a75d93b74ebca18001b0b4bc44402894aa1e55a8924b3202b12e2",""
"https://www.searchsarkarinaukri.com/jobs/national-insurance-company-ltd-national-insurance-company-ltd-2026--3211","job-listing","230","a9eb920f893484923bcf674ce150c70143d9e05f3d615b8ec9e3a9af1b74288a",""
"https://www.searchsarkarinaukri.com/jobs/national-investigation-agency-national-investigation-agency-2026--2661","job-listing","231","a1ea16e7cd7ce62372c6fa19b377b7882e6fe57df23954211cd935a9fc523df1",""
"https://www.searchsarkarinaukri.com/jobs/national-investigation-agency-national-investigation-agency-2026--4875","job-listing","197","d41b907d5ad78e49b9baa284ba09a953aac81b1a3f6ed62bfaf1967b4766a76f",""
"https://www.searchsarkarinaukri.com/jobs/national-power-training-institute-recruitment-for-the-post-of-consultant-2026--1649","job-listing","139","3fcd1e6cf5fa52d675eaf49204cd103d90ba363e19c50c15fa9b66624513b601",""
"https://www.searchsarkarinaukri.com/jobs/national-research-development-coporation-chairman-and-managing-director-2026--1519","job-listing","169","e342ac74263da8f9218ee1d745f6e003a75524e09fd663d15b78b5480d0a9e7c",""
"https://www.searchsarkarinaukri.com/jobs/national-senior-college-nashik-national-senior-college-nashik-2026--4141","job-listing","242","39bf507cfe2d7888cd470f217d6a0602ccf39bc0c018cac58c1e6c35dbf17344",""
"https://www.searchsarkarinaukri.com/jobs/national-skill-development-corporation-marketing-executive-2026--1820","job-listing","186","e1946e7ff98df76efa9f09f8a47bb542637ff302c15f055124ae95b4197607b3",""
"https://www.searchsarkarinaukri.com/jobs/national-textile-corporation-ltd-chairman-and-managing-director-ntcl-2026--1380","job-listing","209","14e80d2e54a0d84153580a06fd7a059cebd404bf20ad63f2dd7d1913d1fe87de",""
"https://www.searchsarkarinaukri.com/jobs/national-textile-corporation-ltd-director-finance-ntcl-2026--1291","job-listing","213","aa905946a1fc0502e2e74ddc9339c6214b471dabc112a7e349f20ff41d8d2c01",""
"https://www.searchsarkarinaukri.com/jobs/national-thermal-power-corporation-limited-national-thermal-power-corporation-limited-2026--1965","job-listing","265","d3f948830b9d4a74b68abdc004c3d4952f5f9b262207dd713ce1a73e4d73c2e4",""
"https://www.searchsarkarinaukri.com/jobs/national-thermal-power-corporation-limited-national-thermal-power-corporation-limited-2026--2339","job-listing","265","1c9fe0c93995add337524b6ffb1c068a845a71404fd25b586833332d53b00e1d",""
"https://www.searchsarkarinaukri.com/jobs/national-thermal-power-corporation-limited-national-thermal-power-corporation-limited-2026--2539","job-listing","265","ab54d780d32699101d3f8e670d9566c136ec7ba9fae20cdc541e03c6a9e481db",""
"https://www.searchsarkarinaukri.com/jobs/national-thermal-power-corporation-limited-national-thermal-power-corporation-limited-2026--4214","job-listing","265","3580760acf126834c18c08a20deb93df196f3830cc39a4d7ff9e983628e6162d",""
"https://www.searchsarkarinaukri.com/jobs/national-thermal-power-corporation-limited-national-thermal-power-corporation-limited-2026--3405","job-listing","265","8903ec8700b54ff3fcb103ba8900852c727c1df9772bbe13670b960d933e3267",""
"https://www.searchsarkarinaukri.com/jobs/nav-sahyadri-charitable-trust-pune-nav-sahyadri-charitable-trust-pune-2026--2277","job-listing","254","f627a46bf5c7a3e77b4091fe324519dc6554f50dcc62c0439f2de037142361a2",""
"https://www.searchsarkarinaukri.com/jobs/national-thermal-power-corporation-limited-national-thermal-power-corporation-limited-2026--4484","job-listing","222","f6de135c36105330ffa6b6358ebbe97b70d46a81224b7c2f3dfca8462d4f0b91",""
"https://www.searchsarkarinaukri.com/jobs/navi-mumbai-mahanagarpalika-navi-mumbai-municipal-corporation-job-openings-at-navi-mumbai-mahanagarp--1792","job-listing","209","571a0ffb552e0f81b9f3342d139814ce10b9f6866034b73e1f2185f13e1c9002",""
"https://www.searchsarkarinaukri.com/jobs/navi-mumbai-municipal-corporation-nmmc-job-openings-at-navi-mumbai-municipal-2026--2206","job-listing","235","a47037999552e5ae81580f3abe04c0efda1b7249fdb02a1a7d9863c963430334",""
"https://www.searchsarkarinaukri.com/jobs/navi-mumbai-municipal-corporation-nmmc-job-openings-at-navi-mumbai-municipal-2026--3572","job-listing","187","ce561bf14cf9c8887b65503b7994a46dc85a276f0f55b00a6dc4df0233647e79",""
"https://www.searchsarkarinaukri.com/jobs/navi-mumbai-municipal-corporation-nmmc-job-openings-at-navi-mumbai-municipal-2026--2781","job-listing","220","7e056f1ac848dfd7e5ee78beac21ecc39741acaff8873d5678e6e73a6a8ea026",""
"https://www.searchsarkarinaukri.com/jobs/navodaya-vidyalaya-samiti-nvs-pune-region-navodaya-vidyalaya-samiti-nvs-pune-region-2026--2425","job-listing","218","cdde15d144d5198e32d68b28de1b4ff814198e31e6f2b330f487b19d3e5dc331",""
"https://www.searchsarkarinaukri.com/jobs/navodaya-vidyalaya-samiti-nvs-pune-region-navodaya-vidyalaya-samiti-nvs-pune-region-2026--3198","job-listing","188","37a975cd573554718a72376e5847a162210c3ff0d655bd77e114cdfa708cb8b7",""
"https://www.searchsarkarinaukri.com/jobs/navsanjivan-shikshan-mandals-college-of-pharmacy-navsanjivan-shikshan-mandals-college-2026--4714","job-listing","226","ea08039e2d8a88da64847652402c548733d9d6ba5d6b72787678ded9a5ceca86",""
"https://www.searchsarkarinaukri.com/jobs/navy-navy-2026--1549","job-listing","250","1a8fd71aa3c24d74624ee0d20d68ff71e0e154613e18ebfeadcb90aaa8c5f6ba",""
"https://www.searchsarkarinaukri.com/jobs/nawegaon-nagzira-tiger-reserve-forest-department-nawegaon-nagzira-tiger-reserve-forest-department-20--2418","job-listing","212","54849e2a38e1a9fa5f00b90bc4b8d5c7b894309ebba3345f91cd9a92b9a2c845",""
"https://www.searchsarkarinaukri.com/jobs/nawegaon-nagzira-tiger-reserve-gondia-nawegaon-nagzira-tiger-reserve-gondia-2026--2384","job-listing","252","f59b48da87d808e49f532ee0e0ab19ad71d131de339618c99707fea47a7d7453",""
"https://www.searchsarkarinaukri.com/jobs/nbcc-nbcc-2026--3776","job-listing","213","c1a0c077cb2aaef06f89af179d601e7b03dab0a9753ffc8d545f7997343335e9",""
"https://www.searchsarkarinaukri.com/jobs/nba-nba-2026--4010","job-listing","188","0ee6493ad3c23233df0b86eada085dc2b6536c79fe1bdc9caa9a28b3c44b4bc1",""
"https://www.searchsarkarinaukri.com/jobs/nbt-nbt-2026--2494","job-listing","220","acedaf1a5bafb5cddbb2a7d304543a93bfe8ce34adbd35dd50149a212cfa2a13",""
"https://www.searchsarkarinaukri.com/jobs/nbt-nbt-2026--1917","job-listing","220","09010984cfbe07df005257a8c6caa910e24191852bad996c551e9fcd307b32eb",""
"https://www.searchsarkarinaukri.com/jobs/nbt-nbt-2026--2892","job-listing","220","eca2eaed2b482ef327518c8963ca1859c1ddda466ffd94748d49dad6498aed3d",""
"https://www.searchsarkarinaukri.com/jobs/nbt-nbt-2026--2921","job-listing","220","0c28c293630f5855b29671d56f9d565129071980803ddffcfb540932c977e0ee",""
"https://www.searchsarkarinaukri.com/jobs/nbt-nbt-2026--3963","job-listing","220","4c0da24d25a949d8bd081672add9cad278750dd7dc5a86c8bf5a672356b024c1",""
"https://www.searchsarkarinaukri.com/jobs/nbt-nbt-2026--3851","job-listing","220","3bffcfbd53aa3edf8585caefe09c7f031920a288887e8a2efc8aee55784c62a1",""
"https://www.searchsarkarinaukri.com/jobs/ncdc-ncdc-2026--4371","job-listing","201","c6b3f3defb854e8886737ef3765fa4d10a82f58e79ff6b96f47d9e0eb88a04a8",""
"https://www.searchsarkarinaukri.com/jobs/ncb-ncb-2026--4084","job-listing","209","3933024cf42425e23d10aec192eb462b263e03ef92ec6e0808c616beb3090617",""
"https://www.searchsarkarinaukri.com/jobs/ncert-ncert-2026--2995","job-listing","221","19d1871a85bd53893d7d4661ca5e24b4f5e8d70ee9e041ab463b598cc70e15b8",""
"https://www.searchsarkarinaukri.com/jobs/ncl-pune-ncl-pune-2026--1830","job-listing","241","0b4a0af39191a64490632d91c03fbf7dbb73420ec7f6a938544a91122b24a429",""
"https://www.searchsarkarinaukri.com/jobs/ncl-pune-ncl-pune-2026--1903","job-listing","241","2a55448aaa0b759ddea764d5509660cdec41eb66d35d4b016eb79789b1d248e2",""
"https://www.searchsarkarinaukri.com/jobs/ncl-pune-ncl-pune-2026--2238","job-listing","241","94a1aa959a6e42d29463b4ff5b2de8ec45050b113242cc1f70e08db6cd7565f6",""
"https://www.searchsarkarinaukri.com/jobs/nclt-assistant-recruitment-2026-apply-offline-for-14-posts--3188","job-listing","201","36a2beecc76da63871055a56ddfe8712780f323d9c8e3ca5fd3e6c0df9c16ddb",""
"https://www.searchsarkarinaukri.com/jobs/ncl-pune-ncl-pune-2026--2877","job-listing","241","81286878376b2025406de94af0aed9ee3dad76b9cf51a67da4089fc7e6932f1f",""
"https://www.searchsarkarinaukri.com/jobs/nclt-assistant-registrar-recruitment-2026-apply-offline-for-2-posts--3183","job-listing","172","e0b688787e6b6f0976e37c6dc783e9f8863f6216e2bae2f4eeac4aab2ff69f68",""
"https://www.searchsarkarinaukri.com/jobs/nclt-cashier-recruitment-2026-apply-offline-for-1-post--3190","job-listing","203","0cb180af9decdcbed4653f1f017f7cd5548e1eca8c4e7b83988cf26e90f4aff3",""
"https://www.searchsarkarinaukri.com/jobs/nclt-deputy-registrar-recruitment-2026-apply-offline-for-6-posts--3182","job-listing","192","ab7ccf6c277d310d7cfa00013c4d194adc8bcff58fc54d8334434103f4c12bd2",""
"https://www.searchsarkarinaukri.com/jobs/nclt-court-officer-recruitment-2026-apply-offline-for-12-posts--3185","job-listing","216","36660430c7b252b8396cfc79a7c456e8c451aef48fbb2b116b00772f1459641b",""
"https://www.searchsarkarinaukri.com/jobs/nclt-joint-registrar-recruitment-2026-apply-offline-for-2-posts--3181","job-listing","212","235eaba069ba7fe4f305ca822e4865f8a7ad50c657303b6916e5bd301699dcdb",""
"https://www.searchsarkarinaukri.com/jobs/nclt-private-secretary-recruitment-2026-apply-offline-for-23-posts--3186","job-listing","215","c19004f4eabaf60a80f2fd7975ce2f97bcb51da45c910aafc837d9a70a439d30",""
"https://www.searchsarkarinaukri.com/jobs/nclt-programmer-recruitment-2026-apply-offline-for-1-post--3184","job-listing","209","e6bf0d91a27ab950d725ae0db76785e4c5be91b0fa2e9014870d0ade0f86e746",""
"https://www.searchsarkarinaukri.com/jobs/nclt-record-assistant-recruitment-2026-apply-offline-for-8-posts--3191","job-listing","189","0f008d060fbc82795c0285e34f6043ea9dad671188214aa1bf8fe6eee3344c3b",""
"https://www.searchsarkarinaukri.com/jobs/nclt-staff-car-driver-recruitment-2026-apply-offline-for-2-posts--3193","job-listing","238","facf057b27f6b1e1e604bf36d7e4386432aafec974ac2536fb974e3d71e3a5a7",""
"https://www.searchsarkarinaukri.com/jobs/nclt-senior-legal-assistant-recruitment-2026-apply-offline-for-20-posts--3187","job-listing","198","100f0b28003dc211d4eee4167b01cb5dccade498d14cd9fa7b8baab69db5f272",""
"https://www.searchsarkarinaukri.com/jobs/nclt-upper-division-clerk-recruitment-2026-apply-offline-for-3-posts--3192","job-listing","184","1c8fd7e95bb5ff9a99ece48bef2bf62cb0181b9a0b431ee8a649de4c23072306",""
"https://www.searchsarkarinaukri.com/jobs/nclt-stenographer-grade-i-personal-assistant-recruitment-2026-apply-offline-for-7-posts--3189","job-listing","220","cd15d2da40ad8cb1172c3d2eb801baee38502c83fa13673a3a2013372e4b8a62",""
"https://www.searchsarkarinaukri.com/jobs/ncpor-goa-ncpor-goa-2026--2475","job-listing","212","6b12958555d1acbb059443d23a2901cf6bd2e2d75d09c24a217fd859ec76605d",""
"https://www.searchsarkarinaukri.com/jobs/ncpor-goa-ncpor-goa-2026--3590","job-listing","212","1edb034a58f645eca51e4b56d089f2fb6a216747f344afbf510a381e2bf6ab8f",""
"https://www.searchsarkarinaukri.com/jobs/ncr-ncr-2026--2836","job-listing","226","6ed13b1a0426b88ad5847159295e5f3c6b6edfb688694923acf42dee57e22ec4",""
"https://www.searchsarkarinaukri.com/jobs/ncr-ncr-2026--4782","job-listing","195","cdaace1d6b632f48992c6050ac1da82a552263303993b8a4a28699e80c7198a3",""
"https://www.searchsarkarinaukri.com/jobs/ncra-administrative-assistant-b-recruitment-2026--4858","job-listing","286","9cb4c48baa3fa2e4b3f70b3a7426a23677fffaf20815a5fcdf08097c7ab04057",""
"https://www.searchsarkarinaukri.com/jobs/ncra-administrative-trainee-recruitment-2026--4854","job-listing","277","6ee2c7eb89fe76f8819a6005fd71102aaea7a62392dcf2750b181e67fcd34f65",""
"https://www.searchsarkarinaukri.com/jobs/ncra-clerk-a-khodad-recruitment-2026--4862","job-listing","288","f740b506cc00ff9f5041adde78f06839a9e7dc7f5dcc97c7d6f2f814ea1f3af1",""
"https://www.searchsarkarinaukri.com/jobs/ncra-driver-b-khodad-recruitment-2026--4863","job-listing","297","210091dbfaeb8e8f3b4ecc7c55990a1356d0783c2e9a584ce34966b6b885c06d",""
"https://www.searchsarkarinaukri.com/jobs/ncra-clerk-a-pune-recruitment-2026--4859","job-listing","285","6ef56566fd939a9b22a9a458d7662d0e2ddef0277c6bebcace59d71a3447ddce",""
"https://www.searchsarkarinaukri.com/jobs/ncra-driver-b-pune-recruitment-2026--4860","job-listing","302","7fe9c75e62e29978d58f86b9d504b714169d76c33f24766b3eb6e3044045ecc0",""
"https://www.searchsarkarinaukri.com/jobs/ncra-engineer-trainee-servo-recruitment-2026--4852","job-listing","295","691cd564ba72c5cf0d3cb7524b9afa91dc85cf1ad59fa8d9b2ff19dd8063da72",""
"https://www.searchsarkarinaukri.com/jobs/ncra-library-trainee-recruitment-2026--4853","job-listing","277","4b2526612f80a243d01e6cbf7a5651b77510386a95dbc75ffa5ad8f8f5acf89d",""
"https://www.searchsarkarinaukri.com/jobs/ncra-laboratory-assistant-b-electronics-recruitment-2026--4861","job-listing","302","cef7e2ecd1a5448f336638847d881b3faf465a25ec7da9f84545bfed0862b120",""
"https://www.searchsarkarinaukri.com/jobs/ncra-project-administrative-assistant-recruitment-2026--4848","job-listing","284","d2d13496737fd029e6a219c42574861f60332afa298b82e4184d246f7288b1ec",""
"https://www.searchsarkarinaukri.com/jobs/ncra-project-administrative-officer-recruitment-2026--4847","job-listing","296","6cb3d3ca099033b8a1a639c8b129ee21eacc5eb72ff8fb080bc04c29efd1b93f",""
"https://www.searchsarkarinaukri.com/jobs/ncra-project-technical-assistant-low-hardware-recruitment-2026--4849","job-listing","309","9693ce13893c8593d9865acc045f46d7af0b7061c57bc6b4d7b5d5f6ff8873ac",""
"https://www.searchsarkarinaukri.com/jobs/ncra-project-technical-assistant-omc-recruitment-2026--4850","job-listing","292","bd9464999e030a46505c3011c5979c1d369b5b7ffe1ee5f4e26a6de207e188e7",""
"https://www.searchsarkarinaukri.com/jobs/ncra-project-technical-assistant-src-recruitment-2026--4851","job-listing","312","05f167d3f5f124cffce2ebd6d57be52291692e0ea009a3d3f0331cdf96e7ba22",""
"https://www.searchsarkarinaukri.com/jobs/ncra-pune-ncra-pune-2026--1952","job-listing","269","d3c063f52b9989204f664ed3eb75eaa73dc82e7310fcdae0c769e9854370882b",""
"https://www.searchsarkarinaukri.com/jobs/ncra-security-guard-recruitment-2026--4864","job-listing","324","a29fc6af42fb2bcd4eb37c1cfb21353ebac2751f2e6757ad3aced6b9a3c9d275",""
"https://www.searchsarkarinaukri.com/jobs/ncra-pune-ncra-pune-2026--4149","job-listing","234","d649e32cbd7ea3022b2d5a64ee90503d5cc16e0fd06bc8b56180cb9f1deddea9",""
"https://www.searchsarkarinaukri.com/jobs/ncra-pune-ncra-pune-2026--4085","job-listing","234","20f9cd78adc2f3b81de2b1afdc740c90072b91b37ddc6735b4bde32b2e41b447",""
"https://www.searchsarkarinaukri.com/jobs/ncra-tradesman-trainee-electrical-recruitment-2026--4855","job-listing","281","32336b667f7252b29408799fc59ba584e1af82d105bbad6e7b144024ba80e8c3",""
"https://www.searchsarkarinaukri.com/jobs/ncrtc-ncrtc-2026--1832","job-listing","219","1c9d6da364fc5cfa16183cd840c0c4e5d3832112f2978386809435afbea0bbd1",""
"https://www.searchsarkarinaukri.com/jobs/ndma-ndma-2026--4258","job-listing","195","e3c2d526d6eb81b313b5f0fe940205b0241864d3bf16564a69a7bef7fea2ebfc",""
"https://www.searchsarkarinaukri.com/jobs/ndma-ndma-2026--2466","job-listing","231","8abe80dc699383382f8b9888d6a1e3353dc49ba6064f8e13df0e9d1896d336ba",""
"https://www.searchsarkarinaukri.com/jobs/ncrtc-ncrtc-2026--4005","job-listing","188","4ab4338490b229ba1eb0e282a3b3700a026262e23c93a428f342cc98bf7d25e9",""
"https://www.searchsarkarinaukri.com/jobs/neepco-neepco-2026--2360","job-listing","229","09543b0a6ee24fd03bc36bded795160e0f812f3748c504d123724a0026f9b78d",""
"https://www.searchsarkarinaukri.com/jobs/neepco-neepco-2026--4589","job-listing","198","c5909f071a32410836f864dd6c583e425574dc283010e3f26d86d5922f6610c5",""
"https://www.searchsarkarinaukri.com/jobs/neeri-nagpur-neeri-nagpur-2026--2364","job-listing","237","d4f9fad3bd25326e758a46d51421eba8d290e54d70d9eb288f4d39bedf04b210",""
"https://www.searchsarkarinaukri.com/jobs/neeri-nagpur-neeri-nagpur-2026--1749","job-listing","237","b4fafbcf8fc9509419ce054ca24fe12280141d2a4c18c81ce8cb6fac66d907d4",""
"https://www.searchsarkarinaukri.com/jobs/neeri-nagpur-neeri-nagpur-2026--2495","job-listing","237","d7648cf0f928d9991bb5f0b14e06dcb34953808408627dea181b620fc48c458d",""
"https://www.searchsarkarinaukri.com/jobs/neeri-nagpur-neeri-nagpur-2026--3072","job-listing","237","23197a0efe9dec7e70278aed9309f503d1fe7b8be3d9eec739a80b4ab559d64b",""
"https://www.searchsarkarinaukri.com/jobs/nehru-science-centre-mumbai-nehru-science-centre-mumbai-2026--2041","job-listing","247","9be2cd90af6ad2e6dfa3e5a193425477d5ed74a13df285f71cf1855a873fb1ed",""
"https://www.searchsarkarinaukri.com/jobs/neeri-nagpur-neeri-nagpur-2026--3648","job-listing","237","cf039e8c636b2475638102943205c38e53b7117d3727d209687a260b3cb5d279",""
"https://www.searchsarkarinaukri.com/jobs/nellore-dccb-staff-assistant-recruitment-2026-apply-online-for-48-posts--4191","job-listing","199","dffbba03a08b75db37626f0c20a5e690bb50bd49e0e6192fd51c7982bcec0472",""
"https://www.searchsarkarinaukri.com/jobs/new-india-assurance-new-india-assurance-2026--2055","job-listing","232","e261a5d0874581d50dcb09ce31af904dc721de282a15be9c9d755b0b945d92b3",""
"https://www.searchsarkarinaukri.com/jobs/nfl-nfl-2026--1595","job-listing","270","924094eebcdebc06788bee6650ff2b2fa0977dafff3772a436ee64857cbaff0e",""
"https://www.searchsarkarinaukri.com/jobs/new-india-assurance-new-india-assurance-2026--2267","job-listing","232","a8a838e742555198c1df32c5ee0a481ddb49ae9d6853ac617fa24aff4849921e",""
"https://www.searchsarkarinaukri.com/jobs/nfl-nfl-2026--1877","job-listing","205","a0dce6b5e97094576830d0050c409825aa4bb9ef310aab3f7b008c861e640602",""
"https://www.searchsarkarinaukri.com/jobs/nfr-act-apprentice-recruitment-2026-alipurduar-division-apply-online-for-651-slots--4029","job-listing","196","e01d635dbb8e5c10d07ee9a54fe2b4e16844401ba03d56eaaab0d724ee7011e6",""
"https://www.searchsarkarinaukri.com/jobs/nfr-act-apprentice-recruitment-2026-dibrugarh-workshop-apply-online-for-763-slots--4034","job-listing","234","cdb0a41ac944788d186c65d3a5ebffa6b0a5a5b5db80f6b0c2fe17b8aecb179b",""
"https://www.searchsarkarinaukri.com/jobs/nfr-act-apprentice-recruitment-2026-headquarters-maligaon-apply-online-for-495-slots--4035","job-listing","231","23c7d78bb0095c77d56afbc7e20a4808270b1ee1f61cd95c024300e5d53fa704",""
"https://www.searchsarkarinaukri.com/jobs/nfr-act-apprentice-recruitment-2026-katihar-kir-tindharia-workshop-apply-online-for-1103-slots--4028","job-listing","235","d5068a76e5713cd55af235c02e04d25d23923c7a976757cac10d63310f31ee5f",""
"https://www.searchsarkarinaukri.com/jobs/nfr-act-apprentice-recruitment-2026-lumding-division-apply-online-for-1274-slots--4031","job-listing","227","8132acfb84841f1905bf044db95e2031e92a87f252ec5e4b46fc404e130a0e1b",""
"https://www.searchsarkarinaukri.com/jobs/nfr-act-apprentice-recruitment-2026-new-bongaigaon-workshop-engineering-workshop-apply-online-for-881-slots--4033","job-listing","226","df964c44745ebfb873871078bef139bfaceeade72dddaa3d7496908fe20324dc",""
"https://www.searchsarkarinaukri.com/jobs/nfr-act-apprentice-recruitment-2026-rangiya-division-apply-online-for-750-slots--4030","job-listing","220","c3ac1f23e616e0fd73de4f1041dfbf43680bf179582677ae5c7b28bf43d47d79",""
"https://www.searchsarkarinaukri.com/jobs/nfr-act-apprentice-recruitment-2026-tinsukia-division-apply-online-for-860-slots--4032","job-listing","225","fd64ad1c69783e49c297fc9d1054d397c1b1c47abd5956db14ed09ce32b415f8",""
"https://www.searchsarkarinaukri.com/jobs/nfr-katihar-division-tdh-workshop-apprentice-recruitment-2026--3109","job-listing","250","b8d0cff4e9e3898b87d1f26d40fcee1d5ff067ab26e2f7f8823265201870307a",""
"https://www.searchsarkarinaukri.com/jobs/nfsu-field-investigator-recruitment-2026--4866","job-listing","259","7bfdebdbf36add9a08fab57944aa4cb79c14ebefb8b075f7af6f0720ec597793",""
"https://www.searchsarkarinaukri.com/jobs/nfsu-nfsu-2026--1927","job-listing","211","f328383fa73e0482241f34b8dd41b1b75594286fe876bf35190ba03d7db27c97",""
"https://www.searchsarkarinaukri.com/jobs/nfsu-research-assistant-recruitment-2026--4865","job-listing","241","dc43d4156a877af686d38f2b9891d7b4f2b1562112fe0c0d4c512c42e917a4bf",""
"https://www.searchsarkarinaukri.com/jobs/ngel-assistant-engineer-re-recruitment-2026--2951","job-listing","292","b78d572a85f61ccc9be00f5267a64424d36e4fa18e6ab83713147a597732a6fe",""
"https://www.searchsarkarinaukri.com/jobs/ngel-deputy-general-manager-re-recruitment-2026--2950","job-listing","291","046c1d93e174d1ae6b4ba1797014d7ed086b87a0a3d106b6caa797714c8874c3",""
"https://www.searchsarkarinaukri.com/jobs/ngel-engineer-re-civil-recruitment-2026--4907","job-listing","251","1d7b79d8976537b8a0d4e8484f8c3b80911f63fa7e74a0e937176f9e989b61ac",""
"https://www.searchsarkarinaukri.com/jobs/ngel-engineer-re-mechanical-recruitment-2026--4909","job-listing","219","682f3579761f8f39ac01d80e2ca2be09f677cf8ede1c3b8bd2c83a3c7307fe34",""
"https://www.searchsarkarinaukri.com/jobs/ngel-engineer-re-electrical-recruitment-2026--4908","job-listing","239","84e5f57d52d531410885331defeeb53d9e49dad2a357c292def555998ece4ac2",""
"https://www.searchsarkarinaukri.com/jobs/ngel-engineer-re-safety-recruitment-2026--4912","job-listing","215","4d90758cfb8b648f05dc9a0f413a4436309c877b6ca23be2cc6c7aafe0f45ed6",""
"https://www.searchsarkarinaukri.com/jobs/ngel-executive-finance-recruitment-2026--4911","job-listing","207","540c09c64a26a1d6667f3816179fd1f66d66c0df31140f16db824ced8794d8d7",""
"https://www.searchsarkarinaukri.com/jobs/ngel-executive-csr-recruitment-2026--4913","job-listing","213","6ac9eea6308200e9c21c7d517fc303b0043236603d2acce9bfb0bc0ce7e52755",""
"https://www.searchsarkarinaukri.com/jobs/ngel-executive-human-resource-recruitment-2026--4910","job-listing","217","a74b8a0018f6934fd6ad6a2ac3e490bc12d064ffa0db8fd9986bab60d81b20bc",""
"https://www.searchsarkarinaukri.com/jobs/ngel-executive-rajbhasha-recruitment-2026--4914","job-listing","215","d5488594ee6baa3a7f420ef6e8e2fc0be2e0329f52d895ba0bee8c3106385d0c",""
"https://www.searchsarkarinaukri.com/jobs/ngel-ngel-2026--2534","job-listing","196","d53a50a087d8f7d00caa937586b5d691d3cd78d79717c36842d43f0afd5f23b7",""
"https://www.searchsarkarinaukri.com/jobs/nhai-2026--1108","job-listing","258","b5f710bad78e050a2c4e213f463801b97b311ece5b542a8396ea6d4dc13be045",""
"https://www.searchsarkarinaukri.com/jobs/nhai-nhai-2026--2785","job-listing","246","2f0f35b78ec08dc345290899f4e5c3d799fe8c9d3b15dad18a1f452af9eb6b3b",""
"https://www.searchsarkarinaukri.com/jobs/nhai-nhai-2026--4379","job-listing","218","d2e650c28746aa87054b0efe4631eba6a0a430ac304e7fe857cc3f1c1ff2a202",""
"https://www.searchsarkarinaukri.com/jobs/nhai-nhai-2026--4779","job-listing","218","1e2bd302580948dd6fe32277aa3d53303ea25922269d288858e5883592fa1ebb",""
"https://www.searchsarkarinaukri.com/jobs/nhai-nhai-2026--4887","job-listing","218","920b5321baee87ed25ca47cf1ed62c1fc3c0e0f0550e7116f0f5d48b1d75387f",""
"https://www.searchsarkarinaukri.com/jobs/nhb-nhb-announces-recruitment-for-regular-contractual-2026--1462","job-listing","126","885fc9265764cc258f1b1dd73cc140bf03c455b79a1e5249cf377e82f7e2d3d8",""
"https://www.searchsarkarinaukri.com/jobs/nhidcl-associate-recruitment-2026-100-posts--2765","job-listing","213","99eea00b323f6013e7c49c1e1eb8c10a2e7c9ade62119fe475823196f8d9d482",""
"https://www.searchsarkarinaukri.com/jobs/nhidcl-nhidcl-2026--2803","job-listing","212","64ace9aef2c326ed9428b9e8ce121f08ca891b21fb8b13120d4673df956e2ba7",""
"https://www.searchsarkarinaukri.com/jobs/nhm--996","job-listing","353","1caf3549b42baba94c2a53729c79f3379b890607dbfa3bcfef146ed292bb2973",""
"https://www.searchsarkarinaukri.com/jobs/nhm-akola-nhm-akola-2026--2588","job-listing","231","811c5d0802793b574311215ffc049bd58c702819545ab496a8066cca94a33019",""
"https://www.searchsarkarinaukri.com/jobs/nhm-dadra-nagar-haveli-nhm-dadra-nagar-haveli-2026--3896","job-listing","227","c64bfcbb4f8e524c7aa45efa0c135b58a81d8f2823170a6ff31fc9e893b3c5c6",""
"https://www.searchsarkarinaukri.com/jobs/nhm-dharashiv-nhm-dharashiv-2026--3117","job-listing","198","a4ea458b2559050b2672055bf5e10807fc55a75bbaf9b3f59ae61ab1f45e9b72",""
"https://www.searchsarkarinaukri.com/jobs/nhm-latur-nhm-latur-2026--3660","job-listing","237","26962b911c69a5be7721ddb6601a85ab7801b107b904115459069b19a710a302",""
"https://www.searchsarkarinaukri.com/jobs/nhm-mumbai-nhm-mumbai-2026--2362","job-listing","256","ccefb2161550a2bb9bcdbe13cba21155f577f13cc547b033094c20ed8760e6d1",""
"https://www.searchsarkarinaukri.com/jobs/nhm-latur-nhm-latur-2026--3778","job-listing","237","93e9dd12683fa0dcf145b34a10b3a079614b2e702a7d07b79ceda3ca089ae63d",""
"https://www.searchsarkarinaukri.com/jobs/nhm-mumbai-nhm-mumbai-2026--4588","job-listing","220","35d908638a5067bc0eadb078b37ceeacff50aacccd24decc93f76d4e6330097e",""
"https://www.searchsarkarinaukri.com/jobs/nhm-nagpur-nhm-nagpur-2026--1761","job-listing","233","d27f74f36d7bb4956060512c1a087d7e857179efad9edc0424c8186ee51e1115",""
"https://www.searchsarkarinaukri.com/jobs/nhm-nagpur-nhm-nagpur-2026--2378","job-listing","237","3036fcc77c0b6029b3662303fa42f2ae4665df49ece099a2918b24144aef59af",""
"https://www.searchsarkarinaukri.com/jobs/nhm-ratnagiri-nhm-ratnagiri-2026--3534","job-listing","230","9f27433116e12b87ead9844b3dd8e827cfe440925d32eb3bb70935f167ed4198",""
"https://www.searchsarkarinaukri.com/jobs/nhm-sambhaji-nagar-nhm-sambhaji-nagar-2026--2440","job-listing","226","50431e3ac713082d90f7254aaf14d235a40be794fdadd5cbc8f22334b320aad0",""
"https://www.searchsarkarinaukri.com/jobs/nhm-sambhaji-nagar-nhm-sambhaji-nagar-2026--2930","job-listing","226","d9e2851b8bc612d6eec1946aa77130f05af7f47963f85fe31eccda204cfa6b89",""
"https://www.searchsarkarinaukri.com/jobs/nhm-solapur-nhm-solapur-2026--2630","job-listing","230","4cbcef7ad2a43d3eb4ebc4337862c7610d69170b337ff1f38a625d935437f041",""
"https://www.searchsarkarinaukri.com/jobs/nhm-sambhaji-nagar-nhm-sambhaji-nagar-2026--3166","job-listing","226","157d5f130bf58b79644a71b23208131089dcda3669d9710f4ae713badd7843db",""
"https://www.searchsarkarinaukri.com/jobs/nhm-wardha-nhm-wardha-2026--2920","job-listing","232","6bcfb6458c9c68d2ae8e5e084cab78103e5551c5ef6e26a2786311eacf13f457",""
"https://www.searchsarkarinaukri.com/jobs/nhm-solapur-nhm-solapur-2026--4719","job-listing","234","7f06ca77c919d31021a8736bd591a7b5fd8429198825580dc8687286ffba8c3b",""
"https://www.searchsarkarinaukri.com/jobs/nhrc-nhrc-2026--3906","job-listing","198","34a4e09bad1b029c6eeac19e8ed0277146e82d3d97797f208c268faa73833798",""
"https://www.searchsarkarinaukri.com/jobs/nhsrcl-nhsrcl-2026--1899","job-listing","222","fe58a646e83fd026faa87051b365bfd276d9b4c7d9569ecd163284a9d2f7f61d",""
"https://www.searchsarkarinaukri.com/jobs/nhsrcl-nhsrcl-2026--1973","job-listing","222","1d467076a5bc88ce614a4b5c9ad929dd7fdec17836291bdfffcccc98710b744c",""
"https://www.searchsarkarinaukri.com/jobs/nhsrcl-nhsrcl-2026--2800","job-listing","222","785d2bb8f89c62fd33219794495424a8b51768d048ea5ce968ee0a4350688d1d",""
"https://www.searchsarkarinaukri.com/jobs/nhsrcl-nhsrcl-2026--4879","job-listing","192","6397f7fbb3825e8ee12639a82d14e376a485567b294ac99a69202798e6390b0c",""
"https://www.searchsarkarinaukri.com/jobs/nhsrcl-technician-recruitment-2026-237-posts--2760","job-listing","189","7700b7231db4898240f8a0b6a2cdd4c5b803b1fe111704a913d9aeeddb6cf0be",""
"https://www.searchsarkarinaukri.com/jobs/nia-2026--1558","job-listing","275","7e026cf1764cd54b89323fdc986f55042fadecaeb1cb530feb2223769c14ac91",""
"https://www.searchsarkarinaukri.com/jobs/nicl-assistant-recruitment-2026-apply-online-for-500-posts--3175","job-listing","240","15b1ddbd22027ee749d485ab030063d406c8028dc56eec0d4c5c72be7603153e",""
"https://www.searchsarkarinaukri.com/jobs/nift-nift-2026--2266","job-listing","220","517df3f89dd36793509eba4b243c1ca104cdd523ffabf7a8c959a92f7d0e8b26",""
"https://www.searchsarkarinaukri.com/jobs/nift-nift-2026--2034","job-listing","220","70b087adb70a088f0233c88fc57beed616b7ed74ea9542083899b733f5344cf1",""
"https://www.searchsarkarinaukri.com/jobs/nio-goa-nio-goa-2026--2062","job-listing","199","bad978477be5c5d038f9a1514fe284ebe4671bd37a25b589100bb6b6b692fad2",""
"https://www.searchsarkarinaukri.com/jobs/nift-nift-2026--2540","job-listing","220","e60f3de4a7dc20cb290388f04133d651ec23248793b5fb25ccdd2457fd3c9249",""
"https://www.searchsarkarinaukri.com/jobs/nio-goa-nio-goa-2026--2180","job-listing","211","a4e3667b3f72beb1fb40d94f581ce0f30d00cbad065b953efb462119a45a634f",""
"https://www.searchsarkarinaukri.com/jobs/nio-goa-nio-goa-2026--2496","job-listing","211","698ce5260aa09c31511bbfdc1786770e18da7e1a369734972870e6c7ef867cfd",""
"https://www.searchsarkarinaukri.com/jobs/nio-goa-nio-goa-2026--3908","job-listing","211","9a1c75ac58d3a6ac6c7e4c153bb7be246bbd38bb07b52dcae10e0b17955bcdcc",""
"https://www.searchsarkarinaukri.com/jobs/nio-goa-nio-goa-2026--2981","job-listing","199","bc05cf1f40ef9da4dfc6f75e13327c11fb1776773b61aaa0e13494548e4ae7a8",""
"https://www.searchsarkarinaukri.com/jobs/nirdpr-nirdpr-2026--1924","job-listing","221","1ecfde6b9051468990b9850b70554a3c737e0f11fadab1fca83203029c856a1a",""
"https://www.searchsarkarinaukri.com/jobs/nit-goa-nit-goa-2026--1990","job-listing","223","b47ca6648c790aedaa0503d6dbe847494614e28ef3f7addfce415428c060df16",""
"https://www.searchsarkarinaukri.com/jobs/nit-goa-nit-goa-2026--2184","job-listing","223","b0770356d17c5884d34c4e028f12297fb144f6f197ea606c8c5af75b0f2972d2",""
"https://www.searchsarkarinaukri.com/jobs/nirdpr-nirdpr-2026--2634","job-listing","221","161786c200675396f9090371cdf6a99d49071e1d8443ace523e84de27b83ff44",""
"https://www.searchsarkarinaukri.com/jobs/nit-goa-nit-goa-2026--2226","job-listing","223","fa927db12d8bbed9279e5bdaa79e4918eb21a094130cfdfa78df3a790eb8701f",""
"https://www.searchsarkarinaukri.com/jobs/nit-goa-nit-goa-2026--2397","job-listing","223","30cb6b57f04a60af475491a0a65d9e60b13ff08047a8d05080bfe7b1532ef008",""
"https://www.searchsarkarinaukri.com/jobs/nit-goa-nit-goa-2026--2338","job-listing","223","2d132379dc8faf57bb49ec4a61dd7049f413a15683a67a2834d7a0d5b68c8f1b",""
"https://www.searchsarkarinaukri.com/jobs/nit-goa-nit-goa-2026--3299","job-listing","223","7e55bccc5dd0a0893d84a742d7f9e11b7da77e48058cfbf1c357145148c8ba15",""
"https://www.searchsarkarinaukri.com/jobs/nit-nagpur-nit-nagpur-2026--1752","job-listing","245","963d34e232cbc10612c1522fb5828ab2f7927933ff131ab364eae9fe0100d434",""
"https://www.searchsarkarinaukri.com/jobs/nit-nashik-nit-nashik-2026--1721","job-listing","225","66f3193a44cfb57dcc0279f2c9ccf317ad804744d21926a5ed6dfc7d06fbeab6",""
"https://www.searchsarkarinaukri.com/jobs/niti-aayog-niti-aayog-2026--1734","job-listing","226","da5e4ba1c2396833ed6a07441b08fd8651dfa5a41409a7886223aa2bd888fb7c",""
"https://www.searchsarkarinaukri.com/jobs/nkgsb-co-op-bank-nkgsb-co-op-bank-2026--1758","job-listing","235","5f58016414941687e8ce695b6558fa2b55ca96394287a8b55282bdfd0b6e3b19",""
"https://www.searchsarkarinaukri.com/jobs/nkgsb-co-op-bank-nkgsb-co-op-bank-2026--2227","job-listing","234","818f098cf311b2ebeae752d92e2bfad87091ccd930448efc531158c4ab75ee77",""
"https://www.searchsarkarinaukri.com/jobs/nlc-india-computer-science-engineering-graduate-apprentice-recruitment-2026-apply-online--4059","job-listing","216","258266a0f16239f56d0234e7fa8df530a728dc6e9987b6efd1228d207c3cbbec",""
"https://www.searchsarkarinaukri.com/jobs/nlc-india-engineering-graduate-apprentice-recruitment-2026-apply-online-for-302-training-slots--4054","job-listing","206","48e447739be5b71b00b1501740f882f28c965b956e2b74ccd9be959c4d530253",""
"https://www.searchsarkarinaukri.com/jobs/nlc-india-iti-electrician-apprentice-recruitment-2026-apply-online--4057","job-listing","177","eb6e870dfbca06cba7293393a5114d23396e9797feaf37a0dd8866bc0b9f8051",""
"https://www.searchsarkarinaukri.com/jobs/nlc-india-iti-fitter-apprentice-recruitment-2026-apply-online--4056","job-listing","188","d063003cc36ed352c359509aaa4f245376f169746b4a8c19b3665b60e57693da",""
"https://www.searchsarkarinaukri.com/jobs/nlc-india-limited-nlc-india-limited-2026--3856","job-listing","223","4e82cafa93430c9bfca68bd25cc2b2a2311939c8a042b0c4ed2cd1fa44c02384",""
"https://www.searchsarkarinaukri.com/jobs/nlc-india-mechanical-engineering-graduate-apprentice-recruitment-2026-apply-online--4058","job-listing","200","8d484c164cfb20b0c3cdce510caea73550efdd843fc0b14d4a0e418e8bfc6e0e",""
"https://www.searchsarkarinaukri.com/jobs/nlc-india-non-engineering-graduate-apprentice-recruitment-2026-apply-online-for-313-training-slots--4053","job-listing","189","2a0fd13b15c61a51a837f897d2b512c388ecb7bbaee3a420a23525afd797a9c0",""
"https://www.searchsarkarinaukri.com/jobs/nlc-india-technician-diploma-apprentice-recruitment-2026-apply-online-for-124-training-slots--4055","job-listing","201","c44b31b66854f0c41d807f7629bccc25554421790f5ea68e243b2a70788e2e8d",""
"https://www.searchsarkarinaukri.com/jobs/nlc-india-trade-iti-apprentice-recruitment-2026-apply-online-for-496-training-slots--4052","job-listing","209","339ae9bd6221ed9b3db071680b43e264dbf49ed2e546f1358ae44448560d6cc3",""
"https://www.searchsarkarinaukri.com/jobs/nmc-bank-nanded-nmc-bank-nanded-2026--2249","job-listing","243","c631e53f74480fb89953a8924d12ba5713f5697746bf416149b2b9c42d58642c",""
"https://www.searchsarkarinaukri.com/jobs/nmc-bank-nanded-nmc-bank-nanded-2026--3415","job-listing","244","a7bc491e4cdb7e4f3e86cd2513e7a27999cd2e54be58ea122def9a7bde1ea7bc",""
"https://www.searchsarkarinaukri.com/jobs/nmdc-nmdc-2026--3476","job-listing","214","35765779eb5c3f3cf03392cc5b17a03c62b557a0434c7ff3aa05e6038c3d53fe",""
"https://www.searchsarkarinaukri.com/jobs/nmdfc-nmdfc-2026--4958","job-listing","193","d8bc7d845775f1c75e98ae3cc012b576a84d46709aaf5ab0dffd81eaf926af8f",""
"https://www.searchsarkarinaukri.com/jobs/nmmc-nmmc-2026--2254","job-listing","218","a82cf99b50872ff86183bd2f742a3184f523bbf08e68c70674034b1379698b9e",""
"https://www.searchsarkarinaukri.com/jobs/nmmc-nmmc-2026--2177","job-listing","218","068126b5a4bb35d5024f34387a080d4e37b2dffdfa326dc4829b522048c634cf",""
"https://www.searchsarkarinaukri.com/jobs/nmmc-nmmc-2026--2757","job-listing","218","197ac90141b669e37a626c025c567f001c52a936cacb28405b433212c13db3a5",""
"https://www.searchsarkarinaukri.com/jobs/nmmc-nmmc-2026--2833","job-listing","218","9cce17473d84d304d70acbdb47453b997548b519e9de9a622c3b30f76a4ea43a",""
"https://www.searchsarkarinaukri.com/jobs/nmmc-nmmc-2026--3168","job-listing","218","f9079bc91b363687ae78c89d5f8f9a60588d876ba7a9c50d640002772942f320",""
"https://www.searchsarkarinaukri.com/jobs/nmmc-nmmc-2026--4325","job-listing","218","46de3a2a0700676e1b4b85eb8c2c13cab65ef2d24dd8e7c610775634eca0b051",""
"https://www.searchsarkarinaukri.com/jobs/nmrda-nagpur-nmrda-nagpur-2026--2667","job-listing","239","648fa2f4cd2b155498ff00eeff5fa09746d8b5332cdb732aff45f3e6ffd4b23c",""
"https://www.searchsarkarinaukri.com/jobs/nmu-jalgaon-nmu-jalgaon-2026--2468","job-listing","238","0fe753b42e134f00491dfac33984bc5d42d385bf0ac6c66fe4984baf15adb1c4",""
"https://www.searchsarkarinaukri.com/jobs/nmu-jalgaon-nmu-jalgaon-2026--4319","job-listing","238","06401bf6493e8c1fd16c2aa60fad7c01f537143b91b130f04730a8628cad4109",""
"https://www.searchsarkarinaukri.com/jobs/norrth-eastern-electric-power-corporation-executive-erp-2026--2527","job-listing","156","a26ae3cd3e2e098e57f995b453d7cb6b1980c7d0e3d1ff0a65be3d7b513ec9c6",""
"https://www.searchsarkarinaukri.com/jobs/norrth-eastern-electric-power-corporation-executive-finance-2026--2522","job-listing","204","51b056f97e69a035a9909fc19407321343d9441a4d68ecd9ecd13a0bb1af983f",""
"https://www.searchsarkarinaukri.com/jobs/norrth-eastern-electric-power-corporation-executive-hr-corporate-communication-2026--2526","job-listing","301","d4caba95956f6b85463e9aa4414ea58b3874b0658a9540ecdd9275f03caa594a",""
"https://www.searchsarkarinaukri.com/jobs/norrth-eastern-electric-power-corporation-executive-law-2026--2524","job-listing","240","44d44ef27564478e6f83a7c0b90efd9038ca4286ddf03a57c85b475179b3ab34",""
"https://www.searchsarkarinaukri.com/jobs/norrth-eastern-electric-power-corporation-executive-medical-2026--2521","job-listing","366","7dbb7bc6dbe56c5c6fa14c3f0420d9507933b1f5776bf9f2eef214d870c6381f",""
"https://www.searchsarkarinaukri.com/jobs/norrth-eastern-electric-power-corporation-executive-safety-2026--2523","job-listing","290","d0165d092a77e935669fa90a0ef269638828004b9bb05be0defb4f99d78f44c3",""
"https://www.searchsarkarinaukri.com/jobs/norrth-eastern-electric-power-corporation-executive-security-2026--2525","job-listing","216","8cbe99bffac781cdc9c5bb3e236b9fbd2abdd004ccb94124ffdae2f304ad3385",""
"https://www.searchsarkarinaukri.com/jobs/norrth-eastern-electric-power-corporation-junior-engineer-mechanical-2026--2046","job-listing","326","a763d02fff9ba5ce5d0368aacc4d71a7a1caad4d1acde0f5ff9c990d688c3981",""
"https://www.searchsarkarinaukri.com/jobs/north-east-frontier-railway-north-east-frontier-railway-2026--2237","job-listing","227","f55176260d9e8f4b9bb334418bb7f07cc08f9269d8743a930715780e516577a2",""
"https://www.searchsarkarinaukri.com/jobs/north-east-frontier-railway-north-east-frontier-railway-2026--3133","job-listing","227","6cae3a51905e52b172b6532e890a97134dfcdbd98e298d0f7684614b261da283",""
"https://www.searchsarkarinaukri.com/jobs/north-east-frontier-railway-north-east-frontier-railway-2026--2739","job-listing","227","d27f7f5bb1d1995d662657f8ebafaffc327c0f7d582484daddfa42e8524f55b8",""
"https://www.searchsarkarinaukri.com/jobs/north-east-frontier-railway-north-east-frontier-railway-2026--3587","job-listing","227","fde818889daa2709f6630acab3ec1fd8c4c8da14d33d0efac0970b66997b983f",""
"https://www.searchsarkarinaukri.com/jobs/northeast-frontier-railway-archery-sports-quota-recruitment-2026-apply-online-for-3-posts--3685","job-listing","229","e8473cadde7dd7a3befbcbed988965e475e6d595a55673ab6e60a73e087aa060",""
"https://www.searchsarkarinaukri.com/jobs/northeast-frontier-railway-athletics-sports-quota-recruitment-2026-apply-online-for-3-posts--3686","job-listing","222","2106d3f9d465210685e0a43abcf65d77f4935ed15a146becd77c35b44e64ad4d",""
"https://www.searchsarkarinaukri.com/jobs/northeast-frontier-railway-badminton-sports-quota-recruitment-2026-apply-online-for-3-posts--3687","job-listing","220","accf7a078bf9240751b3fb80835b1219a6ddfe036f6ec4874897540e1ea279a1",""
"https://www.searchsarkarinaukri.com/jobs/northeast-frontier-railway-basketball-sports-quota-recruitment-2026-apply-online-for-5-posts--3688","job-listing","228","72a73eb5064eec5880c21b2ed2e881b34ffd840620319fda50dd5c6b0e096023",""
"https://www.searchsarkarinaukri.com/jobs/northeast-frontier-railway-boxing-sports-quota-recruitment-2026-apply-online-for-6-posts--3689","job-listing","216","51ca4b6367d656c9100e75b8e1d1720445d98ac01a0e24fd1dc95231e0ba373e",""
"https://www.searchsarkarinaukri.com/jobs/northeast-frontier-railway-cricket-sports-quota-recruitment-2026-apply-online-for-5-posts--3690","job-listing","217","8522fb241f36aef00c44906e25695ee9864eb5551684ae82a69f6855bc015341",""
"https://www.searchsarkarinaukri.com/jobs/northeast-frontier-railway-football-sports-quota-recruitment-2026-apply-online-for-4-posts--3691","job-listing","211","12da7758426277b51ace41659ca28ade223dfdd3bf4ade8d63a4f4564cf478e6",""
"https://www.searchsarkarinaukri.com/jobs/northeast-frontier-railway-golf-sports-quota-recruitment-2026-apply-online-for-2-posts--3692","job-listing","206","f88f472573a9c01e7a4c5c7f06610e1e6f1e12030856087a49f9cdbbfb68e9f5",""
"https://www.searchsarkarinaukri.com/jobs/northeast-frontier-railway-kabaddi-sports-quota-recruitment-2026-apply-online-for-4-posts--3693","job-listing","223","c104ec084a10d7eb3f70626ecf6532bca3f3ec7cef7ff7ee372ea492fe7de3e4",""
"https://www.searchsarkarinaukri.com/jobs/northeast-frontier-railway-table-tennis-sports-quota-recruitment-2026-apply-online-for-4-posts--3695","job-listing","211","aaf2c3522c235a718a7f23e3af81fa849085a15a216412a52bcbe4e1c5290e63",""
"https://www.searchsarkarinaukri.com/jobs/northeast-frontier-railway-powerlifting-sports-quota-recruitment-2026-apply-online-for-3-posts--3694","job-listing","216","413dc81b4705721f38fb8c5aeb84bfff20fdac7333253e681bc6021bea4e7676",""
"https://www.searchsarkarinaukri.com/jobs/northeast-frontier-railway-volleyball-sports-quota-recruitment-2026-apply-online-for-8-posts--3696","job-listing","222","b1cb809c8a323c5679afb226f1dd1e8afe32bad21f6117cd2593bfeeced24c26",""
"https://www.searchsarkarinaukri.com/jobs/northeast-frontier-railway-weightlifting-sports-quota-recruitment-2026-apply-online-for-7-posts--3697","job-listing","249","942161f2d557cfcb4cfd0d862b405a8d37037bccd37d3afef45b215d076ea3ad",""
"https://www.searchsarkarinaukri.com/jobs/northern-coalfields-limited-northern-coalfields-limited-2026--1714","job-listing","229","5b581598a646577f23ce52b9c1fd0e908e4a5d4995fe1c68e71a0ed72b21a014",""
"https://www.searchsarkarinaukri.com/jobs/northern-coalfields-limited-northern-coalfields-limited-2026--2258","job-listing","229","46cad7331de04a809313a52eab455fd31d12ed70f90aea01f7e86bfb6aab8561",""
"https://www.searchsarkarinaukri.com/jobs/northern-coalfields-limited-northern-coalfields-limited-2026--2998","job-listing","229","15a6e824d66a5cb3ae8029f3ee629756f1ac95833b4d3a3a84aadd561dfeb1b9",""
"https://www.searchsarkarinaukri.com/jobs/npcil-fixed-term-medical-officer-paediatrician-recruitment-2026--4867","job-listing","281","e54f5fd17cc478f00674ebc0c13c0a70bb8023fca1f068daaf87f5633ad72587",""
"https://www.searchsarkarinaukri.com/jobs/npcc-npcc-2026--4219","job-listing","211","76178bd5ea55de514dd362f6eba25074d534b427ad42b2f9188b9d43b73b8b4c",""
"https://www.searchsarkarinaukri.com/jobs/npcil-dental-surgeon-recruitment-2026--4868","job-listing","225","df386bd73859c3846cd671704f1b1c231f2191be6f11257477ec0c15c3ca9667",""
"https://www.searchsarkarinaukri.com/jobs/npcil-general-duty-medical-officer-recruitment-2026--4869","job-listing","252","90e759c749d2a66607291d07c17c0557aaa0d5b0dda874bd319b45e0dd838d12",""
"https://www.searchsarkarinaukri.com/jobs/npcil-palghar-npcil-palghar-2026--4833","job-listing","223","157852862224d64b36279e2b11a3de03902f395598c9631b2eb2525c0697fef6",""
"https://www.searchsarkarinaukri.com/jobs/npcil-stipendiary-trainee-technician-plant-operator-recruitment-2026--3014","job-listing","280","884b4e98ed1990b3380dfa799e1955c2f64d3a26c72efb2399520e2bfec8ba39",""
"https://www.searchsarkarinaukri.com/jobs/npcil-stipendiary-trainee-technician-technician-trades-recruitment-2026--3015","job-listing","294","faabd4f1313287e925cdb6bc3ea1040eb38ca6d11f657cae76193b8908f37ec3",""
"https://www.searchsarkarinaukri.com/jobs/ntpc-assistant-chemist-trainee-recruitment-2026--2732","job-listing","201","02fc31e25af1923da2a6b3684cb7f5cae145381b000f83723a5b252a9c778f8f",""
"https://www.searchsarkarinaukri.com/jobs/ntpc-associate-recruitment-2026-hydro-function--2731","job-listing","202","79fd25ee94bb43c4125913816196939277e9c34b31244785133df5816dd95e1c",""
"https://www.searchsarkarinaukri.com/jobs/ntpc-deputy-manager-control-instrumentation-recruitment-2026-apply-online-for-40-posts--4185","job-listing","187","a6b398d697ced8e0d4fe5360e4697d055021f29384438e33eadaf79100fc841e",""
"https://www.searchsarkarinaukri.com/jobs/ntpc-deputy-manager-electrical-recruitment-2026-apply-online-for-40-posts--4183","job-listing","214","d4f78c58f3906aca963d18fc66ba589e8e68806e69dffab314e7222dcfe58b56",""
"https://www.searchsarkarinaukri.com/jobs/ntpc-deputy-manager-mechanical-recruitment-2026-apply-online-for-55-posts--4184","job-listing","185","b18ec90129a35f0b24f47c2d2e6e6993879c4c773da221b4c78299512d2c7870",""
"https://www.searchsarkarinaukri.com/jobs/ntpc-ntpc-2026--1933","job-listing","270","719c921a5cf8f716fc8ae661bc6181a3599760e442ca044f8ca31648c71b2bfd",""
"https://www.searchsarkarinaukri.com/jobs/ntpc-deputy-manager-recruitment-2026-apply-online-for-135-posts--4186","job-listing","235","c17d570da34e7c9ddbb8a6040dddc305e77ea1f3eb360c67e84a14cf0aa63ea5",""
"https://www.searchsarkarinaukri.com/jobs/nuclear-power-corporation-of-india-limited-nuclear-power-corporation-of-india-limited-2026--2491","job-listing","268","107a076a588b8d7452152d854c1393b4fe5ce06c1564873193eeedf9a1acded3",""
"https://www.searchsarkarinaukri.com/jobs/nuclear-power-corporation-of-india-limited-nuclear-power-corporation-of-india-limited-2026--2801","job-listing","268","bf9b548155d3c8821181c66d8b82b1d282c0981c28cea3a6d7311e9d0eadd238",""
"https://www.searchsarkarinaukri.com/jobs/nuclear-power-corporation-of-india-limited-nuclear-power-corporation-of-india-limited-2026--4834","job-listing","224","1e0d5ea42a0f22c08ebe54f66dfdac2750a025252587bec6547989da12469553",""
"https://www.searchsarkarinaukri.com/jobs/nuhm-kdmc-nuhm-kdmc-2026--2236","job-listing","210","d423fe2c69780772a9c97d87a366f7d54000312ad5810b924788aa1a3eaf6781",""
"https://www.searchsarkarinaukri.com/jobs/nuhm-navi-mumbai-nuhm-navi-mumbai-2026--1810","job-listing","247","a4d299871ed761e9a465311ab2af9fbff83992e3d85d249ac154414e0905c885",""
"https://www.searchsarkarinaukri.com/jobs/numaligarh-refinery-limited-director-technical-2026--2681","job-listing","217","2e28f17c36ba93ce9a7f9c42f1f470ce885611c51c50e47c097eb97532a8af1f",""
"https://www.searchsarkarinaukri.com/jobs/oidc-oidc-2026--4372","job-listing","218","bc54d4866fd53b58c19b53eaa104f0b0913fdbd9b06a4e86b0b6a9641ce9dbf3",""
"https://www.searchsarkarinaukri.com/jobs/nutan-maharashtra-vidya-prasarak-mandal-pune-nutan-maharashtra-vidya-prasarak-mandal-pune-2026--3713","job-listing","252","7fd36484b4fc008ee560d124ca77f96b0b04157823bbe9ade32722a4d98eb771",""
"https://www.searchsarkarinaukri.com/jobs/nvs-pune-nvs-pune-2026--2389","job-listing","239","01b0381c1db12efa9ff39ccc9b78d3b16e1c445d26f431e2ff0e33ea42ca776d",""
"https://www.searchsarkarinaukri.com/jobs/oil-india-oil-india-2026--3664","job-listing","223","10357e2925533ed83ef6b22f1c5de41b9a791e357461387d71ffdf25e3e14bb8",""
"https://www.searchsarkarinaukri.com/jobs/ongc-graduate-trainee-recruitment-2026-apply-online-for-geologists-engineers-posts--3194","job-listing","246","f0de2dbdccd99c00a90241e1a93108e73dd2dbea8e215de909ddce45d6e2b927",""
"https://www.searchsarkarinaukri.com/jobs/ongc-ongc-2026--4218","job-listing","215","8a1d626463244b9127fa613de3cae4650b1391ce926e094d6611a26f944af24c",""
"https://www.searchsarkarinaukri.com/jobs/ongc-ongc-announces-recruitment-for-experienced-civil-2026--1470","job-listing","146","f82e5313b5057b7eb0a68d87cc90d56e52573e9cde25b153b220e22247b29fc4",""
"https://www.searchsarkarinaukri.com/jobs/ordnance-factory-ambernath-ordnance-factory-ambernath-2026--4666","job-listing","204","4d01837946327117d1ba841057363ec22e9c9fe1da587ae332ee457d5e72f802",""
"https://www.searchsarkarinaukri.com/jobs/ordnance-factory-bhandara-ordnance-factory-bhandara-2026--3360","job-listing","235","8b1f632ca824f6843deb7602bdf8405b1556c89d393241d77f6696a8a0e039a7",""
"https://www.searchsarkarinaukri.com/jobs/ordnance-factory-chanda-ofch-munitions-india-limited-ordnance-factory-chanda-ofch-munitions-india-20--2121","job-listing","217","78cc8b95ba3ddd984346228412e8bd95687fc672ef672c9256b1f821c5aafe7f",""
"https://www.searchsarkarinaukri.com/jobs/ordnance-factory-chanda-ordnance-factory-chanda-2026--2020","job-listing","232","b2d975ab525306a802cb330cb97f3ea5c7e5eb956b5b1c302d3e9047aa43e2b0",""
"https://www.searchsarkarinaukri.com/jobs/ordnance-factory-chanda-ordnance-factory-chanda-2026--2058","job-listing","232","7937a4d7ab1570983a56328210dcd832f6942764d04078f05e766a5abcf645e2",""
"https://www.searchsarkarinaukri.com/jobs/ordnance-factory-chanda-ordnance-factory-chanda-2026--3961","job-listing","232","bef9e41a81b2ea425d69c9a2947d8888ffdc198bf6c9a58e633fa0bdbb080d16",""
"https://www.searchsarkarinaukri.com/jobs/ordnance-factory-dehu-road-ordnance-factory-dehu-road-2026--2155","job-listing","227","a8eefc1f53576141d520cb14770151c2d3b6b8eb39c9f364a674c8549bd95193",""
"https://www.searchsarkarinaukri.com/jobs/ordnance-factory-hospital-bhandara-job-opening-at-ordnance-factory-hospital-2026--3199","job-listing","207","be845f6883f9d333133f3bed65720878ff9817f2e012330dc981ede01330a986",""
"https://www.searchsarkarinaukri.com/jobs/ordnance-factory-hospital-chanda-of-hospital-chandrapur-job-opening-at-ordnance-factory-hospital-202--4064","job-listing","226","33574769711c04d8748f949a059f64204828b2e19947ea10a982b2d2f8917094",""
"https://www.searchsarkarinaukri.com/jobs/ordnance-factory-hospital-dehuroad-pune-job-opening-at-ordnance-factory-hospital-2026--2214","job-listing","216","be054bf0aefcf4a0913654f4cc147f7c2ca0eba34104bbc47ae876d0c67c6aa8",""
"https://www.searchsarkarinaukri.com/jobs/pahca-ahilyanagar-pahca-ahilyanagar-2026--2129","job-listing","219","3aa571161a4c2be3610635d23dfc68572f65c59c9e5e7a6ae05400a741594933",""
"https://www.searchsarkarinaukri.com/jobs/pachora-peoples-co-op-bank-jalgaon-pachora-peoples-co-op-bank-jalgaon-2026--4670","job-listing","229","39c39aa0d9258f14f900e45578f135bbff648414bd3771065f8d57c4f5adedaf",""
"https://www.searchsarkarinaukri.com/jobs/panjabrao-deshmukh-krishi-vidyapeeth-akola-panjabrao-deshmukh-krishi-vidyapeeth-akola-2026--1754","job-listing","252","661a255a65776ae942a3186e1071231cf1dd94aac73d1f6f7310f13a0e7fa0ff",""
"https://www.searchsarkarinaukri.com/jobs/panjabrao-deshmukh-krishi-vidyapeeth-akola-panjabrao-deshmukh-krishi-vidyapeeth-akola-2026--1944","job-listing","252","507b3b628aa4b88e79ad7ab0174a64ca614b537629159a2cc4738e0e39ec98c5",""
"https://www.searchsarkarinaukri.com/jobs/panjabrao-deshmukh-krishi-vidyapeeth-akola-panjabrao-deshmukh-krishi-vidyapeeth-akola-2026--1975","job-listing","252","30cb97a51a9542e227e99c9d3c06874c866ec5218cf27a77e46604e29055a7ad",""
"https://www.searchsarkarinaukri.com/jobs/panjabrao-deshmukh-krishi-vidyapeeth-akola-panjabrao-deshmukh-krishi-vidyapeeth-akola-2026--3532","job-listing","252","eceac7cc9e9a19877a4a909a9fe9fb0d64736675d675da9195680bc1e22679d5",""
"https://www.searchsarkarinaukri.com/jobs/panjabrao-deshmukh-krishi-vidyapeeth-akola-panjabrao-deshmukh-krishi-vidyapeeth-akola-2026--3718","job-listing","252","3f5a2213b179c7f608a9719bd840ec75ac305e246153d757c702aff627edf482",""
"https://www.searchsarkarinaukri.com/jobs/panjabrao-deshmukh-krishi-vidyapeeth-akola-panjabrao-deshmukh-krishi-vidyapeeth-akola-2026--4213","job-listing","252","83f8d405cf85783edfdf231f51807d5aa3f4e12f6bd8894d166caaebd15ec722",""
"https://www.searchsarkarinaukri.com/jobs/panji-mahanagarpalika-panji-mahanagarpalika-2026--4585","job-listing","224","b65ea15d7dcce35de59c1bb16beffb4fe37561017f58fad2182982f1ed17fe3b",""
"https://www.searchsarkarinaukri.com/jobs/patan-urban-co-op-bank-satara-patan-urban-co-op-bank-satara-2026--2147","job-listing","247","642ce3213950fe6ee9c8cbb53bd9cf2839dac2954b4b72e194267e9ad77a04c4",""
"https://www.searchsarkarinaukri.com/jobs/pavana-sahakari-bank-pune-pavana-sahakari-bank-pune-2026--1809","job-listing","241","ff624d245e2f5e08a4d5037e7a1d9ef536db39b1283ed1e82ac0af8fd13b8f12",""
"https://www.searchsarkarinaukri.com/jobs/pawan-hans-limited-pawan-hans-limited-2026--2241","job-listing","229","aeeba43dccc7fd4191a477fef6f78a77614f9f7ea325a6c9a34882edc576ba1d",""
"https://www.searchsarkarinaukri.com/jobs/pcmc-pcmc-2026--2613","job-listing","215","687962c59077a6e399e934efb98cf82bbeebff7de04c42f46bf93baa583afc09",""
"https://www.searchsarkarinaukri.com/jobs/pdcc-bank-pdcc-bank-2026--4071","job-listing","215","509e6cdcbb99d672edda5e7b193c7be1d4e6f0d79550f4232b8a5900090f1152",""
"https://www.searchsarkarinaukri.com/jobs/pdil-graduate-engineer-diploma-engineer-recruitment-2026-153-posts--2766","job-listing","216","d813b5fe718cc076a1268b42ce49973b69f1e0b6c56ebeae0133a37524e080e4",""
"https://www.searchsarkarinaukri.com/jobs/pdil-pdil-2026--2847","job-listing","214","3c6e4c180cc20e2044f5e218314aa03f33c5d7bcd7d0f03b3a78bbbdacc081ef",""
"https://www.searchsarkarinaukri.com/jobs/peoples-education-society-peoples-education-society-2026--4718","job-listing","220","2b97534c5fb7cf35cb808ade58117aea434ebfcfe147383e7c87b2d6d73675da",""
"https://www.searchsarkarinaukri.com/jobs/pfrda-pfrda-2026--1806","job-listing","214","32c2ff4948d020de0b40ed6a84beab4c56cdbbbc3b332f09eb0dd907a49a4635",""
"https://www.searchsarkarinaukri.com/jobs/pfrda-pfrda-2026--2627","job-listing","212","fdd242bd8a0b9b410ef06522835b87fc67f726ee9df39887db28d5695bb684e2",""
"https://www.searchsarkarinaukri.com/jobs/pgcil-pgcil-2026--4949","job-listing","198","d57ba36f6cae7337867346753cd601b2c541a8e62f2848b18b3d047eaa80b05c",""
"https://www.searchsarkarinaukri.com/jobs/pharate-patil-ayurvedic-medical-college-pharate-patil-ayurvedic-medical-college-2026--1740","job-listing","224","c22cb37c88069a383d4904c3b8758aa3d146347d7613eb438a66b3b25c003288",""
"https://www.searchsarkarinaukri.com/jobs/physical-education-teacher-pet-recruitment-2026--4492","job-listing","248","20f8dced6658c9cf321020669d8f3cc66cf96d514cd65a2a5bfbb7c1652f72d5",""
"https://www.searchsarkarinaukri.com/jobs/pm-shree-jawahar-navodaya-vidyalaya-babhulgaon-akola-pm-shree-jawahar-navodaya-vidyalaya-babhulgaon--3067","job-listing","215","6264e74539d3fcc4751d18369ec59f926000f019d12deef94d04802c34b35770",""
"https://www.searchsarkarinaukri.com/jobs/pm-shree-kendriya-vidyalaya-no-1-devlali-nashik-recruitment-notification-pm-shree-kendriya-vidyalaya--3338","job-listing","248","835a54e80559612e030ba299c431b6c09bfc7d4f49cf3f4a4fc3cb505a89905d",""
"https://www.searchsarkarinaukri.com/jobs/pm-shri-kendriya-vidyalaya-bhandup-mumbai-pm-shri-kendriya-vidyalaya-bhandup-mumbai-2026--2116","job-listing","229","1ffe9322101aa47d96818474b9e90bafbb7949ca915310d324956355b2d02365",""
"https://www.searchsarkarinaukri.com/jobs/pm-shri-jawahar-navodaya-vidyalaya-wardha-pm-shri-jawahar-navodaya-vidyalaya-wardha-2026--2204","job-listing","236","88dc3b022430696d618f4ce890ccaeb6c29f337981300ed2ccdda390bcff1d01",""
"https://www.searchsarkarinaukri.com/jobs/pm-shri-jnv-sangli-pm-shri-jnv-sangli-2026--2075","job-listing","250","c67f4965c9cac1d631e14612f42223dc4da972daa3e3485097d02dd2993ce5e0",""
"https://www.searchsarkarinaukri.com/jobs/pm-shri-kendriya-vidyalaya-diat-girinagar-pune-pm-shri-kendriya-vidyalaya-diat-girinagar-2026--1785","job-listing","250","be26314d521b9324d073477f1401f64374d053ae67e724757e17bf5930b5e64f",""
"https://www.searchsarkarinaukri.com/jobs/pm-shri-kendriya-vidyalaya-diat-girinagar-pune-pm-shri-kendriya-vidyalaya-diat-girinagar-2026--1786","job-listing","233","6e0966c37a34aeaf6d3484c6be15b39d0c5f8ee6784b2b9be7d5914a8f7b328b",""
"https://www.searchsarkarinaukri.com/jobs/pm-shri-kendriya-vidyalaya-kamptee-pm-shri-kendriya-vidyalaya-kamptee-2026-2026--2326","job-listing","238","a50c6e2b98ff5d8d3c96f3cedb920a8bf0f1d700fd8805fbcbcd9d82f48db8fa",""
"https://www.searchsarkarinaukri.com/jobs/pm-shri-kendriya-vidyalaya-kamptee-pm-shri-kendriya-vidyalaya-kamptee-2026-2026--3575","job-listing","193","2a59e34ec7a32c810c3a6b3a98cecc555b273b8cc13220114c24b725bbb5b237",""
"https://www.searchsarkarinaukri.com/jobs/pm-shri-kendriya-vidyalaya-no-1-2-and-3-ahmednagar-pm-shri-kendriya-vidyalaya-no-1-2026--2773","job-listing","241","321c61cd0d8524b6e53170cf328a1a4dce7f41086c4c9645f79fae577929242e",""
"https://www.searchsarkarinaukri.com/jobs/pm-shri-kendriya-vidyalaya-south-command-and-army-area-pune-job-opening-at-pm-shri-kendriya-2026--4608","job-listing","242","fa3242d6ed9f2619a16f7721118a424c209ba3547291dfbb7d33da1e237ef924",""
"https://www.searchsarkarinaukri.com/jobs/pm-shri-kendriya-vidyalaya-washim-pm-shri-kendriya-vidyalaya-washim-2026-2026--2586","job-listing","229","4f13a873fd13b51080bdc1309313e2a3c021452844b5f7c941374dcda2a2ee46",""
"https://www.searchsarkarinaukri.com/jobs/pm-shri-kendriya-vidyalaya-stc-bsf-chakur-pm-shri-kendriya-vidyalaya-stc-bsf-2026--4478","job-listing","199","6a5be415855dfbf2db026c786e09268445d959ed6ac4dc697be64e1e10d16580",""
"https://www.searchsarkarinaukri.com/jobs/pm-shri-school-jawahar-navodaya-vidyalaya-kannada-chhatrapati-sambhajinagar-apply-for-6-pgt-tgt-phys--3337","job-listing","215","e4acffd97f21210295d6952ab41fb8f5ec30e7c1b16acf59353de622a43d87f0",""
"https://www.searchsarkarinaukri.com/jobs/pm-shri-school-jawahar-navodaya-vidyalaya-solapur-job-openings-at-pm-shri-school-2026--2424","job-listing","215","e074c7beb486376361c2c2084cf68ea5e0b7a08d7d94a5cecf59a8514aa0fae2",""
"https://www.searchsarkarinaukri.com/jobs/pm-shri-school-jawahar-navodaya-vidyalaya-palghar-pm-shri-school-jawahar-navodaya-vidyalaya-2026--2205","job-listing","242","b9b8fd4e0c55dbedc4a982bf333ee36cb8f21cdb49304ead5b6cc9bc5235726d",""
"https://www.searchsarkarinaukri.com/jobs/pm-shri-school-jawahar-navodaya-vidyalaya-tuljapur-dharashiv-pm-shri-school-jawahar-navodaya-vidyala--2106","job-listing","247","85ce25230fdb2b44a227b87eb7d426f59059551289e60e6e4edd95368c4d45bc",""
"https://www.searchsarkarinaukri.com/jobs/pm-shri-school-jawahar-navodaya-vidyalaya-washim-pm-shri-school-jawahar-navodaya-vidyalaya-2026--2772","job-listing","227","e9c01ad7440e10c1acf9617d7229e378d3a41e7b058be8d5cfef060376359e36",""
"https://www.searchsarkarinaukri.com/jobs/pm-shri-school-jawahar-navodaya-vidyalaya-washim-pm-shri-school-jawahar-navodaya-vidyalaya-2026--3573","job-listing","212","6ec4f43088e9b8c457a058b7acc0878f08f3e267a91604c49f2c39b4b7520624",""
"https://www.searchsarkarinaukri.com/jobs/pm-shri-school-jawahar-navodaya-vidyalaya-washim-recruitment-notification-pm-shri-school-jawahar-202--1939","job-listing","249","53a38a3bb0590211ca17762e770b74b26c4888dbc6af4d6a572988a881991628",""
"https://www.searchsarkarinaukri.com/jobs/pm-shri-school-jnv-yavatmal-pm-shri-school-jnv-yavatmal-2026--1920","job-listing","254","ae623192ae66dd476630a9aa63f37f848dcf5d79e54272b0420f640a61bf9b53",""
"https://www.searchsarkarinaukri.com/jobs/pmrda-pmrda-2026--2164","job-listing","212","5a3d55b1d13b407573eac2616f176d300bb1c0b2af3899b65c0ef50b4be900d0",""
"https://www.searchsarkarinaukri.com/jobs/pnb-local-bank-officer-recruitment-2026-andhra-pradesh-apply-online-for-4-posts--3319","job-listing","196","0fa491f6e875c86a4db51652adeb0082f46574cdd07175129b0b895cb824bb29",""
"https://www.searchsarkarinaukri.com/jobs/pnb-local-bank-officer-recruitment-2026-arunachal-pradesh-apply-online-for-4-posts--3329","job-listing","183","3ffaaa5cc788fb1d9d06a4a9abc394629f471353a68cd59e395dd8483e4ba348",""
"https://www.searchsarkarinaukri.com/jobs/pnb-local-bank-officer-recruitment-2026-assam-apply-online-for-85-posts--3326","job-listing","184","3484c7d5b4647d3df2210df7908ed195dc68597fa9517a45dc07e13a2407aacd",""
"https://www.searchsarkarinaukri.com/jobs/pnb-local-bank-officer-recruitment-2026-gujarat-apply-online-for-77-posts--3320","job-listing","167","d576c8f159cedf9f7a8d68e3ac362bc4ad7a2f98a4e86afe00e88cca6f4dc3da",""
"https://www.searchsarkarinaukri.com/jobs/pnb-local-bank-officer-recruitment-2026-jammu-kashmir-apply-online-for-9-posts--3327","job-listing","192","d2cadd62cdeade115f0a39559309a72a0f2593e31f29312b82758881924a3c7b",""
"https://www.searchsarkarinaukri.com/jobs/pnb-local-bank-officer-recruitment-2026-ladakh-apply-online-for-2-posts--3328","job-listing","179","2ccea1bc24f1f83b645c5540ad4989da0d71a7b630b06395a7e16d7bbcf12a05",""
"https://www.searchsarkarinaukri.com/jobs/pnb-local-bank-officer-recruitment-2026-karnataka-apply-online-for-78-posts--3321","job-listing","163","5b95a75c910c6a71184a7377d20c8dc451f72ec422c4e2ee55927a784f2acd6f",""
"https://www.searchsarkarinaukri.com/jobs/pnb-local-bank-officer-recruitment-2026-maharashtra-apply-online-for-67-posts--3322","job-listing","183","53dc5e0da0a18c47144e3ebb60214f37f126cb5c1a70ea0e777794e3018d0989",""
"https://www.searchsarkarinaukri.com/jobs/pnb-local-bank-officer-recruitment-2026-manipur-apply-online-for-6-posts--3330","job-listing","177","e025eed04e392e26b40a2a1abcae4795de9effe75f8ac4fbb888879827c79c61",""
"https://www.searchsarkarinaukri.com/jobs/pnb-local-bank-officer-recruitment-2026-meghalaya-apply-online-for-8-posts--3331","job-listing","180","36c729311e1f97942bcb8bf7716997833f4f7da4e6e5f081a889ccc1590b6bb7",""
"https://www.searchsarkarinaukri.com/jobs/pnb-local-bank-officer-recruitment-2026-mizoram-apply-online-for-5-posts--3332","job-listing","188","185ae31b980e956c90b3d8b341285ee713bab09ee47dfa1403da1c2f4645882b",""
"https://www.searchsarkarinaukri.com/jobs/pnb-local-bank-officer-recruitment-2026-nagaland-apply-online-for-5-posts--3333","job-listing","180","2b7d89c53bab5fd48eca5f4f9bda31d7ba44cd44b33af02a8da9b517b55900b9",""
"https://www.searchsarkarinaukri.com/jobs/pnb-local-bank-officer-recruitment-2026-sikkim-apply-online-for-5-posts--3334","job-listing","180","75591804977679b7e2f050b15b93e09c79b37b32568c35d206c80bdfc1d8dcac",""
"https://www.searchsarkarinaukri.com/jobs/pnb-local-bank-officer-recruitment-2026-telangana-apply-online-for-41-posts--3323","job-listing","181","879fb8d465863f4469bce00d0b99ecd821cd810f71bfb704b8f95b31484663d8",""
"https://www.searchsarkarinaukri.com/jobs/pnb-local-bank-officer-recruitment-2026-tamil-nadu-apply-online-for-51-posts--3324","job-listing","183","617972fc32dc9be543b466f71bfdcc1e49ecd17a76535aff0dba6cfcd6cce68d",""
"https://www.searchsarkarinaukri.com/jobs/pnb-local-bank-officer-recruitment-2026-tripura-apply-online-for-18-posts--3335","job-listing","187","8a850f44c75e8e520ac0e329cfc8d333de571a58e7eff754cd23164a76ec7876",""
"https://www.searchsarkarinaukri.com/jobs/pnb-local-bank-officer-recruitment-2026-west-bengal-apply-online-for-80-posts--3325","job-listing","179","f92e0cd0e74ddf345b89512057fd2e3fa52da9794725f0ff8d65172f9a597fbd",""
"https://www.searchsarkarinaukri.com/jobs/power-grid-corporation-of-india-ltd-officer-trainee-company-secretary-2026--1375","job-listing","203","cffbbecef4334988d6bfea50e567dde38c372bea4229c6dce7ab0c0ea635f6f4",""
"https://www.searchsarkarinaukri.com/jobs/power-grid-corporation-of-india-limited-power-grid-corporation-of-india-limited-2026--4996","job-listing","205","b13d850543a259413fdb0f14d5599f586871e3c3ed9fcd95dbdc5cc892fc6657",""
"https://www.searchsarkarinaukri.com/jobs/powergrid-diploma-civil-apprentice-recruitment-2026-apply-online-for-35-posts--4985","job-listing","318","cc121cc2ec2a39b4ee248254c40cc1a2057566b76921354eb36853a2c2ea75b8",""
"https://www.searchsarkarinaukri.com/jobs/powergrid-diploma-electrical-apprentice-recruitment-2026-apply-online-for-122-posts--4984","job-listing","320","75f97065f7f5839d883000ea9ab664cbdaa3f33b8eb96e4e7432b271acfd1ae0",""
"https://www.searchsarkarinaukri.com/jobs/powergrid-graduate-civil-apprentice-recruitment-2026-apply-online-for-15-posts--4987","job-listing","348","e81d1a346cca980e1737f56653b289f6983a6c012c305afde16acb10492a64e0",""
"https://www.searchsarkarinaukri.com/jobs/powergrid-graduate-electrical-apprentice-recruitment-2026-apply-online-for-34-posts--4986","job-listing","318","ad87e906a1cddc97b67626a7bc21c3239662cd16d1eb9fb2589109192c65037d",""
"https://www.searchsarkarinaukri.com/jobs/powergrid-iti-electrician-apprentice-recruitment-2026-apply-online-for-64-posts--4983","job-listing","306","86f870b8a0ae082df803381f9a6eb1608682210b8ca39acd33d8d0a075a9d52f",""
"https://www.searchsarkarinaukri.com/jobs/prakasam-dccb-staff-assistant-recruitment-2026-apply-online-for-60-posts--4192","job-listing","228","e3ca3cc8b9ac63ab24847b18964ad3822d32fe51ed0d750d6abc7d8599d83411",""
"https://www.searchsarkarinaukri.com/jobs/prasar-bharati-prasar-bharati-2026--2040","job-listing","224","19cb8dd1d98a809436be27bbc520a061a5c2df6ad812d38a2c2eacf44f93a4cb",""
"https://www.searchsarkarinaukri.com/jobs/prasar-bharati-prasar-bharati-2026--2508","job-listing","225","c11cb26110ba9e523bcf91e9752369298f5fb857f0c8293b1ef777ad62a25aef",""
"https://www.searchsarkarinaukri.com/jobs/prasar-bharati-prasar-bharati-2026--3854","job-listing","225","3b0babf8514e49f0a81c8a51e4afcfd7c2f295169dd1700a87629f36ea228eb8",""
"https://www.searchsarkarinaukri.com/jobs/prasar-bharati-prasar-bharati-2026--2938","job-listing","225","f62122fa040fd169505153e08d854884f2dd2269c4588fd49f9e4378fe70ac9b",""
"https://www.searchsarkarinaukri.com/jobs/prerna-education-society-nagpur-prerna-education-society-nagpur-2026--1839","job-listing","238","ccb736d0da9f7b360d87a81e4b176de092ad78a97b979fcf714b63e4f0047083",""
"https://www.searchsarkarinaukri.com/jobs/prerna-education-society-nagpur-prerna-education-society-nagpur-2026--2356","job-listing","238","0d51550d9cb1a0294fb2f855da443895d25fe93351e5e5d8801cfa873b18b673",""
"https://www.searchsarkarinaukri.com/jobs/principal-system-analyst-recruitment-2026--3062","job-listing","236","c06725f8fb1a3c24d3aa70a3d8422459ed4175314d28392b3ccc5983b958a68f",""
"https://www.searchsarkarinaukri.com/jobs/primary-school-teacher-pst-recruitment-2026--4491","job-listing","236","74090912df2d049c53fb0e2e885fc329f9ec2375f42c13c5b97d93f36eebb2a9",""
"https://www.searchsarkarinaukri.com/jobs/prl-prl-2026--3655","job-listing","208","b5135afb74c5a87637c552c0f6a28a372f2eac42345547a9dd7e6bcbfa0f9765",""
"https://www.searchsarkarinaukri.com/jobs/prosecutor-recruitment-2026--3042","job-listing","298","7964c3084172ba5f01177c12b4a562ed3685b67f3c5fb1bcf91f5d9a93477357",""
"https://www.searchsarkarinaukri.com/jobs/public-health-department-zilla-parishad-akola-job-opening-at-public-health-department-2026--2964","job-listing","217","f6840a2650c05b51452d3110fc1334d9493cc4752dde2c899f7627b31ca161bb",""
"https://www.searchsarkarinaukri.com/jobs/pune-district-education-association-pune-district-education-association-2026--2247","job-listing","261","8ca57a6c2f36260dcfaf16141513cbd4727312bcb637632a85fb5f2ac0f87af4",""
"https://www.searchsarkarinaukri.com/jobs/pune-district-education-association-pune-district-education-association-2026--2716","job-listing","261","d6712a32bcbe2b2500b580efecf456f45a538cb7a8e93aa0ad52350106d14ab5",""
"https://www.searchsarkarinaukri.com/jobs/pune-district-education-association-pune-district-education-association-2026--3413","job-listing","261","91b016bee519a017b72130c1147d9b011c0a4e615c28dda55e668f241837da31",""
"https://www.searchsarkarinaukri.com/jobs/pune-iat-pune-iat-2026--3584","job-listing","239","6a87bd94d908644a86a0bc354c1af4314c4feb59caee303678718d4cee696791",""
"https://www.searchsarkarinaukri.com/jobs/pune-district-education-association-pune-district-education-association-2026--4377","job-listing","222","8fbc65f7e48f87fa1f94eca2cf59d59507ef421818241eb847489b2f8bc80d36",""
"https://www.searchsarkarinaukri.com/jobs/pune-mahanagarpalika-pune-mahanagarpalika-2026--1709","job-listing","234","54cf8a98d7b655d8bf7a5cf86cf432d69a69ba704dedfda81db9342b93a10606",""
"https://www.searchsarkarinaukri.com/jobs/pune-metropolitan-region-development-authority-job-openings-at-pune-metropolitan-region-2026--2210","job-listing","217","fc27e7538928e2843bcf70f3403460508eec5bb922fb414db2523c4c786685c1",""
"https://www.searchsarkarinaukri.com/jobs/pune-municipal-corporation-pmc-apply-for-114-mulani-junior-engineer-2026--2570","job-listing","221","bb11e2afcd7a062144ac846a2e15fd6239f7edf692cfe505bed05235e99dad1f",""
"https://www.searchsarkarinaukri.com/jobs/pune-municipal-corporation-pmc-apply-for-13-senior-database-engineer-2026--1769","job-listing","223","6505807b0c31cd0e5ce6a00c2edf4540482826be5264684856993cb383afbf84",""
"https://www.searchsarkarinaukri.com/jobs/pune-peoples-bank-pune-peoples-bank-2026--1716","job-listing","237","3e3a315385d581986bbd89ebdadaafc90198e7ffc269218ce82c29edc34e9883",""
"https://www.searchsarkarinaukri.com/jobs/pune-university-pune-university-2026--2922","job-listing","240","ebee473b2e97549433c607b8f6a4b1d9f99fb2e941c5a2657aeb9268d851c2bd",""
"https://www.searchsarkarinaukri.com/jobs/punjab-and-haryana-high-court-clerk-recruitment-2026-1265-posts--2763","job-listing","276","e19646639953aeeb83a24c40aab048b6254dfdea2006f39bcbf46a540075a522",""
"https://www.searchsarkarinaukri.com/jobs/punjab-and-sind-bank-punjab-and-sind-bank-2026--1967","job-listing","231","90d496c3341e1030e075bbd47be1887a988350a8b64a140786df7322a4752940",""
"https://www.searchsarkarinaukri.com/jobs/punjab-national-bank-punjab-national-bank-2026--3362","job-listing","222","d2843a94b1d6e53c38e72b744c1444f5b24536a0fee079d892669d23d992327f",""
"https://www.searchsarkarinaukri.com/jobs/rail-coach-factory-rail-coach-factory-2026--4373","job-listing","200","89bb55d0a0ce81f67260f74e3ae34b27d76282c6539fb14fd1d721a73fd7a306",""
"https://www.searchsarkarinaukri.com/jobs/rail-vikas-nigam-limited-rail-vikas-nigam-limited-2026--1762","job-listing","226","2c58f94e8e47f68ebef65d64399024b4e3d69175ca221a0913de6983b1d6135d",""
"https://www.searchsarkarinaukri.com/jobs/rail-vikas-nigam-limited-rail-vikas-nigam-limited-2026--2059","job-listing","226","27a4efb369a2bd15e965d64f8a18c5deee84f8229fbf36b8f6f6e58283a0f21f",""
"https://www.searchsarkarinaukri.com/jobs/rail-vikas-nigam-limited-rail-vikas-nigam-limited-2026--2136","job-listing","226","4f26a90b1d5105eb18bbd56f3a639ce752ce570bafe0d2e9b19cc066289dee0a",""
"https://www.searchsarkarinaukri.com/jobs/rail-vikas-nigam-limited-rail-vikas-nigam-limited-2026--2464","job-listing","226","24f914c9a5902b37d75e1d00e11743c198f5ea96b2e51870d5bc5cc67a7bf935",""
"https://www.searchsarkarinaukri.com/jobs/rail-wheel-factory-rail-wheel-factory-2026--3653","job-listing","226","d1a38f7a110308e9f58bed886377afdb5e8eb3e10d9b2aab44a55df08e7ce8ee",""
"https://www.searchsarkarinaukri.com/jobs/rail-wheel-factory-rail-wheel-factory-2026--4077","job-listing","226","97945a542682e29268537e16648725a513c0f8e21bdb2e7852b8c6ac2ae2ba2c",""
"https://www.searchsarkarinaukri.com/jobs/railtail-railtail-2026--3905","job-listing","194","18e6c595f1ecbca77ce3a91cb437729a94ab8b13ad9b4b4ab12e929863b13a7b",""
"https://www.searchsarkarinaukri.com/jobs/pune-police-pune-police-2026--2710","job-listing","228","4f84c88992e8c01e0a204ec15cb24ba2077c23fd31290ef0575069849d74b5f1",""
"https://www.searchsarkarinaukri.com/jobs/railtel-apprentice-recruitment-2026-bihar-locations-apply-online--3886","job-listing","329","c517e1795139659592709110015f8701b46585ba12a298a6b1dbe43f96107acf",""
"https://www.searchsarkarinaukri.com/jobs/railtel-apprentice-recruitment-2026-eastern-india-locations-apply-online--3887","job-listing","326","1ac821e5b3e63ad721922f67dde03283311e3602ee7fb9dc83c0306de8ee6b43",""
"https://www.searchsarkarinaukri.com/jobs/railtel-apprentice-recruitment-2026-karnataka-tamil-nadu-locations-apply-online--3889","job-listing","318","c5a980324c29edcff01825362a8c851ffff1584b1195ea4ac8bc785caee8e71e",""
"https://www.searchsarkarinaukri.com/jobs/railtel-apprentice-recruitment-2026-new-delhi-gurgaon-locations-apply-online--3881","job-listing","342","27a0aea79c2c3f3b5657c89394f3324e452b7f059a372eaa2b28e2075167bd5d",""
"https://www.searchsarkarinaukri.com/jobs/railtel-apprentice-recruitment-2026-north-india-locations-apply-online--3884","job-listing","317","05fd3a417380b11e8985c1793cf46b6ec826804edb9ca1fec6fb39e8593a62f2",""
"https://www.searchsarkarinaukri.com/jobs/railtel-apprentice-recruitment-2026-telangana-andhra-pradesh-locations-apply-online--3888","job-listing","322","88a95f37748d756c25c21020380502d24d32a2734e7399f4ef0c14499d4d3b96",""
"https://www.searchsarkarinaukri.com/jobs/railtel-apprentice-recruitment-2026-uttar-pradesh-locations-apply-online--3883","job-listing","323","60ddbac71e7871c0cbdf8b69761bb59c8cb376c312dffd4709ba1457d8c1c4aa",""
"https://www.searchsarkarinaukri.com/jobs/railtel-apprentice-recruitment-2026-west-bengal-locations-apply-online--3885","job-listing","319","64dacda5d62e49eb71e22bd0e4b32f31a5725869c0fa899f89dd1d7a5b2ae2b8",""
"https://www.searchsarkarinaukri.com/jobs/railtel-apprentice-recruitment-2026-western-india-locations-apply-online--3890","job-listing","324","c4a503cb32577b86b21276bab0c72ea5aecad9eb7c82422247af8398da0eb44f",""
"https://www.searchsarkarinaukri.com/jobs/railway-recruitment-board-rrb-assistant-loco-pilot-recruitment-2024-cen-012024-2026--1420","job-listing","143","53c2c4b9a6480aa0c9aba1f8a6b62d45e4f239f05bb1e7793d56998f6932e861",""
"https://www.searchsarkarinaukri.com/jobs/railway-recruitment-board-rrb-alp-technicians-recruitment-2018-2026--1426","job-listing","141","08aebd87322e3a07bf972cf51e40a74ca88b64e578bb163b9ff423897f53a081",""
"https://www.searchsarkarinaukri.com/jobs/railway-recruitment-board-rrb-assistant-loco-pilot-recruitment-2025-cen-012025-2026--1412","job-listing","143","53c2c4b9a6480aa0c9aba1f8a6b62d45e4f239f05bb1e7793d56998f6932e861",""
"https://www.searchsarkarinaukri.com/jobs/railway-recruitment-board-rrb-assistant-loco-pilot-recruitment-2026-cen-012026-2026--1403","job-listing","143","53c2c4b9a6480aa0c9aba1f8a6b62d45e4f239f05bb1e7793d56998f6932e861",""
"https://www.searchsarkarinaukri.com/jobs/railway-recruitment-board-rrb-isolated-category-posts-recruitment-2025-2026--1405","job-listing","143","becee91bb6bac9c83efcc305c4452e43d9f7a2371924b1011f5f539525eb59af",""
"https://www.searchsarkarinaukri.com/jobs/railway-recruitment-board-rrb-je-dms-cma-2026--1408","job-listing","147","3734da115f7ab5631074a3be10034d9d2361e552bd1715a8797a13fc0dd08df0",""
"https://www.searchsarkarinaukri.com/jobs/railway-recruitment-board-rrb-je-dms-cma-posts-2026--1424","job-listing","145","22bab2b311f57e02f27d23d04611a784816d07fdd488100ca21a4c802e93c1fd",""
"https://www.searchsarkarinaukri.com/jobs/railtel-apprentice-recruitment-2026-rajasthan-locations-apply-online--3882","job-listing","329","1f75c0d7dc7e2b3dfe67933c7923b720ccb5862f0a366913ac92af845e139b19",""
"https://www.searchsarkarinaukri.com/jobs/railway-recruitment-board-rrb-je-dms-cma-2026--1418","job-listing","147","3734da115f7ab5631074a3be10034d9d2361e552bd1715a8797a13fc0dd08df0",""
"https://www.searchsarkarinaukri.com/jobs/railway-recruitment-board-rrb-ministerial-isolated-category-posts-2026--1414","job-listing","145","396c7ff0fa30ad55af0dd0ca7b20a21d40c028e9bcd69101f82d37d0da1029d7",""
"https://www.searchsarkarinaukri.com/jobs/railway-recruitment-board-rrb-ministerial-isolated-category-posts-2026--1421","job-listing","145","396c7ff0fa30ad55af0dd0ca7b20a21d40c028e9bcd69101f82d37d0da1029d7",""
"https://www.searchsarkarinaukri.com/jobs/railway-recruitment-board-rrb-ntpc-graduate-posts-recruitment-2024-cen-052024-2026--1416","job-listing","153","b9228c6b2e4a85a9ae1846efe99ec61e0a1f5789e60e84dc811c0f4125ca3784",""
"https://www.searchsarkarinaukri.com/jobs/railway-recruitment-board-rrb-ntpc-graduate-posts-recruitment-2025-cen-062025-2026--1407","job-listing","153","b9228c6b2e4a85a9ae1846efe99ec61e0a1f5789e60e84dc811c0f4125ca3784",""
"https://www.searchsarkarinaukri.com/jobs/railway-recruitment-board-rrb-ntpc-non-technical-popular-categories-2026--1423","job-listing","147","3bd92a603e31a75b6123271d872d452b90efbe242cb62a45f27465d00fe93d40",""
"https://www.searchsarkarinaukri.com/jobs/railway-recruitment-board-rrb-ntpc-undergraduate-posts-recruitment-2025-cen-072025-2026--1406","job-listing","143","1b886f4030825c0a50f1c6106b3df86b9ed356cb20b886c3e8433ebc1b948a7a",""
"https://www.searchsarkarinaukri.com/jobs/railway-recruitment-board-rrb-paramedical-posts-recruitment-2024-cen-042024-2026--1417","job-listing","141","ce7d96e5c26a606b63a9f5cbbc0f3e6c3de971f6f9f039bdabd1f57d28dc2eb5",""
"https://www.searchsarkarinaukri.com/jobs/railway-recruitment-board-rrb-paramedical-posts-recruitment-2019-cen-022019-2026--1422","job-listing","141","ce7d96e5c26a606b63a9f5cbbc0f3e6c3de971f6f9f039bdabd1f57d28dc2eb5",""
"https://www.searchsarkarinaukri.com/jobs/railway-recruitment-board-rrb-ntpc-undergraduate-posts-recruitment-2024-cen-062024-2026--1415","job-listing","143","1b886f4030825c0a50f1c6106b3df86b9ed356cb20b886c3e8433ebc1b948a7a",""
"https://www.searchsarkarinaukri.com/jobs/railway-recruitment-board-rrb-paramedical-posts-recruitment-2025-cen-032025-2026--1410","job-listing","141","ce7d96e5c26a606b63a9f5cbbc0f3e6c3de971f6f9f039bdabd1f57d28dc2eb5",""
"https://www.searchsarkarinaukri.com/jobs/railway-recruitment-board-rrb-pay-level-1-group-d-posts-2026--1404","job-listing","149","26bee3f6957f00ce996a18bf91f92d6e263d4c4d84796f79add9e0b9f568ad0d",""
"https://www.searchsarkarinaukri.com/jobs/railway-recruitment-board-rrb-paylevel-1-group-d-posts-recruitment-2026--1425","job-listing","147","3b81b1cfa1504b07ac002bc4458c012e8e2a547c241ea4c81336c1c6d73f9153",""
"https://www.searchsarkarinaukri.com/jobs/railway-recruitment-board-rrb-pay-level-1-group-d-posts-2026--1413","job-listing","149","26bee3f6957f00ce996a18bf91f92d6e263d4c4d84796f79add9e0b9f568ad0d",""
"https://www.searchsarkarinaukri.com/jobs/railway-recruitment-board-rrb-recruitment-notification-railway-recruitment-board-rrb-2026--2579","job-listing","265","a5d6899d3deac424658ce3050657e5c1aa390c05e83ce4cd042602aa935bb3d5",""
"https://www.searchsarkarinaukri.com/jobs/railway-recruitment-board-rrb-recruitment-notification-railway-recruitment-board-rrb-2026--4594","job-listing","218","63dab7a1e94659b33d824ae5eca4858cbdf6d11fa8f9e53c65f7268f47394d9d",""
"https://www.searchsarkarinaukri.com/jobs/railway-recruitment-board-rrb-recruitment-notification-railway-recruitment-board-rrb-2026--3390","job-listing","237","291d8696b18fe09e6d8578026cfec2429aa78459d4545117f40bd67d27f21fef",""
"https://www.searchsarkarinaukri.com/jobs/railway-recruitment-board-rrb-section-controller-recruitment-2025-cen-042025-2026--1409","job-listing","141","4f34744897a26d1d94fe754c279c6f931946028e03843bdad0b75f4e35cce93e",""
"https://www.searchsarkarinaukri.com/jobs/railway-recruitment-board-rrb-technicians-recruitment-2024-cen-022024-2026--1419","job-listing","139","da21a84a9cb415d7c489ba6694e5a78e6d77fd8bc7a68f558ae22120a494d1c7",""
"https://www.searchsarkarinaukri.com/jobs/railway-recruitment-board-rrb-technicians-recruitment-2025-cen-022025-2026--1411","job-listing","139","da21a84a9cb415d7c489ba6694e5a78e6d77fd8bc7a68f558ae22120a494d1c7",""
"https://www.searchsarkarinaukri.com/jobs/rajapur-urban-cooperative-bank-rajapur-urban-cooperative-bank-2026--4726","job-listing","220","b71a429b43d094449629cb471940a08d61c153d75f8fec79ec855d485b30796f",""
"https://www.searchsarkarinaukri.com/jobs/rajarambapu-sahakari-bank-ltd-sangli-rajarambapu-sahakari-bank-ltd-sangli-2026--3526","job-listing","240","f7fabcc69348dd8e0f0803242c4a552a1fb40b64e85c3d04d523577b9135a62e",""
"https://www.searchsarkarinaukri.com/jobs/rajarshi-shahu-bank-pune-rajarshi-shahu-bank-pune-2026--3891","job-listing","246","e7889b0924e552ec553a56f03a0f6cdb684a3a180c158f7e2be1460f63dde1c4",""
"https://www.searchsarkarinaukri.com/jobs/rajkot-nagarik-sahakari-bank-rajkot-nagarik-sahakari-bank-2026--1708","job-listing","235","c59f5ea4c4213a3dcd83fc263747b075065936eb944c2b97a9f05f6d45706e8e",""
"https://www.searchsarkarinaukri.com/jobs/rajya-mahiti-aayog-mumbai-rajya-mahiti-aayog-mumbai-2026--3846","job-listing","248","edf8fd1ca4a6d5f3c9e70a59626fe51ed4eb23069b00c41da0ade638352e10ac",""
"https://www.searchsarkarinaukri.com/jobs/rari-pune-project-technical-support-ii-recruitment-2026--4763","job-listing","248","3a48dceb19b55961a4ce646ce977f66a07895dbc0cc0f10d56243d22feff9004",""
"https://www.searchsarkarinaukri.com/jobs/rari-pune-rari-pune-2026--1964","job-listing","234","57255c6ebc5cb6189dc6798387bc055a55c4fde2ab2df99fc92545589c3cdae9",""
"https://www.searchsarkarinaukri.com/jobs/rari-pune-rari-pune-2026--4612","job-listing","234","3847b3a85f878d4485f71afc2d20bc7891a1857d045878cab4ffafb8ce6ceadc",""
"https://www.searchsarkarinaukri.com/jobs/rarimch-nagpur-rarimch-nagpur-2026--2144","job-listing","240","a2eb10161d94c5147eaca1d35a130332b12a9178c7eac7dca9c79d072c14b369",""
"https://www.searchsarkarinaukri.com/jobs/rashtrasant-tukdoji-maharaj-nagpur-university-apply-for-139-assistant-professor-posts-2026--3701","job-listing","205","2c9c4aa2d4ccf7fefe4168695ee51de0d3f95be362b19b6925afbb8235a8d64d",""
"https://www.searchsarkarinaukri.com/jobs/rashtriya-chemicals-and-fertilizers-limited-assistant-engineer-electrical-2026--2723","job-listing","229","6ea455bd25bde0a1bd059f63cd82bdd4bccd630b59954d69253982b3407913b4",""
"https://www.searchsarkarinaukri.com/jobs/rashtriya-chemicals-and-fertilizers-limited-director-technical-2026--1618","job-listing","266","baf8986a5122880702bddd17ad96bf9ddfecdeb5f2a152f0152a54c9341efdc3",""
"https://www.searchsarkarinaukri.com/jobs/rashtriya-chemicals-and-fertilizers-limited-job-openings-at-rashtriya-chemicals-and-2026--2422","job-listing","265","862898eae0936286540649f9805f746e9d2c00b6b342d3ebeda13bdb5d41e49e",""
"https://www.searchsarkarinaukri.com/jobs/rashtriya-chemicals-and-fertilizers-limited-job-openings-at-rashtriya-chemicals-and-2026--4994","job-listing","226","58d77c96de0646d74be7eb5a84a5eba372cb7eed4c75a3ef0baa0cec9a9e4c72",""
"https://www.searchsarkarinaukri.com/jobs/rashtriya-chemicals-and-fertilizers-limited-mumbai-rcfl-mumbai-recruitment-2026-46-2026--1665","job-listing","230","b383ad18a61cb0d0e2412eeb1d8949dbed09dfd7b59edaeea55e8e313c267adc",""
"https://www.searchsarkarinaukri.com/jobs/rashtriya-chemicals-and-fertilizers-limited-officer-finance-2026--2409","job-listing","222","5100502c45ef521a8f0427fe1fec9a7115dab389728acc063792cd19c43c0d65",""
"https://www.searchsarkarinaukri.com/jobs/rashtriya-chemicals-and-fertilizers-limited-officer-hr-2026--2408","job-listing","259","87d680741fe1ebd90f90d4d895853191e0648d268d4f19cb8c41575a7665a7f5",""
"https://www.searchsarkarinaukri.com/jobs/rashtriya-chemicals-and-fertilizers-limited-officer-legal-2026--2481","job-listing","214","37c5034a1a9db999fe4dc6ccedc3641fe978de0328585247364c2ecc1c940bd2",""
"https://www.searchsarkarinaukri.com/jobs/rashtriya-chemicals-and-fertilizers-limited-officer-medical-2026--2406","job-listing","224","9da06c08ae5b8788a8cb0daa0017e2982d5b149ecdfa36cead396483fad1b15b",""
"https://www.searchsarkarinaukri.com/jobs/rashtriya-chemicals-and-fertilizers-limited-rcf-recruitment-2026-46-honorary-2026--1680","job-listing","248","94dc10a1d31fb124e01b63d8dffea8b09fc4566595adc679af0094e1136ced09",""
"https://www.searchsarkarinaukri.com/jobs/rashtriya-chemicals-and-fertilizers-limited-senior-engineer-civil-2026--2480","job-listing","264","ae6467e57fbdd84cc00e75c61678dc044930598030bdc344f0f000a23a0fa531",""
"https://www.searchsarkarinaukri.com/jobs/rashtriya-ispat-nigam-ltd-director-personnel-2026--1579","job-listing","224","145e59f1ee5033cd98047c0c48a65691d699aaee1b266d0ca4c6a8f00100da8b",""
"https://www.searchsarkarinaukri.com/jobs/rashtriya-chemicals-and-fertilizers-limited-sr-manager-cc-lab-2026--2482","job-listing","224","a6a9996e76d80663427b7bc4e06ab117cc1567476e5a42b584f93e8b10e22ad8",""
"https://www.searchsarkarinaukri.com/jobs/ratnagiri-anganwadi-ratnagiri-anganwadi-2026--3531","job-listing","230","4f00745fe008fb50b9f3253868c2f4513ff480d6855aeb97320a1c408c1ba23b",""
"https://www.searchsarkarinaukri.com/jobs/rayat-shikshan-sanstha-rayat-shikshan-sanstha-2026--2802","job-listing","226","9f1aef71e1a0604cd4f8580f70bf45494b58e417b683e1fb96a018fa40c21566",""
"https://www.searchsarkarinaukri.com/jobs/rayat-shikshan-sanstha-satara-rayat-shikshan-sanstha-satara-2026--1948","job-listing","245","a8831e58cf7dcfdeb0ec37c2429fa0da67db1a2b26c1b78bba6738447f3a851b",""
"https://www.searchsarkarinaukri.com/jobs/rayat-shikshan-sanstha-satara-rayat-shikshan-sanstha-satara-2026--1755","job-listing","241","2f34022012d4daa26aa1a72d02f9abf069f15785bcd294b0a548feaf708a9723",""
"https://www.searchsarkarinaukri.com/jobs/rayat-shikshan-sanstha-satara-rayat-shikshan-sanstha-satara-2026--1972","job-listing","245","c5c15884e12633b527b281105392431505f8bbe44fb7fec31f6d64deeb223eea",""
"https://www.searchsarkarinaukri.com/jobs/rayat-shikshan-sanstha-satara-rayat-shikshan-sanstha-satara-2026--2306","job-listing","245","aca9ebd2b7348e66e5591761961d33308f899246652a0d259b7aece1e67bc1c6",""
"https://www.searchsarkarinaukri.com/jobs/rayat-shikshan-sanstha-satara-rayat-shikshan-sanstha-satara-2026--2336","job-listing","245","bfedcfdbbc7a543cd493936ade8a65ef9f9e302a8daca9b863493e73270e1f85",""
"https://www.searchsarkarinaukri.com/jobs/rayat-shikshan-sanstha-satara-rayat-shikshan-sanstha-satara-2026--2783","job-listing","245","14f0d8456c4ef4f72c608c815aca88b60bba3f422194f77bd588a3d7ab366e49",""
"https://www.searchsarkarinaukri.com/jobs/rayat-shikshan-sanstha-satara-rayat-shikshan-sanstha-satara-2026--4317","job-listing","245","29d24349540e320133af97a14aa3a3a9e731e5807a30e5c61e41e0b72220671c",""
"https://www.searchsarkarinaukri.com/jobs/rayat-shikshan-sanstha-satara-rayat-shikshan-sanstha-satara-2026--4712","job-listing","245","5919342a01b222037b3f94917af2da41a951a961a59eab418ecea86df7808ab6",""
"https://www.searchsarkarinaukri.com/jobs/rbi-bank-s-medical-consultant-recruitment-2026--2730","job-listing","212","d6ffe1efa4d044a2507a2c9b10b87e69bbcb9667c19f263a44630812728e5380",""
"https://www.searchsarkarinaukri.com/jobs/rbi-consultant-site-engineer-recruitment-2026--2729","job-listing","230","175a43bfda7e04cddc9e91a482c81684d888246ed3bb89dd533dfed544ef6b31",""
"https://www.searchsarkarinaukri.com/jobs/rbi-rbi-2026--1971","job-listing","211","c4fe34e7999af13196cef6ff410e73a3b20d11e5a143e7fd8e80f169c1ff6e22",""
"https://www.searchsarkarinaukri.com/jobs/rbi-rbi-2026--2035","job-listing","211","5bf2e0adc42d7f3ea29b3df4ae8464ebdbf7a3778fb1e8655da9091d8cc2bdcd",""
"https://www.searchsarkarinaukri.com/jobs/rbi-rbi-2026--2535","job-listing","211","c5663b3c4ee5a433a42a5aeb10dffbefa0f05513a1f46c3a723d63a8ed121726",""
"https://www.searchsarkarinaukri.com/jobs/rcb-lab-assistant-recruitment-2026-walk-in-interview-for-1-post--3336","job-listing","199","13bb6810f459957593b8aaf5d481c48b1ecd2f428c88ca91e2279cdbae032b2c",""
"https://www.searchsarkarinaukri.com/jobs/rcfl-management-trainee-boiler-recruitment-2026-apply-online-for-6-posts--3983","job-listing","222","84b90567979560d3f06f450497260ab85afdccb8f0ca6b8ca7c0b0fa2da92e35",""
"https://www.searchsarkarinaukri.com/jobs/rcfl-management-trainee-cc-lab-recruitment-2026-apply-online-for-1-post--3990","job-listing","231","c170e840f89ad5f68a1669144f076c2adbb3e3766b36e43922241a08db7ce635",""
"https://www.searchsarkarinaukri.com/jobs/rcfl-management-trainee-civil-recruitment-2026-apply-online-for-1-post--3988","job-listing","229","b1e08d42902fa15a56bfbe589132857244b9e0552555b98c2c2e0c4545fbff24",""
"https://www.searchsarkarinaukri.com/jobs/rcfl-management-trainee-chemical-recruitment-2026-apply-online-for-32-posts--3982","job-listing","232","da84a2dd1e9b8c358ea9fe58dd7f20ed4624585dac5921535e9f71e6db1de6c0",""
"https://www.searchsarkarinaukri.com/jobs/rcfl-management-trainee-electrical-recruitment-2026-apply-online-for-10-posts--3985","job-listing","224","5e3247fdf190c7f6bb4d0d6f026bcdc21c2e97434273cb0f7f05ca68b0091434",""
"https://www.searchsarkarinaukri.com/jobs/rcfl-management-trainee-finance-recruitment-2026-apply-online-for-10-posts--3994","job-listing","233","6b5c1ab9208108d4916c4cf672447f0146dbbaf922589bde8c66cf59b4da7950",""
"https://www.searchsarkarinaukri.com/jobs/rcfl-management-trainee-industrial-engineering-recruitment-2026-apply-online-for-2-posts--3991","job-listing","234","fddc315876293174c3c13fb0255e2eba6b1c858cc31015e92ad8659cc1fb448f",""
"https://www.searchsarkarinaukri.com/jobs/rcfl-management-trainee-fire-recruitment-2026-apply-online-for-1-post--3989","job-listing","225","6007339887b5be768d606466977d8e949c22865904faddd4d9ede7a660888f66",""
"https://www.searchsarkarinaukri.com/jobs/rcfl-management-trainee-information-technology-recruitment-2026-apply-online-for-5-posts--3992","job-listing","224","69fcde3693ab2387e41d5ca5bd5da8972a695fa4266c941259d4b484efc886f5",""
"https://www.searchsarkarinaukri.com/jobs/rcfl-management-trainee-instrumentation-recruitment-2026-apply-online-for-9-posts--3986","job-listing","230","77a5b337348711e7ede8fda3bcab9b61ea0dbb59fa0aca3f076e5ecdcc19069a",""
"https://www.searchsarkarinaukri.com/jobs/rcfl-management-trainee-marketing-recruitment-2026-apply-online-for-10-posts--3995","job-listing","229","129ed40de01062373162337d54b738a1b5836e1fed0c95bd1c64e17a12205829",""
"https://www.searchsarkarinaukri.com/jobs/rcfl-management-trainee-materials-recruitment-2026-apply-online-for-1-post--3987","job-listing","213","1f359425a2d858658630720d95b821f75a2349f9b3b1ed2c2e4f8904cd5c0332",""
"https://www.searchsarkarinaukri.com/jobs/rcfl-management-trainee-mechanical-recruitment-2026-apply-online-for-4-posts--3984","job-listing","218","d078c21985c822158e1c6ba5cc6b536c0a26fb665503e947d5c0a994fcdf1e75",""
"https://www.searchsarkarinaukri.com/jobs/rcfl-mumbai-rcfl-mumbai-2026--2392","job-listing","243","cae0fce22c8d079a17522d2b3a9b3f0893a31a6d8bd3f6f5b6ed15fec499e8e6",""
"https://www.searchsarkarinaukri.com/jobs/rcfl-management-trainee-rajbhasha-recruitment-2026-apply-online-for-2-posts--3993","job-listing","237","6001104f26265e72cbdf575760b14a16899053235c2a38c8bd5152f56fc1a755",""
"https://www.searchsarkarinaukri.com/jobs/rcfl-mumbai-rcfl-mumbai-2026--3654","job-listing","243","ee6f6674a21c87bec78390cddf604ecc657d69e6a5ea1f5d3b9ec40418087acd",""
"https://www.searchsarkarinaukri.com/jobs/rcfl-mumbai-rcfl-mumbai-2026--3907","job-listing","243","5224af3f58ba23bde14a878debfc0749a11e6c1d58605d6778faa194b7586eba",""
"https://www.searchsarkarinaukri.com/jobs/rcfl-mumbai-rcfl-mumbai-2026--4382","job-listing","243","70c1da2866260a5b429853f11fee1d27166b57215c026e65bcd93594ccbbaf77",""
"https://www.searchsarkarinaukri.com/jobs/rcfl-mumbai-rcfl-mumbai-2026--5000","job-listing","211","9c4e0711305bb4e73be459081747f5c8c57aa89d484669808aafe65b33b4d668",""
"https://www.searchsarkarinaukri.com/jobs/rcsm-agriculture-college-kolhapur-rcsm-agriculture-college-kolhapur-2026--2875","job-listing","250","9f0114761812edc945006988dfcafa3572a1f7f9f416ee6822c64c5688a15959",""
"https://www.searchsarkarinaukri.com/jobs/rcsm-agriculture-college-kolhapur-rcsm-agriculture-college-kolhapur-2026--2501","job-listing","250","514f730b2be018249ce1b7aaeec3c0306b0d1b305685e6cdeddb6666ee638bac",""
"https://www.searchsarkarinaukri.com/jobs/regional-ayurveda-research-institute-for-mother-and-child-health-nagpur-regional-ayurveda-research-i--2215","job-listing","204","9442eda6d277e8c4cfe75ab23d29738441311a7c3fed66d79aab83abff113337",""
"https://www.searchsarkarinaukri.com/jobs/recpdcl-recpdcl-2026--2929","job-listing","218","3d6f8a94ca5c2281cde4c282bae5667bbaf670cf47d1c55b8881b997c31768fb",""
"https://www.searchsarkarinaukri.com/jobs/renukamata-multistate-society-renukamata-multistate-society-2026--3412","job-listing","230","5ee6fdc08a4f2594cd5a849ea08dfc59ecb07f10676430d4873c0230539b598e",""
"https://www.searchsarkarinaukri.com/jobs/relationship-manager--978","job-listing","344","23967b02399d800c67a14af611e698611762e8a6551b6c6763b1f004522d3034",""
"https://www.searchsarkarinaukri.com/jobs/renukamata-multistate-society-renukamata-multistate-society-2026--4429","job-listing","230","8a8ad69bc126240639f043dfd9e1e1214149ea512f50224cd75752ab68059c17",""
"https://www.searchsarkarinaukri.com/jobs/repco-bank-repco-bank-2026--1976","job-listing","215","4642d26f28b1d2e15cc5dda145d41dd823c64594f1c0bb9fa4a579bcf5ddcb23",""
"https://www.searchsarkarinaukri.com/jobs/reserve-bank-of-india-recruitment-notification-reserve-bank-of-india-2026--2123","job-listing","206","2e3798766b4f4d14e3802101f7deb4e9046cb4a6c549fd46712f4afce9f4dd8c",""
"https://www.searchsarkarinaukri.com/jobs/rites-deputy-general-manager-joint-program-manager-recruitment-2026-apply-online-for-1-post--4114","job-listing","266","65e43451ddf50ba99b9f9b1920bd799dbbec338bc5cdf81dd53051dbf1ab794b",""
"https://www.searchsarkarinaukri.com/jobs/rites-limited-assistant-manager-2026--2520","job-listing","279","0e320f529e7c032add00b2064ba06d4f1424282268cdbd5fe7f2f5d75b4dd8d0",""
"https://www.searchsarkarinaukri.com/jobs/rites-limited-civil-engineer-2026--1561","job-listing","229","56e6e451a791ff8de344e74b550240b962dc8361fe1e86458902909921513731",""
"https://www.searchsarkarinaukri.com/jobs/rites-manager-api-developer-recruitment-2026-apply-online-for-1-post--4116","job-listing","241","e0db3aa0fd66c33f63ed2a16d0c92706864c4e142c32fddb2ff009301e79670b",""
"https://www.searchsarkarinaukri.com/jobs/rites-rites-2026--2434","job-listing","254","25a03006c263684b5ddbfc7c11a19693c9f6d4cf4ca37df3444fc3b85b85f3bb",""
"https://www.searchsarkarinaukri.com/jobs/rites-rites-2026--2602","job-listing","254","66e1541a774de6bea48c0f579c9401e7fcc3498f295d33779becd0016c0d5a51",""
"https://www.searchsarkarinaukri.com/jobs/rites-rites-2026--2937","job-listing","254","bc12139a12ee71cdc853dd4421f3ed170b33c008de81fbf7deb65cea1e491efa",""
"https://www.searchsarkarinaukri.com/jobs/rites-rites-2026--3252","job-listing","254","cced9f1a67305905a2dc0e79fa0b08a0c0fa158e21d2a72743e1f7f1e8258af5",""
"https://www.searchsarkarinaukri.com/jobs/rites-rites-2026--3658","job-listing","254","ef0eef56cf200f464962d0b2cf02264afdcefb6b422e50a760687bc86d7e8448",""
"https://www.searchsarkarinaukri.com/jobs/rites-rites-2026--4072","job-listing","221","9c712d13481c9acec3f2919d82fb0da8b3c66e89bb522766e4c0741cebb6e130",""
"https://www.searchsarkarinaukri.com/jobs/rites-rites-2026--3900","job-listing","254","bca03ab4fbaabfd2a6978130d479aca73c24bd89d59ce74d0396eb7649bc04c6",""
"https://www.searchsarkarinaukri.com/jobs/rites-rites-2026--5010","job-listing","221","8aa01732101ad9ef7b1117475d2e48a316f74a8ca61aab7cd5750aaea0acd4bd",""
"https://www.searchsarkarinaukri.com/jobs/rites-senior-manager-cyber-security-expert-recruitment-2026-apply-online-for-1-post--4115","job-listing","226","dbbf65e4801d2dbcf7577bedd777332b240ba64290f94ee5655e45f32903b664",""
"https://www.searchsarkarinaukri.com/jobs/rrap-cari-mumbai-rrap-cari-mumbai-2026--1732","job-listing","238","fe11bfb421bed0a834b3477131ff9571c0a7703bc727004b048df974e21b9ed1",""
"https://www.searchsarkarinaukri.com/jobs/rrb-alp-rrb-alp-2026--1750","job-listing","210","e3602a89b072a22979bbce73917e80b57c1a05de2246065b9a75cbf8fa41c327",""
"https://www.searchsarkarinaukri.com/jobs/rrb-chemical-metallurgical-assistant-recruitment-2026-apply-online--3370","job-listing","230","5ea736c1f4a6a6f1e53afc9b3d14cec04f21c77eb2580998e38c602d054be94c",""
"https://www.searchsarkarinaukri.com/jobs/rrb-depot-material-superintendent-dms-recruitment-2026-apply-online--3369","job-listing","198","b180029d030abae5d3b89b85b6d7775aae39bbdb15f1608aac3b10cb93045774",""
"https://www.searchsarkarinaukri.com/jobs/rrb-junior-engineer-je-recruitment-2026-apply-online--3368","job-listing","209","b77199081001fae2a14c65200f4f9a826131056df2c2ba9ad5605ab1b52e3990",""
"https://www.searchsarkarinaukri.com/jobs/rrb-rrb-2026--1500","job-listing","264","13f72335ab8068f166ccbfb65613254af5b54dc983ea75c4ce3b41e27fbee3a4",""
"https://www.searchsarkarinaukri.com/jobs/rrb-section-controller-recruitment-2026--3110","job-listing","262","db892b6e8b60cea1084dca77e3aa8c8f2f4a22f256dbbfde9c2f1cc300f726b4",""
"https://www.searchsarkarinaukri.com/jobs/rrb-section-controller-rrb-section-controller-2026--2296","job-listing","212","f658279a0a14ab1f317790ccb94d86db6b35e9d30953b09fbf8c5d2082c724e6",""
"https://www.searchsarkarinaukri.com/jobs/rrb-technician-grade-iii-recruitment-2026--2955","job-listing","294","fe627fd134b755b874a716cb26f2a488b4eb629ac1c26c2f6b6d001dc04f2f41",""
"https://www.searchsarkarinaukri.com/jobs/rrb-technician-grade-i-signal-recruitment-2026--2954","job-listing","293","8c0b04606d93d180cc7594568336b2adb2a701da3e518bdc9f95f065c2a47ca7",""
"https://www.searchsarkarinaukri.com/jobs/rrc-central-railway-rrc-central-railway-2026--2999","job-listing","223","683f19b711fb59f730573fbb73b289c1889ad17efc1ff89600c13131a9c7d5c6",""
"https://www.searchsarkarinaukri.com/jobs/rrc-central-railway-sports-quota-group-c-level-3-2-recruitment-2026--3144","job-listing","204","e06b11214621a49f371b6cca7752c04ca819678a545e9c342aa1e9d80bce342a",""
"https://www.searchsarkarinaukri.com/jobs/rrc-central-railway-sports-quota-group-c-level-5-4-recruitment-2026--3143","job-listing","207","0ab77a5021919984c8a71d3cec7f21c2c429878321d644e2afe59675c9a97dee",""
"https://www.searchsarkarinaukri.com/jobs/rrc-central-railway-sports-quota-group-d-level-1-recruitment-2026--3145","job-listing","213","9bb6059c21859365ccd530e61ed8f3400ac35441dcb0c51e6ba87e8746c5cf5d",""
"https://www.searchsarkarinaukri.com/jobs/rrc-ncr-act-apprentice-recruitment-2026--4813","job-listing","283","3f734065ff7457128d0e86a358ae124f28a4661847adda12f15d54801c3ff1ad",""
"https://www.searchsarkarinaukri.com/jobs/rrc-ncr-apprentice-recruitment-2026-1853-posts--2914","job-listing","250","b2708b6e276c3c9846a43f188c13744eb11e5a321bf5b1194620ca5797c0ff3d",""
"https://www.searchsarkarinaukri.com/jobs/rrium-rrium-2026--3132","job-listing","205","1035ee7cad1a9989b1b9c0d90945e7fe5bb91fa2f6358f2d4ed3432024004964",""
"https://www.searchsarkarinaukri.com/jobs/rsc-nagpur-rsc-nagpur-2026--5013","job-listing","215","0d7cd45bf66900ecf2c854c4052b00317774820b3ac54f7efcfd5bb951a48f6a",""
"https://www.searchsarkarinaukri.com/jobs/rtmnu-nagpur-rtmnu-nagpur-2026--2662","job-listing","241","fba95aaaf23b53512907f0d22e1aea42bbd3a49b32396c7558adfa0bfbf517a9",""
"https://www.searchsarkarinaukri.com/jobs/rtmnu-nagpur-rtmnu-nagpur-2026--3579","job-listing","241","073a07af747972d68d8fde98517b524d8ef383f8ae07f983185fe6f6fc0c35e6",""
"https://www.searchsarkarinaukri.com/jobs/rvunl-junior-accountant-recruitment-2026-apply-online-for-371-posts--3374","job-listing","180","09b7c0f06fa408991755344bd6b16045533049ad8c409fdb2d563710babc8e37",""
"https://www.searchsarkarinaukri.com/jobs/rvunl-commercial-assistant-ii-recruitment-2026-apply-online--3376","job-listing","184","dfdeb49c07184a610fb144745bfc91b6d572ca577179e883d3779761afe62f7f",""
"https://www.searchsarkarinaukri.com/jobs/rvunl-junior-assistant-recruitment-2026-apply-online-for-765-posts--3375","job-listing","184","f279633ff73a2070574532fca6c05bb9a80fef16d98aaf03f2ff77b095e3e698",""
"https://www.searchsarkarinaukri.com/jobs/rvunl-junior-engineer-civil-recruitment-2026-apply-online-for-32-posts--3373","job-listing","169","e481b40df3655e5daff860e630ff159850f9ab67760f07730646818ceff41a92",""
"https://www.searchsarkarinaukri.com/jobs/rvunl-junior-engineer-electrical-recruitment-2026-apply-online-for-727-posts--3371","job-listing","189","1f745631265010e5dab4b47ceaa8f47a73b003f61fcc67ef3b54a7e57fe97462",""
"https://www.searchsarkarinaukri.com/jobs/rvunl-junior-engineer-mechanical-recruitment-2026-apply-online-for-110-posts--3372","job-listing","161","e3f77e60f106cf6ba1c85e8550018c0b07654d361760a4b2ddf3d7ff4cdfd9d0",""
"https://www.searchsarkarinaukri.com/jobs/sahyadri-sahakari-bank-mumbai-sahyadri-sahakari-bank-mumbai-2026--2450","job-listing","248","765c85951a396344a811a4c1f4dff509c69b06b46925e5c422d1e7ee297396dd",""
"https://www.searchsarkarinaukri.com/jobs/sai-sai-2026--1577","job-listing","249","8c935d03a3e477cc7b81368b1a5c52771f4ccc3549f2e9fa097715f83304ff30",""
"https://www.searchsarkarinaukri.com/jobs/sail-rsp-data-entry-operator-pgdca-apprentice-recruitment-2026--4469","job-listing","275","a98c9321c133a67303506bc2a5862e0f08510c4c5873831853a8d6f8d0bfc6eb",""
"https://www.searchsarkarinaukri.com/jobs/sail-rsp-diploma-graduate-apprentice-automobile-recruitment-2026--4456","job-listing","297","2469a9974cb7a4f57b2d807ed1bbaca3170e0366cf8d4d910eeab54c74d126b6",""
"https://www.searchsarkarinaukri.com/jobs/sail-rsp-diploma-graduate-apprentice-ceramic-technology-recruitment-2026--4446","job-listing","298","78ff1eb42d1843ca991a6f8bfc365cfef885a6a3d38b88c803c52a6ce72c98cb",""
"https://www.searchsarkarinaukri.com/jobs/sail-rsp-diploma-graduate-apprentice-chemical-recruitment-2026--4447","job-listing","293","5154cfccd4543e58465dcf238c80a7d3400240ae6c3bdd843fe2db10d8ebc4c2",""
"https://www.searchsarkarinaukri.com/jobs/sail-rsp-diploma-graduate-apprentice-civil-recruitment-2026--4448","job-listing","293","d87b0b9b9dcd2efd8c8ba5701c4b4cccfeb75c6e3d196337e80720d92c86a43d",""
"https://www.searchsarkarinaukri.com/jobs/sail-rsp-diploma-graduate-apprentice-computer-science-recruitment-2026--4449","job-listing","297","5a5ec78d3459274bb8fb75838c9d28a66fe983ae9c09f6ce9a80ba3e23f26162",""
"https://www.searchsarkarinaukri.com/jobs/sail-rsp-diploma-graduate-apprentice-eee-recruitment-2026--4450","job-listing","297","c81e6be294af452ad11d3ffb51339c53d5179fc0948698c21fcd28edc707a622",""
"https://www.searchsarkarinaukri.com/jobs/sail-rsp-diploma-graduate-apprentice-electrical-recruitment-2026--4451","job-listing","293","b73213257c5e87410f1e3651bd17de953c2138ce80a8cb66fcb34028aa5760a1",""
"https://www.searchsarkarinaukri.com/jobs/sail-rsp-diploma-graduate-apprentice-electronics-telecommunication-recruitment-2026--4454","job-listing","298","87cda072ced7949b066e301109ae95b5c05e016a0948be87d79034b08dcceb32",""
"https://www.searchsarkarinaukri.com/jobs/sail-rsp-diploma-graduate-apprentice-electronics-communication-recruitment-2026--4466","job-listing","297","588c0d78353493c2b55cce3ed12b07fd00e67c0e9db78b4b4f20bee2f936f79a",""
"https://www.searchsarkarinaukri.com/jobs/sail-rsp-diploma-graduate-apprentice-information-technology-recruitment-2026--4455","job-listing","299","152aa90e66e591fc62c720250edc457dee00bb2864fbe1c4497a216c038891b2",""
"https://www.searchsarkarinaukri.com/jobs/sail-rsp-diploma-graduate-apprentice-mechanical-mechatronics-recruitment-2026--4452","job-listing","304","219f765f889424ab85f760d0fbe4c3432d4d0edd9ed15bdaf119c3851465f1a6",""
"https://www.searchsarkarinaukri.com/jobs/sail-rsp-diploma-graduate-apprentice-metallurgy-recruitment-2026--4453","job-listing","296","ca981bbf4f235b06ab2169d8e2cbe50c7a95d9bae154be784e6373182600c674",""
"https://www.searchsarkarinaukri.com/jobs/sail-rsp-graduate-apprentice-b-sc-nursing-recruitment-2026--4465","job-listing","286","acf61f6d69b1c5cb9f0004fb8fce35a5aac955155e21f2c4d0679de6fb2aabb1",""
"https://www.searchsarkarinaukri.com/jobs/sail-rsp-graduate-apprentice-bachelor-of-arts-recruitment-2026--4460","job-listing","275","1ee7269f53878019a1955e12fec8166c8b87ef04d1450b442b4a857b48cbabf1",""
"https://www.searchsarkarinaukri.com/jobs/sail-rsp-graduate-apprentice-bachelor-of-business-administration-recruitment-2026--4464","job-listing","278","002ad00dcfe10ec17512c818200e8339fd4928eb3ea19ced250448cf21e1501e",""
"https://www.searchsarkarinaukri.com/jobs/sail-rsp-graduate-apprentice-bachelor-of-commerce-recruitment-2026--4462","job-listing","279","94f73e59818e24f063b87b460fda3b855b27cb09ca89aeb516e4a41ac3db2c7f",""
"https://www.searchsarkarinaukri.com/jobs/sail-rsp-graduate-apprentice-bachelor-of-computer-application-recruitment-2026--4463","job-listing","278","73c0b28743891a1580ac44a539effe21bce3a78f4f36b56cabb0da5911e56e28",""
"https://www.searchsarkarinaukri.com/jobs/sail-rsp-graduate-apprentice-bachelor-of-science-recruitment-2026--4461","job-listing","279","d8a1c8e56503c2233ffbeb85a42d7fe184ef06bead49c4335aab8d83009c6d5c",""
"https://www.searchsarkarinaukri.com/jobs/sail-rsp-graduate-apprentice-electronics-communication-recruitment-2026--4457","job-listing","289","64b80bfce747eaff6ff238fd5e83e02de76023a4c4b4fade32398d970d682754",""
"https://www.searchsarkarinaukri.com/jobs/sail-rsp-graduate-apprentice-electronics-instrumentation-recruitment-2026--4458","job-listing","290","555d7236e60148a9569d23e23452c6298c66782c8ebd371c5a3cb14a4c229619",""
"https://www.searchsarkarinaukri.com/jobs/sail-rsp-graduate-apprentice-electronics-instrumentation-recruitment-2026--4467","job-listing","289","c8f8ed7c8aed07ef765d9273f4d6d25d7896f8a490ad47519a8bac42af4409c7",""
"https://www.searchsarkarinaukri.com/jobs/sail-rsp-graduate-apprentice-production-recruitment-2026--4459","job-listing","284","4a05125fef3aed35f4250a53949ab42909e412a8a88c46179b119ac841838c7f",""
"https://www.searchsarkarinaukri.com/jobs/sail-rsp-graduate-apprentice-production-recruitment-2026--4468","job-listing","285","3fbf9619034ca9d06fd28e4cf5bab8538b1a8f52c9b041282503ca2bcf201d01",""
"https://www.searchsarkarinaukri.com/jobs/sail-rsp-trade-apprentice-aocp-recruitment-2026--4362","job-listing","242","daaf7319155779cc5c4bb9e3a6fa87c0cf41ada4055711be1c8f42ee02ff6ff6",""
"https://www.searchsarkarinaukri.com/jobs/sail-rsp-trade-apprentice-central-ac-plant-mechanic-recruitment-2026--4443","job-listing","275","f3c35870d5bc62f7d8c239ba52798607553efae9e5b7dee8f5034e8b91f66a24",""
"https://www.searchsarkarinaukri.com/jobs/sail-rsp-trade-apprentice-copa-recruitment-2026--4363","job-listing","242","a5bf2d0cc6066a7c2046a445c4b37268bbcc3f3eb0fba43027307f43ebe82da6",""
"https://www.searchsarkarinaukri.com/jobs/sail-rsp-trade-apprentice-diesel-mechanic-recruitment-2026--4364","job-listing","239","ff7510a1b8144b9c2ec7284d8f524ec9519269fc3f892e37479d81b97d3f8ce7",""
"https://www.searchsarkarinaukri.com/jobs/sail-rsp-trade-apprentice-electrician-recruitment-2026--4365","job-listing","237","45d3dbd3c2ee6cd245834ac9aa810f3fdde6b0bc13b81c3d463739e7d672c654",""
"https://www.searchsarkarinaukri.com/jobs/sail-rsp-trade-apprentice-electronics-mechanic-recruitment-2026--4368","job-listing","239","a1e78c425b5136847d0bf74019becfd676c903a99f4938fb7ca4d264f9a7d511",""
"https://www.searchsarkarinaukri.com/jobs/sail-rsp-trade-apprentice-fitter-recruitment-2026--4366","job-listing","237","e456ef37acec51aaef229a42f3b3dd84e6afc286e8c046473d5ca6883ae45a67",""
"https://www.searchsarkarinaukri.com/jobs/sail-rsp-trade-apprentice-ictsm-recruitment-2026--4442","job-listing","266","2e6fca3b829cb6646b4a0e13cce830b1691c4aeac9bd8242bd5312e2b8e74f54",""
"https://www.searchsarkarinaukri.com/jobs/sail-rsp-trade-apprentice-instrument-mechanic-recruitment-2026--4369","job-listing","239","200dc8d91c09b67395254e5e9b926e7b5417c1f7b98db2356336ca920ea5be6a",""
"https://www.searchsarkarinaukri.com/jobs/sail-rsp-trade-apprentice-lacp-recruitment-2026--4436","job-listing","267","1b6c1f863c16951f6a8ec1ea8475b3fb8f27c04475cea78e8566065949207cee",""
"https://www.searchsarkarinaukri.com/jobs/sail-rsp-trade-apprentice-machinist-recruitment-2026--4437","job-listing","263","218ebaffbcf7380d09d768f837b78125cd6ea9564ecd00a212ff68bbd12dbfab",""
"https://www.searchsarkarinaukri.com/jobs/sail-rsp-trade-apprentice-manufacturing-process-control-automation-recruitment-2026--4445","job-listing","283","acfd6d4f35299e5e2488600799f5a8e41550e75f65db99e760914303b4e7a963",""
"https://www.searchsarkarinaukri.com/jobs/sail-rsp-trade-apprentice-mechanic-motor-vehicle-recruitment-2026--4438","job-listing","269","98f7a4349a41ec853e48d0270a83e54fc58ee5621257bfcb1150f6aa5cecd911",""
"https://www.searchsarkarinaukri.com/jobs/sail-rsp-trade-apprentice-mechanic-refrigeration-and-ac-recruitment-2026--4439","job-listing","272","32739e11d5579007776ad672421ee124e03a74fe09228d36bce7ce08e800fc92",""
"https://www.searchsarkarinaukri.com/jobs/sail-rsp-trade-apprentice-technician-mechatronics-recruitment-2026--4444","job-listing","277","4bc813dfe83eebbfa510584052f84e092c0d666740d1653a3b2f2846532367cf",""
"https://www.searchsarkarinaukri.com/jobs/sail-rsp-trade-apprentice-tool-die-maker-recruitment-2026--4367","job-listing","241","e18603eb00cb4863da5b098b74b65db4970a1c616bf776a3241ca938f72b5a69",""
"https://www.searchsarkarinaukri.com/jobs/sail-rsp-trade-apprentice-turner-recruitment-2026--4440","job-listing","262","3d440bafc041de9b3489347fd51aad554faab15ae69c1bf8069cd8183d6660c2",""
"https://www.searchsarkarinaukri.com/jobs/sail-rsp-trade-apprentice-welder-recruitment-2026--4441","job-listing","272","6b54368cdb741a0cb1b45f8f4e9eac219427ba5614272e3e03e22dc2d5140e95",""
"https://www.searchsarkarinaukri.com/jobs/sail-sail-2026--1557","job-listing","282","d819d346baa2fabef20f6940e1d3a39b5920ced0ff15a640fe67997589168d65",""
"https://www.searchsarkarinaukri.com/jobs/sainik-kalyan-vibhag-sainik-kalyan-vibhag-2026--1987","job-listing","226","511860978c9733fe95a90564721bad612597f9b67f716f148585d921461f6f41",""
"https://www.searchsarkarinaukri.com/jobs/sainik-school-ambikapur-recruitment-for-the-post-of-trained-2026--1650","job-listing","135","aa3b121d62faf4a8843079f951e99ae4babf5084ef8259cc80cb86b38b86904c",""
"https://www.searchsarkarinaukri.com/jobs/sainik-school-chandrapur-job-openings-at-sainik-school-chandrapur-2026--2105","job-listing","225","82e89097ebecfd0e379490175c20a68e22ccd7f2eb65606879c270bb6d19b23b",""
"https://www.searchsarkarinaukri.com/jobs/sainik-school-chandrapur-sainik-school-chandrapur-2026--2070","job-listing","241","2001090e7ed19c4b1454866cbe50795e3694177d1246b968c34fb91c0ed8f7d8",""
"https://www.searchsarkarinaukri.com/jobs/sainik-school-nagrota-jammu-recruitment-for-the-post-of-tgt-2026--2484","job-listing","139","a56572f9438f51d7fd79aac92b5c33088a2d32959580d17c572fa9f3c0c8fcf2",""
"https://www.searchsarkarinaukri.com/jobs/sainik-school-satara-sainik-school-satara-2026--2752","job-listing","239","90d62605e72c0a7d8df684c38277130561e8688e076d68374ed10d892a31a1d0",""
"https://www.searchsarkarinaukri.com/jobs/samaj-kalyan-vibhag-nagpur-samaj-kalyan-vibhag-nagpur-2026--3121","job-listing","249","bc29ff8372cab56324cdab448f7fcf446f3ef4803a67bbd849aeb831d18380ae",""
"https://www.searchsarkarinaukri.com/jobs/samaj-kalyan-gadchiroli-samaj-kalyan-gadchiroli-2026--2830","job-listing","234","d0671a517fb3497d2a864ab1565be7b36080865c7d21c949653c0a3e9d0592be",""
"https://www.searchsarkarinaukri.com/jobs/sambhaji-nagar-mahanagarpalika-sambhaji-nagar-mahanagarpalika-2026--2704","job-listing","226","dbe7fbf953d6ff8b272655db97bc59c77652d23d2621706c9ba4fe4e17099206",""
"https://www.searchsarkarinaukri.com/jobs/sameer-mumbai-sameer-mumbai-2026--1760","job-listing","261","5b9bc53d82f26a21c9dcf2c5fa6dbd1b4130635920167cbb8f74141969608d78",""
"https://www.searchsarkarinaukri.com/jobs/sameer-mumbai-sameer-mumbai-2026--4673","job-listing","224","3f63b7abc4eff2133049c5e18a7f3b0068a5aedf0ae409303fceeb46786d6451",""
"https://www.searchsarkarinaukri.com/jobs/sangamner-merchant-bank-sangamner-merchant-bank-2026--4321","job-listing","229","780c485efba2e991078ba81c7abd5985e31d0c470055ca5d1b196e214ae91ad6",""
"https://www.searchsarkarinaukri.com/jobs/sangli-anganwadi-sangli-anganwadi-2026--3039","job-listing","235","d937b65e98353b323b6fc2f984faea8e37f70b7a683bfcfd5e522e829cd6421d",""
"https://www.searchsarkarinaukri.com/jobs/sangli-dcc-bank-sangli-dcc-bank-2026--2260","job-listing","237","4573257369e53f8208e183dc038714253fa9a1e3a5ce12cbae0ecaffe7a35686",""
"https://www.searchsarkarinaukri.com/jobs/sangli-dcc-bank-sangli-dcc-bank-2026--4488","job-listing","237","838936a34895e874bd19883049e7cc67babf6f7b6cd576c813f404f7d799fd2f",""
"https://www.searchsarkarinaukri.com/jobs/sangli-mahanagarpalika-bharti-2026-smkm-sangli-mahanagarpalika-bharti-2026-2026--2550","job-listing","243","0c6c1722d350b08bf2986755ecc879277182681710d649fd18efcbeb1ba05bc7",""
"https://www.searchsarkarinaukri.com/jobs/sangli-mahanagarpalika-bharti-2026-smkm-sangli-mahanagarpalika-bharti-2026-2026--2506","job-listing","243","5ed98f31c5480729c5304760a6eb2602ee46c00f50a46d69b80be032e5b0bbb6",""
"https://www.searchsarkarinaukri.com/jobs/sangli-miraj-kupwad-city-municipal-corporation-recruitment-notification-sangli-miraj-kupwad-city-202--2580","job-listing","233","0fa9330a6885516354b58a295a230438a30ca1a0117a3b1196ca745452ea0bc1",""
"https://www.searchsarkarinaukri.com/jobs/sangli-urban-co-op-bank-sangli-urban-co-op-bank-2026--2541","job-listing","255","f2a0cbb46f3ad6512a78b8818a6bc7ff853d767966a3750ab8f10061aa4ef11b",""
"https://www.searchsarkarinaukri.com/jobs/sangli-urban-co-op-bank-sangli-urban-co-op-bank-2026--2593","job-listing","255","8f2e9c31e357c40d55afb56bd6013b6d0c93d42bc58b2ad688b174e610bd10c9",""
"https://www.searchsarkarinaukri.com/jobs/sanjay-gandhi-national-park-sgnp-maharashtra-sanjay-gandhi-national-park-sgnp-maharashtra-2026--4599","job-listing","201","76f143faca4e83b74ff389b9fa787c842e488a0c60e03a7ea0b419ea60b08efc",""
"https://www.searchsarkarinaukri.com/jobs/satara-anganwadi-satara-anganwadi-2026--4153","job-listing","240","220fc386a2f707f516c39d6053be826eb514422c4d41f2eabdd8fd1499d9dc56",""
"https://www.searchsarkarinaukri.com/jobs/satara-college-of-pharmacy-satara-college-of-pharmacy-2026--2350","job-listing","235","23cceb74b6766d1a1d2122ba0f90f34bd4293f4f7f8a68c00fd28c193f269cac",""
"https://www.searchsarkarinaukri.com/jobs/satish-dhawan-space-centre-shar-primary-teacher-2026--2197","job-listing","199","0bdd081cfc3c66abf36ec67dca738477050b255c0b9a6e6d78d03c5937d772b8",""
"https://www.searchsarkarinaukri.com/jobs/satish-dhawan-space-centre-shar-trained-graduate-teacher-2026--2198","job-listing","203","6dd865214177d3d9d236313aab7ce06b0816b707ddd96e3db4f7c7f2c55f187c",""
"https://www.searchsarkarinaukri.com/jobs/savitribai-phule-mahila-mahavidyalaya-savitribai-phule-mahila-mahavidyalaya-2026--2233","job-listing","224","dba2704369b9d5d12819ffa13ccc98918bf645904a30dc736218135786a97d2c",""
"https://www.searchsarkarinaukri.com/jobs/sbi-2026--4538","job-listing","512","5791f2ccd9701fd77cfef28c05a8fa22a242369edd63f64c708cb3d26128dc11",""
"https://www.searchsarkarinaukri.com/jobs/sbi-apprentice-sbi-apprentice-2026--1719","job-listing","219","ca93eb1d33274d2da935950da2c8ae37b45d2c862b22e41860dabcd248cb5045",""
"https://www.searchsarkarinaukri.com/jobs/sbi-assistant-manager-law-deputy-manager-law-recruitment-2026--2674","job-listing","277","b71e70c39352c96ef76f07cad3c89e66571aa5323c22b936d74e032c1208c978",""
"https://www.searchsarkarinaukri.com/jobs/sbi-bank-medical-officer-bmo-ii-recruitment-2026--2675","job-listing","274","8537533c424bf33bc0b1a3fe43cde6d33d41dc99d925b270dfbaef662b9c77ac",""
"https://www.searchsarkarinaukri.com/jobs/sbi-bank-medical-officer-recruitment-2026--3149","job-listing","331","e476edbcb1f536f219983aac4a7d4b2e48f6cbe4f22a71b94e04e4bcbbf97d7c",""
"https://www.searchsarkarinaukri.com/jobs/sbi-clerk-sbi-clerk-2026--4421","job-listing","221","d9b85047733169f8b78503390cbe677531d86f8909175ef8f217fa4279e58d31",""
"https://www.searchsarkarinaukri.com/jobs/sbi-clerk-sbi-clerk-2026--4263","job-listing","221","70d989071030ebb2fb0e2c4fc4307c224020a73baa2c1bd96087d35823035896",""
"https://www.searchsarkarinaukri.com/jobs/sbi-deputy-manager-ai-specialist-recruitment-2026--4623","job-listing","331","c99e003f8cd940c88741c56ee91f5121bb5aad62482c980326ea944dbecf1275",""
"https://www.searchsarkarinaukri.com/jobs/sbi-deputy-chief-technology-officer-enterprise-architecture-recruitment-2026--4628","job-listing","333","48ea7ea3b0c39bb8faa59fa0db8e6ac9ccceb4e7b2b43d3e346587f03cbddca9",""
"https://www.searchsarkarinaukri.com/jobs/sbi-deputy-manager-cyber-security-analyst-recruitment-2026--4625","job-listing","336","7a00b1983412b3423946c3a4a12f38610b44d8aef7f39b62f7be6e1cb9254efa",""
"https://www.searchsarkarinaukri.com/jobs/sbi-deputy-manager-it-security-expert-recruitment-2026--4624","job-listing","333","191848f5840c563cf8cfe0cf3a453a110c3685e182bc9c99ce7b9bfd23d0a8a7",""
"https://www.searchsarkarinaukri.com/jobs/sbi-deputy-vice-president-citizen-centric-initiatives-recruitment-2026--4621","job-listing","334","3a3eb8c2cd28608864178359132c3203fa5f6f9e3a1956088382bdcf97ad6e5a",""
"https://www.searchsarkarinaukri.com/jobs/sbi-deputy-vice-president-cyber-innovation-simulation-lab-recruitment-2026--4620","job-listing","324","3e827c95b0da63ed6a5d1df51452bd60febed1d8fad55dd9d239aa81420a4f8a",""
"https://www.searchsarkarinaukri.com/jobs/sbi-deputy-vice-president-cyber-security-recruitment-2026--4622","job-listing","335","a58d5a3d74cfe5439ae24dcc450b53c68501d675ee6e453a649e0147cbe5bf14",""
"https://www.searchsarkarinaukri.com/jobs/sbi-junior-associate-customer-support-sales-recruitment-2026--4619","job-listing","327","c2a31a88087cd7672e48b3c3c59023d46d89a9d1d4b4fae84c7bc4428f47d5c5",""
"https://www.searchsarkarinaukri.com/jobs/sbi-manager-learning-development-recruitment-2026--4627","job-listing","314","53cc15c899c0b44f2dc73281d650714a65eb34d04b98d5ddc18eceb8fdb2b38a",""
"https://www.searchsarkarinaukri.com/jobs/sbi-manager-manpower-planning-recruitment-2026--4626","job-listing","308","3848f24b555d0cff13b3e1e99092a5b73906883e9a758b1074b389b84c831411",""
"https://www.searchsarkarinaukri.com/jobs/sbi-mumbai-sbi-mumbai-2026--2309","job-listing","234","4bbc58871c40d5dd870523d45aea5123e704ac7ad459680076d9a82bac989f9c",""
"https://www.searchsarkarinaukri.com/jobs/sbi-mumbai-sbi-mumbai-2026--2445","job-listing","234","e0d3398b023fefb0bd4114186590a02cd73aaf1504d40f903c5f949aa1cd5cf7",""
"https://www.searchsarkarinaukri.com/jobs/sbi-mumbai-sbi-mumbai-2026--3171","job-listing","234","d58e72034d32bceda812d79045864f9642cf45af22cb854a18bce75366dcb6c6",""
"https://www.searchsarkarinaukri.com/jobs/sbi-mumbai-sbi-mumbai-2026--2931","job-listing","234","1c344ac01eb487b87fe54ae117e6d62aa0aa869cf72735645d413831a21a0443",""
"https://www.searchsarkarinaukri.com/jobs/sbi-po-sbi-po-2026--2125","job-listing","219","e6a48038164afcb8174c15a734f4854aafa2909925ad16447f9d5d80be44240d",""
"https://www.searchsarkarinaukri.com/jobs/sbi-probationary-officer-po-recruitment-2026--2676","job-listing","288","c5b7c548b959bf23023a3916c127230e083bde0c6f794c870e2d643452a6ac7d",""
"https://www.searchsarkarinaukri.com/jobs/sbi-sbi-2026--4334","job-listing","541","3b729e7b52349b5f8a57bce36b10405a64ac78386f4b56cab339461ef7f42344",""
"https://www.searchsarkarinaukri.com/jobs/sbi-specialist-cadre-officer-recruitment-2026--2734","job-listing","293","7670b6bdec88b843e013ba0d88a436a37f39d61fbfd4d628b9ed94ef1f92c3a2",""
"https://www.searchsarkarinaukri.com/jobs/sbi-sco-sbi-sco-2026--4266","job-listing","202","d77d6fbf9d44c41855a5664985a7095670d7de8bcb21d71dce2d68036ff73159",""
"https://www.searchsarkarinaukri.com/jobs/sbi-vice-president-enterprise-technology-architect-recruitment-2026--4629","job-listing","331","548b80600ac4db26f0d346d912cb6e6f9cd2478274802ad77fdbf6bf22b1eec4",""
"https://www.searchsarkarinaukri.com/jobs/sccl-diploma-apprentice-recruitment-2026--4501","job-listing","215","d5bbd98f99c94566563a804f596c4ea00340a6c1edfb34652ab30fcf9f43db38",""
"https://www.searchsarkarinaukri.com/jobs/sccl-engineering-graduate-apprentice-recruitment-2026--4499","job-listing","240","b5be0bdd3edb67698dcd6140c13b1508793ab00697da99fed668372050bab84b",""
"https://www.searchsarkarinaukri.com/jobs/sccl-non-engineering-graduate-apprentice-recruitment-2026--4500","job-listing","224","6215b249ddabbc9446d6669d89784e10fb9f8983a0c1c44214579e0f1bf6a5d9",""
"https://www.searchsarkarinaukri.com/jobs/scea-pune-scea-pune-2026--3030","job-listing","235","5144f29c6e827d7ac91a29eef676a4d75f124ba153602f6f8983401a05283081",""
"https://www.searchsarkarinaukri.com/jobs/sci-mumbai-sci-mumbai-2026--3087","job-listing","224","80f945a422e99acdb4ea8b77d0d58303730a4dc023516eb577f72ebf601ab7cc",""
"https://www.searchsarkarinaukri.com/jobs/secl-secl-2026--1726","job-listing","221","b5aa3e71292e7a7e24fb9917464cfa327ef9535763f5a05f0d1163c1b1afa81f",""
"https://www.searchsarkarinaukri.com/jobs/secondary-training-college-mumbai-secondary-training-college-mumbai-2026--1831","job-listing","242","fe31dce1fd13c7bf3d6ea615de9cb45ff5e74f10cb8d73f115081a3554f05e40",""
"https://www.searchsarkarinaukri.com/jobs/secr-nagpur-secr-nagpur-2026--2304","job-listing","237","4f69ed1e77d5cb2b1d31304b5080550897f981e8347b3cb3b4e40c5535c3698f",""
"https://www.searchsarkarinaukri.com/jobs/secr-nagpur-secr-nagpur-2026--2705","job-listing","237","0996a08eec126809e855ad79f7965ec28402072df34922b3ab59b1eb81e61808",""
"https://www.searchsarkarinaukri.com/jobs/secr-nagpur-secr-nagpur-2026--3416","job-listing","237","a39f8e1224f6a6f6a7e6eebecbe0ecf4d1f1cbf1594e7d69308c5affa8d33b62",""
"https://www.searchsarkarinaukri.com/jobs/securities-and-exchange-board-of-india-securities-and-exchange-board-2026--4590","job-listing","222","dd9c828b5f5d750786ec55918deac8a1128478d32e20da66dcbc0d91eb55fccd",""
"https://www.searchsarkarinaukri.com/jobs/securities-and-exchange-board-of-india-securities-and-exchange-board-2026--1723","job-listing","262","6ae1f231c276b49ef90d991b39ed3d82b86512640bfc4f88a7e5936d82c6ac52",""
"https://www.searchsarkarinaukri.com/jobs/security-guard-board-chandrapur-chandrapur-jilha-suraksha-rakshak-board-recruitment-notification-sec--2777","job-listing","201","e8f658af4ac644970f337c617aa1c353c7c83defa3dc54a2687f41d790758f6f",""
"https://www.searchsarkarinaukri.com/jobs/security-printing-and-minting-corporation-of-india-limited-security-printing-and-minting-corporation--3311","job-listing","249","bf62ce99b2d9cccd61cfc240696e4e9d0d858f52d9903ae3dc7e501cdffbe0ae",""
"https://www.searchsarkarinaukri.com/jobs/seepz-mumbai-seepz-mumbai-2026--2492","job-listing","242","7609100f583a0127462884a22af22b3d08d4e3768d3675ab1037516ee98cccfe",""
"https://www.searchsarkarinaukri.com/jobs/senior-consultant--973","job-listing","353","0a4479eb1637fd1ff2024bea7a925072406687166e7a4319648c1544af088877",""
"https://www.searchsarkarinaukri.com/jobs/senior-system-analyst-recruitment-2026--3063","job-listing","216","6a7ab106a0bac29fd7d398c39efba222b7c18d2096012ad4cfb72f95f3d288aa",""
"https://www.searchsarkarinaukri.com/jobs/senior-technical-officer-recruitment-2026--3055","job-listing","204","579b91a88bb88dc6aa70777fb314398807ad462cc206f9ae3034ec8543a63591",""
"https://www.searchsarkarinaukri.com/jobs/serious-fraud-investigation-office-serious-fraud-investigation-office-2026--1980","job-listing","233","185d35f16a5e92f7c51637035a0b759acd2142a0bf9feff34aa8fcd91b973a7f",""
"https://www.searchsarkarinaukri.com/jobs/serious-fraud-investigation-office-serious-fraud-investigation-office-2026--3765","job-listing","233","2c0bef08c9da34f8a5381eba79fbf4695684366e8d847b23cf1b8e22ea650b8f",""
"https://www.searchsarkarinaukri.com/jobs/sgbau-amravati-sgbau-amravati-2026--2551","job-listing","310","c2d48efdbdcfa83916b7aa7168bf7729e74f7babb5d85dfd9fb032d50fb2f2b8",""
"https://www.searchsarkarinaukri.com/jobs/sgbau-amravati-sgbau-amravati-2026--2715","job-listing","310","65fa2fe5e7445e6501b4ae5bcfa615fb88ee7cfd00cd64a7703350a02933c331",""
"https://www.searchsarkarinaukri.com/jobs/sgbau-amravati-sgbau-amravati-2026--2794","job-listing","310","510c37c20aa8dc3a5e4d8aa6fd29d60a8c80ae94233ab782f92726279c4181fc",""
"https://www.searchsarkarinaukri.com/jobs/sgbau-amravati-sgbau-amravati-2026--2880","job-listing","310","b544958b3d120440fa0ccec844586d9c11cf0ac8d3822d78a76b3200d98a668d",""
"https://www.searchsarkarinaukri.com/jobs/sgbau-amravati-sgbau-amravati-2026--3255","job-listing","310","4e8e36c0acd3fc6dfa60be0846137854e70fd05ccda1c0f3b43541059d396298",""
"https://www.searchsarkarinaukri.com/jobs/sgbau-amravati-sgbau-amravati-2026--3589","job-listing","310","ed607fdc82a095932ca5f26924d3e7b29e1d65ffcbe9e92c7b81c3f52aa5df98",""
"https://www.searchsarkarinaukri.com/jobs/sgbau-amravati-sgbau-amravati-2026--3663","job-listing","310","d4b71f67d14f3fccb72c0d6f1049b873ef98df22fbd6420e9e9e8b87df65fb9d",""
"https://www.searchsarkarinaukri.com/jobs/sgbau-amravati-sgbau-amravati-2026--3852","job-listing","310","7bd561353628b96b24e5e5efa20314badd0fe6904e5810c26e55d0c6bc7f9be0",""
"https://www.searchsarkarinaukri.com/jobs/sgbau-amravati-sgbau-amravati-2026--3957","job-listing","310","2da78baf56dc2b68b4b60218c5acf34f872a3a7fcf3810e0c2fbefe736fa4347",""
"https://www.searchsarkarinaukri.com/jobs/sgbau-amravati-sgbau-amravati-2026--4143","job-listing","310","546a8151996fd8635cad32405e19d96b77146d7a50e21672c0b4bb8c2f64de1c",""
"https://www.searchsarkarinaukri.com/jobs/sgbau-amravati-sgbau-amravati-2026--4380","job-listing","276","fe14d8214c5a9937a1b01352d9da69893907ab454669e815a91f59e43968b7b7",""
"https://www.searchsarkarinaukri.com/jobs/sgbau-amravati-sgbau-amravati-2026--4786","job-listing","277","5d87ddcab8a0bc563fa671e65dfdea3defb4821a0135b3d3eae70ce06c73f562",""
"https://www.searchsarkarinaukri.com/jobs/sgbau-amravati-sgbau-amravati-2026--4840","job-listing","277","1ec173b7608c4ff97d65bc007b5cdce6284903d1ae533f6d0f8f76d42b5532ce",""
"https://www.searchsarkarinaukri.com/jobs/sgbau-amravati-sgbau-amravati-2026--5012","job-listing","277","5a2c617657de0b6d3540963b4e7d5aaa5b039c82b49442b7587f742fa2dc56d1",""
"https://www.searchsarkarinaukri.com/jobs/sgnp-borivali-sgnp-borivali-2026--2297","job-listing","209","4ea4939f0400febd722106149ad86e36ac7456c827d3b5ff63a5b3d5ee011b44",""
"https://www.searchsarkarinaukri.com/jobs/shabri-adivasi-vibhag-shabri-adivasi-vibhag-2026--3771","job-listing","232","36fa6c3712eec4e9d717757cd58c2ab52e8465c0c278d0f47f3695856610dcb0",""
"https://www.searchsarkarinaukri.com/jobs/shahaji-law-college-kolhapur-shahaji-law-college-kolhapur-2026--2256","job-listing","239","be84184920ca359256cb1b2ee9a47c90af0c2d9733dfc8a3abfba0eba038d3c5",""
"https://www.searchsarkarinaukri.com/jobs/shahaji-law-college-kolhapur-shahaji-law-college-kolhapur-2026--2344","job-listing","239","859e07e0096c10d9dbf1d15e088a576b5b84aac7e6f56b89dfc6316d1aa176c8",""
"https://www.searchsarkarinaukri.com/jobs/shahu-bank-beed-shahu-bank-beed-2026--3783","job-listing","243","125a1ef0f0258151d22b2f6225d869cf85c12d88f7b02734912f85850987fabf",""
"https://www.searchsarkarinaukri.com/jobs/shahu-shikshan-sanstha-solapur-shahu-shikshan-sanstha-solapur-2026--4370","job-listing","265","bd1f482cfe08d9cb152e9a47d78ec660d03afc6180d1db6564ebf1207e60f93b",""
"https://www.searchsarkarinaukri.com/jobs/shahu-shikshan-sanstha-solapur-shahu-shikshan-sanstha-solapur-2026--4951","job-listing","224","8f778dbae2d8154728ecc6f25378949567ada8256af33d0df97db43dbf4315f2",""
"https://www.searchsarkarinaukri.com/jobs/shalini-sahakari-bank-shalini-sahakari-bank-2026--1807","job-listing","219","c0b06d7b4161b2bd493699d61269d53942eaf493306303c1544869a5209ab0d6",""
"https://www.searchsarkarinaukri.com/jobs/shaskiya-nivasi-shala-shaskiya-nivasi-shala-2026--3126","job-listing","215","eef10ebb057e2fcfaa57f9a78bdd9e9a16cc629cfe7fce33931d6e7f49cb95ea",""
"https://www.searchsarkarinaukri.com/jobs/shikshak-sahakari-bank-nagpur-shikshak-sahakari-bank-nagpur-2026--2400","job-listing","241","9730e60b7fa02c99e9854894090935d85d7f9a403b79fc7487fb45cadbd57ac7",""
"https://www.searchsarkarinaukri.com/jobs/shipping-corporation-of-india-limited-recruitment-notification-shipping-corporation-of-india-2026--3158","job-listing","221","c374457a25a0737d4712c74d490b0e4670303782c9d8005a6a28d0abfbb79eb1",""
"https://www.searchsarkarinaukri.com/jobs/shirpur-education-society-shirpur-education-society-2026--1992","job-listing","232","45f168e3beb285160d09ebcc8186fe8b7f1971c74b043b1a56cc839c7984ca20",""
"https://www.searchsarkarinaukri.com/jobs/shirpur-peoples-bank-shirpur-peoples-bank-2026--1850","job-listing","230","8fa1c23a676ef28d41a05fe3d977dd7db730cbbc159bea6d340a862feb59fb8d",""
"https://www.searchsarkarinaukri.com/jobs/shirur-shikshan-prasarkar-mandal-pune-shirur-shikshan-prasarkar-mandal-pune-2026--4328","job-listing","253","e955facf42568f7a70b27bbdc5d881f8a895aba00a484552e8d6fcdc9d6b762f",""
"https://www.searchsarkarinaukri.com/jobs/shivaji-education-society-amravati-shivaji-education-society-amravati-2026--1955","job-listing","248","302f8c2bf11940e234ccbae106aa783e406b0fa74e9fd0e70b6e5b1de1119a8f",""
"https://www.searchsarkarinaukri.com/jobs/shivaji-education-society-amravati-shivaji-education-society-amravati-2026--2231","job-listing","248","be8cea57c48e5c11593fc8e0d7e3f3631aef1b32415e9d91b7380ddb4586a6e2",""
"https://www.searchsarkarinaukri.com/jobs/shivpratap-nagari-co-op-credit-society-shivpratap-nagari-co-op-credit-society-2026--1757","job-listing","228","51b69f05006edff80bfc81843d9f96713e6cce72d011f0b824c7f122c6eae13c",""
"https://www.searchsarkarinaukri.com/jobs/shivaji-university-kolhapur-shivaji-university-kolhapur-2026--1804","job-listing","232","22f2c917ae588bfd50d6be74a150f811ec8666c71e6b49edd95950ed0b6db6c5",""
"https://www.searchsarkarinaukri.com/jobs/shree-vile-parle-kelavani-mandal-shree-vile-parle-kelavani-mandal-2026--1945","job-listing","230","5b238c8def0fd1beab2b96ff9e38dc4fc4cf28621f8ee6fa24506e11febfbc2c",""
"https://www.searchsarkarinaukri.com/jobs/shree-mahalakshmi-nagari-sahakari-patsanstha-shree-mahalakshmi-nagari-sahakari-patsanstha-2026--4487","job-listing","227","be7c567b79348827fb4b0ce4afb6474b5fe37fc511bbba8586dcd5739916ee08",""
"https://www.searchsarkarinaukri.com/jobs/shri-saibaba-sansthan-shri-saibaba-sansthan-2026--1724","job-listing","223","d722f6be87a2ca6e675381ebc549302dc17bd1d41e441a19699047b9f66c8624",""
"https://www.searchsarkarinaukri.com/jobs/shri-saibaba-sansthan-shri-saibaba-sansthan-2026--2076","job-listing","223","0a60071e538d24e7e6ee1d2b81e6d0513d4d89b40e7c429a8046f11554403db5",""
"https://www.searchsarkarinaukri.com/jobs/shri-saibaba-sansthan-shri-saibaba-sansthan-2026--3170","job-listing","223","8a2d66af1f1915f66c2e3827326a0bccccf77d778b6998acef5ee5fb4a4aff64",""
"https://www.searchsarkarinaukri.com/jobs/shri-saibaba-sansthan-shri-saibaba-sansthan-2026--3964","job-listing","223","697063f867416288f24b78e247fbd2f9f753769432daf23ccf89b1b5e691e57c",""
"https://www.searchsarkarinaukri.com/jobs/shri-saikrupa-kisan-education-society-shri-saikrupa-kisan-education-society-2026--2458","job-listing","230","5070eb8d7df66efabcaec96838574cf68a7df17317443f103333587a0fd766a9",""
"https://www.searchsarkarinaukri.com/jobs/shri-shahu-shikshan-prasarak-mandal-shri-shahu-shikshan-prasarak-mandal-2026--1988","job-listing","225","64287c36d156779d0bcadea071f61431f4a0274f2f0cad6148f619f88052e016",""
"https://www.searchsarkarinaukri.com/jobs/shri-shivaji-shikshan-prasarak-mandal-solapur-shri-shivaji-shikshan-prasarak-2026--4265","job-listing","226","8fee1cea45b2210c6393e34717e36e228e7a8ee605c8e1bc693951abe6d99cdd",""
"https://www.searchsarkarinaukri.com/jobs/shri-shivaji-shikshan-prasarak-mandal-solapur-shri-shivaji-shikshan-prasarak-2026--4333","job-listing","267","df66f1b16f2a0fc5d2253935e072a51515870ddbf0fd1ef45edd96fedc551369",""
"https://www.searchsarkarinaukri.com/jobs/shri-venkatesh-multistate-co-op-credit-society-pune-shri-venkatesh-multistate-co-op-credit-society-2--2074","job-listing","264","e8415da452bcc05de09764b5a9cf40bb0b4cf899933b86d3c3c4a09421414e8f",""
"https://www.searchsarkarinaukri.com/jobs/shs-bihar-anaesthetist-recruitment-2026-apply-online-for-132-posts--4250","job-listing","256","9edc9ff1f94ee5123b2632c4f39d528acfb9a1fdab9172c6b7c6b521f0e36c57",""
"https://www.searchsarkarinaukri.com/jobs/shs-bihar-general-surgeon-recruitment-2026-apply-online-for-27-posts--4254","job-listing","201","9a4711163893b8a8a0f6df61175b2bc0c1689a09357cc9b7d06c9e7793b035dd",""
"https://www.searchsarkarinaukri.com/jobs/shs-bihar-md-medicine-physician-recruitment-2026-apply-online-for-60-posts--4253","job-listing","224","c841c5333f1d755af5969ffd2ea5fd096e4c38f2df7c1420275c339aa7f3d1ec",""
"https://www.searchsarkarinaukri.com/jobs/shs-bihar-obstetrician-gynaecologist-recruitment-2026-apply-online-for-94-posts--4252","job-listing","201","904a28860425db755828f12c78c5a0d00e5a1de36fd5237ff548e3816b91cf0e",""
"https://www.searchsarkarinaukri.com/jobs/shs-bihar-orthopaedic-surgeon-recruitment-2026-apply-online-for-22-posts--4255","job-listing","204","803f36992d756912d6245deb998583a317bb63e23b35bc207b1d1ad0a1417b87",""
"https://www.searchsarkarinaukri.com/jobs/shs-bihar-paediatrician-recruitment-2026-apply-online-for-115-posts--4251","job-listing","208","bfa7d964df7a033b6cb0c2e239c856f6bacf6f8f2269d5fa1c5ee9b5bf512eea",""
"https://www.searchsarkarinaukri.com/jobs/sic-maharashtra-sic-maharashtra-2026--4073","job-listing","226","049fe554a70db0e3a13847d6de7b795ba4cbe76c8038e80039d4abb01f06b3ee",""
"https://www.searchsarkarinaukri.com/jobs/sidbi-consultant-credit-analyst-recruitment-2026-apply-online-for-50-posts--3379","job-listing","244","a64ee57da8d7971304ba52f6bd901883f53236e0d96571d066f756d2bb1ede9d",""
"https://www.searchsarkarinaukri.com/jobs/sidbi-sidbi-2026--3414","job-listing","226","4a1510a5ada1f5e66bd7497ee51efa704cc428f24a5188059fab0e8fdb7ba365",""
"https://www.searchsarkarinaukri.com/jobs/sidbi-deputy-chief-technology-officer-recruitment-2026--4758","job-listing","237","81038c9076dcbc921ad9a042b52c42f84df84b853da5db7383f99c3a25cbd3f3",""
"https://www.searchsarkarinaukri.com/jobs/sidbi-sidbi-2026--4780","job-listing","196","2d53bfab024ebd5d1e1a702bcbe4b33685520d2d2738af89a1d8e9ce91d72cdc",""
"https://www.searchsarkarinaukri.com/jobs/sies-college-mumbai-sies-college-mumbai-2026--2142","job-listing","234","48414045476f9c307051c00fa3c911148d033d05f546adca69da94a3254a4820",""
"https://www.searchsarkarinaukri.com/jobs/siddheshwar-urban-co-op-bank-siddheshwar-urban-co-op-bank-2026--2713","job-listing","240","4b9ae236921190dffca122b2873a9d264b8d4e4072fbadc38d21dd896d12746e",""
"https://www.searchsarkarinaukri.com/jobs/sindhudurg-anganwadi-sindhudurg-anganwadi-2026--3527","job-listing","231","a19195d4330f001fe0e3ff53ecf2b7d3563e98ba4e77234d4f1bfd441bcb9d12",""
"https://www.searchsarkarinaukri.com/jobs/sindhudurg-dcc-bank-peon-recruitment-2026--4843","job-listing","203","529e5accd90b9772a90b38447252f35a1db4604a8662fae118aa8858b36d002f",""
"https://www.searchsarkarinaukri.com/jobs/sindhudurg-district-central-co-op-bank-sindhudurg-district-central-co-op-bank-2026--4838","job-listing","239","97beeb9b5af3a219c007f802a8474b8eaa45151d5fc86e3b9aefd8ab6a676ff9",""
"https://www.searchsarkarinaukri.com/jobs/sindhudurg-dcc-bank-shipai-peon-recruitment-2026--4873","job-listing","284","6b2bf8e7679435793ffbd23ec8d58ef41636bfa7f47218b9207f0d59f461c011",""
"https://www.searchsarkarinaukri.com/jobs/sir-central-food-technological-research-institute-engagement-to-project-associate-i-2026--1637","job-listing","279","83ca2b168b55ba7439d0771bece21c77c207f58896b7f1af7b91757a6a4d87bc",""
"https://www.searchsarkarinaukri.com/jobs/sir-central-food-technological-research-institute-engagement-to-project-associate-i-2026--2407","job-listing","271","e459c5b80be7decfe7d48d24334af6f262e382a770cd2a5f6109ba77652cd857",""
"https://www.searchsarkarinaukri.com/jobs/sir-central-food-technological-research-institute-engagement-to-project-associate-i-2026--2680","job-listing","267","15fce1334d196a40a842420a1fc15b079b9418ff43d70ef17e1935295afab104",""
"https://www.searchsarkarinaukri.com/jobs/sir-central-food-technological-research-institute-engagement-to-project-associate-i-2026--2682","job-listing","302","a9b1d34a5ce2bfcdd186d66a3420a727aa95fa032d460bf12ecfb91bd5fe5bfe",""
"https://www.searchsarkarinaukri.com/jobs/sir-central-food-technological-research-institute-engagement-to-project-associate-ii-2026--1359","job-listing","256","059722a90ede54240c0773b684da537d41a790bb8a40df8c99ccf2ebcc7ba47e",""
"https://www.searchsarkarinaukri.com/jobs/sjsa-sjsa-2026--3466","job-listing","207","f52c5c10367ba3d03227234f0792c0d46c0c7427828753eeb540395e7e6ef878",""
"https://www.searchsarkarinaukri.com/jobs/sjvn-chief-general-manager-recruitment-2026-apply-online-for-1-post--3872","job-listing","337","5cac042799169cc251bc7e76f927875bae3c1c2fc02fabeb5e2df32857d6cc01",""
"https://www.searchsarkarinaukri.com/jobs/sjvn-deputy-manager-chemical-recruitment-2026-apply-online-for-1-post--3879","job-listing","356","1424674e7c097732aebac79740429a43231a01546e4811035231996fff2ed04d",""
"https://www.searchsarkarinaukri.com/jobs/sjvn-deputy-manager-c-i-recruitment-2026-apply-online-for-1-post--3877","job-listing","354","d57e8ec03c1f2ffc8334120aca9d66a617c2b1609a41447daf1625e754268d18",""
"https://www.searchsarkarinaukri.com/jobs/sjvn-deputy-manager-electrical-recruitment-2026-apply-online-for-3-posts--3875","job-listing","348","c0610cd982e1f9e99a684c8d091f63f79789dc3166ccae7b16c09ed2189056bc",""
"https://www.searchsarkarinaukri.com/jobs/sjvn-deputy-manager-mechanical-recruitment-2026-apply-online-for-3-posts--3873","job-listing","332","d8b8854ea6b60d6a54b27fff31b258536ecb9f94457f929d818ce2800559dc67",""
"https://www.searchsarkarinaukri.com/jobs/sjvn-engineer-c-i-recruitment-2026-apply-online-for-2-posts--3878","job-listing","353","4529c619bf2b2c6ea77c9b8cfe2c2409c91f974149357ea12a8fd0a1408fd512",""
"https://www.searchsarkarinaukri.com/jobs/sjvn-engineer-chemical-recruitment-2026-apply-online-for-1-post--3880","job-listing","374","8ad8cf97134c38ce4efeeed6f782e903f4643f31c186f5ce95eb6691525f5c30",""
"https://www.searchsarkarinaukri.com/jobs/sjvn-engineer-electrical-recruitment-2026-apply-online-for-3-posts--3876","job-listing","354","bd6342533c61cb20163fb20e0e870f4e23c3dae94f1db749fa2e38548f50cc12",""
"https://www.searchsarkarinaukri.com/jobs/sjvn-engineer-mechanical-recruitment-2026-apply-online-for-6-posts--3874","job-listing","344","be53dd139bbedd4a0c1f0bc71224dba137a8e0f4abeee51c2b5e85c639eb67ab",""
"https://www.searchsarkarinaukri.com/jobs/sndt-women-university-mumbai-sndt-women-university-mumbai-2026--1844","job-listing","239","1574c1cea43811a86822486c72623ec806482a09221dc6062972fc69303ac16f",""
"https://www.searchsarkarinaukri.com/jobs/sndt-women-university-mumbai-sndt-women-university-mumbai-2026--1995","job-listing","239","e70cdbac925a9e9ac51a967eb7e9d28c150ef0586168d27cf8a459539e056235",""
"https://www.searchsarkarinaukri.com/jobs/sjvn-limited-chairman-and-managing-director-2026--1934","job-listing","178","ff235dd2fa9b6039c4c2daf2c853c8bb271f175ebe69aeab06313a709a60a124",""
"https://www.searchsarkarinaukri.com/jobs/sndt-women-university-mumbai-sndt-women-university-mumbai-2026--3524","job-listing","243","31bcfa98f77324953850419519cd5ad476bc870e027f9cc45c97846108c33ce9",""
"https://www.searchsarkarinaukri.com/jobs/sndt-women-university-mumbai-sndt-women-university-mumbai-2026--3897","job-listing","239","f2b332efc82111a90c356f5a4986bfe735a2bcbd962017088dc0e8c030bf009f",""
"https://www.searchsarkarinaukri.com/jobs/software-technology-parks-of-india-director-general-2026--2942","job-listing","347","cf9ba2fb430f8344e8721ad328b75814f7eba311bf728530c5cc119f96453143",""
"https://www.searchsarkarinaukri.com/jobs/solapur-anganwadi-solapur-anganwadi-2026--2598","job-listing","234","2b541cff828c6cd5039e493b787b9a515e83d50e06d9a7c06b837409b1a75a50",""
"https://www.searchsarkarinaukri.com/jobs/solapur-janata-sahakari-bank-solapur-janata-sahakari-bank-2026--1911","job-listing","251","d26df07a433e9563bda8cdb8abf245f16d79d282ac3595fadad889515ab64425",""
"https://www.searchsarkarinaukri.com/jobs/solapur-mahanagarpalika-solapur-mahanagarpalika-2026--3074","job-listing","240","e60adf9af9711c8af7ba806a959cf402652ad786bda6aba4164269f743bf9579",""
"https://www.searchsarkarinaukri.com/jobs/solapur-municipal-corporation-solapur-mahanagarpalika-recruitment-notification-solapur-municipal-cor--3161","job-listing","215","9d405dc655b7aad0384d271949986c5c3bbe403f9636c6aa9193df626774fbab",""
"https://www.searchsarkarinaukri.com/jobs/solapur-science-center-solapur-vigyan-kendra-job-openings-at-solapur-science-center-2026--2696","job-listing","212","a14cf6afb8d9f82be650b2569efc5d583183af5069f496fc76e28130d123a1dd",""
"https://www.searchsarkarinaukri.com/jobs/solapur-university-solapur-university-2026--3893","job-listing","242","6af1cc4ffbb0a176c3eb16d7d5c0ab6275fa2a28bf6deb729b4aa709edb5b144",""
"https://www.searchsarkarinaukri.com/jobs/solapur-university-solapur-university-2026--4206","job-listing","242","ed8027189e432d9e62ca2fe285e24de25017e973321a12633240b76e865d31c5",""
"https://www.searchsarkarinaukri.com/jobs/south-central-railway-south-central-railway-2026--5004","job-listing","213","c78d57690973dcb538571adb87b8010dc0428c9e677e665e1e02305d71bb13ea",""
"https://www.searchsarkarinaukri.com/jobs/south-east-central-railway-nagpur-job-openings-at-south-east-central-2026--2689","job-listing","186","4d9b40665fb1d269e1e78949de2f90c218ed91be37224ebe08d3b1b61b4df523",""
"https://www.searchsarkarinaukri.com/jobs/south-east-central-railway-nagpur-job-openings-at-south-east-central-2026--3577","job-listing","203","b0983b969cb59d3d044363f093ceb96cb64bb5095b788e969165dfc96223a16f",""
"https://www.searchsarkarinaukri.com/jobs/south-east-central-railway-south-east-central-railway-2026--1887","job-listing","230","419af5b8d219c3b6395761302f1e845bb78a7b4f3c630346786a8201ffe35bf0",""
"https://www.searchsarkarinaukri.com/jobs/south-indian-bank-south-indian-bank-2026--3529","job-listing","251","d7561f61b5c29d6bd53cbfb65cce6a06b557d6dc3d1eabdb88b734466ff31f76",""
"https://www.searchsarkarinaukri.com/jobs/specialist-grade-iii-assistant-professor-clinical-hematology-recruitment-2026--3043","job-listing","307","562893fed9d655cacd3ead230b405de684c3aabffd822817b4a7e363dd606981",""
"https://www.searchsarkarinaukri.com/jobs/south-indian-bank-south-indian-bank-2026--4832","job-listing","209","429c40bc308acab04f4c86bee856eb5151ff578f458fee93f88b753c976d0099",""
"https://www.searchsarkarinaukri.com/jobs/specialist-grade-iii-assistant-professor-endocrinology-recruitment-2026--3044","job-listing","297","559d326f4f11b91dc98d86a99b477fbb101a8289a961eac6c772090f63781ad1",""
"https://www.searchsarkarinaukri.com/jobs/specialist-grade-iii-assistant-professor-neonatology-recruitment-2026--3045","job-listing","320","a3687bbfe57ac4a0853ffaa1738390273eb8aa98974cdd50cd8dcea38b24b0fe",""
"https://www.searchsarkarinaukri.com/jobs/specialist-grade-iii-assistant-professor-nuclear-medicine-recruitment-2026--3046","job-listing","300","4b28d94de25b9ac26d8d1864ca817efb42e524f9a00dcec5e884b451893c90ce",""
"https://www.searchsarkarinaukri.com/jobs/specialist-grade-iii-assistant-professor-paediatric-cardiology-recruitment-2026--3048","job-listing","298","503277a08c8c9587df17287521b70c027f8a15399942d13a2cd2bbbe2bd8aa97",""
"https://www.searchsarkarinaukri.com/jobs/specialist-grade-iii-assistant-professor-pulmonary-medicine-recruitment-2026--3047","job-listing","304","9f9aac7f7416eda815b07722924f04c3054bf62b52b4a29504ff1f422aeb4869",""
"https://www.searchsarkarinaukri.com/jobs/specialist-grade-iii-assistant-professor-surgical-gastroenterology-recruitment-2026--3049","job-listing","300","196ea2eb5d90f593b82358e841fbd5b879e58f966030ec0442a41564fe63c1e2",""
"https://www.searchsarkarinaukri.com/jobs/spicer-adventist-university-pune-spicer-adventist-university-pune-2026--2276","job-listing","241","6733a1481b0215cc105c0db7e56fd77b3313c6b8a1aaddd2187206cc730f34ce",""
"https://www.searchsarkarinaukri.com/jobs/spices-board-spices-board-2026--2224","job-listing","225","16cc23830a66137af069e0a426fd32b431d9df82bbdbff2a17ad1e7d4aa05915",""
"https://www.searchsarkarinaukri.com/jobs/sports-authority-of-india-assistant-coach-on-deputation-2026--1590","job-listing","197","ff0e3cf6b155c50c3d71d9dbe41490e88dcd7a405ffa01f86cbf3788cf29aeb3",""
"https://www.searchsarkarinaukri.com/jobs/sports-authority-of-india-dd-on-deputation-2026--1381","job-listing","189","aebb7b21cdb5c1cf05fc7d6bf38319db82fe208127c48070b4141c6f3e9c8c5a",""
"https://www.searchsarkarinaukri.com/jobs/sports-authority-of-india-dean-on-lpd-minus-pension-2026--1485","job-listing","226","c1de2ebc72c50da1e4c80272d5d5468d9114bcc65c7d5a01270920be44cacfc8",""
"https://www.searchsarkarinaukri.com/jobs/sports-authority-of-india-high-performance-coach-on-lpd-minus-2026--1822","job-listing","239","03343de227bb914f26ae54636679291ae4852c314db13469e577e1694649d122",""
"https://www.searchsarkarinaukri.com/jobs/sports-authority-of-india-junior-engineer-sports-authority-of-2026--2567","job-listing","258","7d54757e148553dc7ecdd55621c09deeb9af626c13ab83e3dc02d5d192e9aa36",""
"https://www.searchsarkarinaukri.com/jobs/sports-authority-of-india-senior-translation-officer-2026--1383","job-listing","183","1c94996ead9f41fdba7db5196837f328bbd39043758032fd59a591cd20995b23",""
"https://www.searchsarkarinaukri.com/jobs/sports-officer-recruitment-2026--3097","job-listing","244","55bfa38b9afd9ffb823f873d61fae5b4e0db72a3d2886dd1212d036bfbb37df2",""
"https://www.searchsarkarinaukri.com/jobs/srtmun-srtmun-2026--2545","job-listing","224","7d0a2b572b469c18f6ed63b07b83624da5cc8f17d54ad94581c41b8b00f1fc18",""
"https://www.searchsarkarinaukri.com/jobs/srtmun-srtmun-2026--3119","job-listing","224","a27bc2cf2ecdd71edc109942a9e7a478b92243fc9490ace59782a863163023a4",""
"https://www.searchsarkarinaukri.com/jobs/ssc--1017","job-listing","312","73b508a3d48563e0242663e57bfcfc949fae6f2d38836a1ffd627e45959333af",""
"https://www.searchsarkarinaukri.com/jobs/ssc-aso-recruitment-2026-apply-online-for-341-assistant-section-officer-assistant-posts--2943","job-listing","239","6839f464fedaa9ced4d373231ea9fbc9fd880be2712a583a9affbf79063f0bf3",""
"https://www.searchsarkarinaukri.com/jobs/ssc-assistant-section-officer-aso-recruitment-2026--2944","job-listing","224","257699e3860fdc831972a612a503ff60622cf87e71f3e80c792bcaf690d52409",""
"https://www.searchsarkarinaukri.com/jobs/ssc-junior-secretariat-assistant-jsa-lower-division-clerk-ldc-recruitment-2026--2946","job-listing","244","fddc67de324293e0e963504c0901a61cc85e1901165a2e619f9b0499a0cd4c0a",""
"https://www.searchsarkarinaukri.com/jobs/ssc-junior-secretariat-assistant-jsa-lower-division-clerk-ldc-recruitment-2026--3019","job-listing","267","5643fd335d83fce2a9b94b0636ad5897a6a1bc88f5eebc82154dbe5684240268",""
"https://www.searchsarkarinaukri.com/jobs/ssc-senior-secretariat-assistant-ssa-recruitment-2026--2945","job-listing","255","265ab65b0000a29bbf707a9864f33866f7dabea713aff9c69a9849e4dcce049b",""
"https://www.searchsarkarinaukri.com/jobs/ssc-ssa-udc-ldce-ssc-ssa-udc-ldce-2026--2437","job-listing","235","5ebdc4233730b4839ce5ae73599b60a23900633951d27bdd4b9107ecb6121eb4",""
"https://www.searchsarkarinaukri.com/jobs/staff-selection-commission-staff-selection-commission-2026--1751","job-listing","231","5b9c69bd6f40730a7cc53895246370c4cea6e644c5c2d6cdfc8d0d9d0802ae93",""
"https://www.searchsarkarinaukri.com/jobs/staff-selection-commission-staff-selection-commission-2026--2375","job-listing","231","dd13708eea2e983c3816bd6d2115faec7b4b37a8c1d9a33a78cb1c16aacfbddd",""
"https://www.searchsarkarinaukri.com/jobs/state-bank-of-india-state-bank-of-india-2026--1823","job-listing","227","6186a32b9bc0d4d426388d45a9df692440127f86b87767213843ae6f95b719df",""
"https://www.searchsarkarinaukri.com/jobs/state-bank-of-india-state-bank-of-india-2026--2353","job-listing","227","70bd61a526fbb0890ea31c1fa18309e25f53695e6b5420fe0150508072183e58",""
"https://www.searchsarkarinaukri.com/jobs/steel-authority-of-india-limited-steel-authority-of-india-limited-2026--3245","job-listing","220","946175b04898089bb87f11d50706c98a43f57f5dbe2e0b29f3a4dc05d7a11895",""
"https://www.searchsarkarinaukri.com/jobs/steel-authority-of-india-ltd-director-finance-sail-2026--1571","job-listing","224","238cd23809607350edcc29e8c289cfa325ead727011421187f8a4d6cfeea72c8",""
"https://www.searchsarkarinaukri.com/jobs/stpi-stpi-2026--3595","job-listing","208","f2b4dce426c66327fedd368f734f12f28c0ac9f21e8ad3d2ae85da39898f1000",""
"https://www.searchsarkarinaukri.com/jobs/steel-authority-of-india-ltd-director-personnel-2026--2643","job-listing","182","606ab6be98373fbe3c1fa089eb033921864f09add6b293256ab46fc8cd9869c1",""
"https://www.searchsarkarinaukri.com/jobs/stpi-stpi-2026--4217","job-listing","208","550d6a4ea7435cefb70df9a5539f67328708de5f5ac3a118cbaeea40d090a50d",""
"https://www.searchsarkarinaukri.com/jobs/superintendent-legal-recruitment-2026--3053","job-listing","348","7f861217cfe85f25d2f68b71626927f4cf7df24ee0060a9e4a13e1a85db98bbc",""
"https://www.searchsarkarinaukri.com/jobs/svnirtar-accountant-recruitment-2026-apply-online-for-1-post--3238","job-listing","171","6cc8c786ef59d6b2b04ea927ccce8401efe67dd29297da1087676930d69f33c9",""
"https://www.searchsarkarinaukri.com/jobs/svkms-college-of-engineering-shirpur-svkms-college-of-engineering-shirpur-2026--2349","job-listing","236","39fc32518b96f48233e8892538dc5b3e1c5b2288933630e237f652057703e718",""
"https://www.searchsarkarinaukri.com/jobs/svnirtar-assistant-professor-special-education-recruitment-2026-apply-online-for-1-post--3231","job-listing","175","b66620b44bfe3ac2b162eef9e1a30d85654c93b76f695ca220180c013f7b593b",""
"https://www.searchsarkarinaukri.com/jobs/svnirtar-assistant-recruitment-2026-apply-online-for-1-post--3237","job-listing","181","d7e13f2f03c0f723db841758510f8cfd85fa02e5b2c1d67a50fa1100441e11a6",""
"https://www.searchsarkarinaukri.com/jobs/svnirtar-associate-professor-speech-language-pathology-audiology-recruitment-2026-apply-online-for-1-post--3229","job-listing","178","3cc0337900ded48141c07ac42410e821c63a101a5f748cbe73536f42be1e38c5",""
"https://www.searchsarkarinaukri.com/jobs/svnirtar-associate-professor-clinical-psychology-recruitment-2026-apply-online-for-1-post--3230","job-listing","173","b1ba9e049c434416210c377318f645d757465c215ac530e149c9479920fdefa0",""
"https://www.searchsarkarinaukri.com/jobs/svnirtar-laboratory-technician-grade-i-recruitment-2026-apply-online-for-1-post--3243","job-listing","188","80e023146fb2bb84ac2d5256c790817e3fba39deef19f8d8f74f1a8e79ce26af",""
"https://www.searchsarkarinaukri.com/jobs/svnirtar-lecturer-occupational-therapy-recruitment-2026-apply-online-for-1-post--3232","job-listing","173","d85d2f8c47c687a72c28c4cda62bab74fc22b37676edc6d104010835c6509253",""
"https://www.searchsarkarinaukri.com/jobs/svnirtar-prosthetist-orthotist-recruitment-2026-apply-online-for-1-post--3234","job-listing","181","1d9bb180df6927abba478d1edfa003f10c606f04539563770af5a672544fe28d",""
"https://www.searchsarkarinaukri.com/jobs/svnirtar-radiographer-grade-i-recruitment-2026-apply-online-for-1-post--3242","job-listing","176","190b3222799b82ea0fc3a46facedebd3af52f8d843febc9e8f2e2b15dd714bf4",""
"https://www.searchsarkarinaukri.com/jobs/svnirtar-rehabilitation-officer-recruitment-2026-apply-online-for-1-post--3233","job-listing","169","646864cec0056aea5be63c1815b3be134c4376e480e7f3cf44e9fc345c17c16c",""
"https://www.searchsarkarinaukri.com/jobs/svnirtar-senior-stenographer-recruitment-2026-apply-online-for-1-post--3241","job-listing","176","576035b857d349bff65a651af049340a51c8b7e2a50094086a53afcc349625c6",""
"https://www.searchsarkarinaukri.com/jobs/svnirtar-special-educator-orientation-mobility-instructor-recruitment-2026-apply-online-for-1-post--3235","job-listing","209","661e6b34bc3312df61a3a9ad11c53f108d39b45aef4f4e2b5a1054f3885f9df5",""
"https://www.searchsarkarinaukri.com/jobs/svnirtar-speech-pathologist-audiologist-grade-ii-recruitment-2026-apply-online-for-1-post--3236","job-listing","177","aec46b4efdd57e183fb47d03c51eb8596cf51987784e7043d214fd082f67f70b",""
"https://www.searchsarkarinaukri.com/jobs/svnirtar-speech-therapist-recruitment-2026-apply-online-for-1-post--3240","job-listing","190","2493a6c8f397a43cd68163be90ab683f572c2c6e00a01a8b933bbdaefd1448a8",""
"https://www.searchsarkarinaukri.com/jobs/svnirtar-workshop-supervisor-cum-store-keeper-recruitment-2026-apply-online-for-1-post--3239","job-listing","201","94d05b5e4d3007ade685d6d716d979432459b7f43bcb0b63d4044b5e3c269be9",""
"https://www.searchsarkarinaukri.com/jobs/svpuat-assistant-recruitment-2026-apply-online-for-8-posts--4039","job-listing","177","9bef83fa89c6af0104ea8f97c407aa2a24e79922dea9d762cba24017cf6e5595",""
"https://www.searchsarkarinaukri.com/jobs/svpuat-farm-manager-recruitment-2026-apply-online-for-6-posts--4036","job-listing","193","1c732edc28582836f80e339083e3dffbf2d3aa1f5f3b00a8482b43a79ad8d975",""
"https://www.searchsarkarinaukri.com/jobs/svpuat-programme-assistant-computer-recruitment-2026-apply-online-for-7-posts--4037","job-listing","189","e374726779ae7a38597bedc36c59077a15880619e5c811e317d466a528c8ce76",""
"https://www.searchsarkarinaukri.com/jobs/svpuat-programme-assistant-lab-technician-recruitment-2026-apply-online-for-11-posts--4038","job-listing","194","06280ad41c457edcfef3175df9162edba8c68f8755d80d7d816af60f855ca26c",""
"https://www.searchsarkarinaukri.com/jobs/swami-ramanand-teerth-marathwada-university-nanded-swami-ramanand-teerth-marathwada-university-nande--3208","job-listing","216","d2c0fb2448360fb392a829348baafce24ecc6a7c8a29766302499654589f9e95",""
"https://www.searchsarkarinaukri.com/jobs/system-analyst-recruitment-2026--3092","job-listing","220","26d36a1882ce2bfc5130556c7ee8428aaa17c54b4462074155eeec49cc6402dc",""
"https://www.searchsarkarinaukri.com/jobs/tadoba-andhari-tiger-reserve-conservation-forest-department-chandrapur-tadoba-andhari-tiger-reserve--2869","job-listing","248","b365da85576ec59936709b97766f4ab2ac3d924ec181ec39af434f8f7358f78c",""
"https://www.searchsarkarinaukri.com/jobs/tadoba-andhari-tiger-reserve-conservation-forest-department-chandrapur-tadoba-andhari-tiger-reserve--3065","job-listing","204","5bfbc2e47539743f905ccb8743dc4ae5ed4b00874f8217723932d984179497fe",""
"https://www.searchsarkarinaukri.com/jobs/tadoba-tiger-reserve-chandrapur-tadoba-tiger-reserve-chandrapur-2026--2840","job-listing","271","3eb0c11a89d7d9a8eb1117c543c783ee70352f675d4354c4bab06a173bd13259",""
"https://www.searchsarkarinaukri.com/jobs/tadoba-tiger-reserve-chandrapur-tadoba-tiger-reserve-chandrapur-2026--3089","job-listing","271","f6754f409f416e3c1fe55be333c8a4eaf2784d0c92896a3ded77dacd206f824e",""
"https://www.searchsarkarinaukri.com/jobs/tadoba-tiger-reserve-chandrapur-tadoba-tiger-reserve-chandrapur-2026--3656","job-listing","271","65e1f56e843c57052ff640a91d9d56f95889b543b0afc4eb7a7f20a3d8b0b1d4",""
"https://www.searchsarkarinaukri.com/jobs/tadoba-tiger-reserve-chandrapur-tadoba-tiger-reserve-chandrapur-2026--4889","job-listing","231","19e8b4738fa0697bfe13663970c04063271482d3daf7a4c3f84f3c1e3456efd3",""
"https://www.searchsarkarinaukri.com/jobs/tata-institute-of-fundamental-research-administrative-assistant-b-2026--2101","job-listing","260","64fd6de74770539e3cde2b9e7eddd91a68e443d8084dd55b7fe71cd5b3184c4d",""
"https://www.searchsarkarinaukri.com/jobs/tata-institute-of-fundamental-research-administrative-officer-c-2026--1556","job-listing","327","9aa05fc87b4d03654e19c473404e6f4681b7ac74edabe7e102e7e3951bee3026",""
"https://www.searchsarkarinaukri.com/jobs/tata-institute-of-fundamental-research-clerk-a-2026--2093","job-listing","276","597c1b3e87a6456d4efa7aecab4e053f933655ffb5a17dfdf1e28a3e8955d52d",""
"https://www.searchsarkarinaukri.com/jobs/tata-institute-of-fundamental-research-clerk-trainee-2026--2289","job-listing","273","4e13a1d558dff044c3f5f00362bb4a1890eb2756900945af5b1d0008275d4202",""
"https://www.searchsarkarinaukri.com/jobs/tata-institute-of-fundamental-research-laboratory-assistant-b-2026--2095","job-listing","291","14679b4010c86c33c09f45ee9cf7e2ffcacfe88a9e9f7d4fa31c8d17a5ed4c57",""
"https://www.searchsarkarinaukri.com/jobs/tata-institute-of-fundamental-research-junior-engineer-b-2026--2049","job-listing","304","31647cf9228c1a67d85e129d2bae1ff05b95e295cb29656e9f59bf42555a8c67",""
"https://www.searchsarkarinaukri.com/jobs/tata-institute-of-fundamental-research-mumbai-apply-for-5-project-assistant-project-2026--1875","job-listing","236","4a2f6b4529a0a907d117fbbbf0c82d745c9866d5591e4f3c182dc433f4599a83",""
"https://www.searchsarkarinaukri.com/jobs/tata-institute-of-fundamental-research-mumbai-apply-for-2-project-associate-2026--4068","job-listing","216","b2e4413754187946160d9e3fd6f9f3cc67f1d177f3f428f79c36a06a44e6612e",""
"https://www.searchsarkarinaukri.com/jobs/tata-institute-of-fundamental-research-mumbai-job-openings-at-tata-institute-of-2026--2016","job-listing","235","8593caf9d5fec53c0e5b8be27ef55645054b0b66e91442bb392b1417ee34d9bd",""
"https://www.searchsarkarinaukri.com/jobs/tata-institute-of-fundamental-research-mumbai-job-openings-at-tata-institute-of-2026--2109","job-listing","243","6bba87468ad24e8873259a8722207dae3015e11ab5b7f6ef07e0cbce9513c9de",""
"https://www.searchsarkarinaukri.com/jobs/tata-institute-of-fundamental-research-mumbai-job-openings-at-tata-institute-of-2026--2333","job-listing","227","ac8ce466f552f2335eb511d14253b423756bcbaa79415b56c70c81283e08994e",""
"https://www.searchsarkarinaukri.com/jobs/tata-institute-of-fundamental-research-mumbai-job-openings-at-tata-institute-of-2026--3341","job-listing","241","b623be73c3ce66cbb947f54819c32e268187d97a4f9bfdc65bf8f3cfc8f28138",""
"https://www.searchsarkarinaukri.com/jobs/tata-institute-of-fundamental-research-project-administrative-assistant-b-2026--2086","job-listing","280","df0a1675aa54563d7a9eea87c9198093a3cd792b158ddd119a3611150b242ecf",""
"https://www.searchsarkarinaukri.com/jobs/tata-institute-of-fundamental-research-project-junior-engineer-b-civil-2026--2566","job-listing","307","41250cadda68668c8a3b9098291af4a267cd349a9466d1b7fe8817b4843aa5b9",""
"https://www.searchsarkarinaukri.com/jobs/tata-institute-of-fundamental-research-scientific-assistant-b-2026--2048","job-listing","429","2e28531092c0f3e580c1c6b1a400decb079d771023628c54e7077267fa09bef4",""
"https://www.searchsarkarinaukri.com/jobs/tata-institute-of-fundamental-research-scientific-officer-c-2026--2052","job-listing","327","ff079454118406ce945ef51da9b019b5f979c1df6488f760ec5272a16a15bef7",""
"https://www.searchsarkarinaukri.com/jobs/tata-institute-of-fundamental-research-scientific-officer-c-2026--2053","job-listing","338","af8cfd9d0e90c27a33fe82a85e07bead9d177f7de299ba8aacbb6d447f27c553",""
"https://www.searchsarkarinaukri.com/jobs/tata-institute-of-fundamental-research-security-guard-2026--2087","job-listing","358","20c77b5a83ddbdd95a1be49667a264e6085d6040e1dbe7737c4f8f5985d8d0a3",""
"https://www.searchsarkarinaukri.com/jobs/tata-institute-of-fundamental-research-supervisor-cosmetics-maintenance-2026--2100","job-listing","374","08aafcb27257370489908ef304b5dd28ee67f556b7a531e07190d19a10c46558",""
"https://www.searchsarkarinaukri.com/jobs/tata-institute-of-fundamental-research-tradesman-b-electrician-2026--2097","job-listing","334","5ee70533521e7ec206bf8ca0dc131472db2b3f9b5a29d7438b41c63bacd3156c",""
"https://www.searchsarkarinaukri.com/jobs/tata-institute-of-fundamental-research-tradesman-b-plumber-2026--2099","job-listing","306","03275793e38710002176fa386bdd08f400935356e82b96ed912f2eee35517b9e",""
"https://www.searchsarkarinaukri.com/jobs/tata-institute-of-fundamental-research-tradesman-b-technician-mechatronics-2026--2096","job-listing","394","b86c1c1552faadf77e7ea3ffc3934ee363a2b42cc3530aa82fd4b58e7caf1edb",""
"https://www.searchsarkarinaukri.com/jobs/tata-institute-of-fundamental-research-tradesman-b-welder-2026--2098","job-listing","285","6e3aa97be0e725a84c8924fc3ebb588d2da6e66904982b38579552962707788c",""
"https://www.searchsarkarinaukri.com/jobs/tata-institute-of-fundamental-research-work-assistant-auxiliary-2026--2092","job-listing","442","c663e7077b2a92116e011480539e228cacad98749f8a35bea3bf57efd21fc160",""
"https://www.searchsarkarinaukri.com/jobs/tata-institute-of-fundamental-research-work-assistant-technical-air-conditioning-2026--2091","job-listing","309","d52c5cbccbdb1cbb1128facd6ef7cc46c72343bc683e31ea22b385826d681a19",""
"https://www.searchsarkarinaukri.com/jobs/tata-institute-of-fundamental-research-work-assistant-technical-fitter-2026--2088","job-listing","254","bd19993cdea93af0810d9aff8b9eecb2b90dde677f6d5bece742987c2e16164e",""
"https://www.searchsarkarinaukri.com/jobs/tata-institute-of-fundamental-research-work-assistant-technical-painter-2026--2090","job-listing","281","f6e2b21fcb5081756b3886ae2b717d0253ad7c71500816d9a4c3c5b9b3af6bf0",""
"https://www.searchsarkarinaukri.com/jobs/tata-institute-of-fundamental-research-work-assistant-technical-plumber-2026--2089","job-listing","282","1812b47276c290c32f8e1b63372e092f83bb78bb7e29a79e4a2df6835f8b6e00",""
"https://www.searchsarkarinaukri.com/jobs/tata-institute-of-social-sciences-tiss-apply-for-1-senior-research-officer-2026--1783","job-listing","266","71430c8107c30b21c629b8a45824e794eccf01104a3c92aab84ae3d75881e480",""
"https://www.searchsarkarinaukri.com/jobs/tata-institute-of-social-sciences-tiss-mumbai-tata-institute-of-social-sciences-tiss-2026--1788","job-listing","245","cb9e80e00e67bf6cf26b172c76962bfce60725e74abf4752c09232c35e4df257",""
"https://www.searchsarkarinaukri.com/jobs/tata-institute-of-social-sciences-tiss-mumbai-tata-institute-of-social-sciences-tiss-2026--2111","job-listing","249","34373b6283e70aa9423e8b6309949c9ed4da83936f977ea861ffeec5a7228445",""
"https://www.searchsarkarinaukri.com/jobs/tata-institute-of-social-sciences-tiss-mumbai-tata-institute-of-social-sciences-tiss-2026--2971","job-listing","247","03ae3e1d581eef6725ad1951f91fc6e74f06994b511cd1dd01e0810e6a1f8e74",""
"https://www.searchsarkarinaukri.com/jobs/tata-institute-of-social-sciences-tiss-mumbai-tata-institute-of-social-sciences-tiss-2026--3163","job-listing","266","4ed83c7980907c43247a536d50969d2b585440dad30f75dc5e67689978a02bac",""
"https://www.searchsarkarinaukri.com/jobs/tata-institute-of-social-sciences-tiss-mumbai-tata-institute-of-social-sciences-tiss-2026--3837","job-listing","236","ea489117bdd8c9731ede08e515ce8641b53efd40e200009680042f263b1dae16",""
"https://www.searchsarkarinaukri.com/jobs/tata-institute-of-social-sciences-tiss-mumbai-tata-institute-of-social-sciences-tiss-2026--4605","job-listing","210","6e31d8c44a38d02910668c53c774f91dccc70542419f7f651c6c63624a00c86c",""
"https://www.searchsarkarinaukri.com/jobs/tata-institute-of-social-sciences-tiss-recruitment-notification-tata-institute-of-social-2026--2488","job-listing","262","56d1cd66723142d8eb374e74128a2119ab285e8dbe6cadb5635ea078ee01c42c",""
"https://www.searchsarkarinaukri.com/jobs/tata-institute-of-social-sciences-tiss-tiss-recruitment-2026-1-academic-2026--1674","job-listing","268","eb291bb2f4b4991741ccdfdfe73f305d6cb2834dc4f637e0abaa563a653801d0",""
"https://www.searchsarkarinaukri.com/jobs/tata-institute-of-social-sciences-tiss-tiss-recruitment-2026-3-research-2026--1676","job-listing","276","1b8e9e151cb776fed837ac14587cb25a027e30bd4c4f51262cbbf00db5ec12b5",""
"https://www.searchsarkarinaukri.com/jobs/tata-institute-of-social-sciences-tiss-tiss-recruitment-2026-6-project-2026--1675","job-listing","276","08385bbf409650850ecf09af5465d69b78e14b75f8bf0d7d1b8e557736453932",""
"https://www.searchsarkarinaukri.com/jobs/tata-memorial-center-tmc-mumbai-tata-memorial-center-tmc-mumbai-invites-2026--1871","job-listing","252","88a11bbc3a31e7e5a9e4d632478b81587e0f48b6740c73875b4e7940dc5def77",""
"https://www.searchsarkarinaukri.com/jobs/tata-memorial-center-tmc-mumbai-tata-memorial-center-tmc-mumbai-invites-2026--3610","job-listing","242","86fbc0e024e42933974135a04408fcc11c25b7689ad0636a1004db64e0c327d0",""
"https://www.searchsarkarinaukri.com/jobs/tata-memorial-center-tmc-mumbai-tata-memorial-center-tmc-mumbai-invites-2026--4940","job-listing","202","c7d46f27412db554295ba727340d22beccabe01944d7146317b9020a07c90779",""
"https://www.searchsarkarinaukri.com/jobs/tata-memorial-centre-tata-memorial-centre-2026--1725","job-listing","229","d1dc0ab69347b30dd17b95e50745c1f3b60f5175b39672d38021f27d58cddafd",""
"https://www.searchsarkarinaukri.com/jobs/tata-memorial-centre-tata-memorial-centre-2026--3304","job-listing","229","e1f2367470d21897fabc7ddd29aeec16faed1ed3e1490e2033c93e51a8e0ae6c",""
"https://www.searchsarkarinaukri.com/jobs/tata-memorial-centre-tata-memorial-centre-2026--4075","job-listing","229","94be4e70f7b14d3b72b04e8b12cc26005bf6d956b6ad2d95a5ea2d90bdc5a79c",""
"https://www.searchsarkarinaukri.com/jobs/tata-memorial-centre-tmc-recruitment-2026-1-clinical-2026--1673","job-listing","225","81d34a45261294833cd0254dce2f56132d3607e08cf08cbe805eb5e737aff0dd",""
"https://www.searchsarkarinaukri.com/jobs/tata-memorial-hospital-mumbai-tata-memorial-hospital-mumbai-2026--3218","job-listing","247","33eeaee3d72e1f19da55ceb54ab5feefaa1ce32bafbc5a1cfecad4027fe09897",""
"https://www.searchsarkarinaukri.com/jobs/tcil-tcil-2026--1892","job-listing","218","f6fda4469d2d3c799ade1430a5826ec00dffe754f4cb842a7a9c3766c0a450af",""
"https://www.searchsarkarinaukri.com/jobs/technical-officer-group-i-recruitment-2026--3056","job-listing","204","df6c2e8b73b75da22ea64097d2e049d649136c1c8df82d96e51bc0659c91fac3",""
"https://www.searchsarkarinaukri.com/jobs/technical-officer-group-ii-recruitment-2026--3057","job-listing","204","c9960edce8542428169548cc21b038462e2d8236a36d1cb51af51259f30075d6",""
"https://www.searchsarkarinaukri.com/jobs/technical-officer-group-iii-recruitment-2026--3058","job-listing","227","0f73ce8f970d1ea05bd7f2cbb7f90af2bf4cdaa77bd6ab102447040be82f863f",""
"https://www.searchsarkarinaukri.com/jobs/technician-apprentice-chemical-recruitment-2026--3100","job-listing","230","3820cdf77fad51e3a2e62490adc96bfce73a9f797e266e7adf9607bc91652895",""
"https://www.searchsarkarinaukri.com/jobs/technician-apprentice-electrical-recruitment-2026--3102","job-listing","245","7f83001c6eaadefdef91b144022585f727e223866e11f2bf6ea5deae5a367f95",""
"https://www.searchsarkarinaukri.com/jobs/technician-apprentice-mechanical-recruitment-2026--3101","job-listing","219","247697d057a24c8ed0b799992ced2086e872750721f00b76bcd88cacca0416fe",""
"https://www.searchsarkarinaukri.com/jobs/technician-apprentice-instrumentation-recruitment-2026--3103","job-listing","230","43d8bfbd61a5c2087111cab88c5d601322f5fcc2c8c9bd57956fa02965e2116b",""
"https://www.searchsarkarinaukri.com/jobs/territorial-army-soldier-black-smith-recruitment-rally-2026-apply-for-1-post--4097","job-listing","235","3d58cfbf39f6eebde677266ee3ad67c6aa9da866fb750178b36796fd5d5368cc",""
"https://www.searchsarkarinaukri.com/jobs/territorial-army-soldier-carpenter-recruitment-rally-2026-apply-for-3-posts--4092","job-listing","210","4bef2e49869bcd5c344165883d86327a7f9eafe7ba8582ad04cb213dfcc2d480",""
"https://www.searchsarkarinaukri.com/jobs/territorial-army-soldier-chef-community-recruitment-rally-2026-apply-for-4-posts--4090","job-listing","203","3b95d91a15bb4b25bedb307ac3df104d6e3d150979af350ee09b58ee8d79bcbc",""
"https://www.searchsarkarinaukri.com/jobs/territorial-army-soldier-clerk-recruitment-rally-2026-apply-for-1-post--4098","job-listing","228","af18a7f3e527a479784c34b1fc2baddf37ba11c9c36b41c3db6d9e20b96c779f",""
"https://www.searchsarkarinaukri.com/jobs/territorial-army-soldier-equipment-repairer-recruitment-rally-2026-apply-for-2-posts--4095","job-listing","203","277f1e4585911c0837449224ee00402d4c7558546ce2c060f6ca009846625a26",""
"https://www.searchsarkarinaukri.com/jobs/territorial-army-soldier-general-duty-recruitment-rally-2026-apply-for-49-posts--4089","job-listing","211","429476b5edd8892c6dae11bda63dfd5f009d470a24de159d7a4b14de0c4c4234",""
"https://www.searchsarkarinaukri.com/jobs/territorial-army-soldier-hair-dresser-recruitment-rally-2026-apply-for-3-posts--4091","job-listing","197","4c759f837f8501212a3548cffcf02355828fec5842a975b87e1e822149651b7e",""
"https://www.searchsarkarinaukri.com/jobs/territorial-army-soldier-house-keeper-recruitment-rally-2026-apply-for-2-posts--4096","job-listing","211","f64647aebaff08a5a3123bb222dc6af57016113f052edf820a9951db4e96c1d4",""
"https://www.searchsarkarinaukri.com/jobs/territorial-army-soldier-tailor-recruitment-rally-2026-apply-for-2-posts--4094","job-listing","203","9620b792c14114a80d7a85a839628d6019bae833d97a9d9edb0c34239cf78600",""
"https://www.searchsarkarinaukri.com/jobs/territorial-army-soldier-washer-man-recruitment-rally-2026-apply-for-2-posts--4093","job-listing","218","dc2b1f9f1a5dab1b5b610c9d89609e9cd54c507dd66f4f16a34f52059705d9a8",""
"https://www.searchsarkarinaukri.com/jobs/territorial-army-territorial-army-2026--3710","job-listing","192","2c00ab18cbb99db3b1c3799ba3c3ef92c24c2ad12165ddb7359171ef4d354638",""
"https://www.searchsarkarinaukri.com/jobs/territorial-army-territorial-army-2026--2471","job-listing","225","7d00dde5037bcbdfe85fb6b691ded1ba8a4071aecacded08c42275e5adff968c",""
"https://www.searchsarkarinaukri.com/jobs/thane-mahanagarpalika-thane-mahanagarpalika-2026--1854","job-listing","227","043bf21f93291da2c10a434a3eac410266edf06ad853b0b115b3e178ce72d1c1",""
"https://www.searchsarkarinaukri.com/jobs/thane-mahanagarpalika-thane-municipal-corporation-apply-for-11-gynecologist-posts-at-2026--1873","job-listing","180","b0a2968d0ecd52aca55ddb80df11c0cb755fe7a730f724bb79dce7c8e5fc4a58",""
"https://www.searchsarkarinaukri.com/jobs/thane-mahanagarpalika-thane-municipal-corporation-apply-for-6-pharmaceutical-officer-pharmacist-2026--2690","job-listing","202","9d6b59ff176e1c9df21ccde4e3133ab0ce0b61fc78d5c9ddc2907dcc5691d17b",""
"https://www.searchsarkarinaukri.com/jobs/thane-mahanagarpalika-thane-municipal-corporation-apply-for-11-medical-officer-mbbsbams-2026--2219","job-listing","193","d0bb5118480e467a00404f130245c2a7ac5f402ae2cbc85382cb5e6f6fd78b1e",""
"https://www.searchsarkarinaukri.com/jobs/thane-mahanagarpalika-thane-municipal-corporation-apply-for-67-specialist-and-resident-2026--2420","job-listing","222","57eac67802f23394dd8e59e101de773eb1a9a4c22b3db1d6e63d5c060abc03f5",""
"https://www.searchsarkarinaukri.com/jobs/thane-mahanagarpalika-thane-municipal-corporation-apply-for-9-resident-medical-officer-2026--2331","job-listing","219","e75f3dbda9468de8b733c3e41ee78c08339915b6589ca1143976c8d9e0ea2b35",""
"https://www.searchsarkarinaukri.com/jobs/thane-mahanagarpalika-thane-municipal-corporation-thane-municipal-corporation-recruitment-2026-2026--1662","job-listing","223","dae8586433645f3c8af7e1f0d6e708b9e1669689b1097db30d5ccea672492d51",""
"https://www.searchsarkarinaukri.com/jobs/thane-municipal-corporation-tmc-apply-for-61-staff-nurse-gnm-2026--3951","job-listing","217","d89bce2100c86612f7b69ea2d77fa5b4f637adf37e1c61fd0e93ee7930046a46",""
"https://www.searchsarkarinaukri.com/jobs/the-baramati-sahakari-bank-the-baramati-sahakari-bank-2026--1923","job-listing","230","f478b20b339429e4effaa80d1b620a128395101e68b2fbbfe043e780220b81c7",""
"https://www.searchsarkarinaukri.com/jobs/the-braithwaite-burn-and-jessop-construction-company-limited-chairman-and-managing-director-2026--1369","job-listing","219","8f23c7d64b2183feb60f3aa770dd149b5761c76efffd2a53fcfa25a5761ffef1",""
"https://www.searchsarkarinaukri.com/jobs/the-chandwad-merchants-co-op-bank-ltd-the-chandwad-merchants-co-op-bank-ltd-2026--2751","job-listing","244","15c723ad94199f00d2a468b96d20317d6bb16e6583244029ea2deaf324c59825",""
"https://www.searchsarkarinaukri.com/jobs/the-cotton-corporation-of-india-ltd-director-marketing-2026--2085","job-listing","271","52399c94272a72940c955621ae9d20ba4f03cc4e0eed7d0f450af0f887a44e51",""
"https://www.searchsarkarinaukri.com/jobs/the-csc-e-governance-services-india-uidai-apply-for-1-aadhaar-supervisor-operator-2026--2867","job-listing","241","84ccdfbf92658c95b1a3cb4adda71b41ef9c9e38e3e4467ca3218f4b961df31e",""
"https://www.searchsarkarinaukri.com/jobs/the-fertilisers-and-chemicals-travancore-limited-director-finance-2026--1562","job-listing","203","e723601a58e9e730ceb1cd9247ff8eb22308778a0ba9e3979f9e473279fae294",""
"https://www.searchsarkarinaukri.com/jobs/the-institute-of-company-secretaries-of-india-icsi-job-openings-at-the-institute-of-2026--1774","job-listing","246","3af6b09dfda024ab8686b120fe33f59613e518ee19c040d5e39201d0074b3818",""
"https://www.searchsarkarinaukri.com/jobs/the-kolhapur-urban-co-op-bank-the-kolhapur-urban-co-op-bank-2026--3785","job-listing","255","cd3a70f4d001bc4bd37ba8faf49df1712037ad5a7cfdaf227e7eabba9044575e",""
"https://www.searchsarkarinaukri.com/jobs/the-new-india-assurance-co-ltd-niacl-mumbai-the-new-india-assurance-co-ltd-2026--2107","job-listing","210","ca3e5d8d33631959a143fad914fc5f2bb694b39e03bab0ded29970b794dc1b32",""
"https://www.searchsarkarinaukri.com/jobs/the-shipping-corporation-of-india-limited-secretarial-officer-2026--1378","job-listing","186","fab76eef6706b88c1c72a400246f2d97cedc3b29c970969355c22a54e4f0ca7a",""
"https://www.searchsarkarinaukri.com/jobs/tifr-mumbai-tifr-mumbai-2026--1834","job-listing","247","cae2e8cc9a05a20d67997dcb503715e75362c24f62f69b026f600d2e62938d56",""
"https://www.searchsarkarinaukri.com/jobs/tifr-mumbai-tifr-mumbai-2026--1960","job-listing","247","6651cfd4ec13e2f878086e2f2b168b3a83caba87c10369bf757836e4ad411a40",""
"https://www.searchsarkarinaukri.com/jobs/tifr-mumbai-tifr-mumbai-2026--2064","job-listing","247","f4cc270852bb451ed4452e7036d19294dcac5928919a71711dcd8da88e3c20ab",""
"https://www.searchsarkarinaukri.com/jobs/tifr-mumbai-tifr-mumbai-2026--2245","job-listing","247","c63e6a75515d4f42c02cfd94616cfa68e2d7bd916c2e2777d66fad36ff0450d2",""
"https://www.searchsarkarinaukri.com/jobs/tifr-mumbai-tifr-mumbai-2026--2190","job-listing","247","43e4701ca0f06b44bc86d7a63cdc406fbf6250d9657abff5a7881550a160247b",""
"https://www.searchsarkarinaukri.com/jobs/tifr-mumbai-tifr-mumbai-2026--2473","job-listing","247","869de48e494a0fc10882cb7dbd7e3c47737cff97a93d5664f0585fbb9c43e3d8",""
"https://www.searchsarkarinaukri.com/jobs/tifr-mumbai-tifr-mumbai-2026--3300","job-listing","243","e27e65491588719481824f71238c8f7d69501413ebaa869ba5e307eaa9597c35",""
"https://www.searchsarkarinaukri.com/jobs/tifr-mumbai-tifr-mumbai-2026--4955","job-listing","215","0d78aaf67ddeff75821ee6125f9216ceb43a564fc35d0c4d9855a50262537da0",""
"https://www.searchsarkarinaukri.com/jobs/tifr-mumbai-tifr-mumbai-2026--3894","job-listing","247","110c523fe7f83d47afe9ec74b62978b3e3d14697c81b74150c024f8a219f98cf",""
"https://www.searchsarkarinaukri.com/jobs/tirupati-urban-bank-nagpur-tirupati-urban-bank-nagpur-2026--1956","job-listing","246","1f2b71bccdcd600f98bc0d543428353826808c1e7100fd0c48217ba21ba8aa88",""
"https://www.searchsarkarinaukri.com/jobs/tiss-attendant-or-office-support-recruitment-2026--4827","job-listing","265","fc64c77f08256981cd63e3f3ab806ee0c9e801681f00bfb46a3592cb88d6ca62",""
"https://www.searchsarkarinaukri.com/jobs/tirupati-urban-bank-nagpur-tirupati-urban-bank-nagpur-2026--3090","job-listing","246","54f98e55fa17e0df9dcb4fc9fbdf36496241beeb9fd29788bf7cb6db35158e50",""
"https://www.searchsarkarinaukri.com/jobs/tiss-consultant-ids-recruitment-2026--4826","job-listing","235","9bea32bdc21622f95dab2fefc0ef22aed00d1dd8579bef1e840a097f0f639701",""
"https://www.searchsarkarinaukri.com/jobs/tiss-consultant-recruitment-cell-recruitment-2026--4806","job-listing","194","287a821e9976a64d362c37bc2c030ba59fad8e9bac3b9d58836fd3908154ebb8",""
"https://www.searchsarkarinaukri.com/jobs/tiss-consultant-security-recruitment-2026--4807","job-listing","194","8a4867679e6d6ecda2f73560d1b113dcd188078c8f29f464653028dad0845529",""
"https://www.searchsarkarinaukri.com/jobs/tiss-mumbai-tiss-mumbai-2026--1837","job-listing","262","67127a53cf167dbd8243c624bde16e069eb0757925dec0ff6c960978457cd162",""
"https://www.searchsarkarinaukri.com/jobs/tiss-data-handling-supervisor-recruitment-2026--4870","job-listing","234","cdb97d56debe5c0c8f193db981aed6e6fb696741789f0bfea8e1151b4474f624",""
"https://www.searchsarkarinaukri.com/jobs/tiss-medical-officer-recruitment-2026-apply-online-for-1-post--3826","job-listing","355","257ecfbda6131f3ce3c1e4f440b589c6a04eff5261a479ed5b09ce216c0f316d",""
"https://www.searchsarkarinaukri.com/jobs/tiss-mumbai-tiss-mumbai-2026--2029","job-listing","262","8142f02ad33986a77abb65b6788875393114cfde8794e435e2430ab3e14dd589",""
"https://www.searchsarkarinaukri.com/jobs/tiss-mumbai-tiss-mumbai-2026--1913","job-listing","262","d689f21a2750f104e9fadd4aed2dac87032b8b1187ee958e03ade8d33185dea9",""
"https://www.searchsarkarinaukri.com/jobs/tiss-mumbai-tiss-mumbai-2026--1942","job-listing","262","19ce01c81366331fe46892d2c2c75192752add6e69d3d56fc95661e4ebbdd659",""
"https://www.searchsarkarinaukri.com/jobs/tiss-mumbai-tiss-mumbai-2026--1985","job-listing","262","c677daa1d1167f62c60a41767aa0c6cf8a8c85605f6f2816000050643c958980",""
"https://www.searchsarkarinaukri.com/jobs/tiss-mumbai-tiss-mumbai-2026--2068","job-listing","262","f88bdfece9f7b1c7a8df8b61a93dcb05723daf06b7f42d410ed2363a34a8016e",""
"https://www.searchsarkarinaukri.com/jobs/tiss-mumbai-tiss-mumbai-2026--2646","job-listing","262","117c5b829b73f67cb8f3b8dd0941d421bda2df04967bdb6c81c9f93afdca9796",""
"https://www.searchsarkarinaukri.com/jobs/tiss-mumbai-tiss-mumbai-2026--2318","job-listing","262","fefdb452d0590b3ee89344b12ed4b73264a57f8a65fb281f5def4960b51b8cc2",""
"https://www.searchsarkarinaukri.com/jobs/tiss-mumbai-tiss-mumbai-2026--2263","job-listing","262","2de2d7e8fa46b069b7a9033a126674a23c1f2b899f29bdaa89e58afe3983b7b0",""
"https://www.searchsarkarinaukri.com/jobs/tiss-mumbai-tiss-mumbai-2026--3022","job-listing","262","9fe46154db7cda0042df881e22663682a362bac994eac67cfb68feab60530c19",""
"https://www.searchsarkarinaukri.com/jobs/tiss-mumbai-tiss-mumbai-2026--2878","job-listing","262","19c3fc24e8d43f0c744d080583f2171f8e5ce50fd65fdd89d3b58facf569819d",""
"https://www.searchsarkarinaukri.com/jobs/tiss-mumbai-tiss-mumbai-2026--3403","job-listing","262","68908e07b7205f2a8a41a5bb8b4e55903356b9151042c0b8c8a8ab1414055463",""
"https://www.searchsarkarinaukri.com/jobs/tiss-mumbai-tiss-mumbai-2026--3082","job-listing","262","fcd29b4f7182b1aaabb783aa6b71f724721428d0d37aaa4cadbe6db8855eca64",""
"https://www.searchsarkarinaukri.com/jobs/tiss-mumbai-tiss-mumbai-2026--4264","job-listing","262","d664a6fb3ed4034b5cb9c81da3277588e3f099f308bdb4f258ce07302c075032",""
"https://www.searchsarkarinaukri.com/jobs/tiss-mumbai-tiss-mumbai-2026--3910","job-listing","262","b719e8351e379fa1025472cff5bca65c662be1324fe54cba29a7c2b6b0c6230f",""
"https://www.searchsarkarinaukri.com/jobs/tiss-mumbai-tiss-mumbai-2026--4945","job-listing","229","5ab4c53227e1455b2b9659cc122188f8d6e18aeae914bba1471cd97ee8f1001c",""
"https://www.searchsarkarinaukri.com/jobs/tiss-mumbai-tiss-mumbai-2026--4576","job-listing","228","e3bc10e3329a01870cb997a2e5fdc79f036233b92795f5e41233f15da69a0854",""
"https://www.searchsarkarinaukri.com/jobs/tiss-program-administrative-staff-recruitment-2026-apply-via-email-for-1-post--3829","job-listing","270","764de81313348929bf10bba2d2dd18c32a14ebb5111f9ceb3b647ec934a889bc",""
"https://www.searchsarkarinaukri.com/jobs/tiss-programme-officer-recruitment-2026-apply-via-email-for-4-posts--3828","job-listing","290","8000bbebe18142776bb846bc9d789d36e9cfe2d1202c50ddf5252d0ccc3ab167",""
"https://www.searchsarkarinaukri.com/jobs/tiss-project-coordinator-recruitment-2026-apply-via-email-for-1-post--3827","job-listing","291","86ef552862340e6a3f7dac3ba5d404f8d5ad5d4f1479b6a76a3df73a638f25d0",""
"https://www.searchsarkarinaukri.com/jobs/tmb-cbs-support-engineer-recruitment-2026-apply-online--4048","job-listing","232","6ba0a8fb42b17f88b5b2a660bba6f018fcbcfc9d92013b2b871c2d594964f552",""
"https://www.searchsarkarinaukri.com/jobs/tmb-data-scientist-recruitment-2026--2916","job-listing","204","9070d1953ceb6b01725d3411208068bd2a6c42863e12ddb562fe7df66778a6a7",""
"https://www.searchsarkarinaukri.com/jobs/tmb-data-scientist-manager-recruitment-2026-apply-online--4045","job-listing","229","1d8fb8602252e179b061621b191f6b3994ec9c1945035978853483a82fcbaf12",""
"https://www.searchsarkarinaukri.com/jobs/tmb-oracle-hcm-payroll-integrations-recruitment-2026-apply-online--4050","job-listing","230","c38931f7b00bba405136df6352c56739442928816ec37bc27888fbcf6af4fac4",""
"https://www.searchsarkarinaukri.com/jobs/tmb-oracle-hcm-talent-workflow-experience-recruitment-2026-apply-online--4051","job-listing","230","f08d7711d74aab54b690f87e80b5d8acaa0936ac62eb55d07cb996d3c7a384c9",""
"https://www.searchsarkarinaukri.com/jobs/tmb-software-developer-assistant-manager-recruitment-2026-apply-online--4047","job-listing","238","1969236f9f88464d419cf3df9174b8d045c4faf6340fa111cd9950f5e694a0d3",""
"https://www.searchsarkarinaukri.com/jobs/tmb-senior-relationship-manager-recruitment-2026--2915","job-listing","195","1cf6380fdc252bc5d4fad59e4ee3a7a50cbd1bf60673450d9b8d46f7aa140bda",""
"https://www.searchsarkarinaukri.com/jobs/tmb-software-engineer-software-programmer-recruitment-2026-apply-online--4049","job-listing","230","14269afaedb74a375a6d82f2c327e585dc94d132505004c79daca691b94e50b5",""
"https://www.searchsarkarinaukri.com/jobs/tmb-software-developer-manager-recruitment-2026-apply-online--4044","job-listing","247","e39d4137a4426b1251ee9407da847a11c7e4abd12776dc9611369dd1e081b6b8",""
"https://www.searchsarkarinaukri.com/jobs/tmb-statistician-manager-recruitment-2026-apply-online--4046","job-listing","209","0ba49f854e76f86bffc08a88ab86767bb14a567c88aa9eb68bfaec93e33c9171",""
"https://www.searchsarkarinaukri.com/jobs/tmc-actrec-technician-recruitment-2026--4871","job-listing","211","d00183ea7429578ed7805007e1a766626f124d4461ecf62ffebefacae7e54b52",""
"https://www.searchsarkarinaukri.com/jobs/tmc-mumbai-tmc-mumbai-2026--1739","job-listing","232","5299c4f39afe2f770bd75236112a3fc11167b1a11914cb021206b841bae4929d",""
"https://www.searchsarkarinaukri.com/jobs/tmc-mumbai-tmc-mumbai-2026--1986","job-listing","240","a9296031b54455ffa8de83e6581848f775cd979023ab735ac2cc1019ffe523d6",""
"https://www.searchsarkarinaukri.com/jobs/tmc-mumbai-tmc-mumbai-2026--2022","job-listing","238","f0055be721ebe5a95d3758781ef6fb648a581ec4246ef9458d91c448fe98bf16",""
"https://www.searchsarkarinaukri.com/jobs/tmc-mumbai-tmc-mumbai-2026--2536","job-listing","226","80664bbcd04bc5ae7dafc830e2c0c7176a5920944661c56f6cbc45b64e81064e",""
"https://www.searchsarkarinaukri.com/jobs/tnstc-graduate-apprentice-engineering-recruitment-2026--4339","job-listing","176","da652efb5f6cdc2988751505067aee2ee2577aec0bd7eb0b74a5c74fe0eb6170",""
"https://www.searchsarkarinaukri.com/jobs/tmc-mumbai-tmc-mumbai-2026--3519","job-listing","240","020a79a489f86e638693a09740e64ccc29e862bf8c7f9cc06a82ae923dea0029",""
"https://www.searchsarkarinaukri.com/jobs/tnstc-graduate-apprentice-non-engineering-recruitment-2026-623-posts--4341","job-listing","325","239836a889fc23bff29fd5206836f648a62e983cc6182912d3e19c4fa4b8db21",""
"https://www.searchsarkarinaukri.com/jobs/tnstc-technician-diploma-apprentice-recruitment-2026-438-posts--4340","job-listing","290","2c7871dd643c16a43bb48a491c4ef727b5cd4b95bf689d16631e098a997ebe14",""
"https://www.searchsarkarinaukri.com/jobs/tourism-and-cultural-affairs-department-government-of-maharashtra-recruitment-notification-tourism-a--1867","job-listing","202","486086d09e15f4d8a445fe32a4765b09d26f1ee721f64773275347c83f4de737",""
"https://www.searchsarkarinaukri.com/jobs/tourism-and-cultural-affairs-department-government-of-maharashtra-tourism-and-cultural-affairs-dept--1668","job-listing","226","5ad2c3493443686f86d7131b50b2de491fadbec02311676041301d56a1d45e89",""
"https://www.searchsarkarinaukri.com/jobs/trade-apprentice-accountant-recruitment-2026--3106","job-listing","236","7f9b8ddba124b79db426f003ea9b7eb5d9a43bfbbcea5cde20515cdbaf049272",""
"https://www.searchsarkarinaukri.com/jobs/trade-apprentice-attendant-operator-chemical-plant-recruitment-2026--3098","job-listing","245","e19e2fc1a8b3639cc26dfee4ca213cdaa37ab0790cf8d229a1a9c191fda3b3be",""
"https://www.searchsarkarinaukri.com/jobs/trade-apprentice-data-entry-operator-fresher-recruitment-2026--3107","job-listing","231","40c5a0b557157de032a699bd49f22b490775f4a57143037f6c817ff10e0761c7",""
"https://www.searchsarkarinaukri.com/jobs/trade-apprentice-data-entry-operator-skill-certificate-holders-recruitment-2026--3108","job-listing","257","e5764c063cc995b156e1c2a3157ada92b9990edf1ccc4c6811567dc6f7b38253",""
"https://www.searchsarkarinaukri.com/jobs/trade-apprentice-fitter-recruitment-2026--3099","job-listing","226","428166bbd2b13d29a6002879127eca00f71eeab307c32542cbd4fcde474d5ee7",""
"https://www.searchsarkarinaukri.com/jobs/trade-apprentice-secretarial-assistant-new-delhi-recruitment-2026--3105","job-listing","228","a61bc75617d53bcb5185ba156b35f65c79e9935be285c4946f7fa3cb75f5acba",""
"https://www.searchsarkarinaukri.com/jobs/trade-apprentice-secretarial-assistant-panipat-recruitment-2026--3104","job-listing","219","29a251d68e7956b691077485707aa597b37b83d9425e80f402aaa373cbbd2ac7",""
"https://www.searchsarkarinaukri.com/jobs/trai-trai-2026--1743","job-listing","216","f2ac2ba9ab1c813646a1df21745cdeb2a3e1abaf4eb9b3c0fc0b4b9220aa9862",""
"https://www.searchsarkarinaukri.com/jobs/trai-trai-2026--3084","job-listing","214","fb8435144b2528119b678d81179e61f47f857591f35de8a220a67fcc43884e61",""
"https://www.searchsarkarinaukri.com/jobs/trai-trai-2026--3768","job-listing","214","304a27657fbc38e0f3dabd8326eef8f3f37d6dfd6076cc49c9c1bf0d6990f780",""
"https://www.searchsarkarinaukri.com/jobs/tslprb-fire-fighter-recruitment-2026-apply-online-for-751-posts--4247","job-listing","300","40a7817b30ecd4c8af1705162f999b1068f6b65d53a91d9e7d7aeec9a6ef0365",""
"https://www.searchsarkarinaukri.com/jobs/tslprb-sct-police-constable-ar-recruitment-2026-apply-online-for-1-052-posts--4244","job-listing","267","92d0a9831139d9cea09d7d6b9f11362751c86f6b640e06fa130e705f4ff94aa6",""
"https://www.searchsarkarinaukri.com/jobs/tslprb-sct-police-constable-civil-recruitment-2026-apply-online-for-3-697-posts--4243","job-listing","294","580d87db7fc54e9ad55ce2f94361262092b8ff5429a9a4c91066ab6859fd3216",""
"https://www.searchsarkarinaukri.com/jobs/tslprb-sct-police-constable-sar-cpl-recruitment-2026-apply-online-for-24-posts--4245","job-listing","268","7761d6e532623b492b53177072bc37a85fa87406f7575720e7caaf202405f764",""
"https://www.searchsarkarinaukri.com/jobs/tslprb-special-protection-force-spf-constable-recruitment-2026-apply-online-for-1-380-posts--4246","job-listing","297","fb5bd1a85062649b7fc28c1c0841d83271a962e97aac0bf43a8fc76b0f6a2188",""
"https://www.searchsarkarinaukri.com/jobs/tslprb-warder-female-recruitment-2026-apply-online-for-12-posts--4249","job-listing","297","f2d5b104af1509d389b5d58b95ce9c848db97f719ca90b800543200add69f220",""
"https://www.searchsarkarinaukri.com/jobs/tslprb-warder-male-recruitment-2026-apply-online-for-196-posts--4248","job-listing","295","2c33ac97bd4b41ab07dfd5c74c194862f99dc2e9e9a07db108899c685fe0db34",""
"https://www.searchsarkarinaukri.com/jobs/tuberculosis-hospital-group-sewri-mumbai-job-openings-at-tuberculosis-hospital-group-2026--4993","job-listing","207","354f8d9505fd8e9f3c95a5d64dd09d44164d5223f7e41d6465228920dd6a85a0",""
"https://www.searchsarkarinaukri.com/jobs/tuberculosis-hospital-group-sewri-mumbai-tb-hospital-sewri-recruitment-2026-2026--1664","job-listing","241","42d4b62c537f0b78e295c3a57fbd08797b8cb5a42839f217ff2df7df8a0fd020",""
"https://www.searchsarkarinaukri.com/jobs/ukmssb-associate-professor-recruitment-2026-apply-online-for-46-posts--3177","job-listing","206","d070c05f26b0515fa43c18f730af7b1e1a2a04d82eab265c1d4262c037925020",""
"https://www.searchsarkarinaukri.com/jobs/ukmssb-professor-recruitment-2026-apply-online-for-8-posts--3176","job-listing","197","adb17b41f14d49d16786ecb0ac4fb0fbfc23f783ce32c98dd12ca93dc74826c6",""
"https://www.searchsarkarinaukri.com/jobs/umed-maharashtra-state-rural-livelihood-mission-ahilyanagar-umed-maharashtra-state-rural-livelihood--3391","job-listing","230","2a61f2980b7c05f267fb6bfcdf347df66e28e6ecf03ab179e1f52042b9a391d8",""
"https://www.searchsarkarinaukri.com/jobs/umed-maharashtra-state-rural-livelihood-mission-chandrapur-umed-maharashtra-state-rural-livelihood-2--3340","job-listing","198","c50d6fab2b08ec1610f4b5a0dd7bba4ec84f1bb7d680900b662797c8484aaa13",""
"https://www.searchsarkarinaukri.com/jobs/umed-maharashtra-state-rural-livelihood-mission-msrlm-jalna-umed-maharashtra-state-rural-livelihood--2771","job-listing","236","c841c8bc6dda697c216a7c954176e183daaac0060ac9680b63cccef7565affe1",""
"https://www.searchsarkarinaukri.com/jobs/umed-maharashtra-state-rural-livelihood-mission-msrlm-umed-maharashtra-state-rural-livelihood-2026--3267","job-listing","235","3fb1531ec270cffb68f844641871192b924c561d7b97293d9a4569bea89a37c6",""
"https://www.searchsarkarinaukri.com/jobs/umed-maharashtra-state-rural-livelihood-mission-solapur-recruitment-notification-umed-maharashtra-st--3835","job-listing","233","87a4a201134bd3712af6b99c8496e9962d38cb3d88bf75a414dfefc890b057f6",""
"https://www.searchsarkarinaukri.com/jobs/umed-maharashtra-state-rural-livelihoods-mission-msrlm-yavatmal-umed-maharashtra-state-rural-livelih--3397","job-listing","204","5ffafc54dedf81095fc3dd0b825399bbab595d77447071880c66e61ad2af885e",""
"https://www.searchsarkarinaukri.com/jobs/umed-msrlm-ahilyanagar-umed-msrlm-ahilyanagar-2026--3418","job-listing","215","dba0268be5c87de5bb43227557d2786b931ac2844f4f4d340180b6122cceab1b",""
"https://www.searchsarkarinaukri.com/jobs/umed-msrlm-amravati-umed-msrlm-amravati-2026--3353","job-listing","236","b786de9620421f4eeff46b68d2bf01a7b2c98dd9b3d9403946c9714e35439f23",""
"https://www.searchsarkarinaukri.com/jobs/umed-msrlm-chandrapur-umed-msrlm-chandrapur-2026--3212","job-listing","230","0a32f7e48cfd4fd05a524d0bbcc29a965831e0ccce25252a78ffd2cb8902f43c",""
"https://www.searchsarkarinaukri.com/jobs/umed-msrlm-chandrapur-umed-msrlm-chandrapur-2026--3309","job-listing","230","feab47be15bd7e37c5b4d36c8ebe870719e23a5eb8527e1dc383e876ecfd8965",""
"https://www.searchsarkarinaukri.com/jobs/umed-msrlm-gadchiroli-umed-msrlm-gadchiroli-2026--4784","job-listing","217","8dd758cc1ac730a69336da0e61bd5b732f990c7db0de5bc478929ccf733e4a1c",""
"https://www.searchsarkarinaukri.com/jobs/umed-msrlm-jalgaon-umed-msrlm-jalgaon-2026--4882","job-listing","215","8750f37482e41aeddeaf405d0d93b63638875cfffc8986a91e681f4e07a41ac5",""
"https://www.searchsarkarinaukri.com/jobs/umed-msrlm-jalna-umed-msrlm-jalna-2026--2845","job-listing","234","f2ffc294c8dfbe56b134da7121a107b3129225823c7ed335cb2494b7e11aa448",""
"https://www.searchsarkarinaukri.com/jobs/umed-msrlm-yavatmal-umed-msrlm-yavatmal-2026--3348","job-listing","244","cb75599f97be3448c4904660d6c54fc5c0319610fb9bb9de51eb2310508f83ab",""
"https://www.searchsarkarinaukri.com/jobs/union-bank-of-india-agm-capital-planning-investor-relations-recruitment-2026--4397","job-listing","170","dc1b1ece956e13c98f3fbab4449e4501494526e3c80793c4f88aed8cf9f0729f",""
"https://www.searchsarkarinaukri.com/jobs/union-bank-of-india-ad-av-edr-xdr-administrator-recruitment-2026-apply-online-for-2-posts--3503","job-listing","248","f84ccbc09e89c4a7a5e9784daf2a684a1ed44359df416c9443513d8eb3e381a0",""
"https://www.searchsarkarinaukri.com/jobs/union-bank-of-india-agm-capital-planning-investor-relations-recruitment-2026-apply-online--3434","job-listing","246","31ff3c4e039ab99d2fabae2447939ccac77ddd54765766cc804e5d17db3d5fbd",""
"https://www.searchsarkarinaukri.com/jobs/union-bank-of-india-agm-ind-as-recruitment-2026--4396","job-listing","165","8b4b8cb1be819f1cd963fa7f0d5247dc41a1d5a311d8dcd2df934e67697753f3",""
"https://www.searchsarkarinaukri.com/jobs/union-bank-of-india-agm-ind-as-recruitment-2026-apply-online--3433","job-listing","230","fcc05bcee27f97fc7410c2305356f84790b4ea3b5cf3af37e7fbc9ed485218b9",""
"https://www.searchsarkarinaukri.com/jobs/union-bank-of-india-agm-taxation-direct-indirect-recruitment-2026-apply-online--3432","job-listing","239","3af601812a3121e4f3f6b8eca2d7e79b219bb6afa53cf9d28dee22495f1ccdb1",""
"https://www.searchsarkarinaukri.com/jobs/union-bank-of-india-agm-taxation-recruitment-2026--4395","job-listing","165","0d8304ac0ad760a1499d270c7e7149378f761b26860e23a99a1a76d618081b1c",""
"https://www.searchsarkarinaukri.com/jobs/union-bank-of-india-api-management-professional-recruitment-2026-apply-online-for-4-posts--3440","job-listing","304","9516b4b919bc05f9422e049f1ac75791837819d1feac1d42d0d8b3c24698bd3e",""
"https://www.searchsarkarinaukri.com/jobs/union-bank-of-india-api-management-recruitment-2026--4409","job-listing","205","68848c05e8ef5c5038f1b8e33191730f50f8bc80bc29a0a3b0b4eac560e83923",""
"https://www.searchsarkarinaukri.com/jobs/union-bank-of-india-api-management-recruitment-2026--4410","job-listing","195","c1bd6525c19e29103816c11de64ec93fd70974dbd0c75b159b55cb55bc932c07",""
"https://www.searchsarkarinaukri.com/jobs/union-bank-of-india-block-chain-quantum-computing-recruitment-2026--4411","job-listing","200","cd4deac1af9b7bb15dcd3080b85afbb342b7579f3216fb0fd3d7ba895f5112c3",""
"https://www.searchsarkarinaukri.com/jobs/union-bank-of-india-blockchain-quantum-computing-recruitment-2026-apply-online-for-1-post--3452","job-listing","276","25107b6c19f433b2b4e63f5874558050b0b55d511a3a2ad69ab85362ffb74bc2",""
"https://www.searchsarkarinaukri.com/jobs/union-bank-of-india-certified-anti-money-laundering-specialist-recruitment-2026--4389","job-listing","178","43b5e9d7d769d69e91e35bb6691a6d77c2bbf0e5d1cac2551e50c6a5b5d5c3db",""
"https://www.searchsarkarinaukri.com/jobs/union-bank-of-india-certified-financial-crimes-investigator-recruitment-2026--4390","job-listing","176","cb524829ac98e0ab766659afbc417737776ff8e567c02a1980ace96b8f233ae1",""
"https://www.searchsarkarinaukri.com/jobs/union-bank-of-india-certified-financial-crimes-investigator-recruitment-2026-apply-online-for-1-post--3430","job-listing","251","1a3a51bb27bcced110727b1efc3b8f19d142dda2f16dfc28e5bee189e6d6b8da",""
"https://www.searchsarkarinaukri.com/jobs/union-bank-of-india-certified-fraud-examiner-recruitment-2026--4388","job-listing","180","227e55b7144be82ded8bdbf49b3cbc6381e73f1573a15d4ddd72134a1166bd79",""
"https://www.searchsarkarinaukri.com/jobs/union-bank-of-india-certified-fraud-examiner-recruitment-2026-apply-online-for-1-post--3429","job-listing","199","ce4dd38d9c47248888023749b4c88de23f6e56a767190a169a9ca1abfb44d9dc",""
"https://www.searchsarkarinaukri.com/jobs/union-bank-of-india-cloud-administrator-recruitment-2026-apply-online-for-6-posts--3444","job-listing","305","13e27f88fa268a76addccf3e617b96f30de4b96f74d6718f5bcfd9a05e30a78a",""
"https://www.searchsarkarinaukri.com/jobs/union-bank-of-india-cloud-administrator-recruitment-2026--4412","job-listing","194","8eb0eef90db2569c89c7ab6bbce2c659b72bbd79bf66c5e4abf446a91ba1f3bc",""
"https://www.searchsarkarinaukri.com/jobs/union-bank-of-india-cyber-security-forensic-analyst-recruitment-2026--4413","job-listing","198","3056028b4fb8727b0863c45d50188647d6c2f4cfcf7bc0989748106375441bc9",""
"https://www.searchsarkarinaukri.com/jobs/union-bank-of-india-cyber-security-forensic-analyst-recruitment-2026--4414","job-listing","228","a56c605f523d8b8e080aeaa962bbbf7ee651bfdd317f47a5572bf41ea445bb65",""
"https://www.searchsarkarinaukri.com/jobs/union-bank-of-india-cyber-security-professional-recruitment-2026-apply-online-for-12-posts--3442","job-listing","308","ce65dfef571bf847afc55ff1d0f23ddc3429ed56121c898856d0b4c9c5e81631",""
"https://www.searchsarkarinaukri.com/jobs/union-bank-of-india-dam-database-activity-monitoring-administrator-recruitment-2026-apply-online-for-2-posts--3504","job-listing","219","53191365484d6bece1f6a10ea020e3739ce0e469bace037c4ec27355d7bbef2e",""
"https://www.searchsarkarinaukri.com/jobs/union-bank-of-india-data-centre-specialist-recruitment-2026--4415","job-listing","196","e508505cf029143d7cf96b4ac94809e12ac2ad9b3f29560704f8f15d9cd17c8d",""
"https://www.searchsarkarinaukri.com/jobs/union-bank-of-india-data-centre-specialist-recruitment-2026--4416","job-listing","219","3bd72068826a008f23870ed0ceb8f5d12023495a53df9d5934b8f352f428dd15",""
"https://www.searchsarkarinaukri.com/jobs/union-bank-of-india-data-centre-specialist-recruitment-2026--4418","job-listing","199","f6130661eb28782906eda74a7013d3f1699d76efb8fa280def8844d6b3fe78e2",""
"https://www.searchsarkarinaukri.com/jobs/union-bank-of-india-data-centre-specialist-recruitment-2026--4417","job-listing","211","041f5164f57f203336f2c8de2762eaadc9387a55bdad242effe223717bd498ed",""
"https://www.searchsarkarinaukri.com/jobs/union-bank-of-india-data-centre-specialist-recruitment-2026-apply-online-for-10-posts--3441","job-listing","309","e42eac274fe8c2408d6adc4c6183633eb19ab80b0a2b8240ba49256f90a65bcb",""
"https://www.searchsarkarinaukri.com/jobs/union-bank-of-india-data-privacy-officer-recruitment-2026--4419","job-listing","214","8f351f47fab3bc4bd5aa061cb3200bd03181b1dd53819024047f1078a6e1adc2",""
"https://www.searchsarkarinaukri.com/jobs/union-bank-of-india-data-privacy-officer-recruitment-2026-apply-online-for-1-post--3453","job-listing","302","3ce0cfdc74ea193b6b7c7d18ca572001b5d9e2b19b980791c24a27d47b6b6c4f",""
"https://www.searchsarkarinaukri.com/jobs/union-bank-of-india-data-scientist-analyst-recruitment-2026-apply-online-for-1-post--3454","job-listing","299","0f7f248ffac27835372e625daef0abb43954ba9368eca36a01258efc5ac41a98",""
"https://www.searchsarkarinaukri.com/jobs/union-bank-of-india-database-administrator-recruitment-2026-apply-online-for-5-posts--3445","job-listing","300","57c024297772afb8a8d955f9965dd4b424f15f6f2b2cdf17fbbd356a94be0886",""
"https://www.searchsarkarinaukri.com/jobs/union-bank-of-india-ddos-administrator-recruitment-2026-apply-online-for-1-post--3505","job-listing","213","184ee47447824fc62ab206ae1b53b1cf4621200a92df42bcd83a8612a04bbf4c",""
"https://www.searchsarkarinaukri.com/jobs/union-bank-of-india-devops-engineer-recruitment-2026-apply-online-for-5-posts--3447","job-listing","298","3186e525f77faea891395a95644fe6a4f9e070c203ddc580656f1782ce09c615",""
"https://www.searchsarkarinaukri.com/jobs/union-bank-of-india-devsecops-recruitment-2026-apply-online-for-2-posts--3455","job-listing","315","f48c2c71b658f12bbf1445b0383ddff9c0b8a389ba8b2075063dc614b67f95fb",""
"https://www.searchsarkarinaukri.com/jobs/union-bank-of-india-digital-identity-biometrics-recruitment-2026-apply-online-for-3-posts--3456","job-listing","301","dc4d550bcc45a03ff2dda450da294db58ccbdd808c795845d6540907ea1af72d",""
"https://www.searchsarkarinaukri.com/jobs/union-bank-of-india-disaster-management-professional-recruitment-2026--4398","job-listing","201","8e7b25df5601cfbf6d73c318c7f6005830a8f389a7e82e60fdd3621b51c4b459",""
"https://www.searchsarkarinaukri.com/jobs/union-bank-of-india-disaster-management-professional-recruitment-2026--4399","job-listing","199","f77c847481b17e6c5627826253597fcd3f5cacd2f3aee49f1ba61921076c3a4b",""
"https://www.searchsarkarinaukri.com/jobs/union-bank-of-india-disaster-management-professional-recruitment-2026-apply-online-for-1-post--3435","job-listing","260","ff936f2612f58b2987b7e090d0ab3df0625303a9ed8fac3e92419943033c33c8",""
"https://www.searchsarkarinaukri.com/jobs/union-bank-of-india-email-administrator-recruitment-2026-apply-online-for-1-post--3506","job-listing","219","c16953dea12f66d948d5373d48ef472f023c43e794f3e7094855f0b6adc1eacb",""
"https://www.searchsarkarinaukri.com/jobs/union-bank-of-india-enterprise-architect-recruitment-2026-apply-online-for-3-posts--3457","job-listing","293","39eb2e9ee484337bf6275f22d2fbe558f63fdbad1fb2d927c5778fdfe31d28b6",""
"https://www.searchsarkarinaukri.com/jobs/union-bank-of-india-etl-developer-recruitment-2026-apply-online-for-3-posts--3458","job-listing","291","54bd6d089ade877c07d61cfa5a790aa5048eeb5394f81c39fcbbb631766b62ee",""
"https://www.searchsarkarinaukri.com/jobs/union-bank-of-india-figma-ui-developer-recruitment-2026-apply-online-for-2-posts--3508","job-listing","217","7d8bf7443f62d05e6e08048607e46adc35d3dcbb8993521cbbd2159dd2d1a8f6",""
"https://www.searchsarkarinaukri.com/jobs/union-bank-of-india-firewall-administrator-recruitment-2026-apply-online-for-2-posts--3507","job-listing","238","f9374f161cacc3605cd221ee99cf8120eb7c0788a64f514388bff51296389614",""
"https://www.searchsarkarinaukri.com/jobs/union-bank-of-india-flutter-ui-developer-recruitment-2026-apply-online-for-2-posts--3511","job-listing","272","81961d37682dcae424bf32cee23cbc437eeb76e46350efed5dc195cdcd83ebfb",""
"https://www.searchsarkarinaukri.com/jobs/union-bank-of-india-forex-officer-recruitment-2026--4407","job-listing","202","644d9ae48a33ef60deceb0c3e0ac7b202d7ec55a1e4583ea2d9c9249518ca559",""
"https://www.searchsarkarinaukri.com/jobs/union-bank-of-india-forex-officer-recruitment-2026--4408","job-listing","171","69050ee7a86029c52634d717783c41380b2d3f907ca4c78cc08a4dd068927b0b",""
"https://www.searchsarkarinaukri.com/jobs/union-bank-of-india-forex-officer-recruitment-2026-apply-online-for-25-posts--3439","job-listing","314","2ce27670ba7f20fc4e474957cac22c67e27b52201443c25178de40fa57bbc83c",""
"https://www.searchsarkarinaukri.com/jobs/union-bank-of-india-full-stack-developer-mern-recruitment-2026-apply-online-for-1-post--3509","job-listing","218","c9b489fef4f710fc6f480b677371096a51c8c49c766bbf124b77511573cbeda8",""
"https://www.searchsarkarinaukri.com/jobs/union-bank-of-india-gen-ai-ml-professional-recruitment-2026-apply-online-for-5-posts--3459","job-listing","314","3461ab398f8a59cdd66f81022480be6996f3ea7b7c89b5739bbf3e50bbaaeab6",""
"https://www.searchsarkarinaukri.com/jobs/union-bank-of-india-full-stack-developer-recruitment-2026-apply-online-for-1-post--3510","job-listing","217","a4b9bfa360e027ae891494a36f895c1b20646c4985691177806e7d266fb1810f",""
"https://www.searchsarkarinaukri.com/jobs/union-bank-of-india-general-banking-officer-recruitment-2026--4402","job-listing","180","bb58384064b92ab396f9226dc36800a939b42657efacea6decfe3d08be9e8e3d",""
"https://www.searchsarkarinaukri.com/jobs/union-bank-of-india-general-banking-officer-recruitment-2026--4403","job-listing","179","ae4b3c90b8eeecd8f431920b46ecd7273a6bbbcbacfc84bedae36d6d6028dae0",""
"https://www.searchsarkarinaukri.com/jobs/union-bank-of-india-innovation-r-d-recruitment-2026-apply-online-for-4-posts--3460","job-listing","287","14a2c050ae8f4e4cc9e81481762890562a0cc7790d3a94a975614c73c618ddbb",""
"https://www.searchsarkarinaukri.com/jobs/union-bank-of-india-general-banking-officer-recruitment-2026-apply-online-for-250-posts--3437","job-listing","272","dcceec93041e54688d7f3098639c0b10734a5e15ab281d611eac696cc26215f5",""
"https://www.searchsarkarinaukri.com/jobs/union-bank-of-india-iot-edge-computing-recruitment-2026-apply-online-for-2-posts--3461","job-listing","299","65c787f7e43806ab8afd913afb349afeee63f76cfde86d5798025e2e65c5be7d",""
"https://www.searchsarkarinaukri.com/jobs/union-bank-of-india-it-infrastructure-management-recruitment-2026-apply-online-for-2-posts--3479","job-listing","295","a175eaca604258a79e8d7f27f12f7bc90506667be8b3317edc2278275ef0bd1e",""
"https://www.searchsarkarinaukri.com/jobs/union-bank-of-india-linux-administrator-recruitment-2026-apply-online-for-4-posts--3448","job-listing","305","ce303a79f374c1493664306e19a252a4cb0304751ffbcacdc0b64ab162fe20da",""
"https://www.searchsarkarinaukri.com/jobs/union-bank-of-india-linux-unix-administrator-recruitment-2026-apply-online-for-1-post--3536","job-listing","250","5d3d2bb341c86798c1101ab02869034db26507bfba7aed0e35fc3c75a3d73958",""
"https://www.searchsarkarinaukri.com/jobs/union-bank-of-india-load-balancer-recruitment-2026-apply-online-for-2-posts--3512","job-listing","276","02bac8370930273e6bfb2a58932fd270dfab9a26cc14be8ed7486358e365d40e",""
"https://www.searchsarkarinaukri.com/jobs/union-bank-of-india-middleware-administrator-recruitment-2026-apply-online-for-4-posts--3446","job-listing","298","64fafcf41f5a7b72d16b0b008b18c1edacb55f241166ba49ddb85cf9c06a21fe",""
"https://www.searchsarkarinaukri.com/jobs/union-bank-of-india-mobile-app-developer-recruitment-2026-apply-online-for-2-posts--3480","job-listing","307","5fa0ce8089b6fd16089aa3fe97a4ab81977135277ab7934ce18e726d0eb75a3b",""
"https://www.searchsarkarinaukri.com/jobs/union-bank-of-india-mq-jboss-administrator-recruitment-2026-apply-online-for-2-posts--3481","job-listing","301","9b94a4c29bbcdb1f65c9c3c609aac4d6a7a1d25623f3b0372965bac93224c0ca",""
"https://www.searchsarkarinaukri.com/jobs/union-bank-of-india-nbad-network-behaviour-analytics-administrator-recruitment-2026-apply-online-for-1-post--3537","job-listing","253","c49f81961183da2b2513d78f7f5e5d72918a66318181f8d3be916cbd08465877",""
"https://www.searchsarkarinaukri.com/jobs/union-bank-of-india-open-banking-platform-recruitment-2026-apply-online-for-3-posts--3499","job-listing","237","ef6b09437aaf3c9eebdb868f75ef70e9f0317df440c0115a663f6baa5b387107",""
"https://www.searchsarkarinaukri.com/jobs/union-bank-of-india-network-administrator-recruitment-2026-apply-online-for-8-posts--3443","job-listing","306","88eb6c695a8519fb518683aeb97f94a20c7edf0624c014f6e770466855352fac",""
"https://www.searchsarkarinaukri.com/jobs/union-bank-of-india-open-source-developer-recruitment-2026-apply-online-for-2-posts--3482","job-listing","297","ea5513fbe5e73d02ce6338c557bb4ba00478fbde1d346847a7e3dfea4db77bd5",""
"https://www.searchsarkarinaukri.com/jobs/union-bank-of-india-oracle-database-administrator-recruitment-2026-apply-online-for-3-posts--3450","job-listing","306","f5cb409339ca636b23d0b0ed2617663022bb4f19b1f2323bf8b83446f67e6000",""
"https://www.searchsarkarinaukri.com/jobs/union-bank-of-india-pam-privileged-access-management-administrator-recruitment-2026-apply-online-for-2-posts--3538","job-listing","274","89703f6ffffd1414323aa4d37fb5782a67c06b2fe652bf3d2623f0739e1470d0",""
"https://www.searchsarkarinaukri.com/jobs/union-bank-of-india-oracle-dba-recruitment-2026-apply-online-for-2-posts--3483","job-listing","298","8f5d861e6ccd7f2c384862ddb95254dfbbc96ca444532ee2c5b3f7a6f2a5e183",""
"https://www.searchsarkarinaukri.com/jobs/union-bank-of-india-patch-administrator-recruitment-2026-apply-online-for-1-post--3539","job-listing","250","2f27d1c932d15ed925f9345bf8e005b56af65e7aeb364392b9e79747df79c01e",""
"https://www.searchsarkarinaukri.com/jobs/union-bank-of-india-personal-assistant-to-executives-recruitment-2026-apply-online-for-2-posts--3436","job-listing","272","b299d38b176b0f27e91357f21a4e4f84fe0e27fe20c710c74ccf15d835dae31c",""
"https://www.searchsarkarinaukri.com/jobs/union-bank-of-india-personal-assistants-to-executives-recruitment-2026--4401","job-listing","179","013eabbefeb70e8b4fb7978c95106c06c36e2c55ad530d8a093b571604b39a1b",""
"https://www.searchsarkarinaukri.com/jobs/union-bank-of-india-personal-assistants-to-executives-recruitment-2026--4400","job-listing","181","3f9572315ce352a38ec276fb88295eba89a2033376998130a3348dad916543f3",""
"https://www.searchsarkarinaukri.com/jobs/union-bank-of-india-platform-engineer-recruitment-2026-apply-online-for-2-posts--3484","job-listing","299","950e2444f5b11ef8013dad7df4f6494b4679844c32964e3dd9a3679760fab2ad",""
"https://www.searchsarkarinaukri.com/jobs/union-bank-of-india-production-support-engineer-recruitment-2026-apply-online-for-2-posts--3485","job-listing","285","5c254d68e23c340515410a0733111205f45a7a443a096d5e1a02a09b0cf45003",""
"https://www.searchsarkarinaukri.com/jobs/union-bank-of-india-project-management-professional-recruitment-2026--4392","job-listing","204","1ffc0e0a3ccb74bc1dadd657d904abf3f88c538241aed7a099bdfe928bc0b9e7",""
"https://www.searchsarkarinaukri.com/jobs/union-bank-of-india-project-management-professional-recruitment-2026--4391","job-listing","203","6fe5ed12842cd4bea0c8abc4edb259f2af5cf7c7cc3ce1151c74c68cde94430e",""
"https://www.searchsarkarinaukri.com/jobs/union-bank-of-india-project-management-professional-recruitment-2026--4394","job-listing","203","c4df0463d79581fc84e6b59428ac85265f5e6d21a747d459926d3d32a9f82525",""
"https://www.searchsarkarinaukri.com/jobs/union-bank-of-india-project-management-professional-recruitment-2026--4393","job-listing","199","679f0cd4ee1e82f4c79331efaea83c3014942f2807da0d95c2ae9419eb86753d",""
"https://www.searchsarkarinaukri.com/jobs/union-bank-of-india-project-management-professional-recruitment-2026-apply-online-for-1-post--3431","job-listing","250","9a9532c5d617420ada4ff9f0715b4d1298735f58c9e66e98126013f40c5f5d96",""
"https://www.searchsarkarinaukri.com/jobs/union-bank-of-india-quality-assurances-recruitment-2026-apply-online-for-4-posts--3500","job-listing","225","170e10ea80e5696c4028e4287e9b8f2a23745cd4a69161f80a9fbeca3a29fb14",""
"https://www.searchsarkarinaukri.com/jobs/union-bank-of-india-robotic-process-automation-rpa-professional-recruitment-2026-apply-online-for-3-posts--3501","job-listing","225","e63ee8bb662059ba3d41621d945b5feb9c88074c0ac0a211bf61914021d7cfb5",""
"https://www.searchsarkarinaukri.com/jobs/union-bank-of-india-sdlc-professional-recruitment-2026-apply-online-for-2-posts--3486","job-listing","293","267ab108258a9e0e40ca864da5d0f35c4c6313bad482871b03e90834cac5e652",""
"https://www.searchsarkarinaukri.com/jobs/union-bank-of-india-soc-analyst-recruitment-2026-apply-online-for-2-posts--3502","job-listing","221","c4e97a0a0e4a37f1f3560d02df74c175215c3b9bbb3c40b928c72932ffbbde7e",""
"https://www.searchsarkarinaukri.com/jobs/union-bank-of-india-software-developer-recruitment-2026-apply-online-for-5-posts--3487","job-listing","281","8de85b1e7bbe79f9fbf3ad083817db27e551397fb28032150392225681e47620",""
"https://www.searchsarkarinaukri.com/jobs/union-bank-of-india-solution-architect-recruitment-2026-apply-online-for-3-posts--3488","job-listing","280","18e1a6aa8df5856add8976dcf2261e1407ea798626e03403045cbfccb5efeca3",""
"https://www.searchsarkarinaukri.com/jobs/union-bank-of-india-storage-administrator-recruitment-2026-apply-online-for-2-posts--3489","job-listing","283","2b77813a40b8bb22329297f7fe04f8182251d94b6c6c47028b5f8284095895eb",""
"https://www.searchsarkarinaukri.com/jobs/union-bank-of-india-storage-administrator-recruitment-2026-apply-online-for-3-posts--3451","job-listing","303","f22f5004b997d3f102be2d96d38968b6a0b92d28ff667672da15158372766332",""
"https://www.searchsarkarinaukri.com/jobs/union-bank-of-india-union-bank-of-india-2026--3312","job-listing","232","135c53aec7e52d9a94e3e3a96f667bd2b9659d6c92a4c2d0c1c2bcab64c0045f",""
"https://www.searchsarkarinaukri.com/jobs/union-bank-of-india-ui-ux-designer-recruitment-2026-apply-online-for-2-posts--3494","job-listing","297","60a38d9ea2420bbabe6318c988ad3aeae0cf1f0a494e77a288ba2a7320cce6a4",""
"https://www.searchsarkarinaukri.com/jobs/union-bank-of-india-unix-administrator-recruitment-2026-apply-online-for-2-posts--3490","job-listing","287","dd4575ba3790c4fa35e1cd6c2739a6c181c81745a55c012644ac4a441f2ffe56",""
"https://www.searchsarkarinaukri.com/jobs/union-bank-of-india-ux-researcher-recruitment-2026-apply-online-for-2-posts--3495","job-listing","273","0261f4abb715f8ab5636b1ac7f3a8b3cbb59f6818a14b6feaf4906d7900f2717",""
"https://www.searchsarkarinaukri.com/jobs/union-bank-of-india-vendor-management-non-it-recruitment-2026--4405","job-listing","178","7e938e912c4e22974acf42daae89b197f05b4951041f4b6a324220028bb851f7",""
"https://www.searchsarkarinaukri.com/jobs/union-bank-of-india-vendor-management-non-it-recruitment-2026--4404","job-listing","178","13441d58a6284ac9e97ef8b0632e82253d18baa46195dbf5c7f3193155dc2e08",""
"https://www.searchsarkarinaukri.com/jobs/union-bank-of-india-vendor-management-non-it-recruitment-2026--4406","job-listing","179","76d85b741a271a6a8002647dfdbde8c2d83d05621d39da91f18703ab507b4419",""
"https://www.searchsarkarinaukri.com/jobs/union-bank-of-india-vendor-management-professional-non-it-recruitment-2026-apply-online-for-2-posts--3438","job-listing","261","813487f75095ca49949cf1bada7b17c50e2b5d3b25fb1d28abcf65152b38a1f8",""
"https://www.searchsarkarinaukri.com/jobs/union-bank-of-india-voice-administrator-recruitment-2026-apply-online-for-2-posts--3496","job-listing","291","4f056768932e6153b06669410305f893bfc3489f1c669a53f9a775306c427532",""
"https://www.searchsarkarinaukri.com/jobs/union-bank-of-india-virtualization-specialist-recruitment-2026-apply-online-for-2-posts--3491","job-listing","286","80d14e154c7238cb7c8b27faa5e50fd3b11e3483759e89084e88ee2709173235",""
"https://www.searchsarkarinaukri.com/jobs/union-bank-of-india-vulnerability-assessment-penetration-testing-vapt-recruitment-2026-apply-online-for-2-posts--3492","job-listing","298","d6aae77d2f1fa42dc8996e9515a6192f009b208eb0a751faabeb45c0d4c4560d",""
"https://www.searchsarkarinaukri.com/jobs/union-bank-of-india-waf-administrator-recruitment-2026-apply-online-for-1-post--3540","job-listing","249","5f501ed337fe14360fbf62e63a9dc4dfc5c5eb6647e73a3b38a92628c7ece10d",""
"https://www.searchsarkarinaukri.com/jobs/union-bank-of-india-windows-administrator-recruitment-2026-apply-online-for-4-posts--3449","job-listing","302","b83e0465ad236a19dda6aec26c2357aceabdf506d174ca4585d283317b907e34",""
"https://www.searchsarkarinaukri.com/jobs/union-bank-of-india-windows-administrator-recruitment-2026-apply-online-for-2-posts--3493","job-listing","283","1a8764e3fecaf0f7d11ee639c40035b8fe107484bf2819f56f227306f21dead6",""
"https://www.searchsarkarinaukri.com/jobs/union-bank-of-india-web-developer-recruitment-2026-apply-online-for-2-posts--3497","job-listing","293","487d5756fdd82475ae0988658c0164cd09f60a2cd86150527a3fc41cbfd8268f",""
"https://www.searchsarkarinaukri.com/jobs/union-bank-of-india-z-os-administrator-recruitment-2026-apply-online-for-2-posts--3498","job-listing","295","876d3301e3e8951869554f23acd8aee238e0e16eb9296af80394d262e25a6e26",""
"https://www.searchsarkarinaukri.com/jobs/union-public-service-commission-central-armed-police-forces-acs-examination-2026--1431","job-listing","138","8ae710cb340b30be3bc2dcab50a939cc6b92a2231670af792cd222eab24b9422",""
"https://www.searchsarkarinaukri.com/jobs/union-public-service-commission-central-armed-police-forces-acs-examination-2026--1443","job-listing","138","8ae710cb340b30be3bc2dcab50a939cc6b92a2231670af792cd222eab24b9422",""
"https://www.searchsarkarinaukri.com/jobs/union-public-service-commission-cisf-acexe-ldce-2026-2026--1437","job-listing","134","508290e42ca3a44f27d676e4df3c2a6022cccb7fb75b2998c90894515beae669",""
"https://www.searchsarkarinaukri.com/jobs/union-public-service-commission-civil-services-examination-2025-2026--1430","job-listing","132","f0b4715284b2996462af77cbcc44c8060c5850352747bb172faffd016f792ded",""
"https://www.searchsarkarinaukri.com/jobs/union-public-service-commission-civil-services-main-examination-2025-2026--1440","job-listing","134","676e8d9f82937071e812ff41a6600cef6555eb7b73f40c49eeda6609bd7eb705",""
"https://www.searchsarkarinaukri.com/jobs/union-public-service-commission-civil-services-preliminary-examination-2025-2026--1445","job-listing","134","1c0effdd9ed00e825ecf2a4ef9da4e2666c6c05e4e32f1f8cc1909fe820e80ce",""
"https://www.searchsarkarinaukri.com/jobs/union-public-service-commission-civil-services-preliminary-examination-2026-2026--1434","job-listing","134","1c0effdd9ed00e825ecf2a4ef9da4e2666c6c05e4e32f1f8cc1909fe820e80ce",""
"https://www.searchsarkarinaukri.com/jobs/union-public-service-commission-combined-defence-services-examination-i-2026-2026--1435","job-listing","136","8ab1bfac647036b42736e1f341f94b8e0c7397c3d4bc7e9d0ce9c1745b81af43",""
"https://www.searchsarkarinaukri.com/jobs/union-public-service-commission-combined-defence-services-examination-ii-2025-2026--1442","job-listing","136","29c572a0ef48d70d7a57b564e06aa2c90379d237237eab6753f7c7a18d1bb570",""
"https://www.searchsarkarinaukri.com/jobs/union-public-service-commission-combined-defence-services-examination-ii-2026-2026--1483","job-listing","136","29c572a0ef48d70d7a57b564e06aa2c90379d237237eab6753f7c7a18d1bb570",""
"https://www.searchsarkarinaukri.com/jobs/union-public-service-commission-combined-geo-scientist-main-examination-2026-2026--1400","job-listing","136","515e82d3dfd92478ce4aec43db0508cb82f843a0a8c015f40f48dde275031649",""
"https://www.searchsarkarinaukri.com/jobs/union-public-service-commission-combined-geo-scientist-preliminary-examination-2026-2026--1402","job-listing","136","36159ad13c55782ccf6ac39891a16d8e673ede24aabe014c6bee0dd77005f480",""
"https://www.searchsarkarinaukri.com/jobs/union-public-service-commission-combined-medical-services-examination-2026-2026--1429","job-listing","134","e39afb56d70e221ed24e7646cef5997b1f33632da764ad089fb5b7819836cdb8",""
"https://www.searchsarkarinaukri.com/jobs/union-public-service-commission-combined-section-officers-grade-b-ldce-2025-2026--1401","job-listing","160","d07045dd423bf37aa5067d795083a0a3091e330dd77ba8dd3825c12aac5d6c59",""
"https://www.searchsarkarinaukri.com/jobs/union-public-service-commission-engineering-services-main-examination-2026-2026--1428","job-listing","154","f6db82d1063feba76406a90ad43a3f827070851a4a7bc92d1c773a97332d87a0",""
"https://www.searchsarkarinaukri.com/jobs/union-public-service-commission-engineering-services-preliminary-examination-2026-2026--1438","job-listing","154","8653b3d5a9e8a02047193ac763ca2b6be29cbca10d19dc28bf392b17d9d8d6c7",""
"https://www.searchsarkarinaukri.com/jobs/union-public-service-commission-indian-economic-service-indian-statistical-2026--1432","job-listing","140","de6c639531904289052ec592eaa6c8be80b6ec682cfe97840485e2ce290e471e",""
"https://www.searchsarkarinaukri.com/jobs/union-public-service-commission-indian-forest-service-examination-2025-2026--1427","job-listing","134","5a757a462186dda0fd7a3a98aacdffb2dda8d28928f9a55f94fe67a72e9d9f99",""
"https://www.searchsarkarinaukri.com/jobs/union-public-service-commission-indian-forest-service-main-examination-2025-2026--1439","job-listing","136","3305c49ea274a57489dad9194defc90fc680b159aacd16ca95522f0752c9feb7",""
"https://www.searchsarkarinaukri.com/jobs/union-public-service-commission-indian-forest-service-preliminary-examination-2025-2026--1444","job-listing","146","7d037aec1d25c3f16e89f2e1faa3eb44eb25894dd5694f2f1e63be08b6c303ba",""
"https://www.searchsarkarinaukri.com/jobs/union-public-service-commission-indian-forest-service-preliminary-examination-2026-2026--1433","job-listing","146","7d037aec1d25c3f16e89f2e1faa3eb44eb25894dd5694f2f1e63be08b6c303ba",""
"https://www.searchsarkarinaukri.com/jobs/union-public-service-commission-national-defence-academy-and-naval-academy-2026--1436","job-listing","142","7f5a77a7800e245651be10adbb2c758f9f41f77dc524d962328b1131ff5ea16d",""
"https://www.searchsarkarinaukri.com/jobs/union-public-service-commission-national-defence-academy-and-naval-academy-2026--1441","job-listing","142","1a484a4ebf3406bfb997c18ba25a28236bfb28fe26b540750fb1deda73ec5b14",""
"https://www.searchsarkarinaukri.com/jobs/union-public-service-commission-national-defence-academy-and-naval-academy-2026--1484","job-listing","142","1a484a4ebf3406bfb997c18ba25a28236bfb28fe26b540750fb1deda73ec5b14",""
"https://www.searchsarkarinaukri.com/jobs/union-public-service-commission-union-public-service-commission-2026--1876","job-listing","227","79e6e2145e5cfbe1e3b04c7eaf6416c7c3f1c9b9d0ab19fa9d8284ae99a35535",""
"https://www.searchsarkarinaukri.com/jobs/union-public-service-commission-union-public-service-commission-2026--1954","job-listing","227","6dfa845feddee487d8dc3d094734b25f0eae2bb307b6584fce5ba3ce87fe19c3",""
"https://www.searchsarkarinaukri.com/jobs/union-public-service-commission-union-public-service-commission-2026--2456","job-listing","227","ddd0ec5312cc6b922a6b441c7eb5e16de5396168bb6504c95b62b31651c2bf96",""
"https://www.searchsarkarinaukri.com/jobs/union-public-service-commission-union-public-service-commission-2026--2624","job-listing","227","23c5315a891e15e696e1c75b36128d38e872e90340abc49e72a5520fbc604de3",""
"https://www.searchsarkarinaukri.com/jobs/union-public-service-commission-union-public-service-commission-2026--2666","job-listing","227","d28c11430f25f65feff25325cded17ecaa4165b43c06f61e9e9df1cb74c51b06",""
"https://www.searchsarkarinaukri.com/jobs/union-public-service-commission-union-public-service-commission-2026--3034","job-listing","227","42ae4ad1521c417f6d9fec1b8dd4a1b87feac28fd92709e3885a0225e611c580",""
"https://www.searchsarkarinaukri.com/jobs/union-public-service-commission-union-public-service-commission-2026--3351","job-listing","227","4bcde06af2a38b55410f5d187c5dd2605e7f145ec326f97cb4efe23824625a2d",""
"https://www.searchsarkarinaukri.com/jobs/university-of-mumbai-university-of-mumbai-2026-recruitment-drive-2026--2454","job-listing","192","bf37540d97feb4a5c2d536394c623f609e27eda84c4ab01dade8f7f22cf0376a",""
"https://www.searchsarkarinaukri.com/jobs/up-anganwadi-worker-recruitment-2026-apply-for-119-posts--3174","job-listing","234","582c4607296c6a1f14afd8830a9c6b7b6c21a17cc19207f9e6b196ed7eb66dc7",""
"https://www.searchsarkarinaukri.com/jobs/university-of-mumbai-university-of-mumbai-2026-recruitment-drive-2026--3396","job-listing","207","4861d9db5f042b8216529a9d4ee988999dcd34408f96092a04522b0b8cbf9ebe",""
"https://www.searchsarkarinaukri.com/jobs/upsc-aeronautical-officer-recruitment-2026-11-posts--2827","job-listing","245","2a67d456f41ca551c6fa867218afea8d36f5781ad4cff30b6f4ff8120cfaba6a",""
"https://www.searchsarkarinaukri.com/jobs/upessc-principal-recruitment-2026-apply-online-for-111-posts--3545","job-listing","374","e3330055fb8e7a2d3916d9f2d1da4a04bca644bc1b225f7ef1f14030e41175f9",""
"https://www.searchsarkarinaukri.com/jobs/upsc-agricultural-engineer-recruitment-2026-apply-online-for-1-post--3550","job-listing","305","38fbff8b7d5717e7af5ef6c6cf3e90e6f0f354e5e3ab134baa0b676160bbc588",""
"https://www.searchsarkarinaukri.com/jobs/upsc-assistant-director-engineering-recruitment-2026-apply-online-for-1-post--4308","job-listing","249","045207fca45dafb3d3418b222d78b282c79d2d446b6cde45426585cdacfe1a19",""
"https://www.searchsarkarinaukri.com/jobs/upsc-assistant-engineer-civil-recruitment-2026-11-posts--2828","job-listing","250","5638c936d79ab9465ffa694498176c51ab1a4df41ae3c91387caa762674ff8f1",""
"https://www.searchsarkarinaukri.com/jobs/upsc-assistant-executive-engineer-civil-recruitment-2026-apply-online-for-1-post--4306","job-listing","257","4d26cea365802d91c3c3409924dbf5cd46cb61774d0dae6dc6d88540bb09ab05",""
"https://www.searchsarkarinaukri.com/jobs/upsc-assistant-executive-engineer-electronics-recruitment-2026-apply-online-for-9-posts--4307","job-listing","248","bb2b417ad863a13476c7150b1a882046fc32c1db44678a421f07d82beb8cd25e",""
"https://www.searchsarkarinaukri.com/jobs/upsc-assistant-industrial-adviser-recruitment-2026-apply-online-for-2-posts--3560","job-listing","295","cb8a6e2a07455644639d12eb825be867d7a3c70328a6cdfbac20fb809d048a5c",""
"https://www.searchsarkarinaukri.com/jobs/upsc-cds-upsc-cds-2026--1717","job-listing","218","87416f72479dbd76310ddeb25dde02c224b98ca40ebacab3f8698bda557447a0",""
"https://www.searchsarkarinaukri.com/jobs/upsc-cds-upsc-cds-2026--1827","job-listing","218","35589369b2d9fc41719939403c8614969d60af372073ce966088d6f60068bc3a",""
"https://www.searchsarkarinaukri.com/jobs/upsc-civilian-medical-officer-recruitment-2026-apply-online-for-18-posts--3557","job-listing","306","141dfafb253b68d42d3eb46ca97a27dfecbbd7269f95ce6267a38a152c1c670c",""
"https://www.searchsarkarinaukri.com/jobs/upsc-company-prosecutor-recruitment-2026-18-posts--2825","job-listing","274","40b56b181c497f1f376ab58c63459f7d8b5c58184945e277c2444cb25078f2a3",""
"https://www.searchsarkarinaukri.com/jobs/upsc-drug-inspector-recruitment-2026-186-postsv--2824","job-listing","280","4f451a19d07d22ad7532c71e3c9d8dc9c9f294954ae7218170a64db198fef5f7",""
"https://www.searchsarkarinaukri.com/jobs/upsc-horticulture-development-officer-recruitment-2026-apply-online-for-4-posts--4311","job-listing","272","0724f87785a8045051e7abea95ecbedb8a18dea3c8c02d9ac04f2280443f6434",""
"https://www.searchsarkarinaukri.com/jobs/upsc-epfo-upsc-epfo-2026--4783","job-listing","203","e1266b399792f94f22f2cbc06644a112c119922dda6ca26ae19a8c4de869143d",""
"https://www.searchsarkarinaukri.com/jobs/upsc-legal-officer-recruitment-2026-12-posts--2826","job-listing","245","3a55cff7db7c98dc9bde616c93875ca5110b2f5dc30d8fab549574058448ed72",""
"https://www.searchsarkarinaukri.com/jobs/upsc-medical-officer-research-officer-siddha-recruitment-2026-01-post--2738","job-listing","262","f9baab6ba5071de319bf51236a2782220637e0fbe3ae3939afb4d47cd4a86210",""
"https://www.searchsarkarinaukri.com/jobs/upsc-medical-officer-research-officer-unani-recruitment-2026-apply-online-for-4-posts--3551","job-listing","287","9963155861e6c0926eba9d08c7d805c0e9cedf8a5da573652ad696a9b22858e3",""
"https://www.searchsarkarinaukri.com/jobs/upsc-nda-upsc-nda-2026--1718","job-listing","218","63a59efb468f50f29d05de905f6feaa236b9f0d77918d715dd2d8f67f15e4118",""
"https://www.searchsarkarinaukri.com/jobs/upsc-nda-upsc-nda-2026--1828","job-listing","218","5dda006d3235bb7996a0960e514e2c764f17c3bb5effb81560c07f3219a75720",""
"https://www.searchsarkarinaukri.com/jobs/upsc-principal-recruitment-2026-apply-online-for-124-principal-posts--3698","job-listing","393","6d7f217226f87d1692e1e284a175355a30d7f9ea403cd439c2943fd35476ef30",""
"https://www.searchsarkarinaukri.com/jobs/upsc-recruitment-2026-joint-director-crops-development-directorate-06-posts--2737","job-listing","271","ba285e3d2f6f68972a2ffe32ec03325c6d6ea8d3520a2b1b75caccafd98c5d38",""
"https://www.searchsarkarinaukri.com/jobs/upsc-scientist-b-botany-recruitment-2026-apply-online--3552","job-listing","276","7ce57a168caa7c25346a3a698f168d60271a1fb6cac75c490a1d1df21dd5edf6",""
"https://www.searchsarkarinaukri.com/jobs/upsc-research-officer-recruitment-2026-apply-online-for-11-posts--4310","job-listing","277","df19b831bd8ad7bb9a023c04bc54bb42d03549f931b6e8bdbd4badc5388aa08f",""
"https://www.searchsarkarinaukri.com/jobs/upsc-scientist-b-environmental-science-recruitment-2026-apply-online--3553","job-listing","293","442dfcfcdfcb52c12aad1a9a721762fc1600018164d21b059860ceaec2a69ab3",""
"https://www.searchsarkarinaukri.com/jobs/upsc-scientist-b-geology-recruitment-2026-apply-online--3554","job-listing","292","6843f20e98c631b8b0e4de0f61e8de9c3ec17ca6479fa3196c15f0abc5380aee",""
"https://www.searchsarkarinaukri.com/jobs/upsc-scientist-b-physics-recruitment-2026-apply-online--3555","job-listing","282","90c8cffc86f5aab74ed3157f2c34a0e67536d5c6a876b67359ccb81df41f0567",""
"https://www.searchsarkarinaukri.com/jobs/upsc-scientist-b-zoology-recruitment-2026-apply-online--3556","job-listing","278","7bbb45dfeba8c657399ac1039ab4b19e97d677402e145f671a27662cb197de61",""
"https://www.searchsarkarinaukri.com/jobs/upsc-soil-conservation-assistant-recruitment-2026-apply-online-for-7-posts--4312","job-listing","278","3a3e362db2468f415d588155588bf2c3939bade24b8292e73f57af9991f63864",""
"https://www.searchsarkarinaukri.com/jobs/upsc-specialist-grade-iii-assistant-professor-immuno-haematology-blood-transfusion-recruitment-2026-apply-online-for-5-posts--3558","job-listing","340","c167c7454c50b5b58f52f10c33f7f289b2120eb222f12abad330de1dfb5e0fa0",""
"https://www.searchsarkarinaukri.com/jobs/upsc-specialist-grade-iii-assistant-professor-surgical-oncology-recruitment-2026-apply-online--3559","job-listing","311","0f4d94fdc590bce08ac7ab5ca28d8c1f22d417831d0f5c22a7134c02be27225a",""
"https://www.searchsarkarinaukri.com/jobs/upsc-superintendent-translation-hindi-branch-recruitment-2026-apply-online-for-1-post--4309","job-listing","260","f312e6ea3587a3106438003f13d079c3f7f33cd0191f89b5fd209b2b726ab84c",""
"https://www.searchsarkarinaukri.com/jobs/upsc-veterinary-assistant-surgeon-recruitment-2026-apply-online-for-4-posts--3561","job-listing","298","7760420255f1bc6e96c1839ef82d7d4ba185f952aa39523fee1973513b8b0dda",""
"https://www.searchsarkarinaukri.com/jobs/upsc-vice-principal-recruitment-2026-apply-online-for-704-vice-principal-posts--3699","job-listing","423","3a2580c521e140b6066121c0642edf6152881a39b8ed4d001d1e1e39b93e34b7",""
"https://www.searchsarkarinaukri.com/jobs/upsssc-laboratory-assistant-prayogshala-sahayak-recruitment-2026-apply-online-for-61-posts--3544","job-listing","239","edfc5e70f4b524fa358108f510e5bdd6d8e0d8d638eb1df1c3023bbafd5f2477",""
"https://www.searchsarkarinaukri.com/jobs/upsssc-scientific-assistant-biology-recruitment-2026-apply-online--3543","job-listing","242","f6dceab41e6b2ddf8fcb8da2113d4ea0c899dcfa71ef24ae2293110c8338f290",""
"https://www.searchsarkarinaukri.com/jobs/upsssc-scientific-assistant-chemistry-recruitment-2026-apply-online--3542","job-listing","246","03ffa05ce7bfcf25a51d6db8dcd35ead7271013fd613a4672802224f78505ba3",""
"https://www.searchsarkarinaukri.com/jobs/upsssc-scientific-assistant-physics-recruitment-2026-apply-online--3541","job-listing","252","d57e7f6d26907e2b4cf188e1cb2be1ab2f2c3afe0b831bdff5f06d785b08f489",""
"https://www.searchsarkarinaukri.com/jobs/van-vibhag-nagpur-forest-department-mahaforest-nagpur-van-vibhag-nagpur-forest-department-mahaforest--2976","job-listing","211","8f2e7f6fb1807b5444b8f212831ebb76a738fc0766a61d18b06b86554d2a1db2",""
"https://www.searchsarkarinaukri.com/jobs/van-vibhag-nagpur-van-vibhag-nagpur-2026--2887","job-listing","244","100cd1fc7402edf14d0389d2c6c86edda1c3d55632a90c660013460998d89fca",""
"https://www.searchsarkarinaukri.com/jobs/vasai-virar-mahanagarpalika-vasai-virar-mahanagarpalika-2026--1958","job-listing","220","59d54907c0927c375757d2c83c02ab2a2d28c51d58783432b573a179475f3925",""
"https://www.searchsarkarinaukri.com/jobs/vasai-virar-city-municipal-corporation-vvcmc-vasai-virar-city-municipal-corporation-vvcmc-2026--2018","job-listing","218","e6843f1788a3a362fdef764f3549a711829e69c8688ee8a07d6eff3ad2e1bad3",""
"https://www.searchsarkarinaukri.com/jobs/vasantrao-naik-college-raigad-vasantrao-naik-college-raigad-2026--3844","job-listing","239","238b3bbd3dd0c12e465becf572372fffb7ecd99e0232acc0610d991ced5fc088",""
"https://www.searchsarkarinaukri.com/jobs/vasantrao-naik-college-yavatmal-vasantrao-naik-college-yavatmal-2026--4204","job-listing","248","de9c9630b7c5a762ee6eab40db6448753519729ef7a61e6870535b66c18dd92c",""
"https://www.searchsarkarinaukri.com/jobs/vasantrao-naik-marathwada-agricultural-university-parbhani-vasantrao-naik-marathwada-agricultural-un--2979","job-listing","195","9f232471cb97b6dd7f3055c2e3cdcd01ffbde3f51fc05865f72755a7cecdd9b0",""
"https://www.searchsarkarinaukri.com/jobs/vasundhara-mahila-nagari-sahakari-bank-vasundhara-mahila-nagari-sahakari-bank-2026--2707","job-listing","233","fead9aeeb8f56c77f51707a81ee405449eba0bec0477ecfc5235b3c7e4bcda78",""
"https://www.searchsarkarinaukri.com/jobs/vidhi-nyay-vibhag-mumbai-vidhi-nyay-vibhag-mumbai-2026--2792","job-listing","235","080900c281ab579b813f878c2eaa88c003907026b09b7ac4f597fc03a7315a16",""
"https://www.searchsarkarinaukri.com/jobs/vidyanand-co-op-bank-ltd-solapur-vidyanand-co-op-bank-ltd-solapur-2026--2843","job-listing","251","e7c6a8affd5ca0a752d4fc68534066551b04007419193eea565d671c81ab89fc",""
"https://www.searchsarkarinaukri.com/jobs/vikas-sahakari-bank-vikas-sahakari-bank-2026--4137","job-listing","232","b932a77655fb4344ee5de0f32fbb5de82e0f3838e4796038aa645fecf3dc39e8",""
"https://www.searchsarkarinaukri.com/jobs/vilasrao-deshmukh-government-medical-college-and-hospital-latur-vilasrao-deshmukh-government-medical--4765","job-listing","191","fdb17a3ccdaf788de84212653e7fc693f76aaddbbcf1e0d2c0a15c5898b6cacc",""
"https://www.searchsarkarinaukri.com/jobs/vishwas-co-op-bank-ltd-vishwas-co-op-bank-ltd-2026--1849","job-listing","242","9ee02b3906a5bf7b806a30bb52b4937c229be8ceb05592342558a8b2e1d52096",""
"https://www.searchsarkarinaukri.com/jobs/vishwas-co-op-bank-ltd-vishwas-co-op-bank-ltd-2026--2714","job-listing","240","9e531018acb238feeaa655b43586566bd40f2f3837d170624cb54242fa82ecf8",""
"https://www.searchsarkarinaukri.com/jobs/vishweshwar-sahakari-bank-vishweshwar-sahakari-bank-2026--5006","job-listing","214","bce74419defb0771531ce9116d4c6bcbf687d4041ba07bedee080f0eb914ccdc",""
"https://www.searchsarkarinaukri.com/jobs/visvesvaraya-national-institute-of-technology-nagpur-visvesvaraya-national-institute-of-technology-n--2335","job-listing","240","71dbe6ac447920f054e9c521eedf0a75b7715ab54c04eab770f8b8d2df2d769c",""
"https://www.searchsarkarinaukri.com/jobs/visvesvaraya-national-institute-of-technology-nagpur-visvesvaraya-national-institute-of-technology-n--2776","job-listing","229","8a7a3477c517f057d76a85e85e08923eea9099d55c58da12514bf516a5fbb5de",""
"https://www.searchsarkarinaukri.com/jobs/visvesvaraya-national-institute-of-technology-nagpur-visvesvaraya-national-institute-of-technology-n--3071","job-listing","236","25e945ef449aa2eb68c6b39d3f03992b9b45af1c55296a34b841535f410c2786",""
"https://www.searchsarkarinaukri.com/jobs/vitthalrao-patil-mahavidyalaya-kolhapur-vitthalrao-patil-mahavidyalaya-kolhapur-2026--2126","job-listing","246","00fcbf4fa60ec66f9d36e6301f8f1394c92cb2d00f5367ce5f26e5b8bf4fdfeb",""
"https://www.searchsarkarinaukri.com/jobs/visvesvaraya-national-institute-of-technology-nagpur-vnit-nagpur-recruitment-2026-02-2026--1667","job-listing","233","59e36f6d66eeab7bb1637ce32dae23c449c0763d9f58ab8f7ad00554888f17aa",""
"https://www.searchsarkarinaukri.com/jobs/vivekanand-education-society-mumbai-vivekanand-education-society-mumbai-2026--5008","job-listing","219","340d0277317a48bd3df73682009136ac1368c1615cf72a20955ceea61df811ba",""
"https://www.searchsarkarinaukri.com/jobs/vmgmc-solapur-vmgmc-solapur-2026--4076","job-listing","233","0c57ff280760897e82fc83823e152dffac3532137ebe172794aec813855f5560",""
"https://www.searchsarkarinaukri.com/jobs/vnit-nagpur-junior-research-fellow-recruitment-2026--4764","job-listing","253","5bb28fbbe683ff5809884015a64351df1c82f081bc085ffc91ceab157d4e03b8",""
"https://www.searchsarkarinaukri.com/jobs/vmgmc-solapur-vmgmc-solapur-2026--4210","job-listing","234","b5b641ea2f81969195daf67290e7ec0b1befb851dbf2020616810bbc6cb3e3f2",""
"https://www.searchsarkarinaukri.com/jobs/vnit-nagpur-vnit-nagpur-2026--2168","job-listing","260","5c4cb4721befbaca13883f05480a4cb101d1a33e9e55867b855b4e1a3674ae87",""
"https://www.searchsarkarinaukri.com/jobs/vnit-nagpur-vnit-nagpur-2026--2239","job-listing","262","9dc0f8a29fe98bc8ddc0c6d6f229f9f5dd2d8444cd5a4c8d0d5034a36c8f2d6b",""
"https://www.searchsarkarinaukri.com/jobs/vnit-nagpur-vnit-nagpur-2026--3023","job-listing","260","698e62ceeb9d034d56392ae2bd8949b321b6b84159dc20a7b25cb69dcb3c76bc",""
"https://www.searchsarkarinaukri.com/jobs/vnit-nagpur-vnit-nagpur-2026--2791","job-listing","260","df2c5ba18dc101c1bf9cca4e05082cf19a9e59226593f4abb28ce64e9e361f29",""
"https://www.searchsarkarinaukri.com/jobs/vnit-nagpur-vnit-nagpur-2026--3898","job-listing","260","48d253e7a7c4ff6c68f3bd13a673dd8846b919fcf8e2c60aeae7b1b09e9ee8f4",""
"https://www.searchsarkarinaukri.com/jobs/vnit-nagpur-vnit-nagpur-2026--3463","job-listing","260","d7f18584bc06351b414a92441196ca1f21997618d03a5b0974aa9118599cd9ad",""
"https://www.searchsarkarinaukri.com/jobs/vpkbiet-pune-vpkbiet-pune-2026--3350","job-listing","230","8dd076d77c53130041cc4813f41d43192ac8b5928026453fe07e86618c168282",""
"https://www.searchsarkarinaukri.com/jobs/vnit-nagpur-vnit-nagpur-2026--4957","job-listing","225","1b5ce72fb0ff18a6f83102ed833636980f807bc249fa9e13ef97ee59279107f2",""
"https://www.searchsarkarinaukri.com/jobs/wai-urban-co-op-bank-wai-urban-co-op-bank-2026--2079","job-listing","234","1ad30654fd0fe4834767b81ce12c8ca5fb4e02f6c203b249de147d4a9a874579",""
"https://www.searchsarkarinaukri.com/jobs/vspm-academy-of-higher-education-nagpur-vspm-academy-of-higher-education-nagpur-2026--4138","job-listing","252","377adaea2c2f1abfd8ad8261a7aab6cdff0cdfe8f383c7ebe0f373fa9466146a",""
"https://www.searchsarkarinaukri.com/jobs/wardha-nagarik-sahakari-adhikosh-bank-wardha-nagarik-sahakari-adhikosh-bank-2026--3788","job-listing","245","f70fde1ad52b648d76a0e2ebb4cf5e56a658cc7c37af04d7603f0b928ea9d624",""
"https://www.searchsarkarinaukri.com/jobs/warna-university-kolhapur-warna-university-kolhapur-2026--2077","job-listing","245","2881ce8b2f24f0062b9f84d246f15d230f31f898eee475f0ef20d7dda9906e3d",""
"https://www.searchsarkarinaukri.com/jobs/wcd-daman-wcd-daman-2026--1994","job-listing","216","7898c12c863f46224b0bc356189776e03b1474932fd27505cf8e12d20f1c885b",""
"https://www.searchsarkarinaukri.com/jobs/water-and-conservation-department-water-and-conservation-department-2026--3169","job-listing","227","4653fcc029f4e90ca614c25b2d480cdaee966a3e28efcc6835ad430fd74ef764",""
"https://www.searchsarkarinaukri.com/jobs/wcd-delhi-wcd-delhi-2026--2376","job-listing","212","9dff07fd41e3e8a7e08375de94c5e218f44dcb12a42e3c6b59915acd006d821a",""
"https://www.searchsarkarinaukri.com/jobs/wcd-goa-wcd-goa-2026--2391","job-listing","230","d77e69aa1af3b11455409b02817819ea85e49cd3b7cde0a90b4824cabac37c96",""
"https://www.searchsarkarinaukri.com/jobs/wcl-assistant-foreman-electrical-recruitment-2026-apply-online-for-224-posts--3222","job-listing","215","e15075368c7138bdba778a3fc20c55b59e169b198922bdfe2d38c9d3a8246fb1",""
"https://www.searchsarkarinaukri.com/jobs/wcl-nagpur-wcl-nagpur-2026--1902","job-listing","238","72195cb81b47783f80898acd9cfbba3bea33cc8eb3605b5cc47fda3737a44179",""
"https://www.searchsarkarinaukri.com/jobs/wcl-nagpur-wcl-nagpur-2026--2603","job-listing","238","3ccd4b41b5cbf4dd34a0c94b1a3a9130928b024de84f2192810ac2476a449840",""
"https://www.searchsarkarinaukri.com/jobs/wcl-nagpur-wcl-nagpur-2026--3310","job-listing","238","e53aed34b7dc091424e68917fe5cc8c574a5733bcb9380e88fca7560c2e93b9f",""
"https://www.searchsarkarinaukri.com/jobs/wcl-nagpur-wcl-nagpur-2026--3270","job-listing","238","52d569847bc70dbd28359a43eb8cf395e6aee2847b25d9b225892bf58d830d26",""
"https://www.searchsarkarinaukri.com/jobs/western-coalfields-limited-western-coalfields-limited-2026-recruitment-drive-2026--1865","job-listing","185","add37a105645b26f0da4c5e19930032f5e81176bb74febcf540a625dac8affbd",""
"https://www.searchsarkarinaukri.com/jobs/wdra-wdra-2026--4012","job-listing","224","8de2563a4ada66805e93651c8afd39d989d38eb57f740c92da11caeb1a74c82d",""
"https://www.searchsarkarinaukri.com/jobs/wii-administrative-assistant-recruitment-2026-apply-online-for-2-posts--3223","job-listing","188","79129d157dde7577f0c23b3aa3f15955331c93a9bf11ea51bfc96c100c8b2068",""
"https://www.searchsarkarinaukri.com/jobs/western-coalfields-limited-western-coalfields-limited-recruitment-2026-2026--1784","job-listing","183","09476eb850aa796459e3b70b5804c3551459cc487733d404e0e16b81c3212052",""
"https://www.searchsarkarinaukri.com/jobs/wii-project-assistant-recruitment-2026-apply-online-for-6-posts--3224","job-listing","193","170df3f92aacf1b62b168bbda5653a437adb3087efae60d6fdd615e6759a55e7",""
"https://www.searchsarkarinaukri.com/jobs/wii-project-associate-i-recruitment-2026-apply-online-for-4-posts--3225","job-listing","186","6d6414b14f0dafaf5dadd0ca7ac21d5acce0c720a618fb2217e442798095d3c9",""
"https://www.searchsarkarinaukri.com/jobs/wii-project-associate-ii-recruitment-2026-apply-online-for-3-posts--3226","job-listing","177","f78350da9914ba42873f5b841db8a065325f2043c0b7c9c398f01c02fb9194b5",""
"https://www.searchsarkarinaukri.com/jobs/wii-scientific-administrative-assistant-field-worker-recruitment-2026-apply-online-for-3-posts--3228","job-listing","211","1e793c191bcf461f8aaa0294198903ee52a83066beb37d2b1dd1a23e7e44493b",""
"https://www.searchsarkarinaukri.com/jobs/wii-senior-project-associate-recruitment-2026-apply-online-for-1-post--3227","job-listing","179","e50755a91e26d74344088428c61dcc00a1289e631241fb5b34072c66edaba0d1",""
"https://www.searchsarkarinaukri.com/jobs/women-and-child-development-department-maharashtra-recruitment-notification-women-and-child-developm--4475","job-listing","229","72bad8d1f273adac3927b7d2147892d43f163c9a22bdbcc379e3b7788d26a84e",""
"https://www.searchsarkarinaukri.com/jobs/yantra-india-limited-company-secretary-2026--1572","job-listing","239","6c0aead68e02e1a253a7c7e22c27713cb6c05bf821853b23e3d0626be1175a60",""
"https://www.searchsarkarinaukri.com/jobs/yantra-india-limited-secretarial-assistant-2026--2324","job-listing","190","8da49033988d46733bad6fc22227c54393fc2e07fc606aa2b3fa8ee9ba3a89ef",""
"https://www.searchsarkarinaukri.com/jobs/yantra-india-limited-yantra-india-limited-2026--2232","job-listing","222","9c9b1bfc96a44195ba8e24d74310e59be54f813e502d718a452041a7f5e0deda",""
"https://www.searchsarkarinaukri.com/jobs/yashodeep-college-of-pharmacy-saralgaon-yashodeep-college-of-pharmacy-saralgaon-2026--3767","job-listing","232","eff9574eb88c0b62f0f3b48a2a828ced9e489816b407f18c25fa4754ed43cf38",""
"https://www.searchsarkarinaukri.com/jobs/yashwantrao-chavan-college-kolhapur-yashwantrao-chavan-college-kolhapur-2026--1836","job-listing","248","8df9e4d308071edf2d32670aeff1437dc0754a91659bcdaa05ff5bc97da502a5",""
"https://www.searchsarkarinaukri.com/jobs/yashwantrao-chavan-mahavidyalaya-sangli-yashwantrao-chavan-mahavidyalaya-sangli-2026--2272","job-listing","248","db98476ad7fb5eef7e0ab3a2acf60207d0c2839c45df5b9b34dfcd3817ae7e22",""
"https://www.searchsarkarinaukri.com/jobs/ycmou-ycmou-2026--3037","job-listing","215","d0e0a97f53e3551b715f0a010bc29b7ce6809af6712ff37e5b3e35fafcf36631",""
"https://www.searchsarkarinaukri.com/jobs/yuva-gramin-vikas-sanstha-kolhapur-yuva-gramin-vikas-sanstha-kolhapur-2026--1803","job-listing","252","a6fdbdbd58a1de9b8bcaeccc54bbd1d148503d544ed21068909fce80aeca5bc7",""
"https://www.searchsarkarinaukri.com/jobs/zars-kolhapur-zars-kolhapur-2026--2174","job-listing","234","180057353774bbe637f6ccf7e17bea93f752e09f56b09f5d76186cbcd16cf5a8",""
"https://www.searchsarkarinaukri.com/jobs/zars-kolhapur-zars-kolhapur-2026--4207","job-listing","234","9f7b3167c479eaa2c6235626b684193c68f739b10bcf57342a40aec84886c60d",""
"https://www.searchsarkarinaukri.com/jobs/zilha-parishad-kolhapur-job-opening-at-zilha-parishad-kolhapur-2026--1791","job-listing","210","c90c163470c24b5e2b8e9e3647bf102b6b8678249ee307cc3e7c12a90cbb9642",""
"https://www.searchsarkarinaukri.com/jobs/zilla-parishad-dhule-job-opening-at-zilla-parishad-dhule-2026--4933","job-listing","188","b4995d085c1e57029089c12ad762e9eda9583c5c3bdf0138eefb5e29d8287987",""
"https://www.searchsarkarinaukri.com/jobs/zilla-parishad-nashik-job-opening-at-zilla-parishad-nashik-2026--2431","job-listing","174","c748fd2adcb455a1114fcd9be4939cadaf7d892645bac9c7e078d69cb428eb77",""
"https://www.searchsarkarinaukri.com/jobs/zilla-parishad-solapur-recruitment-notification-zilla-parishad-solapur-hiring-2026--2967","job-listing","211","95a8e8cd73e2ff2286df694f0376ecb4258da38565d5c0e669a2c4f6f9a19d08",""
"https://www.searchsarkarinaukri.com/jobs/zilla-parishad-solapur-zilla-parishad-solapur-2026--2996","job-listing","234","f90c2f3456a4da6d67673393faad98081725da2126f40bbd48aeb7d7ce5748ed",""
"https://www.searchsarkarinaukri.com/jobs/zilla-parishad-wardha-zilla-parishad-wardha-2026-recruitment-drive-2026--2966","job-listing","197","c5600691826258eb0112859485a8ef7360e9081544e2d5948c238897b34d612d",""
"https://www.searchsarkarinaukri.com/jobs/zilla-parishad-yavatmal-zilla-parishad-yavatmal-invites-applications-for-2026--4767","job-listing","219","b783d3b265dd66d8e453d24909fa5f031888552768111d74322738713bb9e7fc",""
"https://www.searchsarkarinaukri.com/jobs/zilla-parishad-yavatmal-zilla-parishad-yavatmal-2026--4789","job-listing","241","a780e0687258cf899f65f52e9f4fa238f58537b2c9a7234a5f834bf965c9b088",""
"https://www.searchsarkarinaukri.com/jobs/zonal-agricultural-research-station-kolhapur-mpkv-job-opening-at-zonal-agricultural-research-2026--2211","job-listing","197","d41b3f1aad59631a67867db26ebf27af55af13a2b857771f54c00251844bebd0",""
"https://www.searchsarkarinaukri.com/jobs/zp-ahmednagar-zp-ahmednagar-2026--4431","job-listing","243","c298e716d1b46bb8ca676767a600d696feac1e454f83f0b11eac683fa7539730",""
"https://www.searchsarkarinaukri.com/jobs/zp-hingoli-zp-hingoli-2026--3123","job-listing","221","61f96f4d9d2d3ed0ccae7875ae29290f34dc3fb31db651db0e7158f3b2092d07",""
"https://www.searchsarkarinaukri.com/jobs/zp-nagpur-zp-nagpur-2026--4535","job-listing","237","90828ab2dd01caa11b8fb7ae3f5a891917d4948e29eb1f9e47097fbc46575201",""
"https://www.searchsarkarinaukri.com/news","news","1060","172ebc6be3ec90eee9993964b945359c6d9c2029e5eae3e61001d681fc267b7f",""
"https://www.searchsarkarinaukri.com/mbbs-medical-government-jobs","other","818","c02794ba297d6042d19681a5b53cc7f934e200faab6188b2f9936825bd7dd680",""
"https://www.searchsarkarinaukri.com/mbbs-medical-jobs-in-pune","other","216","08ebaeed87eb05f2b7511638a9830fef3943f822103b9d4ffbb8ecc08a3a7f14",""
"https://www.searchsarkarinaukri.com/news/291751","news","89","60c708bd02913f089eda25a3083fd036e76ef2fce4e9af82eb46cb4e0977050c",""
"https://www.searchsarkarinaukri.com/mbbs-medical-jobs-in-mumbai","other","321","5cb2fc05b60929238956c9ea09ed6df4b0e094eb9f27f8e0ee9720fd206bc34e",""
"https://www.searchsarkarinaukri.com/news/291752","news","91","fb6ce5aaf0defc900607e75d9db4b686ec1e254ad477df8067d906a830b01b0d",""
"https://www.searchsarkarinaukri.com/news/291753","news","91","55120dd8b84b8c409ea0d61ec13ab38a99572af5857769fa464dcebfdc771500",""
"https://www.searchsarkarinaukri.com/news/291755","news","93","77b84c2e6ee32947b93d65dc1380b3dc69b834359308548bd652e22e30cb2d0a",""
"https://www.searchsarkarinaukri.com/news/291754","news","95","47f85f01f416051a5b57b8327662658a3d5a0921e27c3f616a27411c08e82046",""
"https://www.searchsarkarinaukri.com/news/291756","news","93","71d4f7ba02e3c4fbce83f75f343dac615e4d0a59d69ef24d236d55b4dd88132a",""
"https://www.searchsarkarinaukri.com/news/291757","news","93","5b57267ef4b81e3d3f207b84e66b983f7134c1feaf41a71c62c5a178e351ce83",""
"https://www.searchsarkarinaukri.com/news/291758","news","95","8d6f823f2da549c82f55e710efb7cf79d392cd30ec10dc60958584f03d7bc792",""
"https://www.searchsarkarinaukri.com/news/291760","news","93","f791abfa3174aba096ae330572d4a71542e10e21cf0251f3a8a7b3a577bda1e5",""
"https://www.searchsarkarinaukri.com/news/291759","news","95","11fec59382bb6784c34224bddf9bc8eec3c0787e3687fe783883a44b7822b474",""
"https://www.searchsarkarinaukri.com/news/291762","news","93","d640a8b7c5819d03dd5a56f0c00d67d99566635b591940966909b60b7345411b",""
"https://www.searchsarkarinaukri.com/news/291761","news","93","95f87c7724e6d37d44bd9525b6cdf604f18ee89df610d0cf5ca25ce4bc1e7d8a",""
"https://www.searchsarkarinaukri.com/news/291925","news","95","c75694ae5a9502bf889e0c8486408e39eab1361c593159351085441e47602720",""
"https://www.searchsarkarinaukri.com/news/292897","news","87","6863682a138021da84afc42ae5e79aa8bbd0e96f4c94fe63a80a44acf8932f3a",""
"https://www.searchsarkarinaukri.com/news/295001","news","84","3ff4141b42a00d196b6cb198dfcd04db29434223b7f446d12a3c7408a8f28c52",""
"https://www.searchsarkarinaukri.com/news/294839","news","95","5f9b79632211fd148576c1ed72b9fdaebea399aeaeeeb5dcb2a12f00d5b2797b",""
"https://www.searchsarkarinaukri.com/news/295163","news","79","91450673819905eb9b32f935c9d56eac0ac82127a58d9d7c95fc463e3ed87e2f",""
"https://www.searchsarkarinaukri.com/news/295811","news","89","caa1a5f970f0b6c247e51e8d380512747bdb33de37b2ba0540d3fca81fec3773",""
"https://www.searchsarkarinaukri.com/news/295836","news","95","d0c603e58adbcd538e288985b23cc1f45c9886d43d7775c2058a8085ab6728f5",""
"https://www.searchsarkarinaukri.com/news/296135","news","105","b50a1d20372712a6429e44ef71de285832353c94edd704a8716defc9c85fb220",""
"https://www.searchsarkarinaukri.com/news/296136","news","79","37c27db5b0940b5eb2e0d18af51ec1af81c9af5927421147afd2a35f41ed6577",""
"https://www.searchsarkarinaukri.com/news/296160","news","95","d0c603e58adbcd538e288985b23cc1f45c9886d43d7775c2058a8085ab6728f5",""
"https://www.searchsarkarinaukri.com/news/298727","news","83","d7cebc1fd34487ca268cfa2db2f0ec718f455ebc730c773b6b4c624f6a023828",""
"https://www.searchsarkarinaukri.com/news/296161","news","109","46e3cf23051893ca94cc64b32c99b82f2946d902af88a2fb0c1a1609598c750d",""
"https://www.searchsarkarinaukri.com/news/298752","news","109","46e3cf23051893ca94cc64b32c99b82f2946d902af88a2fb0c1a1609598c750d",""
"https://www.searchsarkarinaukri.com/news/298889","news","84","3ff4141b42a00d196b6cb198dfcd04db29434223b7f446d12a3c7408a8f28c52",""
"https://www.searchsarkarinaukri.com/news/299562","news","89","de62b3cd8399abfd04594d7828d14f457a9bcdf89828469b9bc2063d6f969fef",""
"https://www.searchsarkarinaukri.com/news/301506","news","95","de3571d8049cb760c8f569a2f5c83a9a5358a3b6dbcb7b3daccef790e3e7b951",""
"https://www.searchsarkarinaukri.com/news/301829","news","95","b70b3bd9fe68942e2753493c7bd7d034bda0549b36a6ded1f8a67a44ec14f808",""
"https://www.searchsarkarinaukri.com/news/301830","news","91","576933424aabe37a772042f300ec31975ec7b870e83b1d923035e92fd61242f6",""
"https://www.searchsarkarinaukri.com/news/302128","news","99","a09ddc8bd3147a3427692f4c80e15a3672da724f8ff35ab96f416986d6f3f9ee",""
"https://www.searchsarkarinaukri.com/news/302129","news","99","ff2159b215217375a2d7cbc1d2b43f425c2f75dee9512799307fad7b95c9ec31",""
"https://www.searchsarkarinaukri.com/news/302290","news","86","f61736b1c219c0e5c91cf309d0589ec20faa5747f492964dffa916b3069d23c2",""
"https://www.searchsarkarinaukri.com/news/302452","news","79","37c27db5b0940b5eb2e0d18af51ec1af81c9af5927421147afd2a35f41ed6577",""
"https://www.searchsarkarinaukri.com/news/302453","news","93","9ae9d212590e6239204e90614fa6dad467bfedca7f8e00ef25894023505033f0",""
"https://www.searchsarkarinaukri.com/news/302801","news","87","b722f457264cb51649f2e8025de3acfb4e9cb88e1d52adc510924c419d5aafb9",""
"https://www.searchsarkarinaukri.com/news/303424","news","89","45731bae1874535b550df1d902a108a8ba7f91cc842e80486b9e80082dd6f6e9",""
"https://www.searchsarkarinaukri.com/news/303587","news","85","0ce5124aa558e9b96594a6ebee9217b6aa9cbe2447e7d0164fcaa2da9e18f54e",""
"https://www.searchsarkarinaukri.com/news/303588","news","85","38eb554a5eb671d4a3cfb6f2d5d4ec8953da2193583a1b71bebb7496823fa894",""
"https://www.searchsarkarinaukri.com/news/303935","news","105","6e5f9c1391f485cfe1635942bdcd9ddfb50fac549223334a3b97ba893fd416e5",""
"https://www.searchsarkarinaukri.com/news/303936","news","95","9361b7297e20086deb94c3e63f4a644bb6bb2bf696e333820e39113ca4524203",""
"https://www.searchsarkarinaukri.com/news/304421","news","89","16865b3ae3108996967ad8f7335d6ebcdbc6eab158b846e65cc03bfc9aa1f996",""
"https://www.searchsarkarinaukri.com/news/304422","news","89","111ba047a9fc6c4d3136de81fdfdbe2c82f945067162e2c470c4aef427dac39b",""
"https://www.searchsarkarinaukri.com/news/305854","news","88","eff66d71088b4da6a2ee428a8bca5e312bf74db9506f1ea6a2cfc017859a3c6b",""
"https://www.searchsarkarinaukri.com/news/306016","news","87","c3aaa32ad5e44815577eba9cbd473e2dbf7516355dcfeb3b9ec806ca3d92acb8",""
"https://www.searchsarkarinaukri.com/news/306017","news","83","ae3f1990af13fae81baee7200ba954ffe45d1e9157906184dc215f5d3f21bf59",""
"https://www.searchsarkarinaukri.com/news/306018","news","81","5821de5c46b6fc1b2121bf3167cc3552f63a7cb90cb86de6553a3e94d53b084b",""
"https://www.searchsarkarinaukri.com/news/306019","news","85","d3697075e22fbbf2bd78adf3e194e67af047b539a946e6fc4b70728ed1817a6f",""
"https://www.searchsarkarinaukri.com/news/306020","news","87","69a214691fdf214e9fa5beb8253c179fab58d4922c065ce9aeaa8c435f5a3746",""
"https://www.searchsarkarinaukri.com/news/306021","news","84","3ff4141b42a00d196b6cb198dfcd04db29434223b7f446d12a3c7408a8f28c52",""
"https://www.searchsarkarinaukri.com/post-graduate-government-jobs","other","862","61e356bda99ed23123dd65ee515d0f3da7aaafe8319155ae3323fbdc511537c7",""
"https://www.searchsarkarinaukri.com/nursing-government-jobs","other","141","d18241140f21b7260c9470f9c31e922e54a27bb2f21d2927d506d02f1a56ac49",""
"https://www.searchsarkarinaukri.com/post-graduate-jobs-in-bhubaneswar","other","129","3074e3ffd3aef9eb7c6c5e485df8dec505c7d7a888b0bddcf872265bf6b11d8a",""
"https://www.searchsarkarinaukri.com/post-graduate-jobs-in-bangalore","other","87","27a47ef6a94ab6a258af9a54572494105936cfa60c638b6a947d8c0ca6ba726a",""
"https://www.searchsarkarinaukri.com/post-graduate-jobs-in-bihar","other","320","d372a3fe33d81abdb16f837e9aa3a3cbe4495647ae7df90016c3e53ff81939ff",""
"https://www.searchsarkarinaukri.com/post-graduate-jobs-in-chandigarh","other","693","cf4a4e03aeb5556389d0b145b19d822f8874d890ddab59d7a2832320e914eeb2",""
"https://www.searchsarkarinaukri.com/post-graduate-jobs-in-chennai","other","127","7e66629decf83cc1854a8b2ff4c474a8060ef057086ae21aa73ffc66f43a8f9a",""
"https://www.searchsarkarinaukri.com/post-graduate-jobs-in-delhi","other","750","e17d83915a888e7f257f27fd46f291391a74a123f92c3f03e6ae084a4ce3a7b6",""
"https://www.searchsarkarinaukri.com/post-graduate-jobs-in-haryana","other","441","24c5cbaa16767083014ba98e782edad6de024b51d932a28808d1c66e646ecb09",""
"https://www.searchsarkarinaukri.com/post-graduate-jobs-in-kanpur","other","153","511c9c4c050639b0fab9a4b08c56e9755860adfb8e291ed66869fe38a389220a",""
"https://www.searchsarkarinaukri.com/post-graduate-jobs-in-kolkata","other","393","80997e91d4a5e0fd5c4532a471865432a830bd5f8a815c31de132275429effd8",""
"https://www.searchsarkarinaukri.com/post-graduate-jobs-in-kerala","other","150","9cc60f6967204bc3797f95929e18676576ee3fc2c6c6d56b52dd3dd555c7066a",""
"https://www.searchsarkarinaukri.com/post-graduate-jobs-in-lucknow","other","239","f524832036511bc1da796728c88101f89948ea10182042610d893fb3dfc94ebe",""
"https://www.searchsarkarinaukri.com/post-graduate-jobs-in-mumbai","other","841","544544d85c9949d229d798e9999f8263aec149f15ffe780aa793d18dc692fec3",""
"https://www.searchsarkarinaukri.com/post-graduate-jobs-in-nagpur","other","133","4b24c94da8d264bfc52e472dd69593293398a2af73e2ed52720d0e86a3cab2b7",""
"https://www.searchsarkarinaukri.com/post-graduate-jobs-in-nashik","other","482","8eeb8a317620bfbffc938d2b388a95df3c88674e77276e2f75b27f49c2f6e80b",""
"https://www.searchsarkarinaukri.com/post-graduate-jobs-in-odisha","other","477","2830d3ec911acf4eb741ffdf9f0ff455d5c25ae02d0c6b4725c83f94dfa711ad",""
"https://www.searchsarkarinaukri.com/post-graduate-jobs-in-patna","other","127","67fbbfa166c352051fe460bcfdaa588ab5ab37c08d5ed2de78861c72efa6536e",""
"https://www.searchsarkarinaukri.com/post-graduate-jobs-in-rajasthan","other","461","5bfb6c60546c3d9bedf4b8d0903464bbd14b52f936a098b33ab2e19a037f6650",""
"https://www.searchsarkarinaukri.com/post-graduate-jobs-in-pune","other","443","2add49b21d194db3bc707e0d4299e66e40c1d33b9c216a2b9ae4e2c36586e75f",""
"https://www.searchsarkarinaukri.com/post-graduate-jobs-in-punjab","other","441","6909df95cb54ef9403b540c5a269e3a63ea6425126fb69e7e286878748d18c80",""
"https://www.searchsarkarinaukri.com/post-graduate-jobs-in-uttar-pradesh","other","443","f9c2cbe79ffd7fc87efb2193b8bd17b3ed8fd7244c50d0e91963b57a8a868afa",""
"https://www.searchsarkarinaukri.com/privacy","other","665","067fe909e1f0cb74cd0b11e8450272cf575b86336972e7cfafecde58a3fb0837",""
"https://www.searchsarkarinaukri.com/quiz","feature-page","112","e5ba2b81c2721b49361d240cf7eda35c71149a6b7bd4fb169baa4752933ab88a",""
"https://www.searchsarkarinaukri.com/refund-policy","other","375","a86a3c6c4c6342f8588b592880517bc243c9ae38835fb14de7b57aaba1a4537e",""
"https://www.searchsarkarinaukri.com/results","results","648","d18e831863f3a778bb09724674ddc2f2ccde49304cb1d44118838d72562c1152",""
"https://www.searchsarkarinaukri.com/results/11","results","133","93bc1d847314dea5d441d2f6c735b17f6cc596b3c3e9379407b3cc95e74a62c5",""
"https://www.searchsarkarinaukri.com/results/10","results","134","a8758b95978f53d899b88a06df648e3951dbffec396835be89f92c5aa5b0f7ae",""
"https://www.searchsarkarinaukri.com/results/12","results","131","c38bdacee8706fe6a8962163ff4840f27222d64e764fc8385e4aa23d723ce661",""
"https://www.searchsarkarinaukri.com/results/13","results","132","40ce4589ad18cc73a9a639f79aa77e13c3e5827a1d0d12ba9b277cddc5a0dc71",""
"https://www.searchsarkarinaukri.com/results/14","results","134","8ec90d1866ceee6cdcb2fe5999281a3226b2c0084ec76dc8572a9eb7eb194b9c",""
"https://www.searchsarkarinaukri.com/results/16","results","131","e42eb064ed364810e19412c1d3e8115f890a7e50e7a07c47d6054aa4ad8b7d56",""
"https://www.searchsarkarinaukri.com/results/15","results","128","2e6c2b06e60f871f02d5977a27ad632b20c63662da0f58792d8851f55641e5a9",""
"https://www.searchsarkarinaukri.com/results/18","results","131","6fa9bf7a4e6dc273baa4a8838c28c0a56ebc4ae6016d9a5d89fc85ec311bbe72",""
"https://www.searchsarkarinaukri.com/results/21","results","131","07c3683062cf6cdec9b3a564b7118a27e90767c62466593e9729f0b0ad805b45",""
"https://www.searchsarkarinaukri.com/results/26","results","131","6fa9bf7a4e6dc273baa4a8838c28c0a56ebc4ae6016d9a5d89fc85ec311bbe72",""
"https://www.searchsarkarinaukri.com/results/23","results","131","acbb98e05fc0eacc52fce33e1428dccfbb15eaaaac8eacb2fce492b503e75c48",""
"https://www.searchsarkarinaukri.com/results/28","results","131","07c3683062cf6cdec9b3a564b7118a27e90767c62466593e9729f0b0ad805b45",""
"https://www.searchsarkarinaukri.com/results/30","results","131","db2ee1e6efb987c31816ead8b42e40ff18fabfa8713114e95943127f6c041327",""
"https://www.searchsarkarinaukri.com/results/34","results","131","311c2f7e94ae9e1be053813cf6afcd34b7d989882013ad9ef1a9e369b9c212c0",""
"https://www.searchsarkarinaukri.com/results/35","results","131","69ca08f294d2efa4bf88183f891ebd43963c404dcbf3875927b2a8ab65ea54e5",""
"https://www.searchsarkarinaukri.com/results/37","results","131","db2ee1e6efb987c31816ead8b42e40ff18fabfa8713114e95943127f6c041327",""
"https://www.searchsarkarinaukri.com/results/41","results","131","69ca08f294d2efa4bf88183f891ebd43963c404dcbf3875927b2a8ab65ea54e5",""
"https://www.searchsarkarinaukri.com/results/42","results","131","9da1b3ba21b7437b91c3e7683c94b7efb0ea3565532cdbc14753898b0af23f16",""
"https://www.searchsarkarinaukri.com/results/45","results","131","b428bcf4a4d9a76ca37ee0fa201fdd5f8d34ae273a1099539c80c97d5d23d2fe",""
"https://www.searchsarkarinaukri.com/results/44","results","131","311c2f7e94ae9e1be053813cf6afcd34b7d989882013ad9ef1a9e369b9c212c0",""
"https://www.searchsarkarinaukri.com/results/46","results","131","db2ee1e6efb987c31816ead8b42e40ff18fabfa8713114e95943127f6c041327",""
"https://www.searchsarkarinaukri.com/results/49","results","131","69ca08f294d2efa4bf88183f891ebd43963c404dcbf3875927b2a8ab65ea54e5",""
"https://www.searchsarkarinaukri.com/results/52","results","131","8373202aa30f24ed4b99fe64dd3147027d8cc350d9a2c4f3d98d64f94889dff1",""
"https://www.searchsarkarinaukri.com/results/51","results","131","b428bcf4a4d9a76ca37ee0fa201fdd5f8d34ae273a1099539c80c97d5d23d2fe",""
"https://www.searchsarkarinaukri.com/results/54","results","131","69ca08f294d2efa4bf88183f891ebd43963c404dcbf3875927b2a8ab65ea54e5",""
"https://www.searchsarkarinaukri.com/results/55","results","131","c9b0c606f18f92b83cb3a12d37e9f78f18200f2f6ba8bdb916edf33488e9521f",""
"https://www.searchsarkarinaukri.com/results/58","results","131","b428bcf4a4d9a76ca37ee0fa201fdd5f8d34ae273a1099539c80c97d5d23d2fe",""
"https://www.searchsarkarinaukri.com/results/60","results","131","8373202aa30f24ed4b99fe64dd3147027d8cc350d9a2c4f3d98d64f94889dff1",""
"https://www.searchsarkarinaukri.com/results/59","results","128","4d529be9040ea6ad677123a20cb3e6c26048637baa6384c8547270790b57cb23",""
"https://www.searchsarkarinaukri.com/results/62","results","131","69ca08f294d2efa4bf88183f891ebd43963c404dcbf3875927b2a8ab65ea54e5",""
"https://www.searchsarkarinaukri.com/results/63","results","131","2635b1d26e053f50e32ef3b242208b9a72beece57674a74b62c2224b0f798580",""
"https://www.searchsarkarinaukri.com/results/66","results","128","aca0faa04bd969fede29aefaed1f6fda32f86ecae4f367ece4428806bb482274",""
"https://www.searchsarkarinaukri.com/results/65","results","131","50f5225d8da14b5cf0ddf99af9210a371b50c2f6c91ac98ec0eb6147bef913f5",""
"https://www.searchsarkarinaukri.com/results/69","results","131","4f3dfb91f8122a50924446932063d81c7181c84078e07153e39baff3a1d6911c",""
"https://www.searchsarkarinaukri.com/results/67","results","131","7b12ea129d702b50bd4283c5fa024dd8726b12af3ebb0527d87cae161abf5487",""
"https://www.searchsarkarinaukri.com/results/70","results","131","2635b1d26e053f50e32ef3b242208b9a72beece57674a74b62c2224b0f798580",""
"https://www.searchsarkarinaukri.com/results/71","results","131","3285d3ae26fd7f49ea40fc3e1a1db1c4a67256f4b9ddbd2b6a967b0889921a1f",""
"https://www.searchsarkarinaukri.com/results/72","results","131","3ea195e73eb83fd32bd1259ba27608a3c4b7b96a671b8b9be4111f37b54518ca",""
"https://www.searchsarkarinaukri.com/results/74","results","131","2635b1d26e053f50e32ef3b242208b9a72beece57674a74b62c2224b0f798580",""
"https://www.searchsarkarinaukri.com/results/75","results","131","4f3dfb91f8122a50924446932063d81c7181c84078e07153e39baff3a1d6911c",""
"https://www.searchsarkarinaukri.com/results/77","results","128","aca0faa04bd969fede29aefaed1f6fda32f86ecae4f367ece4428806bb482274",""
"https://www.searchsarkarinaukri.com/results/78","results","131","3ea195e73eb83fd32bd1259ba27608a3c4b7b96a671b8b9be4111f37b54518ca",""
"https://www.searchsarkarinaukri.com/results/79","results","131","2635b1d26e053f50e32ef3b242208b9a72beece57674a74b62c2224b0f798580",""
"https://www.searchsarkarinaukri.com/results/80","results","131","4f3dfb91f8122a50924446932063d81c7181c84078e07153e39baff3a1d6911c",""
"https://www.searchsarkarinaukri.com/results/9","results","134","e3ff6747c008337e2f0e167385cf754a8232d064c8ca09cd8812567b630984fa",""
"https://www.searchsarkarinaukri.com/sitemap","other","183","be91e00e45bda0207b76442b7b533585d2e72107b5c0731c2fe1a6c9cf9ba13c",""
"https://www.searchsarkarinaukri.com/study-material","other","27","dca26463be58b00885cf91250410f36fd3fb47c33e5961bcac81f2801a1d7eb7",""
"https://www.searchsarkarinaukri.com/terms","static-policy","634","9d7535b68aba79235880a25bdba0e99f439b86df7ebc3b9c005a8ad2092e35d4",""
"https://www.searchsarkarinaukri.com/videos","other","587","1986e9d6dd026971fd6bda0d368706133e5d6117f5d1822a3c943ce811018362",""
