title,duplicate_count,url
MPSC Admit Card 2026 Admit Card 2026 | SearchSarkariNaukri,10,https://www.searchsarkarinaukri.com/admit-cards/17
MPSC Admit Card 2026 Admit Card 2026 | SearchSarkariNaukri,10,https://www.searchsarkarinaukri.com/admit-cards/24
MPSC Admit Card 2026 Admit Card 2026 | SearchSarkariNaukri,10,https://www.searchsarkarinaukri.com/admit-cards/31
MPSC Admit Card 2026 Admit Card 2026 | SearchSarkariNaukri,10,https://www.searchsarkarinaukri.com/admit-cards/38
MPSC Admit Card 2026 Admit Card 2026 | SearchSarkariNaukri,10,https://www.searchsarkarinaukri.com/admit-cards/47
MPSC Admit Card 2026 Admit Card 2026 | SearchSarkariNaukri,10,https://www.searchsarkarinaukri.com/admit-cards/53
MPSC Admit Card 2026 Admit Card 2026 | SearchSarkariNaukri,10,https://www.searchsarkarinaukri.com/admit-cards/61
MPSC Admit Card 2026 Admit Card 2026 | SearchSarkariNaukri,10,https://www.searchsarkarinaukri.com/admit-cards/68
MPSC Admit Card 2026 Admit Card 2026 | SearchSarkariNaukri,10,https://www.searchsarkarinaukri.com/admit-cards/73
MPSC Admit Card 2026 Admit Card 2026 | SearchSarkariNaukri,10,https://www.searchsarkarinaukri.com/admit-cards/81
UPSC CSE Admit Card 2026 Admit Card 2026 | SearchSarkariNaukri,5,https://www.searchsarkarinaukri.com/admit-cards/19
UPSC CSE Admit Card 2026 Admit Card 2026 | SearchSarkariNaukri,5,https://www.searchsarkarinaukri.com/admit-cards/27
UPSC CSE Admit Card 2026 Admit Card 2026 | SearchSarkariNaukri,5,https://www.searchsarkarinaukri.com/admit-cards/33
UPSC CSE Admit Card 2026 Admit Card 2026 | SearchSarkariNaukri,5,https://www.searchsarkarinaukri.com/admit-cards/40
UPSC CSE Admit Card 2026 Admit Card 2026 | SearchSarkariNaukri,5,https://www.searchsarkarinaukri.com/admit-cards/48
MPSC Rajyaseva Admit Card 2025 Admit Card 2026 | SearchSarkariNaukri,6,https://www.searchsarkarinaukri.com/admit-cards/20
MPSC Rajyaseva Admit Card 2025 Admit Card 2026 | SearchSarkariNaukri,6,https://www.searchsarkarinaukri.com/admit-cards/25
MPSC Rajyaseva Admit Card 2025 Admit Card 2026 | SearchSarkariNaukri,6,https://www.searchsarkarinaukri.com/admit-cards/32
MPSC Rajyaseva Admit Card 2025 Admit Card 2026 | SearchSarkariNaukri,6,https://www.searchsarkarinaukri.com/admit-cards/39
MPSC Rajyaseva Admit Card 2025 Admit Card 2026 | SearchSarkariNaukri,6,https://www.searchsarkarinaukri.com/admit-cards/76
MPSC Rajyaseva Admit Card 2025 Admit Card 2026 | SearchSarkariNaukri,6,https://www.searchsarkarinaukri.com/admit-cards/82
SSC MTS Admit Card 2025 Admit Card 2026 | SearchSarkariNaukri,7,https://www.searchsarkarinaukri.com/admit-cards/22
SSC MTS Admit Card 2025 Admit Card 2026 | SearchSarkariNaukri,7,https://www.searchsarkarinaukri.com/admit-cards/29
SSC MTS Admit Card 2025 Admit Card 2026 | SearchSarkariNaukri,7,https://www.searchsarkarinaukri.com/admit-cards/36
SSC MTS Admit Card 2025 Admit Card 2026 | SearchSarkariNaukri,7,https://www.searchsarkarinaukri.com/admit-cards/43
SSC MTS Admit Card 2025 Admit Card 2026 | SearchSarkariNaukri,7,https://www.searchsarkarinaukri.com/admit-cards/50
SSC MTS Admit Card 2025 Admit Card 2026 | SearchSarkariNaukri,7,https://www.searchsarkarinaukri.com/admit-cards/56
SSC MTS Admit Card 2025 Admit Card 2026 | SearchSarkariNaukri,7,https://www.searchsarkarinaukri.com/admit-cards/64
"Sarkari Naukri Blog 2026 — Exam Prep, Guides & Notifications | SearchSarkariNaukri",452,https://www.searchsarkarinaukri.com/blogs
"Sarkari Naukri Blog 2026 — Exam Prep, Guides & Notifications | SearchSarkariNaukri",452,https://www.searchsarkarinaukri.com/blogs?category=Career
"Sarkari Naukri Blog 2026 — Exam Prep, Guides & Notifications | SearchSarkariNaukri",452,https://www.searchsarkarinaukri.com/blogs?category=Career%20Guide
"Sarkari Naukri Blog 2026 — Exam Prep, Guides & Notifications | SearchSarkariNaukri",452,https://www.searchsarkarinaukri.com/blogs?category=Careers%20%26%20Society
"Sarkari Naukri Blog 2026 — Exam Prep, Guides & Notifications | SearchSarkariNaukri",452,https://www.searchsarkarinaukri.com/blogs?category=Current%20Affairs
"Sarkari Naukri Blog 2026 — Exam Prep, Guides & Notifications | SearchSarkariNaukri",452,https://www.searchsarkarinaukri.com/blogs?category=Current%20Affairs%20Explained
"Sarkari Naukri Blog 2026 — Exam Prep, Guides & Notifications | SearchSarkariNaukri",452,https://www.searchsarkarinaukri.com/blogs?category=Education%20%26%20Society
"Sarkari Naukri Blog 2026 — Exam Prep, Guides & Notifications | SearchSarkariNaukri",452,https://www.searchsarkarinaukri.com/blogs?category=Exam%20Culture%20%26%20Society
"Sarkari Naukri Blog 2026 — Exam Prep, Guides & Notifications | SearchSarkariNaukri",452,https://www.searchsarkarinaukri.com/blogs?category=Exam%20Preparation
"Sarkari Naukri Blog 2026 — Exam Prep, Guides & Notifications | SearchSarkariNaukri",452,https://www.searchsarkarinaukri.com/blogs?category=Future%20of%20Education
"Sarkari Naukri Blog 2026 — Exam Prep, Guides & Notifications | SearchSarkariNaukri",452,https://www.searchsarkarinaukri.com/blogs?category=Future%20of%20Work%20%26%20Education
"Sarkari Naukri Blog 2026 — Exam Prep, Guides & Notifications | SearchSarkariNaukri",452,https://www.searchsarkarinaukri.com/blogs?category=Government%20Careers
"Sarkari Naukri Blog 2026 — Exam Prep, Guides & Notifications | SearchSarkariNaukri",452,https://www.searchsarkarinaukri.com/blogs?category=Government%20Exams
"Sarkari Naukri Blog 2026 — Exam Prep, Guides & Notifications | SearchSarkariNaukri",452,https://www.searchsarkarinaukri.com/blogs?category=Government%20Facts
"Sarkari Naukri Blog 2026 — Exam Prep, Guides & Notifications | SearchSarkariNaukri",452,https://www.searchsarkarinaukri.com/blogs?category=Government%20History
"Sarkari Naukri Blog 2026 — Exam Prep, Guides & Notifications | SearchSarkariNaukri",452,https://www.searchsarkarinaukri.com/blogs?category=Government%20Jobs
"Sarkari Naukri Blog 2026 — Exam Prep, Guides & Notifications | SearchSarkariNaukri",452,https://www.searchsarkarinaukri.com/blogs?category=Government%20Policies%20%26%20Explained
"Sarkari Naukri Blog 2026 — Exam Prep, Guides & Notifications | SearchSarkariNaukri",452,https://www.searchsarkarinaukri.com/blogs?category=Government%20Schemes
"Sarkari Naukri Blog 2026 — Exam Prep, Guides & Notifications | SearchSarkariNaukri",452,https://www.searchsarkarinaukri.com/blogs?category=Government%20System
"Sarkari Naukri Blog 2026 — Exam Prep, Guides & Notifications | SearchSarkariNaukri",452,https://www.searchsarkarinaukri.com/blogs?category=India%20Explained
"Sarkari Naukri Blog 2026 — Exam Prep, Guides & Notifications | SearchSarkariNaukri",452,https://www.searchsarkarinaukri.com/blogs?category=Interesting%20Facts
"Sarkari Naukri Blog 2026 — Exam Prep, Guides & Notifications | SearchSarkariNaukri",452,https://www.searchsarkarinaukri.com/blogs?category=News
"Sarkari Naukri Blog 2026 — Exam Prep, Guides & Notifications | SearchSarkariNaukri",452,https://www.searchsarkarinaukri.com/blogs?category=Recruitment%20Guide
"Sarkari Naukri Blog 2026 — Exam Prep, Guides & Notifications | SearchSarkariNaukri",452,https://www.searchsarkarinaukri.com/blogs?category=Salary%20%26%20Benefits
"Sarkari Naukri Blog 2026 — Exam Prep, Guides & Notifications | SearchSarkariNaukri",452,https://www.searchsarkarinaukri.com/blogs?category=Technology%20%26%20India
"Sarkari Naukri Blog 2026 — Exam Prep, Guides & Notifications | SearchSarkariNaukri",452,https://www.searchsarkarinaukri.com/blogs?category=Work%20%26%20Society
"Sarkari Naukri Blog 2026 — Exam Prep, Guides & Notifications | SearchSarkariNaukri",452,https://www.searchsarkarinaukri.com/blogs?search=%E0%A4%B8%E0%A4%B0%E0%A4%95%E0%A4%BE%E0%A4%B0%E0%A5%80%20%E0%A4%A8%E0%A5%8C%E0%A4%95%E0%A4%B0%E0%A5%80%20%E0%A4%86%E0%A4%B5%E0%A5%87%E0%A4%A6%E0%A4%A8%20%E0%A4%95%E0%A5%88%E0%A4%B8%E0%A5%87%20%E0%A4%95%E0%A4%B0%E0%A5%87%E0%A4%82
"Sarkari Naukri Blog 2026 — Exam Prep, Guides & Notifications | SearchSarkariNaukri",452,https://www.searchsarkarinaukri.com/blogs?search=%E2%82%B9%20symbol
"Sarkari Naukri Blog 2026 — Exam Prep, Guides & Notifications | SearchSarkariNaukri",452,https://www.searchsarkarinaukri.com/blogs?search=10th%20Pass%20Govt%20Jobs
"Sarkari Naukri Blog 2026 — Exam Prep, Guides & Notifications | SearchSarkariNaukri",452,https://www.searchsarkarinaukri.com/blogs?search=10th%20pass%20sarkari%20naukri
"Sarkari Naukri Blog 2026 — Exam Prep, Guides & Notifications | SearchSarkariNaukri",452,https://www.searchsarkarinaukri.com/blogs?search=12th%20Pass%20Govt%20Jobs
"Sarkari Naukri Blog 2026 — Exam Prep, Guides & Notifications | SearchSarkariNaukri",452,https://www.searchsarkarinaukri.com/blogs?search=4G%20India
"Sarkari Naukri Blog 2026 — Exam Prep, Guides & Notifications | SearchSarkariNaukri",452,https://www.searchsarkarinaukri.com/blogs?search=5G%20India
"Sarkari Naukri Blog 2026 — Exam Prep, Guides & Notifications | SearchSarkariNaukri",452,https://www.searchsarkarinaukri.com/blogs?search=7th%20Pay%20Commission
"Sarkari Naukri Blog 2026 — Exam Prep, Guides & Notifications | SearchSarkariNaukri",452,https://www.searchsarkarinaukri.com/blogs?search=Aadhaar
"Sarkari Naukri Blog 2026 — Exam Prep, Guides & Notifications | SearchSarkariNaukri",452,https://www.searchsarkarinaukri.com/blogs?search=Aadhaar%20Card
"Sarkari Naukri Blog 2026 — Exam Prep, Guides & Notifications | SearchSarkariNaukri",452,https://www.searchsarkarinaukri.com/blogs?search=after%2012th%20government%20jobs
"Sarkari Naukri Blog 2026 — Exam Prep, Guides & Notifications | SearchSarkariNaukri",452,https://www.searchsarkarinaukri.com/blogs?search=agriculture
"Sarkari Naukri Blog 2026 — Exam Prep, Guides & Notifications | SearchSarkariNaukri",452,https://www.searchsarkarinaukri.com/blogs?search=AI%20and%20exams
"Sarkari Naukri Blog 2026 — Exam Prep, Guides & Notifications | SearchSarkariNaukri",452,https://www.searchsarkarinaukri.com/blogs?search=AI%20career
"Sarkari Naukri Blog 2026 — Exam Prep, Guides & Notifications | SearchSarkariNaukri",452,https://www.searchsarkarinaukri.com/blogs?search=AI%20careers
"Sarkari Naukri Blog 2026 — Exam Prep, Guides & Notifications | SearchSarkariNaukri",452,https://www.searchsarkarinaukri.com/blogs?search=AI%20education
"Sarkari Naukri Blog 2026 — Exam Prep, Guides & Notifications | SearchSarkariNaukri",452,https://www.searchsarkarinaukri.com/blogs?search=AI%20jobs
"Sarkari Naukri Blog 2026 — Exam Prep, Guides & Notifications | SearchSarkariNaukri",452,https://www.searchsarkarinaukri.com/blogs?search=AI%20literacy
"Sarkari Naukri Blog 2026 — Exam Prep, Guides & Notifications | SearchSarkariNaukri",452,https://www.searchsarkarinaukri.com/blogs?search=Airtel
"Sarkari Naukri Blog 2026 — Exam Prep, Guides & Notifications | SearchSarkariNaukri",452,https://www.searchsarkarinaukri.com/blogs?search=Answer%20Sheet
"Sarkari Naukri Blog 2026 — Exam Prep, Guides & Notifications | SearchSarkariNaukri",452,https://www.searchsarkarinaukri.com/blogs?search=application%20rejection
"Sarkari Naukri Blog 2026 — Exam Prep, Guides & Notifications | SearchSarkariNaukri",452,https://www.searchsarkarinaukri.com/blogs?search=Appointment%20Letter
"Sarkari Naukri Blog 2026 — Exam Prep, Guides & Notifications | SearchSarkariNaukri",452,https://www.searchsarkarinaukri.com/blogs?search=Article%20311
"Sarkari Naukri Blog 2026 — Exam Prep, Guides & Notifications | SearchSarkariNaukri",452,https://www.searchsarkarinaukri.com/blogs?search=artificial%20intelligence
"Sarkari Naukri Blog 2026 — Exam Prep, Guides & Notifications | SearchSarkariNaukri",452,https://www.searchsarkarinaukri.com/blogs?search=aspirants
"Sarkari Naukri Blog 2026 — Exam Prep, Guides & Notifications | SearchSarkariNaukri",452,https://www.searchsarkarinaukri.com/blogs?search=Attestation
"Sarkari Naukri Blog 2026 — Exam Prep, Guides & Notifications | SearchSarkariNaukri",452,https://www.searchsarkarinaukri.com/blogs?search=backup%20plan
"Sarkari Naukri Blog 2026 — Exam Prep, Guides & Notifications | SearchSarkariNaukri",452,https://www.searchsarkarinaukri.com/blogs?search=banking%20exams
"Sarkari Naukri Blog 2026 — Exam Prep, Guides & Notifications | SearchSarkariNaukri",452,https://www.searchsarkarinaukri.com/blogs?search=Banking%20Exams
"Sarkari Naukri Blog 2026 — Exam Prep, Guides & Notifications | SearchSarkariNaukri",452,https://www.searchsarkarinaukri.com/blogs?search=Basic%20Pay
"Sarkari Naukri Blog 2026 — Exam Prep, Guides & Notifications | SearchSarkariNaukri",452,https://www.searchsarkarinaukri.com/blogs?search=best%20government%20jobs%20after%2012th
"Sarkari Naukri Blog 2026 — Exam Prep, Guides & Notifications | SearchSarkariNaukri",452,https://www.searchsarkarinaukri.com/blogs?search=bill%20vs%20act
"Sarkari Naukri Blog 2026 — Exam Prep, Guides & Notifications | SearchSarkariNaukri",452,https://www.searchsarkarinaukri.com/blogs?search=British%20India
"Sarkari Naukri Blog 2026 — Exam Prep, Guides & Notifications | SearchSarkariNaukri",452,https://www.searchsarkarinaukri.com/blogs?search=Bureaucracy
"Sarkari Naukri Blog 2026 — Exam Prep, Guides & Notifications | SearchSarkariNaukri",452,https://www.searchsarkarinaukri.com/blogs?search=business
"Sarkari Naukri Blog 2026 — Exam Prep, Guides & Notifications | SearchSarkariNaukri",452,https://www.searchsarkarinaukri.com/blogs?search=Cabinet%20Secretariat
"Sarkari Naukri Blog 2026 — Exam Prep, Guides & Notifications | SearchSarkariNaukri",452,https://www.searchsarkarinaukri.com/blogs?search=Cabinet%20Secretary
"Sarkari Naukri Blog 2026 — Exam Prep, Guides & Notifications | SearchSarkariNaukri",452,https://www.searchsarkarinaukri.com/blogs?search=Cabinet%20Secretary%20of%20India
"Sarkari Naukri Blog 2026 — Exam Prep, Guides & Notifications | SearchSarkariNaukri",452,https://www.searchsarkarinaukri.com/blogs?search=CAG
"Sarkari Naukri Blog 2026 — Exam Prep, Guides & Notifications | SearchSarkariNaukri",452,https://www.searchsarkarinaukri.com/blogs?search=CAG%20India
"Sarkari Naukri Blog 2026 — Exam Prep, Guides & Notifications | SearchSarkariNaukri",452,https://www.searchsarkarinaukri.com/blogs?search=CAG%20reports
"Sarkari Naukri Blog 2026 — Exam Prep, Guides & Notifications | SearchSarkariNaukri",452,https://www.searchsarkarinaukri.com/blogs?search=capital%20of%20India
"Sarkari Naukri Blog 2026 — Exam Prep, Guides & Notifications | SearchSarkariNaukri",452,https://www.searchsarkarinaukri.com/blogs?search=career
"Sarkari Naukri Blog 2026 — Exam Prep, Guides & Notifications | SearchSarkariNaukri",452,https://www.searchsarkarinaukri.com/blogs?search=career%202026
"Sarkari Naukri Blog 2026 — Exam Prep, Guides & Notifications | SearchSarkariNaukri",452,https://www.searchsarkarinaukri.com/blogs?search=career%20choice
"Sarkari Naukri Blog 2026 — Exam Prep, Guides & Notifications | SearchSarkariNaukri",452,https://www.searchsarkarinaukri.com/blogs?search=career%20comparison
"Sarkari Naukri Blog 2026 — Exam Prep, Guides & Notifications | SearchSarkariNaukri",452,https://www.searchsarkarinaukri.com/blogs?search=career%20decisions
"Sarkari Naukri Blog 2026 — Exam Prep, Guides & Notifications | SearchSarkariNaukri",452,https://www.searchsarkarinaukri.com/blogs?search=Career%20Facts
"Sarkari Naukri Blog 2026 — Exam Prep, Guides & Notifications | SearchSarkariNaukri",452,https://www.searchsarkarinaukri.com/blogs?search=career%20future
"Sarkari Naukri Blog 2026 — Exam Prep, Guides & Notifications | SearchSarkariNaukri",452,https://www.searchsarkarinaukri.com/blogs?search=career%20growth
"Sarkari Naukri Blog 2026 — Exam Prep, Guides & Notifications | SearchSarkariNaukri",452,https://www.searchsarkarinaukri.com/blogs?search=Career%20Growth
"Sarkari Naukri Blog 2026 — Exam Prep, Guides & Notifications | SearchSarkariNaukri",452,https://www.searchsarkarinaukri.com/blogs?search=Career%20Guide
"Sarkari Naukri Blog 2026 — Exam Prep, Guides & Notifications | SearchSarkariNaukri",452,https://www.searchsarkarinaukri.com/blogs?search=career%20opportunities
"Sarkari Naukri Blog 2026 — Exam Prep, Guides & Notifications | SearchSarkariNaukri",452,https://www.searchsarkarinaukri.com/blogs?search=career%20planning
"Sarkari Naukri Blog 2026 — Exam Prep, Guides & Notifications | SearchSarkariNaukri",452,https://www.searchsarkarinaukri.com/blogs?search=career%20security
"Sarkari Naukri Blog 2026 — Exam Prep, Guides & Notifications | SearchSarkariNaukri",452,https://www.searchsarkarinaukri.com/blogs?search=career%20skills
"Sarkari Naukri Blog 2026 — Exam Prep, Guides & Notifications | SearchSarkariNaukri",452,https://www.searchsarkarinaukri.com/blogs?search=career%20stability
"Sarkari Naukri Blog 2026 — Exam Prep, Guides & Notifications | SearchSarkariNaukri",452,https://www.searchsarkarinaukri.com/blogs?search=cashless%20payments
"Sarkari Naukri Blog 2026 — Exam Prep, Guides & Notifications | SearchSarkariNaukri",452,https://www.searchsarkarinaukri.com/blogs?search=CBSE%20recruitment
"Sarkari Naukri Blog 2026 — Exam Prep, Guides & Notifications | SearchSarkariNaukri",452,https://www.searchsarkarinaukri.com/blogs?search=CBSE%20vacancies
"Sarkari Naukri Blog 2026 — Exam Prep, Guides & Notifications | SearchSarkariNaukri",452,https://www.searchsarkarinaukri.com/blogs?search=CCS%20rules
"Sarkari Naukri Blog 2026 — Exam Prep, Guides & Notifications | SearchSarkariNaukri",452,https://www.searchsarkarinaukri.com/blogs?search=central%20government
"Sarkari Naukri Blog 2026 — Exam Prep, Guides & Notifications | SearchSarkariNaukri",452,https://www.searchsarkarinaukri.com/blogs?search=Central%20Government
"Sarkari Naukri Blog 2026 — Exam Prep, Guides & Notifications | SearchSarkariNaukri",452,https://www.searchsarkarinaukri.com/blogs?search=Central%20Government%20employees
"Sarkari Naukri Blog 2026 — Exam Prep, Guides & Notifications | SearchSarkariNaukri",452,https://www.searchsarkarinaukri.com/blogs?search=CEO%20Zilla%20Parishad
"Sarkari Naukri Blog 2026 — Exam Prep, Guides & Notifications | SearchSarkariNaukri",452,https://www.searchsarkarinaukri.com/blogs?search=cheap%20internet%20India
"Sarkari Naukri Blog 2026 — Exam Prep, Guides & Notifications | SearchSarkariNaukri",452,https://www.searchsarkarinaukri.com/blogs?search=citizen%20rights
"Sarkari Naukri Blog 2026 — Exam Prep, Guides & Notifications | SearchSarkariNaukri",452,https://www.searchsarkarinaukri.com/blogs?search=civil%20services
"Sarkari Naukri Blog 2026 — Exam Prep, Guides & Notifications | SearchSarkariNaukri",452,https://www.searchsarkarinaukri.com/blogs?search=Civil%20Services
"Sarkari Naukri Blog 2026 — Exam Prep, Guides & Notifications | SearchSarkariNaukri",452,https://www.searchsarkarinaukri.com/blogs?search=coaching%20classes
"Sarkari Naukri Blog 2026 — Exam Prep, Guides & Notifications | SearchSarkariNaukri",452,https://www.searchsarkarinaukri.com/blogs?search=coaching%20industry%20India
"Sarkari Naukri Blog 2026 — Exam Prep, Guides & Notifications | SearchSarkariNaukri",452,https://www.searchsarkarinaukri.com/blogs?search=competitive%20exam%20coaching
"Sarkari Naukri Blog 2026 — Exam Prep, Guides & Notifications | SearchSarkariNaukri",452,https://www.searchsarkarinaukri.com/blogs?search=competitive%20exams
"Sarkari Naukri Blog 2026 — Exam Prep, Guides & Notifications | SearchSarkariNaukri",452,https://www.searchsarkarinaukri.com/blogs?search=Competitive%20Exams
"Sarkari Naukri Blog 2026 — Exam Prep, Guides & Notifications | SearchSarkariNaukri",452,https://www.searchsarkarinaukri.com/blogs?search=Comptroller%20and%20Auditor%20General
"Sarkari Naukri Blog 2026 — Exam Prep, Guides & Notifications | SearchSarkariNaukri",452,https://www.searchsarkarinaukri.com/blogs?search=confirmation
"Sarkari Naukri Blog 2026 — Exam Prep, Guides & Notifications | SearchSarkariNaukri",452,https://www.searchsarkarinaukri.com/blogs?search=Constitution%20of%20India
"Sarkari Naukri Blog 2026 — Exam Prep, Guides & Notifications | SearchSarkariNaukri",452,https://www.searchsarkarinaukri.com/blogs?search=constitutional%20bodies
"Sarkari Naukri Blog 2026 — Exam Prep, Guides & Notifications | SearchSarkariNaukri",452,https://www.searchsarkarinaukri.com/blogs?search=critical%20thinking
"Sarkari Naukri Blog 2026 — Exam Prep, Guides & Notifications | SearchSarkariNaukri",452,https://www.searchsarkarinaukri.com/blogs?search=currency%20facts
"Sarkari Naukri Blog 2026 — Exam Prep, Guides & Notifications | SearchSarkariNaukri",452,https://www.searchsarkarinaukri.com/blogs?search=Currency%20Notes
"Sarkari Naukri Blog 2026 — Exam Prep, Guides & Notifications | SearchSarkariNaukri",452,https://www.searchsarkarinaukri.com/blogs?search=Current%20Affairs
"Sarkari Naukri Blog 2026 — Exam Prep, Guides & Notifications | SearchSarkariNaukri",452,https://www.searchsarkarinaukri.com/blogs?search=Cyber%20Cell
"Sarkari Naukri Blog 2026 — Exam Prep, Guides & Notifications | SearchSarkariNaukri",452,https://www.searchsarkarinaukri.com/blogs?search=Cyber%20Security
"Sarkari Naukri Blog 2026 — Exam Prep, Guides & Notifications | SearchSarkariNaukri",452,https://www.searchsarkarinaukri.com/blogs?search=Cybercrime
"Sarkari Naukri Blog 2026 — Exam Prep, Guides & Notifications | SearchSarkariNaukri",452,https://www.searchsarkarinaukri.com/blogs?search=DA
"Sarkari Naukri Blog 2026 — Exam Prep, Guides & Notifications | SearchSarkariNaukri",452,https://www.searchsarkarinaukri.com/blogs?search=DBT
"Sarkari Naukri Blog 2026 — Exam Prep, Guides & Notifications | SearchSarkariNaukri",452,https://www.searchsarkarinaukri.com/blogs?search=degree%20vs%20skills
"Sarkari Naukri Blog 2026 — Exam Prep, Guides & Notifications | SearchSarkariNaukri",452,https://www.searchsarkarinaukri.com/blogs?search=Delhi%20history
"Sarkari Naukri Blog 2026 — Exam Prep, Guides & Notifications | SearchSarkariNaukri",452,https://www.searchsarkarinaukri.com/blogs?search=digital%20India
"Sarkari Naukri Blog 2026 — Exam Prep, Guides & Notifications | SearchSarkariNaukri",452,https://www.searchsarkarinaukri.com/blogs?search=Digital%20India
"Sarkari Naukri Blog 2026 — Exam Prep, Guides & Notifications | SearchSarkariNaukri",452,https://www.searchsarkarinaukri.com/blogs?search=digital%20payments
"Sarkari Naukri Blog 2026 — Exam Prep, Guides & Notifications | SearchSarkariNaukri",452,https://www.searchsarkarinaukri.com/blogs?search=Dismissal
"Sarkari Naukri Blog 2026 — Exam Prep, Guides & Notifications | SearchSarkariNaukri",452,https://www.searchsarkarinaukri.com/blogs?search=District%20Administration
"Sarkari Naukri Blog 2026 — Exam Prep, Guides & Notifications | SearchSarkariNaukri",452,https://www.searchsarkarinaukri.com/blogs?search=District%20Collector
"Sarkari Naukri Blog 2026 — Exam Prep, Guides & Notifications | SearchSarkariNaukri",452,https://www.searchsarkarinaukri.com/blogs?search=document%20verification
"Sarkari Naukri Blog 2026 — Exam Prep, Guides & Notifications | SearchSarkariNaukri",452,https://www.searchsarkarinaukri.com/blogs?search=Document%20Verification
"Sarkari Naukri Blog 2026 — Exam Prep, Guides & Notifications | SearchSarkariNaukri",452,https://www.searchsarkarinaukri.com/blogs?search=dream%20exam
"Sarkari Naukri Blog 2026 — Exam Prep, Guides & Notifications | SearchSarkariNaukri",452,https://www.searchsarkarinaukri.com/blogs?search=ECI
"Sarkari Naukri Blog 2026 — Exam Prep, Guides & Notifications | SearchSarkariNaukri",452,https://www.searchsarkarinaukri.com/blogs?search=educated%20unemployment
"Sarkari Naukri Blog 2026 — Exam Prep, Guides & Notifications | SearchSarkariNaukri",452,https://www.searchsarkarinaukri.com/blogs?search=education%20jobs
"Sarkari Naukri Blog 2026 — Exam Prep, Guides & Notifications | SearchSarkariNaukri",452,https://www.searchsarkarinaukri.com/blogs?search=education%20policy
"Sarkari Naukri Blog 2026 — Exam Prep, Guides & Notifications | SearchSarkariNaukri",452,https://www.searchsarkarinaukri.com/blogs?search=education%20system
"Sarkari Naukri Blog 2026 — Exam Prep, Guides & Notifications | SearchSarkariNaukri",452,https://www.searchsarkarinaukri.com/blogs?search=Eighth%20Schedule
"Sarkari Naukri Blog 2026 — Exam Prep, Guides & Notifications | SearchSarkariNaukri",452,https://www.searchsarkarinaukri.com/blogs?search=Election%20Commission%20of%20India
"Sarkari Naukri Blog 2026 — Exam Prep, Guides & Notifications | SearchSarkariNaukri",452,https://www.searchsarkarinaukri.com/blogs?search=election%20reforms
"Sarkari Naukri Blog 2026 — Exam Prep, Guides & Notifications | SearchSarkariNaukri",452,https://www.searchsarkarinaukri.com/blogs?search=election%20system
"Sarkari Naukri Blog 2026 — Exam Prep, Guides & Notifications | SearchSarkariNaukri",452,https://www.searchsarkarinaukri.com/blogs?search=emerging%20jobs
"Sarkari Naukri Blog 2026 — Exam Prep, Guides & Notifications | SearchSarkariNaukri",452,https://www.searchsarkarinaukri.com/blogs?search=employability
"Sarkari Naukri Blog 2026 — Exam Prep, Guides & Notifications | SearchSarkariNaukri",452,https://www.searchsarkarinaukri.com/blogs?search=employment%20in%20India
"Sarkari Naukri Blog 2026 — Exam Prep, Guides & Notifications | SearchSarkariNaukri",452,https://www.searchsarkarinaukri.com/blogs?search=employment%20stability
"Sarkari Naukri Blog 2026 — Exam Prep, Guides & Notifications | SearchSarkariNaukri",452,https://www.searchsarkarinaukri.com/blogs?search=engineering%20jobs
"Sarkari Naukri Blog 2026 — Exam Prep, Guides & Notifications | SearchSarkariNaukri",452,https://www.searchsarkarinaukri.com/blogs?search=entry%20level%20jobs
"Sarkari Naukri Blog 2026 — Exam Prep, Guides & Notifications | SearchSarkariNaukri",452,https://www.searchsarkarinaukri.com/blogs?search=EVM
"Sarkari Naukri Blog 2026 — Exam Prep, Guides & Notifications | SearchSarkariNaukri",452,https://www.searchsarkarinaukri.com/blogs?search=exam%20form
"Sarkari Naukri Blog 2026 — Exam Prep, Guides & Notifications | SearchSarkariNaukri",452,https://www.searchsarkarinaukri.com/blogs?search=exam%20preparation
"Sarkari Naukri Blog 2026 — Exam Prep, Guides & Notifications | SearchSarkariNaukri",452,https://www.searchsarkarinaukri.com/blogs?search=Exam%20Process
"Sarkari Naukri Blog 2026 — Exam Prep, Guides & Notifications | SearchSarkariNaukri",452,https://www.searchsarkarinaukri.com/blogs?search=exam%20strategy
"Sarkari Naukri Blog 2026 — Exam Prep, Guides & Notifications | SearchSarkariNaukri",452,https://www.searchsarkarinaukri.com/blogs?search=experience%20required
"Sarkari Naukri Blog 2026 — Exam Prep, Guides & Notifications | SearchSarkariNaukri",452,https://www.searchsarkarinaukri.com/blogs?search=farmer%20schemes
"Sarkari Naukri Blog 2026 — Exam Prep, Guides & Notifications | SearchSarkariNaukri",452,https://www.searchsarkarinaukri.com/blogs?search=first%20job
"Sarkari Naukri Blog 2026 — Exam Prep, Guides & Notifications | SearchSarkariNaukri",452,https://www.searchsarkarinaukri.com/blogs?search=freelancing
"Sarkari Naukri Blog 2026 — Exam Prep, Guides & Notifications | SearchSarkariNaukri",452,https://www.searchsarkarinaukri.com/blogs?search=freshers
"Sarkari Naukri Blog 2026 — Exam Prep, Guides & Notifications | SearchSarkariNaukri",452,https://www.searchsarkarinaukri.com/blogs?search=freshers%20jobs
"Sarkari Naukri Blog 2026 — Exam Prep, Guides & Notifications | SearchSarkariNaukri",452,https://www.searchsarkarinaukri.com/blogs?search=future%20of%20competitive%20exams
"Sarkari Naukri Blog 2026 — Exam Prep, Guides & Notifications | SearchSarkariNaukri",452,https://www.searchsarkarinaukri.com/blogs?search=future%20of%20education
"Sarkari Naukri Blog 2026 — Exam Prep, Guides & Notifications | SearchSarkariNaukri",452,https://www.searchsarkarinaukri.com/blogs?search=future%20of%20jobs
"Sarkari Naukri Blog 2026 — Exam Prep, Guides & Notifications | SearchSarkariNaukri",452,https://www.searchsarkarinaukri.com/blogs?search=future%20of%20work
"Sarkari Naukri Blog 2026 — Exam Prep, Guides & Notifications | SearchSarkariNaukri",452,https://www.searchsarkarinaukri.com/blogs?search=Gazetted%20Officer
"Sarkari Naukri Blog 2026 — Exam Prep, Guides & Notifications | SearchSarkariNaukri",452,https://www.searchsarkarinaukri.com/blogs?search=General%20Knowledge
"Sarkari Naukri Blog 2026 — Exam Prep, Guides & Notifications | SearchSarkariNaukri",452,https://www.searchsarkarinaukri.com/blogs?search=governance%20in%20India
"Sarkari Naukri Blog 2026 — Exam Prep, Guides & Notifications | SearchSarkariNaukri",452,https://www.searchsarkarinaukri.com/blogs?search=government%20accountability
"Sarkari Naukri Blog 2026 — Exam Prep, Guides & Notifications | SearchSarkariNaukri",452,https://www.searchsarkarinaukri.com/blogs?search=government%20audit
"Sarkari Naukri Blog 2026 — Exam Prep, Guides & Notifications | SearchSarkariNaukri",452,https://www.searchsarkarinaukri.com/blogs?search=Government%20Career
"Sarkari Naukri Blog 2026 — Exam Prep, Guides & Notifications | SearchSarkariNaukri",452,https://www.searchsarkarinaukri.com/blogs?search=Government%20Careers
"Sarkari Naukri Blog 2026 — Exam Prep, Guides & Notifications | SearchSarkariNaukri",452,https://www.searchsarkarinaukri.com/blogs?search=Government%20Departments
"Sarkari Naukri Blog 2026 — Exam Prep, Guides & Notifications | SearchSarkariNaukri",452,https://www.searchsarkarinaukri.com/blogs?search=government%20documents
"Sarkari Naukri Blog 2026 — Exam Prep, Guides & Notifications | SearchSarkariNaukri",452,https://www.searchsarkarinaukri.com/blogs?search=Government%20Documents
"Sarkari Naukri Blog 2026 — Exam Prep, Guides & Notifications | SearchSarkariNaukri",452,https://www.searchsarkarinaukri.com/blogs?search=government%20employee
"Sarkari Naukri Blog 2026 — Exam Prep, Guides & Notifications | SearchSarkariNaukri",452,https://www.searchsarkarinaukri.com/blogs?search=Government%20Employee
"Sarkari Naukri Blog 2026 — Exam Prep, Guides & Notifications | SearchSarkariNaukri",452,https://www.searchsarkarinaukri.com/blogs?search=government%20employees
"Sarkari Naukri Blog 2026 — Exam Prep, Guides & Notifications | SearchSarkariNaukri",452,https://www.searchsarkarinaukri.com/blogs?search=Government%20Employees
"Sarkari Naukri Blog 2026 — Exam Prep, Guides & Notifications | SearchSarkariNaukri",452,https://www.searchsarkarinaukri.com/blogs?search=government%20exam%20aspirants
"Sarkari Naukri Blog 2026 — Exam Prep, Guides & Notifications | SearchSarkariNaukri",452,https://www.searchsarkarinaukri.com/blogs?search=Government%20exam%20preparation
"Sarkari Naukri Blog 2026 — Exam Prep, Guides & Notifications | SearchSarkariNaukri",452,https://www.searchsarkarinaukri.com/blogs?search=government%20exams
"Sarkari Naukri Blog 2026 — Exam Prep, Guides & Notifications | SearchSarkariNaukri",452,https://www.searchsarkarinaukri.com/blogs?search=Government%20Exams
"Sarkari Naukri Blog 2026 — Exam Prep, Guides & Notifications | SearchSarkariNaukri",452,https://www.searchsarkarinaukri.com/blogs?search=government%20facts
"Sarkari Naukri Blog 2026 — Exam Prep, Guides & Notifications | SearchSarkariNaukri",452,https://www.searchsarkarinaukri.com/blogs?search=Government%20Facts
"Sarkari Naukri Blog 2026 — Exam Prep, Guides & Notifications | SearchSarkariNaukri",452,https://www.searchsarkarinaukri.com/blogs?search=Government%20Files
"Sarkari Naukri Blog 2026 — Exam Prep, Guides & Notifications | SearchSarkariNaukri",452,https://www.searchsarkarinaukri.com/blogs?search=government%20history
"Sarkari Naukri Blog 2026 — Exam Prep, Guides & Notifications | SearchSarkariNaukri",452,https://www.searchsarkarinaukri.com/blogs?search=Government%20History
"Sarkari Naukri Blog 2026 — Exam Prep, Guides & Notifications | SearchSarkariNaukri",452,https://www.searchsarkarinaukri.com/blogs?search=government%20job
"Sarkari Naukri Blog 2026 — Exam Prep, Guides & Notifications | SearchSarkariNaukri",452,https://www.searchsarkarinaukri.com/blogs?search=government%20job%20application
"Sarkari Naukri Blog 2026 — Exam Prep, Guides & Notifications | SearchSarkariNaukri",452,https://www.searchsarkarinaukri.com/blogs?search=government%20job%20application%20process%20India
"Sarkari Naukri Blog 2026 — Exam Prep, Guides & Notifications | SearchSarkariNaukri",452,https://www.searchsarkarinaukri.com/blogs?search=government%20job%20aspirants
"Sarkari Naukri Blog 2026 — Exam Prep, Guides & Notifications | SearchSarkariNaukri",452,https://www.searchsarkarinaukri.com/blogs?search=government%20job%20benefits
"Sarkari Naukri Blog 2026 — Exam Prep, Guides & Notifications | SearchSarkariNaukri",452,https://www.searchsarkarinaukri.com/blogs?search=government%20job%20preparation
"Sarkari Naukri Blog 2026 — Exam Prep, Guides & Notifications | SearchSarkariNaukri",452,https://www.searchsarkarinaukri.com/blogs?search=Government%20Job%20Preparation
"Sarkari Naukri Blog 2026 — Exam Prep, Guides & Notifications | SearchSarkariNaukri",452,https://www.searchsarkarinaukri.com/blogs?search=government%20job%20probation
"Sarkari Naukri Blog 2026 — Exam Prep, Guides & Notifications | SearchSarkariNaukri",452,https://www.searchsarkarinaukri.com/blogs?search=Government%20Job%20Salary
"Sarkari Naukri Blog 2026 — Exam Prep, Guides & Notifications | SearchSarkariNaukri",452,https://www.searchsarkarinaukri.com/blogs?search=Government%20Job%20Verification
"Sarkari Naukri Blog 2026 — Exam Prep, Guides & Notifications | SearchSarkariNaukri",452,https://www.searchsarkarinaukri.com/blogs?search=government%20job%20vs%20private%20job
"Sarkari Naukri Blog 2026 — Exam Prep, Guides & Notifications | SearchSarkariNaukri",452,https://www.searchsarkarinaukri.com/blogs?search=government%20jobs
"Sarkari Naukri Blog 2026 — Exam Prep, Guides & Notifications | SearchSarkariNaukri",452,https://www.searchsarkarinaukri.com/blogs?search=Government%20Jobs
"Sarkari Naukri Blog 2026 — Exam Prep, Guides & Notifications | SearchSarkariNaukri",452,https://www.searchsarkarinaukri.com/blogs?search=government%20jobs%202026
"Sarkari Naukri Blog 2026 — Exam Prep, Guides & Notifications | SearchSarkariNaukri",452,https://www.searchsarkarinaukri.com/blogs?search=Government%20Jobs%202026
"Sarkari Naukri Blog 2026 — Exam Prep, Guides & Notifications | SearchSarkariNaukri",452,https://www.searchsarkarinaukri.com/blogs?search=government%20jobs%20for%2010th%20pass
"Sarkari Naukri Blog 2026 — Exam Prep, Guides & Notifications | SearchSarkariNaukri",452,https://www.searchsarkarinaukri.com/blogs?search=government%20jobs%20for%2012th%20pass
"Sarkari Naukri Blog 2026 — Exam Prep, Guides & Notifications | SearchSarkariNaukri",452,https://www.searchsarkarinaukri.com/blogs?search=government%20jobs%20in%20Maharashtra
"Sarkari Naukri Blog 2026 — Exam Prep, Guides & Notifications | SearchSarkariNaukri",452,https://www.searchsarkarinaukri.com/blogs?search=government%20jobs%20in%20Maharashtra%20in%20Marathi
"Sarkari Naukri Blog 2026 — Exam Prep, Guides & Notifications | SearchSarkariNaukri",452,https://www.searchsarkarinaukri.com/blogs?search=Government%20Officer
"Sarkari Naukri Blog 2026 — Exam Prep, Guides & Notifications | SearchSarkariNaukri",452,https://www.searchsarkarinaukri.com/blogs?search=government%20offices
"Sarkari Naukri Blog 2026 — Exam Prep, Guides & Notifications | SearchSarkariNaukri",452,https://www.searchsarkarinaukri.com/blogs?search=Government%20Offices
"Sarkari Naukri Blog 2026 — Exam Prep, Guides & Notifications | SearchSarkariNaukri",452,https://www.searchsarkarinaukri.com/blogs?search=government%20recruitment
"Sarkari Naukri Blog 2026 — Exam Prep, Guides & Notifications | SearchSarkariNaukri",452,https://www.searchsarkarinaukri.com/blogs?search=Government%20Recruitment
"Sarkari Naukri Blog 2026 — Exam Prep, Guides & Notifications | SearchSarkariNaukri",452,https://www.searchsarkarinaukri.com/blogs?search=government%20retirement%20age
"Sarkari Naukri Blog 2026 — Exam Prep, Guides & Notifications | SearchSarkariNaukri",452,https://www.searchsarkarinaukri.com/blogs?search=Government%20Rules
"Sarkari Naukri Blog 2026 — Exam Prep, Guides & Notifications | SearchSarkariNaukri",452,https://www.searchsarkarinaukri.com/blogs?search=Government%20Salary
"Sarkari Naukri Blog 2026 — Exam Prep, Guides & Notifications | SearchSarkariNaukri",452,https://www.searchsarkarinaukri.com/blogs?search=government%20schemes
"Sarkari Naukri Blog 2026 — Exam Prep, Guides & Notifications | SearchSarkariNaukri",452,https://www.searchsarkarinaukri.com/blogs?search=government%20service
"Sarkari Naukri Blog 2026 — Exam Prep, Guides & Notifications | SearchSarkariNaukri",452,https://www.searchsarkarinaukri.com/blogs?search=government%20system
"Sarkari Naukri Blog 2026 — Exam Prep, Guides & Notifications | SearchSarkariNaukri",452,https://www.searchsarkarinaukri.com/blogs?search=Government%20System
"Sarkari Naukri Blog 2026 — Exam Prep, Guides & Notifications | SearchSarkariNaukri",452,https://www.searchsarkarinaukri.com/blogs?search=government%20transparency
"Sarkari Naukri Blog 2026 — Exam Prep, Guides & Notifications | SearchSarkariNaukri",452,https://www.searchsarkarinaukri.com/blogs?search=government%20vacancies
"Sarkari Naukri Blog 2026 — Exam Prep, Guides & Notifications | SearchSarkariNaukri",452,https://www.searchsarkarinaukri.com/blogs?search=government%20vs%20private%20job
"Sarkari Naukri Blog 2026 — Exam Prep, Guides & Notifications | SearchSarkariNaukri",452,https://www.searchsarkarinaukri.com/blogs?search=Govt%20Jobs
"Sarkari Naukri Blog 2026 — Exam Prep, Guides & Notifications | SearchSarkariNaukri",452,https://www.searchsarkarinaukri.com/blogs?search=Govt%20Jobs%202026
"Sarkari Naukri Blog 2026 — Exam Prep, Guides & Notifications | SearchSarkariNaukri",452,https://www.searchsarkarinaukri.com/blogs?search=graduate%20employment
"Sarkari Naukri Blog 2026 — Exam Prep, Guides & Notifications | SearchSarkariNaukri",452,https://www.searchsarkarinaukri.com/blogs?search=graduate%20jobs
"Sarkari Naukri Blog 2026 — Exam Prep, Guides & Notifications | SearchSarkariNaukri",452,https://www.searchsarkarinaukri.com/blogs?search=Group%20A%20Jobs
"Sarkari Naukri Blog 2026 — Exam Prep, Guides & Notifications | SearchSarkariNaukri",452,https://www.searchsarkarinaukri.com/blogs?search=Group%20B%20Jobs
"Sarkari Naukri Blog 2026 — Exam Prep, Guides & Notifications | SearchSarkariNaukri",452,https://www.searchsarkarinaukri.com/blogs?search=Group%20C%20Jobs
"Sarkari Naukri Blog 2026 — Exam Prep, Guides & Notifications | SearchSarkariNaukri",452,https://www.searchsarkarinaukri.com/blogs?search=Group%20D%20Jobs
"Sarkari Naukri Blog 2026 — Exam Prep, Guides & Notifications | SearchSarkariNaukri",452,https://www.searchsarkarinaukri.com/blogs?search=higher%20education
"Sarkari Naukri Blog 2026 — Exam Prep, Guides & Notifications | SearchSarkariNaukri",452,https://www.searchsarkarinaukri.com/blogs?search=highest%20paying%20government%20jobs
"Sarkari Naukri Blog 2026 — Exam Prep, Guides & Notifications | SearchSarkariNaukri",452,https://www.searchsarkarinaukri.com/blogs?search=Hindi%20official%20language
"Sarkari Naukri Blog 2026 — Exam Prep, Guides & Notifications | SearchSarkariNaukri",452,https://www.searchsarkarinaukri.com/blogs?search=history%20of%20India
"Sarkari Naukri Blog 2026 — Exam Prep, Guides & Notifications | SearchSarkariNaukri",452,https://www.searchsarkarinaukri.com/blogs?search=how%20laws%20are%20made%20in%20India
"Sarkari Naukri Blog 2026 — Exam Prep, Guides & Notifications | SearchSarkariNaukri",452,https://www.searchsarkarinaukri.com/blogs?search=how%20to%20apply%20for%20railway%20job
"Sarkari Naukri Blog 2026 — Exam Prep, Guides & Notifications | SearchSarkariNaukri",452,https://www.searchsarkarinaukri.com/blogs?search=how%20to%20prepare%20for%20SSC%20CGL
"Sarkari Naukri Blog 2026 — Exam Prep, Guides & Notifications | SearchSarkariNaukri",452,https://www.searchsarkarinaukri.com/blogs?search=HRA
"Sarkari Naukri Blog 2026 — Exam Prep, Guides & Notifications | SearchSarkariNaukri",452,https://www.searchsarkarinaukri.com/blogs?search=IAS%20Duties
"Sarkari Naukri Blog 2026 — Exam Prep, Guides & Notifications | SearchSarkariNaukri",452,https://www.searchsarkarinaukri.com/blogs?search=ias%20exam
"Sarkari Naukri Blog 2026 — Exam Prep, Guides & Notifications | SearchSarkariNaukri",452,https://www.searchsarkarinaukri.com/blogs?search=IAS%20history
"Sarkari Naukri Blog 2026 — Exam Prep, Guides & Notifications | SearchSarkariNaukri",452,https://www.searchsarkarinaukri.com/blogs?search=IAS%20Lifestyle
"Sarkari Naukri Blog 2026 — Exam Prep, Guides & Notifications | SearchSarkariNaukri",452,https://www.searchsarkarinaukri.com/blogs?search=IAS%20Officer
"Sarkari Naukri Blog 2026 — Exam Prep, Guides & Notifications | SearchSarkariNaukri",452,https://www.searchsarkarinaukri.com/blogs?search=IAS%20officers
"Sarkari Naukri Blog 2026 — Exam Prep, Guides & Notifications | SearchSarkariNaukri",452,https://www.searchsarkarinaukri.com/blogs?search=IAS%20salary
"Sarkari Naukri Blog 2026 — Exam Prep, Guides & Notifications | SearchSarkariNaukri",452,https://www.searchsarkarinaukri.com/blogs?search=ICS
"Sarkari Naukri Blog 2026 — Exam Prep, Guides & Notifications | SearchSarkariNaukri",452,https://www.searchsarkarinaukri.com/blogs?search=Identity
"Sarkari Naukri Blog 2026 — Exam Prep, Guides & Notifications | SearchSarkariNaukri",452,https://www.searchsarkarinaukri.com/blogs?search=identity%20documents
"Sarkari Naukri Blog 2026 — Exam Prep, Guides & Notifications | SearchSarkariNaukri",452,https://www.searchsarkarinaukri.com/blogs?search=ifs%20exam
"Sarkari Naukri Blog 2026 — Exam Prep, Guides & Notifications | SearchSarkariNaukri",452,https://www.searchsarkarinaukri.com/blogs?search=In-Hand%20Salary
"Sarkari Naukri Blog 2026 — Exam Prep, Guides & Notifications | SearchSarkariNaukri",452,https://www.searchsarkarinaukri.com/blogs?search=Income%20Tax%20Department
"Sarkari Naukri Blog 2026 — Exam Prep, Guides & Notifications | SearchSarkariNaukri",452,https://www.searchsarkarinaukri.com/blogs?search=Income%20Tax%20Inspector
"Sarkari Naukri Blog 2026 — Exam Prep, Guides & Notifications | SearchSarkariNaukri",452,https://www.searchsarkarinaukri.com/blogs?search=India
"Sarkari Naukri Blog 2026 — Exam Prep, Guides & Notifications | SearchSarkariNaukri",452,https://www.searchsarkarinaukri.com/blogs?search=India%20explained
"Sarkari Naukri Blog 2026 — Exam Prep, Guides & Notifications | SearchSarkariNaukri",452,https://www.searchsarkarinaukri.com/blogs?search=India%20government
"Sarkari Naukri Blog 2026 — Exam Prep, Guides & Notifications | SearchSarkariNaukri",452,https://www.searchsarkarinaukri.com/blogs?search=Indian%20administration
"Sarkari Naukri Blog 2026 — Exam Prep, Guides & Notifications | SearchSarkariNaukri",452,https://www.searchsarkarinaukri.com/blogs?search=Indian%20Administration
"Sarkari Naukri Blog 2026 — Exam Prep, Guides & Notifications | SearchSarkariNaukri",452,https://www.searchsarkarinaukri.com/blogs?search=Indian%20bureaucracy
"Sarkari Naukri Blog 2026 — Exam Prep, Guides & Notifications | SearchSarkariNaukri",452,https://www.searchsarkarinaukri.com/blogs?search=Indian%20Civil%20Service
"Sarkari Naukri Blog 2026 — Exam Prep, Guides & Notifications | SearchSarkariNaukri",452,https://www.searchsarkarinaukri.com/blogs?search=Indian%20Constitution
"Sarkari Naukri Blog 2026 — Exam Prep, Guides & Notifications | SearchSarkariNaukri",452,https://www.searchsarkarinaukri.com/blogs?search=Indian%20currency
"Sarkari Naukri Blog 2026 — Exam Prep, Guides & Notifications | SearchSarkariNaukri",452,https://www.searchsarkarinaukri.com/blogs?search=Indian%20Currency
"Sarkari Naukri Blog 2026 — Exam Prep, Guides & Notifications | SearchSarkariNaukri",452,https://www.searchsarkarinaukri.com/blogs?search=Indian%20documents
"Sarkari Naukri Blog 2026 — Exam Prep, Guides & Notifications | SearchSarkariNaukri",452,https://www.searchsarkarinaukri.com/blogs?search=Indian%20Economy
"Sarkari Naukri Blog 2026 — Exam Prep, Guides & Notifications | SearchSarkariNaukri",452,https://www.searchsarkarinaukri.com/blogs?search=Indian%20education
"Sarkari Naukri Blog 2026 — Exam Prep, Guides & Notifications | SearchSarkariNaukri",452,https://www.searchsarkarinaukri.com/blogs?search=Indian%20education%20system
"Sarkari Naukri Blog 2026 — Exam Prep, Guides & Notifications | SearchSarkariNaukri",452,https://www.searchsarkarinaukri.com/blogs?search=Indian%20elections
"Sarkari Naukri Blog 2026 — Exam Prep, Guides & Notifications | SearchSarkariNaukri",452,https://www.searchsarkarinaukri.com/blogs?search=Indian%20government
"Sarkari Naukri Blog 2026 — Exam Prep, Guides & Notifications | SearchSarkariNaukri",452,https://www.searchsarkarinaukri.com/blogs?search=Indian%20graduates
"Sarkari Naukri Blog 2026 — Exam Prep, Guides & Notifications | SearchSarkariNaukri",452,https://www.searchsarkarinaukri.com/blogs?search=Indian%20History
"Sarkari Naukri Blog 2026 — Exam Prep, Guides & Notifications | SearchSarkariNaukri",452,https://www.searchsarkarinaukri.com/blogs?search=Indian%20job%20market
"Sarkari Naukri Blog 2026 — Exam Prep, Guides & Notifications | SearchSarkariNaukri",452,https://www.searchsarkarinaukri.com/blogs?search=Indian%20languages
"Sarkari Naukri Blog 2026 — Exam Prep, Guides & Notifications | SearchSarkariNaukri",452,https://www.searchsarkarinaukri.com/blogs?search=Indian%20Parliament
"Sarkari Naukri Blog 2026 — Exam Prep, Guides & Notifications | SearchSarkariNaukri",452,https://www.searchsarkarinaukri.com/blogs?search=Indian%20Railways
"Sarkari Naukri Blog 2026 — Exam Prep, Guides & Notifications | SearchSarkariNaukri",452,https://www.searchsarkarinaukri.com/blogs?search=Indian%20rupee
"Sarkari Naukri Blog 2026 — Exam Prep, Guides & Notifications | SearchSarkariNaukri",452,https://www.searchsarkarinaukri.com/blogs?search=Indian%20Rupee
"Sarkari Naukri Blog 2026 — Exam Prep, Guides & Notifications | SearchSarkariNaukri",452,https://www.searchsarkarinaukri.com/blogs?search=Indian%20states
"Sarkari Naukri Blog 2026 — Exam Prep, Guides & Notifications | SearchSarkariNaukri",452,https://www.searchsarkarinaukri.com/blogs?search=Indian%20students
"Sarkari Naukri Blog 2026 — Exam Prep, Guides & Notifications | SearchSarkariNaukri",452,https://www.searchsarkarinaukri.com/blogs?search=Indian%20technology
"Sarkari Naukri Blog 2026 — Exam Prep, Guides & Notifications | SearchSarkariNaukri",452,https://www.searchsarkarinaukri.com/blogs?search=Indian%20telecom
"Sarkari Naukri Blog 2026 — Exam Prep, Guides & Notifications | SearchSarkariNaukri",452,https://www.searchsarkarinaukri.com/blogs?search=Indian%20youth
"Sarkari Naukri Blog 2026 — Exam Prep, Guides & Notifications | SearchSarkariNaukri",452,https://www.searchsarkarinaukri.com/blogs?search=Interesting%20Facts
"Sarkari Naukri Blog 2026 — Exam Prep, Guides & Notifications | SearchSarkariNaukri",452,https://www.searchsarkarinaukri.com/blogs?search=ips%20exam
"Sarkari Naukri Blog 2026 — Exam Prep, Guides & Notifications | SearchSarkariNaukri",452,https://www.searchsarkarinaukri.com/blogs?search=IPS%20salary
"Sarkari Naukri Blog 2026 — Exam Prep, Guides & Notifications | SearchSarkariNaukri",452,https://www.searchsarkarinaukri.com/blogs?search=IRCTC
"Sarkari Naukri Blog 2026 — Exam Prep, Guides & Notifications | SearchSarkariNaukri",452,https://www.searchsarkarinaukri.com/blogs?search=ISRO%20assistant%20eligibility
"Sarkari Naukri Blog 2026 — Exam Prep, Guides & Notifications | SearchSarkariNaukri",452,https://www.searchsarkarinaukri.com/blogs?search=ISRO%20jobs
"Sarkari Naukri Blog 2026 — Exam Prep, Guides & Notifications | SearchSarkariNaukri",452,https://www.searchsarkarinaukri.com/blogs?search=ISRO%20recruitment%202026
"Sarkari Naukri Blog 2026 — Exam Prep, Guides & Notifications | SearchSarkariNaukri",452,https://www.searchsarkarinaukri.com/blogs?search=ISRO%20recruitment%202026%20apply%20guide
"Sarkari Naukri Blog 2026 — Exam Prep, Guides & Notifications | SearchSarkariNaukri",452,https://www.searchsarkarinaukri.com/blogs?search=ISRO%20scientist
"Sarkari Naukri Blog 2026 — Exam Prep, Guides & Notifications | SearchSarkariNaukri",452,https://www.searchsarkarinaukri.com/blogs?search=JEE%20coaching
"Sarkari Naukri Blog 2026 — Exam Prep, Guides & Notifications | SearchSarkariNaukri",452,https://www.searchsarkarinaukri.com/blogs?search=Jio
"Sarkari Naukri Blog 2026 — Exam Prep, Guides & Notifications | SearchSarkariNaukri",452,https://www.searchsarkarinaukri.com/blogs?search=job%20competition
"Sarkari Naukri Blog 2026 — Exam Prep, Guides & Notifications | SearchSarkariNaukri",452,https://www.searchsarkarinaukri.com/blogs?search=job%20market
"Sarkari Naukri Blog 2026 — Exam Prep, Guides & Notifications | SearchSarkariNaukri",452,https://www.searchsarkarinaukri.com/blogs?search=job%20readiness
"Sarkari Naukri Blog 2026 — Exam Prep, Guides & Notifications | SearchSarkariNaukri",452,https://www.searchsarkarinaukri.com/blogs?search=job%20rules
"Sarkari Naukri Blog 2026 — Exam Prep, Guides & Notifications | SearchSarkariNaukri",452,https://www.searchsarkarinaukri.com/blogs?search=job%20security
"Sarkari Naukri Blog 2026 — Exam Prep, Guides & Notifications | SearchSarkariNaukri",452,https://www.searchsarkarinaukri.com/blogs?search=job%20seekers
"Sarkari Naukri Blog 2026 — Exam Prep, Guides & Notifications | SearchSarkariNaukri",452,https://www.searchsarkarinaukri.com/blogs?search=Joining%20Process
"Sarkari Naukri Blog 2026 — Exam Prep, Guides & Notifications | SearchSarkariNaukri",452,https://www.searchsarkarinaukri.com/blogs?search=Kartavya%20Bhavan
"Sarkari Naukri Blog 2026 — Exam Prep, Guides & Notifications | SearchSarkariNaukri",452,https://www.searchsarkarinaukri.com/blogs?search=Languages%20of%20India
"Sarkari Naukri Blog 2026 — Exam Prep, Guides & Notifications | SearchSarkariNaukri",452,https://www.searchsarkarinaukri.com/blogs?search=latest%20government%20jobs
"Sarkari Naukri Blog 2026 — Exam Prep, Guides & Notifications | SearchSarkariNaukri",452,https://www.searchsarkarinaukri.com/blogs?search=latest%20government%20jobs%20for%20freshers
"Sarkari Naukri Blog 2026 — Exam Prep, Guides & Notifications | SearchSarkariNaukri",452,https://www.searchsarkarinaukri.com/blogs?search=Latest%20Govt%20Jobs%202026
"Sarkari Naukri Blog 2026 — Exam Prep, Guides & Notifications | SearchSarkariNaukri",452,https://www.searchsarkarinaukri.com/blogs?search=latest%20jobs
"Sarkari Naukri Blog 2026 — Exam Prep, Guides & Notifications | SearchSarkariNaukri",452,https://www.searchsarkarinaukri.com/blogs?search=Latest%20Recruitment
"Sarkari Naukri Blog 2026 — Exam Prep, Guides & Notifications | SearchSarkariNaukri",452,https://www.searchsarkarinaukri.com/blogs?search=Law%20Enforcement
"Sarkari Naukri Blog 2026 — Exam Prep, Guides & Notifications | SearchSarkariNaukri",452,https://www.searchsarkarinaukri.com/blogs?search=legislative%20process
"Sarkari Naukri Blog 2026 — Exam Prep, Guides & Notifications | SearchSarkariNaukri",452,https://www.searchsarkarinaukri.com/blogs?search=Lok%20Sabha
"Sarkari Naukri Blog 2026 — Exam Prep, Guides & Notifications | SearchSarkariNaukri",452,https://www.searchsarkarinaukri.com/blogs?search=Lok%20Sabha%20elections
"Sarkari Naukri Blog 2026 — Exam Prep, Guides & Notifications | SearchSarkariNaukri",452,https://www.searchsarkarinaukri.com/blogs?search=Lutyens%20Delhi
"Sarkari Naukri Blog 2026 — Exam Prep, Guides & Notifications | SearchSarkariNaukri",452,https://www.searchsarkarinaukri.com/blogs?search=Maharashtra%20government
"Sarkari Naukri Blog 2026 — Exam Prep, Guides & Notifications | SearchSarkariNaukri",452,https://www.searchsarkarinaukri.com/blogs?search=Maharashtra%20government%20exams
"Sarkari Naukri Blog 2026 — Exam Prep, Guides & Notifications | SearchSarkariNaukri",452,https://www.searchsarkarinaukri.com/blogs?search=Maharashtra%20govt%20job%20news
"Sarkari Naukri Blog 2026 — Exam Prep, Guides & Notifications | SearchSarkariNaukri",452,https://www.searchsarkarinaukri.com/blogs?search=Maharashtra%20police%20bharti%202026
"Sarkari Naukri Blog 2026 — Exam Prep, Guides & Notifications | SearchSarkariNaukri",452,https://www.searchsarkarinaukri.com/blogs?search=Maharashtra%20sarkari%20naukri
"Sarkari Naukri Blog 2026 — Exam Prep, Guides & Notifications | SearchSarkariNaukri",452,https://www.searchsarkarinaukri.com/blogs?search=Medical%20Test
"Sarkari Naukri Blog 2026 — Exam Prep, Guides & Notifications | SearchSarkariNaukri",452,https://www.searchsarkarinaukri.com/blogs?search=Ministry%20of%20Railways
"Sarkari Naukri Blog 2026 — Exam Prep, Guides & Notifications | SearchSarkariNaukri",452,https://www.searchsarkarinaukri.com/blogs?search=mobile%20data%20India
"Sarkari Naukri Blog 2026 — Exam Prep, Guides & Notifications | SearchSarkariNaukri",452,https://www.searchsarkarinaukri.com/blogs?search=mobile%20internet
"Sarkari Naukri Blog 2026 — Exam Prep, Guides & Notifications | SearchSarkariNaukri",452,https://www.searchsarkarinaukri.com/blogs?search=money
"Sarkari Naukri Blog 2026 — Exam Prep, Guides & Notifications | SearchSarkariNaukri",452,https://www.searchsarkarinaukri.com/blogs?search=MPSC
"Sarkari Naukri Blog 2026 — Exam Prep, Guides & Notifications | SearchSarkariNaukri",452,https://www.searchsarkarinaukri.com/blogs?search=MPSC%20UPSC%20comparison%20Maharashtra
"Sarkari Naukri Blog 2026 — Exam Prep, Guides & Notifications | SearchSarkariNaukri",452,https://www.searchsarkarinaukri.com/blogs?search=MPSC%20vs%20UPSC%20difference
"Sarkari Naukri Blog 2026 — Exam Prep, Guides & Notifications | SearchSarkariNaukri",452,https://www.searchsarkarinaukri.com/blogs?search=National%20Education%20Policy
"Sarkari Naukri Blog 2026 — Exam Prep, Guides & Notifications | SearchSarkariNaukri",452,https://www.searchsarkarinaukri.com/blogs?search=national%20language%20of%20India
"Sarkari Naukri Blog 2026 — Exam Prep, Guides & Notifications | SearchSarkariNaukri",452,https://www.searchsarkarinaukri.com/blogs?search=NCERT%20recruitment
"Sarkari Naukri Blog 2026 — Exam Prep, Guides & Notifications | SearchSarkariNaukri",452,https://www.searchsarkarinaukri.com/blogs?search=NCERT%20vacancies
"Sarkari Naukri Blog 2026 — Exam Prep, Guides & Notifications | SearchSarkariNaukri",452,https://www.searchsarkarinaukri.com/blogs?search=NEET%20coaching
"Sarkari Naukri Blog 2026 — Exam Prep, Guides & Notifications | SearchSarkariNaukri",452,https://www.searchsarkarinaukri.com/blogs?search=NEP%202020
"Sarkari Naukri Blog 2026 — Exam Prep, Guides & Notifications | SearchSarkariNaukri",452,https://www.searchsarkarinaukri.com/blogs?search=New%20Delhi%20history
"Sarkari Naukri Blog 2026 — Exam Prep, Guides & Notifications | SearchSarkariNaukri",452,https://www.searchsarkarinaukri.com/blogs?search=NPCI
"Sarkari Naukri Blog 2026 — Exam Prep, Guides & Notifications | SearchSarkariNaukri",452,https://www.searchsarkarinaukri.com/blogs?search=Obsolete%20Government%20Jobs
"Sarkari Naukri Blog 2026 — Exam Prep, Guides & Notifications | SearchSarkariNaukri",452,https://www.searchsarkarinaukri.com/blogs?search=official%20language%20of%20India
"Sarkari Naukri Blog 2026 — Exam Prep, Guides & Notifications | SearchSarkariNaukri",452,https://www.searchsarkarinaukri.com/blogs?search=one%20nation%20one%20election
"Sarkari Naukri Blog 2026 — Exam Prep, Guides & Notifications | SearchSarkariNaukri",452,https://www.searchsarkarinaukri.com/blogs?search=online%20application
"Sarkari Naukri Blog 2026 — Exam Prep, Guides & Notifications | SearchSarkariNaukri",452,https://www.searchsarkarinaukri.com/blogs?search=online%20coaching
"Sarkari Naukri Blog 2026 — Exam Prep, Guides & Notifications | SearchSarkariNaukri",452,https://www.searchsarkarinaukri.com/blogs?search=Online%20Fraud
"Sarkari Naukri Blog 2026 — Exam Prep, Guides & Notifications | SearchSarkariNaukri",452,https://www.searchsarkarinaukri.com/blogs?search=PAC%20India
"Sarkari Naukri Blog 2026 — Exam Prep, Guides & Notifications | SearchSarkariNaukri",452,https://www.searchsarkarinaukri.com/blogs?search=PAN%20card
"Sarkari Naukri Blog 2026 — Exam Prep, Guides & Notifications | SearchSarkariNaukri",452,https://www.searchsarkarinaukri.com/blogs?search=paper%20leak
"Sarkari Naukri Blog 2026 — Exam Prep, Guides & Notifications | SearchSarkariNaukri",452,https://www.searchsarkarinaukri.com/blogs?search=Parliament%20of%20India
"Sarkari Naukri Blog 2026 — Exam Prep, Guides & Notifications | SearchSarkariNaukri",452,https://www.searchsarkarinaukri.com/blogs?search=parliamentary%20committees
"Sarkari Naukri Blog 2026 — Exam Prep, Guides & Notifications | SearchSarkariNaukri",452,https://www.searchsarkarinaukri.com/blogs?search=passport
"Sarkari Naukri Blog 2026 — Exam Prep, Guides & Notifications | SearchSarkariNaukri",452,https://www.searchsarkarinaukri.com/blogs?search=Pay%20Matrix
"Sarkari Naukri Blog 2026 — Exam Prep, Guides & Notifications | SearchSarkariNaukri",452,https://www.searchsarkarinaukri.com/blogs?search=pension
"Sarkari Naukri Blog 2026 — Exam Prep, Guides & Notifications | SearchSarkariNaukri",452,https://www.searchsarkarinaukri.com/blogs?search=Permanent%20Job
"Sarkari Naukri Blog 2026 — Exam Prep, Guides & Notifications | SearchSarkariNaukri",452,https://www.searchsarkarinaukri.com/blogs?search=plan%20B
"Sarkari Naukri Blog 2026 — Exam Prep, Guides & Notifications | SearchSarkariNaukri",452,https://www.searchsarkarinaukri.com/blogs?search=PM-KISAN%20scheme
"Sarkari Naukri Blog 2026 — Exam Prep, Guides & Notifications | SearchSarkariNaukri",452,https://www.searchsarkarinaukri.com/blogs?search=PM%20KISAN%202026
"Sarkari Naukri Blog 2026 — Exam Prep, Guides & Notifications | SearchSarkariNaukri",452,https://www.searchsarkarinaukri.com/blogs?search=PM%20Kisan%20benefits
"Sarkari Naukri Blog 2026 — Exam Prep, Guides & Notifications | SearchSarkariNaukri",452,https://www.searchsarkarinaukri.com/blogs?search=PMO%20India
"Sarkari Naukri Blog 2026 — Exam Prep, Guides & Notifications | SearchSarkariNaukri",452,https://www.searchsarkarinaukri.com/blogs?search=police%20bharti%202026%20Maharashtra
"Sarkari Naukri Blog 2026 — Exam Prep, Guides & Notifications | SearchSarkariNaukri",452,https://www.searchsarkarinaukri.com/blogs?search=Police%20Careers
"Sarkari Naukri Blog 2026 — Exam Prep, Guides & Notifications | SearchSarkariNaukri",452,https://www.searchsarkarinaukri.com/blogs?search=police%20constable%20physical%20test
"Sarkari Naukri Blog 2026 — Exam Prep, Guides & Notifications | SearchSarkariNaukri",452,https://www.searchsarkarinaukri.com/blogs?search=Police%20Modernization
"Sarkari Naukri Blog 2026 — Exam Prep, Guides & Notifications | SearchSarkariNaukri",452,https://www.searchsarkarinaukri.com/blogs?search=Police%20Recruitment
"Sarkari Naukri Blog 2026 — Exam Prep, Guides & Notifications | SearchSarkariNaukri",452,https://www.searchsarkarinaukri.com/blogs?search=Police%20Reforms
"Sarkari Naukri Blog 2026 — Exam Prep, Guides & Notifications | SearchSarkariNaukri",452,https://www.searchsarkarinaukri.com/blogs?search=Police%20Verification
"Sarkari Naukri Blog 2026 — Exam Prep, Guides & Notifications | SearchSarkariNaukri",452,https://www.searchsarkarinaukri.com/blogs?search=President%20of%20India
"Sarkari Naukri Blog 2026 — Exam Prep, Guides & Notifications | SearchSarkariNaukri",452,https://www.searchsarkarinaukri.com/blogs?search=private%20jobs
"Sarkari Naukri Blog 2026 — Exam Prep, Guides & Notifications | SearchSarkariNaukri",452,https://www.searchsarkarinaukri.com/blogs?search=probation%20period
"Sarkari Naukri Blog 2026 — Exam Prep, Guides & Notifications | SearchSarkariNaukri",452,https://www.searchsarkarinaukri.com/blogs?search=PSU%20jobs
"Sarkari Naukri Blog 2026 — Exam Prep, Guides & Notifications | SearchSarkariNaukri",452,https://www.searchsarkarinaukri.com/blogs?search=Public%20Accounts%20Committee
"Sarkari Naukri Blog 2026 — Exam Prep, Guides & Notifications | SearchSarkariNaukri",452,https://www.searchsarkarinaukri.com/blogs?search=public%20administration
"Sarkari Naukri Blog 2026 — Exam Prep, Guides & Notifications | SearchSarkariNaukri",452,https://www.searchsarkarinaukri.com/blogs?search=Public%20Administration
"Sarkari Naukri Blog 2026 — Exam Prep, Guides & Notifications | SearchSarkariNaukri",452,https://www.searchsarkarinaukri.com/blogs?search=public%20finance
"Sarkari Naukri Blog 2026 — Exam Prep, Guides & Notifications | SearchSarkariNaukri",452,https://www.searchsarkarinaukri.com/blogs?search=public%20information
"Sarkari Naukri Blog 2026 — Exam Prep, Guides & Notifications | SearchSarkariNaukri",452,https://www.searchsarkarinaukri.com/blogs?search=Public%20Service
"Sarkari Naukri Blog 2026 — Exam Prep, Guides & Notifications | SearchSarkariNaukri",452,https://www.searchsarkarinaukri.com/blogs?search=Public%20Services
"Sarkari Naukri Blog 2026 — Exam Prep, Guides & Notifications | SearchSarkariNaukri",452,https://www.searchsarkarinaukri.com/blogs?search=QR%20codes%20in%20India
"Sarkari Naukri Blog 2026 — Exam Prep, Guides & Notifications | SearchSarkariNaukri",452,https://www.searchsarkarinaukri.com/blogs?search=railway%20exams
"Sarkari Naukri Blog 2026 — Exam Prep, Guides & Notifications | SearchSarkariNaukri",452,https://www.searchsarkarinaukri.com/blogs?search=Railway%20exams
"Sarkari Naukri Blog 2026 — Exam Prep, Guides & Notifications | SearchSarkariNaukri",452,https://www.searchsarkarinaukri.com/blogs?search=Railway%20Facts
"Sarkari Naukri Blog 2026 — Exam Prep, Guides & Notifications | SearchSarkariNaukri",452,https://www.searchsarkarinaukri.com/blogs?search=Railway%20GK
"Sarkari Naukri Blog 2026 — Exam Prep, Guides & Notifications | SearchSarkariNaukri",452,https://www.searchsarkarinaukri.com/blogs?search=Railway%20Jobs
"Sarkari Naukri Blog 2026 — Exam Prep, Guides & Notifications | SearchSarkariNaukri",452,https://www.searchsarkarinaukri.com/blogs?search=railway%20NTPC%20syllabus%20Hindi
"Sarkari Naukri Blog 2026 — Exam Prep, Guides & Notifications | SearchSarkariNaukri",452,https://www.searchsarkarinaukri.com/blogs?search=Rajya%20Sabha
"Sarkari Naukri Blog 2026 — Exam Prep, Guides & Notifications | SearchSarkariNaukri",452,https://www.searchsarkarinaukri.com/blogs?search=RBI
"Sarkari Naukri Blog 2026 — Exam Prep, Guides & Notifications | SearchSarkariNaukri",452,https://www.searchsarkarinaukri.com/blogs?search=RBI%20Grade%20B
"Sarkari Naukri Blog 2026 — Exam Prep, Guides & Notifications | SearchSarkariNaukri",452,https://www.searchsarkarinaukri.com/blogs?search=Recruitment
"Sarkari Naukri Blog 2026 — Exam Prep, Guides & Notifications | SearchSarkariNaukri",452,https://www.searchsarkarinaukri.com/blogs?search=recruitment%20exams
"Sarkari Naukri Blog 2026 — Exam Prep, Guides & Notifications | SearchSarkariNaukri",452,https://www.searchsarkarinaukri.com/blogs?search=Recruitment%20Process
"Sarkari Naukri Blog 2026 — Exam Prep, Guides & Notifications | SearchSarkariNaukri",452,https://www.searchsarkarinaukri.com/blogs?search=Red%20Tape
"Sarkari Naukri Blog 2026 — Exam Prep, Guides & Notifications | SearchSarkariNaukri",452,https://www.searchsarkarinaukri.com/blogs?search=retirement%20rules
"Sarkari Naukri Blog 2026 — Exam Prep, Guides & Notifications | SearchSarkariNaukri",452,https://www.searchsarkarinaukri.com/blogs?search=Right%20to%20Information
"Sarkari Naukri Blog 2026 — Exam Prep, Guides & Notifications | SearchSarkariNaukri",452,https://www.searchsarkarinaukri.com/blogs?search=RRB
"Sarkari Naukri Blog 2026 — Exam Prep, Guides & Notifications | SearchSarkariNaukri",452,https://www.searchsarkarinaukri.com/blogs?search=RRB%20Exams
"Sarkari Naukri Blog 2026 — Exam Prep, Guides & Notifications | SearchSarkariNaukri",452,https://www.searchsarkarinaukri.com/blogs?search=RRB%20NTPC%202026%20preparation
"Sarkari Naukri Blog 2026 — Exam Prep, Guides & Notifications | SearchSarkariNaukri",452,https://www.searchsarkarinaukri.com/blogs?search=RTI%20Act
"Sarkari Naukri Blog 2026 — Exam Prep, Guides & Notifications | SearchSarkariNaukri",452,https://www.searchsarkarinaukri.com/blogs?search=RTI%20application
"Sarkari Naukri Blog 2026 — Exam Prep, Guides & Notifications | SearchSarkariNaukri",452,https://www.searchsarkarinaukri.com/blogs?search=RTI%20India
"Sarkari Naukri Blog 2026 — Exam Prep, Guides & Notifications | SearchSarkariNaukri",452,https://www.searchsarkarinaukri.com/blogs?search=rupee%20history
"Sarkari Naukri Blog 2026 — Exam Prep, Guides & Notifications | SearchSarkariNaukri",452,https://www.searchsarkarinaukri.com/blogs?search=safe%20career
"Sarkari Naukri Blog 2026 — Exam Prep, Guides & Notifications | SearchSarkariNaukri",452,https://www.searchsarkarinaukri.com/blogs?search=salary%20comparison
"Sarkari Naukri Blog 2026 — Exam Prep, Guides & Notifications | SearchSarkariNaukri",452,https://www.searchsarkarinaukri.com/blogs?search=Salary%20Structure
"Sarkari Naukri Blog 2026 — Exam Prep, Guides & Notifications | SearchSarkariNaukri",452,https://www.searchsarkarinaukri.com/blogs?search=Sarkari%20Naukri
"Sarkari Naukri Blog 2026 — Exam Prep, Guides & Notifications | SearchSarkariNaukri",452,https://www.searchsarkarinaukri.com/blogs?search=sarkari%20naukri%20online%20apply
"Sarkari Naukri Blog 2026 — Exam Prep, Guides & Notifications | SearchSarkariNaukri",452,https://www.searchsarkarinaukri.com/blogs?search=Sarkari%20Naukri%20Tips
"Sarkari Naukri Blog 2026 — Exam Prep, Guides & Notifications | SearchSarkariNaukri",452,https://www.searchsarkarinaukri.com/blogs?search=sarkari%20naukri%20vacancy
"Sarkari Naukri Blog 2026 — Exam Prep, Guides & Notifications | SearchSarkariNaukri",452,https://www.searchsarkarinaukri.com/blogs?search=scan%20and%20pay
"Sarkari Naukri Blog 2026 — Exam Prep, Guides & Notifications | SearchSarkariNaukri",452,https://www.searchsarkarinaukri.com/blogs?search=school%20education
"Sarkari Naukri Blog 2026 — Exam Prep, Guides & Notifications | SearchSarkariNaukri",452,https://www.searchsarkarinaukri.com/blogs?search=science%20careers
"Sarkari Naukri Blog 2026 — Exam Prep, Guides & Notifications | SearchSarkariNaukri",452,https://www.searchsarkarinaukri.com/blogs?search=Scientist%20Engineer
"Sarkari Naukri Blog 2026 — Exam Prep, Guides & Notifications | SearchSarkariNaukri",452,https://www.searchsarkarinaukri.com/blogs?search=SDM
"Sarkari Naukri Blog 2026 — Exam Prep, Guides & Notifications | SearchSarkariNaukri",452,https://www.searchsarkarinaukri.com/blogs?search=Search%20Sarkari%20Naukri
"Sarkari Naukri Blog 2026 — Exam Prep, Guides & Notifications | SearchSarkariNaukri",452,https://www.searchsarkarinaukri.com/blogs?search=service%20rules
"Sarkari Naukri Blog 2026 — Exam Prep, Guides & Notifications | SearchSarkariNaukri",452,https://www.searchsarkarinaukri.com/blogs?search=Seva%20Teerth
"Sarkari Naukri Blog 2026 — Exam Prep, Guides & Notifications | SearchSarkariNaukri",452,https://www.searchsarkarinaukri.com/blogs?search=side%20income
"Sarkari Naukri Blog 2026 — Exam Prep, Guides & Notifications | SearchSarkariNaukri",452,https://www.searchsarkarinaukri.com/blogs?search=simultaneous%20elections
"Sarkari Naukri Blog 2026 — Exam Prep, Guides & Notifications | SearchSarkariNaukri",452,https://www.searchsarkarinaukri.com/blogs?search=skill%20development
"Sarkari Naukri Blog 2026 — Exam Prep, Guides & Notifications | SearchSarkariNaukri",452,https://www.searchsarkarinaukri.com/blogs?search=skills
"Sarkari Naukri Blog 2026 — Exam Prep, Guides & Notifications | SearchSarkariNaukri",452,https://www.searchsarkarinaukri.com/blogs?search=skills%20gap
"Sarkari Naukri Blog 2026 — Exam Prep, Guides & Notifications | SearchSarkariNaukri",452,https://www.searchsarkarinaukri.com/blogs?search=skills%20of%20the%20future
"Sarkari Naukri Blog 2026 — Exam Prep, Guides & Notifications | SearchSarkariNaukri",452,https://www.searchsarkarinaukri.com/blogs?search=South%20Block
"Sarkari Naukri Blog 2026 — Exam Prep, Guides & Notifications | SearchSarkariNaukri",452,https://www.searchsarkarinaukri.com/blogs?search=space%20jobs
"Sarkari Naukri Blog 2026 — Exam Prep, Guides & Notifications | SearchSarkariNaukri",452,https://www.searchsarkarinaukri.com/blogs?search=ssc
"Sarkari Naukri Blog 2026 — Exam Prep, Guides & Notifications | SearchSarkariNaukri",452,https://www.searchsarkarinaukri.com/blogs?search=SSC
"Sarkari Naukri Blog 2026 — Exam Prep, Guides & Notifications | SearchSarkariNaukri",452,https://www.searchsarkarinaukri.com/blogs?search=SSC%20aspirants
"Sarkari Naukri Blog 2026 — Exam Prep, Guides & Notifications | SearchSarkariNaukri",452,https://www.searchsarkarinaukri.com/blogs?search=ssc%20cgl
"Sarkari Naukri Blog 2026 — Exam Prep, Guides & Notifications | SearchSarkariNaukri",452,https://www.searchsarkarinaukri.com/blogs?search=SSC%20CGL
"Sarkari Naukri Blog 2026 — Exam Prep, Guides & Notifications | SearchSarkariNaukri",452,https://www.searchsarkarinaukri.com/blogs?search=ssc%20cgl%202026
"Sarkari Naukri Blog 2026 — Exam Prep, Guides & Notifications | SearchSarkariNaukri",452,https://www.searchsarkarinaukri.com/blogs?search=SSC%20CGL%20apply%20online%202026
"Sarkari Naukri Blog 2026 — Exam Prep, Guides & Notifications | SearchSarkariNaukri",452,https://www.searchsarkarinaukri.com/blogs?search=ssc%20cgl%20eligibility
"Sarkari Naukri Blog 2026 — Exam Prep, Guides & Notifications | SearchSarkariNaukri",452,https://www.searchsarkarinaukri.com/blogs?search=SSC%20CGL%20eligibility%20criteria%202026
"Sarkari Naukri Blog 2026 — Exam Prep, Guides & Notifications | SearchSarkariNaukri",452,https://www.searchsarkarinaukri.com/blogs?search=ssc%20cgl%20posts
"Sarkari Naukri Blog 2026 — Exam Prep, Guides & Notifications | SearchSarkariNaukri",452,https://www.searchsarkarinaukri.com/blogs?search=ssc%20cgl%20salary
"Sarkari Naukri Blog 2026 — Exam Prep, Guides & Notifications | SearchSarkariNaukri",452,https://www.searchsarkarinaukri.com/blogs?search=SSC%20CGL%20syllabus%202026
"Sarkari Naukri Blog 2026 — Exam Prep, Guides & Notifications | SearchSarkariNaukri",452,https://www.searchsarkarinaukri.com/blogs?search=SSC%20coaching
"Sarkari Naukri Blog 2026 — Exam Prep, Guides & Notifications | SearchSarkariNaukri",452,https://www.searchsarkarinaukri.com/blogs?search=SSC%20preparation
"Sarkari Naukri Blog 2026 — Exam Prep, Guides & Notifications | SearchSarkariNaukri",452,https://www.searchsarkarinaukri.com/blogs?search=SSC%20Preparation
"Sarkari Naukri Blog 2026 — Exam Prep, Guides & Notifications | SearchSarkariNaukri",452,https://www.searchsarkarinaukri.com/blogs?search=stable%20jobs
"Sarkari Naukri Blog 2026 — Exam Prep, Guides & Notifications | SearchSarkariNaukri",452,https://www.searchsarkarinaukri.com/blogs?search=state%20assembly%20elections
"Sarkari Naukri Blog 2026 — Exam Prep, Guides & Notifications | SearchSarkariNaukri",452,https://www.searchsarkarinaukri.com/blogs?search=states%20vs%20union%20territories
"Sarkari Naukri Blog 2026 — Exam Prep, Guides & Notifications | SearchSarkariNaukri",452,https://www.searchsarkarinaukri.com/blogs?search=students
"Sarkari Naukri Blog 2026 — Exam Prep, Guides & Notifications | SearchSarkariNaukri",452,https://www.searchsarkarinaukri.com/blogs?search=Superintendent%20of%20Police
"Sarkari Naukri Blog 2026 — Exam Prep, Guides & Notifications | SearchSarkariNaukri",452,https://www.searchsarkarinaukri.com/blogs?search=Suspension
"Sarkari Naukri Blog 2026 — Exam Prep, Guides & Notifications | SearchSarkariNaukri",452,https://www.searchsarkarinaukri.com/blogs?search=technology
"Sarkari Naukri Blog 2026 — Exam Prep, Guides & Notifications | SearchSarkariNaukri",452,https://www.searchsarkarinaukri.com/blogs?search=Tehsildar
"Sarkari Naukri Blog 2026 — Exam Prep, Guides & Notifications | SearchSarkariNaukri",452,https://www.searchsarkarinaukri.com/blogs?search=transfer%20policy
"Sarkari Naukri Blog 2026 — Exam Prep, Guides & Notifications | SearchSarkariNaukri",452,https://www.searchsarkarinaukri.com/blogs?search=transfer%20rules
"Sarkari Naukri Blog 2026 — Exam Prep, Guides & Notifications | SearchSarkariNaukri",452,https://www.searchsarkarinaukri.com/blogs?search=UIDAI
"Sarkari Naukri Blog 2026 — Exam Prep, Guides & Notifications | SearchSarkariNaukri",452,https://www.searchsarkarinaukri.com/blogs?search=Union%20Territories%20of%20India
"Sarkari Naukri Blog 2026 — Exam Prep, Guides & Notifications | SearchSarkariNaukri",452,https://www.searchsarkarinaukri.com/blogs?search=Union%20Territory%20explained
"Sarkari Naukri Blog 2026 — Exam Prep, Guides & Notifications | SearchSarkariNaukri",452,https://www.searchsarkarinaukri.com/blogs?search=UPI
"Sarkari Naukri Blog 2026 — Exam Prep, Guides & Notifications | SearchSarkariNaukri",452,https://www.searchsarkarinaukri.com/blogs?search=UPI%20QR%20code
"Sarkari Naukri Blog 2026 — Exam Prep, Guides & Notifications | SearchSarkariNaukri",452,https://www.searchsarkarinaukri.com/blogs?search=UPSC
"Sarkari Naukri Blog 2026 — Exam Prep, Guides & Notifications | SearchSarkariNaukri",452,https://www.searchsarkarinaukri.com/blogs?search=upsc%202026
"Sarkari Naukri Blog 2026 — Exam Prep, Guides & Notifications | SearchSarkariNaukri",452,https://www.searchsarkarinaukri.com/blogs?search=upsc%20civil%20services
"Sarkari Naukri Blog 2026 — Exam Prep, Guides & Notifications | SearchSarkariNaukri",452,https://www.searchsarkarinaukri.com/blogs?search=UPSC%20coaching
"Sarkari Naukri Blog 2026 — Exam Prep, Guides & Notifications | SearchSarkariNaukri",452,https://www.searchsarkarinaukri.com/blogs?search=upsc%20eligibility
"Sarkari Naukri Blog 2026 — Exam Prep, Guides & Notifications | SearchSarkariNaukri",452,https://www.searchsarkarinaukri.com/blogs?search=upsc%20preparation
"Sarkari Naukri Blog 2026 — Exam Prep, Guides & Notifications | SearchSarkariNaukri",452,https://www.searchsarkarinaukri.com/blogs?search=UPSC%20preparation
"Sarkari Naukri Blog 2026 — Exam Prep, Guides & Notifications | SearchSarkariNaukri",452,https://www.searchsarkarinaukri.com/blogs?search=UPSC%20Preparation
"Sarkari Naukri Blog 2026 — Exam Prep, Guides & Notifications | SearchSarkariNaukri",452,https://www.searchsarkarinaukri.com/blogs?search=Vacancies
"Sarkari Naukri Blog 2026 — Exam Prep, Guides & Notifications | SearchSarkariNaukri",452,https://www.searchsarkarinaukri.com/blogs?search=Vi
"Sarkari Naukri Blog 2026 — Exam Prep, Guides & Notifications | SearchSarkariNaukri",452,https://www.searchsarkarinaukri.com/blogs?search=voter%20ID
"Sarkari Naukri Blog 2026 — Exam Prep, Guides & Notifications | SearchSarkariNaukri",452,https://www.searchsarkarinaukri.com/blogs?search=voting%20process
"Sarkari Naukri Blog 2026 — Exam Prep, Guides & Notifications | SearchSarkariNaukri",452,https://www.searchsarkarinaukri.com/blogs?search=VVPAT
"Sarkari Naukri Blog 2026 — Exam Prep, Guides & Notifications | SearchSarkariNaukri",452,https://www.searchsarkarinaukri.com/blogs?search=work%20experience
"Sarkari Naukri Blog 2026 — Exam Prep, Guides & Notifications | SearchSarkariNaukri",452,https://www.searchsarkarinaukri.com/blogs?search=work%20life%20balance
"Sarkari Naukri Blog 2026 — Exam Prep, Guides & Notifications | SearchSarkariNaukri",452,https://www.searchsarkarinaukri.com/blogs?search=youth%20employment
"Sarkari Naukri Blog 2026 — Exam Prep, Guides & Notifications | SearchSarkariNaukri",452,https://www.searchsarkarinaukri.com/blogs?search=youtube%20channel
ACTREC Mumbai मध्ये रिक्त पदांची नवीन भरती २०२६ - ACTREC Mumbai | Sarkari Naukri 2026,2,https://www.searchsarkarinaukri.com/jobs/actrec-mumbai-actrec-mumbai-2026--2223
ACTREC Mumbai मध्ये रिक्त पदांची नवीन भरती २०२६ - ACTREC Mumbai | Sarkari Naukri 2026,2,https://www.searchsarkarinaukri.com/jobs/actrec-mumbai-actrec-mumbai-2026--2985
६१३ पदांकरिता Adivasi Vikas Vibhag Thane भरती अपडेट २०२६ - Adivasi Vikas Vibhag Thane | Sarkari Naukri 2026,2,https://www.searchsarkarinaukri.com/jobs/adivasi-vikas-vibhag-thane-adivasi-vikas-vibhag-thane-2026--4332
६१३ पदांकरिता Adivasi Vikas Vibhag Thane भरती अपडेट २०२६ - Adivasi Vikas Vibhag Thane | Sarkari Naukri 2026,2,https://www.searchsarkarinaukri.com/jobs/adivasi-vikas-vibhag-thane-adivasi-vikas-vibhag-thane-2026--4482
Ahmednagar Merchant Co-Op Bank Ltd अंतर्गत विविध पदांची भरती जाहीर २०२६ - Ahmednagar Merchant Co-Op Bank Ltd | Sarkari…,2,https://www.searchsarkarinaukri.com/jobs/ahmednagar-merchant-co-op-bank-ltd-ahmednagar-merchant-co-op-bank-ltd-2026--2449
Ahmednagar Merchant Co-Op Bank Ltd अंतर्गत विविध पदांची भरती जाहीर २०२६ - Ahmednagar Merchant Co-Op Bank Ltd | Sarkari…,2,https://www.searchsarkarinaukri.com/jobs/ahmednagar-merchant-co-op-bank-ltd-ahmednagar-merchant-co-op-bank-ltd-2026--2549
AIIMS Delhi अंतर्गत ६७ पदांची भरती जाहीर २०२६ - AIIMS Delhi | Sarkari Naukri 2026,2,https://www.searchsarkarinaukri.com/jobs/aiims-delhi-aiims-delhi-2026--2382
AIIMS Delhi अंतर्गत ६७ पदांची भरती जाहीर २०२६ - AIIMS Delhi | Sarkari Naukri 2026,2,https://www.searchsarkarinaukri.com/jobs/aiims-delhi-aiims-delhi-2026--3210
All India Institute of Medical Sciences Nagpur भरती २०२६ — ६ रिक्त जागांकरिता अर्ज सुरु - All India Institute of…,2,https://www.searchsarkarinaukri.com/jobs/all-india-institute-of-medical-sciences-nagpur-all-india-institute-of-medical-sciences-2026--3521
All India Institute of Medical Sciences Nagpur भरती २०२६ — ६ रिक्त जागांकरिता अर्ज सुरु - All India Institute of…,2,https://www.searchsarkarinaukri.com/jobs/all-india-institute-of-medical-sciences-nagpur-all-india-institute-of-medical-sciences-2026--3659
Anganwadi Ahilyanagar १४ पदांकरिता अधिकृत भरती सूचना २०२६ - Anganwadi Ahilyanagar | Sarkari Naukri 2026,2,https://www.searchsarkarinaukri.com/jobs/anganwadi-ahilyanagar-anganwadi-ahilyanagar-2026--2891
Anganwadi Ahilyanagar १४ पदांकरिता अधिकृत भरती सूचना २०२६ - Anganwadi Ahilyanagar | Sarkari Naukri 2026,2,https://www.searchsarkarinaukri.com/jobs/anganwadi-ahilyanagar-anganwadi-ahilyanagar-2026--2932
ARI Pune अंतर्गत १ पदांची भरती जाहीर २०२६ - ARI Pune | Sarkari Naukri 2026,2,https://www.searchsarkarinaukri.com/jobs/ari-pune-ari-pune-2026--1930
ARI Pune अंतर्गत १ पदांची भरती जाहीर २०२६ - ARI Pune | Sarkari Naukri 2026,2,https://www.searchsarkarinaukri.com/jobs/ari-pune-ari-pune-2026--3077
Army Institute of Technology Pune अंतर्गत विविध पदांची भरती जाहीर २०२६ - Army Institute of Technology Pune | Sarkari…,2,https://www.searchsarkarinaukri.com/jobs/army-institute-of-technology-pune-army-institute-of-technology-pune-2026--2749
Army Institute of Technology Pune अंतर्गत विविध पदांची भरती जाहीर २०२६ - Army Institute of Technology Pune | Sarkari…,2,https://www.searchsarkarinaukri.com/jobs/army-institute-of-technology-pune-army-institute-of-technology-pune-2026--3469
AVNL १२१३ पदांची नवीन रिक्त भरती जाहीर २०२६ - AVNL | Sarkari Naukri 2026,2,https://www.searchsarkarinaukri.com/jobs/avnl-avnl-2026--2259
AVNL १२१३ पदांची नवीन रिक्त भरती जाहीर २०२६ - AVNL | Sarkari Naukri 2026,2,https://www.searchsarkarinaukri.com/jobs/avnl-avnl-2026--3032
Bal Vikas Prakalp Mumbai भरती २०२६ — ४ रिक्त जागांकरिता अर्ज सुरु - Bal Vikas Prakalp Mumbai | Sarkari Naukri 2026,2,https://www.searchsarkarinaukri.com/jobs/bal-vikas-prakalp-mumbai-bal-vikas-prakalp-mumbai-2026--3901
Bal Vikas Prakalp Mumbai भरती २०२६ — ४ रिक्त जागांकरिता अर्ज सुरु - Bal Vikas Prakalp Mumbai | Sarkari Naukri 2026,2,https://www.searchsarkarinaukri.com/jobs/bal-vikas-prakalp-mumbai-bal-vikas-prakalp-mumbai-2026--4716
Bank of India Credit Officer Recruitment 2026 | Apply Online for 779 Posts,2,https://www.searchsarkarinaukri.com/jobs/bank-of-india-credit-officer-recruitment-2026-779-posts--2823
Bank of India Credit Officer Recruitment 2026 | Apply Online for 779 Posts,2,https://www.searchsarkarinaukri.com/jobs/bank-of-india-credit-officer-recruitment-2026-779-posts--2857
Bharati Vidyapeeth Pune मध्ये ४ रिक्त पदांची नवीन भरती २०२६ - Bharati Vidyapeeth Pune | Sarkari Naukri 2026,2,https://www.searchsarkarinaukri.com/jobs/bharati-vidyapeeth-pune-bharati-vidyapeeth-pune-2026--1747
Bharati Vidyapeeth Pune मध्ये ४ रिक्त पदांची नवीन भरती २०२६ - Bharati Vidyapeeth Pune | Sarkari Naukri 2026,2,https://www.searchsarkarinaukri.com/jobs/bharati-vidyapeeth-pune-bharati-vidyapeeth-pune-2026--3661
Bharati Vidyapeeth Pune मध्ये रिक्त पदांची नवीन भरती २०२६ - Bharati Vidyapeeth Pune | Sarkari Naukri 2026,3,https://www.searchsarkarinaukri.com/jobs/bharati-vidyapeeth-pune-bharati-vidyapeeth-pune-2026--2037
Bharati Vidyapeeth Pune मध्ये रिक्त पदांची नवीन भरती २०२६ - Bharati Vidyapeeth Pune | Sarkari Naukri 2026,3,https://www.searchsarkarinaukri.com/jobs/bharati-vidyapeeth-pune-bharati-vidyapeeth-pune-2026--3357
Bharati Vidyapeeth Pune मध्ये रिक्त पदांची नवीन भरती २०२६ - Bharati Vidyapeeth Pune | Sarkari Naukri 2026,3,https://www.searchsarkarinaukri.com/jobs/bharati-vidyapeeth-pune-bharati-vidyapeeth-pune-2026--4717
Bharati Vidyapeeth Pune मध्ये १८ रिक्त पदांची नवीन भरती २०२६ - Bharati Vidyapeeth Pune | Sarkari Naukri 2026,2,https://www.searchsarkarinaukri.com/jobs/bharati-vidyapeeth-pune-bharati-vidyapeeth-pune-2026--3855
Bharati Vidyapeeth Pune मध्ये १८ रिक्त पदांची नवीन भरती २०२६ - Bharati Vidyapeeth Pune | Sarkari Naukri 2026,2,https://www.searchsarkarinaukri.com/jobs/bharati-vidyapeeth-pune-bharati-vidyapeeth-pune-2026--4785
१६ पदांकरिता BHEL भरती अपडेट २०२६ - BHEL | Sarkari Naukri 2026,2,https://www.searchsarkarinaukri.com/jobs/bhel-bhel-2026--2073
१६ पदांकरिता BHEL भरती अपडेट २०२६ - BHEL | Sarkari Naukri 2026,2,https://www.searchsarkarinaukri.com/jobs/bhel-bhel-2026--4432
Central Bank of India भरती २०२६ — ४५०० रिक्त जागांकरिता अर्ज सुरु - Central Bank of India | Sarkari Naukri 2026,2,https://www.searchsarkarinaukri.com/jobs/central-bank-of-india-central-bank-of-india-2026--1910
Central Bank of India भरती २०२६ — ४५०० रिक्त जागांकरिता अर्ज सुरु - Central Bank of India | Sarkari Naukri 2026,2,https://www.searchsarkarinaukri.com/jobs/central-bank-of-india-central-bank-of-india-2026--2298
१ पदांकरिता CIFE Mumbai भरती अपडेट २०२६ - CIFE Mumbai | Sarkari Naukri 2026,2,https://www.searchsarkarinaukri.com/jobs/cife-mumbai-cife-mumbai-2026--2365
१ पदांकरिता CIFE Mumbai भरती अपडेट २०२६ - CIFE Mumbai | Sarkari Naukri 2026,2,https://www.searchsarkarinaukri.com/jobs/cife-mumbai-cife-mumbai-2026--4524
DBSKKV मध्ये २ रिक्त पदांची नवीन भरती २०२६ - DBSKKV | Sarkari Naukri 2026,4,https://www.searchsarkarinaukri.com/jobs/dbskkv-dbskkv-2026--2788
DBSKKV मध्ये २ रिक्त पदांची नवीन भरती २०२६ - DBSKKV | Sarkari Naukri 2026,4,https://www.searchsarkarinaukri.com/jobs/dbskkv-dbskkv-2026--2924
DBSKKV मध्ये २ रिक्त पदांची नवीन भरती २०२६ - DBSKKV | Sarkari Naukri 2026,4,https://www.searchsarkarinaukri.com/jobs/dbskkv-dbskkv-2026--3517
DBSKKV मध्ये २ रिक्त पदांची नवीन भरती २०२६ - DBSKKV | Sarkari Naukri 2026,4,https://www.searchsarkarinaukri.com/jobs/dbskkv-dbskkv-2026--4202
DBSKKV मध्ये १ रिक्त पदांची नवीन भरती २०२६ - DBSKKV | Sarkari Naukri 2026,2,https://www.searchsarkarinaukri.com/jobs/dbskkv-dbskkv-2026--3711
DBSKKV मध्ये १ रिक्त पदांची नवीन भरती २०२६ - DBSKKV | Sarkari Naukri 2026,2,https://www.searchsarkarinaukri.com/jobs/dbskkv-dbskkv-2026--3956
३ पदांकरिता Defence Institute of Advanced Technology Pune भरती अपडेट २०२६ - Defence Institute of Advanced Technology…,3,https://www.searchsarkarinaukri.com/jobs/defence-institute-of-advanced-technology-pune-defence-institute-of-advanced-2026--2926
३ पदांकरिता Defence Institute of Advanced Technology Pune भरती अपडेट २०२६ - Defence Institute of Advanced Technology…,3,https://www.searchsarkarinaukri.com/jobs/defence-institute-of-advanced-technology-pune-defence-institute-of-advanced-2026--2989
३ पदांकरिता Defence Institute of Advanced Technology Pune भरती अपडेट २०२६ - Defence Institute of Advanced Technology…,3,https://www.searchsarkarinaukri.com/jobs/defence-institute-of-advanced-technology-pune-defence-institute-of-advanced-2026--4729
DFCCIL अंतर्गत १ पदांची भरती जाहीर २०२६ - DFCCIL | Sarkari Naukri 2026,2,https://www.searchsarkarinaukri.com/jobs/dfccil-dfccil-2026--1801
DFCCIL अंतर्गत १ पदांची भरती जाहीर २०२६ - DFCCIL | Sarkari Naukri 2026,2,https://www.searchsarkarinaukri.com/jobs/dfccil-dfccil-2026--3709
DY Patil College Of Engineering भरती २०२६ — रिक्त पदांकरिता अर्ज सुरु - DY Patil College Of Engineering | Sarkari…,2,https://www.searchsarkarinaukri.com/jobs/dy-patil-college-of-engineering-dy-patil-college-of-engineering-2026--2538
DY Patil College Of Engineering भरती २०२६ — रिक्त पदांकरिता अर्ज सुरु - DY Patil College Of Engineering | Sarkari…,2,https://www.searchsarkarinaukri.com/jobs/dy-patil-college-of-engineering-dy-patil-college-of-engineering-2026--4080
Federal Bank पदांकरिता अधिकृत भरती सूचना २०२६ - Federal Bank | Sarkari Naukri 2026,2,https://www.searchsarkarinaukri.com/jobs/federal-bank-federal-bank-2026--2141
Federal Bank पदांकरिता अधिकृत भरती सूचना २०२६ - Federal Bank | Sarkari Naukri 2026,2,https://www.searchsarkarinaukri.com/jobs/federal-bank-federal-bank-2026--5001
HLL Lifecare Ltd भरती २०२६ — ६ रिक्त जागांकरिता अर्ज सुरु - HLL Lifecare Ltd | Sarkari Naukri 2026,2,https://www.searchsarkarinaukri.com/jobs/hll-lifecare-ltd-hll-lifecare-ltd-2026--2665
HLL Lifecare Ltd भरती २०२६ — ६ रिक्त जागांकरिता अर्ज सुरु - HLL Lifecare Ltd | Sarkari Naukri 2026,2,https://www.searchsarkarinaukri.com/jobs/hll-lifecare-ltd-hll-lifecare-ltd-2026--4888
IBPS CRP Clerk मध्ये ११४०३ रिक्त पदांची नवीन भरती २०२६ - IBPS CRP Clerk | Sarkari Naukri 2026,2,https://www.searchsarkarinaukri.com/jobs/ibps-crp-clerk-ibps-crp-clerk-2026--3968
IBPS CRP Clerk मध्ये ११४०३ रिक्त पदांची नवीन भरती २०२६ - IBPS CRP Clerk | Sarkari Naukri 2026,2,https://www.searchsarkarinaukri.com/jobs/ibps-crp-clerk-ibps-crp-clerk-2026--4952
IBPS PO मध्ये ६७१५ रिक्त पदांची नवीन भरती २०२६ - IBPS PO | Sarkari Naukri 2026,2,https://www.searchsarkarinaukri.com/jobs/ibps-po-ibps-po-2026--2604
IBPS PO मध्ये ६७१५ रिक्त पदांची नवीन भरती २०२६ - IBPS PO | Sarkari Naukri 2026,2,https://www.searchsarkarinaukri.com/jobs/ibps-po-ibps-po-2026--3419
IBPS SO मध्ये ७४५ रिक्त पदांची नवीन भरती २०२६ - IBPS SO | Sarkari Naukri 2026,2,https://www.searchsarkarinaukri.com/jobs/ibps-so-ibps-so-2026--2605
IBPS SO मध्ये ७४५ रिक्त पदांची नवीन भरती २०२६ - IBPS SO | Sarkari Naukri 2026,2,https://www.searchsarkarinaukri.com/jobs/ibps-so-ibps-so-2026--3420
Junior Research Fellow - ICAR-Central Marine Fisheries Research Institute | Sarkari Naukri 2026,2,https://www.searchsarkarinaukri.com/jobs/icar-central-marine-fisheries-research-institute-junior-research-fellow-2026--2195
Junior Research Fellow - ICAR-Central Marine Fisheries Research Institute | Sarkari Naukri 2026,2,https://www.searchsarkarinaukri.com/jobs/icar-central-marine-fisheries-research-institute-junior-research-fellow-2026--2196
Young Professional I - ICAR-Central Marine Fisheries Research Institute | Sarkari Naukri 2026,2,https://www.searchsarkarinaukri.com/jobs/icar-central-marine-fisheries-research-institute-young-professional-i-2026--1862
Young Professional I - ICAR-Central Marine Fisheries Research Institute | Sarkari Naukri 2026,2,https://www.searchsarkarinaukri.com/jobs/icar-central-marine-fisheries-research-institute-young-professional-i-2026--2322
Young Professional II - ICAR-Central Marine Fisheries Research Institute | Sarkari Naukri 2026,2,https://www.searchsarkarinaukri.com/jobs/icar-central-marine-fisheries-research-institute-young-professional-ii-2026--2853
Young Professional II - ICAR-Central Marine Fisheries Research Institute | Sarkari Naukri 2026,2,https://www.searchsarkarinaukri.com/jobs/icar-central-marine-fisheries-research-institute-young-professional-ii-2026--2941
Field Worker - ICAR-NBPGR | Sarkari Naukri 2026,2,https://www.searchsarkarinaukri.com/jobs/icar-nbpgr-field-worker-2026--2291
Field Worker - ICAR-NBPGR | Sarkari Naukri 2026,2,https://www.searchsarkarinaukri.com/jobs/icar-nbpgr-field-worker-2026--2609
Project Scientist III - ICAR-NBPGR | Sarkari Naukri 2026,2,https://www.searchsarkarinaukri.com/jobs/icar-nbpgr-project-scientist-iii-2026--2292
Project Scientist III - ICAR-NBPGR | Sarkari Naukri 2026,2,https://www.searchsarkarinaukri.com/jobs/icar-nbpgr-project-scientist-iii-2026--2610
Contractual position of Young Professional II - ICAR-NDRI (Deemed University) | Sarkari Naukri 2026,2,https://www.searchsarkarinaukri.com/jobs/icar-ndri-deemed-university-contractual-position-of-young-professional-ii-2026--2372
Contractual position of Young Professional II - ICAR-NDRI (Deemed University) | Sarkari Naukri 2026,2,https://www.searchsarkarinaukri.com/jobs/icar-ndri-deemed-university-contractual-position-of-young-professional-ii-2026--2373
Young Professional I - ICAR-Sugarcane Breeding Institute | Sarkari Naukri 2026,2,https://www.searchsarkarinaukri.com/jobs/icar-sugarcane-breeding-institute-young-professional-i-2026--1626
Young Professional I - ICAR-Sugarcane Breeding Institute | Sarkari Naukri 2026,2,https://www.searchsarkarinaukri.com/jobs/icar-sugarcane-breeding-institute-young-professional-i-2026--2817
Young Professional II - ICAR-Sugarcane Breeding Institute | Sarkari Naukri 2026,2,https://www.searchsarkarinaukri.com/jobs/icar-sugarcane-breeding-institute-young-professional-ii-2026--1472
Young Professional II - ICAR-Sugarcane Breeding Institute | Sarkari Naukri 2026,2,https://www.searchsarkarinaukri.com/jobs/icar-sugarcane-breeding-institute-young-professional-ii-2026--1625
ICT Mumbai १ पदांकरिता अधिकृत भरती सूचना २०२६ - ICT Mumbai | Sarkari Naukri 2026,2,https://www.searchsarkarinaukri.com/jobs/ict-mumbai-ict-mumbai-2026--1959
ICT Mumbai १ पदांकरिता अधिकृत भरती सूचना २०२६ - ICT Mumbai | Sarkari Naukri 2026,2,https://www.searchsarkarinaukri.com/jobs/ict-mumbai-ict-mumbai-2026--2786
ICT Mumbai ३ पदांकरिता अधिकृत भरती सूचना २०२६ - ICT Mumbai | Sarkari Naukri 2026,5,https://www.searchsarkarinaukri.com/jobs/ict-mumbai-ict-mumbai-2026--2179
ICT Mumbai ३ पदांकरिता अधिकृत भरती सूचना २०२६ - ICT Mumbai | Sarkari Naukri 2026,5,https://www.searchsarkarinaukri.com/jobs/ict-mumbai-ict-mumbai-2026--2834
ICT Mumbai ३ पदांकरिता अधिकृत भरती सूचना २०२६ - ICT Mumbai | Sarkari Naukri 2026,5,https://www.searchsarkarinaukri.com/jobs/ict-mumbai-ict-mumbai-2026--3716
ICT Mumbai ३ पदांकरिता अधिकृत भरती सूचना २०२६ - ICT Mumbai | Sarkari Naukri 2026,5,https://www.searchsarkarinaukri.com/jobs/ict-mumbai-ict-mumbai-2026--4070
ICT Mumbai ३ पदांकरिता अधिकृत भरती सूचना २०२६ - ICT Mumbai | Sarkari Naukri 2026,5,https://www.searchsarkarinaukri.com/jobs/ict-mumbai-ict-mumbai-2026--4427
ICT Mumbai २ पदांकरिता अधिकृत भरती सूचना २०२६ - ICT Mumbai | Sarkari Naukri 2026,2,https://www.searchsarkarinaukri.com/jobs/ict-mumbai-ict-mumbai-2026--2991
ICT Mumbai २ पदांकरिता अधिकृत भरती सूचना २०२६ - ICT Mumbai | Sarkari Naukri 2026,2,https://www.searchsarkarinaukri.com/jobs/ict-mumbai-ict-mumbai-2026--3518
IIPS Mumbai ५ पदांची नवीन रिक्त भरती जाहीर २०२६ - IIPS Mumbai | Sarkari Naukri 2026,2,https://www.searchsarkarinaukri.com/jobs/iips-mumbai-iips-mumbai-2026--1715
IIPS Mumbai ५ पदांची नवीन रिक्त भरती जाहीर २०२६ - IIPS Mumbai | Sarkari Naukri 2026,2,https://www.searchsarkarinaukri.com/jobs/iips-mumbai-iips-mumbai-2026--2243
IISER Pune ६ पदांची नवीन रिक्त भरती जाहीर २०२६ - IISER Pune | Sarkari Naukri 2026,4,https://www.searchsarkarinaukri.com/jobs/iiser-pune-iiser-pune-2026--1929
IISER Pune ६ पदांची नवीन रिक्त भरती जाहीर २०२६ - IISER Pune | Sarkari Naukri 2026,4,https://www.searchsarkarinaukri.com/jobs/iiser-pune-iiser-pune-2026--1981
IISER Pune ६ पदांची नवीन रिक्त भरती जाहीर २०२६ - IISER Pune | Sarkari Naukri 2026,4,https://www.searchsarkarinaukri.com/jobs/iiser-pune-iiser-pune-2026--2244
IISER Pune ६ पदांची नवीन रिक्त भरती जाहीर २०२६ - IISER Pune | Sarkari Naukri 2026,4,https://www.searchsarkarinaukri.com/jobs/iiser-pune-iiser-pune-2026--2796
IISER Pune ७ पदांची नवीन रिक्त भरती जाहीर २०२६ - IISER Pune | Sarkari Naukri 2026,2,https://www.searchsarkarinaukri.com/jobs/iiser-pune-iiser-pune-2026--2273
IISER Pune ७ पदांची नवीन रिक्त भरती जाहीर २०२६ - IISER Pune | Sarkari Naukri 2026,2,https://www.searchsarkarinaukri.com/jobs/iiser-pune-iiser-pune-2026--2982
IISER Pune ३ पदांची नवीन रिक्त भरती जाहीर २०२६ - IISER Pune | Sarkari Naukri 2026,2,https://www.searchsarkarinaukri.com/jobs/iiser-pune-iiser-pune-2026--3465
IISER Pune ३ पदांची नवीन रिक्त भरती जाहीर २०२६ - IISER Pune | Sarkari Naukri 2026,2,https://www.searchsarkarinaukri.com/jobs/iiser-pune-iiser-pune-2026--4083
IIT Goa अंतर्गत १ पदांची भरती जाहीर २०२६ - IIT Goa | Sarkari Naukri 2026,2,https://www.searchsarkarinaukri.com/jobs/iit-goa-iit-goa-2026--2838
IIT Goa अंतर्गत १ पदांची भरती जाहीर २०२६ - IIT Goa | Sarkari Naukri 2026,2,https://www.searchsarkarinaukri.com/jobs/iit-goa-iit-goa-2026--4006
IIT Goa अंतर्गत २ पदांची भरती जाहीर २०२६ - IIT Goa | Sarkari Naukri 2026,2,https://www.searchsarkarinaukri.com/jobs/iit-goa-iit-goa-2026--2984
IIT Goa अंतर्गत २ पदांची भरती जाहीर २०२६ - IIT Goa | Sarkari Naukri 2026,2,https://www.searchsarkarinaukri.com/jobs/iit-goa-iit-goa-2026--3298
Indian Air Force Agniveer भरती अपडेट २०२६ - Indian Air Force Agniveer | Sarkari Naukri 2026,3,https://www.searchsarkarinaukri.com/jobs/indian-air-force-agniveer-indian-air-force-agniveer-2026--2132
Indian Air Force Agniveer भरती अपडेट २०२६ - Indian Air Force Agniveer | Sarkari Naukri 2026,3,https://www.searchsarkarinaukri.com/jobs/indian-air-force-agniveer-indian-air-force-agniveer-2026--3164
Indian Air Force Agniveer भरती अपडेट २०२६ - Indian Air Force Agniveer | Sarkari Naukri 2026,3,https://www.searchsarkarinaukri.com/jobs/indian-air-force-agniveer-indian-air-force-agniveer-2026--3902
Indian Army 68th SSCW (Technical) Recruitment 2026 | Apply Online for 30 Posts,2,https://www.searchsarkarinaukri.com/jobs/indian-army-68th-sscw-technical-recruitment-2026-30-posts--2895
Indian Army 68th SSCW (Technical) Recruitment 2026 | Apply Online for 30 Posts,2,https://www.searchsarkarinaukri.com/jobs/indian-army-68th-sscw-technical-recruitment-2026-30-posts--2897
Research Assistant - Indian Council of Agricultural Research | Sarkari Naukri 2026,2,https://www.searchsarkarinaukri.com/jobs/indian-council-of-agricultural-research-research-assistant-2026--1371
Research Assistant - Indian Council of Agricultural Research | Sarkari Naukri 2026,2,https://www.searchsarkarinaukri.com/jobs/indian-council-of-agricultural-research-research-assistant-2026--1372
Young Professional II - Indian Council of Agricultural Research | Sarkari Naukri 2026,2,https://www.searchsarkarinaukri.com/jobs/indian-council-of-agricultural-research-young-professional-ii-2026--2050
Young Professional II - Indian Council of Agricultural Research | Sarkari Naukri 2026,2,https://www.searchsarkarinaukri.com/jobs/indian-council-of-agricultural-research-young-professional-ii-2026--2051
Director — Indian Council of Medical Research - Indian Council of Medical Research | Sarkari Naukri 2026,2,https://www.searchsarkarinaukri.com/jobs/indian-council-of-medical-research-director-indian-council-of-medical-2026--1376
Director — Indian Council of Medical Research - Indian Council of Medical Research | Sarkari Naukri 2026,2,https://www.searchsarkarinaukri.com/jobs/indian-council-of-medical-research-director-indian-council-of-medical-2026--2161
IRCTC भरती २०२६ — ३ रिक्त जागांकरिता अर्ज सुरु - IRCTC | Sarkari Naukri 2026,2,https://www.searchsarkarinaukri.com/jobs/irctc-irctc-2026--2759
IRCTC भरती २०२६ — ३ रिक्त जागांकरिता अर्ज सुरु - IRCTC | Sarkari Naukri 2026,2,https://www.searchsarkarinaukri.com/jobs/irctc-irctc-2026--3712
ISRO LPSC Technical Assistant Mechanical Recruitment 2026 – Apply Online for 6 Posts,2,https://www.searchsarkarinaukri.com/jobs/isro-lpsc-technical-assistant-chemical-recruitment-2026-apply-online--4978
ISRO LPSC Technical Assistant Mechanical Recruitment 2026 – Apply Online for 6 Posts,2,https://www.searchsarkarinaukri.com/jobs/isro-lpsc-technical-assistant-mechanical-recruitment-2026-apply-online-for-6-posts--4977
Jilhadhikari Karyalay Dhule १ पदांकरिता अधिकृत भरती सूचना २०२६ - Jilhadhikari Karyalay Dhule | Sarkari Naukri 2026,2,https://www.searchsarkarinaukri.com/jobs/jilhadhikari-karyalay-dhule-jilhadhikari-karyalay-dhule-2026--3525
Jilhadhikari Karyalay Dhule १ पदांकरिता अधिकृत भरती सूचना २०२६ - Jilhadhikari Karyalay Dhule | Sarkari Naukri 2026,2,https://www.searchsarkarinaukri.com/jobs/jilhadhikari-karyalay-dhule-jilhadhikari-karyalay-dhule-2026--4668
२५५ प्रशिक्षणार्थी पदांसाठी न्युक्लीयर पॉवर कार्पोरेशन भरती अपडेट - न्युक्लीयर पॉवर कार्पोरेशन | Sarkari Naukri 2026,2,https://www.searchsarkarinaukri.com/jobs/job-2026--1107
२५५ प्रशिक्षणार्थी पदांसाठी न्युक्लीयर पॉवर कार्पोरेशन भरती अपडेट - न्युक्लीयर पॉवर कार्पोरेशन | Sarkari Naukri 2026,2,https://www.searchsarkarinaukri.com/jobs/job-2026--2849
मुंबई कर्मचारी राज्य विमा निगम मध्ये २८ विविध रिक्त पदांची संधी - मुंबई कर्मचारी राज्य विमा निगम | Sarkari Naukri 2026,2,https://www.searchsarkarinaukri.com/jobs/job-2026--1114
मुंबई कर्मचारी राज्य विमा निगम मध्ये २८ विविध रिक्त पदांची संधी - मुंबई कर्मचारी राज्य विमा निगम | Sarkari Naukri 2026,2,https://www.searchsarkarinaukri.com/jobs/job-2026--1391
Kadamba Transport Corporation Ltd Goa ३०० पदांची नवीन रिक्त भरती जाहीर २०२६ - Kadamba Transport Corporation Ltd Goa |…,2,https://www.searchsarkarinaukri.com/jobs/kadamba-transport-corporation-ltd-goa-kadamba-transport-corporation-ltd-goa-2026--2261
Kadamba Transport Corporation Ltd Goa ३०० पदांची नवीन रिक्त भरती जाहीर २०२६ - Kadamba Transport Corporation Ltd Goa |…,2,https://www.searchsarkarinaukri.com/jobs/kadamba-transport-corporation-ltd-goa-kadamba-transport-corporation-ltd-goa-2026--2804
Kendriya Vidyalaya Kamptee विविध पदांची नवीन रिक्त भरती जाहीर २०२६ - Kendriya Vidyalaya Kamptee | Sarkari Naukri 2026,2,https://www.searchsarkarinaukri.com/jobs/kendriya-vidyalaya-kamptee-kendriya-vidyalaya-kamptee-2026--2284
Kendriya Vidyalaya Kamptee विविध पदांची नवीन रिक्त भरती जाहीर २०२६ - Kendriya Vidyalaya Kamptee | Sarkari Naukri 2026,2,https://www.searchsarkarinaukri.com/jobs/kendriya-vidyalaya-kamptee-kendriya-vidyalaya-kamptee-2026--3474
Kendriya Vidyalaya Of Varangaon पदांकरिता अधिकृत भरती सूचना २०२६ - Kendriya Vidyalaya Of Varangaon | Sarkari Naukri 2026,2,https://www.searchsarkarinaukri.com/jobs/kendriya-vidyalaya-of-varangaon-kendriya-vidyalaya-of-varangaon-2026--2152
Kendriya Vidyalaya Of Varangaon पदांकरिता अधिकृत भरती सूचना २०२६ - Kendriya Vidyalaya Of Varangaon | Sarkari Naukri 2026,2,https://www.searchsarkarinaukri.com/jobs/kendriya-vidyalaya-of-varangaon-kendriya-vidyalaya-of-varangaon-2026--4947
Kendriya Vidyalaya Pune पदांकरिता अधिकृत भरती सूचना २०२६ - Kendriya Vidyalaya Pune | Sarkari Naukri 2026,4,https://www.searchsarkarinaukri.com/jobs/kendriya-vidyalaya-pune-kendriya-vidyalaya-pune-2026--1729
Kendriya Vidyalaya Pune पदांकरिता अधिकृत भरती सूचना २०२६ - Kendriya Vidyalaya Pune | Sarkari Naukri 2026,4,https://www.searchsarkarinaukri.com/jobs/kendriya-vidyalaya-pune-kendriya-vidyalaya-pune-2026--2271
Kendriya Vidyalaya Pune पदांकरिता अधिकृत भरती सूचना २०२६ - Kendriya Vidyalaya Pune | Sarkari Naukri 2026,4,https://www.searchsarkarinaukri.com/jobs/kendriya-vidyalaya-pune-kendriya-vidyalaya-pune-2026--2511
Kendriya Vidyalaya Pune पदांकरिता अधिकृत भरती सूचना २०२६ - Kendriya Vidyalaya Pune | Sarkari Naukri 2026,4,https://www.searchsarkarinaukri.com/jobs/kendriya-vidyalaya-pune-kendriya-vidyalaya-pune-2026--5002
Kendriya Vidyalaya Washim भरती अपडेट २०२६ - Kendriya Vidyalaya Washim | Sarkari Naukri 2026,3,https://www.searchsarkarinaukri.com/jobs/kendriya-vidyalaya-washim-kendriya-vidyalaya-washim-2026--2557
Kendriya Vidyalaya Washim भरती अपडेट २०२६ - Kendriya Vidyalaya Washim | Sarkari Naukri 2026,3,https://www.searchsarkarinaukri.com/jobs/kendriya-vidyalaya-washim-kendriya-vidyalaya-washim-2026--3305
Kendriya Vidyalaya Washim भरती अपडेट २०२६ - Kendriya Vidyalaya Washim | Sarkari Naukri 2026,3,https://www.searchsarkarinaukri.com/jobs/kendriya-vidyalaya-washim-kendriya-vidyalaya-washim-2026--4485
K.K. Wagh Education Society Nashik भरती अपडेट २०२६ - K.K. Wagh Education Society Nashik | Sarkari Naukri 2026,2,https://www.searchsarkarinaukri.com/jobs/kk-wagh-education-society-nashik-kk-wagh-education-society-nashik-2026--2185
K.K. Wagh Education Society Nashik भरती अपडेट २०२६ - K.K. Wagh Education Society Nashik | Sarkari Naukri 2026,2,https://www.searchsarkarinaukri.com/jobs/kk-wagh-education-society-nashik-kk-wagh-education-society-nashik-2026--2983
KVS Ahilyanagar मध्ये ३ रिक्त पदांची नवीन भरती २०२६ - KVS Ahilyanagar | Sarkari Naukri 2026,2,https://www.searchsarkarinaukri.com/jobs/kvs-ahilyanagar-kvs-ahilyanagar-2026--2795
KVS Ahilyanagar मध्ये ३ रिक्त पदांची नवीन भरती २०२६ - KVS Ahilyanagar | Sarkari Naukri 2026,2,https://www.searchsarkarinaukri.com/jobs/kvs-ahilyanagar-kvs-ahilyanagar-2026--3352
Maha Waqf ६ पदांकरिता अधिकृत भरती सूचना २०२६ - Maha Waqf | Sarkari Naukri 2026,2,https://www.searchsarkarinaukri.com/jobs/maha-waqf-maha-waqf-2026--1901
Maha Waqf ६ पदांकरिता अधिकृत भरती सूचना २०२६ - Maha Waqf | Sarkari Naukri 2026,2,https://www.searchsarkarinaukri.com/jobs/maha-waqf-maha-waqf-2026--1962
Mazagon Dock भरती २०२६ — ४९५ रिक्त जागांकरिता अर्ज सुरु - Mazagon Dock | Sarkari Naukri 2026,2,https://www.searchsarkarinaukri.com/jobs/mazagon-dock-mazagon-dock-2026--1879
Mazagon Dock भरती २०२६ — ४९५ रिक्त जागांकरिता अर्ज सुरु - Mazagon Dock | Sarkari Naukri 2026,2,https://www.searchsarkarinaukri.com/jobs/mazagon-dock-mazagon-dock-2026--2615
MGIMS Wardha १ पदांकरिता अधिकृत भरती सूचना २०२६ - MGIMS Wardha | Sarkari Naukri 2026,2,https://www.searchsarkarinaukri.com/jobs/mgims-wardha-mgims-wardha-2026--1884
MGIMS Wardha १ पदांकरिता अधिकृत भरती सूचना २०२६ - MGIMS Wardha | Sarkari Naukri 2026,2,https://www.searchsarkarinaukri.com/jobs/mgims-wardha-mgims-wardha-2026--3247
Ministry Of Jal Shakti ७ पदांची नवीन रिक्त भरती जाहीर २०२६ - Ministry Of Jal Shakti | Sarkari Naukri 2026,4,https://www.searchsarkarinaukri.com/jobs/ministry-of-jal-shakti-ministry-of-jal-shakti-2026--1974
Ministry Of Jal Shakti ७ पदांची नवीन रिक्त भरती जाहीर २०२६ - Ministry Of Jal Shakti | Sarkari Naukri 2026,4,https://www.searchsarkarinaukri.com/jobs/ministry-of-jal-shakti-ministry-of-jal-shakti-2026--2026
Ministry Of Jal Shakti ७ पदांची नवीन रिक्त भरती जाहीर २०२६ - Ministry Of Jal Shakti | Sarkari Naukri 2026,4,https://www.searchsarkarinaukri.com/jobs/ministry-of-jal-shakti-ministry-of-jal-shakti-2026--2347
Ministry Of Jal Shakti ७ पदांची नवीन रिक्त भरती जाहीर २०२६ - Ministry Of Jal Shakti | Sarkari Naukri 2026,4,https://www.searchsarkarinaukri.com/jobs/ministry-of-jal-shakti-ministry-of-jal-shakti-2026--2618
MNRE ६ पदांकरिता अधिकृत भरती सूचना २०२६ - MNRE | Sarkari Naukri 2026,2,https://www.searchsarkarinaukri.com/jobs/mnre-mnre-2026--2300
MNRE ६ पदांकरिता अधिकृत भरती सूचना २०२६ - MNRE | Sarkari Naukri 2026,2,https://www.searchsarkarinaukri.com/jobs/mnre-mnre-2026--4883
४ पदांकरिता MPKV भरती अपडेट २०२६ - MPKV | Sarkari Naukri 2026,2,https://www.searchsarkarinaukri.com/jobs/mpkv-mpkv-2026--2500
४ पदांकरिता MPKV भरती अपडेट २०२६ - MPKV | Sarkari Naukri 2026,2,https://www.searchsarkarinaukri.com/jobs/mpkv-mpkv-2026--4015
१ पदांकरिता MPKV भरती अपडेट २०२६ - MPKV | Sarkari Naukri 2026,2,https://www.searchsarkarinaukri.com/jobs/mpkv-mpkv-2026--3719
१ पदांकरिता MPKV भरती अपडेट २०२६ - MPKV | Sarkari Naukri 2026,2,https://www.searchsarkarinaukri.com/jobs/mpkv-mpkv-2026--4578
MPSC Group C ५७०७ पदांची नवीन रिक्त भरती जाहीर २०२६ - MPSC Group C | Sarkari Naukri 2026,3,https://www.searchsarkarinaukri.com/jobs/mpsc-group-c-mpsc-group-c-2026--3470
MPSC Group C ५७०७ पदांची नवीन रिक्त भरती जाहीर २०२६ - MPSC Group C | Sarkari Naukri 2026,3,https://www.searchsarkarinaukri.com/jobs/mpsc-group-c-mpsc-group-c-2026--4020
MPSC Group C ५७०७ पदांची नवीन रिक्त भरती जाहीर २०२६ - MPSC Group C | Sarkari Naukri 2026,3,https://www.searchsarkarinaukri.com/jobs/mpsc-group-c-mpsc-group-c-2026--4136
MPSC Group C Services Combined Preliminary Examination २६१९ पदांची नवीन रिक्त भरती जाहीर २०२६ - MPSC Group C Services…,2,https://www.searchsarkarinaukri.com/jobs/mpsc-group-c-services-combined-preliminary-examination-mpsc-group-c-services-combined-preliminary-20--2386
MPSC Group C Services Combined Preliminary Examination २६१९ पदांची नवीन रिक्त भरती जाहीर २०२६ - MPSC Group C Services…,2,https://www.searchsarkarinaukri.com/jobs/mpsc-group-c-services-combined-preliminary-examination-mpsc-group-c-services-combined-preliminary-20--3213
Mumbai Metropolitan Region Slum Rehabilitation Authorities मध्ये ३ रिक्त पदांची नवीन भरती २०२६ - Mumbai Metropolitan…,2,https://www.searchsarkarinaukri.com/jobs/mumbai-metropolitan-region-slum-rehabilitation-authorities-mumbai-metropolitan-region-slum-rehabilit--2145
Mumbai Metropolitan Region Slum Rehabilitation Authorities मध्ये ३ रिक्त पदांची नवीन भरती २०२६ - Mumbai Metropolitan…,2,https://www.searchsarkarinaukri.com/jobs/mumbai-metropolitan-region-slum-rehabilitation-authorities-mumbai-metropolitan-region-slum-rehabilit--4139
६५ पदांकरिता Mumbai Port Trust भरती अपडेट २०२६ - Mumbai Port Trust | Sarkari Naukri 2026,2,https://www.searchsarkarinaukri.com/jobs/mumbai-port-trust-mumbai-port-trust-2026--4273
६५ पदांकरिता Mumbai Port Trust भरती अपडेट २०२६ - Mumbai Port Trust | Sarkari Naukri 2026,2,https://www.searchsarkarinaukri.com/jobs/mumbai-port-trust-mumbai-port-trust-2026--4829
NABFINS Customer Service Officer Recruitment 2026 – Apply Online,2,https://www.searchsarkarinaukri.com/jobs/nabfins-customer-service-officer-recruitment-2026--4570
NABFINS Customer Service Officer Recruitment 2026 – Apply Online,2,https://www.searchsarkarinaukri.com/jobs/nabfins-customer-service-officer-recruitment-2026--4905
National Film Development Corporation Mumbai अंतर्गत १ पदांची भरती जाहीर २०२६ - National Film Development Corporation…,2,https://www.searchsarkarinaukri.com/jobs/national-film-development-corporation-mumbai-national-film-development-corporation-mumbai-2026--3120
National Film Development Corporation Mumbai अंतर्गत १ पदांची भरती जाहीर २०२६ - National Film Development Corporation…,2,https://www.searchsarkarinaukri.com/jobs/national-film-development-corporation-mumbai-national-film-development-corporation-mumbai-2026--4788
१८५३ पदांकरिता NCR भरती अपडेट २०२६ - NCR | Sarkari Naukri 2026,2,https://www.searchsarkarinaukri.com/jobs/ncr-ncr-2026--2836
१८५३ पदांकरिता NCR भरती अपडेट २०२६ - NCR | Sarkari Naukri 2026,2,https://www.searchsarkarinaukri.com/jobs/ncr-ncr-2026--4782
१ पदांकरिता NEERI Nagpur भरती अपडेट २०२६ - NEERI Nagpur | Sarkari Naukri 2026,3,https://www.searchsarkarinaukri.com/jobs/neeri-nagpur-neeri-nagpur-2026--2364
१ पदांकरिता NEERI Nagpur भरती अपडेट २०२६ - NEERI Nagpur | Sarkari Naukri 2026,3,https://www.searchsarkarinaukri.com/jobs/neeri-nagpur-neeri-nagpur-2026--2495
१ पदांकरिता NEERI Nagpur भरती अपडेट २०२६ - NEERI Nagpur | Sarkari Naukri 2026,3,https://www.searchsarkarinaukri.com/jobs/neeri-nagpur-neeri-nagpur-2026--3648
१ पदांकरिता NHM Latur भरती अपडेट २०२६ - NHM Latur | Sarkari Naukri 2026,2,https://www.searchsarkarinaukri.com/jobs/nhm-latur-nhm-latur-2026--3660
१ पदांकरिता NHM Latur भरती अपडेट २०२६ - NHM Latur | Sarkari Naukri 2026,2,https://www.searchsarkarinaukri.com/jobs/nhm-latur-nhm-latur-2026--3778
NMU Jalgaon भरती २०२६ — रिक्त पदांकरिता अर्ज सुरु - NMU Jalgaon | Sarkari Naukri 2026,2,https://www.searchsarkarinaukri.com/jobs/nmu-jalgaon-nmu-jalgaon-2026--2468
NMU Jalgaon भरती २०२६ — रिक्त पदांकरिता अर्ज सुरु - NMU Jalgaon | Sarkari Naukri 2026,2,https://www.searchsarkarinaukri.com/jobs/nmu-jalgaon-nmu-jalgaon-2026--4319
Ordnance Factory Chanda १४० पदांची नवीन रिक्त भरती जाहीर २०२६ - Ordnance Factory Chanda | Sarkari Naukri 2026,2,https://www.searchsarkarinaukri.com/jobs/ordnance-factory-chanda-ordnance-factory-chanda-2026--2020
Ordnance Factory Chanda १४० पदांची नवीन रिक्त भरती जाहीर २०२६ - Ordnance Factory Chanda | Sarkari Naukri 2026,2,https://www.searchsarkarinaukri.com/jobs/ordnance-factory-chanda-ordnance-factory-chanda-2026--2058
Panjabrao Deshmukh Krishi Vidyapeeth Akola २ पदांकरिता अधिकृत भरती सूचना २०२६ - Panjabrao Deshmukh Krishi Vidyapeeth…,2,https://www.searchsarkarinaukri.com/jobs/panjabrao-deshmukh-krishi-vidyapeeth-akola-panjabrao-deshmukh-krishi-vidyapeeth-akola-2026--1944
Panjabrao Deshmukh Krishi Vidyapeeth Akola २ पदांकरिता अधिकृत भरती सूचना २०२६ - Panjabrao Deshmukh Krishi Vidyapeeth…,2,https://www.searchsarkarinaukri.com/jobs/panjabrao-deshmukh-krishi-vidyapeeth-akola-panjabrao-deshmukh-krishi-vidyapeeth-akola-2026--3532
Pune District Education Association १ पदांकरिता अधिकृत भरती सूचना २०२६ - Pune District Education Association | Sarkari…,2,https://www.searchsarkarinaukri.com/jobs/pune-district-education-association-pune-district-education-association-2026--2716
Pune District Education Association १ पदांकरिता अधिकृत भरती सूचना २०२६ - Pune District Education Association | Sarkari…,2,https://www.searchsarkarinaukri.com/jobs/pune-district-education-association-pune-district-education-association-2026--3413
९४ पदांकरिता RCFL Mumbai भरती अपडेट २०२६ - RCFL Mumbai | Sarkari Naukri 2026,2,https://www.searchsarkarinaukri.com/jobs/rcfl-mumbai-rcfl-mumbai-2026--4382
९४ पदांकरिता RCFL Mumbai भरती अपडेट २०२६ - RCFL Mumbai | Sarkari Naukri 2026,2,https://www.searchsarkarinaukri.com/jobs/rcfl-mumbai-rcfl-mumbai-2026--5000
RCSM Agriculture College Kolhapur मध्ये १ रिक्त पदांची नवीन भरती २०२६ - RCSM Agriculture College Kolhapur | Sarkari…,2,https://www.searchsarkarinaukri.com/jobs/rcsm-agriculture-college-kolhapur-rcsm-agriculture-college-kolhapur-2026--2501
RCSM Agriculture College Kolhapur मध्ये १ रिक्त पदांची नवीन भरती २०२६ - RCSM Agriculture College Kolhapur | Sarkari…,2,https://www.searchsarkarinaukri.com/jobs/rcsm-agriculture-college-kolhapur-rcsm-agriculture-college-kolhapur-2026--2875
SAIL RSP Production Apprentice Recruitment 2026 – 10 Posts,2,https://www.searchsarkarinaukri.com/jobs/sail-rsp-graduate-apprentice-production-recruitment-2026--4459
SAIL RSP Production Apprentice Recruitment 2026 – 10 Posts,2,https://www.searchsarkarinaukri.com/jobs/sail-rsp-graduate-apprentice-production-recruitment-2026--4468
Sangli Urban Co-Op Bank भरती २०२६ — ९ रिक्त जागांकरिता अर्ज सुरु - Sangli Urban Co-Op Bank | Sarkari Naukri 2026,2,https://www.searchsarkarinaukri.com/jobs/sangli-urban-co-op-bank-sangli-urban-co-op-bank-2026--2541
Sangli Urban Co-Op Bank भरती २०२६ — ९ रिक्त जागांकरिता अर्ज सुरु - Sangli Urban Co-Op Bank | Sarkari Naukri 2026,2,https://www.searchsarkarinaukri.com/jobs/sangli-urban-co-op-bank-sangli-urban-co-op-bank-2026--2593
४ पदांकरिता SECR Nagpur भरती अपडेट २०२६ - SECR Nagpur | Sarkari Naukri 2026,2,https://www.searchsarkarinaukri.com/jobs/secr-nagpur-secr-nagpur-2026--2705
४ पदांकरिता SECR Nagpur भरती अपडेट २०२६ - SECR Nagpur | Sarkari Naukri 2026,2,https://www.searchsarkarinaukri.com/jobs/secr-nagpur-secr-nagpur-2026--3416
SGBAU Amravati अंतर्गत १० पदांची भरती जाहीर २०२६ - SGBAU Amravati | Sarkari Naukri 2026,2,https://www.searchsarkarinaukri.com/jobs/sgbau-amravati-sgbau-amravati-2026--2880
SGBAU Amravati अंतर्गत १० पदांची भरती जाहीर २०२६ - SGBAU Amravati | Sarkari Naukri 2026,2,https://www.searchsarkarinaukri.com/jobs/sgbau-amravati-sgbau-amravati-2026--3255
३६ पदांकरिता Shri Shivaji Shikshan Prasarak Mandal Solapur भरती अपडेट २०२६ - Shri Shivaji Shikshan Prasarak Mandal…,2,https://www.searchsarkarinaukri.com/jobs/shri-shivaji-shikshan-prasarak-mandal-solapur-shri-shivaji-shikshan-prasarak-2026--4265
३६ पदांकरिता Shri Shivaji Shikshan Prasarak Mandal Solapur भरती अपडेट २०२६ - Shri Shivaji Shikshan Prasarak Mandal…,2,https://www.searchsarkarinaukri.com/jobs/shri-shivaji-shikshan-prasarak-mandal-solapur-shri-shivaji-shikshan-prasarak-2026--4333
Sindhudurg DCC Bank Peon Recruitment 2026 – Apply Online for 32 Posts,2,https://www.searchsarkarinaukri.com/jobs/sindhudurg-dcc-bank-peon-recruitment-2026--4843
Sindhudurg DCC Bank Peon Recruitment 2026 – Apply Online for 32 Posts,2,https://www.searchsarkarinaukri.com/jobs/sindhudurg-dcc-bank-shipai-peon-recruitment-2026--4873
Engagement to Project Associate I - SIR-Central Food Technological Research Institute | Sarkari Naukri 2026,4,https://www.searchsarkarinaukri.com/jobs/sir-central-food-technological-research-institute-engagement-to-project-associate-i-2026--1637
Engagement to Project Associate I - SIR-Central Food Technological Research Institute | Sarkari Naukri 2026,4,https://www.searchsarkarinaukri.com/jobs/sir-central-food-technological-research-institute-engagement-to-project-associate-i-2026--2407
Engagement to Project Associate I - SIR-Central Food Technological Research Institute | Sarkari Naukri 2026,4,https://www.searchsarkarinaukri.com/jobs/sir-central-food-technological-research-institute-engagement-to-project-associate-i-2026--2680
Engagement to Project Associate I - SIR-Central Food Technological Research Institute | Sarkari Naukri 2026,4,https://www.searchsarkarinaukri.com/jobs/sir-central-food-technological-research-institute-engagement-to-project-associate-i-2026--2682
SNDT Women University Mumbai मध्ये ३२ रिक्त पदांची नवीन भरती २०२६ - SNDT Women University Mumbai | Sarkari Naukri 2026,2,https://www.searchsarkarinaukri.com/jobs/sndt-women-university-mumbai-sndt-women-university-mumbai-2026--1844
SNDT Women University Mumbai मध्ये ३२ रिक्त पदांची नवीन भरती २०२६ - SNDT Women University Mumbai | Sarkari Naukri 2026,2,https://www.searchsarkarinaukri.com/jobs/sndt-women-university-mumbai-sndt-women-university-mumbai-2026--1995
South Indian Bank विविध पदांची नवीन रिक्त भरती जाहीर २०२६ - South Indian Bank | Sarkari Naukri 2026,2,https://www.searchsarkarinaukri.com/jobs/south-indian-bank-south-indian-bank-2026--3529
South Indian Bank विविध पदांची नवीन रिक्त भरती जाहीर २०२६ - South Indian Bank | Sarkari Naukri 2026,2,https://www.searchsarkarinaukri.com/jobs/south-indian-bank-south-indian-bank-2026--4832
SSC JSA LDC Recruitment 2026 | Apply Online for 49 Posts,2,https://www.searchsarkarinaukri.com/jobs/ssc-junior-secretariat-assistant-jsa-lower-division-clerk-ldc-recruitment-2026--2946
SSC JSA LDC Recruitment 2026 | Apply Online for 49 Posts,2,https://www.searchsarkarinaukri.com/jobs/ssc-junior-secretariat-assistant-jsa-lower-division-clerk-ldc-recruitment-2026--3019
Staff Selection Commission ३७६ पदांची नवीन रिक्त भरती जाहीर २०२६ - Staff Selection Commission | Sarkari Naukri 2026,2,https://www.searchsarkarinaukri.com/jobs/staff-selection-commission-staff-selection-commission-2026--1751
Staff Selection Commission ३७६ पदांची नवीन रिक्त भरती जाहीर २०२६ - Staff Selection Commission | Sarkari Naukri 2026,2,https://www.searchsarkarinaukri.com/jobs/staff-selection-commission-staff-selection-commission-2026--2375
Tadoba Tiger Reserve Chandrapur ३ पदांकरिता अधिकृत भरती सूचना २०२६ - Tadoba Tiger Reserve Chandrapur | Sarkari Naukri…,2,https://www.searchsarkarinaukri.com/jobs/tadoba-tiger-reserve-chandrapur-tadoba-tiger-reserve-chandrapur-2026--3089
Tadoba Tiger Reserve Chandrapur ३ पदांकरिता अधिकृत भरती सूचना २०२६ - Tadoba Tiger Reserve Chandrapur | Sarkari Naukri…,2,https://www.searchsarkarinaukri.com/jobs/tadoba-tiger-reserve-chandrapur-tadoba-tiger-reserve-chandrapur-2026--3656
SCIENTIFIC OFFICER C - TATA INSTITUTE OF FUNDAMENTAL RESEARCH | Sarkari Naukri 2026,2,https://www.searchsarkarinaukri.com/jobs/tata-institute-of-fundamental-research-scientific-officer-c-2026--2052
SCIENTIFIC OFFICER C - TATA INSTITUTE OF FUNDAMENTAL RESEARCH | Sarkari Naukri 2026,2,https://www.searchsarkarinaukri.com/jobs/tata-institute-of-fundamental-research-scientific-officer-c-2026--2053
४१ पदांकरिता TIFR Mumbai भरती अपडेट २०२६ - TIFR Mumbai | Sarkari Naukri 2026,2,https://www.searchsarkarinaukri.com/jobs/tifr-mumbai-tifr-mumbai-2026--1960
४१ पदांकरिता TIFR Mumbai भरती अपडेट २०२६ - TIFR Mumbai | Sarkari Naukri 2026,2,https://www.searchsarkarinaukri.com/jobs/tifr-mumbai-tifr-mumbai-2026--2064
Tirupati Urban Bank Nagpur मध्ये रिक्त पदांची नवीन भरती २०२६ - Tirupati Urban Bank Nagpur | Sarkari Naukri 2026,2,https://www.searchsarkarinaukri.com/jobs/tirupati-urban-bank-nagpur-tirupati-urban-bank-nagpur-2026--1956
Tirupati Urban Bank Nagpur मध्ये रिक्त पदांची नवीन भरती २०२६ - Tirupati Urban Bank Nagpur | Sarkari Naukri 2026,2,https://www.searchsarkarinaukri.com/jobs/tirupati-urban-bank-nagpur-tirupati-urban-bank-nagpur-2026--3090
TISS Mumbai अंतर्गत १८ पदांची भरती जाहीर २०२६ - TISS Mumbai | Sarkari Naukri 2026,2,https://www.searchsarkarinaukri.com/jobs/tiss-mumbai-tiss-mumbai-2026--1837
TISS Mumbai अंतर्गत १८ पदांची भरती जाहीर २०२६ - TISS Mumbai | Sarkari Naukri 2026,2,https://www.searchsarkarinaukri.com/jobs/tiss-mumbai-tiss-mumbai-2026--1913
TISS Mumbai अंतर्गत ३५ पदांची भरती जाहीर २०२६ - TISS Mumbai | Sarkari Naukri 2026,2,https://www.searchsarkarinaukri.com/jobs/tiss-mumbai-tiss-mumbai-2026--2029
TISS Mumbai अंतर्गत ३५ पदांची भरती जाहीर २०२६ - TISS Mumbai | Sarkari Naukri 2026,2,https://www.searchsarkarinaukri.com/jobs/tiss-mumbai-tiss-mumbai-2026--2263
TISS Mumbai अंतर्गत २ पदांची भरती जाहीर २०२६ - TISS Mumbai | Sarkari Naukri 2026,3,https://www.searchsarkarinaukri.com/jobs/tiss-mumbai-tiss-mumbai-2026--3403
TISS Mumbai अंतर्गत २ पदांची भरती जाहीर २०२६ - TISS Mumbai | Sarkari Naukri 2026,3,https://www.searchsarkarinaukri.com/jobs/tiss-mumbai-tiss-mumbai-2026--3910
TISS Mumbai अंतर्गत २ पदांची भरती जाहीर २०२६ - TISS Mumbai | Sarkari Naukri 2026,3,https://www.searchsarkarinaukri.com/jobs/tiss-mumbai-tiss-mumbai-2026--4264
TMC Mumbai ३ पदांकरिता अधिकृत भरती सूचना २०२६ - TMC Mumbai | Sarkari Naukri 2026,2,https://www.searchsarkarinaukri.com/jobs/tmc-mumbai-tmc-mumbai-2026--1739
TMC Mumbai ३ पदांकरिता अधिकृत भरती सूचना २०२६ - TMC Mumbai | Sarkari Naukri 2026,2,https://www.searchsarkarinaukri.com/jobs/tmc-mumbai-tmc-mumbai-2026--2536
TMC Mumbai २ पदांकरिता अधिकृत भरती सूचना २०२६ - TMC Mumbai | Sarkari Naukri 2026,2,https://www.searchsarkarinaukri.com/jobs/tmc-mumbai-tmc-mumbai-2026--1986
TMC Mumbai २ पदांकरिता अधिकृत भरती सूचना २०२६ - TMC Mumbai | Sarkari Naukri 2026,2,https://www.searchsarkarinaukri.com/jobs/tmc-mumbai-tmc-mumbai-2026--2022
Union Bank Storage Administrator Recruitment 2026 Apply Online,2,https://www.searchsarkarinaukri.com/jobs/union-bank-of-india-storage-administrator-recruitment-2026-apply-online-for-2-posts--3489
Union Bank Storage Administrator Recruitment 2026 Apply Online,2,https://www.searchsarkarinaukri.com/jobs/union-bank-of-india-storage-administrator-recruitment-2026-apply-online-for-3-posts--3451
Union Bank Windows Administrator Recruitment 2026 Apply Online,2,https://www.searchsarkarinaukri.com/jobs/union-bank-of-india-windows-administrator-recruitment-2026-apply-online-for-2-posts--3493
Union Bank Windows Administrator Recruitment 2026 Apply Online,2,https://www.searchsarkarinaukri.com/jobs/union-bank-of-india-windows-administrator-recruitment-2026-apply-online-for-4-posts--3449
UPSC CDS अंतर्गत ४५१ पदांची भरती जाहीर २०२६ - UPSC CDS | Sarkari Naukri 2026,2,https://www.searchsarkarinaukri.com/jobs/upsc-cds-upsc-cds-2026--1717
UPSC CDS अंतर्गत ४५१ पदांची भरती जाहीर २०२६ - UPSC CDS | Sarkari Naukri 2026,2,https://www.searchsarkarinaukri.com/jobs/upsc-cds-upsc-cds-2026--1827
UPSC NDA अंतर्गत ३९४ पदांची भरती जाहीर २०२६ - UPSC NDA | Sarkari Naukri 2026,2,https://www.searchsarkarinaukri.com/jobs/upsc-nda-upsc-nda-2026--1718
UPSC NDA अंतर्गत ३९४ पदांची भरती जाहीर २०२६ - UPSC NDA | Sarkari Naukri 2026,2,https://www.searchsarkarinaukri.com/jobs/upsc-nda-upsc-nda-2026--1828
VNIT Nagpur अंतर्गत ३ पदांची भरती जाहीर २०२६ - VNIT Nagpur | Sarkari Naukri 2026,2,https://www.searchsarkarinaukri.com/jobs/vnit-nagpur-vnit-nagpur-2026--2168
VNIT Nagpur अंतर्गत ३ पदांची भरती जाहीर २०२६ - VNIT Nagpur | Sarkari Naukri 2026,2,https://www.searchsarkarinaukri.com/jobs/vnit-nagpur-vnit-nagpur-2026--4957
VNIT Nagpur अंतर्गत १ पदांची भरती जाहीर २०२६ - VNIT Nagpur | Sarkari Naukri 2026,2,https://www.searchsarkarinaukri.com/jobs/vnit-nagpur-vnit-nagpur-2026--2791
VNIT Nagpur अंतर्गत १ पदांची भरती जाहीर २०२६ - VNIT Nagpur | Sarkari Naukri 2026,2,https://www.searchsarkarinaukri.com/jobs/vnit-nagpur-vnit-nagpur-2026--3463
Wcl Nagpur ४४४ पदांची नवीन रिक्त भरती जाहीर २०२६ - Wcl Nagpur | Sarkari Naukri 2026,3,https://www.searchsarkarinaukri.com/jobs/wcl-nagpur-wcl-nagpur-2026--2603
Wcl Nagpur ४४४ पदांची नवीन रिक्त भरती जाहीर २०२६ - Wcl Nagpur | Sarkari Naukri 2026,3,https://www.searchsarkarinaukri.com/jobs/wcl-nagpur-wcl-nagpur-2026--3270
Wcl Nagpur ४४४ पदांची नवीन रिक्त भरती जाहीर २०२६ - Wcl Nagpur | Sarkari Naukri 2026,3,https://www.searchsarkarinaukri.com/jobs/wcl-nagpur-wcl-nagpur-2026--3310
"Manipur expands sports quota, silver and bronze medallists to get government jobs - India Today NE | SearchSarkariNaukri News",2,https://www.searchsarkarinaukri.com/news/295836
"Manipur expands sports quota, silver and bronze medallists to get government jobs - India Today NE | SearchSarkariNaukri News",2,https://www.searchsarkarinaukri.com/news/296160
"Top Jobs of the Week: Recruitment opens for 2,482 posts in Bank of Baroda; 1,421vacancies available in Rail... - Bhaskar English | SearchSarkariNaukri News",2,https://www.searchsarkarinaukri.com/news/296161
"Top Jobs of the Week: Recruitment opens for 2,482 posts in Bank of Baroda; 1,421vacancies available in Rail... - Bhaskar English | SearchSarkariNaukri News",2,https://www.searchsarkarinaukri.com/news/298752
MPSC Result 2026 Result 2026 | SearchSarkariNaukri,4,https://www.searchsarkarinaukri.com/results/15
MPSC Result 2026 Result 2026 | SearchSarkariNaukri,4,https://www.searchsarkarinaukri.com/results/59
MPSC Result 2026 Result 2026 | SearchSarkariNaukri,4,https://www.searchsarkarinaukri.com/results/66
MPSC Result 2026 Result 2026 | SearchSarkariNaukri,4,https://www.searchsarkarinaukri.com/results/77
MPSC Rajyaseva Result 2024 Result 2026 | SearchSarkariNaukri,3,https://www.searchsarkarinaukri.com/results/16
MPSC Rajyaseva Result 2024 Result 2026 | SearchSarkariNaukri,3,https://www.searchsarkarinaukri.com/results/72
MPSC Rajyaseva Result 2024 Result 2026 | SearchSarkariNaukri,3,https://www.searchsarkarinaukri.com/results/78
SSC CGL Result 2025 Result 2026 | SearchSarkariNaukri,10,https://www.searchsarkarinaukri.com/results/18
SSC CGL Result 2025 Result 2026 | SearchSarkariNaukri,10,https://www.searchsarkarinaukri.com/results/26
SSC CGL Result 2025 Result 2026 | SearchSarkariNaukri,10,https://www.searchsarkarinaukri.com/results/35
SSC CGL Result 2025 Result 2026 | SearchSarkariNaukri,10,https://www.searchsarkarinaukri.com/results/41
SSC CGL Result 2025 Result 2026 | SearchSarkariNaukri,10,https://www.searchsarkarinaukri.com/results/49
SSC CGL Result 2025 Result 2026 | SearchSarkariNaukri,10,https://www.searchsarkarinaukri.com/results/54
SSC CGL Result 2025 Result 2026 | SearchSarkariNaukri,10,https://www.searchsarkarinaukri.com/results/62
SSC CGL Result 2025 Result 2026 | SearchSarkariNaukri,10,https://www.searchsarkarinaukri.com/results/69
SSC CGL Result 2025 Result 2026 | SearchSarkariNaukri,10,https://www.searchsarkarinaukri.com/results/75
SSC CGL Result 2025 Result 2026 | SearchSarkariNaukri,10,https://www.searchsarkarinaukri.com/results/80
UPSC CSE Result 2026 Result 2026 | SearchSarkariNaukri,4,https://www.searchsarkarinaukri.com/results/21
UPSC CSE Result 2026 Result 2026 | SearchSarkariNaukri,4,https://www.searchsarkarinaukri.com/results/28
UPSC CSE Result 2026 Result 2026 | SearchSarkariNaukri,4,https://www.searchsarkarinaukri.com/results/34
UPSC CSE Result 2026 Result 2026 | SearchSarkariNaukri,4,https://www.searchsarkarinaukri.com/results/44
MPSC Rajyaseva Result 2026 Result 2026 | SearchSarkariNaukri,7,https://www.searchsarkarinaukri.com/results/23
MPSC Rajyaseva Result 2026 Result 2026 | SearchSarkariNaukri,7,https://www.searchsarkarinaukri.com/results/30
MPSC Rajyaseva Result 2026 Result 2026 | SearchSarkariNaukri,7,https://www.searchsarkarinaukri.com/results/37
MPSC Rajyaseva Result 2026 Result 2026 | SearchSarkariNaukri,7,https://www.searchsarkarinaukri.com/results/46
MPSC Rajyaseva Result 2026 Result 2026 | SearchSarkariNaukri,7,https://www.searchsarkarinaukri.com/results/52
MPSC Rajyaseva Result 2026 Result 2026 | SearchSarkariNaukri,7,https://www.searchsarkarinaukri.com/results/60
MPSC Rajyaseva Result 2026 Result 2026 | SearchSarkariNaukri,7,https://www.searchsarkarinaukri.com/results/67
SSC GD Result 2025 Result 2026 | SearchSarkariNaukri,2,https://www.searchsarkarinaukri.com/results/42
SSC GD Result 2025 Result 2026 | SearchSarkariNaukri,2,https://www.searchsarkarinaukri.com/results/71
SSC CPO Result 2025 Result 2026 | SearchSarkariNaukri,4,https://www.searchsarkarinaukri.com/results/45
SSC CPO Result 2025 Result 2026 | SearchSarkariNaukri,4,https://www.searchsarkarinaukri.com/results/51
SSC CPO Result 2025 Result 2026 | SearchSarkariNaukri,4,https://www.searchsarkarinaukri.com/results/58
SSC CPO Result 2025 Result 2026 | SearchSarkariNaukri,4,https://www.searchsarkarinaukri.com/results/65
SBI CBO Result 2026 Result 2026 | SearchSarkariNaukri,5,https://www.searchsarkarinaukri.com/results/55
SBI CBO Result 2026 Result 2026 | SearchSarkariNaukri,5,https://www.searchsarkarinaukri.com/results/63
SBI CBO Result 2026 Result 2026 | SearchSarkariNaukri,5,https://www.searchsarkarinaukri.com/results/70
SBI CBO Result 2026 Result 2026 | SearchSarkariNaukri,5,https://www.searchsarkarinaukri.com/results/74
SBI CBO Result 2026 Result 2026 | SearchSarkariNaukri,5,https://www.searchsarkarinaukri.com/results/79
