meta_description,duplicate_count,url
"MPSC Admit Card 2026 admit card update with official source link, exam date, status and related Sarkari Naukri updates.",10,https://www.searchsarkarinaukri.com/admit-cards/17
"MPSC Admit Card 2026 admit card update with official source link, exam date, status and related Sarkari Naukri updates.",10,https://www.searchsarkarinaukri.com/admit-cards/24
"MPSC Admit Card 2026 admit card update with official source link, exam date, status and related Sarkari Naukri updates.",10,https://www.searchsarkarinaukri.com/admit-cards/31
"MPSC Admit Card 2026 admit card update with official source link, exam date, status and related Sarkari Naukri updates.",10,https://www.searchsarkarinaukri.com/admit-cards/38
"MPSC Admit Card 2026 admit card update with official source link, exam date, status and related Sarkari Naukri updates.",10,https://www.searchsarkarinaukri.com/admit-cards/47
"MPSC Admit Card 2026 admit card update with official source link, exam date, status and related Sarkari Naukri updates.",10,https://www.searchsarkarinaukri.com/admit-cards/53
"MPSC Admit Card 2026 admit card update with official source link, exam date, status and related Sarkari Naukri updates.",10,https://www.searchsarkarinaukri.com/admit-cards/61
"MPSC Admit Card 2026 admit card update with official source link, exam date, status and related Sarkari Naukri updates.",10,https://www.searchsarkarinaukri.com/admit-cards/68
"MPSC Admit Card 2026 admit card update with official source link, exam date, status and related Sarkari Naukri updates.",10,https://www.searchsarkarinaukri.com/admit-cards/73
"MPSC Admit Card 2026 admit card update with official source link, exam date, status and related Sarkari Naukri updates.",10,https://www.searchsarkarinaukri.com/admit-cards/81
"UPSC CSE Admit Card 2026 admit card update with official source link, exam date, status and related Sarkari Naukri updates.",5,https://www.searchsarkarinaukri.com/admit-cards/19
"UPSC CSE Admit Card 2026 admit card update with official source link, exam date, status and related Sarkari Naukri updates.",5,https://www.searchsarkarinaukri.com/admit-cards/27
"UPSC CSE Admit Card 2026 admit card update with official source link, exam date, status and related Sarkari Naukri updates.",5,https://www.searchsarkarinaukri.com/admit-cards/33
"UPSC CSE Admit Card 2026 admit card update with official source link, exam date, status and related Sarkari Naukri updates.",5,https://www.searchsarkarinaukri.com/admit-cards/40
"UPSC CSE Admit Card 2026 admit card update with official source link, exam date, status and related Sarkari Naukri updates.",5,https://www.searchsarkarinaukri.com/admit-cards/48
"MPSC Rajyaseva Admit Card 2025 admit card update with official source link, exam date, status and related Sarkari Naukri updates.",6,https://www.searchsarkarinaukri.com/admit-cards/20
"MPSC Rajyaseva Admit Card 2025 admit card update with official source link, exam date, status and related Sarkari Naukri updates.",6,https://www.searchsarkarinaukri.com/admit-cards/25
"MPSC Rajyaseva Admit Card 2025 admit card update with official source link, exam date, status and related Sarkari Naukri updates.",6,https://www.searchsarkarinaukri.com/admit-cards/32
"MPSC Rajyaseva Admit Card 2025 admit card update with official source link, exam date, status and related Sarkari Naukri updates.",6,https://www.searchsarkarinaukri.com/admit-cards/39
"MPSC Rajyaseva Admit Card 2025 admit card update with official source link, exam date, status and related Sarkari Naukri updates.",6,https://www.searchsarkarinaukri.com/admit-cards/76
"MPSC Rajyaseva Admit Card 2025 admit card update with official source link, exam date, status and related Sarkari Naukri updates.",6,https://www.searchsarkarinaukri.com/admit-cards/82
"SSC MTS Admit Card 2025 admit card update with official source link, exam date, status and related Sarkari Naukri updates.",7,https://www.searchsarkarinaukri.com/admit-cards/22
"SSC MTS Admit Card 2025 admit card update with official source link, exam date, status and related Sarkari Naukri updates.",7,https://www.searchsarkarinaukri.com/admit-cards/29
"SSC MTS Admit Card 2025 admit card update with official source link, exam date, status and related Sarkari Naukri updates.",7,https://www.searchsarkarinaukri.com/admit-cards/36
"SSC MTS Admit Card 2025 admit card update with official source link, exam date, status and related Sarkari Naukri updates.",7,https://www.searchsarkarinaukri.com/admit-cards/43
"SSC MTS Admit Card 2025 admit card update with official source link, exam date, status and related Sarkari Naukri updates.",7,https://www.searchsarkarinaukri.com/admit-cards/50
"SSC MTS Admit Card 2025 admit card update with official source link, exam date, status and related Sarkari Naukri updates.",7,https://www.searchsarkarinaukri.com/admit-cards/56
"SSC MTS Admit Card 2025 admit card update with official source link, exam date, status and related Sarkari Naukri updates.",7,https://www.searchsarkarinaukri.com/admit-cards/64
"Guides, exam-prep articles, notification analyses and recruitment insights from SearchSarkariNaukri's editorial team for 2026.",452,https://www.searchsarkarinaukri.com/blogs
"Guides, exam-prep articles, notification analyses and recruitment insights from SearchSarkariNaukri's editorial team for 2026.",452,https://www.searchsarkarinaukri.com/blogs?category=Career
"Guides, exam-prep articles, notification analyses and recruitment insights from SearchSarkariNaukri's editorial team for 2026.",452,https://www.searchsarkarinaukri.com/blogs?category=Career%20Guide
"Guides, exam-prep articles, notification analyses and recruitment insights from SearchSarkariNaukri's editorial team for 2026.",452,https://www.searchsarkarinaukri.com/blogs?category=Careers%20%26%20Society
"Guides, exam-prep articles, notification analyses and recruitment insights from SearchSarkariNaukri's editorial team for 2026.",452,https://www.searchsarkarinaukri.com/blogs?category=Current%20Affairs
"Guides, exam-prep articles, notification analyses and recruitment insights from SearchSarkariNaukri's editorial team for 2026.",452,https://www.searchsarkarinaukri.com/blogs?category=Current%20Affairs%20Explained
"Guides, exam-prep articles, notification analyses and recruitment insights from SearchSarkariNaukri's editorial team for 2026.",452,https://www.searchsarkarinaukri.com/blogs?category=Education%20%26%20Society
"Guides, exam-prep articles, notification analyses and recruitment insights from SearchSarkariNaukri's editorial team for 2026.",452,https://www.searchsarkarinaukri.com/blogs?category=Exam%20Culture%20%26%20Society
"Guides, exam-prep articles, notification analyses and recruitment insights from SearchSarkariNaukri's editorial team for 2026.",452,https://www.searchsarkarinaukri.com/blogs?category=Exam%20Preparation
"Guides, exam-prep articles, notification analyses and recruitment insights from SearchSarkariNaukri's editorial team for 2026.",452,https://www.searchsarkarinaukri.com/blogs?category=Future%20of%20Education
"Guides, exam-prep articles, notification analyses and recruitment insights from SearchSarkariNaukri's editorial team for 2026.",452,https://www.searchsarkarinaukri.com/blogs?category=Future%20of%20Work%20%26%20Education
"Guides, exam-prep articles, notification analyses and recruitment insights from SearchSarkariNaukri's editorial team for 2026.",452,https://www.searchsarkarinaukri.com/blogs?category=Government%20Careers
"Guides, exam-prep articles, notification analyses and recruitment insights from SearchSarkariNaukri's editorial team for 2026.",452,https://www.searchsarkarinaukri.com/blogs?category=Government%20Exams
"Guides, exam-prep articles, notification analyses and recruitment insights from SearchSarkariNaukri's editorial team for 2026.",452,https://www.searchsarkarinaukri.com/blogs?category=Government%20Facts
"Guides, exam-prep articles, notification analyses and recruitment insights from SearchSarkariNaukri's editorial team for 2026.",452,https://www.searchsarkarinaukri.com/blogs?category=Government%20History
"Guides, exam-prep articles, notification analyses and recruitment insights from SearchSarkariNaukri's editorial team for 2026.",452,https://www.searchsarkarinaukri.com/blogs?category=Government%20Jobs
"Guides, exam-prep articles, notification analyses and recruitment insights from SearchSarkariNaukri's editorial team for 2026.",452,https://www.searchsarkarinaukri.com/blogs?category=Government%20Policies%20%26%20Explained
"Guides, exam-prep articles, notification analyses and recruitment insights from SearchSarkariNaukri's editorial team for 2026.",452,https://www.searchsarkarinaukri.com/blogs?category=Government%20Schemes
"Guides, exam-prep articles, notification analyses and recruitment insights from SearchSarkariNaukri's editorial team for 2026.",452,https://www.searchsarkarinaukri.com/blogs?category=Government%20System
"Guides, exam-prep articles, notification analyses and recruitment insights from SearchSarkariNaukri's editorial team for 2026.",452,https://www.searchsarkarinaukri.com/blogs?category=India%20Explained
"Guides, exam-prep articles, notification analyses and recruitment insights from SearchSarkariNaukri's editorial team for 2026.",452,https://www.searchsarkarinaukri.com/blogs?category=Interesting%20Facts
"Guides, exam-prep articles, notification analyses and recruitment insights from SearchSarkariNaukri's editorial team for 2026.",452,https://www.searchsarkarinaukri.com/blogs?category=News
"Guides, exam-prep articles, notification analyses and recruitment insights from SearchSarkariNaukri's editorial team for 2026.",452,https://www.searchsarkarinaukri.com/blogs?category=Recruitment%20Guide
"Guides, exam-prep articles, notification analyses and recruitment insights from SearchSarkariNaukri's editorial team for 2026.",452,https://www.searchsarkarinaukri.com/blogs?category=Salary%20%26%20Benefits
"Guides, exam-prep articles, notification analyses and recruitment insights from SearchSarkariNaukri's editorial team for 2026.",452,https://www.searchsarkarinaukri.com/blogs?category=Technology%20%26%20India
"Guides, exam-prep articles, notification analyses and recruitment insights from SearchSarkariNaukri's editorial team for 2026.",452,https://www.searchsarkarinaukri.com/blogs?category=Work%20%26%20Society
"Guides, exam-prep articles, notification analyses and recruitment insights from SearchSarkariNaukri's editorial team for 2026.",452,https://www.searchsarkarinaukri.com/blogs?search=%E0%A4%B8%E0%A4%B0%E0%A4%95%E0%A4%BE%E0%A4%B0%E0%A5%80%20%E0%A4%A8%E0%A5%8C%E0%A4%95%E0%A4%B0%E0%A5%80%20%E0%A4%86%E0%A4%B5%E0%A5%87%E0%A4%A6%E0%A4%A8%20%E0%A4%95%E0%A5%88%E0%A4%B8%E0%A5%87%20%E0%A4%95%E0%A4%B0%E0%A5%87%E0%A4%82
"Guides, exam-prep articles, notification analyses and recruitment insights from SearchSarkariNaukri's editorial team for 2026.",452,https://www.searchsarkarinaukri.com/blogs?search=%E2%82%B9%20symbol
"Guides, exam-prep articles, notification analyses and recruitment insights from SearchSarkariNaukri's editorial team for 2026.",452,https://www.searchsarkarinaukri.com/blogs?search=10th%20Pass%20Govt%20Jobs
"Guides, exam-prep articles, notification analyses and recruitment insights from SearchSarkariNaukri's editorial team for 2026.",452,https://www.searchsarkarinaukri.com/blogs?search=10th%20pass%20sarkari%20naukri
"Guides, exam-prep articles, notification analyses and recruitment insights from SearchSarkariNaukri's editorial team for 2026.",452,https://www.searchsarkarinaukri.com/blogs?search=12th%20Pass%20Govt%20Jobs
"Guides, exam-prep articles, notification analyses and recruitment insights from SearchSarkariNaukri's editorial team for 2026.",452,https://www.searchsarkarinaukri.com/blogs?search=4G%20India
"Guides, exam-prep articles, notification analyses and recruitment insights from SearchSarkariNaukri's editorial team for 2026.",452,https://www.searchsarkarinaukri.com/blogs?search=5G%20India
"Guides, exam-prep articles, notification analyses and recruitment insights from SearchSarkariNaukri's editorial team for 2026.",452,https://www.searchsarkarinaukri.com/blogs?search=7th%20Pay%20Commission
"Guides, exam-prep articles, notification analyses and recruitment insights from SearchSarkariNaukri's editorial team for 2026.",452,https://www.searchsarkarinaukri.com/blogs?search=Aadhaar
"Guides, exam-prep articles, notification analyses and recruitment insights from SearchSarkariNaukri's editorial team for 2026.",452,https://www.searchsarkarinaukri.com/blogs?search=Aadhaar%20Card
"Guides, exam-prep articles, notification analyses and recruitment insights from SearchSarkariNaukri's editorial team for 2026.",452,https://www.searchsarkarinaukri.com/blogs?search=after%2012th%20government%20jobs
"Guides, exam-prep articles, notification analyses and recruitment insights from SearchSarkariNaukri's editorial team for 2026.",452,https://www.searchsarkarinaukri.com/blogs?search=agriculture
"Guides, exam-prep articles, notification analyses and recruitment insights from SearchSarkariNaukri's editorial team for 2026.",452,https://www.searchsarkarinaukri.com/blogs?search=AI%20and%20exams
"Guides, exam-prep articles, notification analyses and recruitment insights from SearchSarkariNaukri's editorial team for 2026.",452,https://www.searchsarkarinaukri.com/blogs?search=AI%20career
"Guides, exam-prep articles, notification analyses and recruitment insights from SearchSarkariNaukri's editorial team for 2026.",452,https://www.searchsarkarinaukri.com/blogs?search=AI%20careers
"Guides, exam-prep articles, notification analyses and recruitment insights from SearchSarkariNaukri's editorial team for 2026.",452,https://www.searchsarkarinaukri.com/blogs?search=AI%20education
"Guides, exam-prep articles, notification analyses and recruitment insights from SearchSarkariNaukri's editorial team for 2026.",452,https://www.searchsarkarinaukri.com/blogs?search=AI%20jobs
"Guides, exam-prep articles, notification analyses and recruitment insights from SearchSarkariNaukri's editorial team for 2026.",452,https://www.searchsarkarinaukri.com/blogs?search=AI%20literacy
"Guides, exam-prep articles, notification analyses and recruitment insights from SearchSarkariNaukri's editorial team for 2026.",452,https://www.searchsarkarinaukri.com/blogs?search=Airtel
"Guides, exam-prep articles, notification analyses and recruitment insights from SearchSarkariNaukri's editorial team for 2026.",452,https://www.searchsarkarinaukri.com/blogs?search=Answer%20Sheet
"Guides, exam-prep articles, notification analyses and recruitment insights from SearchSarkariNaukri's editorial team for 2026.",452,https://www.searchsarkarinaukri.com/blogs?search=application%20rejection
"Guides, exam-prep articles, notification analyses and recruitment insights from SearchSarkariNaukri's editorial team for 2026.",452,https://www.searchsarkarinaukri.com/blogs?search=Appointment%20Letter
"Guides, exam-prep articles, notification analyses and recruitment insights from SearchSarkariNaukri's editorial team for 2026.",452,https://www.searchsarkarinaukri.com/blogs?search=Article%20311
"Guides, exam-prep articles, notification analyses and recruitment insights from SearchSarkariNaukri's editorial team for 2026.",452,https://www.searchsarkarinaukri.com/blogs?search=artificial%20intelligence
"Guides, exam-prep articles, notification analyses and recruitment insights from SearchSarkariNaukri's editorial team for 2026.",452,https://www.searchsarkarinaukri.com/blogs?search=aspirants
"Guides, exam-prep articles, notification analyses and recruitment insights from SearchSarkariNaukri's editorial team for 2026.",452,https://www.searchsarkarinaukri.com/blogs?search=Attestation
"Guides, exam-prep articles, notification analyses and recruitment insights from SearchSarkariNaukri's editorial team for 2026.",452,https://www.searchsarkarinaukri.com/blogs?search=backup%20plan
"Guides, exam-prep articles, notification analyses and recruitment insights from SearchSarkariNaukri's editorial team for 2026.",452,https://www.searchsarkarinaukri.com/blogs?search=banking%20exams
"Guides, exam-prep articles, notification analyses and recruitment insights from SearchSarkariNaukri's editorial team for 2026.",452,https://www.searchsarkarinaukri.com/blogs?search=Banking%20Exams
"Guides, exam-prep articles, notification analyses and recruitment insights from SearchSarkariNaukri's editorial team for 2026.",452,https://www.searchsarkarinaukri.com/blogs?search=Basic%20Pay
"Guides, exam-prep articles, notification analyses and recruitment insights from SearchSarkariNaukri's editorial team for 2026.",452,https://www.searchsarkarinaukri.com/blogs?search=best%20government%20jobs%20after%2012th
"Guides, exam-prep articles, notification analyses and recruitment insights from SearchSarkariNaukri's editorial team for 2026.",452,https://www.searchsarkarinaukri.com/blogs?search=bill%20vs%20act
"Guides, exam-prep articles, notification analyses and recruitment insights from SearchSarkariNaukri's editorial team for 2026.",452,https://www.searchsarkarinaukri.com/blogs?search=British%20India
"Guides, exam-prep articles, notification analyses and recruitment insights from SearchSarkariNaukri's editorial team for 2026.",452,https://www.searchsarkarinaukri.com/blogs?search=Bureaucracy
"Guides, exam-prep articles, notification analyses and recruitment insights from SearchSarkariNaukri's editorial team for 2026.",452,https://www.searchsarkarinaukri.com/blogs?search=business
"Guides, exam-prep articles, notification analyses and recruitment insights from SearchSarkariNaukri's editorial team for 2026.",452,https://www.searchsarkarinaukri.com/blogs?search=Cabinet%20Secretariat
"Guides, exam-prep articles, notification analyses and recruitment insights from SearchSarkariNaukri's editorial team for 2026.",452,https://www.searchsarkarinaukri.com/blogs?search=Cabinet%20Secretary
"Guides, exam-prep articles, notification analyses and recruitment insights from SearchSarkariNaukri's editorial team for 2026.",452,https://www.searchsarkarinaukri.com/blogs?search=Cabinet%20Secretary%20of%20India
"Guides, exam-prep articles, notification analyses and recruitment insights from SearchSarkariNaukri's editorial team for 2026.",452,https://www.searchsarkarinaukri.com/blogs?search=CAG
"Guides, exam-prep articles, notification analyses and recruitment insights from SearchSarkariNaukri's editorial team for 2026.",452,https://www.searchsarkarinaukri.com/blogs?search=CAG%20India
"Guides, exam-prep articles, notification analyses and recruitment insights from SearchSarkariNaukri's editorial team for 2026.",452,https://www.searchsarkarinaukri.com/blogs?search=CAG%20reports
"Guides, exam-prep articles, notification analyses and recruitment insights from SearchSarkariNaukri's editorial team for 2026.",452,https://www.searchsarkarinaukri.com/blogs?search=capital%20of%20India
"Guides, exam-prep articles, notification analyses and recruitment insights from SearchSarkariNaukri's editorial team for 2026.",452,https://www.searchsarkarinaukri.com/blogs?search=career
"Guides, exam-prep articles, notification analyses and recruitment insights from SearchSarkariNaukri's editorial team for 2026.",452,https://www.searchsarkarinaukri.com/blogs?search=career%202026
"Guides, exam-prep articles, notification analyses and recruitment insights from SearchSarkariNaukri's editorial team for 2026.",452,https://www.searchsarkarinaukri.com/blogs?search=career%20choice
"Guides, exam-prep articles, notification analyses and recruitment insights from SearchSarkariNaukri's editorial team for 2026.",452,https://www.searchsarkarinaukri.com/blogs?search=career%20comparison
"Guides, exam-prep articles, notification analyses and recruitment insights from SearchSarkariNaukri's editorial team for 2026.",452,https://www.searchsarkarinaukri.com/blogs?search=career%20decisions
"Guides, exam-prep articles, notification analyses and recruitment insights from SearchSarkariNaukri's editorial team for 2026.",452,https://www.searchsarkarinaukri.com/blogs?search=Career%20Facts
"Guides, exam-prep articles, notification analyses and recruitment insights from SearchSarkariNaukri's editorial team for 2026.",452,https://www.searchsarkarinaukri.com/blogs?search=career%20future
"Guides, exam-prep articles, notification analyses and recruitment insights from SearchSarkariNaukri's editorial team for 2026.",452,https://www.searchsarkarinaukri.com/blogs?search=career%20growth
"Guides, exam-prep articles, notification analyses and recruitment insights from SearchSarkariNaukri's editorial team for 2026.",452,https://www.searchsarkarinaukri.com/blogs?search=Career%20Growth
"Guides, exam-prep articles, notification analyses and recruitment insights from SearchSarkariNaukri's editorial team for 2026.",452,https://www.searchsarkarinaukri.com/blogs?search=Career%20Guide
"Guides, exam-prep articles, notification analyses and recruitment insights from SearchSarkariNaukri's editorial team for 2026.",452,https://www.searchsarkarinaukri.com/blogs?search=career%20opportunities
"Guides, exam-prep articles, notification analyses and recruitment insights from SearchSarkariNaukri's editorial team for 2026.",452,https://www.searchsarkarinaukri.com/blogs?search=career%20planning
"Guides, exam-prep articles, notification analyses and recruitment insights from SearchSarkariNaukri's editorial team for 2026.",452,https://www.searchsarkarinaukri.com/blogs?search=career%20security
"Guides, exam-prep articles, notification analyses and recruitment insights from SearchSarkariNaukri's editorial team for 2026.",452,https://www.searchsarkarinaukri.com/blogs?search=career%20skills
"Guides, exam-prep articles, notification analyses and recruitment insights from SearchSarkariNaukri's editorial team for 2026.",452,https://www.searchsarkarinaukri.com/blogs?search=career%20stability
"Guides, exam-prep articles, notification analyses and recruitment insights from SearchSarkariNaukri's editorial team for 2026.",452,https://www.searchsarkarinaukri.com/blogs?search=cashless%20payments
"Guides, exam-prep articles, notification analyses and recruitment insights from SearchSarkariNaukri's editorial team for 2026.",452,https://www.searchsarkarinaukri.com/blogs?search=CBSE%20recruitment
"Guides, exam-prep articles, notification analyses and recruitment insights from SearchSarkariNaukri's editorial team for 2026.",452,https://www.searchsarkarinaukri.com/blogs?search=CBSE%20vacancies
"Guides, exam-prep articles, notification analyses and recruitment insights from SearchSarkariNaukri's editorial team for 2026.",452,https://www.searchsarkarinaukri.com/blogs?search=CCS%20rules
"Guides, exam-prep articles, notification analyses and recruitment insights from SearchSarkariNaukri's editorial team for 2026.",452,https://www.searchsarkarinaukri.com/blogs?search=central%20government
"Guides, exam-prep articles, notification analyses and recruitment insights from SearchSarkariNaukri's editorial team for 2026.",452,https://www.searchsarkarinaukri.com/blogs?search=Central%20Government
"Guides, exam-prep articles, notification analyses and recruitment insights from SearchSarkariNaukri's editorial team for 2026.",452,https://www.searchsarkarinaukri.com/blogs?search=Central%20Government%20employees
"Guides, exam-prep articles, notification analyses and recruitment insights from SearchSarkariNaukri's editorial team for 2026.",452,https://www.searchsarkarinaukri.com/blogs?search=CEO%20Zilla%20Parishad
"Guides, exam-prep articles, notification analyses and recruitment insights from SearchSarkariNaukri's editorial team for 2026.",452,https://www.searchsarkarinaukri.com/blogs?search=cheap%20internet%20India
"Guides, exam-prep articles, notification analyses and recruitment insights from SearchSarkariNaukri's editorial team for 2026.",452,https://www.searchsarkarinaukri.com/blogs?search=citizen%20rights
"Guides, exam-prep articles, notification analyses and recruitment insights from SearchSarkariNaukri's editorial team for 2026.",452,https://www.searchsarkarinaukri.com/blogs?search=civil%20services
"Guides, exam-prep articles, notification analyses and recruitment insights from SearchSarkariNaukri's editorial team for 2026.",452,https://www.searchsarkarinaukri.com/blogs?search=Civil%20Services
"Guides, exam-prep articles, notification analyses and recruitment insights from SearchSarkariNaukri's editorial team for 2026.",452,https://www.searchsarkarinaukri.com/blogs?search=coaching%20classes
"Guides, exam-prep articles, notification analyses and recruitment insights from SearchSarkariNaukri's editorial team for 2026.",452,https://www.searchsarkarinaukri.com/blogs?search=coaching%20industry%20India
"Guides, exam-prep articles, notification analyses and recruitment insights from SearchSarkariNaukri's editorial team for 2026.",452,https://www.searchsarkarinaukri.com/blogs?search=competitive%20exam%20coaching
"Guides, exam-prep articles, notification analyses and recruitment insights from SearchSarkariNaukri's editorial team for 2026.",452,https://www.searchsarkarinaukri.com/blogs?search=competitive%20exams
"Guides, exam-prep articles, notification analyses and recruitment insights from SearchSarkariNaukri's editorial team for 2026.",452,https://www.searchsarkarinaukri.com/blogs?search=Competitive%20Exams
"Guides, exam-prep articles, notification analyses and recruitment insights from SearchSarkariNaukri's editorial team for 2026.",452,https://www.searchsarkarinaukri.com/blogs?search=Comptroller%20and%20Auditor%20General
"Guides, exam-prep articles, notification analyses and recruitment insights from SearchSarkariNaukri's editorial team for 2026.",452,https://www.searchsarkarinaukri.com/blogs?search=confirmation
"Guides, exam-prep articles, notification analyses and recruitment insights from SearchSarkariNaukri's editorial team for 2026.",452,https://www.searchsarkarinaukri.com/blogs?search=Constitution%20of%20India
"Guides, exam-prep articles, notification analyses and recruitment insights from SearchSarkariNaukri's editorial team for 2026.",452,https://www.searchsarkarinaukri.com/blogs?search=constitutional%20bodies
"Guides, exam-prep articles, notification analyses and recruitment insights from SearchSarkariNaukri's editorial team for 2026.",452,https://www.searchsarkarinaukri.com/blogs?search=critical%20thinking
"Guides, exam-prep articles, notification analyses and recruitment insights from SearchSarkariNaukri's editorial team for 2026.",452,https://www.searchsarkarinaukri.com/blogs?search=currency%20facts
"Guides, exam-prep articles, notification analyses and recruitment insights from SearchSarkariNaukri's editorial team for 2026.",452,https://www.searchsarkarinaukri.com/blogs?search=Currency%20Notes
"Guides, exam-prep articles, notification analyses and recruitment insights from SearchSarkariNaukri's editorial team for 2026.",452,https://www.searchsarkarinaukri.com/blogs?search=Current%20Affairs
"Guides, exam-prep articles, notification analyses and recruitment insights from SearchSarkariNaukri's editorial team for 2026.",452,https://www.searchsarkarinaukri.com/blogs?search=Cyber%20Cell
"Guides, exam-prep articles, notification analyses and recruitment insights from SearchSarkariNaukri's editorial team for 2026.",452,https://www.searchsarkarinaukri.com/blogs?search=Cyber%20Security
"Guides, exam-prep articles, notification analyses and recruitment insights from SearchSarkariNaukri's editorial team for 2026.",452,https://www.searchsarkarinaukri.com/blogs?search=Cybercrime
"Guides, exam-prep articles, notification analyses and recruitment insights from SearchSarkariNaukri's editorial team for 2026.",452,https://www.searchsarkarinaukri.com/blogs?search=DA
"Guides, exam-prep articles, notification analyses and recruitment insights from SearchSarkariNaukri's editorial team for 2026.",452,https://www.searchsarkarinaukri.com/blogs?search=DBT
"Guides, exam-prep articles, notification analyses and recruitment insights from SearchSarkariNaukri's editorial team for 2026.",452,https://www.searchsarkarinaukri.com/blogs?search=degree%20vs%20skills
"Guides, exam-prep articles, notification analyses and recruitment insights from SearchSarkariNaukri's editorial team for 2026.",452,https://www.searchsarkarinaukri.com/blogs?search=Delhi%20history
"Guides, exam-prep articles, notification analyses and recruitment insights from SearchSarkariNaukri's editorial team for 2026.",452,https://www.searchsarkarinaukri.com/blogs?search=digital%20India
"Guides, exam-prep articles, notification analyses and recruitment insights from SearchSarkariNaukri's editorial team for 2026.",452,https://www.searchsarkarinaukri.com/blogs?search=Digital%20India
"Guides, exam-prep articles, notification analyses and recruitment insights from SearchSarkariNaukri's editorial team for 2026.",452,https://www.searchsarkarinaukri.com/blogs?search=digital%20payments
"Guides, exam-prep articles, notification analyses and recruitment insights from SearchSarkariNaukri's editorial team for 2026.",452,https://www.searchsarkarinaukri.com/blogs?search=Dismissal
"Guides, exam-prep articles, notification analyses and recruitment insights from SearchSarkariNaukri's editorial team for 2026.",452,https://www.searchsarkarinaukri.com/blogs?search=District%20Administration
"Guides, exam-prep articles, notification analyses and recruitment insights from SearchSarkariNaukri's editorial team for 2026.",452,https://www.searchsarkarinaukri.com/blogs?search=District%20Collector
"Guides, exam-prep articles, notification analyses and recruitment insights from SearchSarkariNaukri's editorial team for 2026.",452,https://www.searchsarkarinaukri.com/blogs?search=document%20verification
"Guides, exam-prep articles, notification analyses and recruitment insights from SearchSarkariNaukri's editorial team for 2026.",452,https://www.searchsarkarinaukri.com/blogs?search=Document%20Verification
"Guides, exam-prep articles, notification analyses and recruitment insights from SearchSarkariNaukri's editorial team for 2026.",452,https://www.searchsarkarinaukri.com/blogs?search=dream%20exam
"Guides, exam-prep articles, notification analyses and recruitment insights from SearchSarkariNaukri's editorial team for 2026.",452,https://www.searchsarkarinaukri.com/blogs?search=ECI
"Guides, exam-prep articles, notification analyses and recruitment insights from SearchSarkariNaukri's editorial team for 2026.",452,https://www.searchsarkarinaukri.com/blogs?search=educated%20unemployment
"Guides, exam-prep articles, notification analyses and recruitment insights from SearchSarkariNaukri's editorial team for 2026.",452,https://www.searchsarkarinaukri.com/blogs?search=education%20jobs
"Guides, exam-prep articles, notification analyses and recruitment insights from SearchSarkariNaukri's editorial team for 2026.",452,https://www.searchsarkarinaukri.com/blogs?search=education%20policy
"Guides, exam-prep articles, notification analyses and recruitment insights from SearchSarkariNaukri's editorial team for 2026.",452,https://www.searchsarkarinaukri.com/blogs?search=education%20system
"Guides, exam-prep articles, notification analyses and recruitment insights from SearchSarkariNaukri's editorial team for 2026.",452,https://www.searchsarkarinaukri.com/blogs?search=Eighth%20Schedule
"Guides, exam-prep articles, notification analyses and recruitment insights from SearchSarkariNaukri's editorial team for 2026.",452,https://www.searchsarkarinaukri.com/blogs?search=Election%20Commission%20of%20India
"Guides, exam-prep articles, notification analyses and recruitment insights from SearchSarkariNaukri's editorial team for 2026.",452,https://www.searchsarkarinaukri.com/blogs?search=election%20reforms
"Guides, exam-prep articles, notification analyses and recruitment insights from SearchSarkariNaukri's editorial team for 2026.",452,https://www.searchsarkarinaukri.com/blogs?search=election%20system
"Guides, exam-prep articles, notification analyses and recruitment insights from SearchSarkariNaukri's editorial team for 2026.",452,https://www.searchsarkarinaukri.com/blogs?search=emerging%20jobs
"Guides, exam-prep articles, notification analyses and recruitment insights from SearchSarkariNaukri's editorial team for 2026.",452,https://www.searchsarkarinaukri.com/blogs?search=employability
"Guides, exam-prep articles, notification analyses and recruitment insights from SearchSarkariNaukri's editorial team for 2026.",452,https://www.searchsarkarinaukri.com/blogs?search=employment%20in%20India
"Guides, exam-prep articles, notification analyses and recruitment insights from SearchSarkariNaukri's editorial team for 2026.",452,https://www.searchsarkarinaukri.com/blogs?search=employment%20stability
"Guides, exam-prep articles, notification analyses and recruitment insights from SearchSarkariNaukri's editorial team for 2026.",452,https://www.searchsarkarinaukri.com/blogs?search=engineering%20jobs
"Guides, exam-prep articles, notification analyses and recruitment insights from SearchSarkariNaukri's editorial team for 2026.",452,https://www.searchsarkarinaukri.com/blogs?search=entry%20level%20jobs
"Guides, exam-prep articles, notification analyses and recruitment insights from SearchSarkariNaukri's editorial team for 2026.",452,https://www.searchsarkarinaukri.com/blogs?search=EVM
"Guides, exam-prep articles, notification analyses and recruitment insights from SearchSarkariNaukri's editorial team for 2026.",452,https://www.searchsarkarinaukri.com/blogs?search=exam%20form
"Guides, exam-prep articles, notification analyses and recruitment insights from SearchSarkariNaukri's editorial team for 2026.",452,https://www.searchsarkarinaukri.com/blogs?search=exam%20preparation
"Guides, exam-prep articles, notification analyses and recruitment insights from SearchSarkariNaukri's editorial team for 2026.",452,https://www.searchsarkarinaukri.com/blogs?search=Exam%20Process
"Guides, exam-prep articles, notification analyses and recruitment insights from SearchSarkariNaukri's editorial team for 2026.",452,https://www.searchsarkarinaukri.com/blogs?search=exam%20strategy
"Guides, exam-prep articles, notification analyses and recruitment insights from SearchSarkariNaukri's editorial team for 2026.",452,https://www.searchsarkarinaukri.com/blogs?search=experience%20required
"Guides, exam-prep articles, notification analyses and recruitment insights from SearchSarkariNaukri's editorial team for 2026.",452,https://www.searchsarkarinaukri.com/blogs?search=farmer%20schemes
"Guides, exam-prep articles, notification analyses and recruitment insights from SearchSarkariNaukri's editorial team for 2026.",452,https://www.searchsarkarinaukri.com/blogs?search=first%20job
"Guides, exam-prep articles, notification analyses and recruitment insights from SearchSarkariNaukri's editorial team for 2026.",452,https://www.searchsarkarinaukri.com/blogs?search=freelancing
"Guides, exam-prep articles, notification analyses and recruitment insights from SearchSarkariNaukri's editorial team for 2026.",452,https://www.searchsarkarinaukri.com/blogs?search=freshers
"Guides, exam-prep articles, notification analyses and recruitment insights from SearchSarkariNaukri's editorial team for 2026.",452,https://www.searchsarkarinaukri.com/blogs?search=freshers%20jobs
"Guides, exam-prep articles, notification analyses and recruitment insights from SearchSarkariNaukri's editorial team for 2026.",452,https://www.searchsarkarinaukri.com/blogs?search=future%20of%20competitive%20exams
"Guides, exam-prep articles, notification analyses and recruitment insights from SearchSarkariNaukri's editorial team for 2026.",452,https://www.searchsarkarinaukri.com/blogs?search=future%20of%20education
"Guides, exam-prep articles, notification analyses and recruitment insights from SearchSarkariNaukri's editorial team for 2026.",452,https://www.searchsarkarinaukri.com/blogs?search=future%20of%20jobs
"Guides, exam-prep articles, notification analyses and recruitment insights from SearchSarkariNaukri's editorial team for 2026.",452,https://www.searchsarkarinaukri.com/blogs?search=future%20of%20work
"Guides, exam-prep articles, notification analyses and recruitment insights from SearchSarkariNaukri's editorial team for 2026.",452,https://www.searchsarkarinaukri.com/blogs?search=Gazetted%20Officer
"Guides, exam-prep articles, notification analyses and recruitment insights from SearchSarkariNaukri's editorial team for 2026.",452,https://www.searchsarkarinaukri.com/blogs?search=General%20Knowledge
"Guides, exam-prep articles, notification analyses and recruitment insights from SearchSarkariNaukri's editorial team for 2026.",452,https://www.searchsarkarinaukri.com/blogs?search=governance%20in%20India
"Guides, exam-prep articles, notification analyses and recruitment insights from SearchSarkariNaukri's editorial team for 2026.",452,https://www.searchsarkarinaukri.com/blogs?search=government%20accountability
"Guides, exam-prep articles, notification analyses and recruitment insights from SearchSarkariNaukri's editorial team for 2026.",452,https://www.searchsarkarinaukri.com/blogs?search=government%20audit
"Guides, exam-prep articles, notification analyses and recruitment insights from SearchSarkariNaukri's editorial team for 2026.",452,https://www.searchsarkarinaukri.com/blogs?search=Government%20Career
"Guides, exam-prep articles, notification analyses and recruitment insights from SearchSarkariNaukri's editorial team for 2026.",452,https://www.searchsarkarinaukri.com/blogs?search=Government%20Careers
"Guides, exam-prep articles, notification analyses and recruitment insights from SearchSarkariNaukri's editorial team for 2026.",452,https://www.searchsarkarinaukri.com/blogs?search=Government%20Departments
"Guides, exam-prep articles, notification analyses and recruitment insights from SearchSarkariNaukri's editorial team for 2026.",452,https://www.searchsarkarinaukri.com/blogs?search=government%20documents
"Guides, exam-prep articles, notification analyses and recruitment insights from SearchSarkariNaukri's editorial team for 2026.",452,https://www.searchsarkarinaukri.com/blogs?search=Government%20Documents
"Guides, exam-prep articles, notification analyses and recruitment insights from SearchSarkariNaukri's editorial team for 2026.",452,https://www.searchsarkarinaukri.com/blogs?search=government%20employee
"Guides, exam-prep articles, notification analyses and recruitment insights from SearchSarkariNaukri's editorial team for 2026.",452,https://www.searchsarkarinaukri.com/blogs?search=Government%20Employee
"Guides, exam-prep articles, notification analyses and recruitment insights from SearchSarkariNaukri's editorial team for 2026.",452,https://www.searchsarkarinaukri.com/blogs?search=government%20employees
"Guides, exam-prep articles, notification analyses and recruitment insights from SearchSarkariNaukri's editorial team for 2026.",452,https://www.searchsarkarinaukri.com/blogs?search=Government%20Employees
"Guides, exam-prep articles, notification analyses and recruitment insights from SearchSarkariNaukri's editorial team for 2026.",452,https://www.searchsarkarinaukri.com/blogs?search=government%20exam%20aspirants
"Guides, exam-prep articles, notification analyses and recruitment insights from SearchSarkariNaukri's editorial team for 2026.",452,https://www.searchsarkarinaukri.com/blogs?search=Government%20exam%20preparation
"Guides, exam-prep articles, notification analyses and recruitment insights from SearchSarkariNaukri's editorial team for 2026.",452,https://www.searchsarkarinaukri.com/blogs?search=government%20exams
"Guides, exam-prep articles, notification analyses and recruitment insights from SearchSarkariNaukri's editorial team for 2026.",452,https://www.searchsarkarinaukri.com/blogs?search=Government%20Exams
"Guides, exam-prep articles, notification analyses and recruitment insights from SearchSarkariNaukri's editorial team for 2026.",452,https://www.searchsarkarinaukri.com/blogs?search=government%20facts
"Guides, exam-prep articles, notification analyses and recruitment insights from SearchSarkariNaukri's editorial team for 2026.",452,https://www.searchsarkarinaukri.com/blogs?search=Government%20Facts
"Guides, exam-prep articles, notification analyses and recruitment insights from SearchSarkariNaukri's editorial team for 2026.",452,https://www.searchsarkarinaukri.com/blogs?search=Government%20Files
"Guides, exam-prep articles, notification analyses and recruitment insights from SearchSarkariNaukri's editorial team for 2026.",452,https://www.searchsarkarinaukri.com/blogs?search=government%20history
"Guides, exam-prep articles, notification analyses and recruitment insights from SearchSarkariNaukri's editorial team for 2026.",452,https://www.searchsarkarinaukri.com/blogs?search=Government%20History
"Guides, exam-prep articles, notification analyses and recruitment insights from SearchSarkariNaukri's editorial team for 2026.",452,https://www.searchsarkarinaukri.com/blogs?search=government%20job
"Guides, exam-prep articles, notification analyses and recruitment insights from SearchSarkariNaukri's editorial team for 2026.",452,https://www.searchsarkarinaukri.com/blogs?search=government%20job%20application
"Guides, exam-prep articles, notification analyses and recruitment insights from SearchSarkariNaukri's editorial team for 2026.",452,https://www.searchsarkarinaukri.com/blogs?search=government%20job%20application%20process%20India
"Guides, exam-prep articles, notification analyses and recruitment insights from SearchSarkariNaukri's editorial team for 2026.",452,https://www.searchsarkarinaukri.com/blogs?search=government%20job%20aspirants
"Guides, exam-prep articles, notification analyses and recruitment insights from SearchSarkariNaukri's editorial team for 2026.",452,https://www.searchsarkarinaukri.com/blogs?search=government%20job%20benefits
"Guides, exam-prep articles, notification analyses and recruitment insights from SearchSarkariNaukri's editorial team for 2026.",452,https://www.searchsarkarinaukri.com/blogs?search=government%20job%20preparation
"Guides, exam-prep articles, notification analyses and recruitment insights from SearchSarkariNaukri's editorial team for 2026.",452,https://www.searchsarkarinaukri.com/blogs?search=Government%20Job%20Preparation
"Guides, exam-prep articles, notification analyses and recruitment insights from SearchSarkariNaukri's editorial team for 2026.",452,https://www.searchsarkarinaukri.com/blogs?search=government%20job%20probation
"Guides, exam-prep articles, notification analyses and recruitment insights from SearchSarkariNaukri's editorial team for 2026.",452,https://www.searchsarkarinaukri.com/blogs?search=Government%20Job%20Salary
"Guides, exam-prep articles, notification analyses and recruitment insights from SearchSarkariNaukri's editorial team for 2026.",452,https://www.searchsarkarinaukri.com/blogs?search=Government%20Job%20Verification
"Guides, exam-prep articles, notification analyses and recruitment insights from SearchSarkariNaukri's editorial team for 2026.",452,https://www.searchsarkarinaukri.com/blogs?search=government%20job%20vs%20private%20job
"Guides, exam-prep articles, notification analyses and recruitment insights from SearchSarkariNaukri's editorial team for 2026.",452,https://www.searchsarkarinaukri.com/blogs?search=government%20jobs
"Guides, exam-prep articles, notification analyses and recruitment insights from SearchSarkariNaukri's editorial team for 2026.",452,https://www.searchsarkarinaukri.com/blogs?search=Government%20Jobs
"Guides, exam-prep articles, notification analyses and recruitment insights from SearchSarkariNaukri's editorial team for 2026.",452,https://www.searchsarkarinaukri.com/blogs?search=government%20jobs%202026
"Guides, exam-prep articles, notification analyses and recruitment insights from SearchSarkariNaukri's editorial team for 2026.",452,https://www.searchsarkarinaukri.com/blogs?search=Government%20Jobs%202026
"Guides, exam-prep articles, notification analyses and recruitment insights from SearchSarkariNaukri's editorial team for 2026.",452,https://www.searchsarkarinaukri.com/blogs?search=government%20jobs%20for%2010th%20pass
"Guides, exam-prep articles, notification analyses and recruitment insights from SearchSarkariNaukri's editorial team for 2026.",452,https://www.searchsarkarinaukri.com/blogs?search=government%20jobs%20for%2012th%20pass
"Guides, exam-prep articles, notification analyses and recruitment insights from SearchSarkariNaukri's editorial team for 2026.",452,https://www.searchsarkarinaukri.com/blogs?search=government%20jobs%20in%20Maharashtra
"Guides, exam-prep articles, notification analyses and recruitment insights from SearchSarkariNaukri's editorial team for 2026.",452,https://www.searchsarkarinaukri.com/blogs?search=government%20jobs%20in%20Maharashtra%20in%20Marathi
"Guides, exam-prep articles, notification analyses and recruitment insights from SearchSarkariNaukri's editorial team for 2026.",452,https://www.searchsarkarinaukri.com/blogs?search=Government%20Officer
"Guides, exam-prep articles, notification analyses and recruitment insights from SearchSarkariNaukri's editorial team for 2026.",452,https://www.searchsarkarinaukri.com/blogs?search=government%20offices
"Guides, exam-prep articles, notification analyses and recruitment insights from SearchSarkariNaukri's editorial team for 2026.",452,https://www.searchsarkarinaukri.com/blogs?search=Government%20Offices
"Guides, exam-prep articles, notification analyses and recruitment insights from SearchSarkariNaukri's editorial team for 2026.",452,https://www.searchsarkarinaukri.com/blogs?search=government%20recruitment
"Guides, exam-prep articles, notification analyses and recruitment insights from SearchSarkariNaukri's editorial team for 2026.",452,https://www.searchsarkarinaukri.com/blogs?search=Government%20Recruitment
"Guides, exam-prep articles, notification analyses and recruitment insights from SearchSarkariNaukri's editorial team for 2026.",452,https://www.searchsarkarinaukri.com/blogs?search=government%20retirement%20age
"Guides, exam-prep articles, notification analyses and recruitment insights from SearchSarkariNaukri's editorial team for 2026.",452,https://www.searchsarkarinaukri.com/blogs?search=Government%20Rules
"Guides, exam-prep articles, notification analyses and recruitment insights from SearchSarkariNaukri's editorial team for 2026.",452,https://www.searchsarkarinaukri.com/blogs?search=Government%20Salary
"Guides, exam-prep articles, notification analyses and recruitment insights from SearchSarkariNaukri's editorial team for 2026.",452,https://www.searchsarkarinaukri.com/blogs?search=government%20schemes
"Guides, exam-prep articles, notification analyses and recruitment insights from SearchSarkariNaukri's editorial team for 2026.",452,https://www.searchsarkarinaukri.com/blogs?search=government%20service
"Guides, exam-prep articles, notification analyses and recruitment insights from SearchSarkariNaukri's editorial team for 2026.",452,https://www.searchsarkarinaukri.com/blogs?search=government%20system
"Guides, exam-prep articles, notification analyses and recruitment insights from SearchSarkariNaukri's editorial team for 2026.",452,https://www.searchsarkarinaukri.com/blogs?search=Government%20System
"Guides, exam-prep articles, notification analyses and recruitment insights from SearchSarkariNaukri's editorial team for 2026.",452,https://www.searchsarkarinaukri.com/blogs?search=government%20transparency
"Guides, exam-prep articles, notification analyses and recruitment insights from SearchSarkariNaukri's editorial team for 2026.",452,https://www.searchsarkarinaukri.com/blogs?search=government%20vacancies
"Guides, exam-prep articles, notification analyses and recruitment insights from SearchSarkariNaukri's editorial team for 2026.",452,https://www.searchsarkarinaukri.com/blogs?search=government%20vs%20private%20job
"Guides, exam-prep articles, notification analyses and recruitment insights from SearchSarkariNaukri's editorial team for 2026.",452,https://www.searchsarkarinaukri.com/blogs?search=Govt%20Jobs
"Guides, exam-prep articles, notification analyses and recruitment insights from SearchSarkariNaukri's editorial team for 2026.",452,https://www.searchsarkarinaukri.com/blogs?search=Govt%20Jobs%202026
"Guides, exam-prep articles, notification analyses and recruitment insights from SearchSarkariNaukri's editorial team for 2026.",452,https://www.searchsarkarinaukri.com/blogs?search=graduate%20employment
"Guides, exam-prep articles, notification analyses and recruitment insights from SearchSarkariNaukri's editorial team for 2026.",452,https://www.searchsarkarinaukri.com/blogs?search=graduate%20jobs
"Guides, exam-prep articles, notification analyses and recruitment insights from SearchSarkariNaukri's editorial team for 2026.",452,https://www.searchsarkarinaukri.com/blogs?search=Group%20A%20Jobs
"Guides, exam-prep articles, notification analyses and recruitment insights from SearchSarkariNaukri's editorial team for 2026.",452,https://www.searchsarkarinaukri.com/blogs?search=Group%20B%20Jobs
"Guides, exam-prep articles, notification analyses and recruitment insights from SearchSarkariNaukri's editorial team for 2026.",452,https://www.searchsarkarinaukri.com/blogs?search=Group%20C%20Jobs
"Guides, exam-prep articles, notification analyses and recruitment insights from SearchSarkariNaukri's editorial team for 2026.",452,https://www.searchsarkarinaukri.com/blogs?search=Group%20D%20Jobs
"Guides, exam-prep articles, notification analyses and recruitment insights from SearchSarkariNaukri's editorial team for 2026.",452,https://www.searchsarkarinaukri.com/blogs?search=higher%20education
"Guides, exam-prep articles, notification analyses and recruitment insights from SearchSarkariNaukri's editorial team for 2026.",452,https://www.searchsarkarinaukri.com/blogs?search=highest%20paying%20government%20jobs
"Guides, exam-prep articles, notification analyses and recruitment insights from SearchSarkariNaukri's editorial team for 2026.",452,https://www.searchsarkarinaukri.com/blogs?search=Hindi%20official%20language
"Guides, exam-prep articles, notification analyses and recruitment insights from SearchSarkariNaukri's editorial team for 2026.",452,https://www.searchsarkarinaukri.com/blogs?search=history%20of%20India
"Guides, exam-prep articles, notification analyses and recruitment insights from SearchSarkariNaukri's editorial team for 2026.",452,https://www.searchsarkarinaukri.com/blogs?search=how%20laws%20are%20made%20in%20India
"Guides, exam-prep articles, notification analyses and recruitment insights from SearchSarkariNaukri's editorial team for 2026.",452,https://www.searchsarkarinaukri.com/blogs?search=how%20to%20apply%20for%20railway%20job
"Guides, exam-prep articles, notification analyses and recruitment insights from SearchSarkariNaukri's editorial team for 2026.",452,https://www.searchsarkarinaukri.com/blogs?search=how%20to%20prepare%20for%20SSC%20CGL
"Guides, exam-prep articles, notification analyses and recruitment insights from SearchSarkariNaukri's editorial team for 2026.",452,https://www.searchsarkarinaukri.com/blogs?search=HRA
"Guides, exam-prep articles, notification analyses and recruitment insights from SearchSarkariNaukri's editorial team for 2026.",452,https://www.searchsarkarinaukri.com/blogs?search=IAS%20Duties
"Guides, exam-prep articles, notification analyses and recruitment insights from SearchSarkariNaukri's editorial team for 2026.",452,https://www.searchsarkarinaukri.com/blogs?search=ias%20exam
"Guides, exam-prep articles, notification analyses and recruitment insights from SearchSarkariNaukri's editorial team for 2026.",452,https://www.searchsarkarinaukri.com/blogs?search=IAS%20history
"Guides, exam-prep articles, notification analyses and recruitment insights from SearchSarkariNaukri's editorial team for 2026.",452,https://www.searchsarkarinaukri.com/blogs?search=IAS%20Lifestyle
"Guides, exam-prep articles, notification analyses and recruitment insights from SearchSarkariNaukri's editorial team for 2026.",452,https://www.searchsarkarinaukri.com/blogs?search=IAS%20Officer
"Guides, exam-prep articles, notification analyses and recruitment insights from SearchSarkariNaukri's editorial team for 2026.",452,https://www.searchsarkarinaukri.com/blogs?search=IAS%20officers
"Guides, exam-prep articles, notification analyses and recruitment insights from SearchSarkariNaukri's editorial team for 2026.",452,https://www.searchsarkarinaukri.com/blogs?search=IAS%20salary
"Guides, exam-prep articles, notification analyses and recruitment insights from SearchSarkariNaukri's editorial team for 2026.",452,https://www.searchsarkarinaukri.com/blogs?search=ICS
"Guides, exam-prep articles, notification analyses and recruitment insights from SearchSarkariNaukri's editorial team for 2026.",452,https://www.searchsarkarinaukri.com/blogs?search=Identity
"Guides, exam-prep articles, notification analyses and recruitment insights from SearchSarkariNaukri's editorial team for 2026.",452,https://www.searchsarkarinaukri.com/blogs?search=identity%20documents
"Guides, exam-prep articles, notification analyses and recruitment insights from SearchSarkariNaukri's editorial team for 2026.",452,https://www.searchsarkarinaukri.com/blogs?search=ifs%20exam
"Guides, exam-prep articles, notification analyses and recruitment insights from SearchSarkariNaukri's editorial team for 2026.",452,https://www.searchsarkarinaukri.com/blogs?search=In-Hand%20Salary
"Guides, exam-prep articles, notification analyses and recruitment insights from SearchSarkariNaukri's editorial team for 2026.",452,https://www.searchsarkarinaukri.com/blogs?search=Income%20Tax%20Department
"Guides, exam-prep articles, notification analyses and recruitment insights from SearchSarkariNaukri's editorial team for 2026.",452,https://www.searchsarkarinaukri.com/blogs?search=Income%20Tax%20Inspector
"Guides, exam-prep articles, notification analyses and recruitment insights from SearchSarkariNaukri's editorial team for 2026.",452,https://www.searchsarkarinaukri.com/blogs?search=India
"Guides, exam-prep articles, notification analyses and recruitment insights from SearchSarkariNaukri's editorial team for 2026.",452,https://www.searchsarkarinaukri.com/blogs?search=India%20explained
"Guides, exam-prep articles, notification analyses and recruitment insights from SearchSarkariNaukri's editorial team for 2026.",452,https://www.searchsarkarinaukri.com/blogs?search=India%20government
"Guides, exam-prep articles, notification analyses and recruitment insights from SearchSarkariNaukri's editorial team for 2026.",452,https://www.searchsarkarinaukri.com/blogs?search=Indian%20administration
"Guides, exam-prep articles, notification analyses and recruitment insights from SearchSarkariNaukri's editorial team for 2026.",452,https://www.searchsarkarinaukri.com/blogs?search=Indian%20Administration
"Guides, exam-prep articles, notification analyses and recruitment insights from SearchSarkariNaukri's editorial team for 2026.",452,https://www.searchsarkarinaukri.com/blogs?search=Indian%20bureaucracy
"Guides, exam-prep articles, notification analyses and recruitment insights from SearchSarkariNaukri's editorial team for 2026.",452,https://www.searchsarkarinaukri.com/blogs?search=Indian%20Civil%20Service
"Guides, exam-prep articles, notification analyses and recruitment insights from SearchSarkariNaukri's editorial team for 2026.",452,https://www.searchsarkarinaukri.com/blogs?search=Indian%20Constitution
"Guides, exam-prep articles, notification analyses and recruitment insights from SearchSarkariNaukri's editorial team for 2026.",452,https://www.searchsarkarinaukri.com/blogs?search=Indian%20currency
"Guides, exam-prep articles, notification analyses and recruitment insights from SearchSarkariNaukri's editorial team for 2026.",452,https://www.searchsarkarinaukri.com/blogs?search=Indian%20Currency
"Guides, exam-prep articles, notification analyses and recruitment insights from SearchSarkariNaukri's editorial team for 2026.",452,https://www.searchsarkarinaukri.com/blogs?search=Indian%20documents
"Guides, exam-prep articles, notification analyses and recruitment insights from SearchSarkariNaukri's editorial team for 2026.",452,https://www.searchsarkarinaukri.com/blogs?search=Indian%20Economy
"Guides, exam-prep articles, notification analyses and recruitment insights from SearchSarkariNaukri's editorial team for 2026.",452,https://www.searchsarkarinaukri.com/blogs?search=Indian%20education
"Guides, exam-prep articles, notification analyses and recruitment insights from SearchSarkariNaukri's editorial team for 2026.",452,https://www.searchsarkarinaukri.com/blogs?search=Indian%20education%20system
"Guides, exam-prep articles, notification analyses and recruitment insights from SearchSarkariNaukri's editorial team for 2026.",452,https://www.searchsarkarinaukri.com/blogs?search=Indian%20elections
"Guides, exam-prep articles, notification analyses and recruitment insights from SearchSarkariNaukri's editorial team for 2026.",452,https://www.searchsarkarinaukri.com/blogs?search=Indian%20government
"Guides, exam-prep articles, notification analyses and recruitment insights from SearchSarkariNaukri's editorial team for 2026.",452,https://www.searchsarkarinaukri.com/blogs?search=Indian%20graduates
"Guides, exam-prep articles, notification analyses and recruitment insights from SearchSarkariNaukri's editorial team for 2026.",452,https://www.searchsarkarinaukri.com/blogs?search=Indian%20History
"Guides, exam-prep articles, notification analyses and recruitment insights from SearchSarkariNaukri's editorial team for 2026.",452,https://www.searchsarkarinaukri.com/blogs?search=Indian%20job%20market
"Guides, exam-prep articles, notification analyses and recruitment insights from SearchSarkariNaukri's editorial team for 2026.",452,https://www.searchsarkarinaukri.com/blogs?search=Indian%20languages
"Guides, exam-prep articles, notification analyses and recruitment insights from SearchSarkariNaukri's editorial team for 2026.",452,https://www.searchsarkarinaukri.com/blogs?search=Indian%20Parliament
"Guides, exam-prep articles, notification analyses and recruitment insights from SearchSarkariNaukri's editorial team for 2026.",452,https://www.searchsarkarinaukri.com/blogs?search=Indian%20Railways
"Guides, exam-prep articles, notification analyses and recruitment insights from SearchSarkariNaukri's editorial team for 2026.",452,https://www.searchsarkarinaukri.com/blogs?search=Indian%20rupee
"Guides, exam-prep articles, notification analyses and recruitment insights from SearchSarkariNaukri's editorial team for 2026.",452,https://www.searchsarkarinaukri.com/blogs?search=Indian%20Rupee
"Guides, exam-prep articles, notification analyses and recruitment insights from SearchSarkariNaukri's editorial team for 2026.",452,https://www.searchsarkarinaukri.com/blogs?search=Indian%20states
"Guides, exam-prep articles, notification analyses and recruitment insights from SearchSarkariNaukri's editorial team for 2026.",452,https://www.searchsarkarinaukri.com/blogs?search=Indian%20students
"Guides, exam-prep articles, notification analyses and recruitment insights from SearchSarkariNaukri's editorial team for 2026.",452,https://www.searchsarkarinaukri.com/blogs?search=Indian%20technology
"Guides, exam-prep articles, notification analyses and recruitment insights from SearchSarkariNaukri's editorial team for 2026.",452,https://www.searchsarkarinaukri.com/blogs?search=Indian%20telecom
"Guides, exam-prep articles, notification analyses and recruitment insights from SearchSarkariNaukri's editorial team for 2026.",452,https://www.searchsarkarinaukri.com/blogs?search=Indian%20youth
"Guides, exam-prep articles, notification analyses and recruitment insights from SearchSarkariNaukri's editorial team for 2026.",452,https://www.searchsarkarinaukri.com/blogs?search=Interesting%20Facts
"Guides, exam-prep articles, notification analyses and recruitment insights from SearchSarkariNaukri's editorial team for 2026.",452,https://www.searchsarkarinaukri.com/blogs?search=ips%20exam
"Guides, exam-prep articles, notification analyses and recruitment insights from SearchSarkariNaukri's editorial team for 2026.",452,https://www.searchsarkarinaukri.com/blogs?search=IPS%20salary
"Guides, exam-prep articles, notification analyses and recruitment insights from SearchSarkariNaukri's editorial team for 2026.",452,https://www.searchsarkarinaukri.com/blogs?search=IRCTC
"Guides, exam-prep articles, notification analyses and recruitment insights from SearchSarkariNaukri's editorial team for 2026.",452,https://www.searchsarkarinaukri.com/blogs?search=ISRO%20assistant%20eligibility
"Guides, exam-prep articles, notification analyses and recruitment insights from SearchSarkariNaukri's editorial team for 2026.",452,https://www.searchsarkarinaukri.com/blogs?search=ISRO%20jobs
"Guides, exam-prep articles, notification analyses and recruitment insights from SearchSarkariNaukri's editorial team for 2026.",452,https://www.searchsarkarinaukri.com/blogs?search=ISRO%20recruitment%202026
"Guides, exam-prep articles, notification analyses and recruitment insights from SearchSarkariNaukri's editorial team for 2026.",452,https://www.searchsarkarinaukri.com/blogs?search=ISRO%20recruitment%202026%20apply%20guide
"Guides, exam-prep articles, notification analyses and recruitment insights from SearchSarkariNaukri's editorial team for 2026.",452,https://www.searchsarkarinaukri.com/blogs?search=ISRO%20scientist
"Guides, exam-prep articles, notification analyses and recruitment insights from SearchSarkariNaukri's editorial team for 2026.",452,https://www.searchsarkarinaukri.com/blogs?search=JEE%20coaching
"Guides, exam-prep articles, notification analyses and recruitment insights from SearchSarkariNaukri's editorial team for 2026.",452,https://www.searchsarkarinaukri.com/blogs?search=Jio
"Guides, exam-prep articles, notification analyses and recruitment insights from SearchSarkariNaukri's editorial team for 2026.",452,https://www.searchsarkarinaukri.com/blogs?search=job%20competition
"Guides, exam-prep articles, notification analyses and recruitment insights from SearchSarkariNaukri's editorial team for 2026.",452,https://www.searchsarkarinaukri.com/blogs?search=job%20market
"Guides, exam-prep articles, notification analyses and recruitment insights from SearchSarkariNaukri's editorial team for 2026.",452,https://www.searchsarkarinaukri.com/blogs?search=job%20readiness
"Guides, exam-prep articles, notification analyses and recruitment insights from SearchSarkariNaukri's editorial team for 2026.",452,https://www.searchsarkarinaukri.com/blogs?search=job%20rules
"Guides, exam-prep articles, notification analyses and recruitment insights from SearchSarkariNaukri's editorial team for 2026.",452,https://www.searchsarkarinaukri.com/blogs?search=job%20security
"Guides, exam-prep articles, notification analyses and recruitment insights from SearchSarkariNaukri's editorial team for 2026.",452,https://www.searchsarkarinaukri.com/blogs?search=job%20seekers
"Guides, exam-prep articles, notification analyses and recruitment insights from SearchSarkariNaukri's editorial team for 2026.",452,https://www.searchsarkarinaukri.com/blogs?search=Joining%20Process
"Guides, exam-prep articles, notification analyses and recruitment insights from SearchSarkariNaukri's editorial team for 2026.",452,https://www.searchsarkarinaukri.com/blogs?search=Kartavya%20Bhavan
"Guides, exam-prep articles, notification analyses and recruitment insights from SearchSarkariNaukri's editorial team for 2026.",452,https://www.searchsarkarinaukri.com/blogs?search=Languages%20of%20India
"Guides, exam-prep articles, notification analyses and recruitment insights from SearchSarkariNaukri's editorial team for 2026.",452,https://www.searchsarkarinaukri.com/blogs?search=latest%20government%20jobs
"Guides, exam-prep articles, notification analyses and recruitment insights from SearchSarkariNaukri's editorial team for 2026.",452,https://www.searchsarkarinaukri.com/blogs?search=latest%20government%20jobs%20for%20freshers
"Guides, exam-prep articles, notification analyses and recruitment insights from SearchSarkariNaukri's editorial team for 2026.",452,https://www.searchsarkarinaukri.com/blogs?search=Latest%20Govt%20Jobs%202026
"Guides, exam-prep articles, notification analyses and recruitment insights from SearchSarkariNaukri's editorial team for 2026.",452,https://www.searchsarkarinaukri.com/blogs?search=latest%20jobs
"Guides, exam-prep articles, notification analyses and recruitment insights from SearchSarkariNaukri's editorial team for 2026.",452,https://www.searchsarkarinaukri.com/blogs?search=Latest%20Recruitment
"Guides, exam-prep articles, notification analyses and recruitment insights from SearchSarkariNaukri's editorial team for 2026.",452,https://www.searchsarkarinaukri.com/blogs?search=Law%20Enforcement
"Guides, exam-prep articles, notification analyses and recruitment insights from SearchSarkariNaukri's editorial team for 2026.",452,https://www.searchsarkarinaukri.com/blogs?search=legislative%20process
"Guides, exam-prep articles, notification analyses and recruitment insights from SearchSarkariNaukri's editorial team for 2026.",452,https://www.searchsarkarinaukri.com/blogs?search=Lok%20Sabha
"Guides, exam-prep articles, notification analyses and recruitment insights from SearchSarkariNaukri's editorial team for 2026.",452,https://www.searchsarkarinaukri.com/blogs?search=Lok%20Sabha%20elections
"Guides, exam-prep articles, notification analyses and recruitment insights from SearchSarkariNaukri's editorial team for 2026.",452,https://www.searchsarkarinaukri.com/blogs?search=Lutyens%20Delhi
"Guides, exam-prep articles, notification analyses and recruitment insights from SearchSarkariNaukri's editorial team for 2026.",452,https://www.searchsarkarinaukri.com/blogs?search=Maharashtra%20government
"Guides, exam-prep articles, notification analyses and recruitment insights from SearchSarkariNaukri's editorial team for 2026.",452,https://www.searchsarkarinaukri.com/blogs?search=Maharashtra%20government%20exams
"Guides, exam-prep articles, notification analyses and recruitment insights from SearchSarkariNaukri's editorial team for 2026.",452,https://www.searchsarkarinaukri.com/blogs?search=Maharashtra%20govt%20job%20news
"Guides, exam-prep articles, notification analyses and recruitment insights from SearchSarkariNaukri's editorial team for 2026.",452,https://www.searchsarkarinaukri.com/blogs?search=Maharashtra%20police%20bharti%202026
"Guides, exam-prep articles, notification analyses and recruitment insights from SearchSarkariNaukri's editorial team for 2026.",452,https://www.searchsarkarinaukri.com/blogs?search=Maharashtra%20sarkari%20naukri
"Guides, exam-prep articles, notification analyses and recruitment insights from SearchSarkariNaukri's editorial team for 2026.",452,https://www.searchsarkarinaukri.com/blogs?search=Medical%20Test
"Guides, exam-prep articles, notification analyses and recruitment insights from SearchSarkariNaukri's editorial team for 2026.",452,https://www.searchsarkarinaukri.com/blogs?search=Ministry%20of%20Railways
"Guides, exam-prep articles, notification analyses and recruitment insights from SearchSarkariNaukri's editorial team for 2026.",452,https://www.searchsarkarinaukri.com/blogs?search=mobile%20data%20India
"Guides, exam-prep articles, notification analyses and recruitment insights from SearchSarkariNaukri's editorial team for 2026.",452,https://www.searchsarkarinaukri.com/blogs?search=mobile%20internet
"Guides, exam-prep articles, notification analyses and recruitment insights from SearchSarkariNaukri's editorial team for 2026.",452,https://www.searchsarkarinaukri.com/blogs?search=money
"Guides, exam-prep articles, notification analyses and recruitment insights from SearchSarkariNaukri's editorial team for 2026.",452,https://www.searchsarkarinaukri.com/blogs?search=MPSC
"Guides, exam-prep articles, notification analyses and recruitment insights from SearchSarkariNaukri's editorial team for 2026.",452,https://www.searchsarkarinaukri.com/blogs?search=MPSC%20UPSC%20comparison%20Maharashtra
"Guides, exam-prep articles, notification analyses and recruitment insights from SearchSarkariNaukri's editorial team for 2026.",452,https://www.searchsarkarinaukri.com/blogs?search=MPSC%20vs%20UPSC%20difference
"Guides, exam-prep articles, notification analyses and recruitment insights from SearchSarkariNaukri's editorial team for 2026.",452,https://www.searchsarkarinaukri.com/blogs?search=National%20Education%20Policy
"Guides, exam-prep articles, notification analyses and recruitment insights from SearchSarkariNaukri's editorial team for 2026.",452,https://www.searchsarkarinaukri.com/blogs?search=national%20language%20of%20India
"Guides, exam-prep articles, notification analyses and recruitment insights from SearchSarkariNaukri's editorial team for 2026.",452,https://www.searchsarkarinaukri.com/blogs?search=NCERT%20recruitment
"Guides, exam-prep articles, notification analyses and recruitment insights from SearchSarkariNaukri's editorial team for 2026.",452,https://www.searchsarkarinaukri.com/blogs?search=NCERT%20vacancies
"Guides, exam-prep articles, notification analyses and recruitment insights from SearchSarkariNaukri's editorial team for 2026.",452,https://www.searchsarkarinaukri.com/blogs?search=NEET%20coaching
"Guides, exam-prep articles, notification analyses and recruitment insights from SearchSarkariNaukri's editorial team for 2026.",452,https://www.searchsarkarinaukri.com/blogs?search=NEP%202020
"Guides, exam-prep articles, notification analyses and recruitment insights from SearchSarkariNaukri's editorial team for 2026.",452,https://www.searchsarkarinaukri.com/blogs?search=New%20Delhi%20history
"Guides, exam-prep articles, notification analyses and recruitment insights from SearchSarkariNaukri's editorial team for 2026.",452,https://www.searchsarkarinaukri.com/blogs?search=NPCI
"Guides, exam-prep articles, notification analyses and recruitment insights from SearchSarkariNaukri's editorial team for 2026.",452,https://www.searchsarkarinaukri.com/blogs?search=Obsolete%20Government%20Jobs
"Guides, exam-prep articles, notification analyses and recruitment insights from SearchSarkariNaukri's editorial team for 2026.",452,https://www.searchsarkarinaukri.com/blogs?search=official%20language%20of%20India
"Guides, exam-prep articles, notification analyses and recruitment insights from SearchSarkariNaukri's editorial team for 2026.",452,https://www.searchsarkarinaukri.com/blogs?search=one%20nation%20one%20election
"Guides, exam-prep articles, notification analyses and recruitment insights from SearchSarkariNaukri's editorial team for 2026.",452,https://www.searchsarkarinaukri.com/blogs?search=online%20application
"Guides, exam-prep articles, notification analyses and recruitment insights from SearchSarkariNaukri's editorial team for 2026.",452,https://www.searchsarkarinaukri.com/blogs?search=online%20coaching
"Guides, exam-prep articles, notification analyses and recruitment insights from SearchSarkariNaukri's editorial team for 2026.",452,https://www.searchsarkarinaukri.com/blogs?search=Online%20Fraud
"Guides, exam-prep articles, notification analyses and recruitment insights from SearchSarkariNaukri's editorial team for 2026.",452,https://www.searchsarkarinaukri.com/blogs?search=PAC%20India
"Guides, exam-prep articles, notification analyses and recruitment insights from SearchSarkariNaukri's editorial team for 2026.",452,https://www.searchsarkarinaukri.com/blogs?search=PAN%20card
"Guides, exam-prep articles, notification analyses and recruitment insights from SearchSarkariNaukri's editorial team for 2026.",452,https://www.searchsarkarinaukri.com/blogs?search=paper%20leak
"Guides, exam-prep articles, notification analyses and recruitment insights from SearchSarkariNaukri's editorial team for 2026.",452,https://www.searchsarkarinaukri.com/blogs?search=Parliament%20of%20India
"Guides, exam-prep articles, notification analyses and recruitment insights from SearchSarkariNaukri's editorial team for 2026.",452,https://www.searchsarkarinaukri.com/blogs?search=parliamentary%20committees
"Guides, exam-prep articles, notification analyses and recruitment insights from SearchSarkariNaukri's editorial team for 2026.",452,https://www.searchsarkarinaukri.com/blogs?search=passport
"Guides, exam-prep articles, notification analyses and recruitment insights from SearchSarkariNaukri's editorial team for 2026.",452,https://www.searchsarkarinaukri.com/blogs?search=Pay%20Matrix
"Guides, exam-prep articles, notification analyses and recruitment insights from SearchSarkariNaukri's editorial team for 2026.",452,https://www.searchsarkarinaukri.com/blogs?search=pension
"Guides, exam-prep articles, notification analyses and recruitment insights from SearchSarkariNaukri's editorial team for 2026.",452,https://www.searchsarkarinaukri.com/blogs?search=Permanent%20Job
"Guides, exam-prep articles, notification analyses and recruitment insights from SearchSarkariNaukri's editorial team for 2026.",452,https://www.searchsarkarinaukri.com/blogs?search=plan%20B
"Guides, exam-prep articles, notification analyses and recruitment insights from SearchSarkariNaukri's editorial team for 2026.",452,https://www.searchsarkarinaukri.com/blogs?search=PM-KISAN%20scheme
"Guides, exam-prep articles, notification analyses and recruitment insights from SearchSarkariNaukri's editorial team for 2026.",452,https://www.searchsarkarinaukri.com/blogs?search=PM%20KISAN%202026
"Guides, exam-prep articles, notification analyses and recruitment insights from SearchSarkariNaukri's editorial team for 2026.",452,https://www.searchsarkarinaukri.com/blogs?search=PM%20Kisan%20benefits
"Guides, exam-prep articles, notification analyses and recruitment insights from SearchSarkariNaukri's editorial team for 2026.",452,https://www.searchsarkarinaukri.com/blogs?search=PMO%20India
"Guides, exam-prep articles, notification analyses and recruitment insights from SearchSarkariNaukri's editorial team for 2026.",452,https://www.searchsarkarinaukri.com/blogs?search=police%20bharti%202026%20Maharashtra
"Guides, exam-prep articles, notification analyses and recruitment insights from SearchSarkariNaukri's editorial team for 2026.",452,https://www.searchsarkarinaukri.com/blogs?search=Police%20Careers
"Guides, exam-prep articles, notification analyses and recruitment insights from SearchSarkariNaukri's editorial team for 2026.",452,https://www.searchsarkarinaukri.com/blogs?search=police%20constable%20physical%20test
"Guides, exam-prep articles, notification analyses and recruitment insights from SearchSarkariNaukri's editorial team for 2026.",452,https://www.searchsarkarinaukri.com/blogs?search=Police%20Modernization
"Guides, exam-prep articles, notification analyses and recruitment insights from SearchSarkariNaukri's editorial team for 2026.",452,https://www.searchsarkarinaukri.com/blogs?search=Police%20Recruitment
"Guides, exam-prep articles, notification analyses and recruitment insights from SearchSarkariNaukri's editorial team for 2026.",452,https://www.searchsarkarinaukri.com/blogs?search=Police%20Reforms
"Guides, exam-prep articles, notification analyses and recruitment insights from SearchSarkariNaukri's editorial team for 2026.",452,https://www.searchsarkarinaukri.com/blogs?search=Police%20Verification
"Guides, exam-prep articles, notification analyses and recruitment insights from SearchSarkariNaukri's editorial team for 2026.",452,https://www.searchsarkarinaukri.com/blogs?search=President%20of%20India
"Guides, exam-prep articles, notification analyses and recruitment insights from SearchSarkariNaukri's editorial team for 2026.",452,https://www.searchsarkarinaukri.com/blogs?search=private%20jobs
"Guides, exam-prep articles, notification analyses and recruitment insights from SearchSarkariNaukri's editorial team for 2026.",452,https://www.searchsarkarinaukri.com/blogs?search=probation%20period
"Guides, exam-prep articles, notification analyses and recruitment insights from SearchSarkariNaukri's editorial team for 2026.",452,https://www.searchsarkarinaukri.com/blogs?search=PSU%20jobs
"Guides, exam-prep articles, notification analyses and recruitment insights from SearchSarkariNaukri's editorial team for 2026.",452,https://www.searchsarkarinaukri.com/blogs?search=Public%20Accounts%20Committee
"Guides, exam-prep articles, notification analyses and recruitment insights from SearchSarkariNaukri's editorial team for 2026.",452,https://www.searchsarkarinaukri.com/blogs?search=public%20administration
"Guides, exam-prep articles, notification analyses and recruitment insights from SearchSarkariNaukri's editorial team for 2026.",452,https://www.searchsarkarinaukri.com/blogs?search=Public%20Administration
"Guides, exam-prep articles, notification analyses and recruitment insights from SearchSarkariNaukri's editorial team for 2026.",452,https://www.searchsarkarinaukri.com/blogs?search=public%20finance
"Guides, exam-prep articles, notification analyses and recruitment insights from SearchSarkariNaukri's editorial team for 2026.",452,https://www.searchsarkarinaukri.com/blogs?search=public%20information
"Guides, exam-prep articles, notification analyses and recruitment insights from SearchSarkariNaukri's editorial team for 2026.",452,https://www.searchsarkarinaukri.com/blogs?search=Public%20Service
"Guides, exam-prep articles, notification analyses and recruitment insights from SearchSarkariNaukri's editorial team for 2026.",452,https://www.searchsarkarinaukri.com/blogs?search=Public%20Services
"Guides, exam-prep articles, notification analyses and recruitment insights from SearchSarkariNaukri's editorial team for 2026.",452,https://www.searchsarkarinaukri.com/blogs?search=QR%20codes%20in%20India
"Guides, exam-prep articles, notification analyses and recruitment insights from SearchSarkariNaukri's editorial team for 2026.",452,https://www.searchsarkarinaukri.com/blogs?search=railway%20exams
"Guides, exam-prep articles, notification analyses and recruitment insights from SearchSarkariNaukri's editorial team for 2026.",452,https://www.searchsarkarinaukri.com/blogs?search=Railway%20exams
"Guides, exam-prep articles, notification analyses and recruitment insights from SearchSarkariNaukri's editorial team for 2026.",452,https://www.searchsarkarinaukri.com/blogs?search=Railway%20Facts
"Guides, exam-prep articles, notification analyses and recruitment insights from SearchSarkariNaukri's editorial team for 2026.",452,https://www.searchsarkarinaukri.com/blogs?search=Railway%20GK
"Guides, exam-prep articles, notification analyses and recruitment insights from SearchSarkariNaukri's editorial team for 2026.",452,https://www.searchsarkarinaukri.com/blogs?search=Railway%20Jobs
"Guides, exam-prep articles, notification analyses and recruitment insights from SearchSarkariNaukri's editorial team for 2026.",452,https://www.searchsarkarinaukri.com/blogs?search=railway%20NTPC%20syllabus%20Hindi
"Guides, exam-prep articles, notification analyses and recruitment insights from SearchSarkariNaukri's editorial team for 2026.",452,https://www.searchsarkarinaukri.com/blogs?search=Rajya%20Sabha
"Guides, exam-prep articles, notification analyses and recruitment insights from SearchSarkariNaukri's editorial team for 2026.",452,https://www.searchsarkarinaukri.com/blogs?search=RBI
"Guides, exam-prep articles, notification analyses and recruitment insights from SearchSarkariNaukri's editorial team for 2026.",452,https://www.searchsarkarinaukri.com/blogs?search=RBI%20Grade%20B
"Guides, exam-prep articles, notification analyses and recruitment insights from SearchSarkariNaukri's editorial team for 2026.",452,https://www.searchsarkarinaukri.com/blogs?search=Recruitment
"Guides, exam-prep articles, notification analyses and recruitment insights from SearchSarkariNaukri's editorial team for 2026.",452,https://www.searchsarkarinaukri.com/blogs?search=recruitment%20exams
"Guides, exam-prep articles, notification analyses and recruitment insights from SearchSarkariNaukri's editorial team for 2026.",452,https://www.searchsarkarinaukri.com/blogs?search=Recruitment%20Process
"Guides, exam-prep articles, notification analyses and recruitment insights from SearchSarkariNaukri's editorial team for 2026.",452,https://www.searchsarkarinaukri.com/blogs?search=Red%20Tape
"Guides, exam-prep articles, notification analyses and recruitment insights from SearchSarkariNaukri's editorial team for 2026.",452,https://www.searchsarkarinaukri.com/blogs?search=retirement%20rules
"Guides, exam-prep articles, notification analyses and recruitment insights from SearchSarkariNaukri's editorial team for 2026.",452,https://www.searchsarkarinaukri.com/blogs?search=Right%20to%20Information
"Guides, exam-prep articles, notification analyses and recruitment insights from SearchSarkariNaukri's editorial team for 2026.",452,https://www.searchsarkarinaukri.com/blogs?search=RRB
"Guides, exam-prep articles, notification analyses and recruitment insights from SearchSarkariNaukri's editorial team for 2026.",452,https://www.searchsarkarinaukri.com/blogs?search=RRB%20Exams
"Guides, exam-prep articles, notification analyses and recruitment insights from SearchSarkariNaukri's editorial team for 2026.",452,https://www.searchsarkarinaukri.com/blogs?search=RRB%20NTPC%202026%20preparation
"Guides, exam-prep articles, notification analyses and recruitment insights from SearchSarkariNaukri's editorial team for 2026.",452,https://www.searchsarkarinaukri.com/blogs?search=RTI%20Act
"Guides, exam-prep articles, notification analyses and recruitment insights from SearchSarkariNaukri's editorial team for 2026.",452,https://www.searchsarkarinaukri.com/blogs?search=RTI%20application
"Guides, exam-prep articles, notification analyses and recruitment insights from SearchSarkariNaukri's editorial team for 2026.",452,https://www.searchsarkarinaukri.com/blogs?search=RTI%20India
"Guides, exam-prep articles, notification analyses and recruitment insights from SearchSarkariNaukri's editorial team for 2026.",452,https://www.searchsarkarinaukri.com/blogs?search=rupee%20history
"Guides, exam-prep articles, notification analyses and recruitment insights from SearchSarkariNaukri's editorial team for 2026.",452,https://www.searchsarkarinaukri.com/blogs?search=safe%20career
"Guides, exam-prep articles, notification analyses and recruitment insights from SearchSarkariNaukri's editorial team for 2026.",452,https://www.searchsarkarinaukri.com/blogs?search=salary%20comparison
"Guides, exam-prep articles, notification analyses and recruitment insights from SearchSarkariNaukri's editorial team for 2026.",452,https://www.searchsarkarinaukri.com/blogs?search=Salary%20Structure
"Guides, exam-prep articles, notification analyses and recruitment insights from SearchSarkariNaukri's editorial team for 2026.",452,https://www.searchsarkarinaukri.com/blogs?search=Sarkari%20Naukri
"Guides, exam-prep articles, notification analyses and recruitment insights from SearchSarkariNaukri's editorial team for 2026.",452,https://www.searchsarkarinaukri.com/blogs?search=sarkari%20naukri%20online%20apply
"Guides, exam-prep articles, notification analyses and recruitment insights from SearchSarkariNaukri's editorial team for 2026.",452,https://www.searchsarkarinaukri.com/blogs?search=Sarkari%20Naukri%20Tips
"Guides, exam-prep articles, notification analyses and recruitment insights from SearchSarkariNaukri's editorial team for 2026.",452,https://www.searchsarkarinaukri.com/blogs?search=sarkari%20naukri%20vacancy
"Guides, exam-prep articles, notification analyses and recruitment insights from SearchSarkariNaukri's editorial team for 2026.",452,https://www.searchsarkarinaukri.com/blogs?search=scan%20and%20pay
"Guides, exam-prep articles, notification analyses and recruitment insights from SearchSarkariNaukri's editorial team for 2026.",452,https://www.searchsarkarinaukri.com/blogs?search=school%20education
"Guides, exam-prep articles, notification analyses and recruitment insights from SearchSarkariNaukri's editorial team for 2026.",452,https://www.searchsarkarinaukri.com/blogs?search=science%20careers
"Guides, exam-prep articles, notification analyses and recruitment insights from SearchSarkariNaukri's editorial team for 2026.",452,https://www.searchsarkarinaukri.com/blogs?search=Scientist%20Engineer
"Guides, exam-prep articles, notification analyses and recruitment insights from SearchSarkariNaukri's editorial team for 2026.",452,https://www.searchsarkarinaukri.com/blogs?search=SDM
"Guides, exam-prep articles, notification analyses and recruitment insights from SearchSarkariNaukri's editorial team for 2026.",452,https://www.searchsarkarinaukri.com/blogs?search=Search%20Sarkari%20Naukri
"Guides, exam-prep articles, notification analyses and recruitment insights from SearchSarkariNaukri's editorial team for 2026.",452,https://www.searchsarkarinaukri.com/blogs?search=service%20rules
"Guides, exam-prep articles, notification analyses and recruitment insights from SearchSarkariNaukri's editorial team for 2026.",452,https://www.searchsarkarinaukri.com/blogs?search=Seva%20Teerth
"Guides, exam-prep articles, notification analyses and recruitment insights from SearchSarkariNaukri's editorial team for 2026.",452,https://www.searchsarkarinaukri.com/blogs?search=side%20income
"Guides, exam-prep articles, notification analyses and recruitment insights from SearchSarkariNaukri's editorial team for 2026.",452,https://www.searchsarkarinaukri.com/blogs?search=simultaneous%20elections
"Guides, exam-prep articles, notification analyses and recruitment insights from SearchSarkariNaukri's editorial team for 2026.",452,https://www.searchsarkarinaukri.com/blogs?search=skill%20development
"Guides, exam-prep articles, notification analyses and recruitment insights from SearchSarkariNaukri's editorial team for 2026.",452,https://www.searchsarkarinaukri.com/blogs?search=skills
"Guides, exam-prep articles, notification analyses and recruitment insights from SearchSarkariNaukri's editorial team for 2026.",452,https://www.searchsarkarinaukri.com/blogs?search=skills%20gap
"Guides, exam-prep articles, notification analyses and recruitment insights from SearchSarkariNaukri's editorial team for 2026.",452,https://www.searchsarkarinaukri.com/blogs?search=skills%20of%20the%20future
"Guides, exam-prep articles, notification analyses and recruitment insights from SearchSarkariNaukri's editorial team for 2026.",452,https://www.searchsarkarinaukri.com/blogs?search=South%20Block
"Guides, exam-prep articles, notification analyses and recruitment insights from SearchSarkariNaukri's editorial team for 2026.",452,https://www.searchsarkarinaukri.com/blogs?search=space%20jobs
"Guides, exam-prep articles, notification analyses and recruitment insights from SearchSarkariNaukri's editorial team for 2026.",452,https://www.searchsarkarinaukri.com/blogs?search=ssc
"Guides, exam-prep articles, notification analyses and recruitment insights from SearchSarkariNaukri's editorial team for 2026.",452,https://www.searchsarkarinaukri.com/blogs?search=SSC
"Guides, exam-prep articles, notification analyses and recruitment insights from SearchSarkariNaukri's editorial team for 2026.",452,https://www.searchsarkarinaukri.com/blogs?search=SSC%20aspirants
"Guides, exam-prep articles, notification analyses and recruitment insights from SearchSarkariNaukri's editorial team for 2026.",452,https://www.searchsarkarinaukri.com/blogs?search=ssc%20cgl
"Guides, exam-prep articles, notification analyses and recruitment insights from SearchSarkariNaukri's editorial team for 2026.",452,https://www.searchsarkarinaukri.com/blogs?search=SSC%20CGL
"Guides, exam-prep articles, notification analyses and recruitment insights from SearchSarkariNaukri's editorial team for 2026.",452,https://www.searchsarkarinaukri.com/blogs?search=ssc%20cgl%202026
"Guides, exam-prep articles, notification analyses and recruitment insights from SearchSarkariNaukri's editorial team for 2026.",452,https://www.searchsarkarinaukri.com/blogs?search=SSC%20CGL%20apply%20online%202026
"Guides, exam-prep articles, notification analyses and recruitment insights from SearchSarkariNaukri's editorial team for 2026.",452,https://www.searchsarkarinaukri.com/blogs?search=ssc%20cgl%20eligibility
"Guides, exam-prep articles, notification analyses and recruitment insights from SearchSarkariNaukri's editorial team for 2026.",452,https://www.searchsarkarinaukri.com/blogs?search=SSC%20CGL%20eligibility%20criteria%202026
"Guides, exam-prep articles, notification analyses and recruitment insights from SearchSarkariNaukri's editorial team for 2026.",452,https://www.searchsarkarinaukri.com/blogs?search=ssc%20cgl%20posts
"Guides, exam-prep articles, notification analyses and recruitment insights from SearchSarkariNaukri's editorial team for 2026.",452,https://www.searchsarkarinaukri.com/blogs?search=ssc%20cgl%20salary
"Guides, exam-prep articles, notification analyses and recruitment insights from SearchSarkariNaukri's editorial team for 2026.",452,https://www.searchsarkarinaukri.com/blogs?search=SSC%20CGL%20syllabus%202026
"Guides, exam-prep articles, notification analyses and recruitment insights from SearchSarkariNaukri's editorial team for 2026.",452,https://www.searchsarkarinaukri.com/blogs?search=SSC%20coaching
"Guides, exam-prep articles, notification analyses and recruitment insights from SearchSarkariNaukri's editorial team for 2026.",452,https://www.searchsarkarinaukri.com/blogs?search=SSC%20preparation
"Guides, exam-prep articles, notification analyses and recruitment insights from SearchSarkariNaukri's editorial team for 2026.",452,https://www.searchsarkarinaukri.com/blogs?search=SSC%20Preparation
"Guides, exam-prep articles, notification analyses and recruitment insights from SearchSarkariNaukri's editorial team for 2026.",452,https://www.searchsarkarinaukri.com/blogs?search=stable%20jobs
"Guides, exam-prep articles, notification analyses and recruitment insights from SearchSarkariNaukri's editorial team for 2026.",452,https://www.searchsarkarinaukri.com/blogs?search=state%20assembly%20elections
"Guides, exam-prep articles, notification analyses and recruitment insights from SearchSarkariNaukri's editorial team for 2026.",452,https://www.searchsarkarinaukri.com/blogs?search=states%20vs%20union%20territories
"Guides, exam-prep articles, notification analyses and recruitment insights from SearchSarkariNaukri's editorial team for 2026.",452,https://www.searchsarkarinaukri.com/blogs?search=students
"Guides, exam-prep articles, notification analyses and recruitment insights from SearchSarkariNaukri's editorial team for 2026.",452,https://www.searchsarkarinaukri.com/blogs?search=Superintendent%20of%20Police
"Guides, exam-prep articles, notification analyses and recruitment insights from SearchSarkariNaukri's editorial team for 2026.",452,https://www.searchsarkarinaukri.com/blogs?search=Suspension
"Guides, exam-prep articles, notification analyses and recruitment insights from SearchSarkariNaukri's editorial team for 2026.",452,https://www.searchsarkarinaukri.com/blogs?search=technology
"Guides, exam-prep articles, notification analyses and recruitment insights from SearchSarkariNaukri's editorial team for 2026.",452,https://www.searchsarkarinaukri.com/blogs?search=Tehsildar
"Guides, exam-prep articles, notification analyses and recruitment insights from SearchSarkariNaukri's editorial team for 2026.",452,https://www.searchsarkarinaukri.com/blogs?search=transfer%20policy
"Guides, exam-prep articles, notification analyses and recruitment insights from SearchSarkariNaukri's editorial team for 2026.",452,https://www.searchsarkarinaukri.com/blogs?search=transfer%20rules
"Guides, exam-prep articles, notification analyses and recruitment insights from SearchSarkariNaukri's editorial team for 2026.",452,https://www.searchsarkarinaukri.com/blogs?search=UIDAI
"Guides, exam-prep articles, notification analyses and recruitment insights from SearchSarkariNaukri's editorial team for 2026.",452,https://www.searchsarkarinaukri.com/blogs?search=Union%20Territories%20of%20India
"Guides, exam-prep articles, notification analyses and recruitment insights from SearchSarkariNaukri's editorial team for 2026.",452,https://www.searchsarkarinaukri.com/blogs?search=Union%20Territory%20explained
"Guides, exam-prep articles, notification analyses and recruitment insights from SearchSarkariNaukri's editorial team for 2026.",452,https://www.searchsarkarinaukri.com/blogs?search=UPI
"Guides, exam-prep articles, notification analyses and recruitment insights from SearchSarkariNaukri's editorial team for 2026.",452,https://www.searchsarkarinaukri.com/blogs?search=UPI%20QR%20code
"Guides, exam-prep articles, notification analyses and recruitment insights from SearchSarkariNaukri's editorial team for 2026.",452,https://www.searchsarkarinaukri.com/blogs?search=UPSC
"Guides, exam-prep articles, notification analyses and recruitment insights from SearchSarkariNaukri's editorial team for 2026.",452,https://www.searchsarkarinaukri.com/blogs?search=upsc%202026
"Guides, exam-prep articles, notification analyses and recruitment insights from SearchSarkariNaukri's editorial team for 2026.",452,https://www.searchsarkarinaukri.com/blogs?search=upsc%20civil%20services
"Guides, exam-prep articles, notification analyses and recruitment insights from SearchSarkariNaukri's editorial team for 2026.",452,https://www.searchsarkarinaukri.com/blogs?search=UPSC%20coaching
"Guides, exam-prep articles, notification analyses and recruitment insights from SearchSarkariNaukri's editorial team for 2026.",452,https://www.searchsarkarinaukri.com/blogs?search=upsc%20eligibility
"Guides, exam-prep articles, notification analyses and recruitment insights from SearchSarkariNaukri's editorial team for 2026.",452,https://www.searchsarkarinaukri.com/blogs?search=upsc%20preparation
"Guides, exam-prep articles, notification analyses and recruitment insights from SearchSarkariNaukri's editorial team for 2026.",452,https://www.searchsarkarinaukri.com/blogs?search=UPSC%20preparation
"Guides, exam-prep articles, notification analyses and recruitment insights from SearchSarkariNaukri's editorial team for 2026.",452,https://www.searchsarkarinaukri.com/blogs?search=UPSC%20Preparation
"Guides, exam-prep articles, notification analyses and recruitment insights from SearchSarkariNaukri's editorial team for 2026.",452,https://www.searchsarkarinaukri.com/blogs?search=Vacancies
"Guides, exam-prep articles, notification analyses and recruitment insights from SearchSarkariNaukri's editorial team for 2026.",452,https://www.searchsarkarinaukri.com/blogs?search=Vi
"Guides, exam-prep articles, notification analyses and recruitment insights from SearchSarkariNaukri's editorial team for 2026.",452,https://www.searchsarkarinaukri.com/blogs?search=voter%20ID
"Guides, exam-prep articles, notification analyses and recruitment insights from SearchSarkariNaukri's editorial team for 2026.",452,https://www.searchsarkarinaukri.com/blogs?search=voting%20process
"Guides, exam-prep articles, notification analyses and recruitment insights from SearchSarkariNaukri's editorial team for 2026.",452,https://www.searchsarkarinaukri.com/blogs?search=VVPAT
"Guides, exam-prep articles, notification analyses and recruitment insights from SearchSarkariNaukri's editorial team for 2026.",452,https://www.searchsarkarinaukri.com/blogs?search=work%20experience
"Guides, exam-prep articles, notification analyses and recruitment insights from SearchSarkariNaukri's editorial team for 2026.",452,https://www.searchsarkarinaukri.com/blogs?search=work%20life%20balance
"Guides, exam-prep articles, notification analyses and recruitment insights from SearchSarkariNaukri's editorial team for 2026.",452,https://www.searchsarkarinaukri.com/blogs?search=youth%20employment
"Guides, exam-prep articles, notification analyses and recruitment insights from SearchSarkariNaukri's editorial team for 2026.",452,https://www.searchsarkarinaukri.com/blogs?search=youtube%20channel
ACTREC Mumbai recruitment update for various ACTREC Mumbai मध्ये रिक्त पदांची नवीन भरती २०२६ posts. Check eligibility (शैक्षणिक पात्रता पदाच्या…,2,https://www.searchsarkarinaukri.com/jobs/actrec-mumbai-actrec-mumbai-2026--2223
ACTREC Mumbai recruitment update for various ACTREC Mumbai मध्ये रिक्त पदांची नवीन भरती २०२६ posts. Check eligibility (शैक्षणिक पात्रता पदाच्या…,2,https://www.searchsarkarinaukri.com/jobs/actrec-mumbai-actrec-mumbai-2026--2985
Adivasi Vikas Vibhag Thane recruitment update for 613 ६१३ पदांकरिता Adivasi Vikas Vibhag Thane भरती अपडेट २०२६ posts. Check eligibility (शैक्षणिक पात्रता…,2,https://www.searchsarkarinaukri.com/jobs/adivasi-vikas-vibhag-thane-adivasi-vikas-vibhag-thane-2026--4332
Adivasi Vikas Vibhag Thane recruitment update for 613 ६१३ पदांकरिता Adivasi Vikas Vibhag Thane भरती अपडेट २०२६ posts. Check eligibility (शैक्षणिक पात्रता…,2,https://www.searchsarkarinaukri.com/jobs/adivasi-vikas-vibhag-thane-adivasi-vikas-vibhag-thane-2026--4482
Ahmednagar Merchant Co-Op Bank Ltd recruitment update for various Ahmednagar Merchant Co-Op Bank Ltd अंतर्गत विविध पदांची भरती जाहीर २०२६ posts. Check…,2,https://www.searchsarkarinaukri.com/jobs/ahmednagar-merchant-co-op-bank-ltd-ahmednagar-merchant-co-op-bank-ltd-2026--2449
Ahmednagar Merchant Co-Op Bank Ltd recruitment update for various Ahmednagar Merchant Co-Op Bank Ltd अंतर्गत विविध पदांची भरती जाहीर २०२६ posts. Check…,2,https://www.searchsarkarinaukri.com/jobs/ahmednagar-merchant-co-op-bank-ltd-ahmednagar-merchant-co-op-bank-ltd-2026--2549
AIIMS Delhi recruitment update for 67 AIIMS Delhi अंतर्गत ६७ पदांची भरती जाहीर २०२६ posts. Check eligibility (शैक्षणिक पात्रता पदाच्या आवश्यकतेनुसार आहे…,2,https://www.searchsarkarinaukri.com/jobs/aiims-delhi-aiims-delhi-2026--2382
AIIMS Delhi recruitment update for 67 AIIMS Delhi अंतर्गत ६७ पदांची भरती जाहीर २०२६ posts. Check eligibility (शैक्षणिक पात्रता पदाच्या आवश्यकतेनुसार आहे…,2,https://www.searchsarkarinaukri.com/jobs/aiims-delhi-aiims-delhi-2026--3210
All India Institute of Medical Sciences Nagpur recruitment update for 6 All India Institute of Medical Sciences Nagpur भरती २०२६ — ६ रिक्त जागांकरिता अर्ज…,2,https://www.searchsarkarinaukri.com/jobs/all-india-institute-of-medical-sciences-nagpur-all-india-institute-of-medical-sciences-2026--3521
All India Institute of Medical Sciences Nagpur recruitment update for 6 All India Institute of Medical Sciences Nagpur भरती २०२६ — ६ रिक्त जागांकरिता अर्ज…,2,https://www.searchsarkarinaukri.com/jobs/all-india-institute-of-medical-sciences-nagpur-all-india-institute-of-medical-sciences-2026--3659
Anganwadi Ahilyanagar recruitment update for 14 Anganwadi Ahilyanagar १४ पदांकरिता अधिकृत भरती सूचना २०२६ posts. Check eligibility (12 वी उत्तीर्ण .(मूळ…,2,https://www.searchsarkarinaukri.com/jobs/anganwadi-ahilyanagar-anganwadi-ahilyanagar-2026--2891
Anganwadi Ahilyanagar recruitment update for 14 Anganwadi Ahilyanagar १४ पदांकरिता अधिकृत भरती सूचना २०२६ posts. Check eligibility (12 वी उत्तीर्ण .(मूळ…,2,https://www.searchsarkarinaukri.com/jobs/anganwadi-ahilyanagar-anganwadi-ahilyanagar-2026--2932
ARI Pune recruitment update for 1 ARI Pune अंतर्गत १ पदांची भरती जाहीर २०२६ posts. Check eligibility (शैक्षणिक पात्रता पदाच्या आवश्यकतेनुसार आहे .(मूळ…,2,https://www.searchsarkarinaukri.com/jobs/ari-pune-ari-pune-2026--1930
ARI Pune recruitment update for 1 ARI Pune अंतर्गत १ पदांची भरती जाहीर २०२६ posts. Check eligibility (शैक्षणिक पात्रता पदाच्या आवश्यकतेनुसार आहे .(मूळ…,2,https://www.searchsarkarinaukri.com/jobs/ari-pune-ari-pune-2026--3077
Army Institute of Technology Pune recruitment update for various Army Institute of Technology Pune अंतर्गत विविध पदांची भरती जाहीर २०२६ posts. Check…,2,https://www.searchsarkarinaukri.com/jobs/army-institute-of-technology-pune-army-institute-of-technology-pune-2026--2749
Army Institute of Technology Pune recruitment update for various Army Institute of Technology Pune अंतर्गत विविध पदांची भरती जाहीर २०२६ posts. Check…,2,https://www.searchsarkarinaukri.com/jobs/army-institute-of-technology-pune-army-institute-of-technology-pune-2026--3469
AVNL recruitment update for 1213 AVNL १२१३ पदांची नवीन रिक्त भरती जाहीर २०२६ posts. Check eligibility (शैक्षणिक पात्रता पदाच्या आवश्यकतेनुसार आहे .(मूळ…,2,https://www.searchsarkarinaukri.com/jobs/avnl-avnl-2026--2259
AVNL recruitment update for 1213 AVNL १२१३ पदांची नवीन रिक्त भरती जाहीर २०२६ posts. Check eligibility (शैक्षणिक पात्रता पदाच्या आवश्यकतेनुसार आहे .(मूळ…,2,https://www.searchsarkarinaukri.com/jobs/avnl-avnl-2026--3032
Bal Vikas Prakalp Mumbai recruitment update for 4 Bal Vikas Prakalp Mumbai भरती २०२६ — ४ रिक्त जागांकरिता अर्ज सुरु posts. Check eligibility (शैक्षणिक…,2,https://www.searchsarkarinaukri.com/jobs/bal-vikas-prakalp-mumbai-bal-vikas-prakalp-mumbai-2026--3901
Bal Vikas Prakalp Mumbai recruitment update for 4 Bal Vikas Prakalp Mumbai भरती २०२६ — ४ रिक्त जागांकरिता अर्ज सुरु posts. Check eligibility (शैक्षणिक…,2,https://www.searchsarkarinaukri.com/jobs/bal-vikas-prakalp-mumbai-bal-vikas-prakalp-mumbai-2026--4716
"Apply online for Bank of India Credit Officer Recruitment 2026. Check eligibility, age limit, salary, selection process, important dates and apply online…",2,https://www.searchsarkarinaukri.com/jobs/bank-of-india-credit-officer-recruitment-2026-779-posts--2823
"Apply online for Bank of India Credit Officer Recruitment 2026. Check eligibility, age limit, salary, selection process, important dates and apply online…",2,https://www.searchsarkarinaukri.com/jobs/bank-of-india-credit-officer-recruitment-2026-779-posts--2857
Bharati Vidyapeeth Pune recruitment update for 4 Bharati Vidyapeeth Pune मध्ये ४ रिक्त पदांची नवीन भरती २०२६ posts. Check eligibility (शैक्षणिक पात्रता…,2,https://www.searchsarkarinaukri.com/jobs/bharati-vidyapeeth-pune-bharati-vidyapeeth-pune-2026--1747
Bharati Vidyapeeth Pune recruitment update for 4 Bharati Vidyapeeth Pune मध्ये ४ रिक्त पदांची नवीन भरती २०२६ posts. Check eligibility (शैक्षणिक पात्रता…,2,https://www.searchsarkarinaukri.com/jobs/bharati-vidyapeeth-pune-bharati-vidyapeeth-pune-2026--3661
Bharati Vidyapeeth Pune recruitment update for various Bharati Vidyapeeth Pune मध्ये रिक्त पदांची नवीन भरती २०२६ posts. Check eligibility (शैक्षणिक…,3,https://www.searchsarkarinaukri.com/jobs/bharati-vidyapeeth-pune-bharati-vidyapeeth-pune-2026--2037
Bharati Vidyapeeth Pune recruitment update for various Bharati Vidyapeeth Pune मध्ये रिक्त पदांची नवीन भरती २०२६ posts. Check eligibility (शैक्षणिक…,3,https://www.searchsarkarinaukri.com/jobs/bharati-vidyapeeth-pune-bharati-vidyapeeth-pune-2026--3357
Bharati Vidyapeeth Pune recruitment update for various Bharati Vidyapeeth Pune मध्ये रिक्त पदांची नवीन भरती २०२६ posts. Check eligibility (शैक्षणिक…,3,https://www.searchsarkarinaukri.com/jobs/bharati-vidyapeeth-pune-bharati-vidyapeeth-pune-2026--4717
Bharati Vidyapeeth Pune recruitment update for 18 Bharati Vidyapeeth Pune मध्ये १८ रिक्त पदांची नवीन भरती २०२६ posts. Check eligibility (शैक्षणिक पात्रता…,2,https://www.searchsarkarinaukri.com/jobs/bharati-vidyapeeth-pune-bharati-vidyapeeth-pune-2026--3855
Bharati Vidyapeeth Pune recruitment update for 18 Bharati Vidyapeeth Pune मध्ये १८ रिक्त पदांची नवीन भरती २०२६ posts. Check eligibility (शैक्षणिक पात्रता…,2,https://www.searchsarkarinaukri.com/jobs/bharati-vidyapeeth-pune-bharati-vidyapeeth-pune-2026--4785
BHEL recruitment update for 16 १६ पदांकरिता BHEL भरती अपडेट २०२६ posts. Check eligibility (शैक्षणिक पात्रता पदाच्या आवश्यकतेनुसार आहे .(मूळ जाहिरात…,2,https://www.searchsarkarinaukri.com/jobs/bhel-bhel-2026--2073
BHEL recruitment update for 16 १६ पदांकरिता BHEL भरती अपडेट २०२६ posts. Check eligibility (शैक्षणिक पात्रता पदाच्या आवश्यकतेनुसार आहे .(मूळ जाहिरात…,2,https://www.searchsarkarinaukri.com/jobs/bhel-bhel-2026--4432
Central Bank of India recruitment update for 4500 Central Bank of India भरती २०२६ — ४५०० रिक्त जागांकरिता अर्ज सुरु posts. Check eligibility (शैक्षणिक…,2,https://www.searchsarkarinaukri.com/jobs/central-bank-of-india-central-bank-of-india-2026--1910
Central Bank of India recruitment update for 4500 Central Bank of India भरती २०२६ — ४५०० रिक्त जागांकरिता अर्ज सुरु posts. Check eligibility (शैक्षणिक…,2,https://www.searchsarkarinaukri.com/jobs/central-bank-of-india-central-bank-of-india-2026--2298
CIFE Mumbai recruitment update for 1 १ पदांकरिता CIFE Mumbai भरती अपडेट २०२६ posts. Check eligibility (शैक्षणिक पात्रता पदाच्या आवश्यकतेनुसार आहे .(मूळ…,2,https://www.searchsarkarinaukri.com/jobs/cife-mumbai-cife-mumbai-2026--2365
CIFE Mumbai recruitment update for 1 १ पदांकरिता CIFE Mumbai भरती अपडेट २०२६ posts. Check eligibility (शैक्षणिक पात्रता पदाच्या आवश्यकतेनुसार आहे .(मूळ…,2,https://www.searchsarkarinaukri.com/jobs/cife-mumbai-cife-mumbai-2026--4524
DBSKKV recruitment update for 2 DBSKKV मध्ये २ रिक्त पदांची नवीन भरती २०२६ posts. Check eligibility (शैक्षणिक पात्रता पदाच्या आवश्यकतेनुसार आहे .(मूळ…,4,https://www.searchsarkarinaukri.com/jobs/dbskkv-dbskkv-2026--2788
DBSKKV recruitment update for 2 DBSKKV मध्ये २ रिक्त पदांची नवीन भरती २०२६ posts. Check eligibility (शैक्षणिक पात्रता पदाच्या आवश्यकतेनुसार आहे .(मूळ…,4,https://www.searchsarkarinaukri.com/jobs/dbskkv-dbskkv-2026--2924
DBSKKV recruitment update for 2 DBSKKV मध्ये २ रिक्त पदांची नवीन भरती २०२६ posts. Check eligibility (शैक्षणिक पात्रता पदाच्या आवश्यकतेनुसार आहे .(मूळ…,4,https://www.searchsarkarinaukri.com/jobs/dbskkv-dbskkv-2026--3517
DBSKKV recruitment update for 2 DBSKKV मध्ये २ रिक्त पदांची नवीन भरती २०२६ posts. Check eligibility (शैक्षणिक पात्रता पदाच्या आवश्यकतेनुसार आहे .(मूळ…,4,https://www.searchsarkarinaukri.com/jobs/dbskkv-dbskkv-2026--4202
DBSKKV recruitment update for 1 DBSKKV मध्ये १ रिक्त पदांची नवीन भरती २०२६ posts. Check eligibility (शैक्षणिक पात्रता पदाच्या आवश्यकतेनुसार आहे .(मूळ…,2,https://www.searchsarkarinaukri.com/jobs/dbskkv-dbskkv-2026--3711
DBSKKV recruitment update for 1 DBSKKV मध्ये १ रिक्त पदांची नवीन भरती २०२६ posts. Check eligibility (शैक्षणिक पात्रता पदाच्या आवश्यकतेनुसार आहे .(मूळ…,2,https://www.searchsarkarinaukri.com/jobs/dbskkv-dbskkv-2026--3956
Defence Institute of Advanced Technology Pune recruitment update for 3 ३ पदांकरिता Defence Institute of Advanced Technology Pune भरती अपडेट २०२६ posts.…,3,https://www.searchsarkarinaukri.com/jobs/defence-institute-of-advanced-technology-pune-defence-institute-of-advanced-2026--2926
Defence Institute of Advanced Technology Pune recruitment update for 3 ३ पदांकरिता Defence Institute of Advanced Technology Pune भरती अपडेट २०२६ posts.…,3,https://www.searchsarkarinaukri.com/jobs/defence-institute-of-advanced-technology-pune-defence-institute-of-advanced-2026--2989
Defence Institute of Advanced Technology Pune recruitment update for 3 ३ पदांकरिता Defence Institute of Advanced Technology Pune भरती अपडेट २०२६ posts.…,3,https://www.searchsarkarinaukri.com/jobs/defence-institute-of-advanced-technology-pune-defence-institute-of-advanced-2026--4729
DFCCIL recruitment update for 1 DFCCIL अंतर्गत १ पदांची भरती जाहीर २०२६ posts. Check eligibility (शैक्षणिक पात्रता पदाच्या आवश्यकतेनुसार आहे .(मूळ जाहिरात…,2,https://www.searchsarkarinaukri.com/jobs/dfccil-dfccil-2026--1801
DFCCIL recruitment update for 1 DFCCIL अंतर्गत १ पदांची भरती जाहीर २०२६ posts. Check eligibility (शैक्षणिक पात्रता पदाच्या आवश्यकतेनुसार आहे .(मूळ जाहिरात…,2,https://www.searchsarkarinaukri.com/jobs/dfccil-dfccil-2026--3709
DY Patil College Of Engineering recruitment update for various DY Patil College Of Engineering भरती २०२६ — रिक्त पदांकरिता अर्ज सुरु posts. Check…,2,https://www.searchsarkarinaukri.com/jobs/dy-patil-college-of-engineering-dy-patil-college-of-engineering-2026--2538
DY Patil College Of Engineering recruitment update for various DY Patil College Of Engineering भरती २०२६ — रिक्त पदांकरिता अर्ज सुरु posts. Check…,2,https://www.searchsarkarinaukri.com/jobs/dy-patil-college-of-engineering-dy-patil-college-of-engineering-2026--4080
Federal Bank recruitment update for various Federal Bank पदांकरिता अधिकृत भरती सूचना २०२६ posts. Check eligibility (शैक्षणिक पात्रता पदाच्या…,2,https://www.searchsarkarinaukri.com/jobs/federal-bank-federal-bank-2026--2141
Federal Bank recruitment update for various Federal Bank पदांकरिता अधिकृत भरती सूचना २०२६ posts. Check eligibility (शैक्षणिक पात्रता पदाच्या…,2,https://www.searchsarkarinaukri.com/jobs/federal-bank-federal-bank-2026--5001
HLL Lifecare Ltd recruitment update for 6 HLL Lifecare Ltd भरती २०२६ — ६ रिक्त जागांकरिता अर्ज सुरु posts. Check eligibility (शैक्षणिक पात्रता पदाच्या…,2,https://www.searchsarkarinaukri.com/jobs/hll-lifecare-ltd-hll-lifecare-ltd-2026--2665
HLL Lifecare Ltd recruitment update for 6 HLL Lifecare Ltd भरती २०२६ — ६ रिक्त जागांकरिता अर्ज सुरु posts. Check eligibility (शैक्षणिक पात्रता पदाच्या…,2,https://www.searchsarkarinaukri.com/jobs/hll-lifecare-ltd-hll-lifecare-ltd-2026--4888
IBPS CRP Clerk recruitment update for 11 IBPS CRP Clerk मध्ये ११४०३ रिक्त पदांची नवीन भरती २०२६ posts. Check eligibility (शैक्षणिक पात्रता पदाच्या…,2,https://www.searchsarkarinaukri.com/jobs/ibps-crp-clerk-ibps-crp-clerk-2026--3968
IBPS CRP Clerk recruitment update for 11 IBPS CRP Clerk मध्ये ११४०३ रिक्त पदांची नवीन भरती २०२६ posts. Check eligibility (शैक्षणिक पात्रता पदाच्या…,2,https://www.searchsarkarinaukri.com/jobs/ibps-crp-clerk-ibps-crp-clerk-2026--4952
IBPS PO recruitment update for 6715 IBPS PO मध्ये ६७१५ रिक्त पदांची नवीन भरती २०२६ posts. Check eligibility (शैक्षणिक पात्रता पदाच्या आवश्यकतेनुसार आहे…,2,https://www.searchsarkarinaukri.com/jobs/ibps-po-ibps-po-2026--2604
IBPS PO recruitment update for 6715 IBPS PO मध्ये ६७१५ रिक्त पदांची नवीन भरती २०२६ posts. Check eligibility (शैक्षणिक पात्रता पदाच्या आवश्यकतेनुसार आहे…,2,https://www.searchsarkarinaukri.com/jobs/ibps-po-ibps-po-2026--3419
IBPS SO recruitment update for 745 IBPS SO मध्ये ७४५ रिक्त पदांची नवीन भरती २०२६ posts. Check eligibility (शैक्षणिक पात्रता पदाच्या आवश्यकतेनुसार आहे…,2,https://www.searchsarkarinaukri.com/jobs/ibps-so-ibps-so-2026--2605
IBPS SO recruitment update for 745 IBPS SO मध्ये ७४५ रिक्त पदांची नवीन भरती २०२६ posts. Check eligibility (शैक्षणिक पात्रता पदाच्या आवश्यकतेनुसार आहे…,2,https://www.searchsarkarinaukri.com/jobs/ibps-so-ibps-so-2026--3420
ICAR-Sugarcane Breeding Institute recruitment update for 1 Agricultural Technician posts. Check eligibility (Post Graduate M.Sc. (Master of Science)…,2,https://www.searchsarkarinaukri.com/jobs/icar-sugarcane-breeding-institute-junior-research-fellow-2026--2816
ICAR-Sugarcane Breeding Institute recruitment update for 1 Agricultural Technician posts. Check eligibility (Post Graduate M.Sc. (Master of Science)…,2,https://www.searchsarkarinaukri.com/jobs/icar-sugarcane-breeding-institute-young-professional-ii-2026--1625
IIPS Mumbai recruitment update for 5 IIPS Mumbai ५ पदांची नवीन रिक्त भरती जाहीर २०२६ posts. Check eligibility (शैक्षणिक पात्रता पदाच्या आवश्यकतेनुसार आहे…,2,https://www.searchsarkarinaukri.com/jobs/iips-mumbai-iips-mumbai-2026--1715
IIPS Mumbai recruitment update for 5 IIPS Mumbai ५ पदांची नवीन रिक्त भरती जाहीर २०२६ posts. Check eligibility (शैक्षणिक पात्रता पदाच्या आवश्यकतेनुसार आहे…,2,https://www.searchsarkarinaukri.com/jobs/iips-mumbai-iips-mumbai-2026--2243
IISER Pune recruitment update for 6 IISER Pune ६ पदांची नवीन रिक्त भरती जाहीर २०२६ posts. Check eligibility (शैक्षणिक पात्रता पदाच्या आवश्यकतेनुसार आहे…,4,https://www.searchsarkarinaukri.com/jobs/iiser-pune-iiser-pune-2026--1929
IISER Pune recruitment update for 6 IISER Pune ६ पदांची नवीन रिक्त भरती जाहीर २०२६ posts. Check eligibility (शैक्षणिक पात्रता पदाच्या आवश्यकतेनुसार आहे…,4,https://www.searchsarkarinaukri.com/jobs/iiser-pune-iiser-pune-2026--1981
IISER Pune recruitment update for 6 IISER Pune ६ पदांची नवीन रिक्त भरती जाहीर २०२६ posts. Check eligibility (शैक्षणिक पात्रता पदाच्या आवश्यकतेनुसार आहे…,4,https://www.searchsarkarinaukri.com/jobs/iiser-pune-iiser-pune-2026--2244
IISER Pune recruitment update for 6 IISER Pune ६ पदांची नवीन रिक्त भरती जाहीर २०२६ posts. Check eligibility (शैक्षणिक पात्रता पदाच्या आवश्यकतेनुसार आहे…,4,https://www.searchsarkarinaukri.com/jobs/iiser-pune-iiser-pune-2026--2796
IISER Pune recruitment update for 7 IISER Pune ७ पदांची नवीन रिक्त भरती जाहीर २०२६ posts. Check eligibility (शैक्षणिक पात्रता पदाच्या आवश्यकतेनुसार आहे…,2,https://www.searchsarkarinaukri.com/jobs/iiser-pune-iiser-pune-2026--2273
IISER Pune recruitment update for 7 IISER Pune ७ पदांची नवीन रिक्त भरती जाहीर २०२६ posts. Check eligibility (शैक्षणिक पात्रता पदाच्या आवश्यकतेनुसार आहे…,2,https://www.searchsarkarinaukri.com/jobs/iiser-pune-iiser-pune-2026--2982
IISER Pune recruitment update for 3 IISER Pune ३ पदांची नवीन रिक्त भरती जाहीर २०२६ posts. Check eligibility (शैक्षणिक पात्रता पदाच्या आवश्यकतेनुसार आहे…,2,https://www.searchsarkarinaukri.com/jobs/iiser-pune-iiser-pune-2026--3465
IISER Pune recruitment update for 3 IISER Pune ३ पदांची नवीन रिक्त भरती जाहीर २०२६ posts. Check eligibility (शैक्षणिक पात्रता पदाच्या आवश्यकतेनुसार आहे…,2,https://www.searchsarkarinaukri.com/jobs/iiser-pune-iiser-pune-2026--4083
IIT Goa recruitment update for 1 IIT Goa अंतर्गत १ पदांची भरती जाहीर २०२६ posts. Check eligibility (शैक्षणिक पात्रता पदाच्या आवश्यकतेनुसार आहे .(मूळ…,2,https://www.searchsarkarinaukri.com/jobs/iit-goa-iit-goa-2026--2838
IIT Goa recruitment update for 1 IIT Goa अंतर्गत १ पदांची भरती जाहीर २०२६ posts. Check eligibility (शैक्षणिक पात्रता पदाच्या आवश्यकतेनुसार आहे .(मूळ…,2,https://www.searchsarkarinaukri.com/jobs/iit-goa-iit-goa-2026--4006
IIT Goa recruitment update for 2 IIT Goa अंतर्गत २ पदांची भरती जाहीर २०२६ posts. Check eligibility (शैक्षणिक पात्रता पदाच्या आवश्यकतेनुसार आहे .(मूळ…,2,https://www.searchsarkarinaukri.com/jobs/iit-goa-iit-goa-2026--2984
IIT Goa recruitment update for 2 IIT Goa अंतर्गत २ पदांची भरती जाहीर २०२६ posts. Check eligibility (शैक्षणिक पात्रता पदाच्या आवश्यकतेनुसार आहे .(मूळ…,2,https://www.searchsarkarinaukri.com/jobs/iit-goa-iit-goa-2026--3298
Indian Air Force Agniveer recruitment update for various Indian Air Force Agniveer भरती अपडेट २०२६ posts. Check eligibility (शैक्षणिक पात्रता पदाच्या…,3,https://www.searchsarkarinaukri.com/jobs/indian-air-force-agniveer-indian-air-force-agniveer-2026--2132
Indian Air Force Agniveer recruitment update for various Indian Air Force Agniveer भरती अपडेट २०२६ posts. Check eligibility (शैक्षणिक पात्रता पदाच्या…,3,https://www.searchsarkarinaukri.com/jobs/indian-air-force-agniveer-indian-air-force-agniveer-2026--3164
Indian Air Force Agniveer recruitment update for various Indian Air Force Agniveer भरती अपडेट २०२६ posts. Check eligibility (शैक्षणिक पात्रता पदाच्या…,3,https://www.searchsarkarinaukri.com/jobs/indian-air-force-agniveer-indian-air-force-agniveer-2026--3902
Indian Council of Agricultural Research recruitment update for 1 Assistant posts. Check eligibility (Graduate B.Agri. (Bachelor of Agriculture)…,2,https://www.searchsarkarinaukri.com/jobs/indian-council-of-agricultural-research-research-assistant-2026--1371
Indian Council of Agricultural Research recruitment update for 1 Assistant posts. Check eligibility (Graduate B.Agri. (Bachelor of Agriculture)…,2,https://www.searchsarkarinaukri.com/jobs/indian-council-of-agricultural-research-research-assistant-2026--1372
IRCTC recruitment update for 3 IRCTC भरती २०२६ — ३ रिक्त जागांकरिता अर्ज सुरु posts. Check eligibility (शैक्षणिक पात्रता पदाच्या आवश्यकतेनुसार आहे .(मूळ…,2,https://www.searchsarkarinaukri.com/jobs/irctc-irctc-2026--2759
IRCTC recruitment update for 3 IRCTC भरती २०२६ — ३ रिक्त जागांकरिता अर्ज सुरु posts. Check eligibility (शैक्षणिक पात्रता पदाच्या आवश्यकतेनुसार आहे .(मूळ…,2,https://www.searchsarkarinaukri.com/jobs/irctc-irctc-2026--3712
"ISRO LPSC Recruitment 2026: Apply online for 6 Technical Assistant Mechanical posts. Check Diploma qualification, age limit, vacancy details and last date.",2,https://www.searchsarkarinaukri.com/jobs/isro-lpsc-technical-assistant-chemical-recruitment-2026-apply-online--4978
"ISRO LPSC Recruitment 2026: Apply online for 6 Technical Assistant Mechanical posts. Check Diploma qualification, age limit, vacancy details and last date.",2,https://www.searchsarkarinaukri.com/jobs/isro-lpsc-technical-assistant-mechanical-recruitment-2026-apply-online-for-6-posts--4977
Jilhadhikari Karyalay Dhule recruitment update for 1 Jilhadhikari Karyalay Dhule १ पदांकरिता अधिकृत भरती सूचना २०२६ posts. Check eligibility (शैक्षणिक…,2,https://www.searchsarkarinaukri.com/jobs/jilhadhikari-karyalay-dhule-jilhadhikari-karyalay-dhule-2026--3525
Jilhadhikari Karyalay Dhule recruitment update for 1 Jilhadhikari Karyalay Dhule १ पदांकरिता अधिकृत भरती सूचना २०२६ posts. Check eligibility (शैक्षणिक…,2,https://www.searchsarkarinaukri.com/jobs/jilhadhikari-karyalay-dhule-jilhadhikari-karyalay-dhule-2026--4668
न्युक्लीयर पॉवर कार्पोरेशन recruitment update for various प्रशिक्षणार्थी पदाच्या एकूण २५५ जागा रिक्त posts. Check eligibility (उमेदवारांची किमान शैक्षणिक…,2,https://www.searchsarkarinaukri.com/jobs/job-2026--1107
न्युक्लीयर पॉवर कार्पोरेशन recruitment update for various प्रशिक्षणार्थी पदाच्या एकूण २५५ जागा रिक्त posts. Check eligibility (उमेदवारांची किमान शैक्षणिक…,2,https://www.searchsarkarinaukri.com/jobs/job-2026--2849
मुंबई कर्मचारी राज्य विमा निगम recruitment update for various एकूण २८ विविध पदांच्या रिक्त जागा posts. Check eligibility (पदानुसार पात्रता निकष भिन्न…,2,https://www.searchsarkarinaukri.com/jobs/job-2026--1114
मुंबई कर्मचारी राज्य विमा निगम recruitment update for various एकूण २८ विविध पदांच्या रिक्त जागा posts. Check eligibility (पदानुसार पात्रता निकष भिन्न…,2,https://www.searchsarkarinaukri.com/jobs/job-2026--1391
Kadamba Transport Corporation Ltd Goa recruitment update for 300 Kadamba Transport Corporation Ltd Goa ३०० पदांची नवीन रिक्त भरती जाहीर २०२६ posts. Check…,2,https://www.searchsarkarinaukri.com/jobs/kadamba-transport-corporation-ltd-goa-kadamba-transport-corporation-ltd-goa-2026--2261
Kadamba Transport Corporation Ltd Goa recruitment update for 300 Kadamba Transport Corporation Ltd Goa ३०० पदांची नवीन रिक्त भरती जाहीर २०२६ posts. Check…,2,https://www.searchsarkarinaukri.com/jobs/kadamba-transport-corporation-ltd-goa-kadamba-transport-corporation-ltd-goa-2026--2804
Kendriya Vidyalaya Kamptee recruitment update for various Kendriya Vidyalaya Kamptee विविध पदांची नवीन रिक्त भरती जाहीर २०२६ posts. Check eligibility…,2,https://www.searchsarkarinaukri.com/jobs/kendriya-vidyalaya-kamptee-kendriya-vidyalaya-kamptee-2026--2284
Kendriya Vidyalaya Kamptee recruitment update for various Kendriya Vidyalaya Kamptee विविध पदांची नवीन रिक्त भरती जाहीर २०२६ posts. Check eligibility…,2,https://www.searchsarkarinaukri.com/jobs/kendriya-vidyalaya-kamptee-kendriya-vidyalaya-kamptee-2026--3474
Kendriya Vidyalaya Of Varangaon recruitment update for various Kendriya Vidyalaya Of Varangaon पदांकरिता अधिकृत भरती सूचना २०२६ posts. Check eligibility…,2,https://www.searchsarkarinaukri.com/jobs/kendriya-vidyalaya-of-varangaon-kendriya-vidyalaya-of-varangaon-2026--2152
Kendriya Vidyalaya Of Varangaon recruitment update for various Kendriya Vidyalaya Of Varangaon पदांकरिता अधिकृत भरती सूचना २०२६ posts. Check eligibility…,2,https://www.searchsarkarinaukri.com/jobs/kendriya-vidyalaya-of-varangaon-kendriya-vidyalaya-of-varangaon-2026--4947
Kendriya Vidyalaya Pune recruitment update for various Kendriya Vidyalaya Pune पदांकरिता अधिकृत भरती सूचना २०२६ posts. Check eligibility (शैक्षणिक पात्रता…,4,https://www.searchsarkarinaukri.com/jobs/kendriya-vidyalaya-pune-kendriya-vidyalaya-pune-2026--1729
Kendriya Vidyalaya Pune recruitment update for various Kendriya Vidyalaya Pune पदांकरिता अधिकृत भरती सूचना २०२६ posts. Check eligibility (शैक्षणिक पात्रता…,4,https://www.searchsarkarinaukri.com/jobs/kendriya-vidyalaya-pune-kendriya-vidyalaya-pune-2026--2271
Kendriya Vidyalaya Pune recruitment update for various Kendriya Vidyalaya Pune पदांकरिता अधिकृत भरती सूचना २०२६ posts. Check eligibility (शैक्षणिक पात्रता…,4,https://www.searchsarkarinaukri.com/jobs/kendriya-vidyalaya-pune-kendriya-vidyalaya-pune-2026--2511
Kendriya Vidyalaya Pune recruitment update for various Kendriya Vidyalaya Pune पदांकरिता अधिकृत भरती सूचना २०२६ posts. Check eligibility (शैक्षणिक पात्रता…,4,https://www.searchsarkarinaukri.com/jobs/kendriya-vidyalaya-pune-kendriya-vidyalaya-pune-2026--5002
Kendriya Vidyalaya Washim recruitment update for various Kendriya Vidyalaya Washim भरती अपडेट २०२६ posts. Check eligibility (शैक्षणिक पात्रता पदाच्या…,3,https://www.searchsarkarinaukri.com/jobs/kendriya-vidyalaya-washim-kendriya-vidyalaya-washim-2026--2557
Kendriya Vidyalaya Washim recruitment update for various Kendriya Vidyalaya Washim भरती अपडेट २०२६ posts. Check eligibility (शैक्षणिक पात्रता पदाच्या…,3,https://www.searchsarkarinaukri.com/jobs/kendriya-vidyalaya-washim-kendriya-vidyalaya-washim-2026--3305
Kendriya Vidyalaya Washim recruitment update for various Kendriya Vidyalaya Washim भरती अपडेट २०२६ posts. Check eligibility (शैक्षणिक पात्रता पदाच्या…,3,https://www.searchsarkarinaukri.com/jobs/kendriya-vidyalaya-washim-kendriya-vidyalaya-washim-2026--4485
K.K. Wagh Education Society Nashik recruitment update for various K.K. Wagh Education Society Nashik भरती अपडेट २०२६ posts. Check eligibility (शैक्षणिक…,2,https://www.searchsarkarinaukri.com/jobs/kk-wagh-education-society-nashik-kk-wagh-education-society-nashik-2026--2185
K.K. Wagh Education Society Nashik recruitment update for various K.K. Wagh Education Society Nashik भरती अपडेट २०२६ posts. Check eligibility (शैक्षणिक…,2,https://www.searchsarkarinaukri.com/jobs/kk-wagh-education-society-nashik-kk-wagh-education-society-nashik-2026--2983
KVS Ahilyanagar recruitment update for 3 KVS Ahilyanagar मध्ये ३ रिक्त पदांची नवीन भरती २०२६ posts. Check eligibility (शैक्षणिक पात्रता पदाच्या…,2,https://www.searchsarkarinaukri.com/jobs/kvs-ahilyanagar-kvs-ahilyanagar-2026--2795
KVS Ahilyanagar recruitment update for 3 KVS Ahilyanagar मध्ये ३ रिक्त पदांची नवीन भरती २०२६ posts. Check eligibility (शैक्षणिक पात्रता पदाच्या…,2,https://www.searchsarkarinaukri.com/jobs/kvs-ahilyanagar-kvs-ahilyanagar-2026--3352
Maha Waqf recruitment update for 6 Maha Waqf ६ पदांकरिता अधिकृत भरती सूचना २०२६ posts. Check eligibility (शैक्षणिक पात्रता पदाच्या आवश्यकतेनुसार आहे. (मूळ…,2,https://www.searchsarkarinaukri.com/jobs/maha-waqf-maha-waqf-2026--1901
Maha Waqf recruitment update for 6 Maha Waqf ६ पदांकरिता अधिकृत भरती सूचना २०२६ posts. Check eligibility (शैक्षणिक पात्रता पदाच्या आवश्यकतेनुसार आहे. (मूळ…,2,https://www.searchsarkarinaukri.com/jobs/maha-waqf-maha-waqf-2026--1962
Mazagon Dock recruitment update for 495 Mazagon Dock भरती २०२६ — ४९५ रिक्त जागांकरिता अर्ज सुरु posts. Check eligibility (शैक्षणिक पात्रता पदाच्या…,2,https://www.searchsarkarinaukri.com/jobs/mazagon-dock-mazagon-dock-2026--1879
Mazagon Dock recruitment update for 495 Mazagon Dock भरती २०२६ — ४९५ रिक्त जागांकरिता अर्ज सुरु posts. Check eligibility (शैक्षणिक पात्रता पदाच्या…,2,https://www.searchsarkarinaukri.com/jobs/mazagon-dock-mazagon-dock-2026--2615
MGIMS Wardha recruitment update for 1 MGIMS Wardha १ पदांकरिता अधिकृत भरती सूचना २०२६ posts. Check eligibility (शैक्षणिक पात्रता पदाच्या आवश्यकतेनुसार आहे…,2,https://www.searchsarkarinaukri.com/jobs/mgims-wardha-mgims-wardha-2026--1884
MGIMS Wardha recruitment update for 1 MGIMS Wardha १ पदांकरिता अधिकृत भरती सूचना २०२६ posts. Check eligibility (शैक्षणिक पात्रता पदाच्या आवश्यकतेनुसार आहे…,2,https://www.searchsarkarinaukri.com/jobs/mgims-wardha-mgims-wardha-2026--3247
Ministry Of Jal Shakti recruitment update for 7 Ministry Of Jal Shakti ७ पदांची नवीन रिक्त भरती जाहीर २०२६ posts. Check eligibility (शैक्षणिक पात्रता…,4,https://www.searchsarkarinaukri.com/jobs/ministry-of-jal-shakti-ministry-of-jal-shakti-2026--1974
Ministry Of Jal Shakti recruitment update for 7 Ministry Of Jal Shakti ७ पदांची नवीन रिक्त भरती जाहीर २०२६ posts. Check eligibility (शैक्षणिक पात्रता…,4,https://www.searchsarkarinaukri.com/jobs/ministry-of-jal-shakti-ministry-of-jal-shakti-2026--2026
Ministry Of Jal Shakti recruitment update for 7 Ministry Of Jal Shakti ७ पदांची नवीन रिक्त भरती जाहीर २०२६ posts. Check eligibility (शैक्षणिक पात्रता…,4,https://www.searchsarkarinaukri.com/jobs/ministry-of-jal-shakti-ministry-of-jal-shakti-2026--2347
Ministry Of Jal Shakti recruitment update for 7 Ministry Of Jal Shakti ७ पदांची नवीन रिक्त भरती जाहीर २०२६ posts. Check eligibility (शैक्षणिक पात्रता…,4,https://www.searchsarkarinaukri.com/jobs/ministry-of-jal-shakti-ministry-of-jal-shakti-2026--2618
MNRE recruitment update for 6 MNRE ६ पदांकरिता अधिकृत भरती सूचना २०२६ posts. Check eligibility (शैक्षणिक पात्रता पदाच्या आवश्यकतेनुसार आहे .(मूळ जाहिरात…,2,https://www.searchsarkarinaukri.com/jobs/mnre-mnre-2026--2300
MNRE recruitment update for 6 MNRE ६ पदांकरिता अधिकृत भरती सूचना २०२६ posts. Check eligibility (शैक्षणिक पात्रता पदाच्या आवश्यकतेनुसार आहे .(मूळ जाहिरात…,2,https://www.searchsarkarinaukri.com/jobs/mnre-mnre-2026--4883
MPKV recruitment update for 4 ४ पदांकरिता MPKV भरती अपडेट २०२६ posts. Check eligibility (शैक्षणिक पात्रता पदाच्या आवश्यकतेनुसार आहे .(मूळ जाहिरात…,2,https://www.searchsarkarinaukri.com/jobs/mpkv-mpkv-2026--2500
MPKV recruitment update for 4 ४ पदांकरिता MPKV भरती अपडेट २०२६ posts. Check eligibility (शैक्षणिक पात्रता पदाच्या आवश्यकतेनुसार आहे .(मूळ जाहिरात…,2,https://www.searchsarkarinaukri.com/jobs/mpkv-mpkv-2026--4015
MPKV recruitment update for 1 १ पदांकरिता MPKV भरती अपडेट २०२६ posts. Check eligibility (शैक्षणिक पात्रता पदाच्या आवश्यकतेनुसार आहे .(मूळ जाहिरात…,2,https://www.searchsarkarinaukri.com/jobs/mpkv-mpkv-2026--3719
MPKV recruitment update for 1 १ पदांकरिता MPKV भरती अपडेट २०२६ posts. Check eligibility (शैक्षणिक पात्रता पदाच्या आवश्यकतेनुसार आहे .(मूळ जाहिरात…,2,https://www.searchsarkarinaukri.com/jobs/mpkv-mpkv-2026--4578
MPSC Group C recruitment update for 5707 MPSC Group C ५७०७ पदांची नवीन रिक्त भरती जाहीर २०२६ posts. Check eligibility (शैक्षणिक पात्रता पदाच्या…,3,https://www.searchsarkarinaukri.com/jobs/mpsc-group-c-mpsc-group-c-2026--3470
MPSC Group C recruitment update for 5707 MPSC Group C ५७०७ पदांची नवीन रिक्त भरती जाहीर २०२६ posts. Check eligibility (शैक्षणिक पात्रता पदाच्या…,3,https://www.searchsarkarinaukri.com/jobs/mpsc-group-c-mpsc-group-c-2026--4020
MPSC Group C recruitment update for 5707 MPSC Group C ५७०७ पदांची नवीन रिक्त भरती जाहीर २०२६ posts. Check eligibility (शैक्षणिक पात्रता पदाच्या…,3,https://www.searchsarkarinaukri.com/jobs/mpsc-group-c-mpsc-group-c-2026--4136
MPSC Group C Services Combined Preliminary Examination recruitment update for 2619 MPSC Group C Services Combined Preliminary Examination २६१९ पदांची नवीन…,2,https://www.searchsarkarinaukri.com/jobs/mpsc-group-c-services-combined-preliminary-examination-mpsc-group-c-services-combined-preliminary-20--2386
MPSC Group C Services Combined Preliminary Examination recruitment update for 2619 MPSC Group C Services Combined Preliminary Examination २६१९ पदांची नवीन…,2,https://www.searchsarkarinaukri.com/jobs/mpsc-group-c-services-combined-preliminary-examination-mpsc-group-c-services-combined-preliminary-20--3213
Mumbai Metropolitan Region Slum Rehabilitation Authorities recruitment update for 3 Mumbai Metropolitan Region Slum Rehabilitation Authorities मध्ये ३…,2,https://www.searchsarkarinaukri.com/jobs/mumbai-metropolitan-region-slum-rehabilitation-authorities-mumbai-metropolitan-region-slum-rehabilit--2145
Mumbai Metropolitan Region Slum Rehabilitation Authorities recruitment update for 3 Mumbai Metropolitan Region Slum Rehabilitation Authorities मध्ये ३…,2,https://www.searchsarkarinaukri.com/jobs/mumbai-metropolitan-region-slum-rehabilitation-authorities-mumbai-metropolitan-region-slum-rehabilit--4139
Mumbai Port Trust recruitment update for 65 ६५ पदांकरिता Mumbai Port Trust भरती अपडेट २०२६ posts. Check eligibility (शैक्षणिक पात्रता पदाच्या…,2,https://www.searchsarkarinaukri.com/jobs/mumbai-port-trust-mumbai-port-trust-2026--4273
Mumbai Port Trust recruitment update for 65 ६५ पदांकरिता Mumbai Port Trust भरती अपडेट २०२६ posts. Check eligibility (शैक्षणिक पात्रता पदाच्या…,2,https://www.searchsarkarinaukri.com/jobs/mumbai-port-trust-mumbai-port-trust-2026--4829
National Film Development Corporation Mumbai recruitment update for 1 National Film Development Corporation Mumbai अंतर्गत १ पदांची भरती जाहीर २०२६ posts.…,2,https://www.searchsarkarinaukri.com/jobs/national-film-development-corporation-mumbai-national-film-development-corporation-mumbai-2026--3120
National Film Development Corporation Mumbai recruitment update for 1 National Film Development Corporation Mumbai अंतर्गत १ पदांची भरती जाहीर २०२६ posts.…,2,https://www.searchsarkarinaukri.com/jobs/national-film-development-corporation-mumbai-national-film-development-corporation-mumbai-2026--4788
NCR recruitment update for 1853 १८५३ पदांकरिता NCR भरती अपडेट २०२६ posts. Check eligibility (शैक्षणिक पात्रता पदाच्या आवश्यकतेनुसार आहे .(मूळ जाहिरात…,2,https://www.searchsarkarinaukri.com/jobs/ncr-ncr-2026--2836
NCR recruitment update for 1853 १८५३ पदांकरिता NCR भरती अपडेट २०२६ posts. Check eligibility (शैक्षणिक पात्रता पदाच्या आवश्यकतेनुसार आहे .(मूळ जाहिरात…,2,https://www.searchsarkarinaukri.com/jobs/ncr-ncr-2026--4782
NEERI Nagpur recruitment update for 1 १ पदांकरिता NEERI Nagpur भरती अपडेट २०२६ posts. Check eligibility (शैक्षणिक पात्रता पदाच्या आवश्यकतेनुसार आहे .(मूळ…,3,https://www.searchsarkarinaukri.com/jobs/neeri-nagpur-neeri-nagpur-2026--2364
NEERI Nagpur recruitment update for 1 १ पदांकरिता NEERI Nagpur भरती अपडेट २०२६ posts. Check eligibility (शैक्षणिक पात्रता पदाच्या आवश्यकतेनुसार आहे .(मूळ…,3,https://www.searchsarkarinaukri.com/jobs/neeri-nagpur-neeri-nagpur-2026--2495
NEERI Nagpur recruitment update for 1 १ पदांकरिता NEERI Nagpur भरती अपडेट २०२६ posts. Check eligibility (शैक्षणिक पात्रता पदाच्या आवश्यकतेनुसार आहे .(मूळ…,3,https://www.searchsarkarinaukri.com/jobs/neeri-nagpur-neeri-nagpur-2026--3648
NHM Latur recruitment update for 1 १ पदांकरिता NHM Latur भरती अपडेट २०२६ posts. Check eligibility (शैक्षणिक पात्रता पदाच्या आवश्यकतेनुसार आहे .(मूळ…,2,https://www.searchsarkarinaukri.com/jobs/nhm-latur-nhm-latur-2026--3660
NHM Latur recruitment update for 1 १ पदांकरिता NHM Latur भरती अपडेट २०२६ posts. Check eligibility (शैक्षणिक पात्रता पदाच्या आवश्यकतेनुसार आहे .(मूळ…,2,https://www.searchsarkarinaukri.com/jobs/nhm-latur-nhm-latur-2026--3778
NMU Jalgaon recruitment update for various NMU Jalgaon भरती २०२६ — रिक्त पदांकरिता अर्ज सुरु posts. Check eligibility (शैक्षणिक पात्रता पदाच्या…,2,https://www.searchsarkarinaukri.com/jobs/nmu-jalgaon-nmu-jalgaon-2026--2468
NMU Jalgaon recruitment update for various NMU Jalgaon भरती २०२६ — रिक्त पदांकरिता अर्ज सुरु posts. Check eligibility (शैक्षणिक पात्रता पदाच्या…,2,https://www.searchsarkarinaukri.com/jobs/nmu-jalgaon-nmu-jalgaon-2026--4319
Ordnance Factory Chanda recruitment update for 140 Ordnance Factory Chanda १४० पदांची नवीन रिक्त भरती जाहीर २०२६ posts. Check eligibility (शैक्षणिक…,2,https://www.searchsarkarinaukri.com/jobs/ordnance-factory-chanda-ordnance-factory-chanda-2026--2020
Ordnance Factory Chanda recruitment update for 140 Ordnance Factory Chanda १४० पदांची नवीन रिक्त भरती जाहीर २०२६ posts. Check eligibility (शैक्षणिक…,2,https://www.searchsarkarinaukri.com/jobs/ordnance-factory-chanda-ordnance-factory-chanda-2026--2058
Panjabrao Deshmukh Krishi Vidyapeeth Akola recruitment update for 2 Panjabrao Deshmukh Krishi Vidyapeeth Akola २ पदांकरिता अधिकृत भरती सूचना २०२६ posts.…,2,https://www.searchsarkarinaukri.com/jobs/panjabrao-deshmukh-krishi-vidyapeeth-akola-panjabrao-deshmukh-krishi-vidyapeeth-akola-2026--1944
Panjabrao Deshmukh Krishi Vidyapeeth Akola recruitment update for 2 Panjabrao Deshmukh Krishi Vidyapeeth Akola २ पदांकरिता अधिकृत भरती सूचना २०२६ posts.…,2,https://www.searchsarkarinaukri.com/jobs/panjabrao-deshmukh-krishi-vidyapeeth-akola-panjabrao-deshmukh-krishi-vidyapeeth-akola-2026--3532
Pune District Education Association recruitment update for 1 Pune District Education Association १ पदांकरिता अधिकृत भरती सूचना २०२६ posts. Check…,2,https://www.searchsarkarinaukri.com/jobs/pune-district-education-association-pune-district-education-association-2026--2716
Pune District Education Association recruitment update for 1 Pune District Education Association १ पदांकरिता अधिकृत भरती सूचना २०२६ posts. Check…,2,https://www.searchsarkarinaukri.com/jobs/pune-district-education-association-pune-district-education-association-2026--3413
RCFL Mumbai recruitment update for 94 ९४ पदांकरिता RCFL Mumbai भरती अपडेट २०२६ posts. Check eligibility (शैक्षणिक पात्रता पदाच्या आवश्यकतेनुसार आहे .(मूळ…,2,https://www.searchsarkarinaukri.com/jobs/rcfl-mumbai-rcfl-mumbai-2026--4382
RCFL Mumbai recruitment update for 94 ९४ पदांकरिता RCFL Mumbai भरती अपडेट २०२६ posts. Check eligibility (शैक्षणिक पात्रता पदाच्या आवश्यकतेनुसार आहे .(मूळ…,2,https://www.searchsarkarinaukri.com/jobs/rcfl-mumbai-rcfl-mumbai-2026--5000
RCSM Agriculture College Kolhapur recruitment update for 1 RCSM Agriculture College Kolhapur मध्ये १ रिक्त पदांची नवीन भरती २०२६ posts. Check eligibility…,2,https://www.searchsarkarinaukri.com/jobs/rcsm-agriculture-college-kolhapur-rcsm-agriculture-college-kolhapur-2026--2501
RCSM Agriculture College Kolhapur recruitment update for 1 RCSM Agriculture College Kolhapur मध्ये १ रिक्त पदांची नवीन भरती २०२६ posts. Check eligibility…,2,https://www.searchsarkarinaukri.com/jobs/rcsm-agriculture-college-kolhapur-rcsm-agriculture-college-kolhapur-2026--2875
"SAIL RSP Production Apprentice Recruitment 2026 for 10 Graduate Apprentice posts. Check qualification, age limit, stipend, important dates and…",2,https://www.searchsarkarinaukri.com/jobs/sail-rsp-graduate-apprentice-production-recruitment-2026--4459
"SAIL RSP Production Apprentice Recruitment 2026 for 10 Graduate Apprentice posts. Check qualification, age limit, stipend, important dates and…",2,https://www.searchsarkarinaukri.com/jobs/sail-rsp-graduate-apprentice-production-recruitment-2026--4468
Sangli Urban Co-Op Bank recruitment update for 9 Sangli Urban Co-Op Bank भरती २०२६ — ९ रिक्त जागांकरिता अर्ज सुरु posts. Check eligibility (शैक्षणिक…,2,https://www.searchsarkarinaukri.com/jobs/sangli-urban-co-op-bank-sangli-urban-co-op-bank-2026--2541
Sangli Urban Co-Op Bank recruitment update for 9 Sangli Urban Co-Op Bank भरती २०२६ — ९ रिक्त जागांकरिता अर्ज सुरु posts. Check eligibility (शैक्षणिक…,2,https://www.searchsarkarinaukri.com/jobs/sangli-urban-co-op-bank-sangli-urban-co-op-bank-2026--2593
SECR Nagpur recruitment update for 4 ४ पदांकरिता SECR Nagpur भरती अपडेट २०२६ posts. Check eligibility (शैक्षणिक पात्रता पदाच्या आवश्यकतेनुसार आहे .(मूळ…,2,https://www.searchsarkarinaukri.com/jobs/secr-nagpur-secr-nagpur-2026--2705
SECR Nagpur recruitment update for 4 ४ पदांकरिता SECR Nagpur भरती अपडेट २०२६ posts. Check eligibility (शैक्षणिक पात्रता पदाच्या आवश्यकतेनुसार आहे .(मूळ…,2,https://www.searchsarkarinaukri.com/jobs/secr-nagpur-secr-nagpur-2026--3416
SGBAU Amravati recruitment update for 10 SGBAU Amravati अंतर्गत १० पदांची भरती जाहीर २०२६ posts. Check eligibility (शैक्षणिक पात्रता पदाच्या…,2,https://www.searchsarkarinaukri.com/jobs/sgbau-amravati-sgbau-amravati-2026--2880
SGBAU Amravati recruitment update for 10 SGBAU Amravati अंतर्गत १० पदांची भरती जाहीर २०२६ posts. Check eligibility (शैक्षणिक पात्रता पदाच्या…,2,https://www.searchsarkarinaukri.com/jobs/sgbau-amravati-sgbau-amravati-2026--3255
Shri Shivaji Shikshan Prasarak Mandal Solapur recruitment update for 36 ३६ पदांकरिता Shri Shivaji Shikshan Prasarak Mandal Solapur भरती अपडेट २०२६ posts.…,2,https://www.searchsarkarinaukri.com/jobs/shri-shivaji-shikshan-prasarak-mandal-solapur-shri-shivaji-shikshan-prasarak-2026--4265
Shri Shivaji Shikshan Prasarak Mandal Solapur recruitment update for 36 ३६ पदांकरिता Shri Shivaji Shikshan Prasarak Mandal Solapur भरती अपडेट २०२६ posts.…,2,https://www.searchsarkarinaukri.com/jobs/shri-shivaji-shikshan-prasarak-mandal-solapur-shri-shivaji-shikshan-prasarak-2026--4333
SIR-Central Food Technological Research Institute recruitment update for 1 Project Associate posts. Check eligibility (Post Graduate M.Sc. (Master of…,2,https://www.searchsarkarinaukri.com/jobs/sir-central-food-technological-research-institute-engagement-to-project-associate-i-2026--1637
SIR-Central Food Technological Research Institute recruitment update for 1 Project Associate posts. Check eligibility (Post Graduate M.Sc. (Master of…,2,https://www.searchsarkarinaukri.com/jobs/sir-central-food-technological-research-institute-engagement-to-project-associate-ii-2026--1359
SNDT Women University Mumbai recruitment update for 32 SNDT Women University Mumbai मध्ये ३२ रिक्त पदांची नवीन भरती २०२६ posts. Check eligibility…,2,https://www.searchsarkarinaukri.com/jobs/sndt-women-university-mumbai-sndt-women-university-mumbai-2026--1844
SNDT Women University Mumbai recruitment update for 32 SNDT Women University Mumbai मध्ये ३२ रिक्त पदांची नवीन भरती २०२६ posts. Check eligibility…,2,https://www.searchsarkarinaukri.com/jobs/sndt-women-university-mumbai-sndt-women-university-mumbai-2026--1995
South Indian Bank recruitment update for various South Indian Bank विविध पदांची नवीन रिक्त भरती जाहीर २०२६ posts. Check eligibility (शैक्षणिक पात्रता…,2,https://www.searchsarkarinaukri.com/jobs/south-indian-bank-south-indian-bank-2026--3529
South Indian Bank recruitment update for various South Indian Bank विविध पदांची नवीन रिक्त भरती जाहीर २०२६ posts. Check eligibility (शैक्षणिक पात्रता…,2,https://www.searchsarkarinaukri.com/jobs/south-indian-bank-south-indian-bank-2026--4832
"Apply online for SSC Junior Secretariat Assistant (JSA) / Lower Division Clerk (LDC) Recruitment 2026. Check eligibility, qualification, vacancy details…",2,https://www.searchsarkarinaukri.com/jobs/ssc-junior-secretariat-assistant-jsa-lower-division-clerk-ldc-recruitment-2026--2946
"Apply online for SSC Junior Secretariat Assistant (JSA) / Lower Division Clerk (LDC) Recruitment 2026. Check eligibility, qualification, vacancy details…",2,https://www.searchsarkarinaukri.com/jobs/ssc-junior-secretariat-assistant-jsa-lower-division-clerk-ldc-recruitment-2026--3019
Staff Selection Commission recruitment update for 376 Staff Selection Commission ३७६ पदांची नवीन रिक्त भरती जाहीर २०२६ posts. Check eligibility (शैक्षणिक…,2,https://www.searchsarkarinaukri.com/jobs/staff-selection-commission-staff-selection-commission-2026--1751
Staff Selection Commission recruitment update for 376 Staff Selection Commission ३७६ पदांची नवीन रिक्त भरती जाहीर २०२६ posts. Check eligibility (शैक्षणिक…,2,https://www.searchsarkarinaukri.com/jobs/staff-selection-commission-staff-selection-commission-2026--2375
Tadoba Tiger Reserve Chandrapur recruitment update for 3 Tadoba Tiger Reserve Chandrapur ३ पदांकरिता अधिकृत भरती सूचना २०२६ posts. Check eligibility…,2,https://www.searchsarkarinaukri.com/jobs/tadoba-tiger-reserve-chandrapur-tadoba-tiger-reserve-chandrapur-2026--3089
Tadoba Tiger Reserve Chandrapur recruitment update for 3 Tadoba Tiger Reserve Chandrapur ३ पदांकरिता अधिकृत भरती सूचना २०२६ posts. Check eligibility…,2,https://www.searchsarkarinaukri.com/jobs/tadoba-tiger-reserve-chandrapur-tadoba-tiger-reserve-chandrapur-2026--3656
TIFR Mumbai recruitment update for 41 ४१ पदांकरिता TIFR Mumbai भरती अपडेट २०२६ posts. Check eligibility (शैक्षणिक पात्रता पदाच्या आवश्यकतेनुसार आहे .(मूळ…,2,https://www.searchsarkarinaukri.com/jobs/tifr-mumbai-tifr-mumbai-2026--1960
TIFR Mumbai recruitment update for 41 ४१ पदांकरिता TIFR Mumbai भरती अपडेट २०२६ posts. Check eligibility (शैक्षणिक पात्रता पदाच्या आवश्यकतेनुसार आहे .(मूळ…,2,https://www.searchsarkarinaukri.com/jobs/tifr-mumbai-tifr-mumbai-2026--2064
Tirupati Urban Bank Nagpur recruitment update for various Tirupati Urban Bank Nagpur मध्ये रिक्त पदांची नवीन भरती २०२६ posts. Check eligibility (शैक्षणिक…,2,https://www.searchsarkarinaukri.com/jobs/tirupati-urban-bank-nagpur-tirupati-urban-bank-nagpur-2026--1956
Tirupati Urban Bank Nagpur recruitment update for various Tirupati Urban Bank Nagpur मध्ये रिक्त पदांची नवीन भरती २०२६ posts. Check eligibility (शैक्षणिक…,2,https://www.searchsarkarinaukri.com/jobs/tirupati-urban-bank-nagpur-tirupati-urban-bank-nagpur-2026--3090
TISS Mumbai recruitment update for 18 TISS Mumbai अंतर्गत १८ पदांची भरती जाहीर २०२६ posts. Check eligibility (शैक्षणिक पात्रता पदाच्या आवश्यकतेनुसार आहे…,2,https://www.searchsarkarinaukri.com/jobs/tiss-mumbai-tiss-mumbai-2026--1837
TISS Mumbai recruitment update for 18 TISS Mumbai अंतर्गत १८ पदांची भरती जाहीर २०२६ posts. Check eligibility (शैक्षणिक पात्रता पदाच्या आवश्यकतेनुसार आहे…,2,https://www.searchsarkarinaukri.com/jobs/tiss-mumbai-tiss-mumbai-2026--1913
TISS Mumbai recruitment update for 35 TISS Mumbai अंतर्गत ३५ पदांची भरती जाहीर २०२६ posts. Check eligibility (शैक्षणिक पात्रता पदाच्या आवश्यकतेनुसार आहे…,2,https://www.searchsarkarinaukri.com/jobs/tiss-mumbai-tiss-mumbai-2026--2029
TISS Mumbai recruitment update for 35 TISS Mumbai अंतर्गत ३५ पदांची भरती जाहीर २०२६ posts. Check eligibility (शैक्षणिक पात्रता पदाच्या आवश्यकतेनुसार आहे…,2,https://www.searchsarkarinaukri.com/jobs/tiss-mumbai-tiss-mumbai-2026--2263
TISS Mumbai recruitment update for 2 TISS Mumbai अंतर्गत २ पदांची भरती जाहीर २०२६ posts. Check eligibility (शैक्षणिक पात्रता पदाच्या आवश्यकतेनुसार आहे…,3,https://www.searchsarkarinaukri.com/jobs/tiss-mumbai-tiss-mumbai-2026--3403
TISS Mumbai recruitment update for 2 TISS Mumbai अंतर्गत २ पदांची भरती जाहीर २०२६ posts. Check eligibility (शैक्षणिक पात्रता पदाच्या आवश्यकतेनुसार आहे…,3,https://www.searchsarkarinaukri.com/jobs/tiss-mumbai-tiss-mumbai-2026--3910
TISS Mumbai recruitment update for 2 TISS Mumbai अंतर्गत २ पदांची भरती जाहीर २०२६ posts. Check eligibility (शैक्षणिक पात्रता पदाच्या आवश्यकतेनुसार आहे…,3,https://www.searchsarkarinaukri.com/jobs/tiss-mumbai-tiss-mumbai-2026--4264
UPSC CDS recruitment update for 451 UPSC CDS अंतर्गत ४५१ पदांची भरती जाहीर २०२६ posts. Check eligibility (शैक्षणिक पात्रता पदाच्या आवश्यकतेनुसार आहे .(मूळ…,2,https://www.searchsarkarinaukri.com/jobs/upsc-cds-upsc-cds-2026--1717
UPSC CDS recruitment update for 451 UPSC CDS अंतर्गत ४५१ पदांची भरती जाहीर २०२६ posts. Check eligibility (शैक्षणिक पात्रता पदाच्या आवश्यकतेनुसार आहे .(मूळ…,2,https://www.searchsarkarinaukri.com/jobs/upsc-cds-upsc-cds-2026--1827
UPSC NDA recruitment update for 394 UPSC NDA अंतर्गत ३९४ पदांची भरती जाहीर २०२६ posts. Check eligibility (शैक्षणिक पात्रता पदाच्या आवश्यकतेनुसार आहे .(मूळ…,2,https://www.searchsarkarinaukri.com/jobs/upsc-nda-upsc-nda-2026--1718
UPSC NDA recruitment update for 394 UPSC NDA अंतर्गत ३९४ पदांची भरती जाहीर २०२६ posts. Check eligibility (शैक्षणिक पात्रता पदाच्या आवश्यकतेनुसार आहे .(मूळ…,2,https://www.searchsarkarinaukri.com/jobs/upsc-nda-upsc-nda-2026--1828
VNIT Nagpur recruitment update for 3 VNIT Nagpur अंतर्गत ३ पदांची भरती जाहीर २०२६ posts. Check eligibility (शैक्षणिक पात्रता पदाच्या आवश्यकतेनुसार आहे…,2,https://www.searchsarkarinaukri.com/jobs/vnit-nagpur-vnit-nagpur-2026--2168
VNIT Nagpur recruitment update for 3 VNIT Nagpur अंतर्गत ३ पदांची भरती जाहीर २०२६ posts. Check eligibility (शैक्षणिक पात्रता पदाच्या आवश्यकतेनुसार आहे…,2,https://www.searchsarkarinaukri.com/jobs/vnit-nagpur-vnit-nagpur-2026--4957
VNIT Nagpur recruitment update for 1 VNIT Nagpur अंतर्गत १ पदांची भरती जाहीर २०२६ posts. Check eligibility (शैक्षणिक पात्रता पदाच्या आवश्यकतेनुसार आहे…,2,https://www.searchsarkarinaukri.com/jobs/vnit-nagpur-vnit-nagpur-2026--2791
VNIT Nagpur recruitment update for 1 VNIT Nagpur अंतर्गत १ पदांची भरती जाहीर २०२६ posts. Check eligibility (शैक्षणिक पात्रता पदाच्या आवश्यकतेनुसार आहे…,2,https://www.searchsarkarinaukri.com/jobs/vnit-nagpur-vnit-nagpur-2026--3463
Wcl Nagpur recruitment update for 444 Wcl Nagpur ४४४ पदांची नवीन रिक्त भरती जाहीर २०२६ posts. Check eligibility (शैक्षणिक पात्रता पदांच्या आवश्यकतेनुसार…,3,https://www.searchsarkarinaukri.com/jobs/wcl-nagpur-wcl-nagpur-2026--2603
Wcl Nagpur recruitment update for 444 Wcl Nagpur ४४४ पदांची नवीन रिक्त भरती जाहीर २०२६ posts. Check eligibility (शैक्षणिक पात्रता पदांच्या आवश्यकतेनुसार…,3,https://www.searchsarkarinaukri.com/jobs/wcl-nagpur-wcl-nagpur-2026--3270
Wcl Nagpur recruitment update for 444 Wcl Nagpur ४४४ पदांची नवीन रिक्त भरती जाहीर २०२६ posts. Check eligibility (शैक्षणिक पात्रता पदांच्या आवश्यकतेनुसार…,3,https://www.searchsarkarinaukri.com/jobs/wcl-nagpur-wcl-nagpur-2026--3310
"Manipur expands sports quota, silver and bronze medallists to get government jobs India Today NE",2,https://www.searchsarkarinaukri.com/news/295836
"Manipur expands sports quota, silver and bronze medallists to get government jobs India Today NE",2,https://www.searchsarkarinaukri.com/news/296160
"Top Jobs of the Week: Recruitment opens for 2,482 posts in Bank of Baroda; 1,421vacancies available in Rail... Bhaskar English",2,https://www.searchsarkarinaukri.com/news/296161
"Top Jobs of the Week: Recruitment opens for 2,482 posts in Bank of Baroda; 1,421vacancies available in Rail... Bhaskar English",2,https://www.searchsarkarinaukri.com/news/298752
"MPSC Result 2026 result update with official source link, result date, status and related Sarkari Naukri updates.",4,https://www.searchsarkarinaukri.com/results/15
"MPSC Result 2026 result update with official source link, result date, status and related Sarkari Naukri updates.",4,https://www.searchsarkarinaukri.com/results/59
"MPSC Result 2026 result update with official source link, result date, status and related Sarkari Naukri updates.",4,https://www.searchsarkarinaukri.com/results/66
"MPSC Result 2026 result update with official source link, result date, status and related Sarkari Naukri updates.",4,https://www.searchsarkarinaukri.com/results/77
"MPSC Rajyaseva Result 2024 result update with official source link, result date, status and related Sarkari Naukri updates.",3,https://www.searchsarkarinaukri.com/results/16
"MPSC Rajyaseva Result 2024 result update with official source link, result date, status and related Sarkari Naukri updates.",3,https://www.searchsarkarinaukri.com/results/72
"MPSC Rajyaseva Result 2024 result update with official source link, result date, status and related Sarkari Naukri updates.",3,https://www.searchsarkarinaukri.com/results/78
"SSC CGL Result 2025 result update with official source link, result date, status and related Sarkari Naukri updates.",10,https://www.searchsarkarinaukri.com/results/18
"SSC CGL Result 2025 result update with official source link, result date, status and related Sarkari Naukri updates.",10,https://www.searchsarkarinaukri.com/results/26
"SSC CGL Result 2025 result update with official source link, result date, status and related Sarkari Naukri updates.",10,https://www.searchsarkarinaukri.com/results/35
"SSC CGL Result 2025 result update with official source link, result date, status and related Sarkari Naukri updates.",10,https://www.searchsarkarinaukri.com/results/41
"SSC CGL Result 2025 result update with official source link, result date, status and related Sarkari Naukri updates.",10,https://www.searchsarkarinaukri.com/results/49
"SSC CGL Result 2025 result update with official source link, result date, status and related Sarkari Naukri updates.",10,https://www.searchsarkarinaukri.com/results/54
"SSC CGL Result 2025 result update with official source link, result date, status and related Sarkari Naukri updates.",10,https://www.searchsarkarinaukri.com/results/62
"SSC CGL Result 2025 result update with official source link, result date, status and related Sarkari Naukri updates.",10,https://www.searchsarkarinaukri.com/results/69
"SSC CGL Result 2025 result update with official source link, result date, status and related Sarkari Naukri updates.",10,https://www.searchsarkarinaukri.com/results/75
"SSC CGL Result 2025 result update with official source link, result date, status and related Sarkari Naukri updates.",10,https://www.searchsarkarinaukri.com/results/80
"UPSC CSE Result 2026 result update with official source link, result date, status and related Sarkari Naukri updates.",4,https://www.searchsarkarinaukri.com/results/21
"UPSC CSE Result 2026 result update with official source link, result date, status and related Sarkari Naukri updates.",4,https://www.searchsarkarinaukri.com/results/28
"UPSC CSE Result 2026 result update with official source link, result date, status and related Sarkari Naukri updates.",4,https://www.searchsarkarinaukri.com/results/34
"UPSC CSE Result 2026 result update with official source link, result date, status and related Sarkari Naukri updates.",4,https://www.searchsarkarinaukri.com/results/44
"MPSC Rajyaseva Result 2026 result update with official source link, result date, status and related Sarkari Naukri updates.",7,https://www.searchsarkarinaukri.com/results/23
"MPSC Rajyaseva Result 2026 result update with official source link, result date, status and related Sarkari Naukri updates.",7,https://www.searchsarkarinaukri.com/results/30
"MPSC Rajyaseva Result 2026 result update with official source link, result date, status and related Sarkari Naukri updates.",7,https://www.searchsarkarinaukri.com/results/37
"MPSC Rajyaseva Result 2026 result update with official source link, result date, status and related Sarkari Naukri updates.",7,https://www.searchsarkarinaukri.com/results/46
"MPSC Rajyaseva Result 2026 result update with official source link, result date, status and related Sarkari Naukri updates.",7,https://www.searchsarkarinaukri.com/results/52
"MPSC Rajyaseva Result 2026 result update with official source link, result date, status and related Sarkari Naukri updates.",7,https://www.searchsarkarinaukri.com/results/60
"MPSC Rajyaseva Result 2026 result update with official source link, result date, status and related Sarkari Naukri updates.",7,https://www.searchsarkarinaukri.com/results/67
"SSC GD Result 2025 result update with official source link, result date, status and related Sarkari Naukri updates.",2,https://www.searchsarkarinaukri.com/results/42
"SSC GD Result 2025 result update with official source link, result date, status and related Sarkari Naukri updates.",2,https://www.searchsarkarinaukri.com/results/71
"SSC CPO Result 2025 result update with official source link, result date, status and related Sarkari Naukri updates.",4,https://www.searchsarkarinaukri.com/results/45
"SSC CPO Result 2025 result update with official source link, result date, status and related Sarkari Naukri updates.",4,https://www.searchsarkarinaukri.com/results/51
"SSC CPO Result 2025 result update with official source link, result date, status and related Sarkari Naukri updates.",4,https://www.searchsarkarinaukri.com/results/58
"SSC CPO Result 2025 result update with official source link, result date, status and related Sarkari Naukri updates.",4,https://www.searchsarkarinaukri.com/results/65
"SBI CBO Result 2026 result update with official source link, result date, status and related Sarkari Naukri updates.",5,https://www.searchsarkarinaukri.com/results/55
"SBI CBO Result 2026 result update with official source link, result date, status and related Sarkari Naukri updates.",5,https://www.searchsarkarinaukri.com/results/63
"SBI CBO Result 2026 result update with official source link, result date, status and related Sarkari Naukri updates.",5,https://www.searchsarkarinaukri.com/results/70
"SBI CBO Result 2026 result update with official source link, result date, status and related Sarkari Naukri updates.",5,https://www.searchsarkarinaukri.com/results/74
"SBI CBO Result 2026 result update with official source link, result date, status and related Sarkari Naukri updates.",5,https://www.searchsarkarinaukri.com/results/79
