url,status,final_url,elapsed_ms,error
http://acsir.res.in/,200,https://acsir.res.in/,293,
http://arijob.ourlib.in/,200,https://arijob.ourlib.in/,1337,
http://aripune.org/,200,https://aripune.res.in/,2824,
http://arogya.maharashtra.gov.in/,0,,19,getaddrinfo ENOTFOUND arogya.maharashtra.gov.in
http://bavmcpune.edu.in/,0,,8009,timeout of 8000ms exceeded
http://bharatpetroleum.in/index,403,https://bharatpetroleum.in/index,115,
http://cbkamptee.org/,200,https://cbkamptee.org/,2000,
http://cmcchandrapur.com/,0,,8007,timeout of 8000ms exceeded
http://drambedkarcollegeoflaw.org/,200,http://drambedkarcollegeoflaw.org/,368,
http://gcekarad.ac.in/,200,https://gcekarad.ac.in/,140,
http://gmcjalgaon.org/,200,https://gmcjalgaon.org/,157,
http://gpjalgaon.org.in/,0,,937,socket hang up
http://gpvikramgad.ac.in/,200,https://gpvikramgad.ac.in/,1491,
http://graminnanded.org.in/,200,http://graminnanded.org.in/,327,
http://icsil.in/,200,http://icsil.in/,206,
http://idtrpune.org/,200,http://idtrpune.org/,3044,
http://kvkselsura.pdkv.ac.in/,200,https://kvkselsura.pdkv.ac.in/,1273,
http://malegaoncorporation.org/singleIndex.jsp,404,https://malegaoncorporation.org/singleIndex.jsp,95,
http://mescoltd.co.in/,404,http://mescoltd.co.in/,218,
http://moil.nic.in/,200,http://moil.nic.in/public/home,232,
http://mu.ac.in/,200,http://mu.ac.in/,2104,
http://mumbaiport.gov.in/,200,http://mumbaiport.gov.in/,2149,
http://nabcons.com/,0,,8015,timeout of 8000ms exceeded
http://nclt.gov.in/,200,https://nclt.gov.in/,1823,
http://ncw.nic.in/,0,,8016,timeout of 8000ms exceeded
http://no1ahmednagar.kvs.ac.in/,200,https://no1ahmednagar.kvs.ac.in/,414,
http://npcc.gov.in/home.aspx,200,http://npcc.gov.in/home.aspx,137,
http://pdeapune.org/,200,http://pdeapune.org/,528,
http://rayatshikshan.edu/,200,http://rayatshikshan.edu/,32,
http://smkc.gov.in/,200,https://smkc.gov.in/,3461,
http://su.digitaluniversity.ac/,0,,68,"write EPROTO E41D0000:error:0A000152:SSL routines:final_renegotiate:unsafe legacy renegotiation disabled:openssl\ssl\statem\extensions.c:894:
"
http://sugarcane.res.in/,200,http://sugarcane.res.in/,590,
http://tait2025.mahateacherrecruitment.org.in/,0,,8007,timeout of 8000ms exceeded
http://vasundharabank.in/,0,,613,getaddrinfo ENOTFOUND vasundharabank.in
http://vikasbanksolapur.com/,0,,500,getaddrinfo EAI_AGAIN vikasbanksolapur.com
http://vnit.ac.in/,0,,636,"unable to verify the first certificate; if the root CA is installed locally, try running Node.js with --use-system-ca"
http://vvcmc.in/,200,https://vvcmc.in/,2033,
http://web-app.iucaa.in:8080/iucaa/jsp/PER_JOB_APP/astrosat/202606_ASSC_SCI_TRE.jsp,404,http://web-app.iucaa.in:8080/iucaa/jsp/PER_JOB_APP/astrosat/202606_ASSC_SCI_TRE.jsp,188,
http://web-app.iucaa.in:8080/iucaa/jsp/PER_JOB_APP/ligo/202609_LIGO_PROJ_COORD.jsp?key=fcc23135701383b8d87b522c5e9876d8cd79eeaa,404,http://web-app.iucaa.in:8080/iucaa/jsp/PER_JOB_APP/ligo/202609_LIGO_PROJ_COORD.jsp?key=fcc23135701383b8d87b522c5e9876d8cd79eeaa,206,
http://www.ackaradmpkv.edu.in/,200,https://www.ackaradmpkv.edu.in/,304,
http://www.actrec.gov.in/,0,,8008,timeout of 8000ms exceeded
http://www.aees.gov.in/,0,,294,certificate has expired
http://www.airforceschoolpune.ac.in/,200,http://www.airforceschoolpune.ac.in/,243,
http://www.alcpune.com/,0,,8001,timeout of 8000ms exceeded
http://www.amcbank.in/,200,http://www.amcbank.in/,15,
http://www.amcsscentry.gov.in/,0,,8003,timeout of 8000ms exceeded
http://www.apskamptee.in/,0,,8006,timeout of 8000ms exceeded
http://www.asrb.org.in/,0,,8008,timeout of 8000ms exceeded
http://www.bamu.ac.in/,0,,143,"unable to verify the first certificate; if the root CA is installed locally, try running Node.js with --use-system-ca"
http://www.bel-india.in/,0,,8010,timeout of 8000ms exceeded
http://www.ccras.nic.in/,200,https://www.ccras.nic.in/,489,
http://www.ccrhindia.ayush.gov.in/,200,http://www.ccrhindia.ayush.gov.in/,93,
http://www.cdac.in/,0,,8013,timeout of 8000ms exceeded
http://www.cicr.org.in/,200,https://cicr.org.in/,915,
http://www.copmedha.in/,200,http://www.copmedha.in/,807,
http://www.dbskkv.org/,200,https://www.dbskkv.org/,77,
http://www.deccanbank.com/,0,,1313,certificate has expired
http://www.dtu.ac.in/,0,,595,Parse Error: Data after `Connection: close`
http://www.dwcd.goa.gov.in/,0,,8016,timeout of 8000ms exceeded
http://www.easterncoal.gov.in/notices/recruitmentheader.aspx,0,,8,getaddrinfo ENOTFOUND www.easterncoal.gov.in
http://www.echs.gov.in/,404,https://www.echs.gov.in/,164,
http://www.gcekarad.ac.in/,200,https://gcekarad.ac.in/,506,
http://www.gcoen.ac.in/,200,https://www.gcoen.ac.in/,631,
http://www.gmc.goa.gov.in/,0,,8010,timeout of 8000ms exceeded
http://www.gmcaurangabad.com/,200,https://www.gmcaurangabad.com/,302,
http://www.gmcbaramati.org/,200,https://www.gmcbaramati.org/,1286,
http://www.gmcchandrapur.org/,200,https://gmcchandrapur.org/,103,
http://www.gmcgondia.in/,200,https://www.gmcgondia.in/,1077,
http://www.gmchalibag.in/,200,https://www.gmchalibag.in/,1968,
http://www.gmclatur.org/,200,https://gmclatur.org/,3375,
http://www.gmcnagpur.org/,200,https://www.gmcnagpur.org/,322,
http://www.godavarilaxmi.com/,200,https://godavarilaxmi.com/,196,
http://www.govtenggcollegedaman.org.in/,200,https://www.govtenggcollegedaman.org.in/,134,
http://www.gparvi.ac.in/,200,https://gparvi.ac.in/,2815,
http://www.hindivishwa.org/,200,https://hindivishwa.org/,457,
http://www.hindustanpetroleum.com/,200,https://www.hindustanpetroleum.com/,90,
http://www.ichalkaranjinp.co.in/,0,,16,getaddrinfo ENOTFOUND www.ichalkaranjinp.co.in
http://www.ictmumbai.edu.in/,403,https://www.ictmumbai.edu.in/,594,
http://www.igidr.ac.in/,200,http://www.igidr.ac.in/,1781,
http://www.iipsindia.ac.in/,200,https://www.iipsindia.ac.in/,824,
http://www.iiserpune.ac.in/,206,https://www.iiserpune.ac.in/,505,
http://www.itigirlsnsk.com/,200,http://www.itigirlsnsk.com/,5706,
http://www.iucaa.in/,0,,163,self-signed certificate in certificate chain
http://www.jalnadccbank.com/,200,http://www.jalnadccbank.com/,223,
http://www.jnport.gov.in/,200,https://www.jnport.gov.in/,537,
http://www.jnvpalghar.in/,200,https://jnvpalghar.in/,1152,
http://www.kdmc.gov.com/,0,,15,getaddrinfo ENOTFOUND www.kdmc.gov.com
http://www.lbsnaa.gov.in/,404,http://www.lbsnaa.gov.in/,226,
http://www.ltmgh.com/,200,https://ltmgh.com/,242,
http://www.ltmgh.com/frontview/index.aspx,404,http://ltmgh.com/frontview/index.aspx,411,
http://www.mafsu.in/,0,,55,socket hang up
http://www.mahadiscom.in/,0,,545,Parse Error: Data after `Connection: close`
http://www.mahaforest.gov.in/,0,,358,self-signed certificate in certificate chain
http://www.mahasecurity.gov.in/,200,https://www.mahasecurity.gov.in/,554,
http://www.meconlimited.co.in/Home.aspx,0,,8009,timeout of 8000ms exceeded
http://www.mmk.ac.in/,200,https://www.mmk.ac.in/,222,
http://www.msrdc.org/,200,https://msrdc.org/,2951,
http://www.nabcons.com/,0,,8011,timeout of 8000ms exceeded
http://www.nbtindia.gov.in/,404,http://www.nbtindia.gov.in/,62,
http://www.ncl-india.org/,0,,8011,timeout of 8000ms exceeded
http://www.ncra.tifr.res.in/,200,https://www.ncra.tifr.res.in/,755,
http://www.ncrtc.in/,200,https://ncrtc.in/,2034,
http://www.nhb.org.in/,0,,8013,timeout of 8000ms exceeded
http://www.nirdpr.org.in/,200,https://www.nirdpr.org.in/,136,
http://www.nmrda.org/,403,http://www.nmrda.org/,297,
http://www.ofhss.ednl.in/,403,http://www.ofhss.ednl.in/,125,
http://www.pfrda.org.in/,200,https://www.pfrda.org.in/,345,
http://www.pmrda.gov.in/,0,,7996,timeout of 8000ms exceeded
http://www.rcfltd.com/,0,,289,self-signed certificate in certificate chain
http://www.renukamatamultistate.com/,0,,939,certificate has expired
http://www.secl-cil.in/index.php,403,http://www.secl-cil.in/index.php,299,
http://www.shipindia.com/,200,http://www.shipindia.com/,127,
http://www.sspmkbed.com/sspmkbed/,0,,34,getaddrinfo ENOTFOUND www.sspmkbed.com
http://www.tifr.res.in/,200,https://www.tifr.res.in/,1122,
http://www.tiss.ac.in/,200,http://www.tiss.ac.in/,174,
http://www.tiss.edu/,0,,8007,timeout of 8000ms exceeded
http://www.unipune.ac.in/,200,https://www.unipune.ac.in/,152,
http://www.vnmkv.ac.in/,200,http://www.vnmkv.ac.in/,402,
http://www.vpmkale.edu.in/home.php,200,http://www.vpmkale.edu.in/home.php,88,
http://www.westerncoal.in/,200,https://www.westerncoal.in/hi,111,
http://yckmccollege.com/,200,http://yckmccollege.com/,651,
http://zpsolapur.gov.in/,200,https://www.zpsolapur.gov.in/,1105,
http://zpyavatmal.gov.in/,200,https://zpyavatmal.gov.in/,637,
https://abdm.gov.in/,206,https://abdm.gov.in/,61,
https://abitkarcollegeofengineering.com/,200,https://abitkarcollegeofengineering.com/,713,
https://abmp.in/,200,https://abmp.in/,248,
https://abmsppune.org/,200,https://abmsppune.org/,95,
https://acpune.co.in/,200,https://acpune.co.in/,212,
https://acswgadchiroli.in/,200,https://acswgadchiroli.in/,88,
https://acswnagpur.com/,200,https://acswnagpur.com/,383,
https://actrec.gov.in/,200,https://actrec.gov.in/,1587,
https://adarshamv.org/pages/about_society.php,200,https://adarshamv.org/pages/about_society.php,95,
https://adssettings.google.com/,200,https://www.google.com/ads/preferences/html/blocked-cookies.html,5108,
https://aera.gov.in/,0,,8002,timeout of 8000ms exceeded
https://afmc.nic.in/,0,,337,self-signed certificate in certificate chain
https://afscn.edu.in/,0,,334,certificate has expired
https://afsdevlali.com/,200,https://afsdevlali.com/,361,
https://ahilyanagar.maharashtra.gov.in/,200,https://ahilyanagar.maharashtra.gov.in/,272,
https://ahmednagar.nic.in/,200,https://ahilyanagar.maharashtra.gov.in/,1747,
https://aiimsexams.ac.in/advertisement/6a6350f7e5a81c4267f4ff04,200,https://aiimsexams.ac.in/advertisement/6a6350f7e5a81c4267f4ff04,118,
https://aiimskalyani.edu.in/,200,https://aiimskalyani.edu.in/,94,
https://aiimsnagpur.edu.in/,200,https://aiimsnagpur.edu.in/,270,
https://aiimsnagpur.edu.in/recruitment?category=Faculty,200,https://aiimsnagpur.edu.in/recruitment?category=Faculty,494,
https://aiishmysorent.samarth.edu.in/index.php/site/login,403,https://aiishmysorent.samarth.edu.in/index.php/site/login,38,
https://ajmvps.in/,200,https://ajmvps.in/,604,
https://akola.gov.in/,200,https://akola.gov.in/,279,
https://alcpune.com/,200,https://alcpune.com/,123,
https://amravati.gov.in/,200,https://amravati.gov.in/,478,
https://anjumanengg.edu.in/,200,https://anjumanengg.edu.in/,479,
https://aocrecruitment.gov.in/,0,,8024,timeout of 8000ms exceeded
https://apcob.org/,206,https://apcob.bank.in/,2964,
https://api.whatsapp.com/send?text=10th%20and%2012th%20Pass%20Government%20Jobs%20in%20India%202026%3A%20Best%20Career%20Options%2C%20Salary%20%26%20How%20to%20Apply%20https%3A%2F%2Fwww.searchsarkarinaukri.com%2Fblogs%2F10th-and-12th-pass-government-jobs-in-india-2026-best-career-options-salary-how-to-apply,200,https://api.whatsapp.com/send?text=10th%20and%2012th%20Pass%20Government%20Jobs%20in%20India%202026%3A%20Best%20Career%20Options%2C%20Salary%20%26%20How%20to%20Apply%20https%3A%2F%2Fwww.searchsarkarinaukri.com%2Fblogs%2F10th-and-12th-pass-government-jobs-in-india-2026-best-career-options-salary-how-to-apply,296,
https://api.whatsapp.com/send?text=7th%20Pay%20Commission%20Explained%3A%20What%20Every%20Government%20Job%20Aspirant%20Should%20Know%20https%3A%2F%2Fwww.searchsarkarinaukri.com%2Fblogs%2F7th-pay-commission-explained-what-every-government-job-aspirant-should-know,200,https://api.whatsapp.com/send?text=7th%20Pay%20Commission%20Explained%3A%20What%20Every%20Government%20Job%20Aspirant%20Should%20Know%20https%3A%2F%2Fwww.searchsarkarinaukri.com%2Fblogs%2F7th-pay-commission-explained-what-every-government-job-aspirant-should-know,320,
https://api.whatsapp.com/send?text=A%20Day%20in%20the%20Life%20of%20an%20IAS%20Officer%3A%20What%20Really%20Happens%20Behind%20the%20Desk%3F%20https%3A%2F%2Fwww.searchsarkarinaukri.com%2Fblogs%2Fa-day-in-the-life-of-an-ias-officer-what-really-happens-behind-the-desk,200,https://api.whatsapp.com/send?text=A%20Day%20in%20the%20Life%20of%20an%20IAS%20Officer%3A%20What%20Really%20Happens%20Behind%20the%20Desk%3F%20https%3A%2F%2Fwww.searchsarkarinaukri.com%2Fblogs%2Fa-day-in-the-life-of-an-ias-officer-what-really-happens-behind-the-desk,617,
https://api.whatsapp.com/send?text=AI%20Is%20Coming%20for%20Jobs%20%E2%80%94%20But%20Should%20Government%20Job%20Aspirants%20Actually%20Be%20Worried%3F%20https%3A%2F%2Fwww.searchsarkarinaukri.com%2Fblogs%2Fai-is-coming-for-jobs-but-should-government-job-aspirants-actually-be-worried,200,https://api.whatsapp.com/send?text=AI%20Is%20Coming%20for%20Jobs%20%E2%80%94%20But%20Should%20Government%20Job%20Aspirants%20Actually%20Be%20Worried%3F%20https%3A%2F%2Fwww.searchsarkarinaukri.com%2Fblogs%2Fai-is-coming-for-jobs-but-should-government-job-aspirants-actually-be-worried,349,
https://api.whatsapp.com/send?text=Are%20We%20Preparing%20Students%20for%20Jobs%20That%20Don%27t%20Exist%20Yet%3F%20https%3A%2F%2Fwww.searchsarkarinaukri.com%2Fblogs%2Fare-we-preparing-students-for-jobs-that-don-t-exist-yet,200,https://api.whatsapp.com/send?text=Are%20We%20Preparing%20Students%20for%20Jobs%20That%20Don%27t%20Exist%20Yet%3F%20https%3A%2F%2Fwww.searchsarkarinaukri.com%2Fblogs%2Fare-we-preparing-students-for-jobs-that-don-t-exist-yet,325,
https://api.whatsapp.com/send?text=Can%20a%20Government%20Employee%20Be%20Fired%3F%20The%20Truth%20About%20%27Permanent%27%20Government%20Jobs%20https%3A%2F%2Fwww.searchsarkarinaukri.com%2Fblogs%2Fcan-a-government-employee-be-fired-the-truth-about-permanent-government-jobs,200,https://api.whatsapp.com/send?text=Can%20a%20Government%20Employee%20Be%20Fired%3F%20The%20Truth%20About%20%27Permanent%27%20Government%20Jobs%20https%3A%2F%2Fwww.searchsarkarinaukri.com%2Fblogs%2Fcan-a-government-employee-be-fired-the-truth-about-permanent-government-jobs,312,
https://api.whatsapp.com/send?text=Can%20a%20Government%20Employee%20Be%20Transferred%20Against%20Their%20Will%3F%20The%20Rules%20Explained%20https%3A%2F%2Fwww.searchsarkarinaukri.com%2Fblogs%2Fcan-a-government-employee-be-transferred-against-their-will-the-rules-explained,200,https://api.whatsapp.com/send?text=Can%20a%20Government%20Employee%20Be%20Transferred%20Against%20Their%20Will%3F%20The%20Rules%20Explained%20https%3A%2F%2Fwww.searchsarkarinaukri.com%2Fblogs%2Fcan-a-government-employee-be-transferred-against-their-will-the-rules-explained,625,
https://api.whatsapp.com/send?text=Can%20Government%20Employees%20Start%20a%20YouTube%20Channel%20or%20Business%3F%20Rules%20Explained%20https%3A%2F%2Fwww.searchsarkarinaukri.com%2Fblogs%2Fcan-government-employees-start-a-youtube-channel-or-business-rules-explained,200,https://api.whatsapp.com/send?text=Can%20Government%20Employees%20Start%20a%20YouTube%20Channel%20or%20Business%3F%20Rules%20Explained%20https%3A%2F%2Fwww.searchsarkarinaukri.com%2Fblogs%2Fcan-government-employees-start-a-youtube-channel-or-business-rules-explained,292,
https://api.whatsapp.com/send?text=Common%20Mistakes%20That%20Lead%20to%20Government%20Job%20Application%20Rejection%20https%3A%2F%2Fwww.searchsarkarinaukri.com%2Fblogs%2Fcommon-mistakes-that-lead-to-government-job-application-rejection,200,https://api.whatsapp.com/send?text=Common%20Mistakes%20That%20Lead%20to%20Government%20Job%20Application%20Rejection%20https%3A%2F%2Fwww.searchsarkarinaukri.com%2Fblogs%2Fcommon-mistakes-that-lead-to-government-job-application-rejection,326,
https://api.whatsapp.com/send?text=From%20Probation%20to%20Promotion%3A%20The%20Career%20Growth%20of%20an%20Income%20Tax%20Inspector%20https%3A%2F%2Fwww.searchsarkarinaukri.com%2Fblogs%2Ffrom-probation-to-promotion-the-career-growth-of-an-income-tax-inspector,200,https://api.whatsapp.com/send?text=From%20Probation%20to%20Promotion%3A%20The%20Career%20Growth%20of%20an%20Income%20Tax%20Inspector%20https%3A%2F%2Fwww.searchsarkarinaukri.com%2Fblogs%2Ffrom-probation-to-promotion-the-career-growth-of-an-income-tax-inspector,343,
https://api.whatsapp.com/send?text=Government%20Job%20Salary%20Explained%3A%20What%20You%20Actually%20Take%20Home%20Every%20Month%20https%3A%2F%2Fwww.searchsarkarinaukri.com%2Fblogs%2Fgovernment-job-salary-explained-what-you-actually-take-home-every-month,200,https://api.whatsapp.com/send?text=Government%20Job%20Salary%20Explained%3A%20What%20You%20Actually%20Take%20Home%20Every%20Month%20https%3A%2F%2Fwww.searchsarkarinaukri.com%2Fblogs%2Fgovernment-job-salary-explained-what-you-actually-take-home-every-month,372,
https://api.whatsapp.com/send?text=Government%20Job%20Verification%20Process%20Explained%3A%20What%20Happens%20After%20You%20Get%20Selected%3F%20https%3A%2F%2Fwww.searchsarkarinaukri.com%2Fblogs%2Fgovernment-job-verification-process-explained-what-happens-after-you-get-selected,200,https://api.whatsapp.com/send?text=Government%20Job%20Verification%20Process%20Explained%3A%20What%20Happens%20After%20You%20Get%20Selected%3F%20https%3A%2F%2Fwww.searchsarkarinaukri.com%2Fblogs%2Fgovernment-job-verification-process-explained-what-happens-after-you-get-selected,437,
https://api.whatsapp.com/send?text=Government%20Job%20vs%20Private%20Job%20in%202026%3A%20Which%20Career%20Is%20Better%20for%20You%3F%20https%3A%2F%2Fwww.searchsarkarinaukri.com%2Fblogs%2Fgovernment-job-vs-private-job-in-2026-which-career-is-better-for-you,200,https://api.whatsapp.com/send?text=Government%20Job%20vs%20Private%20Job%20in%202026%3A%20Which%20Career%20Is%20Better%20for%20You%3F%20https%3A%2F%2Fwww.searchsarkarinaukri.com%2Fblogs%2Fgovernment-job-vs-private-job-in-2026-which-career-is-better-for-you,691,
https://api.whatsapp.com/send?text=Government%20Jobs%20That%20No%20Longer%20Exist%3A%20Careers%20Lost%20to%20Time%20https%3A%2F%2Fwww.searchsarkarinaukri.com%2Fblogs%2Fgovernment-jobs-that-no-longer-exist-careers-lost-to-time,200,https://api.whatsapp.com/send?text=Government%20Jobs%20That%20No%20Longer%20Exist%3A%20Careers%20Lost%20to%20Time%20https%3A%2F%2Fwww.searchsarkarinaukri.com%2Fblogs%2Fgovernment-jobs-that-no-longer-exist-careers-lost-to-time,318,
https://api.whatsapp.com/send?text=Group%20A%2C%20B%2C%20C%20%26%20D%20Government%20Jobs%20Explained%3A%20Which%20One%20Is%20Right%20for%20You%3F%20https%3A%2F%2Fwww.searchsarkarinaukri.com%2Fblogs%2Fgroup-a-b-c-d-government-jobs-explained-which-one-is-right-for-you,200,https://api.whatsapp.com/send?text=Group%20A%2C%20B%2C%20C%20%26%20D%20Government%20Jobs%20Explained%3A%20Which%20One%20Is%20Right%20for%20You%3F%20https%3A%2F%2Fwww.searchsarkarinaukri.com%2Fblogs%2Fgroup-a-b-c-d-government-jobs-explained-which-one-is-right-for-you,319,
https://api.whatsapp.com/send?text=Has%20Coaching%20Become%20a%20Second%20Education%20System%20in%20India%3F%20https%3A%2F%2Fwww.searchsarkarinaukri.com%2Fblogs%2Fhas-coaching-become-a-second-education-system-in-india,200,https://api.whatsapp.com/send?text=Has%20Coaching%20Become%20a%20Second%20Education%20System%20in%20India%3F%20https%3A%2F%2Fwww.searchsarkarinaukri.com%2Fblogs%2Fhas-coaching-become-a-second-education-system-in-india,348,
https://api.whatsapp.com/send?text=How%20Does%20the%20Election%20Commission%20of%20India%20Conduct%20the%20World%27s%20Largest%20Election%3F%20https%3A%2F%2Fwww.searchsarkarinaukri.com%2Fblogs%2Fhow-does-the-election-commission-of-india-conduct-the-world-s-largest-election,200,https://api.whatsapp.com/send?text=How%20Does%20the%20Election%20Commission%20of%20India%20Conduct%20the%20World%27s%20Largest%20Election%3F%20https%3A%2F%2Fwww.searchsarkarinaukri.com%2Fblogs%2Fhow-does-the-election-commission-of-india-conduct-the-world-s-largest-election,372,
https://api.whatsapp.com/send?text=How%20India%27s%20District%20Administration%20Works%3A%20Collector%2C%20SP%2C%20CEO%2C%20Tehsildar%20%26%20More%20Explained%20https%3A%2F%2Fwww.searchsarkarinaukri.com%2Fblogs%2Fhow-india-s-district-administration-works-collector-sp-ceo-tehsildar-more-explained,200,https://api.whatsapp.com/send?text=How%20India%27s%20District%20Administration%20Works%3A%20Collector%2C%20SP%2C%20CEO%2C%20Tehsildar%20%26%20More%20Explained%20https%3A%2F%2Fwww.searchsarkarinaukri.com%2Fblogs%2Fhow-india-s-district-administration-works-collector-sp-ceo-tehsildar-more-explained,494,
https://api.whatsapp.com/send?text=How%20Laws%20Are%20Made%20in%20India%3A%20From%20Bill%20to%20Act%20Explained%20https%3A%2F%2Fwww.searchsarkarinaukri.com%2Fblogs%2Fhow-laws-are-made-in-india-from-bill-to-act-explained,200,https://api.whatsapp.com/send?text=How%20Laws%20Are%20Made%20in%20India%3A%20From%20Bill%20to%20Act%20Explained%20https%3A%2F%2Fwww.searchsarkarinaukri.com%2Fblogs%2Fhow-laws-are-made-in-india-from-bill-to-act-explained,302,
https://api.whatsapp.com/send?text=How%20the%20Indian%20Administrative%20Service%20(IAS)%20Evolved%20from%20the%20British-Era%20ICS%20https%3A%2F%2Fwww.searchsarkarinaukri.com%2Fblogs%2Fhow-the-indian-administrative-service-ias-evolved-from-the-british-era-ics,200,https://api.whatsapp.com/send?text=How%20the%20Indian%20Administrative%20Service%20(IAS)%20Evolved%20from%20the%20British-Era%20ICS%20https%3A%2F%2Fwww.searchsarkarinaukri.com%2Fblogs%2Fhow-the-indian-administrative-service-ias-evolved-from-the-british-era-ics,305,
https://api.whatsapp.com/send?text=How%20to%20be%20good%20student%20https%3A%2F%2Fwww.searchsarkarinaukri.com%2Fblogs%2Fhow-to-be-good-student,200,https://api.whatsapp.com/send?text=How%20to%20be%20good%20student%20https%3A%2F%2Fwww.searchsarkarinaukri.com%2Fblogs%2Fhow-to-be-good-student,839,
https://api.whatsapp.com/send?text=Is%20a%20Government%20Job%20Still%20the%20Best%20%E2%80%9CSafe%E2%80%9D%20Career%20Choice%3F%20https%3A%2F%2Fwww.searchsarkarinaukri.com%2Fblogs%2Fis-a-government-job-still-the-best-safe-career-choice,200,https://api.whatsapp.com/send?text=Is%20a%20Government%20Job%20Still%20the%20Best%20%E2%80%9CSafe%E2%80%9D%20Career%20Choice%3F%20https%3A%2F%2Fwww.searchsarkarinaukri.com%2Fblogs%2Fis-a-government-job-still-the-best-safe-career-choice,873,
https://api.whatsapp.com/send?text=ISRO%20Has%20Opened%20Scientist%2FEngineer%20Recruitment%20%E2%80%94%20But%20These%20Aren%E2%80%99t%20Typical%20Space%20Jobs%20https%3A%2F%2Fwww.searchsarkarinaukri.com%2Fblogs%2Fisro-has-opened-scientist-engineer-recruitment-but-these-aren-t-typical-space-jobs,200,https://api.whatsapp.com/send?text=ISRO%20Has%20Opened%20Scientist%2FEngineer%20Recruitment%20%E2%80%94%20But%20These%20Aren%E2%80%99t%20Typical%20Space%20Jobs%20https%3A%2F%2Fwww.searchsarkarinaukri.com%2Fblogs%2Fisro-has-opened-scientist-engineer-recruitment-but-these-aren-t-typical-space-jobs,306,
https://api.whatsapp.com/send?text=Latest%20Government%20Job%20Notifications%202026%3A%20The%20Opportunities%20You%20Can%27t%20Afford%20to%20Miss%20https%3A%2F%2Fwww.searchsarkarinaukri.com%2Fblogs%2Flatest-government-job-notifications-2026-the-opportunities-you-can-t-afford-to-miss,200,https://api.whatsapp.com/send?text=Latest%20Government%20Job%20Notifications%202026%3A%20The%20Opportunities%20You%20Can%27t%20Afford%20to%20Miss%20https%3A%2F%2Fwww.searchsarkarinaukri.com%2Fblogs%2Flatest-government-job-notifications-2026-the-opportunities-you-can-t-afford-to-miss,324,
https://api.whatsapp.com/send?text=Maharashtra%20Wants%20to%20Change%20How%20Government%20Exams%20Are%20Conducted%20%E2%80%94%20What%20Could%20Change%20for%20Aspirants%3F%20https%3A%2F%2Fwww.searchsarkarinaukri.com%2Fblogs%2Fmaharashtra-wants-to-change-how-government-exams-are-conducted-what-could-change-for-aspirants,200,https://api.whatsapp.com/send?text=Maharashtra%20Wants%20to%20Change%20How%20Government%20Exams%20Are%20Conducted%20%E2%80%94%20What%20Could%20Change%20for%20Aspirants%3F%20https%3A%2F%2Fwww.searchsarkarinaukri.com%2Fblogs%2Fmaharashtra-wants-to-change-how-government-exams-are-conducted-what-could-change-for-aspirants,308,
https://api.whatsapp.com/send?text=NCERT%20Has%201%2C596%20Vacant%20Posts.%20CBSE%20Has%20933.%20Why%20Are%20India%27s%20Education%20Bodies%20Short-Staffed%3F%20https%3A%2F%2Fwww.searchsarkarinaukri.com%2Fblogs%2Fncert-has-1-596-vacant-posts-cbse-has-933-why-are-india-s-education-bodies-short-staffed,200,https://api.whatsapp.com/send?text=NCERT%20Has%201%2C596%20Vacant%20Posts.%20CBSE%20Has%20933.%20Why%20Are%20India%27s%20Education%20Bodies%20Short-Staffed%3F%20https%3A%2F%2Fwww.searchsarkarinaukri.com%2Fblogs%2Fncert-has-1-596-vacant-posts-cbse-has-933-why-are-india-s-education-bodies-short-staffed,341,
https://api.whatsapp.com/send?text=One%20Nation%2C%20One%20Election%20Explained%3A%20What%20It%20Means%20for%20India%20https%3A%2F%2Fwww.searchsarkarinaukri.com%2Fblogs%2Fone-nation-one-election-explained-what-it-means-for-india,200,https://api.whatsapp.com/send?text=One%20Nation%2C%20One%20Election%20Explained%3A%20What%20It%20Means%20for%20India%20https%3A%2F%2Fwww.searchsarkarinaukri.com%2Fblogs%2Fone-nation-one-election-explained-what-it-means-for-india,294,
https://api.whatsapp.com/send?text=PM-KISAN%20Is%20Continuing%20Until%202030-31%20%E2%80%94%20What%20Actually%20Changes%20for%20Farmers%3F%20https%3A%2F%2Fwww.searchsarkarinaukri.com%2Fblogs%2Fpm-kisan-is-continuing-until-2030-31-what-actually-changes-for-farmers,200,https://api.whatsapp.com/send?text=PM-KISAN%20Is%20Continuing%20Until%202030-31%20%E2%80%94%20What%20Actually%20Changes%20for%20Farmers%3F%20https%3A%2F%2Fwww.searchsarkarinaukri.com%2Fblogs%2Fpm-kisan-is-continuing-until-2030-31-what-actually-changes-for-farmers,309,
https://api.whatsapp.com/send?text=Search%20Sarkari%20Naukri%20Launches%20Comprehensive%20Government%20Jobs%2C%20Exam%20Updates%20%26%20Daily%20Assessment%20Platform%20for%20Indian%20Aspirants%20https%3A%2F%2Fwww.searchsarkarinaukri.com%2Fblogs%2Fsearch-sarkari-naukri-launches-comprehensive-government-jobs-exam-updates-daily-assessment-platform-for-indian-aspirants-2,200,https://api.whatsapp.com/send?text=Search%20Sarkari%20Naukri%20Launches%20Comprehensive%20Government%20Jobs%2C%20Exam%20Updates%20%26%20Daily%20Assessment%20Platform%20for%20Indian%20Aspirants%20https%3A%2F%2Fwww.searchsarkarinaukri.com%2Fblogs%2Fsearch-sarkari-naukri-launches-comprehensive-government-jobs-exam-updates-daily-assessment-platform-for-indian-aspirants-2,981,
https://api.whatsapp.com/send?text=SSC%20CGL%202026%3A%20Complete%20Guide%20to%20Eligibility%2C%20Posts%2C%20Salary%20%26%20Preparation%20Strategy%20https%3A%2F%2Fwww.searchsarkarinaukri.com%2Fblogs%2Fssc-cgl-2026-complete-guide-to-eligibility-posts-salary-preparation-strategy,200,https://api.whatsapp.com/send?text=SSC%20CGL%202026%3A%20Complete%20Guide%20to%20Eligibility%2C%20Posts%2C%20Salary%20%26%20Preparation%20Strategy%20https%3A%2F%2Fwww.searchsarkarinaukri.com%2Fblogs%2Fssc-cgl-2026-complete-guide-to-eligibility-posts-salary-preparation-strategy,307,
https://api.whatsapp.com/send?text=The%20First%20Job%20Problem%3A%20Why%20Is%20Getting%20Your%20First%20Job%20So%20Hard%3F%20https%3A%2F%2Fwww.searchsarkarinaukri.com%2Fblogs%2Fthe-first-job-problem-why-is-getting-your-first-job-so-hard,200,https://api.whatsapp.com/send?text=The%20First%20Job%20Problem%3A%20Why%20Is%20Getting%20Your%20First%20Job%20So%20Hard%3F%20https%3A%2F%2Fwww.searchsarkarinaukri.com%2Fblogs%2Fthe-first-job-problem-why-is-getting-your-first-job-so-hard,304,
https://api.whatsapp.com/send?text=Title%3A%20Why%20Does%20Preparing%20for%20a%20Government%20Job%20Sometimes%20Feel%20Like%20a%20Full-Time%20Job%3F%20https%3A%2F%2Fwww.searchsarkarinaukri.com%2Fblogs%2Ftitle-why-does-preparing-for-a-government-job-sometimes-feel-like-a-full-time-job,200,https://api.whatsapp.com/send?text=Title%3A%20Why%20Does%20Preparing%20for%20a%20Government%20Job%20Sometimes%20Feel%20Like%20a%20Full-Time%20Job%3F%20https%3A%2F%2Fwww.searchsarkarinaukri.com%2Fblogs%2Ftitle-why-does-preparing-for-a-government-job-sometimes-feel-like-a-full-time-job,391,
https://api.whatsapp.com/send?text=Top%2010%20Highest-Paying%20Government%20Jobs%20in%20India%20in%202026%20https%3A%2F%2Fwww.searchsarkarinaukri.com%2Fblogs%2Ftop-10-highest-paying-government-jobs-in-india-in-2026,200,https://api.whatsapp.com/send?text=Top%2010%20Highest-Paying%20Government%20Jobs%20in%20India%20in%202026%20https%3A%2F%2Fwww.searchsarkarinaukri.com%2Fblogs%2Ftop-10-highest-paying-government-jobs-in-india-in-2026,313,
https://api.whatsapp.com/send?text=UPSC%20Civil%20Services%20Examination%202026%3A%20Complete%20Beginner%27s%20Guide%20to%20IAS%2C%20IPS%20%26%20IFS%20https%3A%2F%2Fwww.searchsarkarinaukri.com%2Fblogs%2Fupsc-civil-services-examination-2026-complete-beginner-s-guide-to-ias-ips-ifs,200,https://api.whatsapp.com/send?text=UPSC%20Civil%20Services%20Examination%202026%3A%20Complete%20Beginner%27s%20Guide%20to%20IAS%2C%20IPS%20%26%20IFS%20https%3A%2F%2Fwww.searchsarkarinaukri.com%2Fblogs%2Fupsc-civil-services-examination-2026-complete-beginner-s-guide-to-ias-ips-ifs,313,
https://api.whatsapp.com/send?text=What%20Does%20%E2%80%9CJob%20Security%E2%80%9D%20Actually%20Mean%20Anymore%3F%20https%3A%2F%2Fwww.searchsarkarinaukri.com%2Fblogs%2Fwhat-does-job-security-actually-mean-anymore,200,https://api.whatsapp.com/send?text=What%20Does%20%E2%80%9CJob%20Security%E2%80%9D%20Actually%20Mean%20Anymore%3F%20https%3A%2F%2Fwww.searchsarkarinaukri.com%2Fblogs%2Fwhat-does-job-security-actually-mean-anymore,533,
https://api.whatsapp.com/send?text=What%20Does%20the%20Cabinet%20Secretary%20Actually%20Do%3F%20The%20Most%20Powerful%20Bureaucrat%20in%20India%20Explained%20https%3A%2F%2Fwww.searchsarkarinaukri.com%2Fblogs%2Fwhat-does-the-cabinet-secretary-actually-do-the-most-powerful-bureaucrat-in-india-explained,200,https://api.whatsapp.com/send?text=What%20Does%20the%20Cabinet%20Secretary%20Actually%20Do%3F%20The%20Most%20Powerful%20Bureaucrat%20in%20India%20Explained%20https%3A%2F%2Fwww.searchsarkarinaukri.com%2Fblogs%2Fwhat-does-the-cabinet-secretary-actually-do-the-most-powerful-bureaucrat-in-india-explained,302,
https://api.whatsapp.com/send?text=What%20Happens%20During%20Probation%20in%20a%20Government%20Job%3F%20Can%20You%20Lose%20the%20Job%3F%20https%3A%2F%2Fwww.searchsarkarinaukri.com%2Fblogs%2Fwhat-happens-during-probation-in-a-government-job-can-you-lose-the-job,200,https://api.whatsapp.com/send?text=What%20Happens%20During%20Probation%20in%20a%20Government%20Job%3F%20Can%20You%20Lose%20the%20Job%3F%20https%3A%2F%2Fwww.searchsarkarinaukri.com%2Fblogs%2Fwhat-happens-during-probation-in-a-government-job-can-you-lose-the-job,304,
https://api.whatsapp.com/send?text=What%20Happens%20If%20Nobody%20Applies%20for%20a%20Government%20Job%3F%20The%20Surprising%20Answer%20https%3A%2F%2Fwww.searchsarkarinaukri.com%2Fblogs%2Fwhat-happens-if-nobody-applies-for-a-government-job-the-surprising-answer,200,https://api.whatsapp.com/send?text=What%20Happens%20If%20Nobody%20Applies%20for%20a%20Government%20Job%3F%20The%20Surprising%20Answer%20https%3A%2F%2Fwww.searchsarkarinaukri.com%2Fblogs%2Fwhat-happens-if-nobody-applies-for-a-government-job-the-surprising-answer,299,
https://api.whatsapp.com/send?text=What%20Happens%20to%20Your%20Aadhaar%20Number%20After%20You%20Die%3F%20The%20Answer%20May%20Surprise%20You%20https%3A%2F%2Fwww.searchsarkarinaukri.com%2Fblogs%2Fwhat-happens-to-your-aadhaar-number-after-you-die-the-answer-may-surprise-you,200,https://api.whatsapp.com/send?text=What%20Happens%20to%20Your%20Aadhaar%20Number%20After%20You%20Die%3F%20The%20Answer%20May%20Surprise%20You%20https%3A%2F%2Fwww.searchsarkarinaukri.com%2Fblogs%2Fwhat-happens-to-your-aadhaar-number-after-you-die-the-answer-may-surprise-you,612,
https://api.whatsapp.com/send?text=What%20Happens%20to%20Your%20Government%20Exam%20Answer%20Sheet%20After%20the%20Result%3F%20The%20Journey%20Nobody%20Sees%20https%3A%2F%2Fwww.searchsarkarinaukri.com%2Fblogs%2Fwhat-happens-to-your-government-exam-answer-sheet-after-the-result-the-journey-nobody-sees,200,https://api.whatsapp.com/send?text=What%20Happens%20to%20Your%20Government%20Exam%20Answer%20Sheet%20After%20the%20Result%3F%20The%20Journey%20Nobody%20Sees%20https%3A%2F%2Fwww.searchsarkarinaukri.com%2Fblogs%2Fwhat-happens-to-your-government-exam-answer-sheet-after-the-result-the-journey-nobody-sees,664,
https://api.whatsapp.com/send?text=What%20Happens%20When%20Your%20Dream%20Exam%20Is%20Not%20Your%20Best%20Opportunity%3F%20https%3A%2F%2Fwww.searchsarkarinaukri.com%2Fblogs%2Fwhat-happens-when-your-dream-exam-is-not-your-best-opportunity,200,https://api.whatsapp.com/send?text=What%20Happens%20When%20Your%20Dream%20Exam%20Is%20Not%20Your%20Best%20Opportunity%3F%20https%3A%2F%2Fwww.searchsarkarinaukri.com%2Fblogs%2Fwhat-happens-when-your-dream-exam-is-not-your-best-opportunity,645,
https://api.whatsapp.com/send?text=What%20Is%20a%20Gazetted%20Officer%3F%20And%20Why%20Their%20Signature%20Matters%20https%3A%2F%2Fwww.searchsarkarinaukri.com%2Fblogs%2Fwhat-is-a-gazetted-officer-and-why-their-signature-matters,200,https://api.whatsapp.com/send?text=What%20Is%20a%20Gazetted%20Officer%3F%20And%20Why%20Their%20Signature%20Matters%20https%3A%2F%2Fwww.searchsarkarinaukri.com%2Fblogs%2Fwhat-is-a-gazetted-officer-and-why-their-signature-matters,651,
https://api.whatsapp.com/send?text=What%20Is%20the%20Comptroller%20and%20Auditor%20General%20(CAG)%3F%20Why%20Its%20Reports%20Matter%20https%3A%2F%2Fwww.searchsarkarinaukri.com%2Fblogs%2Fwhat-is-the-comptroller-and-auditor-general-cag-why-its-reports-matter,200,https://api.whatsapp.com/send?text=What%20Is%20the%20Comptroller%20and%20Auditor%20General%20(CAG)%3F%20Why%20Its%20Reports%20Matter%20https%3A%2F%2Fwww.searchsarkarinaukri.com%2Fblogs%2Fwhat-is-the-comptroller-and-auditor-general-cag-why-its-reports-matter,327,
https://api.whatsapp.com/send?text=What%20Is%20the%20National%20Education%20Policy%20(NEP)%20and%20How%20Does%20It%20Affect%20Students%3F%20https%3A%2F%2Fwww.searchsarkarinaukri.com%2Fblogs%2Fwhat-is-the-national-education-policy-nep-and-how-does-it-affect-students,200,https://api.whatsapp.com/send?text=What%20Is%20the%20National%20Education%20Policy%20(NEP)%20and%20How%20Does%20It%20Affect%20Students%3F%20https%3A%2F%2Fwww.searchsarkarinaukri.com%2Fblogs%2Fwhat-is-the-national-education-policy-nep-and-how-does-it-affect-students,316,
https://api.whatsapp.com/send?text=What%20Is%20the%20Public%20Accounts%20Committee%20(PAC)%3F%20How%20Parliament%20Checks%20Government%20Spending%20https%3A%2F%2Fwww.searchsarkarinaukri.com%2Fblogs%2Fwhat-is-the-public-accounts-committee-pac-how-parliament-checks-government-spending,200,https://api.whatsapp.com/send?text=What%20Is%20the%20Public%20Accounts%20Committee%20(PAC)%3F%20How%20Parliament%20Checks%20Government%20Spending%20https%3A%2F%2Fwww.searchsarkarinaukri.com%2Fblogs%2Fwhat-is-the-public-accounts-committee-pac-how-parliament-checks-government-spending,633,
https://api.whatsapp.com/send?text=What%20Is%20the%20Right%20to%20Information%20(RTI)%20Act%3F%20How%20Citizens%20Can%20Seek%20Government%20Information%20https%3A%2F%2Fwww.searchsarkarinaukri.com%2Fblogs%2Fwhat-is-the-right-to-information-rti-act-how-citizens-can-seek-government-information,200,https://api.whatsapp.com/send?text=What%20Is%20the%20Right%20to%20Information%20(RTI)%20Act%3F%20How%20Citizens%20Can%20Seek%20Government%20Information%20https%3A%2F%2Fwww.searchsarkarinaukri.com%2Fblogs%2Fwhat-is-the-right-to-information-rti-act-how-citizens-can-seek-government-information,311,
https://api.whatsapp.com/send?text=Who%20Actually%20Owns%20Indian%20Railways%3F%20The%20Answer%20Isn%27t%20as%20Simple%20as%20You%20Think%20https%3A%2F%2Fwww.searchsarkarinaukri.com%2Fblogs%2Fwho-actually-owns-indian-railways-the-answer-isn-t-as-simple-as-you-think,200,https://api.whatsapp.com/send?text=Who%20Actually%20Owns%20Indian%20Railways%3F%20The%20Answer%20Isn%27t%20as%20Simple%20as%20You%20Think%20https%3A%2F%2Fwww.searchsarkarinaukri.com%2Fblogs%2Fwho-actually-owns-indian-railways-the-answer-isn-t-as-simple-as-you-think,573,
https://api.whatsapp.com/send?text=Why%20Are%20Police%20Reforms%20Always%20in%20the%20News%3F%20What%20Every%20Aspirant%20Should%20Know%20https%3A%2F%2Fwww.searchsarkarinaukri.com%2Fblogs%2Fwhy-are-police-reforms-always-in-the-news-what-every-aspirant-should-know,200,https://api.whatsapp.com/send?text=Why%20Are%20Police%20Reforms%20Always%20in%20the%20News%3F%20What%20Every%20Aspirant%20Should%20Know%20https%3A%2F%2Fwww.searchsarkarinaukri.com%2Fblogs%2Fwhy-are-police-reforms-always-in-the-news-what-every-aspirant-should-know,328,
https://api.whatsapp.com/send?text=Why%20Are%20QR%20Codes%20Everywhere%20in%20India%20Now%3F%20https%3A%2F%2Fwww.searchsarkarinaukri.com%2Fblogs%2Fwhy-are-qr-codes-everywhere-in-india-now,200,https://api.whatsapp.com/send?text=Why%20Are%20QR%20Codes%20Everywhere%20in%20India%20Now%3F%20https%3A%2F%2Fwww.searchsarkarinaukri.com%2Fblogs%2Fwhy-are-qr-codes-everywhere-in-india-now,312,
https://api.whatsapp.com/send?text=Why%20Are%20So%20Many%20Educated%20Young%20Indians%20Competing%20for%20the%20Same%20Few%20Jobs%3F%20https%3A%2F%2Fwww.searchsarkarinaukri.com%2Fblogs%2Fwhy-are-so-many-educated-young-indians-competing-for-the-same-few-jobs,200,https://api.whatsapp.com/send?text=Why%20Are%20So%20Many%20Educated%20Young%20Indians%20Competing%20for%20the%20Same%20Few%20Jobs%3F%20https%3A%2F%2Fwww.searchsarkarinaukri.com%2Fblogs%2Fwhy-are-so-many-educated-young-indians-competing-for-the-same-few-jobs,335,
https://api.whatsapp.com/send?text=Why%20Cybercrime%20Is%20Becoming%20One%20of%20India%27s%20Biggest%20Policing%20Challenges%20https%3A%2F%2Fwww.searchsarkarinaukri.com%2Fblogs%2Fwhy-cybercrime-is-becoming-one-of-india-s-biggest-policing-challenges,200,https://api.whatsapp.com/send?text=Why%20Cybercrime%20Is%20Becoming%20One%20of%20India%27s%20Biggest%20Policing%20Challenges%20https%3A%2F%2Fwww.searchsarkarinaukri.com%2Fblogs%2Fwhy-cybercrime-is-becoming-one-of-india-s-biggest-policing-challenges,350,
https://api.whatsapp.com/send?text=Why%20Did%20the%20PMO%20Move%20Out%20of%20South%20Block%3F%20The%20Story%20Behind%20India%E2%80%99s%20New%20Seva%20Teerth%20https%3A%2F%2Fwww.searchsarkarinaukri.com%2Fblogs%2Fwhy-did-the-pmo-move-out-of-south-block-the-story-behind-india-s-new-seva-teerth,200,https://api.whatsapp.com/send?text=Why%20Did%20the%20PMO%20Move%20Out%20of%20South%20Block%3F%20The%20Story%20Behind%20India%E2%80%99s%20New%20Seva%20Teerth%20https%3A%2F%2Fwww.searchsarkarinaukri.com%2Fblogs%2Fwhy-did-the-pmo-move-out-of-south-block-the-story-behind-india-s-new-seva-teerth,290,
https://api.whatsapp.com/send?text=Why%20Do%20Aspirants%20Feel%20Guilty%20for%20Having%20a%20Backup%20Plan%3F%20https%3A%2F%2Fwww.searchsarkarinaukri.com%2Fblogs%2Fwhy-do-aspirants-feel-guilty-for-having-a-backup-plan,200,https://api.whatsapp.com/send?text=Why%20Do%20Aspirants%20Feel%20Guilty%20for%20Having%20a%20Backup%20Plan%3F%20https%3A%2F%2Fwww.searchsarkarinaukri.com%2Fblogs%2Fwhy-do-aspirants-feel-guilty-for-having-a-backup-plan,338,
https://api.whatsapp.com/send?text=Why%20Do%20Government%20Employees%20Retire%20at%20a%20Fixed%20Age%3F%20And%20Who%20Decides%20It%3F%20https%3A%2F%2Fwww.searchsarkarinaukri.com%2Fblogs%2Fwhy-do-government-employees-retire-at-a-fixed-age-and-who-decides-it,200,https://api.whatsapp.com/send?text=Why%20Do%20Government%20Employees%20Retire%20at%20a%20Fixed%20Age%3F%20And%20Who%20Decides%20It%3F%20https%3A%2F%2Fwww.searchsarkarinaukri.com%2Fblogs%2Fwhy-do-government-employees-retire-at-a-fixed-age-and-who-decides-it,302,
https://api.whatsapp.com/send?text=Why%20Do%20Indian%20Currency%20Notes%20Have%2017%20Languages%3F%20The%20Story%20Hidden%20in%20Your%20Wallet%20https%3A%2F%2Fwww.searchsarkarinaukri.com%2Fblogs%2Fwhy-do-indian-currency-notes-have-17-languages-the-story-hidden-in-your-wallet,200,https://api.whatsapp.com/send?text=Why%20Do%20Indian%20Currency%20Notes%20Have%2017%20Languages%3F%20The%20Story%20Hidden%20in%20Your%20Wallet%20https%3A%2F%2Fwww.searchsarkarinaukri.com%2Fblogs%2Fwhy-do-indian-currency-notes-have-17-languages-the-story-hidden-in-your-wallet,597,
https://api.whatsapp.com/send?text=Why%20Do%20Indian%20Degrees%20Take%20So%20Long%20to%20Become%20Useful%3F%20https%3A%2F%2Fwww.searchsarkarinaukri.com%2Fblogs%2Fwhy-do-indian-degrees-take-so-long-to-become-useful,200,https://api.whatsapp.com/send?text=Why%20Do%20Indian%20Degrees%20Take%20So%20Long%20to%20Become%20Useful%3F%20https%3A%2F%2Fwww.searchsarkarinaukri.com%2Fblogs%2Fwhy-do-indian-degrees-take-so-long-to-become-useful,323,
https://api.whatsapp.com/send?text=Why%20Do%20Most%20Government%20Job%20Aspirants%20Fail%3F%20(Hint%3A%20It%27s%20Not%20Because%20They%27re%20Less%20Intelligent)%20https%3A%2F%2Fwww.searchsarkarinaukri.com%2Fblogs%2Fwhy-do-most-government-job-aspirants-fail-hint-it-s-not-because-they-re-less-intelligent,200,https://api.whatsapp.com/send?text=Why%20Do%20Most%20Government%20Job%20Aspirants%20Fail%3F%20(Hint%3A%20It%27s%20Not%20Because%20They%27re%20Less%20Intelligent)%20https%3A%2F%2Fwww.searchsarkarinaukri.com%2Fblogs%2Fwhy-do-most-government-job-aspirants-fail-hint-it-s-not-because-they-re-less-intelligent,311,
https://api.whatsapp.com/send?text=Why%20Do%20So%20Many%20People%20Prepare%20for%20Competitive%20Exams%20Without%20Knowing%20the%20Odds%3F%20https%3A%2F%2Fwww.searchsarkarinaukri.com%2Fblogs%2Fwhy-do-so-many-people-prepare-for-competitive-exams-without-knowing-the-odds,200,https://api.whatsapp.com/send?text=Why%20Do%20So%20Many%20People%20Prepare%20for%20Competitive%20Exams%20Without%20Knowing%20the%20Odds%3F%20https%3A%2F%2Fwww.searchsarkarinaukri.com%2Fblogs%2Fwhy-do-so-many-people-prepare-for-competitive-exams-without-knowing-the-odds,303,
https://api.whatsapp.com/send?text=Why%20Do%20So%20Many%20Smart%20People%20Spend%20Years%20Preparing%20for%20Government%20Exams%3F%20https%3A%2F%2Fwww.searchsarkarinaukri.com%2Fblogs%2Fwhy-do-so-many-smart-people-spend-years-preparing-for-government-exams,200,https://api.whatsapp.com/send?text=Why%20Do%20So%20Many%20Smart%20People%20Spend%20Years%20Preparing%20for%20Government%20Exams%3F%20https%3A%2F%2Fwww.searchsarkarinaukri.com%2Fblogs%2Fwhy-do-so-many-smart-people-spend-years-preparing-for-government-exams,318,
https://api.whatsapp.com/send?text=Why%20Does%20India%20Have%20So%20Many%20Different%20Types%20of%20IDs%3F%20Aadhaar%2C%20PAN%2C%20Voter%20ID%2C%20Passport%20%26%20More%20https%3A%2F%2Fwww.searchsarkarinaukri.com%2Fblogs%2Fwhy-does-india-have-so-many-different-types-of-ids-aadhaar-pan-voter-id-passport-more,200,https://api.whatsapp.com/send?text=Why%20Does%20India%20Have%20So%20Many%20Different%20Types%20of%20IDs%3F%20Aadhaar%2C%20PAN%2C%20Voter%20ID%2C%20Passport%20%26%20More%20https%3A%2F%2Fwww.searchsarkarinaukri.com%2Fblogs%2Fwhy-does-india-have-so-many-different-types-of-ids-aadhaar-pan-voter-id-passport-more,292,
https://api.whatsapp.com/send?text=Why%20Does%20India%20Have%20Union%20Territories%3F%20States%20vs%20Union%20Territories%20Explained%20https%3A%2F%2Fwww.searchsarkarinaukri.com%2Fblogs%2Fwhy-does-india-have-union-territories-states-vs-union-territories-explained,200,https://api.whatsapp.com/send?text=Why%20Does%20India%20Have%20Union%20Territories%3F%20States%20vs%20Union%20Territories%20Explained%20https%3A%2F%2Fwww.searchsarkarinaukri.com%2Fblogs%2Fwhy-does-india-have-union-territories-states-vs-union-territories-explained,325,
https://api.whatsapp.com/send?text=Why%20Doesn%27t%20India%20Have%20a%20National%20Language%3F%20The%20Constitutional%20Truth%20https%3A%2F%2Fwww.searchsarkarinaukri.com%2Fblogs%2Fwhy-doesn-t-india-have-a-national-language-the-constitutional-truth,200,https://api.whatsapp.com/send?text=Why%20Doesn%27t%20India%20Have%20a%20National%20Language%3F%20The%20Constitutional%20Truth%20https%3A%2F%2Fwww.searchsarkarinaukri.com%2Fblogs%2Fwhy-doesn-t-india-have-a-national-language-the-constitutional-truth,300,
https://api.whatsapp.com/send?text=Why%20Government%20Files%20Are%20Tied%20with%20Red%20Tape%3A%20The%20Fascinating%20Story%20Behind%20the%20Phrase%20https%3A%2F%2Fwww.searchsarkarinaukri.com%2Fblogs%2Fwhy-government-files-are-tied-with-red-tape-the-fascinating-story-behind-the-phrase,200,https://api.whatsapp.com/send?text=Why%20Government%20Files%20Are%20Tied%20with%20Red%20Tape%3A%20The%20Fascinating%20Story%20Behind%20the%20Phrase%20https%3A%2F%2Fwww.searchsarkarinaukri.com%2Fblogs%2Fwhy-government-files-are-tied-with-red-tape-the-fascinating-story-behind-the-phrase,310,
https://api.whatsapp.com/send?text=Why%20Is%20Indian%20Currency%20Called%20the%20Rupee%3F%20The%202%2C000-Year-Old%20Story%20Behind%20%E2%82%B9%20https%3A%2F%2Fwww.searchsarkarinaukri.com%2Fblogs%2Fwhy-is-indian-currency-called-the-rupee-the-2-000-year-old-story-behind,200,https://api.whatsapp.com/send?text=Why%20Is%20Indian%20Currency%20Called%20the%20Rupee%3F%20The%202%2C000-Year-Old%20Story%20Behind%20%E2%82%B9%20https%3A%2F%2Fwww.searchsarkarinaukri.com%2Fblogs%2Fwhy-is-indian-currency-called-the-rupee-the-2-000-year-old-story-behind,829,
https://api.whatsapp.com/send?text=Why%20Is%20Mobile%20Internet%20So%20Cheap%20in%20India%3F%20The%20Real%20Story%20https%3A%2F%2Fwww.searchsarkarinaukri.com%2Fblogs%2Fwhy-is-mobile-internet-so-cheap-in-india-the-real-story,200,https://api.whatsapp.com/send?text=Why%20Is%20Mobile%20Internet%20So%20Cheap%20in%20India%3F%20The%20Real%20Story%20https%3A%2F%2Fwww.searchsarkarinaukri.com%2Fblogs%2Fwhy-is-mobile-internet-so-cheap-in-india-the-real-story,859,
https://api.whatsapp.com/send?text=Why%20Was%20New%20Delhi%20Chosen%20as%20India%27s%20Capital%3F%20The%20History%20Behind%20the%20Decision%20https%3A%2F%2Fwww.searchsarkarinaukri.com%2Fblogs%2Fwhy-was-new-delhi-chosen-as-india-s-capital-the-history-behind-the-decision,200,https://api.whatsapp.com/send?text=Why%20Was%20New%20Delhi%20Chosen%20as%20India%27s%20Capital%3F%20The%20History%20Behind%20the%20Decision%20https%3A%2F%2Fwww.searchsarkarinaukri.com%2Fblogs%2Fwhy-was-new-delhi-chosen-as-india-s-capital-the-history-behind-the-decision,318,
https://api.whatsapp.com/send?text=Will%20Competitive%20Exams%20Still%20Matter%20in%20an%20AI-Powered%20Future%3F%20https%3A%2F%2Fwww.searchsarkarinaukri.com%2Fblogs%2Fwill-competitive-exams-still-matter-in-an-ai-powered-future,200,https://api.whatsapp.com/send?text=Will%20Competitive%20Exams%20Still%20Matter%20in%20an%20AI-Powered%20Future%3F%20https%3A%2F%2Fwww.searchsarkarinaukri.com%2Fblogs%2Fwill-competitive-exams-still-matter-in-an-ai-powered-future,660,
https://apmahesh.bank.in/,200,https://apmahesh.bank.in/,40,
https://app.nfr-recruitment.in/,200,https://app.nfr-recruitment.in/,53,
https://apply.nibmg.ac.in/advt/Assistant_Professor-2026/,200,https://apply.nibmg.ac.in/advt/Assistant_Professor-2026/,840,
https://apps.lpsc.gov.in/commonC/advt.jsp,200,https://apps.lpsc.gov.in/commonC/advt.jsp,285,
https://apps.nrsc.gov.in/eRecruitment_NRSC/,404,https://apps.nrsc.gov.in/eRecruitment_NRSC/,135,
https://apps.shar.gov.in/sdscshar/result1.jsp,200,https://apps.shar.gov.in/sdscshar/result1.jsp,205,
https://apps.ursc.gov.in/CentralBE-2026/advt.jsp,0,,74,"unable to verify the first certificate; if the root CA is installed locally, try running Node.js with --use-system-ca"
https://aripune.org/,200,https://aripune.res.in/,3456,
https://armyareapune.kvs.ac.in/,200,https://armyareapune.kvs.ac.in/,406,
https://arogya.maharashtra.gov.in/,0,,12,getaddrinfo ENOTFOUND arogya.maharashtra.gov.in
https://aurangabad2.kvk8.in/,200,https://aurangabad2.kvk8.in/,86,
https://aurangabadcantt.kvs.ac.in/,0,,8004,timeout of 8000ms exceeded
https://avnl.co.in/,200,https://avnl.co.in/,113,
https://ayush.goa.gov.in/,200,https://ayush.goa.gov.in/,227,
https://bambolim.kvs.ac.in/,200,https://bambolim.kvs.ac.in/,1818,
https://bankappsweb.bankofbaroda.bank.in/BOBRECRUITMENT_JUN_CIC2507621/,0,,6902,read ECONNRESET
https://bankofbaroda.bank.in/career/current-opportunities,404,https://bankofbaroda.bank.in/career/current-opportunities,48,
https://bankofindia.bank.in/career/recruitment-notice,403,https://bankofindia.bank.in/career/recruitment-notice,120,
https://bankofindia.co.in/,403,https://bankofindia.co.in/,433,
https://bankofmaharashtra.in/,0,,12,getaddrinfo ENOENT bankofmaharashtra.in
https://basu.org.in/recruitments/,200,https://basu.org.in/recruitments/,1099,
https://bcplonline.co.in/,404,https://bcplonline.co.in/,55,
https://bdl-india.in/,200,https://bdl-india.in/,248,
https://beed.dcourts.gov.in/,200,https://beed.dcourts.gov.in/,958,
https://beep.bfsissc.com/candidate_register/mkt,200,https://beep.bfsissc.com/candidate_register/mkt,495,
https://bel-india.in/,0,,68,"unable to verify the first certificate; if the root CA is installed locally, try running Node.js with --use-system-ca"
https://beml.registrationform.in/secuRegister_10Of2o26VEr23/,200,https://beml.registrationform.in/secuRegister_10Of2o26VEr23/,667,
https://bemlindia.in/careers,200,https://www.bemlindia.in/careers/,2144,
https://berarfinance.com/,0,,182,"unable to verify the first certificate; if the root CA is installed locally, try running Node.js with --use-system-ca"
https://bhagininiveditabank.com/,200,https://bhagininivedita.bank.in/,1272,
https://bhandara.gov.in/,200,https://bhandara.gov.in/,240,
https://bhandup.kvs.ac.in/,200,https://bhandup.kvs.ac.in/,539,
https://bhandup.kvs.ac.in/en/,200,https://bhandup.kvs.ac.in/en/,380,
https://bhavans.ac.in/,200,https://bhavans.ac.in/,155,
https://biyanimilitaryschool.com/,200,https://biyanimilitaryschool.com/,5686,
https://bmc.bhonsala.in/,200,https://bmc.bhonsala.in/,331,
https://bms.bhonsala.in/,200,https://bms.bhonsala.in/,625,
https://bombayhighcourt.nic.in/,0,,8013,timeout of 8000ms exceeded
https://bprd.nic.in/,404,https://bprd.nic.in/,167,
https://bpsconline.bihar.gov.in/candidate/login,200,https://bpsconline.bihar.gov.in/candidate/login,299,
https://bro.gov.in/recruitment-activities,200,https://bro.gov.in/recruitment-activities,449,
https://brtc.org.in/,200,https://brtc.org.in/,170,
https://bsfchakur.kvs.ac.in/,200,https://bsfchakur.kvs.ac.in/,974,
https://bsnl.co.in/aboutus/careers,0,,8015,timeout of 8000ms exceeded
https://bsnlregistration.ibtexamination.com/,200,https://bsnlregistration.ibtexamination.com/,597,
https://buldanaurban.org/,200,https://buldanaurban.org/,265,
https://buldhana.nic.in/,200,https://buldhana.nic.in/,251,
https://bvp.bharatividyapeeth.edu/,200,https://bvp.bharatividyapeeth.edu/,263,
https://cabsec.gov.in/,0,,145,"unable to verify the first certificate; if the root CA is installed locally, try running Node.js with --use-system-ca"
https://camumbai.gov.in/,0,,3154,getaddrinfo EAI_AGAIN camumbai.gov.in
https://career.csccloud.in/apply-now/MTMwMQ==,200,https://career.csccloud.in/apply-now/MTMwMQ==,536,
https://career.csccloud.in/login,200,https://career.csccloud.in/login,182,
https://careerindianairforce.cdac.in/,0,,8010,timeout of 8000ms exceeded
https://careers.cdac.in/,0,,2328,connect ECONNREFUSED 196.1.1.158:443
https://careers.gujaratmetrorail.com/,200,https://careers.gujaratmetrorail.com/,356,
https://careers.iith.ac.in/,200,https://careers.iith.ac.in/,156,
https://careers.meconlimited.co.in/,0,,305,self-signed certificate in certificate chain
https://careers.nfl.co.in/,0,,44,"unable to verify the first certificate; if the root CA is installed locally, try running Node.js with --use-system-ca"
https://careers.nfl.co.in/advinfo.php?advertisement=c74d97b01eae257e44aa9d5bade97baf,0,,111,"unable to verify the first certificate; if the root CA is installed locally, try running Node.js with --use-system-ca"
https://careers.ntpc.co.in/index.php,200,https://careers.ntpc.co.in/index.php,33,
https://careers.ntpc.co.in/recruitment/,200,https://careers.ntpc.co.in/recruitment/,191,
https://careers.ntpc.co.in/recruitment/login.php,200,https://careers.ntpc.co.in/recruitment/login.php,32,
https://careers.powergrid.in/,0,,705,Maximum number of redirects exceeded
https://cbes.goa.gov.in/itxlogin,500,https://cbes.goa.gov.in/itxlogin,284,
https://cbes.goa.gov.in/landing,500,https://cbes.goa.gov.in/landing,525,
https://cbi.gov.in/,200,https://cbi.gov.in/,285,
https://cbri.res.in/,0,,8005,timeout of 8000ms exceeded
https://ccari.icar.gov.in/welcome.php,0,,173,getaddrinfo ENOTFOUND ccari.icar.gov.in
https://ccmb.res.in/jobs,0,,549,self-signed certificate in certificate chain
https://ccpgoa.com/,200,https://ccpgoa.com/,2614,
https://ccras.nic.in/,200,https://ccras.nic.in/,502,
https://ccri.icar.gov.in/,0,,100,getaddrinfo ENOTFOUND ccri.icar.gov.in
https://ccrum.res.in/,0,,241,unable to get local issuer certificate
https://cdac.in/english/jobs/cae_resume_builder.aspx?position=C-DAC%20Adjunct%20Engineer-Project%20Manager(ECGC),200,https://cdac.in/english/jobs/cae_resume_builder.aspx?position=C-DAC%20Adjunct%20Engineer-Project%20Manager(ECGC),1536,
https://cdn.digialm.com//EForms/configuredHtml/1258/100934//Index.html,403,https://cdn.digialm.com//EForms/configuredHtml/1258/100934//Index.html,963,
https://cdn.digialm.com//EForms/configuredHtml/1258/101396//Index.html,403,https://cdn.digialm.com//EForms/configuredHtml/1258/101396//Index.html,938,
https://cdn.digialm.com/EForms/configuredHtml/1258/100473/Index.html,403,https://cdn.digialm.com/EForms/configuredHtml/1258/100473/Index.html,837,
https://cdn.digialm.com/EForms/configuredHtml/1258/100936/Index.html,403,https://cdn.digialm.com/EForms/configuredHtml/1258/100936/Index.html,883,
https://cdn.digialm.com/EForms/configuredHtml/1258/101871/Index.html,403,https://cdn.digialm.com/EForms/configuredHtml/1258/101871/Index.html,942,
https://cdn.digialm.com/EForms/configuredHtml/32780/93583/Index.html,403,https://cdn.digialm.com/EForms/configuredHtml/32780/93583/Index.html,879,
https://cdn3.digialm.com/EForms/configuredHtml/32046/96555/Index.html?,403,https://cdn3.digialm.com/EForms/configuredHtml/32046/96555/Index.html,872,
https://cdn3.digialm.com/EForms/configuredHtml/32821/88868/Index.html,403,https://cdn3.digialm.com/EForms/configuredHtml/32821/88868/Index.html,886,
https://cdri.res.in/,200,https://cdri.res.in/,232,
https://cdsco.gov.in/,0,,268,Parse Error: Data after `Connection: close`
https://cetonline.karnataka.gov.in/kea/,200,https://cetonline.karnataka.gov.in/kea/,208,
https://cetonline.karnataka.gov.in/KSRP_2026/Account/Login,200,https://cetonline.karnataka.gov.in/KSRP_2026/Account/Login,185,
https://cewacor.nic.in/,0,,164,"unable to verify the first certificate; if the root CA is installed locally, try running Node.js with --use-system-ca"
https://cfsl.in/,200,https://cfsl.in/,576,
https://chamcobank.in/,200,https://chamco.bank.in/,3830,
https://chanda.nic.in/,200,https://chanda.nic.in/,185,
https://chhsambhajinagarmc.org/,200,https://chhsambhajinagarmc.org/,936,
https://cicr.org.in/,200,https://cicr.org.in/,162,
https://cidco.maharashtra.gov.in/,200,https://cidco.maharashtra.gov.in/,43,
https://ciimsnagpur.com/,200,https://ciimsnagpur.com/,21,
https://cimfr.res.in/vacancies.html,200,https://cimfr.res.in/vacancies.html,266,
https://circot.icar.gov.in/,200,https://circot.icar.gov.in/,167,
https://circot.icar.gov.in/en/,404,https://circot.icar.gov.in/en/,924,
https://cisfrectt.cisf.gov.in/index.php,200,https://cisfrectt.cisf.gov.in/index.php,352,
https://clw.indianrailways.gov.in/,0,,8009,timeout of 8000ms exceeded
https://clw.indianrailways.gov.in/?lang=1,0,,8011,timeout of 8000ms exceeded
https://cmti.res.in/,0,,135,"unable to verify the first certificate; if the root CA is installed locally, try running Node.js with --use-system-ca"
https://cnpnashik.spmcil.com/en/discover-spmcil/,200,https://cnpnashik.spmcil.com/en/discover-spmcil/,697,
https://cochinshipyard.in/,200,https://cochinshipyard.in/,387,
https://cochinshipyard.in/careerdetail/career_locations/786,200,https://cochinshipyard.in/careerdetail/career_locations/786,768,
https://cochinshipyard.in/Careers,200,https://cochinshipyard.in/Careers,371,
https://commerce.gov.in/,403,https://www.commerce.gov.in/,1526,
https://cotcorp.org.in/,200,https://cotcorp.org.in/hi,551,
https://cpcb.gov.in/,200,https://cpcb.gov.in/,234,
https://cpcb.nic.in/,200,https://cpcb.gov.in/,248,
https://cr.indianrailways.gov.in/,0,,8011,timeout of 8000ms exceeded
https://cris.org.in/crisweb/design1/index.jsp,0,,8014,timeout of 8000ms exceeded
https://crridom.gov.in/en,200,https://crridom.gov.in/en,540,
https://csc.gov.in/,200,https://csc.gov.in/,331,
https://csc.gov.in/ask,200,https://csc.gov.in/ask,322,
https://csir.res.in/,0,,8010,timeout of 8000ms exceeded
https://cucb.in/,0,,127,"write EPROTO E41D0000:error:0A000438:SSL routines:ssl3_read_bytes:tlsv1 alert internal error:openssl\ssl\record\rec_layer_s3.c:918:SSL alert number 80
"
https://curec.samarth.ac.in/index.php/search/site/index,403,https://curec.samarth.ac.in/index.php/search/site/index,100,
https://cvc.gov.in/,0,,8006,timeout of 8000ms exceeded
https://cybercrime.gov.in/,404,https://cybercrime.gov.in/,128,
https://dahd.gov.in/hi,0,,8013,timeout of 8000ms exceeded
https://daman.nic.in/,0,,118,"self-signed certificate; if the root CA is installed locally, try running Node.js with --use-system-ca"
https://daman.nic.in/default.aspx,0,,93,"self-signed certificate; if the root CA is installed locally, try running Node.js with --use-system-ca"
https://ddd.gov.in/,200,https://ddd.gov.in/,295,
https://ddd.gov.in/health-and-family-welfare/,200,https://ddd.gov.in/health-and-family-welfare/,295,
https://ddpdoo.gov.in/,200,https://ddpdoo.gov.in/en/main/home,408,
https://ddpdoo.gov.in/en/main/home,200,https://ddpdoo.gov.in/en/main/home,534,
https://dehuroad.cantt.gov.in/,206,https://dehuroad.cantt.gov.in/,1856,
https://delhihighcourt.nic.in/web/,200,https://delhihighcourt.nic.in/web/,180,
https://delhimetrorail.com/,200,https://delhimetrorail.com/,159,
https://delhimetrorail.com/pages/en/career,200,https://delhimetrorail.com/pages/en/career,476,
https://deolali.cantt.gov.in/,0,,8006,timeout of 8000ms exceeded
https://despune.org/,200,https://despune.org/,1561,
https://dfccil.com/,403,https://dfccil.com/,338,
https://dfsl.maharashtra.gov.in/,200,https://dfsl.maharashtra.gov.in/,591,
https://dgll.nic.in/recruitment,200,https://dgll.nic.in/recruitment,181,
https://dharampethpolytechnic.com/,200,https://dharampethpolytechnic.com/,2549,
https://dharashiv.maharashtra.gov.in/,200,https://dharashiv.maharashtra.gov.in/,345,
https://dhe.goa.gov.in/,404,https://dhe.goa.gov.in/,355,
https://dhs.goa.gov.in/,200,https://dhs.goa.gov.in/,294,
https://dhsgoa.gov.in/,0,,30,getaddrinfo ENOTFOUND dhsgoa.gov.in
https://dhule.gov.in/,200,https://dhule.gov.in/,303,
https://dhule.kvs.ac.in/,200,https://dhule.kvs.ac.in/,565,
https://dhulecorporation.org/,200,https://dhulecorporation.org/,121,
https://dhulecorporation.org/en/,200,https://dhulecorporation.org/en/,37,
https://diat.ac.in/,200,https://diat.ac.in/,928,
https://dic.gov.in/,403,https://dic.gov.in/,34,
https://directorate.marathi.gov.in/,0,,10,getaddrinfo ENOTFOUND directorate.marathi.gov.in
https://districts.ecourts.gov.in/,0,,8021,timeout of 8000ms exceeded
https://districts.ecourts.gov.in/maharashtra-family-courts,0,,8031,timeout of 8000ms exceeded
https://dmapr.icar.gov.in/,0,,148,getaddrinfo ENOTFOUND dmapr.icar.gov.in
https://dnh.gov.in/,200,https://dnh.gov.in/,167,
https://dnh.gov.in/public-utility/dr-apj-abdul-kalam-govt-college/,200,https://dnh.gov.in/public-utility/dr-apj-abdul-kalam-govt-college/,198,
https://dogr.icar.gov.in/index.php?lang=en,0,,63,getaddrinfo ENOTFOUND dogr.icar.gov.in
https://dpu.edu.in/,200,https://dpu.edu.in/,88,
https://drdo.gov.in/,200,https://xn--m1b0a2bb8esed.xn--11b7cb3a6a.xn--h2brj9c/drdo/hi/,968,
https://drdo.gov.in/drdo/,200,https://drdo.gov.in/drdo/,236,
https://drdo.gov.in/drdo/en,200,https://drdo.gov.in/drdo/en,1475,
https://drt.etribunals.gov.in/,0,,317,Parse Error: Data after `Connection: close`
https://drt.gov.in/,200,https://drt.gov.in/,349,
https://drtnagpur.com/,0,,350,getaddrinfo EAI_AGAIN drtnagpur.com
https://dsssb.delhi.gov.in/,200,https://dsssb.delhi.gov.in/,1462,
https://dsssb.delhi.gov.in/notifications,200,https://dsssb.delhi.gov.in/notifications,1321,
https://dypgroup.edu.in/,200,https://dypgroup.edu.in/,1461,
https://echs.gov.in/,404,https://www.echs.gov.in/,1113,
https://employmentnews.gov.in/NewEmp/AllJobs.aspx?k=All,200,https://employmentnews.gov.in/NewEmp/AllJobs.aspx?k=All,407,
https://energy.rajasthan.gov.in/home,200,https://energy.rajasthan.gov.in/home,183,
https://engineersindia.com/,200,https://engineersindia.com/,1256,
https://epi.gov.in/,200,https://epi.gov.in/,450,
https://erecruitment.andamannicobar.gov.in/,200,https://erecruitment.andamannicobar.gov.in/,281,
https://ernet.in/,200,https://xn--m1bd4e9a1b9i.xn--h2brj9c/,2045,
https://esb.mponline.gov.in/Portal/Examinations/Vyapam/examsList.aspx,200,https://esb.mponline.gov.in/Portal/Examinations/Vyapam/examsList.aspx,184,
https://esic.gov.in/,0,,609,"unable to verify the first certificate; if the root CA is installed locally, try running Node.js with --use-system-ca"
https://examinationservices.nic.in/RecSys2026/Root/Home.aspx?enc=Ei4cajBkK1gZSfgr53ImFRkgiLSooJP3k6iN0P6UYFCdYEaesDx7LWjl5H05GUox,200,https://examinationservices.nic.in/RecSys2026/Root/Home.aspx?enc=Ei4cajBkK1gZSfgr53ImFRkgiLSooJP3k6iN0P6UYFCdYEaesDx7LWjl5H05GUox,909,
https://federalbankcareers.zappyhire.com/auth/signin,200,https://federalbankcareers.zappyhire.com/auth/signin,46,
https://finance.maharashtra.gov.in/,200,https://finance.maharashtra.gov.in/,992,
https://forms.cloud.microsoft/pages/responsepage.aspx?id=B0Xxorf6hUGfjbuyZc4E5feMWzMF77xEq7SIf6dirUhUNU5STlkwNDJPU0FGVFUyWEdDUVVMUk1OQi4u&route=shorturl,403,https://forms.cloud.microsoft/pages/responsepage.aspx?id=B0Xxorf6hUGfjbuyZc4E5feMWzMF77xEq7SIf6dirUhUNU5STlkwNDJPU0FGVFUyWEdDUVVMUk1OQi4u&route=shorturl,517,
https://forms.cloud.microsoft/pages/responsepage.aspx?id=DQSIkWdsW0yxEjajBLZtrQAAAAAAAAAAAANAAqL-3f9UQUdPOUtDTFVFNjEwVkpQN0UzWDZGVE5HTC4u&amp%3Broute=shortu,403,https://forms.cloud.microsoft/pages/responsepage.aspx?id=DQSIkWdsW0yxEjajBLZtrQAAAAAAAAAAAANAAqL-3f9UQUdPOUtDTFVFNjEwVkpQN0UzWDZGVE5HTC4u&amp%3Broute=shortu,630,
https://forms.zohopublic.in/hindustanaeronauticslimitedna1/form/HALNasikGraduateDiplomaApplicationfrom2025/formperma/PwyK37SNCJzGW60BTH35792ronUiWDaj7l-ULfQhS60,200,https://forms.zohopublic.in/hindustanaeronauticslimitedna1/form/HALNasikGraduateDiplomaApplicationfrom2025/formperma/PwyK37SNCJzGW60BTH35792ronUiWDaj7l-ULfQhS60,159,
https://forms.zohopublic.in/hindustanaeronauticslimitedna1/form/HALNasikGraduateDiplomaApplicationfrom2025new/formperma/Mq9uaYmwuV7hVWmBrzlsbxl-6ytXhlFvP1SFOM7FmPg,200,https://forms.zohopublic.in/hindustanaeronauticslimitedna1/form/HALNasikGraduateDiplomaApplicationfrom2025new/formperma/Mq9uaYmwuV7hVWmBrzlsbxl-6ytXhlFvP1SFOM7FmPg,26,
https://ftii.ac.in/,404,https://ftii.ac.in/,303,
https://gacnagpur.org/,200,https://gacnagpur.org/,724,
https://gad.maharashtra.gov.in/,200,https://gad.maharashtra.gov.in/,245,
https://gadchiroli.dcourts.gov.in/,0,,8010,timeout of 8000ms exceeded
https://gadchiroli.gov.in/,200,https://gadchiroli.gov.in/,305,
https://gasca.ac.in/,200,https://gasca.ac.in/,577,
https://geca.ac.in/,200,https://geca.ac.in/,2290,
https://geca.ac.in/home.aspx,0,,8004,timeout of 8000ms exceeded
https://geca.ac.in/recruitment.aspx,0,,8006,timeout of 8000ms exceeded
https://gesgondia.org.in/,200,https://gesgondia.org.in/,1733,
https://gesociety.in/,200,https://gesociety.in/,1021,
https://ggmcjjh.com/,0,,517,"Hostname/IP does not match certificate's altnames: Host: ggmcjjh.com. is not in the cert's altnames: DNS:mostbet-chili.com, DNS:www.mostbet-chili.com"
https://ghb.goa.gov.in/,200,https://ghb.goa.gov.in/,135,
https://gifsa.ac.in/,200,https://gifsa.ac.in/,1147,
https://gipe.ac.in/,200,https://gipe.ac.in/,257,
https://gmcbuldhana.org/,200,https://gmcbuldhana.org/,230,
https://gmcchandrapur.org/,200,https://gmcchandrapur.org/,83,
https://gmcgoa.edu.in/,0,,8013,timeout of 8000ms exceeded
https://gmcjalgaon.org/,200,https://gmcjalgaon.org/,102,
https://gmcjalna.org/,200,https://gmcjalna.org/,82,
https://gmcjjh.edu.in/,200,https://gmcjjh.edu.in/,196,
https://gmcnagpur.org/,200,https://gmcnagpur.org/,128,
https://gmcsatara.org/,200,https://gmcsatara.org/,798,
https://goacollegeofagriculture.weebly.com/,200,https://goacollegeofagriculture.weebly.com/,327,
https://goaulbservice.gov.in/,404,https://goaulbservice.gov.in/,322,
https://gondia.dcourts.gov.in/,200,https://gondia.dcourts.gov.in/,296,
https://govtcollegedaman.ac.in/,200,https://govtcollegedaman.ac.in/,55,
https://gpjintur.co.in/,403,https://gpjintur.co.in/,1423,
https://gpmiraj.ac.in/,200,https://gpmiraj.ac.in/,341,
https://gpmumbai.ac.in/gpmweb/,200,https://gpmumbai.ac.in/gpmweb/,106,
https://gpnagar.ac.in/,404,https://vin.org.np/blogs/,2366,
https://gpparsikbank.com/,200,https://www.gpparsik.bank.in/,143,
https://gppune.ac.in/userindex.php,200,https://gppune.ac.in/userindex.php,250,
https://gpsc.goa.gov.in/,200,https://gpsc.goa.gov.in/,301,
https://gpthane.org.in/,200,https://gpthane.org.in/,1964,
https://gpvikramgad.ac.in/,200,https://gpvikramgad.ac.in/,391,
https://gssc.goa.gov.in/,200,https://gssc.goa.gov.in/,158,
https://hal-india.co.in/,200,https://hal-india.co.in/,166,
https://hal-india.co.in/career,200,https://hal-india.co.in/career,101,
https://handlooms.nic.in/,0,,208,"unable to verify the first certificate; if the root CA is installed locally, try running Node.js with --use-system-ca"
https://hasti.bank.in/,200,https://hasti.bank.in/,361,
https://hbcse.tifr.res.in/,404,https://www.hbcse.tifr.res.in/,316,
https://hbsu.ac.in/,200,https://hbsu.ac.in/,3619,
https://hbtclinic.org/,200,https://hbtclinic.org/,524,
https://health.delhi.gov.in/,200,https://health.delhi.gov.in/,1079,
https://hindivishwa.org/,200,https://hindivishwa.org/,345,
https://hindustancopper.com/Page/Career_New,200,https://hindustancopper.com/Page/Career_New,250,
https://hingoli.nic.in/,200,https://hingoli.nic.in/,288,
https://hppsconline.hp.gov.in/HPPSC/ApplicantRegistration/Home/Login,0,,161,"write EPROTO E41D0000:error:0A000152:SSL routines:final_renegotiate:unsafe legacy renegotiation disabled:openssl\ssl\statem\extensions.c:894:
"
https://hprca.hp.gov.in/homepage,200,https://hprca.hp.gov.in/homepage,235,
https://hslvizag.in/,200,https://hslvizag.in/,129,
https://iafrecruitment.edcil.co.in/,200,https://iafrecruitment.edcil.co.in/,32,
https://iafrecruitment.edcil.co.in/agniveervayu/,200,https://iafrecruitment.edcil.co.in/agniveervayu/,24,
https://iafrecruitment.edcil.co.in/airmen,200,https://iafrecruitment.edcil.co.in/airmen/,1175,
https://iahe.morth.gov.in/hi,200,https://iahe.morth.gov.in/hi,816,
https://iaseaurangabad.org/,0,,701,unable to get local issuer certificate
https://iatgirinagar.kvs.ac.in/,200,https://iatgirinagar.kvs.ac.in/,815,
https://ibm.gov.in/,200,https://ibm.gov.in/IBMPortal/,1065,
https://ibps.in/,0,,21,"unable to verify the first certificate; if the root CA is installed locally, try running Node.js with --use-system-ca"
https://ibpsreg.ibps.in/bobjul26/,200,https://ibpsreg.ibps.in/bobjul26/,91,
https://ibpsreg.ibps.in/boicojun26/,200,https://ibpsreg.ibps.in/boicojun26/,66,
https://ibpsreg.ibps.in/bpclapr26/,200,https://ibpsreg.ibps.in/bpclapr26/,71,
https://ibpsreg.ibps.in/bpcllmsmay26/,200,https://ibpsreg.ibps.in/bpcllmsmay26/,55,
https://ibpsreg.ibps.in/bpclmar26/,200,https://ibpsreg.ibps.in/bpclmar26/,198,
https://ibpsreg.ibps.in/crppoxvijun26/,200,https://ibpsreg.ibps.in/crppoxvijun26/,51,
https://ibpsreg.ibps.in/crpspxvimy26/,200,https://ibpsreg.ibps.in/crpspxvimy26/,84,
https://ibpsreg.ibps.in/csaxvijul26/,200,https://ibpsreg.ibps.in/csaxvijul26/,122,
https://ibpsreg.ibps.in/csmcnov25/,200,https://ibpsreg.ibps.in/csmcnov25/,40,
https://ibpsreg.ibps.in/dccbmay26/,200,https://ibpsreg.ibps.in/dccbmay26/,74,
https://ibpsreg.ibps.in/iebddmapr26/,200,https://ibpsreg.ibps.in/iebddmapr26/,72,
https://ibpsreg.ibps.in/iobjul26/,200,https://ibpsreg.ibps.in/iobjul26/,29,
https://ibpsreg.ibps.in/nbljul26/,200,https://ibpsreg.ibps.in/nbljul26/,56,
https://ibpsreg.ibps.in/ongcjul26/,200,https://ibpsreg.ibps.in/ongcjul26/,36,
https://ibpsreg.ibps.in/pnbjul26/,200,https://ibpsreg.ibps.in/pnbjul26/,57,
https://ibpsreg.ibps.in/psbeoaapr26/,200,https://ibpsreg.ibps.in/psbeoaapr26/,151,
https://ibpsreg.ibps.in/sbiaapr26/,200,https://ibpsreg.ibps.in/sbiaapr26/,76,
https://ibpsreg.ibps.in/sbijajul26/,200,https://ibpsreg.ibps.in/sbijajul26/,44,
https://ibpsreg.ibps.in/sbijasrdjl26/,200,https://ibpsreg.ibps.in/sbijasrdjl26/,61,
https://ibpsreg.ibps.in/sbipojun26/,200,https://ibpsreg.ibps.in/sbipojun26/,160,
https://ibpsreg.ibps.in/sbiscojun26/,200,https://ibpsreg.ibps.in/sbiscojun26/,30,
https://ibpsreg.ibps.in/sbiscojun26/basic_details.php,200,https://ibpsreg.ibps.in/sbiscojun26/reg_close.php?msg=Last_Date_for_the_Application_is_Over.,349,
https://ibpsreg.ibps.in/sbiscoljun26/,200,https://ibpsreg.ibps.in/sbiscoljun26/,161,
https://ibpsreg.ibps.in/sbiscoljun26/basic_details.php,200,https://ibpsreg.ibps.in/sbiscoljun26/reg_close.php?msg=Last_Date_for_the_Application_is_Over.,600,
https://ibpsreg.ibps.in/ubijul26/,200,https://ibpsreg.ibps.in/ubijul26/,30,
https://ibtexamination.com/RRCCR_02OF2026_SPORTSQUOTA/,200,https://ibtexamination.com/RRCCR_02OF2026_SPORTSQUOTA/,513,
https://icaiplacements.icai.org/,0,,526,Maximum number of redirects exceeded
https://icar-nbsslup.org.in/,200,https://icar-nbsslup.org.in/,61,
https://icpr.in/,200,https://icpr.in/,1528,
https://icsil.in/app/,0,,8011,timeout of 8000ms exceeded
https://idex.gov.in/,404,https://idex.gov.in/,283,
https://ihmcl.co.in/,200,https://ihmcl.co.in/,1454,
https://iica.nic.in/,200,https://iica.nic.in/,243,
https://iigm.res.in/,200,https://iigm.res.in/,664,
https://iimmumbai.ac.in/,403,https://iimmumbai.ac.in/,57,
https://iimmumbai.ac.in/administrative_recruitment/,403,https://iimmumbai.ac.in/administrative_recruitment/,65,
https://iimmumbai.ac.in/recruitment-portal/,403,https://iimmumbai.ac.in/recruitment-portal/,321,
https://iitbhunt.samarth.edu.in/index.php/site/login,403,https://iitbhunt.samarth.edu.in/index.php/site/login,55,
https://iitgoa.ac.in/,200,https://iitgoa.ac.in/,533,
https://ilslaw.edu/,200,https://ilslaw.edu/,146,
https://incometaxmpcg.gov.in/,200,https://incometaxmpcg.gov.in/,216,
https://indianairforce.nic.in/,0,,8014,timeout of 8000ms exceeded
https://indianairforce.nic.in/iaf_career,0,,8013,timeout of 8000ms exceeded
https://indianarmy.nic.in/command/command/southern-command-commands-site-main,0,,652,"unable to verify the first certificate; if the root CA is installed locally, try running Node.js with --use-system-ca"
https://indiancoastguard.gov.in/,0,,324,"unable to verify the first certificate; if the root CA is installed locally, try running Node.js with --use-system-ca"
https://indianrailways.gov.in/,0,,8014,timeout of 8000ms exceeded
"https://indianrailways.gov.in/railwayboard/view_section.jsp?lang=0&id=0,7,1281",0,,8014,timeout of 8000ms exceeded
https://indrayanibank.com/,200,https://indrayani.bank.in/,943,
https://iocl.com/,307,https://iocl.com/,188,
https://ircon.org/index.php?lang=en,0,,8019,timeout of 8000ms exceeded
https://ispnasik.spmcil.com/Interface/Home.aspx,404,https://ispnasik.spmcil.com/en/Interface/Home.aspx/,1332,
https://itat.gov.in/,0,,154,"unable to verify the first certificate; if the root CA is installed locally, try running Node.js with --use-system-ca"
https://itat.gov.in/recruitments,0,,173,"unable to verify the first certificate; if the root CA is installed locally, try running Node.js with --use-system-ca"
https://jalgaon.gov.in/,200,https://jalgaon.gov.in/,247,
https://jalna.gov.in/,200,https://jalna.gov.in/,214,
https://jalna.gov.in/en/,200,https://jalna.gov.in/en/,170,
https://janatabankajara.com/,0,,102,certificate has expired
https://jankalyankarad.com/,200,https://jankalyankarad.com/,854,
https://jbpatsanstha.com/,403,https://jbpatsanstha.com/,100,
https://jcmcjalna.org/,200,https://jcmcjalna.org/,330,
https://jobapply.in/BEL2026DelhiPO/,200,https://jobapply.in/BEL2026DelhiPO/,82,
https://jobapply.in/NHSRCL2026ITSafety/,200,https://jobapply.in/NHSRCL2026ITSafety/,111,
https://jobapply.in/NHSRCL2026Technician/,200,https://jobapply.in/NHSRCL2026Technician/,46,
https://jobs.hpcl.co.in/Recruit_New/recruitlogin.jsp,200,https://jobs.hpcl.co.in/Recruit_New/recruitlogin.jsp,270,
https://jobse4.hurl.net.in/,200,https://jobse4.hurl.net.in/,25,
https://joinindianarmy.nic.in/Authentication.aspx,200,https://joinindianarmy.nic.in/Authentication.aspx,108,
https://joinindianarmy.nic.in/default.aspx,200,https://joinindianarmy.nic.in/Authentication.aspx,351,
https://jspm.edu.in/,403,https://jspm.edu.in/,120,
https://jspmcoe.in/,200,https://jspmcoe.in/,695,
https://jssc.jharkhand.gov.in/application-forms-apply,0,,121,"unable to verify the first certificate; if the root CA is installed locally, try running Node.js with --use-system-ca"
https://kagcta.ac.in/,200,https://kagcta.ac.in/,1204,
https://kamptee.cantt.gov.in/,206,https://kamptee.cantt.gov.in/,4816,
https://kamptee.kvs.ac.in/,200,https://kamptee.kvs.ac.in/,456,
https://kdmc.gov.in/kdmc//,0,,196,"write EPROTO E41D0000:error:0A000152:SSL routines:final_renegotiate:unsafe legacy renegotiation disabled:openssl\ssl\statem\extensions.c:894:
"
https://kdmc.gov.in/kdmc/CitizenHome.html,0,,38,"write EPROTO E41D0000:error:0A000152:SSL routines:final_renegotiate:unsafe legacy renegotiation disabled:openssl\ssl\statem\extensions.c:894:
"
https://kjscollege.com/,200,https://kjscollege.com/,39,
https://kolhapur.gov.in/,200,https://kolhapur.gov.in/,171,
https://kolhapur.gov.in/en/,200,https://kolhapur.gov.in/en/,192,
https://konkanrailway.com/,0,,14,"write EPROTO E41D0000:error:0A000152:SSL routines:final_renegotiate:unsafe legacy renegotiation disabled:openssl\ssl\statem\extensions.c:894:
"
https://konkanrailway.com/en/current_notification,0,,45,"write EPROTO E41D0000:error:0A000152:SSL routines:final_renegotiate:unsafe legacy renegotiation disabled:openssl\ssl\statem\extensions.c:894:
"
https://ktclgoa.com/,200,https://ktclgoa.com/,1079,
https://kucb.bank.in/,200,https://kucb.bank.in/,194,
https://kurnool.ap.gov.in/,200,https://kurnool.ap.gov.in/,308,
https://labour.gov.in/,0,,8009,timeout of 8000ms exceeded
https://latur.dcourts.gov.in/,200,https://latur.dcourts.gov.in/,543,
https://latur.gov.in/,200,https://latur.gov.in/,191,
https://latur.gov.in/en/,200,https://latur.gov.in/en/,165,
https://law.dypvp.edu.in/,200,https://law.dypvp.edu.in/,1179,
https://laxmilatur.bank.in/,200,https://laxmilatur.bank.in/,206,
https://legislative.gov.in/,0,,8871,timeout of 8000ms exceeded
https://licindia.in/,404,https://licindia.in/,453,
https://litu.edu.in/,200,https://litu.edu.in/,64,
https://lj.maharashtra.gov.in/1035/Home,200,https://lj.maharashtra.gov.in/en/,1636,
https://lpai.gov.in/,200,https://lpai.gov.in/,381,
https://madc.maharashtra.gov.in/,0,,507,getaddrinfo ENOTFOUND madc.maharashtra.gov.in
https://mahacid.gov.in/,200,https://mahacid.gov.in/,110,
https://mahadma.maharashtra.gov.in/,200,https://mahadma.maharashtra.gov.in/,89,
https://mahaegs.maharashtra.gov.in/en/,0,,8018,timeout of 8000ms exceeded
https://mahafireservice.gov.in/,0,,250,Maximum number of redirects exceeded
https://mahaforest.gov.in/,0,,102,self-signed certificate in certificate chain
https://mahagenco.in/,200,https://mahagenco.in/,155,
https://mahahousing.mahaonline.gov.in/,404,https://mahahousing.mahaonline.gov.in/,35,
https://mahakamgar.maharashtra.gov.in/home/index,404,https://mahakamgar.maharashtra.gov.in/home/index,80,
https://mahamitra.org/,200,https://mahamitra.org/,54,
https://mahammb.maharashtra.gov.in./,0,,15,"write EPROTO E41D0000:error:0A000438:SSL routines:ssl3_read_bytes:tlsv1 alert internal error:openssl\ssl\record\rec_layer_s3.c:918:SSL alert number 80
"
https://mahammb.maharashtra.gov.in/,200,https://mahammb.maharashtra.gov.in/,579,
https://maharashtra.gov.in/,200,https://maharashtra.gov.in/,107,
https://maharashtrasadan.maharashtra.gov.in/,200,https://maharashtrasadan.maharashtra.gov.in/,399,
https://maharera.mahaonline.gov.in/,0,,8022,timeout of 8000ms exceeded
https://maharera.maharashtra.gov.in/,200,https://maharera.maharashtra.gov.in/,446,
https://mahasacs.org/,200,https://mahasacs.org/,669,
https://mahasainik.maharashtra.gov.in/,200,https://mahasainik.maharashtra.gov.in/,338,
https://mahasecurity.gov.in/,200,https://www.mahasecurity.gov.in/,461,
https://mahashabari.in/,200,https://mahashabari.in/mr,115,
https://mahateacherrecruitment.org.in/,200,https://mahateacherrecruitment.org.in/,31,
https://mahawakf.com/,200,https://mahawakf.com/,1409,
https://main.icmr.nic.in/,0,,123,getaddrinfo ENOTFOUND main.icmr.nic.in
https://main.tifr.res.in/,200,https://main.tifr.res.in/,1414,
https://malegaoncorporation.org/,200,https://malegaoncorporation.org/,74,
https://manndeshi.bank.in/career,200,https://manndeshi.bank.in/career,85,
https://manndeshibank.com/,0,,128,certificate has expired
https://mausam.imd.gov.in/,200,https://mausam.imd.gov.in/,225,
https://mazagondock.in/,404,https://mazagondock.in/,234,
https://mdd.maharashtra.gov.in/Site/Home/Index.aspx,404,https://mdd.maharashtra.gov.in/Site/Home/Index.aspx,1714,
https://mecl.co.in/,200,https://mecl.co.in/,549,
https://mecl.co.in/ContentPageMecl.aspx?page=advertisement-notices-and-results&Antispam=84fd061f-1c15-4293-8a31-df58b8b579b9&ControlID=61&Lng=EN&MyAntispam=1cde63e1-779c-4341-81e9-a1a75ca23995,200,https://mecl.co.in/ContentPageMecl.aspx?page=advertisement-notices-and-results&Antispam=84fd061f-1c15-4293-8a31-df58b8b579b9&ControlID=61&Lng=EN&MyAntispam=1cde63e1-779c-4341-81e9-a1a75ca23995,511,
https://merc.gov.in/,0,,8016,timeout of 8000ms exceeded
https://mescoe.mespune.org/,200,https://mescoe.mespune.org/,1115,
https://mespune.in/,200,https://mespune.in/,253,
https://mfdcmaharashtra.co.in/,0,,35,getaddrinfo ENOTFOUND mfdcmaharashtra.co.in
https://mgmcen.ac.in/,200,https://mgmcen.ac.in/,124,
https://mgmhospitalvashi.net/,200,https://mgmhospitalvashi.net/,1612,
https://mib.gov.in/,0,,8012,timeout of 8000ms exceeded
https://mimsr.edu.in/,200,https://mimsr.edu.in/,1672,
https://mines.gov.in/webportal/home,200,https://mines.gov.in/webportal/home,95,
https://mmnilanga.org/,200,https://mmnilanga.org/,741,
https://mmrda.maharashtra.gov.in/,0,,46,"unable to verify the first certificate; if the root CA is installed locally, try running Node.js with --use-system-ca"
https://mnre.gov.in/,200,https://mnre.gov.in/,310,
https://moef.gov.in/,200,https://moef.gov.in/,2046,
https://mohfw.gov.in/,403,https://www.mohfw.gov.in/,1304,
https://mpgimer.edu.in/,200,https://mpgimer.edu.in/,4157,
https://mpkv.ac.in/,200,https://mpkv.ac.in/,732,
https://mpkv.ac.in/Adminstration/AdminsRecruitment,404,https://mpkv.ac.in/Adminstration/AdminsRecruitment,366,
https://mpsc.gov.in/,200,https://mpsc.gov.in/,38,
https://mpsc.gov.in/home,200,https://mpsc.gov.in/home,235,
https://mpsconline.gov.in/,403,https://mpsconline.gov.in/,78,
https://mpsconline.gov.in/candidate,403,https://mpsconline.gov.in/candidate,30,
https://mpsconline.gov.in/candidate/login,403,https://mpsconline.gov.in/candidate/login,108,
https://mptgoa.gov.in/,0,,64,getaddrinfo ENOTFOUND mptgoa.gov.in
https://mrsac.gov.in/MRSAC/,206,https://mrsac.gov.in/MRSAC/,1007,
https://mrvc.indianrailways.gov.in/?lang=1,0,,8021,timeout of 8000ms exceeded
https://msc.bank.in/career,200,https://msc.bank.in/career,817,
https://mshrc.gov.in/,0,,8003,timeout of 8000ms exceeded
https://msidc.org/,200,https://msidc.org/,512,
https://msins.accubate.app/ext/form/23683/1/apply,200,https://msins.accubate.app/ext/form/23683/1/apply,696,
https://msrdc.in/1307/Home,0,,224,Maximum number of redirects exceeded
https://mssu.ac.in/,200,https://mssu.ac.in/,107,
https://mu.ac.in/,200,https://mu.ac.in/,2081,
https://mucb.bank.in/mucbr/rec_registration,0,,106,socket hang up
https://mudira.nalcoindia.co.in/Account/LoginBTv2.aspx?ReturnUrl=/,200,https://mudira.nalcoindia.co.in/Account/LoginBTv2.aspx?ReturnUrl=/,189,
https://mumbaicity.gov.in/,200,https://mumbaicity.gov.in/,334,
https://mumbaiport.gov.in/,0,,8014,timeout of 8000ms exceeded
https://munitionsindia.co.in/,0,,141,getaddrinfo ENOTFOUND munitionsindia.co.in
https://munitionsindia.in/,502,https://munitionsindia.in/,1007,
https://mvcmafsu.ac.in/,200,https://mvcmafsu.ac.in/,142,
https://mvp.edu.in/,200,https://mvp.edu.in/mvpsite/,1342,
https://naarm.org.in/,200,https://naarm.org.in/home/,1720,
https://nabfid.org/careers,200,https://nabfid.org/careers,395,
https://nabfins.org/Careers/,200,https://nabfins.org/Careers/,845,
https://nadp.ac.in/,0,,1412,self-signed certificate in certificate chain
https://nagarzp.gov.in/,200,https://nagarzp.gov.in/,560,
https://nagpur.gov.in/,200,https://nagpur.gov.in/,172,
https://nagpuruniversity.ac.in/,200,https://nagpuruniversity.ac.in/,469,
https://nalcoindia.com/,200,https://nalcoindia.com/,226,
https://nanded.gov.in/en/,200,https://nanded.gov.in/en/,184,
https://narcoticsindia.nic.in/,404,https://narcoticsindia.nic.in/,1217,
https://nashik.gov.in/,200,https://nashik.gov.in/,161,
https://nashikcitypolice.gov.in/,200,https://nashikcitypolice.gov.in/,34,
https://nationalcraftsmuseum.nic.in/,0,,8009,timeout of 8000ms exceeded
https://nationalinsurance.nic.co.in/,0,,8012,timeout of 8000ms exceeded
https://nationalinsurance.nic.co.in/recruitment,200,https://nationalinsurance.nic.co.in/recruitment,183,
https://nats.education.gov.in/,200,https://nats.education.gov.in/,24,
https://nats.education.gov.in/about-us.php,200,https://nats.education.gov.in/about-us.php,29,
https://nats.education.gov.in/student_type.php,200,https://nats.education.gov.in/student_type.php,18,
https://navodaya.gov.in/,0,,133,Parse Error: Data after `Connection: close`
https://navodaya.gov.in/NVS.html,0,,97,Parse Error: Data after `Connection: close`
https://navodaya.gov.in/nvs/en/Home1,0,,280,Parse Error: Data after `Connection: close`
https://navodaya.gov.in/nvs/nvs-school/Hingoli/en/about_us/About-JNV/,0,,107,Parse Error: Data after `Connection: close`
https://navodaya.gov.in/nvs/nvs-school/PUNE/en/home,0,,199,Parse Error: Data after `Connection: close`
https://navodaya.gov.in/nvs/nvs-school/Raigad/en/home,0,,220,Parse Error: Data after `Connection: close`
https://navodaya.gov.in/nvs/nvs-school/Satara/en/about_us/About-JNV/,0,,88,Parse Error: Data after `Connection: close`
https://navodaya.gov.in/nvsgov.html,0,,167,Parse Error: Data after `Connection: close`
https://navsahyadri.org/,200,https://navsahyadri.org/,147,
https://nbccindia.in/,200,https://nbccindia.in/,265,
https://nbpgr.org.in/nbpgr2023/,0,,8014,timeout of 8000ms exceeded
https://nccd.gov.in/,200,https://nccd.gov.in/,25,
https://nccindia.gov.in/,200,https://nccindia.gov.in/,215,
https://ncdc.mohfw.gov.in/,200,https://ncdc.mohfw.gov.in/,63,
https://nclcil.in/,0,,18,self-signed certificate in certificate chain
https://nclt.gov.in/,200,https://nclt.gov.in/,1534,
https://ncpor.res.in/,200,https://ncpor.res.in/,408,
https://ncrtc.in/,200,https://ncrtc.in/,1746,
https://ndma.gov.in/,200,https://ndma.gov.in/,4439,
https://ndtlindia.com/career,200,https://ndtlindia.com/career/,689,
https://neepco.co.in/,200,https://neepco.co.in/,121,
https://nehrusciencecentre.gov.in/?Antispam=dnS3hvNUxc9,200,https://nehrusciencecentre.gov.in/?Antispam=dnS3hvNUxc9,1380,
https://new.iari.res.in/,0,,80,certificate has expired
https://news.google.com/rss/articles/CBMi1AFBVV95cUxNdWhINlgyeGFaZE1MNnYyWFlUX1pPT3BNVnpYdmxnM21ySDFfeHRkU3JGa0pwMXNScm1TMjFKa1JYSkk1QmhGdVdHZ2wyRWdxdFBtZlowOVNSRVowT2tTRmJzU3czY3A0TndqVzhITmJ3VFBjMzlyUlAySFlZWXQ5VlFERGJ2MkpLcVRXN29Ub29xeGM3SUV3UGZfaDJndmhvMGg2bXdmelQ4dEU2MHUxUUktcHpxOGU4YTRsNEZGa3h3WWdzNUk2SEgtaFhOcm95RnZORtIB2wFBVV95cUxPOU9XbzVRRVZrazNSN1lMVTUwSW5qM29rd0tqZERzb1IweXhiSXZwZWlUYllVSFB3QW5sY0NJQjR4NjBkdUI1VS1HQUdTWlc1bEZvaklZd3I0SUVHQ2w5MEZNM2hrUXhZeTVhZmNwOC1GY0lQZlpSdTRBQW1veHk2MTRMbDlpVGhleXBiaEVPTUhRMGhJdmxtcHdSdUxiX0FMZ3dhVDllVTdhMkdJbjAwbFdMZHZESHQ4ZkEtckFSUHJ3a3owOG0xN2xwdmRzWml4YlRzblJSNTBlaEE?oc=5,200,https://news.google.com/rss/articles/CBMi1AFBVV95cUxNdWhINlgyeGFaZE1MNnYyWFlUX1pPT3BNVnpYdmxnM21ySDFfeHRkU3JGa0pwMXNScm1TMjFKa1JYSkk1QmhGdVdHZ2wyRWdxdFBtZlowOVNSRVowT2tTRmJzU3czY3A0TndqVzhITmJ3VFBjMzlyUlAySFlZWXQ5VlFERGJ2MkpLcVRXN29Ub29xeGM3SUV3UGZfaDJndmhvMGg2bXdmelQ4dEU2MHUxUUktcHpxOGU4YTRsNEZGa3h3WWdzNUk2SEgtaFhOcm95RnZORtIB2wFBVV95cUxPOU9XbzVRRVZrazNSN1lMVTUwSW5qM29rd0tqZERzb1IweXhiSXZwZWlUYllVSFB3QW5sY0NJQjR4NjBkdUI1VS1HQUdTWlc1bEZvaklZd3I0SUVHQ2w5MEZNM2hrUXhZeTVhZmNwOC1GY0lQZlpSdTRBQW1veHk2MTRMbDlpVGhleXBiaEVPTUhRMGhJdmxtcHdSdUxiX0FMZ3dhVDllVTdhMkdJbjAwbFdMZHZESHQ4ZkEtckFSUHJ3a3owOG0xN2xwdmRzWml4YlRzblJSNTBlaEE?oc=5&hl=en-IN&gl=IN&ceid=IN:en,192,
https://news.google.com/rss/articles/CBMi1AFBVV95cUxQV2ZXRk9Rd0lBUFNCNFpjbTRtTVVNWGZhQ0VSV2RhaXY1dF9hc21TTXhLNVJ6aVJ1cHN2T0hRVTkyYnVRWkJIaXNXSURaUGR6Z0pVemR1alZ5OElST1BfT2EyWUkwSnB4cUJVZFZzLWtqdzAtMHdoSl9YcnRJaEtmaU5HZkY5X3NpbUh3eV9WRHVEY0xaTzBQSFJQZzE2TGhtUzlKVHRDdlVNTlEtWE5iUGUtbGhzY3VpYS1wTzc4NmZFbW1EWGw0bjJfVGZoazNKYmZMUdIB2wFBVV95cUxOZVl0TThRMGZzTXdacW9xTWpDcktBZmVnVWpyWkRxMmx1dmxxREhTNHpXRkxZc1dtbnpXUHpLdjBKaFcza2wyY3JzRXNzRXA5MWstTUpwSnVteFBmTnJENHhLa3k3OTRJUW42OHlkVy13SU5MRkZQQldKbG9PaTRKZTNQWm9lcDVwT2hoTXBPSnBsU29ZWm5CeVFlbEd5MnAwcXdMYVVJSmN1cUhKZ1ZfcGI4anZpNEtSdWpQbzBkRURJSzZEaEp0QmpKcGxFUDJpUkNjcFRuUG5XR3M?oc=5,200,https://news.google.com/rss/articles/CBMi1AFBVV95cUxQV2ZXRk9Rd0lBUFNCNFpjbTRtTVVNWGZhQ0VSV2RhaXY1dF9hc21TTXhLNVJ6aVJ1cHN2T0hRVTkyYnVRWkJIaXNXSURaUGR6Z0pVemR1alZ5OElST1BfT2EyWUkwSnB4cUJVZFZzLWtqdzAtMHdoSl9YcnRJaEtmaU5HZkY5X3NpbUh3eV9WRHVEY0xaTzBQSFJQZzE2TGhtUzlKVHRDdlVNTlEtWE5iUGUtbGhzY3VpYS1wTzc4NmZFbW1EWGw0bjJfVGZoazNKYmZMUdIB2wFBVV95cUxOZVl0TThRMGZzTXdacW9xTWpDcktBZmVnVWpyWkRxMmx1dmxxREhTNHpXRkxZc1dtbnpXUHpLdjBKaFcza2wyY3JzRXNzRXA5MWstTUpwSnVteFBmTnJENHhLa3k3OTRJUW42OHlkVy13SU5MRkZQQldKbG9PaTRKZTNQWm9lcDVwT2hoTXBPSnBsU29ZWm5CeVFlbEd5MnAwcXdMYVVJSmN1cUhKZ1ZfcGI4anZpNEtSdWpQbzBkRURJSzZEaEp0QmpKcGxFUDJpUkNjcFRuUG5XR3M?oc=5&hl=en-IN&gl=IN&ceid=IN:en,185,
https://news.google.com/rss/articles/CBMi1gFBVV95cUxOVEp3dlhmbTVHNndaQ1Ywd0RrVXpvOTRObHhzYWlMNUdBdVVHNnZPcXNndWFnMGZlcXBoVkwxV0FlMmJXeW9TeV93RDZiV0dUZWxKNzhpVXFUc3RhaHFxUjctMGVpR1N3NFpmU0dKZjZqd1hQa3k1WHNETkZwd3pHcHoxNVRCU0dNbzZfekxjendNdnRtZlljdHFicHRoR1ZnU1o2cmdtY3VVeE9GR2tHLWpFVThpS0c1dlhlR292bkx6MjZmZDdBMHFNQ0RyaFJmWHlWRkJR0gHbAUFVX3lxTE5hTVlBZmhVc3pHQ0FhYWp6elBpMjhtM0xVZHVWc1R5bWJiLWJLZXZqRDRlRkdBc2M3bllManNaZUFadnh2bndGcUZlVUhuSE5acDNzZjU3MWVZdTNUQnQyMnNmUUhGcXlaY1hRTVc3dTJOcE1wQWQ0LUJBTEVfdDlIUW5WSGlIbHdPZGo3WlBWRENMSzBvcy1OaDI0bjd1MnZtY190TXNDRWEzU0kydEQ0MTE1MnNNWFdZbG5RTU9XdHJ1NUotYzdlb3NjcFRtYmlpVVhzcFR1dU5oTQ?oc=5,200,https://news.google.com/rss/articles/CBMi1gFBVV95cUxOVEp3dlhmbTVHNndaQ1Ywd0RrVXpvOTRObHhzYWlMNUdBdVVHNnZPcXNndWFnMGZlcXBoVkwxV0FlMmJXeW9TeV93RDZiV0dUZWxKNzhpVXFUc3RhaHFxUjctMGVpR1N3NFpmU0dKZjZqd1hQa3k1WHNETkZwd3pHcHoxNVRCU0dNbzZfekxjendNdnRtZlljdHFicHRoR1ZnU1o2cmdtY3VVeE9GR2tHLWpFVThpS0c1dlhlR292bkx6MjZmZDdBMHFNQ0RyaFJmWHlWRkJR0gHbAUFVX3lxTE5hTVlBZmhVc3pHQ0FhYWp6elBpMjhtM0xVZHVWc1R5bWJiLWJLZXZqRDRlRkdBc2M3bllManNaZUFadnh2bndGcUZlVUhuSE5acDNzZjU3MWVZdTNUQnQyMnNmUUhGcXlaY1hRTVc3dTJOcE1wQWQ0LUJBTEVfdDlIUW5WSGlIbHdPZGo3WlBWRENMSzBvcy1OaDI0bjd1MnZtY190TXNDRWEzU0kydEQ0MTE1MnNNWFdZbG5RTU9XdHJ1NUotYzdlb3NjcFRtYmlpVVhzcFR1dU5oTQ?oc=5&hl=en-IN&gl=IN&ceid=IN:en,506,
https://news.google.com/rss/articles/CBMi2AFBVV95cUxOdjNNVmVVLWl3SXBDVTBKSUdmUVM4aFZhbXM1bEFJdkNCN1lQNlBZZFBqUmNMZFRDd3dybDFkV01FMUFGNDNvRE42UVB3X1dwUkF3QjZzb0x6SG1KTGNkd3lSVUdiRm9yaE9XSFpKLXBQcGlsV0xuR0JISkk4S1pHMU1pZGllYTktWU0tYXFYTUpNRmFwb0I1TF9WUlh4T2FCUzEwMEhucnBGZlcyZDBwb1R4NnhsbjJHbWMtZ2dFR0pzQW5uSEktM3lIbWRFRVBTVy1YN3A4eGTSAd4BQVVfeXFMTi0xbjFDaldKLUpBeVUtdkdvTDdXX1luOHpPdlMtSzFBS0FBRnNSN09yVHN5MDFNR25OdFFyREpfVTdVQmVkWTRlWGRVT1pDZFVVQlM5SWp6T3FLSDlJVXlXOHdxUm9MckhHeF9XYTRETVN5TndnMVUtSmlfSENZWVZLRC1uNUVTQi12Q1F5UlVscEtWYmZTZkZuSWNHNGFnMFAtQV9HbkJnYnNMa1FOSmRkWk5SYkw3UWtXQ2JNUzdiZF9Za2twdll5eVlUUTJkdVp2SnR3WWFOWEdqT0Rn?oc=5,200,https://news.google.com/rss/articles/CBMi2AFBVV95cUxOdjNNVmVVLWl3SXBDVTBKSUdmUVM4aFZhbXM1bEFJdkNCN1lQNlBZZFBqUmNMZFRDd3dybDFkV01FMUFGNDNvRE42UVB3X1dwUkF3QjZzb0x6SG1KTGNkd3lSVUdiRm9yaE9XSFpKLXBQcGlsV0xuR0JISkk4S1pHMU1pZGllYTktWU0tYXFYTUpNRmFwb0I1TF9WUlh4T2FCUzEwMEhucnBGZlcyZDBwb1R4NnhsbjJHbWMtZ2dFR0pzQW5uSEktM3lIbWRFRVBTVy1YN3A4eGTSAd4BQVVfeXFMTi0xbjFDaldKLUpBeVUtdkdvTDdXX1luOHpPdlMtSzFBS0FBRnNSN09yVHN5MDFNR25OdFFyREpfVTdVQmVkWTRlWGRVT1pDZFVVQlM5SWp6T3FLSDlJVXlXOHdxUm9MckhHeF9XYTRETVN5TndnMVUtSmlfSENZWVZLRC1uNUVTQi12Q1F5UlVscEtWYmZTZkZuSWNHNGFnMFAtQV9HbkJnYnNMa1FOSmRkWk5SYkw3UWtXQ2JNUzdiZF9Za2twdll5eVlUUTJkdVp2SnR3WWFOWEdqT0Rn?oc=5&hl=en-IN&gl=IN&ceid=IN:en,571,
https://news.google.com/rss/articles/CBMi2AFBVV95cUxQekpvcjA3aUotWGo2azlFTjVzT21QMUVYWkJOS3R4Q0lhNjBwanQ1RTROMjdEc1QwcHBmcGdRTWdRcFlQUmRJem1GYy1qY2kxRTB6cUNTdzhabWt1QU5NNlB2QmNaclkxcy1BUG9FZ1ZNRzE5R2VDTEJjVnlfMnF1M0NubEJseERuT1l1YVY0cUJlOEplbTFTbkE5QmhrYTk5ZWFpeFJEN1E1NDIyRUJVdGxoNmYzZVR1Qnlyd1JWM3JoeVVHUjhGcHRqWjJpNEJ0UUhXem1RRVnSAdgBQVVfeXFMUHpKb3IwN2lKLVhqNms5RU41c09tUDFFWFpCTkt0eENJYTYwcGp0NUU0TjI3RHNUMHBwZnBnUU1nUXBZUFJkSXptRmMtamNpMUUwenFDU3c4Wm1rdUFOTTZQdkJjWnJZMXMtQVBvRWdWTUcxOUdlQ0xCY1Z5XzJxdTNDbmxCbHhEbk9ZdWFWNHFCZThKZW0xU25BOUJoa2E5OWVhaXhSRDdRNTQyMkVCVXRsaDZmM2VUdUJ5cndSVjNyaHlVR1I4RnB0aloyaTRCdFFIV3ptUUVZ?oc=5,200,https://news.google.com/rss/articles/CBMi2AFBVV95cUxQekpvcjA3aUotWGo2azlFTjVzT21QMUVYWkJOS3R4Q0lhNjBwanQ1RTROMjdEc1QwcHBmcGdRTWdRcFlQUmRJem1GYy1qY2kxRTB6cUNTdzhabWt1QU5NNlB2QmNaclkxcy1BUG9FZ1ZNRzE5R2VDTEJjVnlfMnF1M0NubEJseERuT1l1YVY0cUJlOEplbTFTbkE5QmhrYTk5ZWFpeFJEN1E1NDIyRUJVdGxoNmYzZVR1Qnlyd1JWM3JoeVVHUjhGcHRqWjJpNEJ0UUhXem1RRVnSAdgBQVVfeXFMUHpKb3IwN2lKLVhqNms5RU41c09tUDFFWFpCTkt0eENJYTYwcGp0NUU0TjI3RHNUMHBwZnBnUU1nUXBZUFJkSXptRmMtamNpMUUwenFDU3c4Wm1rdUFOTTZQdkJjWnJZMXMtQVBvRWdWTUcxOUdlQ0xCY1Z5XzJxdTNDbmxCbHhEbk9ZdWFWNHFCZThKZW0xU25BOUJoa2E5OWVhaXhSRDdRNTQyMkVCVXRsaDZmM2VUdUJ5cndSVjNyaHlVR1I4RnB0aloyaTRCdFFIV3ptUUVZ?oc=5&hl=en-IN&gl=IN&ceid=IN:en,533,
https://news.google.com/rss/articles/CBMi2gFBVV95cUxPM0xJNWQ5S1NCaHVXTXJXVUdnbFJoNnVGRFdwa2ZVZWtvb2tqOURhX3l2MW5RTEMxNThCb2EzU3R4UWk1YkJ3cFJxS0VxS1MzZGllZFJHXy1ERTlhNFFHRWZLdnh3LXZrUEw4Q0xVaEd1RXFGNVBuUWNYMi1uMEVNeFNzX1JqcFpvWmRHLUgwaEhwdXNrWFR2MnhOZDhxekF6Z045M2NLNlRiRE5WdjFIVnplb09NTDl0OUFXQXd4aGFsT3FuU0QwbE02NEZKY1M3ZXRKZzBYSEkxUdIB4AFBVV95cUxPemdBMHE3NDlvV2pmRHNoUGJhWDllTEpmbnFRckVoN3ZLZjZtS0IwbjBzWUZPbVprR05tVU1FZVJlTWJJYlhYVWNzWXNXY19Fb2xQMWRHUXFfblhvVU5ndFA2cTZrSnRvbnU4VWNTX3NaXzRycUtWM2VITlZSakp6dEVZMU1aMUw0WGJZcEsyWUZxbEI1QzZCSThEcG9FVkttZ0cxZmtUQV9GNW5xdFVIMjlyQThPcWF2ZXZCWkZxakRneHJXNVB3VDdOai1yVUJVcG9LZ1AtVFgwdnFzVnR0Xw?oc=5,200,https://news.google.com/rss/articles/CBMi2gFBVV95cUxPM0xJNWQ5S1NCaHVXTXJXVUdnbFJoNnVGRFdwa2ZVZWtvb2tqOURhX3l2MW5RTEMxNThCb2EzU3R4UWk1YkJ3cFJxS0VxS1MzZGllZFJHXy1ERTlhNFFHRWZLdnh3LXZrUEw4Q0xVaEd1RXFGNVBuUWNYMi1uMEVNeFNzX1JqcFpvWmRHLUgwaEhwdXNrWFR2MnhOZDhxekF6Z045M2NLNlRiRE5WdjFIVnplb09NTDl0OUFXQXd4aGFsT3FuU0QwbE02NEZKY1M3ZXRKZzBYSEkxUdIB4AFBVV95cUxPemdBMHE3NDlvV2pmRHNoUGJhWDllTEpmbnFRckVoN3ZLZjZtS0IwbjBzWUZPbVprR05tVU1FZVJlTWJJYlhYVWNzWXNXY19Fb2xQMWRHUXFfblhvVU5ndFA2cTZrSnRvbnU4VWNTX3NaXzRycUtWM2VITlZSakp6dEVZMU1aMUw0WGJZcEsyWUZxbEI1QzZCSThEcG9FVkttZ0cxZmtUQV9GNW5xdFVIMjlyQThPcWF2ZXZCWkZxakRneHJXNVB3VDdOai1yVUJVcG9LZ1AtVFgwdnFzVnR0Xw?oc=5&hl=en-IN&gl=IN&ceid=IN:en,238,
https://news.google.com/rss/articles/CBMi3gFBVV95cUxOLTFuMUNqV0otSkF5VS12R29MN1dfWW44ek92Uy1LMUFLQUFGc1I3T3JUc3kwMU1Hbk50UXJESl9VN1VCZWRZNGVYZFVPWkNkVVVCUzlJanpPcUtIOUlVeVc4d3FSb0xySEd4X1dhNERNU3lOd2cxVS1KaV9IQ1lZVktELW41RVNCLXZDUXlSVWxwS1ZiZlNmRm5JY0c0YWcwUC1BX0duQmdic0xrUU5KZGRaTlJiTDdRa1dDYk1TN2JkX1lra3B2WXl5WVRRMmR1WnZKdHdZYU5YR2pPRGfSAd4BQVVfeXFMTi0xbjFDaldKLUpBeVUtdkdvTDdXX1luOHpPdlMtSzFBS0FBRnNSN09yVHN5MDFNR25OdFFyREpfVTdVQmVkWTRlWGRVT1pDZFVVQlM5SWp6T3FLSDlJVXlXOHdxUm9MckhHeF9XYTRETVN5TndnMVUtSmlfSENZWVZLRC1uNUVTQi12Q1F5UlVscEtWYmZTZkZuSWNHNGFnMFAtQV9HbkJnYnNMa1FOSmRkWk5SYkw3UWtXQ2JNUzdiZF9Za2twdll5eVlUUTJkdVp2SnR3WWFOWEdqT0Rn?oc=5,200,https://news.google.com/rss/articles/CBMi3gFBVV95cUxOLTFuMUNqV0otSkF5VS12R29MN1dfWW44ek92Uy1LMUFLQUFGc1I3T3JUc3kwMU1Hbk50UXJESl9VN1VCZWRZNGVYZFVPWkNkVVVCUzlJanpPcUtIOUlVeVc4d3FSb0xySEd4X1dhNERNU3lOd2cxVS1KaV9IQ1lZVktELW41RVNCLXZDUXlSVWxwS1ZiZlNmRm5JY0c0YWcwUC1BX0duQmdic0xrUU5KZGRaTlJiTDdRa1dDYk1TN2JkX1lra3B2WXl5WVRRMmR1WnZKdHdZYU5YR2pPRGfSAd4BQVVfeXFMTi0xbjFDaldKLUpBeVUtdkdvTDdXX1luOHpPdlMtSzFBS0FBRnNSN09yVHN5MDFNR25OdFFyREpfVTdVQmVkWTRlWGRVT1pDZFVVQlM5SWp6T3FLSDlJVXlXOHdxUm9MckhHeF9XYTRETVN5TndnMVUtSmlfSENZWVZLRC1uNUVTQi12Q1F5UlVscEtWYmZTZkZuSWNHNGFnMFAtQV9HbkJnYnNMa1FOSmRkWk5SYkw3UWtXQ2JNUzdiZF9Za2twdll5eVlUUTJkdVp2SnR3WWFOWEdqT0Rn?oc=5&hl=en-IN&gl=IN&ceid=IN:en,584,
https://news.google.com/rss/articles/CBMi3wFBVV95cUxOMDNyWTh4YzRyeXdTT3lYaHVWOFhwU29SenByOVVBd2FYaS1NTmpQMUNLWjdjMElXNWF6NnBlVHltckVCN1RCZXh3dHVJd2ExYWlhaEF5a1Vjd3FRMHZXOFIxNWlQQkI0amFPQmdiWWZ2a3c2SWE2bVZOR0FBZGlFeXdlZ3BMaWJjckZvYUVaaGRIVnFNeW1zZ1R1NTl5ZnF6UFJiTHR4WHB6NVk1Zksya29LMFlOMVAxNFBwU3dDbktYVUZRby0zNTlUYU9va08xaVFZNDZWemlxRTBmdEhZ0gHmAUFVX3lxTE51SzViWWRGdjZUTW5KVzd1YkdzSUJqLS1HNmlxa01DcTdtWUt6SlEzQVlvRzJrdGQ4U1NIaFN0R3RrcWYyT0FXeWpYNk5lUlV6UVRSQWxlX0NoZ0h6Z09CdXdabUF4eGNzX2lJcHpEVnNnMzNzOGdYLXMxVDhxd2JJb1BEREh4X0pGbElxS3NEcWgxT0dNR2pkOXd5c3VocXhLd2NhdnZBdW5FbHdmSWZaVnZuZEsxYWlsNTd4a1IydmNJblJDdm13ajVlaXpjU3lsa2dmM2hQbV9qNnlraFE5N1F6Y253?oc=5,200,https://news.google.com/rss/articles/CBMi3wFBVV95cUxOMDNyWTh4YzRyeXdTT3lYaHVWOFhwU29SenByOVVBd2FYaS1NTmpQMUNLWjdjMElXNWF6NnBlVHltckVCN1RCZXh3dHVJd2ExYWlhaEF5a1Vjd3FRMHZXOFIxNWlQQkI0amFPQmdiWWZ2a3c2SWE2bVZOR0FBZGlFeXdlZ3BMaWJjckZvYUVaaGRIVnFNeW1zZ1R1NTl5ZnF6UFJiTHR4WHB6NVk1Zksya29LMFlOMVAxNFBwU3dDbktYVUZRby0zNTlUYU9va08xaVFZNDZWemlxRTBmdEhZ0gHmAUFVX3lxTE51SzViWWRGdjZUTW5KVzd1YkdzSUJqLS1HNmlxa01DcTdtWUt6SlEzQVlvRzJrdGQ4U1NIaFN0R3RrcWYyT0FXeWpYNk5lUlV6UVRSQWxlX0NoZ0h6Z09CdXdabUF4eGNzX2lJcHpEVnNnMzNzOGdYLXMxVDhxd2JJb1BEREh4X0pGbElxS3NEcWgxT0dNR2pkOXd5c3VocXhLd2NhdnZBdW5FbHdmSWZaVnZuZEsxYWlsNTd4a1IydmNJblJDdm13ajVlaXpjU3lsa2dmM2hQbV9qNnlraFE5N1F6Y253?oc=5&hl=en-IN&gl=IN&ceid=IN:en,182,
https://news.google.com/rss/articles/CBMi7AFBVV95cUxPR3dOd2FKdUYtLVRrWDktMXp3NnN6S1lCZFZRUlN5clE5RXhhQktlT241SlNDMTEyQno2d0NFNVE5Rms1dmdaaHZObVo4TzE3TEVlOGpuWkRtT3pSQ1pLNWhRajZuemdHME9KMHZFZnduWTRTMDJFMVZzdXhhU0t3UW5LVS1oWVNtaHJ1OTFPbmI1N2pjR0RlTzQ0c0F3aWVzUFB4Qm1yU19YRU15Z3BfUWF3eWQ5QlFGTmwtQTEyMkRpNkFfUjlpWGw2MlZlQlRkaTZJLV90YXhiY2FNdmZjVkVzbU5OV19pdXZLT9IB8wFBVV95cUxNdXVjamU4ZmZXVk1WcW1lRHRXLWN1Z0pvb25kWlFTUGRfZm5CVURZeHVWZndrRHdTX25fQUZKUWFfN0dvSkVqYVZPMlBXUTdYeXZhb1QzRWNGcXhUNWR5b0xyZmJiQ0o2c2RjRjlNd29FQ1dkOThmRGpXdWpvTEFWQ2xLTUY1SE1OaFRLeTB0aXNqTnRQX0JMLTJmQTVOWWpQQ2pYZEhEUWFrZks4RXJaZnFEdExlSVRBUXdRMkNPU2tYRTlZeWxFMUtlakpxc2hoUkk5YVpPVHJkckFqcVNIT1VrdFBwSHlidHUtcXZUS1lfY3M?oc=5,200,https://news.google.com/rss/articles/CBMi7AFBVV95cUxPR3dOd2FKdUYtLVRrWDktMXp3NnN6S1lCZFZRUlN5clE5RXhhQktlT241SlNDMTEyQno2d0NFNVE5Rms1dmdaaHZObVo4TzE3TEVlOGpuWkRtT3pSQ1pLNWhRajZuemdHME9KMHZFZnduWTRTMDJFMVZzdXhhU0t3UW5LVS1oWVNtaHJ1OTFPbmI1N2pjR0RlTzQ0c0F3aWVzUFB4Qm1yU19YRU15Z3BfUWF3eWQ5QlFGTmwtQTEyMkRpNkFfUjlpWGw2MlZlQlRkaTZJLV90YXhiY2FNdmZjVkVzbU5OV19pdXZLT9IB8wFBVV95cUxNdXVjamU4ZmZXVk1WcW1lRHRXLWN1Z0pvb25kWlFTUGRfZm5CVURZeHVWZndrRHdTX25fQUZKUWFfN0dvSkVqYVZPMlBXUTdYeXZhb1QzRWNGcXhUNWR5b0xyZmJiQ0o2c2RjRjlNd29FQ1dkOThmRGpXdWpvTEFWQ2xLTUY1SE1OaFRLeTB0aXNqTnRQX0JMLTJmQTVOWWpQQ2pYZEhEUWFrZks4RXJaZnFEdExlSVRBUXdRMkNPU2tYRTlZeWxFMUtlakpxc2hoUkk5YVpPVHJkckFqcVNIT1VrdFBwSHlidHUtcXZUS1lfY3M?oc=5&hl=en-IN&gl=IN&ceid=IN:en,245,
https://news.google.com/rss/articles/CBMickFVX3lxTFAtT3BMSnA3UURtSk1DRC1JT3lBY3QyY0ZJY21OWFpSVzQxYlFxdEluZDYyQXVYNWhsN0ZDYUN0Zks5LUo5anIxOXhwbU5sNkFSSG9OVFl2ZzgtUmFEaEdvTC1JZlFHcVpPaEljQ1lWVE5Jdw?oc=5,200,https://news.google.com/rss/articles/CBMickFVX3lxTFAtT3BMSnA3UURtSk1DRC1JT3lBY3QyY0ZJY21OWFpSVzQxYlFxdEluZDYyQXVYNWhsN0ZDYUN0Zks5LUo5anIxOXhwbU5sNkFSSG9OVFl2ZzgtUmFEaEdvTC1JZlFHcVpPaEljQ1lWVE5Jdw?oc=5&hl=en-IN&gl=IN&ceid=IN:en,218,
https://news.google.com/rss/articles/CBMickFVX3lxTFBaWHMweTBDcEZQTE95QmIxQlFvMER4bWx2V3hUMXBwdkZ1cjBYclI0R2NCamFPWTEwVEhHaXR2UktXMTRSeGgwSWNvd3lzak1JcGVQRGN5cDhnZzRXNEZ3VU9UT1BwcU9KUDByZXZ3WnoxZw?oc=5,200,https://news.google.com/rss/articles/CBMickFVX3lxTFBaWHMweTBDcEZQTE95QmIxQlFvMER4bWx2V3hUMXBwdkZ1cjBYclI0R2NCamFPWTEwVEhHaXR2UktXMTRSeGgwSWNvd3lzak1JcGVQRGN5cDhnZzRXNEZ3VU9UT1BwcU9KUDByZXZ3WnoxZw?oc=5&hl=en-IN&gl=IN&ceid=IN:en,497,
https://news.google.com/rss/articles/CBMidkFVX3lxTE4xaC1KcHFRMUhRMzF0MmRoT0lIVHV4T2FEQS1iNFgyelY0NE9jRmR5azk2MnpvNG83cGNKMWRqSDdkNmJFUDRqTmtWODlNaUQxbi1mdS16NjJ0VjBfbWtYekZrcVFVWEV2WG1fUmhnNkR2TnNES1E?oc=5,200,https://news.google.com/rss/articles/CBMidkFVX3lxTE4xaC1KcHFRMUhRMzF0MmRoT0lIVHV4T2FEQS1iNFgyelY0NE9jRmR5azk2MnpvNG83cGNKMWRqSDdkNmJFUDRqTmtWODlNaUQxbi1mdS16NjJ0VjBfbWtYekZrcVFVWEV2WG1fUmhnNkR2TnNES1E?oc=5&hl=en-IN&gl=IN&ceid=IN:en,520,
https://news.google.com/rss/articles/CBMiekFVX3lxTE9QTThxa0tHMGNFbmZCYlpqRzQ3VFpFLWJXQmJTYVZNZTBOWjBBMW9VWTZpaXFjOW5WWXFfWnpNaG9ZSmdHUm5Mek5ydmxWOVlJOWU4VlJfLXZkMmk2WDhxVU45dHljNjJtZlJIX254djJUMFUyUXBMeklB?oc=5,200,https://news.google.com/rss/articles/CBMiekFVX3lxTE9QTThxa0tHMGNFbmZCYlpqRzQ3VFpFLWJXQmJTYVZNZTBOWjBBMW9VWTZpaXFjOW5WWXFfWnpNaG9ZSmdHUm5Mek5ydmxWOVlJOWU4VlJfLXZkMmk2WDhxVU45dHljNjJtZlJIX254djJUMFUyUXBMeklB?oc=5&hl=en-IN&gl=IN&ceid=IN:en,616,
https://news.google.com/rss/articles/CBMiekFVX3lxTFBTQ3JJOExjQVVmdGNkbEtpUG1odzJaeU1rTTJLV0JqTWtJdG1rTG9NclR5Q3NEZTdGN0k1RVBGZENaUFJhdG14LVpOVy1fRDZYcGFwNkdjWmdiNENCdlphS3lNdXppckhqWHFrSlJkQ2F6THZBMTl2U3lB?oc=5,200,https://news.google.com/rss/articles/CBMiekFVX3lxTFBTQ3JJOExjQVVmdGNkbEtpUG1odzJaeU1rTTJLV0JqTWtJdG1rTG9NclR5Q3NEZTdGN0k1RVBGZENaUFJhdG14LVpOVy1fRDZYcGFwNkdjWmdiNENCdlphS3lNdXppckhqWHFrSlJkQ2F6THZBMTl2U3lB?oc=5&hl=en-IN&gl=IN&ceid=IN:en,257,
https://news.google.com/rss/articles/CBMifkFVX3lxTE5jeWJBajJmeG9vQnAzaWVGR2lMU2o0ODdPb080am41dk5Ld0FKTlhfNERwU1VRS0huTjB0YllxcHdfRkRXZVRpX3lkbE9SWmpiMTlsYXkwdTRHRWE0TllyUmx3VXBCRk41dDRUdGZCdy1ub3JhUVFEYWJJWS1OZw?oc=5,200,https://news.google.com/rss/articles/CBMifkFVX3lxTE5jeWJBajJmeG9vQnAzaWVGR2lMU2o0ODdPb080am41dk5Ld0FKTlhfNERwU1VRS0huTjB0YllxcHdfRkRXZVRpX3lkbE9SWmpiMTlsYXkwdTRHRWE0TllyUmx3VXBCRk41dDRUdGZCdy1ub3JhUVFEYWJJWS1OZw?oc=5&hl=en-IN&gl=IN&ceid=IN:en,230,
https://news.google.com/rss/articles/CBMiggFBVV95cUxNa2EyaVhfQVd2SkN1dTdtWlZVVFA4c1AxbWc3V1RIak1lbk1JU0JJa2dTdm1yT2M1dmZ5ODNrR1NBZm9HbzZqTmhPQVJYY3ZGUThsb3UzczRjWWRLSDRVT0xEdmRsTWpScVVqd1g3SExrb0EtVjhLXzNyX1pjLWNQYmRn?oc=5,200,https://news.google.com/rss/articles/CBMiggFBVV95cUxNa2EyaVhfQVd2SkN1dTdtWlZVVFA4c1AxbWc3V1RIak1lbk1JU0JJa2dTdm1yT2M1dmZ5ODNrR1NBZm9HbzZqTmhPQVJYY3ZGUThsb3UzczRjWWRLSDRVT0xEdmRsTWpScVVqd1g3SExrb0EtVjhLXzNyX1pjLWNQYmRn?oc=5&hl=en-IN&gl=IN&ceid=IN:en,586,
https://news.google.com/rss/articles/CBMihgFBVV95cUxOcUtGTGNHUUw3aE9fbjREMXN5MUtxaHRRZllEZ2dsdlE5SHdVbm90R0Zyc3o0ZkFyWTlKcE9DSmxiYlEzdXFZODdWZk5hS1Q0QjMyZW1rT3ozVlA4Sm9ZaWw4NTU2RU5yYlZnRnEwUi11cjc0M1daa2FjcjhiR1pmZEI4Y1NQZw?oc=5,200,https://news.google.com/rss/articles/CBMihgFBVV95cUxOcUtGTGNHUUw3aE9fbjREMXN5MUtxaHRRZllEZ2dsdlE5SHdVbm90R0Zyc3o0ZkFyWTlKcE9DSmxiYlEzdXFZODdWZk5hS1Q0QjMyZW1rT3ozVlA4Sm9ZaWw4NTU2RU5yYlZnRnEwUi11cjc0M1daa2FjcjhiR1pmZEI4Y1NQZw?oc=5&hl=en-IN&gl=IN&ceid=IN:en,560,
https://news.google.com/rss/articles/CBMiiAFBVV95cUxNb3V5TUwyUlMxQmdaMlYtUUZtZ21yNV9pdkZjMkk4djVVUnNDdUFURGpWTFdaTElOeVpvRHlrRTBpYkVYNnZIYVNFakpybjl0dHN5THhwQ0IyWEdfY3JoS2hhMTk3cVpaUGZ4bU9VX3NFNmJzX1NUU0M2X2VlRjdlMVZ6MDNBcFdU?oc=5,200,https://news.google.com/rss/articles/CBMiiAFBVV95cUxNb3V5TUwyUlMxQmdaMlYtUUZtZ21yNV9pdkZjMkk4djVVUnNDdUFURGpWTFdaTElOeVpvRHlrRTBpYkVYNnZIYVNFakpybjl0dHN5THhwQ0IyWEdfY3JoS2hhMTk3cVpaUGZ4bU9VX3NFNmJzX1NUU0M2X2VlRjdlMVZ6MDNBcFdU?oc=5&hl=en-IN&gl=IN&ceid=IN:en,196,
https://news.google.com/rss/articles/CBMiiAFBVV95cUxNMWhMYzdLQ19qMEJGeHFIZU5xZlkxMmtTTzNQNURCdkVObkc0WlRwdEFpWUNBbmpNZGlnYnJzRnBJdVdGNGZCSzk5b3FUNmQ3bjFfaEx4T3UxNDB2czFCUERSYW1TQnZGZzJNZUJpd0ZPUGpac2xjWXMyN01HSmxvc25iT3dwYUhU?oc=5,200,https://news.google.com/rss/articles/CBMiiAFBVV95cUxNMWhMYzdLQ19qMEJGeHFIZU5xZlkxMmtTTzNQNURCdkVObkc0WlRwdEFpWUNBbmpNZGlnYnJzRnBJdVdGNGZCSzk5b3FUNmQ3bjFfaEx4T3UxNDB2czFCUERSYW1TQnZGZzJNZUJpd0ZPUGpac2xjWXMyN01HSmxvc25iT3dwYUhU?oc=5&hl=en-IN&gl=IN&ceid=IN:en,219,
https://news.google.com/rss/articles/CBMiiAFBVV95cUxQTVRKa3dFWDYwZnhSd0l4M25uVG1iU254Wi03b1BzT2xoOUw1UWwtYndSUmdoaS1JQWFhRzgwUDZLbEQ4SUFEUzBCTi1HdklSZ0htVFg1eUVCRV9yS0Z1NnAyaDhBTnVpT2V1TjlEQWhZRlViOFVGUG9ET1VPMGpmOGl5NFBrX2VV?oc=5,200,https://news.google.com/rss/articles/CBMiiAFBVV95cUxQTVRKa3dFWDYwZnhSd0l4M25uVG1iU254Wi03b1BzT2xoOUw1UWwtYndSUmdoaS1JQWFhRzgwUDZLbEQ4SUFEUzBCTi1HdklSZ0htVFg1eUVCRV9yS0Z1NnAyaDhBTnVpT2V1TjlEQWhZRlViOFVGUG9ET1VPMGpmOGl5NFBrX2VV?oc=5&hl=en-IN&gl=IN&ceid=IN:en,178,
https://news.google.com/rss/articles/CBMiigFBVV95cUxOSDNrQlF3eGtESXVJU0s1YVcwTFBtQ2NLeVVOOFlYYWF3VlVnenJwbmpoVE9zV2V6X0xRcE9PNUFUVXBJQzNXazZCLXlUQWFSNjRZb1FKT2lBbWJITFg0TjNONHNYdnc2NEFaV2x6aU9HNWhiX0RkMkhPaTBUSk1XUDg0MGxRbjUtakE?oc=5,200,https://news.google.com/rss/articles/CBMiigFBVV95cUxOSDNrQlF3eGtESXVJU0s1YVcwTFBtQ2NLeVVOOFlYYWF3VlVnenJwbmpoVE9zV2V6X0xRcE9PNUFUVXBJQzNXazZCLXlUQWFSNjRZb1FKT2lBbWJITFg0TjNONHNYdnc2NEFaV2x6aU9HNWhiX0RkMkhPaTBUSk1XUDg0MGxRbjUtakE?oc=5&hl=en-IN&gl=IN&ceid=IN:en,583,
https://news.google.com/rss/articles/CBMikgFBVV95cUxOenh6TmJmSnNjaGtDU1ZBbVJ1Ny1zMElFbkNQcV91by1oNXRNeW9DbTc1NEx4U2tUSG91N0g4aUdLdEpaMGhuQjVQb0lXcWdwalFXUEtDNGl1Q1N3Y2xGbF9fYlZCRmh1bVE1ZjV4b0xMWlJxdXpuSllTVjBpNm43ZEpGU05STnJELXZpMERRamx3Zw?oc=5,200,https://news.google.com/rss/articles/CBMikgFBVV95cUxOenh6TmJmSnNjaGtDU1ZBbVJ1Ny1zMElFbkNQcV91by1oNXRNeW9DbTc1NEx4U2tUSG91N0g4aUdLdEpaMGhuQjVQb0lXcWdwalFXUEtDNGl1Q1N3Y2xGbF9fYlZCRmh1bVE1ZjV4b0xMWlJxdXpuSllTVjBpNm43ZEpGU05STnJELXZpMERRamx3Zw?oc=5&hl=en-IN&gl=IN&ceid=IN:en,536,
https://news.google.com/rss/articles/CBMimgFBVV95cUxQQURQRUdxaU5rYTg2a214NFlVNHpXOE5yOEZIam9PSTA3c2l1NHJzaEtmaWRJOExwX2Fhb2VtVVliQUh1MGJ5R0tXOG1ZUXpYdGRHV0Yzelk4SFFyT2NuSnNIOGMyVXlzc19CQnFwVDZFd1R0UTZ2dk9tYXVJNE5rcE1rRnZtN0FhaWRQUTVUMVJoS0pGUGdFQ2JB?oc=5,200,https://news.google.com/rss/articles/CBMimgFBVV95cUxQQURQRUdxaU5rYTg2a214NFlVNHpXOE5yOEZIam9PSTA3c2l1NHJzaEtmaWRJOExwX2Fhb2VtVVliQUh1MGJ5R0tXOG1ZUXpYdGRHV0Yzelk4SFFyT2NuSnNIOGMyVXlzc19CQnFwVDZFd1R0UTZ2dk9tYXVJNE5rcE1rRnZtN0FhaWRQUTVUMVJoS0pGUGdFQ2JB?oc=5&hl=en-IN&gl=IN&ceid=IN:en,194,
https://news.google.com/rss/articles/CBMingFBVV95cUxOb045aFBQOFJyZmYtUkNZcmlnckRIY3FIWVVvQ2JhOEJLNW5Eak5oOWhkZXVxTzRGZ29YSXVnajh6VVNZMHBCN2M5eHBoOWpMamY0cXprMHBmNkhPMC1HVExBOWNsNExmYjA2TndYZ09nQ1BsYzFPUkdjblowQWV6Sl9SUEtOU2d4WDE1T0hXMndZemt5VUNvd0lzU0ZIZw?oc=5,200,https://news.google.com/rss/articles/CBMingFBVV95cUxOb045aFBQOFJyZmYtUkNZcmlnckRIY3FIWVVvQ2JhOEJLNW5Eak5oOWhkZXVxTzRGZ29YSXVnajh6VVNZMHBCN2M5eHBoOWpMamY0cXprMHBmNkhPMC1HVExBOWNsNExmYjA2TndYZ09nQ1BsYzFPUkdjblowQWV6Sl9SUEtOU2d4WDE1T0hXMndZemt5VUNvd0lzU0ZIZw?oc=5&hl=en-IN&gl=IN&ceid=IN:en,227,
https://news.google.com/rss/articles/CBMipAFBVV95cUxQaEk3OUdSTnYtSXNVWl81TndKdEp3SWFPdEJMZllCTFZ1eUhOT3VPdzR5b3lWYmplazN1VE92MUFDTktrR2thdU1oV1g5amtZLTJjbER6UGU4Y3kxRkNTSUw0NHJyeG1oT0VEQWdBNXBqX1RtVzQteFdNRVU5NEtkVmFQeVd3WXlXNkpfOGJGQTktaFBzS1lmVS1kWG42NUctV1dQMQ?oc=5,200,https://news.google.com/rss/articles/CBMipAFBVV95cUxQaEk3OUdSTnYtSXNVWl81TndKdEp3SWFPdEJMZllCTFZ1eUhOT3VPdzR5b3lWYmplazN1VE92MUFDTktrR2thdU1oV1g5amtZLTJjbER6UGU4Y3kxRkNTSUw0NHJyeG1oT0VEQWdBNXBqX1RtVzQteFdNRVU5NEtkVmFQeVd3WXlXNkpfOGJGQTktaFBzS1lmVS1kWG42NUctV1dQMQ?oc=5&hl=en-IN&gl=IN&ceid=IN:en,586,
https://news.google.com/rss/articles/CBMiqgFBVV95cUxPS3NiZ2V0UjJVZUNhVTNLaERQb2h2NmZ4NGM4dG9HQ0Z2b3RqUFM0UVdmRHYwcm03c1hrSmcxQ0puQ1NNc3NXa1g3eURQbGlIaDdVTnUwYkZhRWpSYzg2RTEtSHQzUDJKU095Tl9GRmhxNGliMHBrdUhsT1N1SG1hcUUxRHJ6d0hjci1waGpIT0ZjdmFZT0pobXAwbndXOUVTalpsaTE3c3J1dw?oc=5,200,https://news.google.com/rss/articles/CBMiqgFBVV95cUxPS3NiZ2V0UjJVZUNhVTNLaERQb2h2NmZ4NGM4dG9HQ0Z2b3RqUFM0UVdmRHYwcm03c1hrSmcxQ0puQ1NNc3NXa1g3eURQbGlIaDdVTnUwYkZhRWpSYzg2RTEtSHQzUDJKU095Tl9GRmhxNGliMHBrdUhsT1N1SG1hcUUxRHJ6d0hjci1waGpIT0ZjdmFZT0pobXAwbndXOUVTalpsaTE3c3J1dw?oc=5&hl=en-IN&gl=IN&ceid=IN:en,225,
https://news.google.com/rss/articles/CBMiqwFBVV95cUxQTTdKaDZRNmNaV3EwazZLeUxROGVMT05rdmxaZTAwNDRXWGhrLW93dVpoMUdoX1cwV0wwUElsWXU3eHc4RVNIWDhHcTE5Vkdfa25ZU2VEdVhXcVFrd0VDTklManBERHRjS1ZFYlhyaHZmcUM0RldLT3p1S0ZEU0NzMmdTU1J5OXRRMmFrdzB4bDYxRnJRd0tvQkM2aTAyUWFqR0p6d2lhSWR6VFXSAbMBQVVfeXFMT20tYjBRQ0JoX0VkcEJjbVVkTWk5LTdLRlVWY0g5WWpaZ0c2N1FaZEpHRWZLblItbW5FZXE5VUFiNjFsNVBGM1kzN0NPdlJsbVZzY3FOYTlKNS1tbkdzNldCZVhSeFAtSnU0dVdWVkgyNjJBMnZBN1FXeWxNTnVlanN2cU5RZTNwX2V2R0FzTktxV2pSVnE5bV9XS3A0R0I3SVZubS1ldnNVX2NlU0wyWmZxMFk?oc=5,200,https://news.google.com/rss/articles/CBMiqwFBVV95cUxQTTdKaDZRNmNaV3EwazZLeUxROGVMT05rdmxaZTAwNDRXWGhrLW93dVpoMUdoX1cwV0wwUElsWXU3eHc4RVNIWDhHcTE5Vkdfa25ZU2VEdVhXcVFrd0VDTklManBERHRjS1ZFYlhyaHZmcUM0RldLT3p1S0ZEU0NzMmdTU1J5OXRRMmFrdzB4bDYxRnJRd0tvQkM2aTAyUWFqR0p6d2lhSWR6VFXSAbMBQVVfeXFMT20tYjBRQ0JoX0VkcEJjbVVkTWk5LTdLRlVWY0g5WWpaZ0c2N1FaZEpHRWZLblItbW5FZXE5VUFiNjFsNVBGM1kzN0NPdlJsbVZzY3FOYTlKNS1tbkdzNldCZVhSeFAtSnU0dVdWVkgyNjJBMnZBN1FXeWxNTnVlanN2cU5RZTNwX2V2R0FzTktxV2pSVnE5bV9XS3A0R0I3SVZubS1ldnNVX2NlU0wyWmZxMFk?oc=5&hl=en-IN&gl=IN&ceid=IN:en,507,
https://news.google.com/rss/articles/CBMisAFBVV95cUxPS2tDT2VvOFg0REZwY2RYX0RmQXVFMUVSR1VFR1dseElGRmFUV0JqemU3akNKYm9aeVY4bzVjRmEybkNrZl9OTllGNEhHa2g0N1c5Sm9NZUNqSDJ1LS0zUTJlb0dTOG9jdmlfbVpCQWpRUDhyaklHVHF0NV90NGdLT2c5Wmh0bnVCaWFXYzc1akRiTjg4OU5HMzR2TGFud0VtMkRUbHpZaUZ4V1BWeGlWbA?oc=5,200,https://news.google.com/rss/articles/CBMisAFBVV95cUxPS2tDT2VvOFg0REZwY2RYX0RmQXVFMUVSR1VFR1dseElGRmFUV0JqemU3akNKYm9aeVY4bzVjRmEybkNrZl9OTllGNEhHa2g0N1c5Sm9NZUNqSDJ1LS0zUTJlb0dTOG9jdmlfbVpCQWpRUDhyaklHVHF0NV90NGdLT2c5Wmh0bnVCaWFXYzc1akRiTjg4OU5HMzR2TGFud0VtMkRUbHpZaUZ4V1BWeGlWbA?oc=5&hl=en-IN&gl=IN&ceid=IN:en,529,
https://news.google.com/rss/articles/CBMisAFBVV95cUxQNTUwaEpKV2xLaEVGckFIN3g3OUZhSjc3YjdVX0J3Z3htbGJEbDlnN2g4M25qVjlCTFoxUWFUX296UF9qR1ZUenpoUzAxcVRmWTQ2QTlqcHlBbmZ2c201alE4V3dZMWs3ZVgyajY3dkJpbVlOTTIwU3NBcVpEcUpCRzMzY2N6RktPNFBteThFTUtZajNaYWxXRXdEQnV6Zk9WbkVSVTVvYkJPeGVUSl90Qg?oc=5,200,https://news.google.com/rss/articles/CBMisAFBVV95cUxQNTUwaEpKV2xLaEVGckFIN3g3OUZhSjc3YjdVX0J3Z3htbGJEbDlnN2g4M25qVjlCTFoxUWFUX296UF9qR1ZUenpoUzAxcVRmWTQ2QTlqcHlBbmZ2c201alE4V3dZMWs3ZVgyajY3dkJpbVlOTTIwU3NBcVpEcUpCRzMzY2N6RktPNFBteThFTUtZajNaYWxXRXdEQnV6Zk9WbkVSVTVvYkJPeGVUSl90Qg?oc=5&hl=en-IN&gl=IN&ceid=IN:en,524,
https://news.google.com/rss/articles/CBMisgFBVV95cUxQcTg0Mm9BMXpaaHJEWFhxV3hRbXJIT08wUm5kZXBhYjVTSU1BSVdCSjNLQlJ2elV5N1RFM1p6NkhFRmpaSDBtVFluSi1jWThpQ2RHcUlSNHhTaDNVYThCQWppbWp2MUQwQWc1YVpUQVhTVHN0RW5GclBRYjVtaUFHVzVzcDZ1Wjd2YXFvMzd2c19DaWdDc1JYQk15TXFNVmVkczNUVUxJd1l4M21iQ0dMRlp30gG6AUFVX3lxTE9fVXhOblZBQnlOV1VvUms2Q2ljRW02Ty0tcEUzOTFOekk2ZXVrX1JaWVpOalNWMXdkVFRkOC1sMmEyUzAxZWxOZTNTZm81MXpWdVdJQW1Pb2pjRmJjZVNpa2plZXNUZzFVTHVxQjhOc0x3MWdwTG9LRXRrQXFwdGNYaExsYTVTZGFNU0VUbWdJblV5UC14eVAxcU90aDZwa0x1Q054cEUyWThldFdoQWJXelM3RGFaeHpIZw?oc=5,200,https://news.google.com/rss/articles/CBMisgFBVV95cUxQcTg0Mm9BMXpaaHJEWFhxV3hRbXJIT08wUm5kZXBhYjVTSU1BSVdCSjNLQlJ2elV5N1RFM1p6NkhFRmpaSDBtVFluSi1jWThpQ2RHcUlSNHhTaDNVYThCQWppbWp2MUQwQWc1YVpUQVhTVHN0RW5GclBRYjVtaUFHVzVzcDZ1Wjd2YXFvMzd2c19DaWdDc1JYQk15TXFNVmVkczNUVUxJd1l4M21iQ0dMRlp30gG6AUFVX3lxTE9fVXhOblZBQnlOV1VvUms2Q2ljRW02Ty0tcEUzOTFOekk2ZXVrX1JaWVpOalNWMXdkVFRkOC1sMmEyUzAxZWxOZTNTZm81MXpWdVdJQW1Pb2pjRmJjZVNpa2plZXNUZzFVTHVxQjhOc0x3MWdwTG9LRXRrQXFwdGNYaExsYTVTZGFNU0VUbWdJblV5UC14eVAxcU90aDZwa0x1Q054cEUyWThldFdoQWJXelM3RGFaeHpIZw?oc=5&hl=en-IN&gl=IN&ceid=IN:en,571,
https://news.google.com/rss/articles/CBMivgFBVV95cUxNRjdTMWcxNlUyUTNJZE8xMjl0eDJpM25BRXQ1NUV0b2Zyd2NZaDNLNmkzRTdEUFNxOUx5MkpKUkwwbk5tZnVrMkZVbGx2VEZWZjBfZ0VoZTBscnRRNTB4M2FYNFpCRGNaTjJUSUh0a21uZlRNQjNVNk1QZ29kSUl0NkJ6NHQwQU1UN1pGZ0IzS0xqNEVvRzliaWxMblBUZW1XeHBfbEY3QXVsZjJZZlFWeGJxWHJJS1lHUGRZQVlB0gHDAUFVX3lxTE5kZkJncTJuOGdaRW9fSzlWdHJ0OURXZTlNT1Bza0MyamFUUVdnTzNiQnJ2NDN6UGVKQld4VHJxUXNiMjZNa1hUajdRMkRmbkJNdDltelpRUEp4SjFmVWtuSTZCYk80Nzd6T2FRZXYxVnk4Zk1LZG9YR2g2NnBTOTBVSlM1Zk5HNDJWazdHQ01OX3lwYi1WY3BvSTVXMHBzMVNnVkZSU2tMQ3QxTHc5T3B2Y3h6V3g4dTNFMEdpMXN6U0xDUQ?oc=5,200,https://news.google.com/rss/articles/CBMivgFBVV95cUxNRjdTMWcxNlUyUTNJZE8xMjl0eDJpM25BRXQ1NUV0b2Zyd2NZaDNLNmkzRTdEUFNxOUx5MkpKUkwwbk5tZnVrMkZVbGx2VEZWZjBfZ0VoZTBscnRRNTB4M2FYNFpCRGNaTjJUSUh0a21uZlRNQjNVNk1QZ29kSUl0NkJ6NHQwQU1UN1pGZ0IzS0xqNEVvRzliaWxMblBUZW1XeHBfbEY3QXVsZjJZZlFWeGJxWHJJS1lHUGRZQVlB0gHDAUFVX3lxTE5kZkJncTJuOGdaRW9fSzlWdHJ0OURXZTlNT1Bza0MyamFUUVdnTzNiQnJ2NDN6UGVKQld4VHJxUXNiMjZNa1hUajdRMkRmbkJNdDltelpRUEp4SjFmVWtuSTZCYk80Nzd6T2FRZXYxVnk4Zk1LZG9YR2g2NnBTOTBVSlM1Zk5HNDJWazdHQ01OX3lwYi1WY3BvSTVXMHBzMVNnVkZSU2tMQ3QxTHc5T3B2Y3h6V3g4dTNFMEdpMXN6U0xDUQ?oc=5&hl=en-IN&gl=IN&ceid=IN:en,292,
https://news.google.com/rss/articles/CBMivwFBVV95cUxOOHVqZ3BVaW9OaFBvdFZNWVJ6emJDOWR5NXQ5Y1R5OEhBWkhrOVdjbnlFZGxXOW11bF9vMDROMzIzOV8xYjM5Z2JwUmo2dFRWZDZJZDc0MU9lS3RBU1d1ZHpBTWtZX3lSSmV6dThpbVZfbll4WDZjdVdlLU9ldjFpSlRqM3c2SldrUE9GRVk4ZXpmTEt3SlFLTENpZm1WU3U5Sk9uaGhtUnc0OHRvWkJnYlhjbm9OMXFXS0RLNHZrNNIBxAFBVV95cUxNRDFwcXBadVpfWkJVVkNOanRsQUQtQkl5Qnlrc1JYaXZSZ3R2ZWFNMGZuY3RpVEFnWW91LVd0RVJuclUtMldDdzJEMXp3RjZ3LTRiSEpGb09BeXZzZWFEWGFyaWxraDR5R210MEtBTmdPYlhnVlRjMzNLOG9JN1FZcVltX1RUQkViRG11V2Y5bHotdzZTRXkzRFlHdm0wdDJmaEFZSElmc3V6Z2tyWjJzOVBNdlJib0d5X3ZCY2hCc0VLYjVj?oc=5,200,https://news.google.com/rss/articles/CBMivwFBVV95cUxOOHVqZ3BVaW9OaFBvdFZNWVJ6emJDOWR5NXQ5Y1R5OEhBWkhrOVdjbnlFZGxXOW11bF9vMDROMzIzOV8xYjM5Z2JwUmo2dFRWZDZJZDc0MU9lS3RBU1d1ZHpBTWtZX3lSSmV6dThpbVZfbll4WDZjdVdlLU9ldjFpSlRqM3c2SldrUE9GRVk4ZXpmTEt3SlFLTENpZm1WU3U5Sk9uaGhtUnc0OHRvWkJnYlhjbm9OMXFXS0RLNHZrNNIBxAFBVV95cUxNRDFwcXBadVpfWkJVVkNOanRsQUQtQkl5Qnlrc1JYaXZSZ3R2ZWFNMGZuY3RpVEFnWW91LVd0RVJuclUtMldDdzJEMXp3RjZ3LTRiSEpGb09BeXZzZWFEWGFyaWxraDR5R210MEtBTmdPYlhnVlRjMzNLOG9JN1FZcVltX1RUQkViRG11V2Y5bHotdzZTRXkzRFlHdm0wdDJmaEFZSElmc3V6Z2tyWjJzOVBNdlJib0d5X3ZCY2hCc0VLYjVj?oc=5&hl=en-IN&gl=IN&ceid=IN:en,224,
https://news.google.com/rss/articles/CBMivwFBVV95cUxQdFo0WjUybF9ybkY1WEl1TjFnQWVTWlVacDMyRWR5LXFxWHRrLWotRzNNRXdwR29hazhWU3Q5QV9HNWQ2RVBlRElfeXBTQTJKTFVlXzFMQWZvbGN3RUZPVkd6cmNOc283aUM3RW1mQURhOGxZQ0NYVV9FaXVwR29OUUkxV0loZDd3eW5QY2Q1OE9mcHVaeldVeE9QQTlOaVcxMjNTa1h0WktReUF0MnBTWFlIOVVsdHc3ZGhlcGpjY9IBxgFBVV95cUxONVVraDl2Q0FlUkdsUjlUZ3pRdkxGTTlTdGFKWlFoMmpJZlAwNWNWSmF5dG9YcUhBVERoRnNIZnZsaVkwLWRyQXFpVF91N3F3Z3dQcjVuZF9qemE3VkY3dmpXMF92VWxKdVRoSWtEWTF5NE1DSkJPZUxiTGZQbjU4VHE2NXFZUVl2Rm1FdTVTRXlkMElEV0R2bE9EYWFsWlFPOGtkTWJvUVprdVZ4OEFIYW5YQ0MzanpHbk00djNZbU9XOVhHVFE?oc=5,200,https://news.google.com/rss/articles/CBMivwFBVV95cUxQdFo0WjUybF9ybkY1WEl1TjFnQWVTWlVacDMyRWR5LXFxWHRrLWotRzNNRXdwR29hazhWU3Q5QV9HNWQ2RVBlRElfeXBTQTJKTFVlXzFMQWZvbGN3RUZPVkd6cmNOc283aUM3RW1mQURhOGxZQ0NYVV9FaXVwR29OUUkxV0loZDd3eW5QY2Q1OE9mcHVaeldVeE9QQTlOaVcxMjNTa1h0WktReUF0MnBTWFlIOVVsdHc3ZGhlcGpjY9IBxgFBVV95cUxONVVraDl2Q0FlUkdsUjlUZ3pRdkxGTTlTdGFKWlFoMmpJZlAwNWNWSmF5dG9YcUhBVERoRnNIZnZsaVkwLWRyQXFpVF91N3F3Z3dQcjVuZF9qemE3VkY3dmpXMF92VWxKdVRoSWtEWTF5NE1DSkJPZUxiTGZQbjU4VHE2NXFZUVl2Rm1FdTVTRXlkMElEV0R2bE9EYWFsWlFPOGtkTWJvUVprdVZ4OEFIYW5YQ0MzanpHbk00djNZbU9XOVhHVFE?oc=5&hl=en-IN&gl=IN&ceid=IN:en,248,
https://news.google.com/rss/articles/CBMiwwFBVV95cUxOZGZCZ3EybjhnWkVvX0s5VnRydDlEV2U5TU9Qc2tDMmphVFFXZ08zYkJydjQzelBlSkJXeFRycVFzYjI2TWtYVGo3UTJEZm5CTXQ5bXpaUVBKeEoxZlVrbkk2QmJPNDc3ek9hUWV2MVZ5OGZNS2RvWEdoNjZwUzkwVUpTNWZORzQyVms3R0NNTl95cGItVmNwb0k1VzBwczFTZ1ZGUlNrTEN0MUx3OU9wdmN4eld4OHUzRTBHaTFzelNMQ1HSAcMBQVVfeXFMTmRmQmdxMm44Z1pFb19LOVZ0cnQ5RFdlOU1PUHNrQzJqYVRRV2dPM2JCcnY0M3pQZUpCV3hUcnFRc2IyNk1rWFRqN1EyRGZuQk10OW16WlFQSnhKMWZVa25JNkJiTzQ3N3pPYVFldjFWeThmTUtkb1hHaDY2cFM5MFVKUzVmTkc0MlZrN0dDTU5feXBiLVZjcG9JNVcwcHMxU2dWRlJTa0xDdDFMdzlPcHZjeHpXeDh1M0UwR2kxc3pTTENR?oc=5,200,https://news.google.com/rss/articles/CBMiwwFBVV95cUxOZGZCZ3EybjhnWkVvX0s5VnRydDlEV2U5TU9Qc2tDMmphVFFXZ08zYkJydjQzelBlSkJXeFRycVFzYjI2TWtYVGo3UTJEZm5CTXQ5bXpaUVBKeEoxZlVrbkk2QmJPNDc3ek9hUWV2MVZ5OGZNS2RvWEdoNjZwUzkwVUpTNWZORzQyVms3R0NNTl95cGItVmNwb0k1VzBwczFTZ1ZGUlNrTEN0MUx3OU9wdmN4eld4OHUzRTBHaTFzelNMQ1HSAcMBQVVfeXFMTmRmQmdxMm44Z1pFb19LOVZ0cnQ5RFdlOU1PUHNrQzJqYVRRV2dPM2JCcnY0M3pQZUpCV3hUcnFRc2IyNk1rWFRqN1EyRGZuQk10OW16WlFQSnhKMWZVa25JNkJiTzQ3N3pPYVFldjFWeThmTUtkb1hHaDY2cFM5MFVKUzVmTkc0MlZrN0dDTU5feXBiLVZjcG9JNVcwcHMxU2dWRlJTa0xDdDFMdzlPcHZjeHpXeDh1M0UwR2kxc3pTTENR?oc=5&hl=en-IN&gl=IN&ceid=IN:en,272,
https://news.google.com/rss/articles/CBMiwwFBVV95cUxQUnU4WDVxMkk4UUhGSm9GaUYyTWJkaTUweFd0VElTOW5HeW5NWjg2bTlvNjVaN2RCVW5LRU1WWE5hb29GY1F6NzByU3hZQVZuZV9TdnRZT1JJd2JDUEdWUklXZ1dmektUVWJoM202aHc4T3QwNWp2VXU0S2MzNVJGQUJJRUtEbkVDTHpZUzJHQW5XUGRwS0ZEdkRVVUR3TkhvMXJuVElJOFBReDkyNDRDWjF4OEQtODFFMnA1MG5qblpaY1E?oc=5,200,https://news.google.com/rss/articles/CBMiwwFBVV95cUxQUnU4WDVxMkk4UUhGSm9GaUYyTWJkaTUweFd0VElTOW5HeW5NWjg2bTlvNjVaN2RCVW5LRU1WWE5hb29GY1F6NzByU3hZQVZuZV9TdnRZT1JJd2JDUEdWUklXZ1dmektUVWJoM202aHc4T3QwNWp2VXU0S2MzNVJGQUJJRUtEbkVDTHpZUzJHQW5XUGRwS0ZEdkRVVUR3TkhvMXJuVElJOFBReDkyNDRDWjF4OEQtODFFMnA1MG5qblpaY1E?oc=5&hl=en-IN&gl=IN&ceid=IN:en,529,
https://news.google.com/rss/articles/CBMixwFBVV95cUxOVGI3c0cxUHBrb19wZ0xWd1d6bnpLdmdudnVYRWxwNDBUcGV5ZTVzb0VsQUVDZFFNeUtJbTFUNUJzU1k4Z3BtOTdYd1lwOWtIeVZaN3g4b25ZVXk5US1wZFI5UFozNVV6c3pnS1V5eFNfVXBndnJUSXBfSG5SNUkxT3Npa3BCSHgtUnZlTWZRbVUwYnIwVFZ1aXZrWmV5Y0xzYVlCbHRaTHNFeVVieGZxT2hDZmszbW9QOUlqNnNfM1FzdHFtSXI4?oc=5,200,https://news.google.com/rss/articles/CBMixwFBVV95cUxOVGI3c0cxUHBrb19wZ0xWd1d6bnpLdmdudnVYRWxwNDBUcGV5ZTVzb0VsQUVDZFFNeUtJbTFUNUJzU1k4Z3BtOTdYd1lwOWtIeVZaN3g4b25ZVXk5US1wZFI5UFozNVV6c3pnS1V5eFNfVXBndnJUSXBfSG5SNUkxT3Npa3BCSHgtUnZlTWZRbVUwYnIwVFZ1aXZrWmV5Y0xzYVlCbHRaTHNFeVVieGZxT2hDZmszbW9QOUlqNnNfM1FzdHFtSXI4?oc=5&hl=en-IN&gl=IN&ceid=IN:en,571,
https://news.google.com/rss/articles/CBMiywFBVV95cUxPaXJ4QmVVQXk3aUs1M3QwM01JN2xtUk51MXhJM0JhZzJZd1Iwb1dHd1U1RnhKQ1plWUNJeUw5dkI5MUtoYktqT2lZa2djN2xsVjk5U1luTmJsQ1VPUWdQcXNma3phQ3JLNWctRU1LZXUzNlZUd0MwX0JTZDlHaE5SZmZDY2VHWUJTMGZpQ1JTS0tvMDNpSGpta1R4eHZYOV9wbkFPTFdvNjRKcDNaY19TUUlVSjJ1NURSLWFQSGIwSUhyNzBSVE9DWVZRb9IB0gFBVV95cUxQRUdGLU9FTFk3UGtyY2h4aEQwYWprQTlrOXVXeXg3U01za295WU5HbEY3YVpCa29MZURnQ0FrYnNEbVdaVDVBaHp2ZUhQSkd0WXBIVDlpal9aWU5oYURNV05vYjNIZGJ1blItUFBqc2VaenR6c3BjMHgwZUtvVml5V2VBRDZyaGM0X1FEQkl5cDlwRVBsNm1TZnp4dU56b0tVYWZQX3FKOGRBR2pSZ0xMckVVNW84R3g2UkdFbGwtUjd2NWFzVVNjME4zbTlJaDdldXc?oc=5,200,https://news.google.com/rss/articles/CBMiywFBVV95cUxPaXJ4QmVVQXk3aUs1M3QwM01JN2xtUk51MXhJM0JhZzJZd1Iwb1dHd1U1RnhKQ1plWUNJeUw5dkI5MUtoYktqT2lZa2djN2xsVjk5U1luTmJsQ1VPUWdQcXNma3phQ3JLNWctRU1LZXUzNlZUd0MwX0JTZDlHaE5SZmZDY2VHWUJTMGZpQ1JTS0tvMDNpSGpta1R4eHZYOV9wbkFPTFdvNjRKcDNaY19TUUlVSjJ1NURSLWFQSGIwSUhyNzBSVE9DWVZRb9IB0gFBVV95cUxQRUdGLU9FTFk3UGtyY2h4aEQwYWprQTlrOXVXeXg3U01za295WU5HbEY3YVpCa29MZURnQ0FrYnNEbVdaVDVBaHp2ZUhQSkd0WXBIVDlpal9aWU5oYURNV05vYjNIZGJ1blItUFBqc2VaenR6c3BjMHgwZUtvVml5V2VBRDZyaGM0X1FEQkl5cDlwRVBsNm1TZnp4dU56b0tVYWZQX3FKOGRBR2pSZ0xMckVVNW84R3g2UkdFbGwtUjd2NWFzVVNjME4zbTlJaDdldXc?oc=5&hl=en-IN&gl=IN&ceid=IN:en,561,
https://news.google.com/rss/articles/CBMizAFBVV95cUxNZEp5Z2c1dk1NNDdvczZnbnBlM1A4VE5QLUJDU0t0WWJQWm40eXpyWGFMaG0tZFdwdjVWTHlTY01ZeEppSmJuNjYteEFoY2ZtYVhrZjV2dXMweUJvMzJpbkFiVGFTU2lGNVQ2QkVVUzE5c09aeXQ1VVlzOXJROTJRVTN6eFFyVFNoaFRURG5DcnpranJYX3dNNU9TeDBFOGNQVkY5ZXRGNWNqNjdyb1A4QWp0VW1nTDZlZ2RhZW9PZkdhd0lzMml1Rjl0RUjSAdMBQVVfeXFMTkRibGJSN1hmN0ZEVWZ2U1ItZzdwZllJbVM0eG4wMXBVaU5MeWJ0SThTQ3RjaW05X1pUZUFiNFhUYjVBQi1lcTlFUWRZMzdPVTAyQ2d3a2VlRHlLejBJV3loaExYaWFiNTE2ZWJPeTJPNnpEenB0ZjljUXhVOUcwTUp6R3lCenNuS0EyVkRTWGc4Rk9GeU9TcEtNVXExc0dBc2JaVTJKZUJmNDd1SW02ODFLZ0xxY29jaWl3TnJfeHVWanFZSUNRYmV1cmNQOXFxRjFrRQ?oc=5,200,https://news.google.com/rss/articles/CBMizAFBVV95cUxNZEp5Z2c1dk1NNDdvczZnbnBlM1A4VE5QLUJDU0t0WWJQWm40eXpyWGFMaG0tZFdwdjVWTHlTY01ZeEppSmJuNjYteEFoY2ZtYVhrZjV2dXMweUJvMzJpbkFiVGFTU2lGNVQ2QkVVUzE5c09aeXQ1VVlzOXJROTJRVTN6eFFyVFNoaFRURG5DcnpranJYX3dNNU9TeDBFOGNQVkY5ZXRGNWNqNjdyb1A4QWp0VW1nTDZlZ2RhZW9PZkdhd0lzMml1Rjl0RUjSAdMBQVVfeXFMTkRibGJSN1hmN0ZEVWZ2U1ItZzdwZllJbVM0eG4wMXBVaU5MeWJ0SThTQ3RjaW05X1pUZUFiNFhUYjVBQi1lcTlFUWRZMzdPVTAyQ2d3a2VlRHlLejBJV3loaExYaWFiNTE2ZWJPeTJPNnpEenB0ZjljUXhVOUcwTUp6R3lCenNuS0EyVkRTWGc4Rk9GeU9TcEtNVXExc0dBc2JaVTJKZUJmNDd1SW02ODFLZ0xxY29jaWl3TnJfeHVWanFZSUNRYmV1cmNQOXFxRjFrRQ?oc=5&hl=en-IN&gl=IN&ceid=IN:en,289,
https://nfr.indianrailways.gov.in/,0,,8006,timeout of 8000ms exceeded
https://nfr.indianrailways.gov.in/?lang=1,0,,8008,timeout of 8000ms exceeded
https://nfscnagpur.nic.in/,0,,166,"unable to verify the first certificate; if the root CA is installed locally, try running Node.js with --use-system-ca"
https://ngel.in/career,200,https://ngel.in/career,422,
https://nhai.gov.in/,200,https://nhai.gov.in/,129,
https://nhb.gov.in/,404,https://nhb.gov.in/,223,
https://nhidcl.com/en,200,https://nhidcl.com/en,283,
https://nhm.maharashtra.gov.in/,200,https://nhm.maharashtra.gov.in/,351,
https://nhrc.nic.in/,0,,775,Maximum number of redirects exceeded
https://nhsrcl.in/,0,,8011,timeout of 8000ms exceeded
https://nia.gov.in/,200,https://nia.gov.in/,819,
https://niapune.org.in/,200,https://niapune.org.in/,470,
https://nidjnt.samarth.edu.in/,403,https://nidjnt.samarth.edu.in/,359,
https://niepid.nic.in/,200,https://niepid.nic.in/,466,
https://nift.ac.in/,200,https://nift.ac.in/,689,
https://nit.edu.in/,200,https://nit.edu.in/,1351,
https://nmc.gov.in/,200,https://nmc.gov.in/,172,
https://nmcbank.com/,0,,46,"unable to verify the first certificate; if the root CA is installed locally, try running Node.js with --use-system-ca"
https://nmdfc.org/,200,https://nmdfc.org/,256,
https://nmu.ac.in/,200,https://nmu.ac.in/en-us/,1206,
https://no1ahmednagar.kvs.ac.in/,200,https://no1ahmednagar.kvs.ac.in/,276,
https://no1nashikcamp.kvs.ac.in/,200,https://no1nashikcamp.kvs.ac.in/,1424,
https://no1vascodagama.kvs.ac.in/,0,,8017,timeout of 8000ms exceeded
https://npcil.nic.in/index.aspx,404,https://npcil.nic.in/index.aspx,333,
https://nrcgrapes.icar.gov.in/,0,,119,getaddrinfo ENOTFOUND nrcgrapes.icar.gov.in
https://nrhm.maharashtra.gov.in/,0,,154,getaddrinfo ENOTFOUND nrhm.maharashtra.gov.in
https://ntpc.co.in/,200,https://ntpc.co.in/,999,
https://ntpc.co.in/jobs-ntpc,200,https://ntpc.co.in/jobs-ntpc,464,
https://nvcmafsu.ac.in/,200,https://nvcmafsu.ac.in/,149,
https://ofvarangaon.kvs.ac.in/,200,https://ofvarangaon.kvs.ac.in/,288,
https://ongcindia.com/,200,https://ongcindia.com/,1731,
https://onlinevacancy.shipmin.nic.in/users/user_registration,0,,110,unable to get local issuer certificate
https://ora.digitalindiacorporation.in/,0,,8012,timeout of 8000ms exceeded
https://ors.rcfltd.com/Candidate/Login.php,0,,39,self-signed certificate in certificate chain
https://osmanabad.gov.in/,200,https://dharashiv.maharashtra.gov.in/,1556,
https://patcell.cftri.res.in/,200,https://patcell.cftri.res.in/,284,
https://pb.icf.gov.in/,200,https://pb.icf.gov.in/,83,
https://pb.icf.gov.in/act2026/index.php,200,https://pb.icf.gov.in/act2026/index.php,323,
https://pdcc.bank.in/,200,https://pdcc.bank.in/,37,
https://peopleseducationsociety.in/,200,https://peopleseducationsociety.in/,144,
https://pesb.gov.in/,0,,8005,timeout of 8000ms exceeded
https://pesb.gov.in/Home/AdvertisVacancy,0,,8029,timeout of 8000ms exceeded
https://pgt.sainikschoolchandrapur.com/,0,,230,getaddrinfo ENOTFOUND pgt.sainikschoolchandrapur.com
https://pharmacy.dypvp.edu.in/,200,https://pharmacy.dypvp.edu.in/,488,
https://phd.maharashtra.gov.in/,200,https://phd.maharashtra.gov.in/,455,
https://play.google.com/store/apps/details?id=net.indgovtjobs.app,200,https://play.google.com/store/apps/details?id=net.indgovtjobs.app,428,
https://policies.google.com/technologies/ads,200,https://policies.google.com/technologies/ads,440,
https://portal.mcgm.gov.in/,200,https://www.mcgm.gov.in/irj/portal/anonymous,234,
https://prasarbharati.gov.in/,200,https://prasarbharati.gov.in/,242,
https://punjabandsindbank.co.in/,0,,7,getaddrinfo ENOTFOUND punjabandsindbank.co.in
https://pwd.maharashtra.gov.in/,200,https://pwd.maharashtra.gov.in/,235,
https://rac.gov.in/index.php?lang=en&id=0,200,https://rac.gov.in/index.php?lang=en&id=0,157,
https://raigad.gov.in/,200,https://raigad.gov.in/,268,
https://raigad.gov.in/en/,200,https://raigad.gov.in/en/,1458,
https://railtel.in/,0,,8017,timeout of 8000ms exceeded
https://ratnagiri.gov.in/,200,https://ratnagiri.gov.in/,221,
https://rbi.org.in/,403,https://rbi.org.in/,223,
https://rcb.res.in/,200,https://rcb.res.in/,208,
https://rcf.indianrailways.gov.in/,0,,8015,timeout of 8000ms exceeded
https://recruit.rites.com/frmRegistration.aspx,0,,100,"unable to verify the first certificate; if the root CA is installed locally, try running Node.js with --use-system-ca"
https://recruitment.bankofmaharashtra.bank.in/authenticate/candidate-login?redirectTo=candidate/apply?projectId=1542,0,,90,Parse Error: Data after `Connection: close`
https://recruitment.bemlindia.in/Apprentice/VacancyNotice.aspx,200,https://recruitment.bemlindia.in/Apprentice/VacancyNotice.aspx,501,
https://recruitment.icmr.org.in/,200,https://recruitment.icmr.org.in/,109,
https://recruitment.mmrcl.com/,200,https://recruitment.mmrcl.com/,106,
https://recruitment.neepco-spark.co.in/,0,,45,"unable to verify the first certificate; if the root CA is installed locally, try running Node.js with --use-system-ca"
https://recruitment.nhsrcindia.org/my/job,200,https://recruitment.nhsrcindia.org/my/job,393,
https://recruitment.nhsrcindia.org/web/login,200,https://recruitment.nhsrcindia.org/web/login,227,
https://recruitment.sameer.gov.in/,200,https://recruitment.sameer.gov.in/,154,
https://recruitment.sbi.bank.in/crpd-rs-2026-27-08/apply,200,https://recruitment.sbi.bank.in/crpd-rs-2026-27-08/apply,144,
https://recruitment.tiss.edu/,0,,77,"unable to verify the first certificate; if the root CA is installed locally, try running Node.js with --use-system-ca"
https://rect.crpf.gov.in/,200,https://rect.crpf.gov.in/,231,
https://rects.immt.res.in/,200,https://rects.immt.res.in/,293,
https://rnsb.bank.in/,200,https://rnsb.bank.in/,189,
https://romaharashtra.esic.gov.in/,0,,7996,timeout of 8000ms exceeded
https://rrb.indianrailways.gov.in/,0,,8009,timeout of 8000ms exceeded
https://rrbcdg.gov.in/,200,https://rrbcdg.gov.in/,120,
https://rrbmumbai.gov.in/,200,https://rrbmumbai.gov.in/,1390,
https://rrcpryj.org/,200,https://rrcpryj.org/,935,
https://rrcpryj.org/act-apprentice-01-2026/,200,https://rrcpryj.org/act-apprentice-01-2026/,473,
https://rscnagpur.gov.in/,200,https://rscnagpur.gov.in/,1085,
https://rtmnuoant.samarth.edu.in/index.php/site/login,403,https://rtmnuoant.samarth.edu.in/index.php/site/login,46,
https://rvnl.org/,200,https://rvnl.org/,207,
https://rwf.indianrailways.gov.in/,0,,8007,timeout of 8000ms exceeded
https://s3waas.gov.in/,200,https://s3waas.gov.in/,224,
https://sacc.edu.in/,500,https://sacc.edu.in/,1433,
https://saijobs.sportsauthorityofindia.gov.in/JEJun2026,200,https://saijobs.sportsauthorityofindia.gov.in/JEJun2026,203,
https://sailcareers.com/sail2026yp/,200,https://sailcareers.com/sail2026yp/,316,
https://sainikschoolchandrapur.com/Home,200,https://sainikschoolchandrapur.com/Home,385,
https://sameer.gov.in/,200,https://sameer.gov.in/,487,
https://sangli.nic.in/,200,https://sangli.nic.in/,258,
https://sanglidccb.bank.in/career,200,https://sanglidccb.bank.in/career,394,
https://sangliurban.bank.in/,200,https://www.sangliurban.bank.in/,170,
https://sau.edu.in/,200,https://sau.edu.in/,2338,
https://sbi.bank.in/web/careers/current-openings,200,https://sbi.bank.in/web/careers/current-openings,348,
https://sbi.co.in/,200,https://sbi.bank.in/,207,
https://sbmrajgurunagar.ac.in/,200,https://sbmrajgurunagar.ac.in/,606,
https://scclmines.com/apprenticeship/,200,https://scclmines.com/apprenticeship/,161,
https://scea.maharashtra.gov.in/,404,https://scea.maharashtra.gov.in/,66,
https://schooleducation.karnataka.gov.in/,200,https://schooleducation.karnataka.gov.in/,318,
https://scr.indianrailways.gov.in/index.jsp,0,,8018,timeout of 8000ms exceeded
https://secl-cil.in/career.php,403,https://secl-cil.in/career.php,595,
https://secondarytrainingcollege.com/,0,,377,certificate has expired
https://secr.indianrailways.gov.in/,0,,8009,timeout of 8000ms exceeded
https://seepz.gov.in/,200,https://seepz.gov.in/,432,
https://sfio.gov.in/,200,https://sfio.gov.in/,793,
https://sgbregistration.in/,200,https://sgbregistration.in/,89,
https://sgnp.maharashtra.gov.in/,0,,108,Maximum number of redirects exceeded
https://sgnp.maharashtra.gov.in/Site/Home/Index.aspx,0,,1215,Maximum number of redirects exceeded
https://shahajilawcollege.com/,200,https://shahajilawcollege.com/,584,
https://shahu.bank.in/recruitment,404,https://shahu.bank.in/recruitment,84,
https://shahubank.com/,0,,78,getaddrinfo ENOTFOUND shahubank.com
https://shirpurbank.co.in/,403,https://shirpurbank.co.in/,472,
https://shivpratapmultistate.com/,0,,20,getaddrinfo ENOTFOUND shivpratapmultistate.com
https://sholapur.kvs.ac.in/,200,https://sholapur.kvs.ac.in/,1374,
https://shorturl.at/xUUPX,403,https://www.shorturl.at/xUUPX,654,
https://shs.bihar.gov.in/Advertisement,0,,170,self-signed certificate in certificate chain
https://sic.maharashtra.gov.in/,200,https://sic.maharashtra.gov.in/,4401,
https://sic.maharashtra.gov.in/Site/Home/Index.aspx,200,https://sic.maharashtra.gov.in/Site/Home/Index.aspx,4469,
https://siddheshwarbank.com/,200,https://siddheshwarbank.com/,2224,
https://siesce.edu.in/,200,https://siesce.edu.in/,709,
https://sindhudurg.nic.in/,0,,8003,timeout of 8000ms exceeded
https://sindhudurg.nic.in/en/,200,https://sindhudurg.nic.in/en/,212,
https://sindhudurgdcc.bank.in/,200,https://sindhudurgdcc.bank.in/,64,
https://sites.fssai.gov.in/fssaideputationad/login.php,0,,8015,timeout of 8000ms exceeded
https://sjsa.maharashtra.gov.in/,200,https://sjsa.maharashtra.gov.in/,983,
https://sjsa.maharashtra.gov.in/en/,200,https://sjsa.maharashtra.gov.in/en/,586,
https://sjsb.register.epravesh.com/?view=signup,200,https://sjsb.register.epravesh.com/?view=signup,64,
https://sjsbbank.com/,200,https://sjsb.bank.in/,472,
https://sjvn.nic.in/,200,https://sjvn.nic.in/,1276,
https://smbank.in/,200,https://smbank.in/,678,
https://smkc.gov.in/,200,https://smkc.gov.in/,335,
https://sndt.ac.in/,200,https://sndt.ac.in/,91,
https://solapur.gov.in/,200,https://solapur.gov.in/,169,
https://solapur.gov.in/en/,200,https://solapur.gov.in/en/,192,
https://spaccn.in/,200,https://spaccn.in/,1145,
https://spmm.in/,200,https://spmm.in/,468,
https://sportsauthorityofindia.gov.in/sai/,0,,268,self-signed certificate in certificate chain
https://sportsauthorityofindia.nic.in/,0,,98,self-signed certificate in certificate chain
https://sportsauthorityofindia.nic.in/saijobs,0,,209,self-signed certificate in certificate chain
https://sptmssc26.panjikaran.in/,200,https://sptmssc26.panjikaran.in/,140,
https://srinathacscollege.com/,0,,8016,timeout of 8000ms exceeded
https://srtmun.ac.in/,200,https://srtmun.ac.in/,114,
https://ssbbank.bank.in/,0,,120,"unable to verify the first certificate; if the root CA is installed locally, try running Node.js with --use-system-ca"
https://ssc.gov.in/,0,,8011,timeout of 8000ms exceeded
https://ssc.gov.in/candidate-portal/one-time-registration/home-page,200,https://ssc.gov.in/candidate-portal/one-time-registration/home-page,329,
https://ssc.gov.in/login,200,https://ssc.gov.in/login,254,
https://ssc.nic.in/,0,,8008,timeout of 8000ms exceeded
https://ssesa.org/,200,https://ssesa.org/,397,
https://ssmbarshi.org.in/,200,https://ssmbarshi.org.in/,77,
https://stimulate.icsi.edu/RECRUITMENT/Applicant/LoginUser,200,https://stimulate.icsi.edu/RECRUITMENT/Applicant/LoginUser,177,
https://stimulate.icsi.edu/RECRUITMENT/IndexHome/IndexHome,200,https://stimulate.icsi.edu/RECRUITMENT/IndexHome/IndexHome,65,
https://suvarnkranti.com/,0,,225,getaddrinfo ENOTFOUND suvarnkranti.com
https://svkm.ac.in/,200,https://svkm.ac.in/,487,
https://swcd.maharashtra.gov.in/,0,,8008,timeout of 8000ms exceeded
https://swcd.maharashtra.gov.in/en,0,,8013,timeout of 8000ms exceeded
https://t.me/+IVTYUWCfPQQ4YzZl,200,https://t.me/+IVTYUWCfPQQ4YzZl,438,
https://t.me/share/url?url=https%3A%2F%2Fwww.searchsarkarinaukri.com%2Fblogs%2F10th-and-12th-pass-government-jobs-in-india-2026-best-career-options-salary-how-to-apply&text=10th%20and%2012th%20Pass%20Government%20Jobs%20in%20India%202026%3A%20Best%20Career%20Options%2C%20Salary%20%26%20How%20to%20Apply,200,https://t.me/share/url?url=https%3A%2F%2Fwww.searchsarkarinaukri.com%2Fblogs%2F10th-and-12th-pass-government-jobs-in-india-2026-best-career-options-salary-how-to-apply&text=10th%20and%2012th%20Pass%20Government%20Jobs%20in%20India%202026%3A%20Best%20Career%20Options%2C%20Salary%20%26%20How%20to%20Apply,124,
https://t.me/share/url?url=https%3A%2F%2Fwww.searchsarkarinaukri.com%2Fblogs%2F7th-pay-commission-explained-what-every-government-job-aspirant-should-know&text=7th%20Pay%20Commission%20Explained%3A%20What%20Every%20Government%20Job%20Aspirant%20Should%20Know,200,https://t.me/share/url?url=https%3A%2F%2Fwww.searchsarkarinaukri.com%2Fblogs%2F7th-pay-commission-explained-what-every-government-job-aspirant-should-know&text=7th%20Pay%20Commission%20Explained%3A%20What%20Every%20Government%20Job%20Aspirant%20Should%20Know,143,
https://t.me/share/url?url=https%3A%2F%2Fwww.searchsarkarinaukri.com%2Fblogs%2Fa-day-in-the-life-of-an-ias-officer-what-really-happens-behind-the-desk&text=A%20Day%20in%20the%20Life%20of%20an%20IAS%20Officer%3A%20What%20Really%20Happens%20Behind%20the%20Desk%3F,200,https://t.me/share/url?url=https%3A%2F%2Fwww.searchsarkarinaukri.com%2Fblogs%2Fa-day-in-the-life-of-an-ias-officer-what-really-happens-behind-the-desk&text=A%20Day%20in%20the%20Life%20of%20an%20IAS%20Officer%3A%20What%20Really%20Happens%20Behind%20the%20Desk%3F,134,
https://t.me/share/url?url=https%3A%2F%2Fwww.searchsarkarinaukri.com%2Fblogs%2Fai-is-coming-for-jobs-but-should-government-job-aspirants-actually-be-worried&text=AI%20Is%20Coming%20for%20Jobs%20%E2%80%94%20But%20Should%20Government%20Job%20Aspirants%20Actually%20Be%20Worried%3F,200,https://t.me/share/url?url=https%3A%2F%2Fwww.searchsarkarinaukri.com%2Fblogs%2Fai-is-coming-for-jobs-but-should-government-job-aspirants-actually-be-worried&text=AI%20Is%20Coming%20for%20Jobs%20%E2%80%94%20But%20Should%20Government%20Job%20Aspirants%20Actually%20Be%20Worried%3F,141,
https://t.me/share/url?url=https%3A%2F%2Fwww.searchsarkarinaukri.com%2Fblogs%2Fare-we-preparing-students-for-jobs-that-don-t-exist-yet&text=Are%20We%20Preparing%20Students%20for%20Jobs%20That%20Don%27t%20Exist%20Yet%3F,200,https://t.me/share/url?url=https%3A%2F%2Fwww.searchsarkarinaukri.com%2Fblogs%2Fare-we-preparing-students-for-jobs-that-don-t-exist-yet&text=Are%20We%20Preparing%20Students%20for%20Jobs%20That%20Don%27t%20Exist%20Yet%3F,137,
https://t.me/share/url?url=https%3A%2F%2Fwww.searchsarkarinaukri.com%2Fblogs%2Fcan-a-government-employee-be-fired-the-truth-about-permanent-government-jobs&text=Can%20a%20Government%20Employee%20Be%20Fired%3F%20The%20Truth%20About%20%27Permanent%27%20Government%20Jobs,200,https://t.me/share/url?url=https%3A%2F%2Fwww.searchsarkarinaukri.com%2Fblogs%2Fcan-a-government-employee-be-fired-the-truth-about-permanent-government-jobs&text=Can%20a%20Government%20Employee%20Be%20Fired%3F%20The%20Truth%20About%20%27Permanent%27%20Government%20Jobs,135,
https://t.me/share/url?url=https%3A%2F%2Fwww.searchsarkarinaukri.com%2Fblogs%2Fcan-a-government-employee-be-transferred-against-their-will-the-rules-explained&text=Can%20a%20Government%20Employee%20Be%20Transferred%20Against%20Their%20Will%3F%20The%20Rules%20Explained,200,https://t.me/share/url?url=https%3A%2F%2Fwww.searchsarkarinaukri.com%2Fblogs%2Fcan-a-government-employee-be-transferred-against-their-will-the-rules-explained&text=Can%20a%20Government%20Employee%20Be%20Transferred%20Against%20Their%20Will%3F%20The%20Rules%20Explained,140,
https://t.me/share/url?url=https%3A%2F%2Fwww.searchsarkarinaukri.com%2Fblogs%2Fcan-government-employees-start-a-youtube-channel-or-business-rules-explained&text=Can%20Government%20Employees%20Start%20a%20YouTube%20Channel%20or%20Business%3F%20Rules%20Explained,200,https://t.me/share/url?url=https%3A%2F%2Fwww.searchsarkarinaukri.com%2Fblogs%2Fcan-government-employees-start-a-youtube-channel-or-business-rules-explained&text=Can%20Government%20Employees%20Start%20a%20YouTube%20Channel%20or%20Business%3F%20Rules%20Explained,132,
https://t.me/share/url?url=https%3A%2F%2Fwww.searchsarkarinaukri.com%2Fblogs%2Fcommon-mistakes-that-lead-to-government-job-application-rejection&text=Common%20Mistakes%20That%20Lead%20to%20Government%20Job%20Application%20Rejection,200,https://t.me/share/url?url=https%3A%2F%2Fwww.searchsarkarinaukri.com%2Fblogs%2Fcommon-mistakes-that-lead-to-government-job-application-rejection&text=Common%20Mistakes%20That%20Lead%20to%20Government%20Job%20Application%20Rejection,131,
https://t.me/share/url?url=https%3A%2F%2Fwww.searchsarkarinaukri.com%2Fblogs%2Ffrom-probation-to-promotion-the-career-growth-of-an-income-tax-inspector&text=From%20Probation%20to%20Promotion%3A%20The%20Career%20Growth%20of%20an%20Income%20Tax%20Inspector,200,https://t.me/share/url?url=https%3A%2F%2Fwww.searchsarkarinaukri.com%2Fblogs%2Ffrom-probation-to-promotion-the-career-growth-of-an-income-tax-inspector&text=From%20Probation%20to%20Promotion%3A%20The%20Career%20Growth%20of%20an%20Income%20Tax%20Inspector,130,
https://t.me/share/url?url=https%3A%2F%2Fwww.searchsarkarinaukri.com%2Fblogs%2Fgovernment-job-salary-explained-what-you-actually-take-home-every-month&text=Government%20Job%20Salary%20Explained%3A%20What%20You%20Actually%20Take%20Home%20Every%20Month,200,https://t.me/share/url?url=https%3A%2F%2Fwww.searchsarkarinaukri.com%2Fblogs%2Fgovernment-job-salary-explained-what-you-actually-take-home-every-month&text=Government%20Job%20Salary%20Explained%3A%20What%20You%20Actually%20Take%20Home%20Every%20Month,132,
https://t.me/share/url?url=https%3A%2F%2Fwww.searchsarkarinaukri.com%2Fblogs%2Fgovernment-job-verification-process-explained-what-happens-after-you-get-selected&text=Government%20Job%20Verification%20Process%20Explained%3A%20What%20Happens%20After%20You%20Get%20Selected%3F,200,https://t.me/share/url?url=https%3A%2F%2Fwww.searchsarkarinaukri.com%2Fblogs%2Fgovernment-job-verification-process-explained-what-happens-after-you-get-selected&text=Government%20Job%20Verification%20Process%20Explained%3A%20What%20Happens%20After%20You%20Get%20Selected%3F,130,
https://t.me/share/url?url=https%3A%2F%2Fwww.searchsarkarinaukri.com%2Fblogs%2Fgovernment-job-vs-private-job-in-2026-which-career-is-better-for-you&text=Government%20Job%20vs%20Private%20Job%20in%202026%3A%20Which%20Career%20Is%20Better%20for%20You%3F,200,https://t.me/share/url?url=https%3A%2F%2Fwww.searchsarkarinaukri.com%2Fblogs%2Fgovernment-job-vs-private-job-in-2026-which-career-is-better-for-you&text=Government%20Job%20vs%20Private%20Job%20in%202026%3A%20Which%20Career%20Is%20Better%20for%20You%3F,141,
https://t.me/share/url?url=https%3A%2F%2Fwww.searchsarkarinaukri.com%2Fblogs%2Fgovernment-jobs-that-no-longer-exist-careers-lost-to-time&text=Government%20Jobs%20That%20No%20Longer%20Exist%3A%20Careers%20Lost%20to%20Time,200,https://t.me/share/url?url=https%3A%2F%2Fwww.searchsarkarinaukri.com%2Fblogs%2Fgovernment-jobs-that-no-longer-exist-careers-lost-to-time&text=Government%20Jobs%20That%20No%20Longer%20Exist%3A%20Careers%20Lost%20to%20Time,123,
https://t.me/share/url?url=https%3A%2F%2Fwww.searchsarkarinaukri.com%2Fblogs%2Fgroup-a-b-c-d-government-jobs-explained-which-one-is-right-for-you&text=Group%20A%2C%20B%2C%20C%20%26%20D%20Government%20Jobs%20Explained%3A%20Which%20One%20Is%20Right%20for%20You%3F,200,https://t.me/share/url?url=https%3A%2F%2Fwww.searchsarkarinaukri.com%2Fblogs%2Fgroup-a-b-c-d-government-jobs-explained-which-one-is-right-for-you&text=Group%20A%2C%20B%2C%20C%20%26%20D%20Government%20Jobs%20Explained%3A%20Which%20One%20Is%20Right%20for%20You%3F,133,
https://t.me/share/url?url=https%3A%2F%2Fwww.searchsarkarinaukri.com%2Fblogs%2Fhas-coaching-become-a-second-education-system-in-india&text=Has%20Coaching%20Become%20a%20Second%20Education%20System%20in%20India%3F,200,https://t.me/share/url?url=https%3A%2F%2Fwww.searchsarkarinaukri.com%2Fblogs%2Fhas-coaching-become-a-second-education-system-in-india&text=Has%20Coaching%20Become%20a%20Second%20Education%20System%20in%20India%3F,398,
https://t.me/share/url?url=https%3A%2F%2Fwww.searchsarkarinaukri.com%2Fblogs%2Fhow-does-the-election-commission-of-india-conduct-the-world-s-largest-election&text=How%20Does%20the%20Election%20Commission%20of%20India%20Conduct%20the%20World%27s%20Largest%20Election%3F,200,https://t.me/share/url?url=https%3A%2F%2Fwww.searchsarkarinaukri.com%2Fblogs%2Fhow-does-the-election-commission-of-india-conduct-the-world-s-largest-election&text=How%20Does%20the%20Election%20Commission%20of%20India%20Conduct%20the%20World%27s%20Largest%20Election%3F,144,
https://t.me/share/url?url=https%3A%2F%2Fwww.searchsarkarinaukri.com%2Fblogs%2Fhow-india-s-district-administration-works-collector-sp-ceo-tehsildar-more-explained&text=How%20India%27s%20District%20Administration%20Works%3A%20Collector%2C%20SP%2C%20CEO%2C%20Tehsildar%20%26%20More%20Explained,200,https://t.me/share/url?url=https%3A%2F%2Fwww.searchsarkarinaukri.com%2Fblogs%2Fhow-india-s-district-administration-works-collector-sp-ceo-tehsildar-more-explained&text=How%20India%27s%20District%20Administration%20Works%3A%20Collector%2C%20SP%2C%20CEO%2C%20Tehsildar%20%26%20More%20Explained,140,
https://t.me/share/url?url=https%3A%2F%2Fwww.searchsarkarinaukri.com%2Fblogs%2Fhow-laws-are-made-in-india-from-bill-to-act-explained&text=How%20Laws%20Are%20Made%20in%20India%3A%20From%20Bill%20to%20Act%20Explained,200,https://t.me/share/url?url=https%3A%2F%2Fwww.searchsarkarinaukri.com%2Fblogs%2Fhow-laws-are-made-in-india-from-bill-to-act-explained&text=How%20Laws%20Are%20Made%20in%20India%3A%20From%20Bill%20to%20Act%20Explained,131,
https://t.me/share/url?url=https%3A%2F%2Fwww.searchsarkarinaukri.com%2Fblogs%2Fhow-the-indian-administrative-service-ias-evolved-from-the-british-era-ics&text=How%20the%20Indian%20Administrative%20Service%20(IAS)%20Evolved%20from%20the%20British-Era%20ICS,200,https://t.me/share/url?url=https%3A%2F%2Fwww.searchsarkarinaukri.com%2Fblogs%2Fhow-the-indian-administrative-service-ias-evolved-from-the-british-era-ics&text=How%20the%20Indian%20Administrative%20Service%20(IAS)%20Evolved%20from%20the%20British-Era%20ICS,141,
https://t.me/share/url?url=https%3A%2F%2Fwww.searchsarkarinaukri.com%2Fblogs%2Fhow-to-be-good-student&text=How%20to%20be%20good%20student,200,https://t.me/share/url?url=https%3A%2F%2Fwww.searchsarkarinaukri.com%2Fblogs%2Fhow-to-be-good-student&text=How%20to%20be%20good%20student,129,
https://t.me/share/url?url=https%3A%2F%2Fwww.searchsarkarinaukri.com%2Fblogs%2Fis-a-government-job-still-the-best-safe-career-choice&text=Is%20a%20Government%20Job%20Still%20the%20Best%20%E2%80%9CSafe%E2%80%9D%20Career%20Choice%3F,200,https://t.me/share/url?url=https%3A%2F%2Fwww.searchsarkarinaukri.com%2Fblogs%2Fis-a-government-job-still-the-best-safe-career-choice&text=Is%20a%20Government%20Job%20Still%20the%20Best%20%E2%80%9CSafe%E2%80%9D%20Career%20Choice%3F,417,
https://t.me/share/url?url=https%3A%2F%2Fwww.searchsarkarinaukri.com%2Fblogs%2Fisro-has-opened-scientist-engineer-recruitment-but-these-aren-t-typical-space-jobs&text=ISRO%20Has%20Opened%20Scientist%2FEngineer%20Recruitment%20%E2%80%94%20But%20These%20Aren%E2%80%99t%20Typical%20Space%20Jobs,200,https://t.me/share/url?url=https%3A%2F%2Fwww.searchsarkarinaukri.com%2Fblogs%2Fisro-has-opened-scientist-engineer-recruitment-but-these-aren-t-typical-space-jobs&text=ISRO%20Has%20Opened%20Scientist%2FEngineer%20Recruitment%20%E2%80%94%20But%20These%20Aren%E2%80%99t%20Typical%20Space%20Jobs,132,
https://t.me/share/url?url=https%3A%2F%2Fwww.searchsarkarinaukri.com%2Fblogs%2Flatest-government-job-notifications-2026-the-opportunities-you-can-t-afford-to-miss&text=Latest%20Government%20Job%20Notifications%202026%3A%20The%20Opportunities%20You%20Can%27t%20Afford%20to%20Miss,200,https://t.me/share/url?url=https%3A%2F%2Fwww.searchsarkarinaukri.com%2Fblogs%2Flatest-government-job-notifications-2026-the-opportunities-you-can-t-afford-to-miss&text=Latest%20Government%20Job%20Notifications%202026%3A%20The%20Opportunities%20You%20Can%27t%20Afford%20to%20Miss,151,
https://t.me/share/url?url=https%3A%2F%2Fwww.searchsarkarinaukri.com%2Fblogs%2Fmaharashtra-wants-to-change-how-government-exams-are-conducted-what-could-change-for-aspirants&text=Maharashtra%20Wants%20to%20Change%20How%20Government%20Exams%20Are%20Conducted%20%E2%80%94%20What%20Could%20Change%20for%20Aspirants%3F,200,https://t.me/share/url?url=https%3A%2F%2Fwww.searchsarkarinaukri.com%2Fblogs%2Fmaharashtra-wants-to-change-how-government-exams-are-conducted-what-could-change-for-aspirants&text=Maharashtra%20Wants%20to%20Change%20How%20Government%20Exams%20Are%20Conducted%20%E2%80%94%20What%20Could%20Change%20for%20Aspirants%3F,135,
https://t.me/share/url?url=https%3A%2F%2Fwww.searchsarkarinaukri.com%2Fblogs%2Fncert-has-1-596-vacant-posts-cbse-has-933-why-are-india-s-education-bodies-short-staffed&text=NCERT%20Has%201%2C596%20Vacant%20Posts.%20CBSE%20Has%20933.%20Why%20Are%20India%27s%20Education%20Bodies%20Short-Staffed%3F,200,https://t.me/share/url?url=https%3A%2F%2Fwww.searchsarkarinaukri.com%2Fblogs%2Fncert-has-1-596-vacant-posts-cbse-has-933-why-are-india-s-education-bodies-short-staffed&text=NCERT%20Has%201%2C596%20Vacant%20Posts.%20CBSE%20Has%20933.%20Why%20Are%20India%27s%20Education%20Bodies%20Short-Staffed%3F,133,
https://t.me/share/url?url=https%3A%2F%2Fwww.searchsarkarinaukri.com%2Fblogs%2Fone-nation-one-election-explained-what-it-means-for-india&text=One%20Nation%2C%20One%20Election%20Explained%3A%20What%20It%20Means%20for%20India,200,https://t.me/share/url?url=https%3A%2F%2Fwww.searchsarkarinaukri.com%2Fblogs%2Fone-nation-one-election-explained-what-it-means-for-india&text=One%20Nation%2C%20One%20Election%20Explained%3A%20What%20It%20Means%20for%20India,148,
https://t.me/share/url?url=https%3A%2F%2Fwww.searchsarkarinaukri.com%2Fblogs%2Fpm-kisan-is-continuing-until-2030-31-what-actually-changes-for-farmers&text=PM-KISAN%20Is%20Continuing%20Until%202030-31%20%E2%80%94%20What%20Actually%20Changes%20for%20Farmers%3F,200,https://t.me/share/url?url=https%3A%2F%2Fwww.searchsarkarinaukri.com%2Fblogs%2Fpm-kisan-is-continuing-until-2030-31-what-actually-changes-for-farmers&text=PM-KISAN%20Is%20Continuing%20Until%202030-31%20%E2%80%94%20What%20Actually%20Changes%20for%20Farmers%3F,134,
https://t.me/share/url?url=https%3A%2F%2Fwww.searchsarkarinaukri.com%2Fblogs%2Fsearch-sarkari-naukri-launches-comprehensive-government-jobs-exam-updates-daily-assessment-platform-for-indian-aspirants-2&text=Search%20Sarkari%20Naukri%20Launches%20Comprehensive%20Government%20Jobs%2C%20Exam%20Updates%20%26%20Daily%20Assessment%20Platform%20for%20Indian%20Aspirants,200,https://t.me/share/url?url=https%3A%2F%2Fwww.searchsarkarinaukri.com%2Fblogs%2Fsearch-sarkari-naukri-launches-comprehensive-government-jobs-exam-updates-daily-assessment-platform-for-indian-aspirants-2&text=Search%20Sarkari%20Naukri%20Launches%20Comprehensive%20Government%20Jobs%2C%20Exam%20Updates%20%26%20Daily%20Assessment%20Platform%20for%20Indian%20Aspirants,125,
https://t.me/share/url?url=https%3A%2F%2Fwww.searchsarkarinaukri.com%2Fblogs%2Fssc-cgl-2026-complete-guide-to-eligibility-posts-salary-preparation-strategy&text=SSC%20CGL%202026%3A%20Complete%20Guide%20to%20Eligibility%2C%20Posts%2C%20Salary%20%26%20Preparation%20Strategy,200,https://t.me/share/url?url=https%3A%2F%2Fwww.searchsarkarinaukri.com%2Fblogs%2Fssc-cgl-2026-complete-guide-to-eligibility-posts-salary-preparation-strategy&text=SSC%20CGL%202026%3A%20Complete%20Guide%20to%20Eligibility%2C%20Posts%2C%20Salary%20%26%20Preparation%20Strategy,125,
https://t.me/share/url?url=https%3A%2F%2Fwww.searchsarkarinaukri.com%2Fblogs%2Fthe-first-job-problem-why-is-getting-your-first-job-so-hard&text=The%20First%20Job%20Problem%3A%20Why%20Is%20Getting%20Your%20First%20Job%20So%20Hard%3F,200,https://t.me/share/url?url=https%3A%2F%2Fwww.searchsarkarinaukri.com%2Fblogs%2Fthe-first-job-problem-why-is-getting-your-first-job-so-hard&text=The%20First%20Job%20Problem%3A%20Why%20Is%20Getting%20Your%20First%20Job%20So%20Hard%3F,381,
https://t.me/share/url?url=https%3A%2F%2Fwww.searchsarkarinaukri.com%2Fblogs%2Ftitle-why-does-preparing-for-a-government-job-sometimes-feel-like-a-full-time-job&text=Title%3A%20Why%20Does%20Preparing%20for%20a%20Government%20Job%20Sometimes%20Feel%20Like%20a%20Full-Time%20Job%3F,200,https://t.me/share/url?url=https%3A%2F%2Fwww.searchsarkarinaukri.com%2Fblogs%2Ftitle-why-does-preparing-for-a-government-job-sometimes-feel-like-a-full-time-job&text=Title%3A%20Why%20Does%20Preparing%20for%20a%20Government%20Job%20Sometimes%20Feel%20Like%20a%20Full-Time%20Job%3F,1406,
https://t.me/share/url?url=https%3A%2F%2Fwww.searchsarkarinaukri.com%2Fblogs%2Ftop-10-highest-paying-government-jobs-in-india-in-2026&text=Top%2010%20Highest-Paying%20Government%20Jobs%20in%20India%20in%202026,200,https://t.me/share/url?url=https%3A%2F%2Fwww.searchsarkarinaukri.com%2Fblogs%2Ftop-10-highest-paying-government-jobs-in-india-in-2026&text=Top%2010%20Highest-Paying%20Government%20Jobs%20in%20India%20in%202026,131,
https://t.me/share/url?url=https%3A%2F%2Fwww.searchsarkarinaukri.com%2Fblogs%2Fupsc-civil-services-examination-2026-complete-beginner-s-guide-to-ias-ips-ifs&text=UPSC%20Civil%20Services%20Examination%202026%3A%20Complete%20Beginner%27s%20Guide%20to%20IAS%2C%20IPS%20%26%20IFS,200,https://t.me/share/url?url=https%3A%2F%2Fwww.searchsarkarinaukri.com%2Fblogs%2Fupsc-civil-services-examination-2026-complete-beginner-s-guide-to-ias-ips-ifs&text=UPSC%20Civil%20Services%20Examination%202026%3A%20Complete%20Beginner%27s%20Guide%20to%20IAS%2C%20IPS%20%26%20IFS,130,
https://t.me/share/url?url=https%3A%2F%2Fwww.searchsarkarinaukri.com%2Fblogs%2Fwhat-does-job-security-actually-mean-anymore&text=What%20Does%20%E2%80%9CJob%20Security%E2%80%9D%20Actually%20Mean%20Anymore%3F,200,https://t.me/share/url?url=https%3A%2F%2Fwww.searchsarkarinaukri.com%2Fblogs%2Fwhat-does-job-security-actually-mean-anymore&text=What%20Does%20%E2%80%9CJob%20Security%E2%80%9D%20Actually%20Mean%20Anymore%3F,140,
https://t.me/share/url?url=https%3A%2F%2Fwww.searchsarkarinaukri.com%2Fblogs%2Fwhat-does-the-cabinet-secretary-actually-do-the-most-powerful-bureaucrat-in-india-explained&text=What%20Does%20the%20Cabinet%20Secretary%20Actually%20Do%3F%20The%20Most%20Powerful%20Bureaucrat%20in%20India%20Explained,200,https://t.me/share/url?url=https%3A%2F%2Fwww.searchsarkarinaukri.com%2Fblogs%2Fwhat-does-the-cabinet-secretary-actually-do-the-most-powerful-bureaucrat-in-india-explained&text=What%20Does%20the%20Cabinet%20Secretary%20Actually%20Do%3F%20The%20Most%20Powerful%20Bureaucrat%20in%20India%20Explained,142,
https://t.me/share/url?url=https%3A%2F%2Fwww.searchsarkarinaukri.com%2Fblogs%2Fwhat-happens-during-probation-in-a-government-job-can-you-lose-the-job&text=What%20Happens%20During%20Probation%20in%20a%20Government%20Job%3F%20Can%20You%20Lose%20the%20Job%3F,200,https://t.me/share/url?url=https%3A%2F%2Fwww.searchsarkarinaukri.com%2Fblogs%2Fwhat-happens-during-probation-in-a-government-job-can-you-lose-the-job&text=What%20Happens%20During%20Probation%20in%20a%20Government%20Job%3F%20Can%20You%20Lose%20the%20Job%3F,143,
https://t.me/share/url?url=https%3A%2F%2Fwww.searchsarkarinaukri.com%2Fblogs%2Fwhat-happens-if-nobody-applies-for-a-government-job-the-surprising-answer&text=What%20Happens%20If%20Nobody%20Applies%20for%20a%20Government%20Job%3F%20The%20Surprising%20Answer,200,https://t.me/share/url?url=https%3A%2F%2Fwww.searchsarkarinaukri.com%2Fblogs%2Fwhat-happens-if-nobody-applies-for-a-government-job-the-surprising-answer&text=What%20Happens%20If%20Nobody%20Applies%20for%20a%20Government%20Job%3F%20The%20Surprising%20Answer,123,
https://t.me/share/url?url=https%3A%2F%2Fwww.searchsarkarinaukri.com%2Fblogs%2Fwhat-happens-to-your-aadhaar-number-after-you-die-the-answer-may-surprise-you&text=What%20Happens%20to%20Your%20Aadhaar%20Number%20After%20You%20Die%3F%20The%20Answer%20May%20Surprise%20You,200,https://t.me/share/url?url=https%3A%2F%2Fwww.searchsarkarinaukri.com%2Fblogs%2Fwhat-happens-to-your-aadhaar-number-after-you-die-the-answer-may-surprise-you&text=What%20Happens%20to%20Your%20Aadhaar%20Number%20After%20You%20Die%3F%20The%20Answer%20May%20Surprise%20You,133,
https://t.me/share/url?url=https%3A%2F%2Fwww.searchsarkarinaukri.com%2Fblogs%2Fwhat-happens-to-your-government-exam-answer-sheet-after-the-result-the-journey-nobody-sees&text=What%20Happens%20to%20Your%20Government%20Exam%20Answer%20Sheet%20After%20the%20Result%3F%20The%20Journey%20Nobody%20Sees,200,https://t.me/share/url?url=https%3A%2F%2Fwww.searchsarkarinaukri.com%2Fblogs%2Fwhat-happens-to-your-government-exam-answer-sheet-after-the-result-the-journey-nobody-sees&text=What%20Happens%20to%20Your%20Government%20Exam%20Answer%20Sheet%20After%20the%20Result%3F%20The%20Journey%20Nobody%20Sees,132,
https://t.me/share/url?url=https%3A%2F%2Fwww.searchsarkarinaukri.com%2Fblogs%2Fwhat-happens-when-your-dream-exam-is-not-your-best-opportunity&text=What%20Happens%20When%20Your%20Dream%20Exam%20Is%20Not%20Your%20Best%20Opportunity%3F,200,https://t.me/share/url?url=https%3A%2F%2Fwww.searchsarkarinaukri.com%2Fblogs%2Fwhat-happens-when-your-dream-exam-is-not-your-best-opportunity&text=What%20Happens%20When%20Your%20Dream%20Exam%20Is%20Not%20Your%20Best%20Opportunity%3F,399,
https://t.me/share/url?url=https%3A%2F%2Fwww.searchsarkarinaukri.com%2Fblogs%2Fwhat-is-a-gazetted-officer-and-why-their-signature-matters&text=What%20Is%20a%20Gazetted%20Officer%3F%20And%20Why%20Their%20Signature%20Matters,200,https://t.me/share/url?url=https%3A%2F%2Fwww.searchsarkarinaukri.com%2Fblogs%2Fwhat-is-a-gazetted-officer-and-why-their-signature-matters&text=What%20Is%20a%20Gazetted%20Officer%3F%20And%20Why%20Their%20Signature%20Matters,128,
https://t.me/share/url?url=https%3A%2F%2Fwww.searchsarkarinaukri.com%2Fblogs%2Fwhat-is-the-comptroller-and-auditor-general-cag-why-its-reports-matter&text=What%20Is%20the%20Comptroller%20and%20Auditor%20General%20(CAG)%3F%20Why%20Its%20Reports%20Matter,200,https://t.me/share/url?url=https%3A%2F%2Fwww.searchsarkarinaukri.com%2Fblogs%2Fwhat-is-the-comptroller-and-auditor-general-cag-why-its-reports-matter&text=What%20Is%20the%20Comptroller%20and%20Auditor%20General%20(CAG)%3F%20Why%20Its%20Reports%20Matter,132,
https://t.me/share/url?url=https%3A%2F%2Fwww.searchsarkarinaukri.com%2Fblogs%2Fwhat-is-the-national-education-policy-nep-and-how-does-it-affect-students&text=What%20Is%20the%20National%20Education%20Policy%20(NEP)%20and%20How%20Does%20It%20Affect%20Students%3F,200,https://t.me/share/url?url=https%3A%2F%2Fwww.searchsarkarinaukri.com%2Fblogs%2Fwhat-is-the-national-education-policy-nep-and-how-does-it-affect-students&text=What%20Is%20the%20National%20Education%20Policy%20(NEP)%20and%20How%20Does%20It%20Affect%20Students%3F,144,
https://t.me/share/url?url=https%3A%2F%2Fwww.searchsarkarinaukri.com%2Fblogs%2Fwhat-is-the-public-accounts-committee-pac-how-parliament-checks-government-spending&text=What%20Is%20the%20Public%20Accounts%20Committee%20(PAC)%3F%20How%20Parliament%20Checks%20Government%20Spending,200,https://t.me/share/url?url=https%3A%2F%2Fwww.searchsarkarinaukri.com%2Fblogs%2Fwhat-is-the-public-accounts-committee-pac-how-parliament-checks-government-spending&text=What%20Is%20the%20Public%20Accounts%20Committee%20(PAC)%3F%20How%20Parliament%20Checks%20Government%20Spending,130,
https://t.me/share/url?url=https%3A%2F%2Fwww.searchsarkarinaukri.com%2Fblogs%2Fwhat-is-the-right-to-information-rti-act-how-citizens-can-seek-government-information&text=What%20Is%20the%20Right%20to%20Information%20(RTI)%20Act%3F%20How%20Citizens%20Can%20Seek%20Government%20Information,200,https://t.me/share/url?url=https%3A%2F%2Fwww.searchsarkarinaukri.com%2Fblogs%2Fwhat-is-the-right-to-information-rti-act-how-citizens-can-seek-government-information&text=What%20Is%20the%20Right%20to%20Information%20(RTI)%20Act%3F%20How%20Citizens%20Can%20Seek%20Government%20Information,128,
https://t.me/share/url?url=https%3A%2F%2Fwww.searchsarkarinaukri.com%2Fblogs%2Fwho-actually-owns-indian-railways-the-answer-isn-t-as-simple-as-you-think&text=Who%20Actually%20Owns%20Indian%20Railways%3F%20The%20Answer%20Isn%27t%20as%20Simple%20as%20You%20Think,200,https://t.me/share/url?url=https%3A%2F%2Fwww.searchsarkarinaukri.com%2Fblogs%2Fwho-actually-owns-indian-railways-the-answer-isn-t-as-simple-as-you-think&text=Who%20Actually%20Owns%20Indian%20Railways%3F%20The%20Answer%20Isn%27t%20as%20Simple%20as%20You%20Think,141,
https://t.me/share/url?url=https%3A%2F%2Fwww.searchsarkarinaukri.com%2Fblogs%2Fwhy-are-police-reforms-always-in-the-news-what-every-aspirant-should-know&text=Why%20Are%20Police%20Reforms%20Always%20in%20the%20News%3F%20What%20Every%20Aspirant%20Should%20Know,200,https://t.me/share/url?url=https%3A%2F%2Fwww.searchsarkarinaukri.com%2Fblogs%2Fwhy-are-police-reforms-always-in-the-news-what-every-aspirant-should-know&text=Why%20Are%20Police%20Reforms%20Always%20in%20the%20News%3F%20What%20Every%20Aspirant%20Should%20Know,125,
https://t.me/share/url?url=https%3A%2F%2Fwww.searchsarkarinaukri.com%2Fblogs%2Fwhy-are-qr-codes-everywhere-in-india-now&text=Why%20Are%20QR%20Codes%20Everywhere%20in%20India%20Now%3F,200,https://t.me/share/url?url=https%3A%2F%2Fwww.searchsarkarinaukri.com%2Fblogs%2Fwhy-are-qr-codes-everywhere-in-india-now&text=Why%20Are%20QR%20Codes%20Everywhere%20in%20India%20Now%3F,156,
https://t.me/share/url?url=https%3A%2F%2Fwww.searchsarkarinaukri.com%2Fblogs%2Fwhy-are-so-many-educated-young-indians-competing-for-the-same-few-jobs&text=Why%20Are%20So%20Many%20Educated%20Young%20Indians%20Competing%20for%20the%20Same%20Few%20Jobs%3F,200,https://t.me/share/url?url=https%3A%2F%2Fwww.searchsarkarinaukri.com%2Fblogs%2Fwhy-are-so-many-educated-young-indians-competing-for-the-same-few-jobs&text=Why%20Are%20So%20Many%20Educated%20Young%20Indians%20Competing%20for%20the%20Same%20Few%20Jobs%3F,382,
https://t.me/share/url?url=https%3A%2F%2Fwww.searchsarkarinaukri.com%2Fblogs%2Fwhy-cybercrime-is-becoming-one-of-india-s-biggest-policing-challenges&text=Why%20Cybercrime%20Is%20Becoming%20One%20of%20India%27s%20Biggest%20Policing%20Challenges,200,https://t.me/share/url?url=https%3A%2F%2Fwww.searchsarkarinaukri.com%2Fblogs%2Fwhy-cybercrime-is-becoming-one-of-india-s-biggest-policing-challenges&text=Why%20Cybercrime%20Is%20Becoming%20One%20of%20India%27s%20Biggest%20Policing%20Challenges,153,
https://t.me/share/url?url=https%3A%2F%2Fwww.searchsarkarinaukri.com%2Fblogs%2Fwhy-did-the-pmo-move-out-of-south-block-the-story-behind-india-s-new-seva-teerth&text=Why%20Did%20the%20PMO%20Move%20Out%20of%20South%20Block%3F%20The%20Story%20Behind%20India%E2%80%99s%20New%20Seva%20Teerth,200,https://t.me/share/url?url=https%3A%2F%2Fwww.searchsarkarinaukri.com%2Fblogs%2Fwhy-did-the-pmo-move-out-of-south-block-the-story-behind-india-s-new-seva-teerth&text=Why%20Did%20the%20PMO%20Move%20Out%20of%20South%20Block%3F%20The%20Story%20Behind%20India%E2%80%99s%20New%20Seva%20Teerth,123,
https://t.me/share/url?url=https%3A%2F%2Fwww.searchsarkarinaukri.com%2Fblogs%2Fwhy-do-aspirants-feel-guilty-for-having-a-backup-plan&text=Why%20Do%20Aspirants%20Feel%20Guilty%20for%20Having%20a%20Backup%20Plan%3F,200,https://t.me/share/url?url=https%3A%2F%2Fwww.searchsarkarinaukri.com%2Fblogs%2Fwhy-do-aspirants-feel-guilty-for-having-a-backup-plan&text=Why%20Do%20Aspirants%20Feel%20Guilty%20for%20Having%20a%20Backup%20Plan%3F,431,
https://t.me/share/url?url=https%3A%2F%2Fwww.searchsarkarinaukri.com%2Fblogs%2Fwhy-do-government-employees-retire-at-a-fixed-age-and-who-decides-it&text=Why%20Do%20Government%20Employees%20Retire%20at%20a%20Fixed%20Age%3F%20And%20Who%20Decides%20It%3F,200,https://t.me/share/url?url=https%3A%2F%2Fwww.searchsarkarinaukri.com%2Fblogs%2Fwhy-do-government-employees-retire-at-a-fixed-age-and-who-decides-it&text=Why%20Do%20Government%20Employees%20Retire%20at%20a%20Fixed%20Age%3F%20And%20Who%20Decides%20It%3F,140,
https://t.me/share/url?url=https%3A%2F%2Fwww.searchsarkarinaukri.com%2Fblogs%2Fwhy-do-indian-currency-notes-have-17-languages-the-story-hidden-in-your-wallet&text=Why%20Do%20Indian%20Currency%20Notes%20Have%2017%20Languages%3F%20The%20Story%20Hidden%20in%20Your%20Wallet,200,https://t.me/share/url?url=https%3A%2F%2Fwww.searchsarkarinaukri.com%2Fblogs%2Fwhy-do-indian-currency-notes-have-17-languages-the-story-hidden-in-your-wallet&text=Why%20Do%20Indian%20Currency%20Notes%20Have%2017%20Languages%3F%20The%20Story%20Hidden%20in%20Your%20Wallet,141,
https://t.me/share/url?url=https%3A%2F%2Fwww.searchsarkarinaukri.com%2Fblogs%2Fwhy-do-indian-degrees-take-so-long-to-become-useful&text=Why%20Do%20Indian%20Degrees%20Take%20So%20Long%20to%20Become%20Useful%3F,200,https://t.me/share/url?url=https%3A%2F%2Fwww.searchsarkarinaukri.com%2Fblogs%2Fwhy-do-indian-degrees-take-so-long-to-become-useful&text=Why%20Do%20Indian%20Degrees%20Take%20So%20Long%20to%20Become%20Useful%3F,136,
https://t.me/share/url?url=https%3A%2F%2Fwww.searchsarkarinaukri.com%2Fblogs%2Fwhy-do-most-government-job-aspirants-fail-hint-it-s-not-because-they-re-less-intelligent&text=Why%20Do%20Most%20Government%20Job%20Aspirants%20Fail%3F%20(Hint%3A%20It%27s%20Not%20Because%20They%27re%20Less%20Intelligent),200,https://t.me/share/url?url=https%3A%2F%2Fwww.searchsarkarinaukri.com%2Fblogs%2Fwhy-do-most-government-job-aspirants-fail-hint-it-s-not-because-they-re-less-intelligent&text=Why%20Do%20Most%20Government%20Job%20Aspirants%20Fail%3F%20(Hint%3A%20It%27s%20Not%20Because%20They%27re%20Less%20Intelligent),143,
https://t.me/share/url?url=https%3A%2F%2Fwww.searchsarkarinaukri.com%2Fblogs%2Fwhy-do-so-many-people-prepare-for-competitive-exams-without-knowing-the-odds&text=Why%20Do%20So%20Many%20People%20Prepare%20for%20Competitive%20Exams%20Without%20Knowing%20the%20Odds%3F,200,https://t.me/share/url?url=https%3A%2F%2Fwww.searchsarkarinaukri.com%2Fblogs%2Fwhy-do-so-many-people-prepare-for-competitive-exams-without-knowing-the-odds&text=Why%20Do%20So%20Many%20People%20Prepare%20for%20Competitive%20Exams%20Without%20Knowing%20the%20Odds%3F,145,
https://t.me/share/url?url=https%3A%2F%2Fwww.searchsarkarinaukri.com%2Fblogs%2Fwhy-do-so-many-smart-people-spend-years-preparing-for-government-exams&text=Why%20Do%20So%20Many%20Smart%20People%20Spend%20Years%20Preparing%20for%20Government%20Exams%3F,200,https://t.me/share/url?url=https%3A%2F%2Fwww.searchsarkarinaukri.com%2Fblogs%2Fwhy-do-so-many-smart-people-spend-years-preparing-for-government-exams&text=Why%20Do%20So%20Many%20Smart%20People%20Spend%20Years%20Preparing%20for%20Government%20Exams%3F,123,
https://t.me/share/url?url=https%3A%2F%2Fwww.searchsarkarinaukri.com%2Fblogs%2Fwhy-does-india-have-so-many-different-types-of-ids-aadhaar-pan-voter-id-passport-more&text=Why%20Does%20India%20Have%20So%20Many%20Different%20Types%20of%20IDs%3F%20Aadhaar%2C%20PAN%2C%20Voter%20ID%2C%20Passport%20%26%20More,200,https://t.me/share/url?url=https%3A%2F%2Fwww.searchsarkarinaukri.com%2Fblogs%2Fwhy-does-india-have-so-many-different-types-of-ids-aadhaar-pan-voter-id-passport-more&text=Why%20Does%20India%20Have%20So%20Many%20Different%20Types%20of%20IDs%3F%20Aadhaar%2C%20PAN%2C%20Voter%20ID%2C%20Passport%20%26%20More,145,
https://t.me/share/url?url=https%3A%2F%2Fwww.searchsarkarinaukri.com%2Fblogs%2Fwhy-does-india-have-union-territories-states-vs-union-territories-explained&text=Why%20Does%20India%20Have%20Union%20Territories%3F%20States%20vs%20Union%20Territories%20Explained,200,https://t.me/share/url?url=https%3A%2F%2Fwww.searchsarkarinaukri.com%2Fblogs%2Fwhy-does-india-have-union-territories-states-vs-union-territories-explained&text=Why%20Does%20India%20Have%20Union%20Territories%3F%20States%20vs%20Union%20Territories%20Explained,131,
https://t.me/share/url?url=https%3A%2F%2Fwww.searchsarkarinaukri.com%2Fblogs%2Fwhy-doesn-t-india-have-a-national-language-the-constitutional-truth&text=Why%20Doesn%27t%20India%20Have%20a%20National%20Language%3F%20The%20Constitutional%20Truth,200,https://t.me/share/url?url=https%3A%2F%2Fwww.searchsarkarinaukri.com%2Fblogs%2Fwhy-doesn-t-india-have-a-national-language-the-constitutional-truth&text=Why%20Doesn%27t%20India%20Have%20a%20National%20Language%3F%20The%20Constitutional%20Truth,123,
https://t.me/share/url?url=https%3A%2F%2Fwww.searchsarkarinaukri.com%2Fblogs%2Fwhy-government-files-are-tied-with-red-tape-the-fascinating-story-behind-the-phrase&text=Why%20Government%20Files%20Are%20Tied%20with%20Red%20Tape%3A%20The%20Fascinating%20Story%20Behind%20the%20Phrase,200,https://t.me/share/url?url=https%3A%2F%2Fwww.searchsarkarinaukri.com%2Fblogs%2Fwhy-government-files-are-tied-with-red-tape-the-fascinating-story-behind-the-phrase&text=Why%20Government%20Files%20Are%20Tied%20with%20Red%20Tape%3A%20The%20Fascinating%20Story%20Behind%20the%20Phrase,144,
https://t.me/share/url?url=https%3A%2F%2Fwww.searchsarkarinaukri.com%2Fblogs%2Fwhy-is-indian-currency-called-the-rupee-the-2-000-year-old-story-behind&text=Why%20Is%20Indian%20Currency%20Called%20the%20Rupee%3F%20The%202%2C000-Year-Old%20Story%20Behind%20%E2%82%B9,200,https://t.me/share/url?url=https%3A%2F%2Fwww.searchsarkarinaukri.com%2Fblogs%2Fwhy-is-indian-currency-called-the-rupee-the-2-000-year-old-story-behind&text=Why%20Is%20Indian%20Currency%20Called%20the%20Rupee%3F%20The%202%2C000-Year-Old%20Story%20Behind%20%E2%82%B9,135,
https://t.me/share/url?url=https%3A%2F%2Fwww.searchsarkarinaukri.com%2Fblogs%2Fwhy-is-mobile-internet-so-cheap-in-india-the-real-story&text=Why%20Is%20Mobile%20Internet%20So%20Cheap%20in%20India%3F%20The%20Real%20Story,200,https://t.me/share/url?url=https%3A%2F%2Fwww.searchsarkarinaukri.com%2Fblogs%2Fwhy-is-mobile-internet-so-cheap-in-india-the-real-story&text=Why%20Is%20Mobile%20Internet%20So%20Cheap%20in%20India%3F%20The%20Real%20Story,141,
https://t.me/share/url?url=https%3A%2F%2Fwww.searchsarkarinaukri.com%2Fblogs%2Fwhy-was-new-delhi-chosen-as-india-s-capital-the-history-behind-the-decision&text=Why%20Was%20New%20Delhi%20Chosen%20as%20India%27s%20Capital%3F%20The%20History%20Behind%20the%20Decision,200,https://t.me/share/url?url=https%3A%2F%2Fwww.searchsarkarinaukri.com%2Fblogs%2Fwhy-was-new-delhi-chosen-as-india-s-capital-the-history-behind-the-decision&text=Why%20Was%20New%20Delhi%20Chosen%20as%20India%27s%20Capital%3F%20The%20History%20Behind%20the%20Decision,123,
https://t.me/share/url?url=https%3A%2F%2Fwww.searchsarkarinaukri.com%2Fblogs%2Fwill-competitive-exams-still-matter-in-an-ai-powered-future&text=Will%20Competitive%20Exams%20Still%20Matter%20in%20an%20AI-Powered%20Future%3F,200,https://t.me/share/url?url=https%3A%2F%2Fwww.searchsarkarinaukri.com%2Fblogs%2Fwill-competitive-exams-still-matter-in-an-ai-powered-future&text=Will%20Competitive%20Exams%20Still%20Matter%20in%20an%20AI-Powered%20Future%3F,132,
https://t26.kopbankasso.co.in/new-registration,200,https://t26.kopbankasso.co.in/new-registration,63,
https://tait2025.mahateacherrecruitment.org.in/Public/Home.aspx,404,https://tait2025.mahateacherrecruitment.org.in/Public/Home.aspx,43,
https://tdcwatchman2026.cbtexam.in/JEST/index.html,200,https://tdcwatchman2026.cbtexam.in/JEST/index.html,227,
https://teaching.rayatrecruitment.com/,200,https://teaching.rayatrecruitment.com/,168,
https://territorialarmy.in/,200,https://territorialarmy.in/,1056,
https://texmin.nic.in/,0,,59,getaddrinfo ENOTFOUND texmin.nic.in
https://thane.nic.in/,200,https://thane.nic.in/,483,
https://thanecity.gov.in/,400,https://thanecity.gov.in/tmc/,88,
https://thanecity.gov.in/tmc/,400,https://thanecity.gov.in/tmc/,31,
https://thanecity.gov.in/tmc/CitizenHome.html,400,https://thanecity.gov.in/tmc/CitizenHome.html,119,
https://tiss.ac.in/,0,,22,"unable to verify the first certificate; if the root CA is installed locally, try running Node.js with --use-system-ca"
https://tiss.edu/,0,,8017,timeout of 8000ms exceeded
https://tjcollege.org/,200,https://tjcollege.org/,1968,
https://tmc.gov.in/,200,https://tmc.gov.in/,535,
https://tmc.gov.in/postmaster/Details?adv=3BJMlph+7/3wFInfjcuV/g==,200,https://tmc.gov.in/postmaster/Details?adv=3BJMlph+7/3wFInfjcuV/g==,166,
https://tribal.maharashtra.gov.in/,404,https://tribal.maharashtra.gov.in/,55,
https://trichy.bhel.com/,200,https://trichy.bhel.com/,445,
https://ukmssb.org/,200,https://ukmssb.org/,202,
https://umed.in/,200,https://umed.in/,71,
https://upanganwadibharti.in/,206,https://upanganwadibharti.in/,682,
https://upsc.gov.in/,0,,64,certificate has expired
https://upsc.gov.in/examinations/Central%20Armed%20Police%20Forces%20%28ACs%29%20Examination%2C%202025,0,,127,certificate has expired
https://upsc.gov.in/examinations/Central%20Armed%20Police%20Forces%20%28ACs%29%20Examination%2C%202026,0,,74,certificate has expired
https://upsc.gov.in/examinations/CISF%20AC%28EXE%29%20LDCE-2026,0,,91,certificate has expired
https://upsc.gov.in/examinations/Civil%20Services%20%28Main%29%20Examination%2C%202025,0,,114,certificate has expired
https://upsc.gov.in/examinations/Civil%20Services%20%28Preliminary%29%20Examination%2C%202025,0,,140,certificate has expired
https://upsc.gov.in/examinations/Civil%20Services%20%28Preliminary%29%20Examination%2C%202026,0,,66,certificate has expired
https://upsc.gov.in/examinations/Civil%20Services%20Examination%2C%202025,0,,74,certificate has expired
https://upsc.gov.in/examinations/Combined%20Defence%20Services%20Examination%20%28I%29%2C%202026,0,,62,certificate has expired
https://upsc.gov.in/examinations/Combined%20Defence%20Services%20Examination%20%28II%29%2C%202025,0,,124,certificate has expired
https://upsc.gov.in/examinations/Combined%20Defence%20Services%20Examination%20%28II%29%2C%202026,0,,76,certificate has expired
https://upsc.gov.in/examinations/Combined%20Geo-Scientist%20%28Main%29%20Examination%2C%202026,0,,81,certificate has expired
https://upsc.gov.in/examinations/Combined%20Geo-Scientist%20%28Preliminary%29%20Examination%2C%202026,0,,66,certificate has expired
https://upsc.gov.in/examinations/Combined%20Medical%20Services%20Examination%2C%202026,0,,81,certificate has expired
https://upsc.gov.in/examinations/Combined%20Section%20Officers%27%20%28Grade%20%27B%27%29%20LDCE-2025%20and%20Combined%20Stenographers%27%20%28Grade%20%27B%27-Grade-%27I%27%29%20LDCE-2019%2C%202020%20%26%202021,0,,81,certificate has expired
https://upsc.gov.in/examinations/Engineering%20Services%20%28Main%29%20Examination%2C%202026,0,,83,certificate has expired
https://upsc.gov.in/examinations/Engineering%20Services%20%28Preliminary%29%20Examination%2C%202026,0,,130,certificate has expired
https://upsc.gov.in/examinations/Indian%20Economic%20Service%20-%20Indian%20Statistical%20Service%20Examination%2C%202026,0,,69,certificate has expired
https://upsc.gov.in/examinations/Indian%20Forest%20Service%20%28Main%29%20Examination%2C%202025,0,,124,certificate has expired
https://upsc.gov.in/examinations/Indian%20Forest%20Service%20%28Preliminary%29%20Examination%2C%202025%20through%20CS%28P%29%20Examination%202025,0,,129,certificate has expired
https://upsc.gov.in/examinations/Indian%20Forest%20Service%20%28Preliminary%29%20Examination%2C%202026%20through%20CS%28P%29%20Examination%2C%202026,0,,75,certificate has expired
https://upsc.gov.in/examinations/Indian%20Forest%20Service%20Examination%2C%202025,0,,75,certificate has expired
https://upsc.gov.in/examinations/National%20Defence%20Academy%20and%20Naval%20Academy%20Examination%20%28I%29%2C%202026,0,,134,certificate has expired
https://upsc.gov.in/examinations/National%20Defence%20Academy%20and%20Naval%20Academy%20Examination%20%28II%29%2C%202025,0,,111,certificate has expired
https://upsc.gov.in/examinations/National%20Defence%20Academy%20and%20Naval%20Academy%20Examination%20%28II%29%2C%202026,0,,92,certificate has expired
https://upsconline.nic.in/,200,https://upsconline.nic.in/,82,
https://upsconline.nic.in/login,200,https://upsconline.nic.in/login,144,
https://upsconline.nic.in/ora/ora-candidate/realms/candidate-portal/protocol/openid-connect/auth?client_id=account&redirect_uri=https://upsconline.nic.in/ora/ora-candidate/realms/candidate-portal/account/login-redirect&state=0/1e2c1a00-0637-9398-d13c-f7546447681d&response_type=code&scope=openid,200,https://upsconline.nic.in/ora/ora-candidate/realms/candidate-portal/protocol/openid-connect/auth?client_id=account&redirect_uri=https://upsconline.nic.in/ora/ora-candidate/realms/candidate-portal/account/login-redirect&state=0/1e2c1a00-0637-9398-d13c-f7546447681d&response_type=code&scope=openid,280,
https://upsconline.nic.in/ora/ora-candidate/realms/candidate-portal/protocol/openid-connect/auth?client_id=account&redirect_uri=https%3A%2F%2Fupsconline.nic.in%2Fora%2Fora-candidate%2Frealms%2Fcandidate-portal%2Faccount%2Flogin-redirect&state=0%2F60ebc04f-a4d0-0f98-d440-bfc70633999a&response_type=code&scope=openid,200,https://upsconline.nic.in/ora/ora-candidate/realms/candidate-portal/protocol/openid-connect/auth?client_id=account&redirect_uri=https%3A%2F%2Fupsconline.nic.in%2Fora%2Fora-candidate%2Frealms%2Fcandidate-portal%2Faccount%2Flogin-redirect&state=0%2F60ebc04f-a4d0-0f98-d440-bfc70633999a&response_type=code&scope=openid,135,
https://upsconline.nic.in/ora/ora-candidate/realms/candidate-portal/protocol/openid-connect/auth?client_id=account&redirect_uri=https%3A%2F%2Fupsconline.nic.in%2Fora%2Fora-candidate%2Frealms%2Fcandidate-portal%2Faccount%2Flogin-redirect&state=0%2F8c70f635-3409-bb9a-f465-03624aca91e8&response_type=code&scope=openid,200,https://upsconline.nic.in/ora/ora-candidate/realms/candidate-portal/protocol/openid-connect/auth?client_id=account&redirect_uri=https%3A%2F%2Fupsconline.nic.in%2Fora%2Fora-candidate%2Frealms%2Fcandidate-portal%2Faccount%2Flogin-redirect&state=0%2F8c70f635-3409-bb9a-f465-03624aca91e8&response_type=code&scope=openid,165,
https://upsconline.nic.in/ora/ora-candidate/realms/candidate-portal/protocol/openid-connect/auth?client_id=account&redirect_uri=https%3A%2F%2Fupsconline.nic.in%2Fora%2Fora-candidate%2Frealms%2Fcandidate-portal%2Faccount%2Flogin-redirect&state=0%2Fbb2a1f85-4ec6-417d-595f-7937b596da18&response_type=code&scope=openid,200,https://upsconline.nic.in/ora/ora-candidate/realms/candidate-portal/protocol/openid-connect/auth?client_id=account&redirect_uri=https%3A%2F%2Fupsconline.nic.in%2Fora%2Fora-candidate%2Frealms%2Fcandidate-portal%2Faccount%2Flogin-redirect&state=0%2Fbb2a1f85-4ec6-417d-595f-7937b596da18&response_type=code&scope=openid,82,
https://upsconline.nic.in/ora/ora-candidate/realms/candidate-portal/protocol/openid-connect/auth?client_id=account&redirect_uri=https%3A%2F%2Fupsconline.nic.in%2Fora%2Fora-candidate%2Frealms%2Fcandidate-portal%2Faccount%2Flogin-redirect&state=0%2Ff16e3c2e-2b0e-0424-b0ce-2d0118bc9d53&response_type=code&scope=openid,200,https://upsconline.nic.in/ora/ora-candidate/realms/candidate-portal/protocol/openid-connect/auth?client_id=account&redirect_uri=https%3A%2F%2Fupsconline.nic.in%2Fora%2Fora-candidate%2Frealms%2Fcandidate-portal%2Faccount%2Flogin-redirect&state=0%2Ff16e3c2e-2b0e-0424-b0ce-2d0118bc9d53&response_type=code&scope=openid,84,
https://upsssc.gov.in/,0,,8004,timeout of 8000ms exceeded
https://vacancyportal.nhai.org/DeputyMgrGateCivil/UserManager/User/index.aspx,0,,8013,timeout of 8000ms exceeded
https://venkateshmultistate.com/,200,https://venkateshmultistate.com/,490,
https://ves.ac.in/,200,https://ves.ac.in/,1157,
https://vishwasbank.com/,404,https://vishwas.bank.in/,679,
https://vmgmc.edu.in/,200,https://vmgmc.edu.in/,24,
https://vncmj.edu.in/,200,https://vncmj.edu.in/,144,
https://vnit.ac.in/,0,,39,"unable to verify the first certificate; if the root CA is installed locally, try running Node.js with --use-system-ca"
https://vpkbiet.org/,200,https://vpkbiet.org/,764,
https://vvcmc.in/,503,https://vvcmc.in/,2794,
https://vyapamprofile.cgstate.gov.in/online/,200,https://vyapamprofile.cgstate.gov.in/online/,261,
https://waqftribunal.maharashtra.gov.in/,0,,57,certificate has expired
https://waranauniversity.org/,200,https://waranauni.ac.in/,300,
https://wardha.gov.in/,200,https://wardha.gov.in/,161,
https://wardha.gov.in/en/,200,https://wardha.gov.in/en/,223,
https://wardha.kvs.ac.in/,200,https://wardha.kvs.ac.in/,230,
https://washim.gov.in/,200,https://washim.gov.in/,209,
https://washim.gov.in/en/,200,https://washim.gov.in/en/,254,
https://washim.kvs.ac.in/,200,https://washim.kvs.ac.in/,679,
https://wcd.delhi.gov.in/,200,https://wcd.delhi.gov.in/,891,
https://wdra.gov.in/web/wdra/home,200,https://wdra.gov.in/web/wdra/home,277,
https://web.cmcchandrapur.com/?marathi=true,0,,8011,timeout of 8000ms exceeded
https://web.kolhapurcorporation.gov.in/,200,https://web.kolhapurcorporation.gov.in/,217,
https://web.kolhapurcorporation.gov.in/getPdfFile/92/19,200,https://web.kolhapurcorporation.gov.in/getPdfFile/92/19,162,
https://web.nlcindia.in/ldcapppap/,200,https://web.nlcindia.in/ldcapppap/,317,
https://whatsapp.com/channel/0029Vb8nq6A7z4kjcV0R5K29,200,https://www.whatsapp.com/channel/0029Vb8nq6A7z4kjcV0R5K29,681,
https://wii.gov.in/,200,https://wii.gov.in/,451,
https://wnsb.bank.in/index.php,200,https://wnsb.bank.in/index.php,572,
https://womenchild.maharashtra.gov.in/,200,https://womenchild.maharashtra.gov.in/,77,
https://wrd.maharashtra.gov.in/,404,https://wrd.maharashtra.gov.in/,185,
https://www.aai.aero/,200,https://www.aai.aero/,2379,
https://www.aai.aero/en/careers/recruitment,200,https://www.aai.aero/en/careers/recruitment,7714,
https://www.aai.aero/en/careers/recruitment?,200,https://www.aai.aero/en/careers/recruitment,7656,
https://www.ackolhapur.edu.in/,200,https://www.ackolhapur.edu.in/,1439,
https://www.actrec.gov.in/,0,,8007,timeout of 8000ms exceeded
https://www.ada.gov.in/,0,,169,read ECONNRESET
https://www.aiesl.in/Default.aspx,404,https://aiesl.in/Default.aspx,301,
https://www.aiims.edu/,200,https://www.aiims.edu/index.php/en,234,
https://www.aiimsexams.ac.in/,200,https://www.aiimsexams.ac.in/,163,
https://www.aiimsexams.ac.in/index.html,404,https://www.aiimsexams.ac.in/index.html,36,
https://www.airforceschoolvsnnagpur.org/,0,,413,getaddrinfo EAI_AGAIN www.airforceschoolvsnnagpur.org
https://www.aitpune.com/,404,https://www.aitpune.com/,216,
https://www.akolaurban.bank.in/,200,https://www.akolaurban.bank.in/,411,
https://www.amc.bank.in/,200,https://www.amc.bank.in/,65,
https://www.apprenticeshipindia.gov.in/,403,https://www.apprenticeshipindia.gov.in/,500,
https://www.apsahmednagar.com/,404,https://www.apsahmednagar.com/,292,
https://www.apskamptee.in/,404,https://www.apskamptee.in/,378,
https://www.aripune.org/,200,https://aripune.res.in/,2745,
https://www.auric.city/,200,https://www.auric.city/,368,
https://www.aweil.in/,200,https://www.aweil.in/,3511,
https://www.axis.bank.in/careers,200,https://www.axis.bank.in/careers,726,
https://www.ayush.gov.in/,200,https://www.ayush.gov.in/,142,
https://www.balmerlawrie.com/,0,,8007,timeout of 8000ms exceeded
https://www.balmerlawrie.com/careers/current-openings,0,,149,self-signed certificate in certificate chain
https://www.bamu.ac.in/en/administrationpage/news-events-tenders/?tab=1,0,,75,"unable to verify the first certificate; if the root CA is installed locally, try running Node.js with --use-system-ca"
https://www.bankofbaroda.in/,404,https://bankofbaroda.bank.in/,269,
https://www.barc.gov.in/,200,https://www.barc.gov.in/,248,
https://www.barc.gov.in/careers/recruitment.html,200,https://www.barc.gov.in/careers/recruitment.html,227,
https://www.bavmcpune.edu.in/,200,https://www.bavmcpune.edu.in/,74,
https://www.becil.com/,200,https://www.becil.com/,483,
https://www.bemlindia.in/,200,https://www.bemlindia.in/,560,
https://www.bemlindia.in/careers/,200,https://www.bemlindia.in/careers/,352,
https://www.bestundertaking.com/,200,https://www.bestundertaking.com/,216,
https://www.bharatpetroleum.in/,403,https://www.bharatpetroleum.in/,124,
https://www.bharatpetroleum.in/index,403,https://www.bharatpetroleum.in/index,122,
https://www.bhel.com/,200,https://www.bhel.com/,172,
https://www.blvn.edu.in/,200,https://www.blvn.edu.in/,1386,
https://www.bobcaps.in/careers,200,https://www.bobcaps.in/careers,353,
https://www.brahmavalley.com/,200,https://brahmavalley.edu.in/,107,
https://www.bro.gov.in/,0,,244,Hostname/IP does not match certificate's altnames: Host: www.bro.gov.in. is not in the cert's altnames: DNS:bro.gov.in
https://www.bro.gov.in/index.asp?lang=1&projectid=9,0,,242,Hostname/IP does not match certificate's altnames: Host: www.bro.gov.in. is not in the cert's altnames: DNS:bro.gov.in
https://www.bsbl.bank.in/,0,,30,"unable to verify the first certificate; if the root CA is installed locally, try running Node.js with --use-system-ca"
https://www.bsnl.co.in/,0,,8031,timeout of 8000ms exceeded
https://www.cbdeolali.org.in/,0,,8008,timeout of 8000ms exceeded
https://www.cbs.ac.in/,200,https://www.cbs.ac.in/,205,
https://www.cciltd.in/,403,https://www.cciltd.in/,95,
https://www.ccmb.res.in/,0,,424,self-signed certificate in certificate chain
https://www.ccrhindia.nic.in/,0,,8015,timeout of 8000ms exceeded
https://www.cdac.in/,200,https://www.cdac.in/,166,
https://www.cdot.in/,200,https://www.cdot.in/cdotweb/web/home.php,475,
https://www.celindia.co.in/,404,https://www.celindia.co.in/,306,
https://www.centaurhotels.com/,200,https://www.centaurhotels.com/,997,
https://www.centralbankofindia.co.in/,200,https://centralbank.bank.in/en,835,
https://www.centralindiacollegeoflaw.in/,200,https://www.centralindiacollegeoflaw.in/,40,
https://www.cesihm.com/,200,https://www.cesihm.com/,2409,
https://www.cfsl.in/,200,https://www.cfsl.in/,589,
https://www.cfslchandigarh.gov.in/(S(fdssg3pvoebuml51fkhpt0hz))/Home.aspx,0,,1129,"unable to verify the first certificate; if the root CA is installed locally, try running Node.js with --use-system-ca"
https://www.chhsambhajinagarmc.org/,200,https://www.chhsambhajinagarmc.org/,557,
https://www.cife.edu.in/,200,https://www.cife.edu.in/,183,
https://www.cipet.gov.in/,0,,1108,Maximum number of redirects exceeded
https://www.civilaviation.gov.in/,403,https://www.civilaviation.gov.in/,1032,
https://www.cmcchandrapur.com/,0,,8026,timeout of 8000ms exceeded
https://www.cmeri.res.in/vacancy,401,https://www.cmeri.res.in/vacancy,80,
https://www.cmfri.org.in/career,200,https://www.cmfri.org.in/career,1056,
https://www.coalindia.in/,403,https://www.coalindia.in/,70,
https://www.coalindia.in/career-cil/,403,https://www.coalindia.in/career-cil/,288,
https://www.coeptech.ac.in/,200,https://www.coeptech.ac.in/,2221,
https://www.cooperation.gov.in/,0,,197,"unable to verify the first certificate; if the root CA is installed locally, try running Node.js with --use-system-ca"
https://www.cosmosbank.com/,0,,211,"Parse Error: Expected HTTP/, RTSP/ or ICE/"
https://www.csir.res.in/,0,,8006,timeout of 8000ms exceeded
https://www.csir.res.in/hi,200,https://www.csir.res.in/hi,253,
https://www.csir.res.in/hi/career-opportunities/recruitment,200,https://www.csir.res.in/hi/career-opportunities/recruitment,633,
https://www.cukerala.ac.in/,200,https://www.cukerala.ac.in/,216,
https://www.cwc.gov.in/,0,,8008,timeout of 8000ms exceeded
https://www.dbskkv.org/,200,https://www.dbskkv.org/,63,
https://www.ddpmod.gov.in/hi,200,https://www.ddpmod.gov.in/hi,1246,
https://www.deendayalport.gov.in/,206,https://www.deendayalport.gov.in/,206,
https://www.dgft.gov.in/,403,https://www.dgft.gov.in/,106,
https://www.dgqadefence.gov.in/,0,,113,unable to get local issuer certificate
https://www.dharampethscience.com/,200,https://www.dharampethscience.com/,2270,
https://www.dncnagpur.ac.in/,200,https://www.dncnagpur.ac.in/,114,
https://www.dohe-education.gov.in/,403,https://www.dohe-education.gov.in/,1072,
https://www.dpcc.delhigovt.nic.in/,0,,271,"unable to verify the first certificate; if the root CA is installed locally, try running Node.js with --use-system-ca"
https://www.drdo.gov.in/,200,https://xn--m1b0a2bb8esed.xn--11b7cb3a6a.xn--h2brj9c/drdo/hi/,274,
https://www.drdo.gov.in/drdo/,200,https://www.drdo.gov.in/drdo/,470,
https://www.drscgmcnanded.in/,200,https://www.drscgmcnanded.in/,135,
https://www.dtl.gov.in/,0,,792,Maximum number of redirects exceeded
https://www.dypcoei.edu.in/,200,https://www.dypcoei.edu.in/,485,
https://www.easterncoal.nic.in/,0,,8008,timeout of 8000ms exceeded
https://www.echs.gov.in/,404,https://www.echs.gov.in/,105,
https://www.ecil.co.in/,200,https://www.ecil.co.in/,204,
https://www.edcilindia.co.in/,200,https://www.edcilindia.co.in/,787,
https://www.education.gov.in/,403,https://www.education.gov.in/,1050,
https://www.eescoet.org/,200,https://www.eescoet.org/,1546,
https://www.epfindia.gov.in/site_en/index.php,404,https://www.epfo.gov.in/site_en/,1232,
https://www.epfindia.gov.in/site_hi/index.php,404,https://www.epfo.gov.in/site_hi/,1099,
https://www.esic.gov.in/,0,,8009,timeout of 8000ms exceeded
https://www.esic.nic.in/,0,,8039,timeout of 8000ms exceeded
https://www.eximbankindia.in/,200,https://www.eximbankindia.in/,367,
https://www.fabtechmultistate.com/,200,https://www.fabtechmultistate.com/,205,
https://www.fddiindia.com/,200,https://fddiindia.com/,445,
https://www.federalbank.co.in/,200,"https://validate.perfdrive.com/?ssa=bc005a29-aec8-486b-bebb-57d235ba568b&ssb=74749269093&ssc=https%3A%2F%2Fwww.federalbank.co.in%2F&ssi=9fe8a437-e42i-4587-813a-d4f1006a1bbe&ssk=botmanager_support@radware.com&ssm=63278491531340172102197425768926&ssn=706a171196be39092cbb445c9f29a42342a9d5bc5a79-274d-43b1-95c867&sso=c30f1518-f5028053533ea6b7f7e103e2ce0203f2b94a4fe7fe7b41a5&ssp=17407186521787685516178764020020762&ssq=07604273847852753306238478608670323283280&ssr=MTg4LjI0MS42MS4xMjk=&sst=Mozilla/5.0%20(Linux;%20Android%2010;%20K)%20AppleWebKit/537.36%20(KHTML,%20like%20Gecko)%20Chrome/140.0.0.0%20Mobile%20Safari/537.36%20(compatible;%20Googlebot/2.1;%20+http://www.google.com/bot.html)&ssu=&ssv=&ssw=&ssx=eyJ1em14IjoiN2ZjMDAwYjc5ZjZmZDUtMTg5OC00N2Y1LTgxNjQtMjhkMGMyYWZjZjc3MS0xNzg3NjM4NDc5MDAzMC0wMDI2ZTJmYWRhZmYxOTdkNTA5MTAiLCJfX3V6bWYiOiI3ZjkwMDBkNWJjNWE3OS0yNzRkLTQzYjEtOTUxOC1mNTAyODA1MzUzM2UxLTE3ODc2Mzg0NzkwMDMwLTAwMGI5ZGMyMTcyZDJiZGEzNGUxMCIsInJkIjoiZmVkZXJhbC5iYW5rLmluIn0=",825,
https://www.fssai.gov.in/,0,,8008,timeout of 8000ms exceeded
https://www.gajananbank.com/,0,,8005,timeout of 8000ms exceeded
https://www.gargiedu.com/,200,https://www.gargiedu.com/,146,
https://www.gcebhandara.org/,200,https://www.gcebhandara.org/,179,
https://www.gcoej.ac.in/,200,https://www.gcoej.ac.in/,525,
https://www.gdchjalgaon.ac.in/,200,https://www.gdchjalgaon.ac.in/,920,
https://www.gipcl.com/career-vadodra-plant.aspx,200,https://www.gipcl.com/career-vadodra-plant.aspx,298,
https://www.glcmumbai.com/,200,https://www.glcmumbai.com/,623,
https://www.gmcambernath.com/,200,https://www.gmcambernath.com/,49,
https://www.gmcmiraj.edu.in/,200,https://www.gmcmiraj.edu.in/,678,
https://www.gmcsatara.org/,200,https://www.gmcsatara.org/,1245,
https://www.gpdhule.org.in/,0,,24,getaddrinfo ENOTFOUND www.gpdhule.org.in
https://www.gpjalna.ac.in/,200,https://www.gpjalna.ac.in/,310,
https://www.gpwashim.edu.in/,200,https://www.gpwashim.edu.in/,1027,
https://www.grwpl.org.in/,200,https://swaa.info/,1614,
https://www.grwptasgaon.ac.in/,200,https://www.grwptasgaon.ac.in/,406,
https://www.hal-india.co.in/,200,https://www.hal-india.co.in/,258,
https://www.hbcse.tifr.res.in/,404,https://www.hbcse.tifr.res.in/,111,
https://www.hindustanpetroleum.com/,200,https://www.hindustanpetroleum.com/,66,
https://www.hindustanpetroleum.com/job-openings,200,https://www.hindustanpetroleum.com/job-openings,37,
https://www.hphcrecruitment.in/login,200,https://www.hphcrecruitment.in/login,132,
https://www.ib.tmbonline.bank.in/tmb_careers/,200,https://www.ib.tmbonline.bank.in/tmb_careers/,282,
https://www.ibps.in/,0,,21,"unable to verify the first certificate; if the root CA is installed locally, try running Node.js with --use-system-ca"
https://www.icai.org/,200,https://www.icai.org/,247,
https://www.icmpune.org/,200,https://www.icmpune.org/,1706,
https://www.icmr.gov.in/,200,https://www.icmr.gov.in/,2941,
https://www.icsi.edu/,200,https://www.icsi.edu/,212,
https://www.ictmumbai.edu.in/,403,https://www.ictmumbai.edu.in/,144,
https://www.icts.res.in/opportunities/clerk-trainee-2026-03,200,https://www.icts.res.in/opportunities/clerk-trainee-2026-03,499,
https://www.idbi.bank.in/err404.aspx,0,,183,Maximum number of redirects exceeded
https://www.idbi.bank.in/idbi-bank-careers-current-openings.aspx,0,,151,Maximum number of redirects exceeded
https://www.idbibank.in/,0,,131,Maximum number of redirects exceeded
https://www.igcar.gov.in/,200,https://www.igcar.gov.in/,196,
https://www.iiap.res.in/iia_jobs,0,,103,self-signed certificate in certificate chain
https://www.iiitn.ac.in/,0,,1502,Parse Error: Invalid header value char
https://www.iipsindia.ac.in/,200,https://www.iipsindia.ac.in/,1657,
https://www.iiserpune.ac.in/,0,,8015,timeout of 8000ms exceeded
https://www.iiserpune.ac.in/opportunities/opening?id=1260,206,https://www.iiserpune.ac.in/opportunities/opening?id=1260,575,
https://www.iitb.ac.in/,200,https://www.iitb.ac.in/,542,
https://www.iitdh.ac.in/,200,https://www.iitdh.ac.in/,503,
https://www.iiti.ac.in/recruitments/jrf-srf-positions,404,https://www.iiti.ac.in/recruitments/jrf-srf-positions,115,
https://www.iitk.ac.in/,200,https://www.iitk.ac.in/,1938,
https://www.iitkgp.ac.in/,200,https://www.iitkgp.ac.in/,2363,
https://www.immt.res.in/,0,,8006,timeout of 8000ms exceeded
https://www.imu.edu.in/imunew/index/home,0,,5039,getaddrinfo EAI_AGAIN www.imu.edu.in
https://www.incometax.gov.in/,200,https://www.incometax.gov.in/iec/foportal/,182,
https://www.incometaxindia.gov.in/,403,https://www.incometaxindia.gov.in/,1131,
https://www.indbankonline.com/,200,https://www.indbankonline.com/,279,
https://www.indianarmy.nic.in/,0,,104,"unable to verify the first certificate; if the root CA is installed locally, try running Node.js with --use-system-ca"
https://www.indiannavy.nic.in/,0,,8009,timeout of 8000ms exceeded
https://www.indianspices.com/,200,https://www.indianspices.com/,856,
https://www.indiapost.gov.in/,200,https://www.indiapost.gov.in/,416,
https://www.insuranceinstituteofindia.com/,404,https://www.insuranceinstituteofindia.com/,123,
https://www.iob.bank.in/en/,200,https://www.iob.bank.in/en/,128,
https://www.iob.bank.in/en/careers,200,https://www.iob.bank.in/en/careers,114,
https://www.iob.in/,200,https://www.iob.bank.in/en/,1241,
https://www.iprcl.in/,200,https://www.iprcl.in/,5803,
https://www.irctc.com/,0,,8021,timeout of 8000ms exceeded
https://www.irel.co.in/,200,https://www.irel.co.in/,204,
https://www.isro.gov.in/,200,https://www.isro.gov.in/,55,
https://www.isro.gov.in/Careers.html,200,https://www.isro.gov.in/Careers.html,35,
https://www.isro.gov.in/ISTRAC.html,200,https://www.isro.gov.in/ISTRAC.html,30,
https://www.isro.gov.in/ViewAllOpportunities.html,200,https://www.isro.gov.in/ViewAllOpportunities.html,43,
https://www.itbpolice.nic.in/,0,,8008,timeout of 8000ms exceeded
https://www.itsportsrecruitmentpune2026.com/lander,404,https://www.itsportsrecruitmentpune2026.com/lander,957,
https://www.ivri.nic.in/,200,https://www.ivri.nic.in/,509,
https://www.jalshakti-dowr.gov.in/,403,https://www.jalshakti-dowr.gov.in/,930,
https://www.jeevandayee.gov.in/MJPJAY/index.jsp,0,,8010,timeout of 8000ms exceeded
https://www.jercuts.gov.in/,0,,8015,timeout of 8000ms exceeded
https://www.jnport.gov.in/,200,https://www.jnport.gov.in/,376,
https://www.joinindianarmy.nic.in/,200,https://www.joinindianarmy.nic.in/Authentication.aspx,291,
https://www.joinindianarmy.nic.in/Authentication.aspx,200,https://www.joinindianarmy.nic.in/Authentication.aspx,114,
https://www.joinindianarmy.nic.in/default.aspx,200,https://www.joinindianarmy.nic.in/Authentication.aspx,268,
https://www.joinindiannavy.gov.in/,200,https://www.joinindiannavy.gov.in/,1075,
https://www.joinindiannavy.gov.in/en/account/account/register,200,https://www.joinindiannavy.gov.in/en/account/account/register,991,
https://www.jsbdharashiv.bank.in/,200,https://www.jsbdharashiv.bank.in/,75,
https://www.jusb.bank.in/,200,https://www.jusb.bank.in/,160,
https://www.kamlanehrucollege.ac.in/,404,https://www.kamlanehrucollege.ac.in/,82,
https://www.kem.edu/,200,https://www.kem.edu/,257,
https://www.kkwagh.edu.in/,200,https://www.kkwagh.edu.in/,237,
https://www.kopbankasso.co.in/,200,https://www.kopbankasso.co.in/,64,
https://www.lattheeducation.in/,200,https://www.lattheeducation.in/,95,
https://www.ldpbank.com/index.php,200,https://www.ldpbank.com/index.php,1133,
https://www.licindia.in/documents/d/guest/bio-data-format,200,https://www.licindia.in/documents/d/guest/bio-data-format,369,
https://www.lifecarehll.com/,200,https://www.lifecarehll.com/,904,
https://www.lpsc.gov.in/,200,https://www.lpsc.gov.in/,42,
https://www.madcindia.org/,200,https://www.madcindia.org/,145,
https://www.mafsu.in/,0,,122,"write EPROTO E41D0000:error:0A000458:SSL routines:ssl3_read_bytes:tlsv1 unrecognized name:openssl\ssl\record\rec_layer_s3.c:918:SSL alert number 112
"
https://www.mahaarchaeology.in/,200,https://www.mahaarchaeology.in/,417,
https://www.mahadiscom.in/,200,https://www.mahadiscom.in/,97,
https://www.mahadiscom.in/en/home/,200,https://www.mahadiscom.in/en/home/,82,
https://www.mahadiscom.in/en/recruitment-career-options/,200,https://www.mahadiscom.in/en/recruitment-career-options/,92,
https://www.mahagenco.in/,200,https://www.mahagenco.in/,165,
https://www.mahagramin.in/,0,,178,"unable to verify the first certificate; if the root CA is installed locally, try running Node.js with --use-system-ca"
https://www.mahametro.org/index.html,200,https://www.mahametro.org/index.html,64,
https://www.mahanadicoal.in/OurPeople/ourpeople.php,0,,211,self-signed certificate in certificate chain
https://www.maharashtra.gov.in/,200,https://maharashtra.gov.in/,546,
https://www.maharashtratourism.gov.in/,200,https://maharashtratourism.gov.in/,1760,
https://www.maharshikarve.ac.in/,200,https://www.maharshikarve.ac.in/,255,
https://www.mahasacs.org/,200,https://www.mahasacs.org/,927,
https://www.mahatransco.in/,0,,98,"unable to verify the first certificate; if the root CA is installed locally, try running Node.js with --use-system-ca"
https://www.maladbank.bank.in/,200,https://www.maladbank.bank.in/,100,
https://www.malegaoncorporation.org/,0,,33,Hostname/IP does not match certificate's altnames: Host: www.malegaoncorporation.org. is not in the cert's altnames: DNS:malegaoncorporation.org
https://www.mavimindia.org/,0,,70,getaddrinfo ENOTFOUND www.mavimindia.org
https://www.mcgm.gov.in/,200,https://www.mcgm.gov.in/irj/portal/anonymous,7020,
https://www.mcgm.gov.in/irj/portal/anonymous,200,https://www.mcgm.gov.in/irj/portal/anonymous,191,
https://www.mcgm.gov.in/irj/portal/anonymous/qlrn?guest_user=english,200,https://www.mcgm.gov.in/irj/portal/anonymous/qlrn?guest_user=english,145,
https://www.mea.gov.in/,403,https://www.mea.gov.in/,31,
https://www.mecl.co.in/Index.aspx?Lng=HI,200,https://www.mecl.co.in/default.aspx?Lng=HI,1138,
https://www.melghattiger.gov.in/,0,,2321,getaddrinfo EAI_AGAIN www.melghattiger.gov.in
https://www.meshss.com/,200,https://www.meshss.com/,241,
https://www.mgims.ac.in/,200,https://www.mgims.ac.in/,1816,
https://www.mgmccsit.ac.in/,200,https://www.mgmccsit.ac.in/,840,
https://www.mha.gov.in/en/notifications/vacancies,403,https://www.mha.gov.in/en/notifications/vacancies,925,
https://www.mibpharma.org.in/,200,https://www.mibpharma.org.in/,98,
https://www.mmmocl.co.in/,200,https://www.mmmocl.co.in/,165,
https://www.mnsbank.in/,0,,81,"unable to verify the first certificate; if the root CA is installed locally, try running Node.js with --use-system-ca"
https://www.moil.nic.in/,200,https://www.moil.nic.in/public/home,220,
https://www.mospi.gov.in/,200,https://www.mospi.gov.in/,117,
https://www.mpsc.gov.in/,0,,21,Hostname/IP does not match certificate's altnames: Host: www.mpsc.gov.in. is not in the cert's altnames: DNS:mpsc.gov.in
https://www.msamb.com/,200,https://www.msamb.com/,139,
https://www.mscbank.com/,0,,154,certificate has expired
https://www.mscepune.in/,0,,233,certificate has expired
https://www.msebindia.com/,200,https://www.msebindia.com/,2777,
https://www.msihmctpune.org.in/,200,https://www.msihmctpune.org.in/,496,
https://www.msrtc.gov.in/,0,,8006,timeout of 8000ms exceeded
https://www.mssjalna.org/,200,https://www.mssjalna.org/,570,
https://www.mu.ac.in/fshow.php?id=34,200,https://www.mu.ac.in/fshow.php?id=34,1998,
https://www.mucbank.com/,0,,72,socket hang up
https://www.muhs.ac.in/,200,https://www.muhs.ac.in/,528,
https://www.mumbaiport.gov.in/,0,,264,"unable to verify the first certificate; if the root CA is installed locally, try running Node.js with --use-system-ca"
https://www.nabard.org/,200,https://www.nabard.org/Hindi/Default.aspx,284,
https://www.nabard.org/Hindi/Default.aspx,200,https://www.nabard.org/Hindi/Default.aspx,52,
https://www.nabfid.org/,200,https://www.nabfid.org/,540,
https://www.nagpuruniversity.org/,200,https://nagpuruniversity.ac.in/,1487,
https://www.nagpurzp.com/,0,,277,getaddrinfo EAI_AGAIN www.nagpurzp.com
https://www.nainitalbank.co.in/,200,https://www.nainitalbank.bank.in/,294,
https://www.nal.res.in/,200,https://www.nal.res.in/,490,
https://www.nal.res.in/en,200,https://www.nal.res.in/en,573,
https://www.nari-icmr.res.in/,200,https://www.nari-icmr.res.in/,271,
https://www.natboard.edu.in/,200,https://www.natboard.edu.in/,113,
https://www.nationalfertilizers.com/,200,https://www.nationalfertilizers.com/,343,
https://www.nationalfertilizers.com/en/careers/advertisement-for-the-post-of-dir,200,https://www.nationalfertilizers.com/en/careers/advertisement-for-the-post-of-director-technical-in-nfl/,2542,
https://www.navodaya.gov.in/,0,,251,Parse Error: Data after `Connection: close`
https://www.navodaya.gov.in/nvs/nvs-school/Ahmednagar/en/home,0,,97,Parse Error: Data after `Connection: close`
https://www.navodaya.gov.in/nvs/nvs-school/Aurangabad/en/about_us/About-JNV/,0,,152,Parse Error: Data after `Connection: close`
https://www.navodaya.gov.in/nvs/nvs-school/Sangli/en/contact-us/JNV/,0,,325,Parse Error: Data after `Connection: close`
https://www.navodaya.gov.in/nvs/nvs-school/Solapur/en/home/,0,,198,Parse Error: Data after `Connection: close`
https://www.navodaya.gov.in/nvs/nvs-school/Washim/en/about_us/About-JNV/,0,,101,Parse Error: Data after `Connection: close`
https://www.navodaya.gov.in/nvs/nvs-school/Yavatmal/en/home/,0,,103,Parse Error: Data after `Connection: close`
https://www.nbaind.org/,200,https://www.nbaind.org/,462,
https://www.ncdc.in/index.jsp,0,,8007,timeout of 8000ms exceeded
https://www.ncl-india.org/,0,,8008,timeout of 8000ms exceeded
https://www.ncra.tifr.res.in/,200,https://www.ncra.tifr.res.in/,296,
https://www.ncs.gov.in/,200,https://ncs.gov.in/,124,
https://www.ncsnskedu.in/,0,,525,"write EPROTO E41D0000:error:0A000438:SSL routines:ssl3_read_bytes:tlsv1 alert internal error:openssl\ssl\record\rec_layer_s3.c:918:SSL alert number 80
"
https://www.neeri.res.in/,0,,81,"unable to verify the first certificate; if the root CA is installed locally, try running Node.js with --use-system-ca"
https://www.newindia.co.in/,200,https://www.newindia.co.in/,693,
https://www.newindia.co.in/portal/,502,https://www.newindia.co.in/portal/,1220,
https://www.nfdcindia.com/,0,,16,"unable to verify the first certificate; if the root CA is installed locally, try running Node.js with --use-system-ca"
https://www.nfsu.ac.in/,200,https://www.nfsu.ac.in/,59,
https://www.nfsu.ac.in/Home,200,https://www.nfsu.ac.in/Home,39,
https://www.ngel.in/ngel-home,200,https://www.ngel.in/ngel-home,235,
https://www.nhidcl.com/application/login,200,https://www.nhidcl.com/application/login,645,
https://www.nia.gov.in/,200,https://nia.gov.in/,2287,
https://www.niist.res.in/recruitment-post-multi-tasking-staff-vide-advt-no012026,0,,122,"unable to verify the first certificate; if the root CA is installed locally, try running Node.js with --use-system-ca"
https://www.nio.res.in/,200,https://www.nio.res.in/,316,
https://www.nitgoa.ac.in/,0,,238,self-signed certificate in certificate chain
https://www.niti.gov.in/,403,https://www.niti.gov.in/,896,
https://www.niti.gov.in/work-niti/vacancy-circular,403,https://www.niti.gov.in/work-niti/vacancy-circular,1011,
https://www.nitnasik.com/,0,,8005,timeout of 8000ms exceeded
https://www.nkgsb-bank.com/,200,https://www.nkgsb.bank.in/,291,
https://www.nlcindia.in/,200,https://www.nlcindia.in/,226,
https://www.nmcnagpur.gov.in/,200,https://www.nmcnagpur.gov.in/,1389,
https://www.nmdc.co.in/,404,https://www.nmdc.co.in/,271,
https://www.nmiet.edu.in/,0,,8002,timeout of 8000ms exceeded
https://www.nmmc.gov.in/,200,https://www.nmmc.gov.in/,23,
https://www.nmmc.gov.in/navimumbai/,200,https://www.nmmc.gov.in/navimumbai/,115,
https://www.nnsbank.co.in/,500,https://www.nnsbank.co.in/,1026,
https://www.npcil.nic.in/,404,https://www.npcil.nic.in/,284,
https://www.npcil.nic.in/content/289_1_Opportunities.aspx,404,https://www.npcil.nic.in/content/289_1_Opportunities.aspx,394,
https://www.npcil.nic.in/Content/Hindi/index.aspx,404,https://www.npcil.nic.in/Content/Hindi/index.aspx,246,
https://www.npcilcareers.co.in/MainSiten/default.aspx,404,https://www.npcilcareers.co.in/MainSiten/default.aspx,288,
https://www.nrsc.gov.in/nrscnew/,200,https://www.nrsc.gov.in/nrscnew/,99,
https://www.nspmcop.org/,200,https://www.nspmcop.org/,803,
https://www.oil-india.com/,200,https://www.oil-india.com/,971,
https://www.ongcindia.com/,200,https://www.ongcindia.com/,2772,
https://www.panjabraonightcollege.org/,200,https://www.panjabraonightcollege.org/,1048,
https://www.patanbank.com/,0,,3225,connect ECONNREFUSED 162.215.226.4:443
https://www.pavanabank.bank.in/,200,https://www.pavanabank.bank.in/,119,
https://www.pawanhans.co.in/,404,https://www.pawanhans.co.in/,552,
https://www.pcmcindia.gov.in/marathi/,200,https://www.pcmcindia.gov.in/,465,
https://www.pdilin.com/,200,https://www.pdilin.com/,66,
https://www.pdilin.com/careers.php,200,https://www.pdilin.com/careers.php,41,
https://www.pdkv.ac.in/,200,https://www.pdkv.ac.in/,1063,
https://www.pharatepatilayurved.org/,404,https://www.pharatepatilayurved.org/,1324,
https://www.pmc.gov.in/,0,,52,Parse Error: Invalid header value char
https://www.pmc.gov.in/mr/?main=true,0,,94,Parse Error: Invalid header value char
https://www.pnbindia.in/,404,https://www.pnbindia.in/,119,
https://www.powergrid.in/,0,,8013,timeout of 8000ms exceeded
https://www.powergrid.in/en/job-opportunities,200,https://www.powergrid.in/en/job-opportunities,376,
https://www.powergrid.in/en/rolling-advertisement-enagagement-apprentices,200,https://www.powergrid.in/en/rolling-advertisement-enagagement-apprentices,137,
https://www.powergrid.in/en/rolling-advertisement-for-enagagement-of-apprentices,200,https://www.powergrid.in/en/rolling-advertisement-for-enagagement-of-apprentices,140,
https://www.powergrid.in/index.php/en/job-opportunities?title=&field_job_opportunities_year_target_id=582,0,,8023,timeout of 8000ms exceeded
https://www.ppcbank.co.in/,0,,750,"self-signed certificate; if the root CA is installed locally, try running Node.js with --use-system-ca"
https://www.prl.res.in/prl-eng/,200,https://www.prl.res.in/prl-eng/,309,
https://www.puneiat.edu.in/,200,https://www.puneiat.edu.in/,543,
https://www.punepeoples.bank.in/recruitment-process,200,https://www.punepeoples.bank.in/recruitment-process,105,
https://www.punepeoplesbank.com/,0,,8005,timeout of 8000ms exceeded
https://www.punepolice.gov.in/,200,https://www.punepolice.gov.in/,123,
https://www.punezp.gov.in/en/%E0%A4%AC%E0%A4%BE%E0%A4%B0%E0%A4%BE%E0%A4%AE%E0%A4%A4%E0%A5%80/,0,,8019,timeout of 8000ms exceeded
https://www.rajapururbanbank.com/,200,https://rajapururban.bank.in/,1367,
https://www.rajarambapubank.org/,200,https://rajarambapu.bank.in/,626,
https://www.rajarshishahubankpune.com/,200,https://shahubankpune.bank.in/,583,
https://www.rbi.org.in/,403,https://www.rbi.org.in/,79,
https://www.rcfltd.com/,0,,525,self-signed certificate in certificate chain
https://www.recpdcl.in/,0,,19,self-signed certificate in certificate chain
https://www.recruitment.itbpolice.nic.in/,0,,281,"Hostname/IP does not match certificate's altnames: Host: www.recruitment.itbpolice.nic.in. is not in the cert's altnames: DNS:*.itbpolice.nic.in, DNS:itbpolice.nic.in"
https://www.repcobank.com/,200,https://www.repcobank.com/,884,
https://www.rites.com/,0,,119,"unable to verify the first certificate; if the root CA is installed locally, try running Node.js with --use-system-ca"
https://www.rrbapply.gov.in/,404,https://www.rrbapply.gov.in/,142,
https://www.rrbcdg.gov.in/2018-01-alptech.php,0,,92,Hostname/IP does not match certificate's altnames: Host: www.rrbcdg.gov.in. is not in the cert's altnames: DNS:rrbcdg.gov.in
https://www.rrbcdg.gov.in/2018-02-grpd.php,0,,3148,Hostname/IP does not match certificate's altnames: Host: www.rrbcdg.gov.in. is not in the cert's altnames: DNS:rrbcdg.gov.in
https://www.rrbcdg.gov.in/2018-03-je.php,0,,102,Hostname/IP does not match certificate's altnames: Host: www.rrbcdg.gov.in. is not in the cert's altnames: DNS:rrbcdg.gov.in
https://www.rrbcdg.gov.in/2019-01-ntpc.php,0,,106,Hostname/IP does not match certificate's altnames: Host: www.rrbcdg.gov.in. is not in the cert's altnames: DNS:rrbcdg.gov.in
https://www.rrbcdg.gov.in/2019-02-paramed.php,0,,100,Hostname/IP does not match certificate's altnames: Host: www.rrbcdg.gov.in. is not in the cert's altnames: DNS:rrbcdg.gov.in
https://www.rrbcdg.gov.in/2019-03-m&i.php,0,,1183,Hostname/IP does not match certificate's altnames: Host: www.rrbcdg.gov.in. is not in the cert's altnames: DNS:rrbcdg.gov.in
https://www.rrbcdg.gov.in/2024-01-alp.php,0,,1126,Hostname/IP does not match certificate's altnames: Host: www.rrbcdg.gov.in. is not in the cert's altnames: DNS:rrbcdg.gov.in
https://www.rrbcdg.gov.in/2024-02-tech.php,0,,89,Hostname/IP does not match certificate's altnames: Host: www.rrbcdg.gov.in. is not in the cert's altnames: DNS:rrbcdg.gov.in
https://www.rrbcdg.gov.in/2024-03-je.php,0,,98,Hostname/IP does not match certificate's altnames: Host: www.rrbcdg.gov.in. is not in the cert's altnames: DNS:rrbcdg.gov.in
https://www.rrbcdg.gov.in/2024-04-pmed.php,0,,97,Hostname/IP does not match certificate's altnames: Host: www.rrbcdg.gov.in. is not in the cert's altnames: DNS:rrbcdg.gov.in
https://www.rrbcdg.gov.in/2024-05-ntpcg.php,0,,83,Hostname/IP does not match certificate's altnames: Host: www.rrbcdg.gov.in. is not in the cert's altnames: DNS:rrbcdg.gov.in
https://www.rrbcdg.gov.in/2024-06-ntpcug.php,0,,82,Hostname/IP does not match certificate's altnames: Host: www.rrbcdg.gov.in. is not in the cert's altnames: DNS:rrbcdg.gov.in
https://www.rrbcdg.gov.in/2024-07-m&i.php,0,,342,Hostname/IP does not match certificate's altnames: Host: www.rrbcdg.gov.in. is not in the cert's altnames: DNS:rrbcdg.gov.in
https://www.rrbcdg.gov.in/2024-08-level1.php,0,,116,Hostname/IP does not match certificate's altnames: Host: www.rrbcdg.gov.in. is not in the cert's altnames: DNS:rrbcdg.gov.in
https://www.rrbcdg.gov.in/2025-01-alp.php,0,,114,Hostname/IP does not match certificate's altnames: Host: www.rrbcdg.gov.in. is not in the cert's altnames: DNS:rrbcdg.gov.in
https://www.rrbcdg.gov.in/2025-02-tech.php,0,,91,Hostname/IP does not match certificate's altnames: Host: www.rrbcdg.gov.in. is not in the cert's altnames: DNS:rrbcdg.gov.in
https://www.rrbcdg.gov.in/2025-03-pmed.php,0,,1143,Hostname/IP does not match certificate's altnames: Host: www.rrbcdg.gov.in. is not in the cert's altnames: DNS:rrbcdg.gov.in
https://www.rrbcdg.gov.in/2025-04-sctrl.php,0,,1134,Hostname/IP does not match certificate's altnames: Host: www.rrbcdg.gov.in. is not in the cert's altnames: DNS:rrbcdg.gov.in
https://www.rrbcdg.gov.in/2025-05-JE.php,0,,102,Hostname/IP does not match certificate's altnames: Host: www.rrbcdg.gov.in. is not in the cert's altnames: DNS:rrbcdg.gov.in
https://www.rrbcdg.gov.in/2025-06-ntpcg.php,0,,7157,Hostname/IP does not match certificate's altnames: Host: www.rrbcdg.gov.in. is not in the cert's altnames: DNS:rrbcdg.gov.in
https://www.rrbcdg.gov.in/2025-07-ntpcug.php,0,,100,Hostname/IP does not match certificate's altnames: Host: www.rrbcdg.gov.in. is not in the cert's altnames: DNS:rrbcdg.gov.in
https://www.rrbcdg.gov.in/2025-08-isol.php,0,,1184,Hostname/IP does not match certificate's altnames: Host: www.rrbcdg.gov.in. is not in the cert's altnames: DNS:rrbcdg.gov.in
https://www.rrbcdg.gov.in/2025-09-level1.php,0,,125,Hostname/IP does not match certificate's altnames: Host: www.rrbcdg.gov.in. is not in the cert's altnames: DNS:rrbcdg.gov.in
https://www.rrbcdg.gov.in/2026-01-alp.php,0,,1130,Hostname/IP does not match certificate's altnames: Host: www.rrbcdg.gov.in. is not in the cert's altnames: DNS:rrbcdg.gov.in
https://www.rrccr.com/,200,https://www.rrccr.com/,72,
https://www.rrccr.com/home/home,200,https://www.rrccr.com/home/home,25,
https://www.rrcer.org/,200,https://www.rrcer.org/,59,
https://www.rrcpryj.org/,0,,51,Hostname/IP does not match certificate's altnames: Host: www.rrcpryj.org. is not in the cert's altnames: DNS:rrcpryj.org
https://www.sai.org.in/,200,https://www.sai.org.in/,61,
https://www.sail.co.in/,0,,126,"unable to verify the first certificate; if the root CA is installed locally, try running Node.js with --use-system-ca"
https://www.sainiksatara.org/,200,https://www.sainiksatara.org/,88,
https://www.sanglidccbank.com/,206,https://sanglidccb.bank.in/,1391,
https://www.sanskrit.nic.in/,0,,1146,"unable to verify the first certificate; if the root CA is installed locally, try running Node.js with --use-system-ca"
https://www.satara.gov.in/,200,https://www.satara.gov.in/,356,
https://www.satara.gov.in/en/,200,https://www.satara.gov.in/en/,184,
https://www.sebi.gov.in/,200,https://www.sebi.gov.in/,89,
https://www.sgbau.ac.in/,0,,94,Hostname/IP does not match certificate's altnames: Host: www.sgbau.ac.in. is not in the cert's altnames: DNS:sgbau.ac.in
https://www.shahucollegekalyan.in/,200,https://www.shahucollegekalyan.in/,151,
https://www.shikshakbank.com/,0,,58,getaddrinfo ENOTFOUND www.shikshakbank.com
https://www.shipindia.com/,200,https://www.shipindia.com/,153,
https://www.shirpur.org/,200,https://shirpur.org/mhome/,3230,
https://www.sidbi.in/,200,https://www.sidbi.in/en/,291,
https://www.sidbi.in/en/,200,https://www.sidbi.in/en/,443,
https://www.sindhudurgdcc.com/,0,,92,certificate has expired
https://www.solapurcorporation.gov.in/,200,https://www.solapurcorporation.gov.in/smc/home_marathi,229,
https://www.southindianbank.com/,0,,28,"unable to verify the first certificate; if the root CA is installed locally, try running Node.js with --use-system-ca"
https://www.spmcil.com/en/,200,https://www.spmcil.com/en/,319,
https://www.sra.gov.in/,200,https://www.sra.gov.in/,64,
https://www.srtmun.ac.in/,200,https://srtmun.ac.in/,110,
https://www.stpi.in/,0,,157,self-signed certificate in certificate chain
https://www.stpi.in/en/main-career,0,,81,self-signed certificate in certificate chain
https://www.svkm.ac.in/,200,https://www.svkm.ac.in/,500,
https://www.svnirtar.nic.in/,200,https://www.svnirtar.nic.in/,353,
https://www.svpuat.edu.in/,200,https://www.svpuat.edu.in/,193,
https://www.tcil.net.in/,200,https://www.tcil.net.in/index.php,247,
https://www.tcsion.com/home/,403,https://www.tcsion.com/home/,1005,
https://www.tgprb.in/,200,https://www.tgprb.in/,134,
https://www.thesahyadribank.com/,200,https://sahyadri.bank.in/,1885,
https://www.tifr.res.in/,200,https://www.tifr.res.in/,1022,
https://www.tifr.res.in/recruitment/,200,https://www.tifr.res.in/recruitment/,39,
https://www.tirupatibank.com/,200,https://tirupati.bank.in/,1376,
https://www.tiss.ac.in/,0,,150,"unable to verify the first certificate; if the root CA is installed locally, try running Node.js with --use-system-ca"
https://www.tiss.edu/,0,,8008,timeout of 8000ms exceeded
https://www.trai.gov.in/,200,https://www.trai.gov.in/,170,
https://www.tropmet.res.in/,200,https://www.tropmet.res.in/,592,
https://www.umed.in/,200,https://www.umed.in/,86,
https://www.unigoa.ac.in/,0,,8012,timeout of 8000ms exceeded
https://www.unionbankofindia.bank.in/en/common/recruitment,500,https://www.unionbankofindia.bank.in/en/common/recruitment,166,
https://www.unionbankofindia.co.in/en/home,500,https://www.unionbankofindia.co.in/en/home,22,
https://www.unishivaji.ac.in/,200,https://www.unishivaji.ac.in/,1934,
https://www.upessc.up.gov.in/,0,,8004,timeout of 8000ms exceeded
https://www.upsc.gov.in/,403,https://www.upsc.gov.in/,2013,
https://www.upsc.gov.in/whats-new/01%20post%20of%20Assistant%20Director%20Grade-I%20(IEDS)%20(Metal%20Finishing)%20in%20Ministry%20of%20MSME/Addendum%20Notice,403,https://www.upsc.gov.in/whats-new/01%20post%20of%20Assistant%20Director%20Grade-I%20(IEDS)%20(Metal%20Finishing)%20in%20Ministry%20of%20MSME/Addendum%20Notice,954,
https://www.upsc.gov.in/whats-new/02%20posts%20of%20Assistant%20Director%20Grade-I%20(IEDS)%20(Chemical)%20in%20Ministry%20of%20MSME/Addendum%20Notice,403,https://www.upsc.gov.in/whats-new/02%20posts%20of%20Assistant%20Director%20Grade-I%20(IEDS)%20(Chemical)%20in%20Ministry%20of%20MSME/Addendum%20Notice,922,
https://www.upsc.gov.in/whats-new/02%20posts%20of%20Assistant%20Director%20Grade-I%20(IEDS)%20(Hosiery)%20in%20Ministry%20of%20MSME/Addendum%20Notice,403,https://www.upsc.gov.in/whats-new/02%20posts%20of%20Assistant%20Director%20Grade-I%20(IEDS)%20(Hosiery)%20in%20Ministry%20of%20MSME/Addendum%20Notice,899,
https://www.upsc.gov.in/whats-new/03%20posts%20of%20Assistant%20Director%20Grade-I%20(IEDS)%20(Food)%20in%20Ministry%20of%20MSME/Addendum%20Notice,403,https://www.upsc.gov.in/whats-new/03%20posts%20of%20Assistant%20Director%20Grade-I%20(IEDS)%20(Food)%20in%20Ministry%20of%20MSME/Addendum%20Notice,901,
https://www.upsc.gov.in/whats-new/03%20posts%20of%20Assistant%20Director%20Grade-I%20(IEDS)%20(Leather%20&%20Footwear)%20in%20Ministry%20of%20MSME/Addendum%20Notice,403,https://www.upsc.gov.in/whats-new/03%20posts%20of%20Assistant%20Director%20Grade-I%20(IEDS)%20(Leather%20&%20Footwear)%20in%20Ministry%20of%20MSME/Addendum%20Notice,912,
https://www.upsc.gov.in/whats-new/03%20posts%20of%20Assistant%20Director%20Grade-II%20(IEDS)%20(Chemical)%20in%20Ministry%20of%20MSME/Addendum%20Notice,403,https://www.upsc.gov.in/whats-new/03%20posts%20of%20Assistant%20Director%20Grade-II%20(IEDS)%20(Chemical)%20in%20Ministry%20of%20MSME/Addendum%20Notice,938,
https://www.upsc.gov.in/whats-new/04%20posts%20of%20Assistant%20Director%20Grade-II%20(IEDS)%20(Food)%20in%20Ministry%20of%20MSME/Addendum%20Notice,403,https://www.upsc.gov.in/whats-new/04%20posts%20of%20Assistant%20Director%20Grade-II%20(IEDS)%20(Food)%20in%20Ministry%20of%20MSME/Addendum%20Notice,914,
https://www.upsc.gov.in/whats-new/04%20posts%20of%20Assistant%20Director%20Grade-II%20(IEDS)%20(Hosiery)%20in%20Ministry%20of%20MSME/Addendum%20Notice,403,https://www.upsc.gov.in/whats-new/04%20posts%20of%20Assistant%20Director%20Grade-II%20(IEDS)%20(Hosiery)%20in%20Ministry%20of%20MSME/Addendum%20Notice,939,
https://www.upsc.gov.in/whats-new/04%20posts%20of%20Assistant%20Director%20Grade-II%20(IEDS)%20(Leather%20&%20Footwear)%20in%20Ministry%20of%20MSME/Addendum%20Notice,403,https://www.upsc.gov.in/whats-new/04%20posts%20of%20Assistant%20Director%20Grade-II%20(IEDS)%20(Leather%20&%20Footwear)%20in%20Ministry%20of%20MSME/Addendum%20Notice,876,
https://www.upsc.gov.in/whats-new/04%20posts%20of%20Scientist-B%20(Atmospheric%20Sciences)%20in%20Ministry%20of%20Earth%20Sciences/Addendum%20Notice,403,https://www.upsc.gov.in/whats-new/04%20posts%20of%20Scientist-B%20(Atmospheric%20Sciences)%20in%20Ministry%20of%20Earth%20Sciences/Addendum%20Notice,880,
https://www.upsc.gov.in/whats-new/09%20posts%20of%20Scientist-B%20(Instrumentation)%20in%20Ministry%20of%20Earth%20Sciences/Addendum%20Notice,403,https://www.upsc.gov.in/whats-new/09%20posts%20of%20Scientist-B%20(Instrumentation)%20in%20Ministry%20of%20Earth%20Sciences/Addendum%20Notice,830,
https://www.upsc.gov.in/whats-new/30%20posts%20of%20Scientist-B%20(General%20Meteorology)%20in%20Ministry%20of%20Earth%20Sciences/Addendum%20Notice,403,https://www.upsc.gov.in/whats-new/30%20posts%20of%20Scientist-B%20(General%20Meteorology)%20in%20Ministry%20of%20Earth%20Sciences/Addendum%20Notice,826,
https://www.upsconline.nic.in/oraepfo/vacancy.php,0,,149,Hostname/IP does not match certificate's altnames: Host: www.upsconline.nic.in. is not in the cert's altnames: DNS:upsconline.nic.in
https://www.vdgmclatur.org/,200,https://www.vdgmclatur.org/,334,
https://www.vidyanandbank.com/,200,https://www.vidyanandbank.com/,868,
https://www.vishweshwarbank.com/,0,,2704,Maximum number of redirects exceeded
https://www.vjsbl.bank.in/jobs/deputy-manager-2/,200,https://www.vjsbl.bank.in/jobs/deputy-manager-2/,4900,
https://www.vssc.gov.in/VSSC/,200,https://www.vssc.gov.in/VSSC/,75,
https://www.waibank.co.in/,200,https://www.waibank.co.in/,1234,
https://www.westerncoal.in/,200,https://www.westerncoal.in/hi,241,
https://www.westerncoal.in/hi,200,https://www.westerncoal.in/hi,28,
https://www.yantraindia.co.in/home,0,,173,Hostname/IP does not match certificate's altnames: Host: www.yantraindia.co.in. is not in the cert's altnames: DNS:yantraindia.co.in
https://www.yashodeepcop.com/,200,https://www.yashodeepcop.com/,969,
https://www.ycipbeed.in/,200,https://ycipbeed.in/,1334,
https://www.youtube.com/watch?v=0779hWEtRMY,200,https://m.youtube.com/watch?v=0779hWEtRMY,970,
https://www.youtube.com/watch?v=2SoSATsVJL0,200,https://m.youtube.com/watch?v=2SoSATsVJL0,819,
https://www.youtube.com/watch?v=49tzEyu11Pg,200,https://m.youtube.com/watch?v=49tzEyu11Pg,1281,
https://www.youtube.com/watch?v=4LMv3DUxWq0,200,https://m.youtube.com/watch?v=4LMv3DUxWq0,878,
https://www.youtube.com/watch?v=6TvuECAX95U,200,https://m.youtube.com/watch?v=6TvuECAX95U,914,
https://www.youtube.com/watch?v=8Ui_RiJT0AU,200,https://m.youtube.com/watch?v=8Ui_RiJT0AU,951,
https://www.youtube.com/watch?v=bAelRJju5pU,200,https://m.youtube.com/watch?v=bAelRJju5pU,849,
https://www.youtube.com/watch?v=CbOVxel2U9E,200,https://m.youtube.com/watch?v=CbOVxel2U9E,1022,
https://www.youtube.com/watch?v=EyJGbUMY3dA,200,https://m.youtube.com/watch?v=EyJGbUMY3dA,941,
https://www.youtube.com/watch?v=fyamY7RPgTU,200,https://m.youtube.com/watch?v=fyamY7RPgTU,926,
https://www.youtube.com/watch?v=H43DzNbvtLo,200,https://m.youtube.com/watch?v=H43DzNbvtLo,291,
https://www.youtube.com/watch?v=IbmO7g_jFHw,200,https://m.youtube.com/watch?v=IbmO7g_jFHw,1329,
https://www.youtube.com/watch?v=jryT-c42dI4,200,https://m.youtube.com/watch?v=jryT-c42dI4,1134,
https://www.youtube.com/watch?v=kkIULxLKnlc,200,https://m.youtube.com/watch?v=kkIULxLKnlc,1003,
https://www.youtube.com/watch?v=mJGJOlDhf24,200,https://m.youtube.com/watch?v=mJGJOlDhf24,1286,
https://www.youtube.com/watch?v=MR0gG6Z3mKc,200,https://m.youtube.com/watch?v=MR0gG6Z3mKc,911,
https://www.youtube.com/watch?v=mutzJrzFeVg,200,https://m.youtube.com/watch?v=mutzJrzFeVg,1066,
https://www.youtube.com/watch?v=nA-C88qhbhA,200,https://m.youtube.com/watch?v=nA-C88qhbhA,901,
https://www.youtube.com/watch?v=PVuT9UbznHU,200,https://m.youtube.com/watch?v=PVuT9UbznHU,1030,
https://www.youtube.com/watch?v=R0CtW8jzes8,200,https://m.youtube.com/watch?v=R0CtW8jzes8,961,
https://www.youtube.com/watch?v=riDnPOVEu7Q,200,https://m.youtube.com/watch?v=riDnPOVEu7Q,880,
https://www.youtube.com/watch?v=rKSpggM17To,200,https://m.youtube.com/watch?v=rKSpggM17To,676,
https://www.youtube.com/watch?v=S99xJvmSQgw,200,https://m.youtube.com/watch?v=S99xJvmSQgw,658,
https://www.youtube.com/watch?v=sIbpiqzCa8I,200,https://m.youtube.com/watch?v=sIbpiqzCa8I,780,
https://www.youtube.com/watch?v=t-JKK_iLDww,200,https://m.youtube.com/watch?v=t-JKK_iLDww,1012,
https://www.youtube.com/watch?v=tSHxfA6l4Cg,200,https://m.youtube.com/watch?v=tSHxfA6l4Cg,877,
https://www.youtube.com/watch?v=uybZsLrU2aQ,200,https://m.youtube.com/watch?v=uybZsLrU2aQ,1094,
https://www.youtube.com/watch?v=vfxaKZMtOUQ,200,https://m.youtube.com/watch?v=vfxaKZMtOUQ,760,
https://www.youtube.com/watch?v=XmG9gc5b35Q,200,https://m.youtube.com/watch?v=XmG9gc5b35Q,996,
https://www.youtube.com/watch?v=Yt_pnEvcbg0,200,https://m.youtube.com/watch?v=Yt_pnEvcbg0,765,
https://www.zpkolhapur.gov.in/,200,https://www.zpkolhapur.gov.in/,1004,
https://www.zpkolhapur.info/,200,https://www.zpkolhapur.info/,1062,
https://www.zpsatara.gov.in/,200,https://www.zpsatara.gov.in/,1646,
https://www.zpsolapur.gov.in/,200,https://www.zpsolapur.gov.in/,352,
https://www.zpsolapur.gov.in/en/past-notices/zp-recruitments/page/3,404,https://www.zpsolapur.gov.in/en/past-notices/zp-recruitments/page/3,530,
https://xn--m1b0a2bb8esed.xn--11b7cb3a6a.xn--h2brj9c/drdo/hi/,200,https://xn--m1b0a2bb8esed.xn--11b7cb3a6a.xn--h2brj9c/drdo/hi/,246,
https://yavatmal.gov.in/,200,https://yavatmal.gov.in/,166,
https://ycmislampur.ac.in/,200,https://ycmislampur.ac.in/,314,
https://ycmou.ac.in/home,200,https://ycmou.ac.in/home/,480,
https://yewsnational.org/,0,,798,certificate has expired
https://zpamravati.gov.in/,200,https://zpamravati.gov.in/,293,
https://zpchandrapur.maharashtra.gov.in/,200,https://zpchandrapur.maharashtra.gov.in/,299,
https://zpdharashiv.maharashtra.gov.in/en/notice-category/recruitments-en/,200,https://zpdharashiv.maharashtra.gov.in/en/notice-category/recruitments-en/,517,
https://zpdhule.maharashtra.gov.in/,200,https://zpdhule.maharashtra.gov.in/,331,
https://zpgadchiroli.maharashtra.gov.in/,200,https://zpgadchiroli.maharashtra.gov.in/,352,
https://zphingoli.in/,200,https://aviator-game-app.click/,1165,
https://zpjalgaon.gov.in/,200,https://zpjalgaon.gov.in/,267,
https://zpkolhapur.gov.in/,200,https://www.zpkolhapur.gov.in/,825,
https://zplatur.gov.in/,200,https://zplatur.gov.in/,254,
https://zpnashik.maharashtra.gov.in/,200,https://zpnashik.maharashtra.gov.in/,566,
https://zpratnagiri.gov.in/,200,https://zpratnagiri.gov.in/,451,
https://zpsolapur.gov.in/,200,https://www.zpsolapur.gov.in/,541,
https://zpwardha.maharashtra.gov.in/,200,https://zpwardha.maharashtra.gov.in/,1310,
https://zpyavatmal.gov.in/,200,https://zpyavatmal.gov.in/,879,
https://zpyavatmal.gov.in/en/,200,https://zpyavatmal.gov.in/en/,425,
