"url_a","url_b","page_type_a","page_type_b","jaccard_similarity_percent","words_a","words_b"
"https://www.searchsarkarinaukri.com/engineer-jobs-in-mumbai","https://www.searchsarkarinaukri.com/engineering-jobs-in-mumbai","other","other","98.29","811","813"
"https://www.searchsarkarinaukri.com/jobs/all-india-institute-of-medical-sciences-nagpur-all-india-institute-of-medical-sciences-2026--3521","https://www.searchsarkarinaukri.com/jobs/all-india-institute-of-medical-sciences-nagpur-all-india-institute-of-medical-sciences-2026--3659","job-listing","job-listing","96.45","357","357"
"https://www.searchsarkarinaukri.com/engineer-jobs-in-delhi","https://www.searchsarkarinaukri.com/engineering-jobs-in-delhi","other","other","96.23","542","544"
"https://www.searchsarkarinaukri.com/jobs/sgbau-amravati-sgbau-amravati-2026--4840","https://www.searchsarkarinaukri.com/jobs/sgbau-amravati-sgbau-amravati-2026--5012","job-listing","job-listing","96.20","277","277"
"https://www.searchsarkarinaukri.com/jobs/all-india-institute-of-medical-sciences-nagpur-all-india-institute-of-medical-sciences-2026--4323","https://www.searchsarkarinaukri.com/jobs/all-india-institute-of-medical-sciences-nagpur-all-india-institute-of-medical-sciences-2026--4433","job-listing","job-listing","96.17","316","316"
"https://www.searchsarkarinaukri.com/jobs/all-india-institute-of-medical-sciences-nagpur-all-india-institute-of-medical-sciences-2026--4323","https://www.searchsarkarinaukri.com/jobs/all-india-institute-of-medical-sciences-nagpur-all-india-institute-of-medical-sciences-2026--4534","job-listing","job-listing","96.17","316","316"
"https://www.searchsarkarinaukri.com/jobs/all-india-institute-of-medical-sciences-nagpur-all-india-institute-of-medical-sciences-2026--4433","https://www.searchsarkarinaukri.com/jobs/all-india-institute-of-medical-sciences-nagpur-all-india-institute-of-medical-sciences-2026--4534","job-listing","job-listing","96.17","316","316"
"https://www.searchsarkarinaukri.com/jobs/all-india-institute-of-medical-sciences-nagpur-all-india-institute-of-medical-sciences-2026--4323","https://www.searchsarkarinaukri.com/jobs/all-india-institute-of-medical-sciences-nagpur-all-india-institute-of-medical-sciences-2026--4584","job-listing","job-listing","96.17","316","316"
"https://www.searchsarkarinaukri.com/jobs/all-india-institute-of-medical-sciences-nagpur-all-india-institute-of-medical-sciences-2026--4433","https://www.searchsarkarinaukri.com/jobs/all-india-institute-of-medical-sciences-nagpur-all-india-institute-of-medical-sciences-2026--4584","job-listing","job-listing","96.17","316","316"
"https://www.searchsarkarinaukri.com/jobs/all-india-institute-of-medical-sciences-nagpur-all-india-institute-of-medical-sciences-2026--4534","https://www.searchsarkarinaukri.com/jobs/all-india-institute-of-medical-sciences-nagpur-all-india-institute-of-medical-sciences-2026--4584","job-listing","job-listing","96.17","316","316"
"https://www.searchsarkarinaukri.com/jobs/airports-authority-of-india-airports-authority-of-india-2026--3473","https://www.searchsarkarinaukri.com/jobs/airports-authority-of-india-airports-authority-of-india-2026--3787","job-listing","job-listing","96.15","309","309"
"https://www.searchsarkarinaukri.com/jobs/airports-authority-of-india-airports-authority-of-india-2026--3787","https://www.searchsarkarinaukri.com/jobs/airports-authority-of-india-airports-authority-of-india-2026--4383","job-listing","job-listing","96.15","309","309"
"https://www.searchsarkarinaukri.com/jobs/airports-authority-of-india-airports-authority-of-india-2026--3473","https://www.searchsarkarinaukri.com/jobs/airports-authority-of-india-airports-authority-of-india-2026--4383","job-listing","job-listing","96.15","309","309"
"https://www.searchsarkarinaukri.com/jobs/airports-authority-of-india-airports-authority-of-india-2026--4671","https://www.searchsarkarinaukri.com/jobs/airports-authority-of-india-airports-authority-of-india-2026--4529","job-listing","job-listing","96.15","309","309"
"https://www.searchsarkarinaukri.com/jobs/indian-council-of-agricultural-research-young-professional-ii-2026--2050","https://www.searchsarkarinaukri.com/jobs/indian-council-of-agricultural-research-young-professional-ii-2026--2051","job-listing","job-listing","96.10","232","233"
"https://www.searchsarkarinaukri.com/jobs/defence-institute-of-advanced-technology-pune-defence-institute-of-advanced-2026--2926","https://www.searchsarkarinaukri.com/jobs/defence-institute-of-advanced-technology-pune-defence-institute-of-advanced-2026--2989","job-listing","job-listing","96.08","271","271"
"https://www.searchsarkarinaukri.com/jobs/vnit-nagpur-vnit-nagpur-2026--2791","https://www.searchsarkarinaukri.com/jobs/vnit-nagpur-vnit-nagpur-2026--3463","job-listing","job-listing","96.06","260","260"
"https://www.searchsarkarinaukri.com/jobs/kendriya-vidyalaya-pune-kendriya-vidyalaya-pune-2026--2271","https://www.searchsarkarinaukri.com/jobs/kendriya-vidyalaya-pune-kendriya-vidyalaya-pune-2026--1729","job-listing","job-listing","96.03","263","263"
"https://www.searchsarkarinaukri.com/jobs/tiss-mumbai-tiss-mumbai-2026--1837","https://www.searchsarkarinaukri.com/jobs/tiss-mumbai-tiss-mumbai-2026--1913","job-listing","job-listing","96.03","262","262"
"https://www.searchsarkarinaukri.com/jobs/tiss-mumbai-tiss-mumbai-2026--2029","https://www.searchsarkarinaukri.com/jobs/tiss-mumbai-tiss-mumbai-2026--2263","job-listing","job-listing","96.03","262","262"
"https://www.searchsarkarinaukri.com/jobs/tiss-mumbai-tiss-mumbai-2026--3403","https://www.searchsarkarinaukri.com/jobs/tiss-mumbai-tiss-mumbai-2026--4264","job-listing","job-listing","96.03","262","262"
"https://www.searchsarkarinaukri.com/jobs/tiss-mumbai-tiss-mumbai-2026--3403","https://www.searchsarkarinaukri.com/jobs/tiss-mumbai-tiss-mumbai-2026--3910","job-listing","job-listing","96.03","262","262"
"https://www.searchsarkarinaukri.com/jobs/tiss-mumbai-tiss-mumbai-2026--4264","https://www.searchsarkarinaukri.com/jobs/tiss-mumbai-tiss-mumbai-2026--3910","job-listing","job-listing","96.03","262","262"
"https://www.searchsarkarinaukri.com/jobs/sangli-urban-co-op-bank-sangli-urban-co-op-bank-2026--2541","https://www.searchsarkarinaukri.com/jobs/sangli-urban-co-op-bank-sangli-urban-co-op-bank-2026--2593","job-listing","job-listing","96.00","255","255"
"https://www.searchsarkarinaukri.com/jobs/army-institute-of-technology-pune-army-institute-of-technology-pune-2026--2749","https://www.searchsarkarinaukri.com/jobs/army-institute-of-technology-pune-army-institute-of-technology-pune-2026--3469","job-listing","job-listing","95.97","255","255"
"https://www.searchsarkarinaukri.com/jobs/rcsm-agriculture-college-kolhapur-rcsm-agriculture-college-kolhapur-2026--2875","https://www.searchsarkarinaukri.com/jobs/rcsm-agriculture-college-kolhapur-rcsm-agriculture-college-kolhapur-2026--2501","job-listing","job-listing","95.95","250","250"
"https://www.searchsarkarinaukri.com/jobs/iips-mumbai-iips-mumbai-2026--1715","https://www.searchsarkarinaukri.com/jobs/iips-mumbai-iips-mumbai-2026--2243","job-listing","job-listing","95.88","242","242"
"https://www.searchsarkarinaukri.com/jobs/ministry-of-jal-shakti-ministry-of-jal-shakti-2026--2026","https://www.searchsarkarinaukri.com/jobs/ministry-of-jal-shakti-ministry-of-jal-shakti-2026--2347","job-listing","job-listing","95.88","267","267"
"https://www.searchsarkarinaukri.com/jobs/tifr-mumbai-tifr-mumbai-2026--1960","https://www.searchsarkarinaukri.com/jobs/tifr-mumbai-tifr-mumbai-2026--2064","job-listing","job-listing","95.88","247","247"
"https://www.searchsarkarinaukri.com/jobs/ahmednagar-merchant-co-op-bank-ltd-ahmednagar-merchant-co-op-bank-ltd-2026--2449","https://www.searchsarkarinaukri.com/jobs/ahmednagar-merchant-co-op-bank-ltd-ahmednagar-merchant-co-op-bank-ltd-2026--2549","job-listing","job-listing","95.85","249","249"
"https://www.searchsarkarinaukri.com/jobs/adivasi-vikas-vibhag-thane-adivasi-vikas-vibhag-thane-2026--4332","https://www.searchsarkarinaukri.com/jobs/adivasi-vikas-vibhag-thane-adivasi-vikas-vibhag-thane-2026--4482","job-listing","job-listing","95.83","239","239"
"https://www.searchsarkarinaukri.com/engineer-jobs-in-pune","https://www.searchsarkarinaukri.com/engineering-jobs-in-pune","other","other","95.79","322","324"
"https://www.searchsarkarinaukri.com/jobs/iiser-pune-iiser-pune-2026--1929","https://www.searchsarkarinaukri.com/jobs/iiser-pune-iiser-pune-2026--1981","job-listing","job-listing","95.78","240","240"
"https://www.searchsarkarinaukri.com/jobs/iiser-pune-iiser-pune-2026--1929","https://www.searchsarkarinaukri.com/jobs/iiser-pune-iiser-pune-2026--2244","job-listing","job-listing","95.78","240","240"
"https://www.searchsarkarinaukri.com/jobs/iiser-pune-iiser-pune-2026--1981","https://www.searchsarkarinaukri.com/jobs/iiser-pune-iiser-pune-2026--2244","job-listing","job-listing","95.78","240","240"
"https://www.searchsarkarinaukri.com/jobs/sndt-women-university-mumbai-sndt-women-university-mumbai-2026--1844","https://www.searchsarkarinaukri.com/jobs/sndt-women-university-mumbai-sndt-women-university-mumbai-2026--1995","job-listing","job-listing","95.78","239","239"
"https://www.searchsarkarinaukri.com/engineer-jobs-in-rajasthan","https://www.searchsarkarinaukri.com/engineering-jobs-in-rajasthan","other","other","95.77","523","525"
"https://www.searchsarkarinaukri.com/jobs/neeri-nagpur-neeri-nagpur-2026--2495","https://www.searchsarkarinaukri.com/jobs/neeri-nagpur-neeri-nagpur-2026--3648","job-listing","job-listing","95.74","237","237"
"https://www.searchsarkarinaukri.com/jobs/secr-nagpur-secr-nagpur-2026--2705","https://www.searchsarkarinaukri.com/jobs/secr-nagpur-secr-nagpur-2026--3416","job-listing","job-listing","95.74","237","237"
"https://www.searchsarkarinaukri.com/jobs/kendriya-vidyalaya-washim-kendriya-vidyalaya-washim-2026--2557","https://www.searchsarkarinaukri.com/jobs/kendriya-vidyalaya-washim-kendriya-vidyalaya-washim-2026--3305","job-listing","job-listing","95.73","236","236"
"https://www.searchsarkarinaukri.com/jobs/nhm-latur-nhm-latur-2026--3660","https://www.searchsarkarinaukri.com/jobs/nhm-latur-nhm-latur-2026--3778","job-listing","job-listing","95.73","237","237"
"https://www.searchsarkarinaukri.com/jobs/staff-selection-commission-staff-selection-commission-2026--1751","https://www.searchsarkarinaukri.com/jobs/staff-selection-commission-staff-selection-commission-2026--2375","job-listing","job-listing","95.69","231","231"
"https://www.searchsarkarinaukri.com/jobs/ordnance-factory-chanda-ordnance-factory-chanda-2026--2020","https://www.searchsarkarinaukri.com/jobs/ordnance-factory-chanda-ordnance-factory-chanda-2026--2058","job-listing","job-listing","95.63","232","232"
"https://www.searchsarkarinaukri.com/engineer-jobs-in-chandigarh","https://www.searchsarkarinaukri.com/engineering-jobs-in-chandigarh","other","other","95.61","502","504"
"https://www.searchsarkarinaukri.com/jobs/kadamba-transport-corporation-ltd-goa-kadamba-transport-corporation-ltd-goa-2026--2261","https://www.searchsarkarinaukri.com/jobs/kadamba-transport-corporation-ltd-goa-kadamba-transport-corporation-ltd-goa-2026--2804","job-listing","job-listing","95.59","232","232"
"https://www.searchsarkarinaukri.com/jobs/maharashtra-state-security-corporation-maharashtra-state-security-corporation-2026--4537","https://www.searchsarkarinaukri.com/jobs/maharashtra-state-security-corporation-maharashtra-state-security-corporation-2026--4582","job-listing","job-listing","95.56","229","229"
"https://www.searchsarkarinaukri.com/jobs/mpsc-group-c-mpsc-group-c-2026--3470","https://www.searchsarkarinaukri.com/jobs/mpsc-group-c-mpsc-group-c-2026--4020","job-listing","job-listing","95.56","227","227"
"https://www.searchsarkarinaukri.com/jobs/mpsc-group-c-mpsc-group-c-2026--3470","https://www.searchsarkarinaukri.com/jobs/mpsc-group-c-mpsc-group-c-2026--4136","job-listing","job-listing","95.56","227","227"
"https://www.searchsarkarinaukri.com/jobs/mpsc-group-c-mpsc-group-c-2026--4020","https://www.searchsarkarinaukri.com/jobs/mpsc-group-c-mpsc-group-c-2026--4136","job-listing","job-listing","95.56","227","227"
"https://www.searchsarkarinaukri.com/jobs/avnl-avnl-2026--2259","https://www.searchsarkarinaukri.com/jobs/avnl-avnl-2026--3032","job-listing","job-listing","95.54","223","223"
"https://www.searchsarkarinaukri.com/jobs/central-bank-of-india-central-bank-of-india-2026--1910","https://www.searchsarkarinaukri.com/jobs/central-bank-of-india-central-bank-of-india-2026--2298","job-listing","job-listing","95.54","223","223"
"https://www.searchsarkarinaukri.com/jobs/ibps-po-ibps-po-2026--2604","https://www.searchsarkarinaukri.com/jobs/ibps-po-ibps-po-2026--3419","job-listing","job-listing","95.54","227","227"
"https://www.searchsarkarinaukri.com/jobs/ibps-so-ibps-so-2026--2605","https://www.searchsarkarinaukri.com/jobs/ibps-so-ibps-so-2026--3420","job-listing","job-listing","95.54","227","227"
"https://www.searchsarkarinaukri.com/jobs/iim-mumbai-iim-mumbai-2026--2060","https://www.searchsarkarinaukri.com/jobs/iim-mumbai-iim-mumbai-2026--2546","job-listing","job-listing","95.54","227","227"
"https://www.searchsarkarinaukri.com/jobs/indian-air-force-agniveer-indian-air-force-agniveer-2026--3164","https://www.searchsarkarinaukri.com/jobs/indian-air-force-agniveer-indian-air-force-agniveer-2026--3902","job-listing","job-listing","95.48","220","220"
"https://www.searchsarkarinaukri.com/jobs/icar-iari-icar-iari-2026--4659","https://www.searchsarkarinaukri.com/jobs/icar-iari-icar-iari-2026--4943","job-listing","job-listing","95.45","230","230"
"https://www.searchsarkarinaukri.com/jobs/ict-mumbai-ict-mumbai-2026--2179","https://www.searchsarkarinaukri.com/jobs/ict-mumbai-ict-mumbai-2026--2834","job-listing","job-listing","95.39","216","216"
"https://www.searchsarkarinaukri.com/jobs/ict-mumbai-ict-mumbai-2026--3716","https://www.searchsarkarinaukri.com/jobs/ict-mumbai-ict-mumbai-2026--4070","job-listing","job-listing","95.39","216","216"
"https://www.searchsarkarinaukri.com/jobs/ict-mumbai-ict-mumbai-2026--3716","https://www.searchsarkarinaukri.com/jobs/ict-mumbai-ict-mumbai-2026--4427","job-listing","job-listing","95.39","216","216"
"https://www.searchsarkarinaukri.com/jobs/ict-mumbai-ict-mumbai-2026--4070","https://www.searchsarkarinaukri.com/jobs/ict-mumbai-ict-mumbai-2026--4427","job-listing","job-listing","95.39","216","216"
"https://www.searchsarkarinaukri.com/jobs/mazagon-dock-mazagon-dock-2026--1879","https://www.searchsarkarinaukri.com/jobs/mazagon-dock-mazagon-dock-2026--2615","job-listing","job-listing","95.37","215","215"
"https://www.searchsarkarinaukri.com/jobs/wcl-nagpur-wcl-nagpur-2026--2603","https://www.searchsarkarinaukri.com/jobs/wcl-nagpur-wcl-nagpur-2026--3270","job-listing","job-listing","95.37","238","238"
"https://www.searchsarkarinaukri.com/jobs/aiims-delhi-aiims-delhi-2026--2382","https://www.searchsarkarinaukri.com/jobs/aiims-delhi-aiims-delhi-2026--3210","job-listing","job-listing","95.33","218","218"
"https://www.searchsarkarinaukri.com/jobs/upsc-cds-upsc-cds-2026--1717","https://www.searchsarkarinaukri.com/jobs/upsc-cds-upsc-cds-2026--1827","job-listing","job-listing","95.33","218","218"
"https://www.searchsarkarinaukri.com/jobs/upsc-nda-upsc-nda-2026--1718","https://www.searchsarkarinaukri.com/jobs/upsc-nda-upsc-nda-2026--1828","job-listing","job-listing","95.33","218","218"
"https://www.searchsarkarinaukri.com/jobs/anganwadi-ahilyanagar-anganwadi-ahilyanagar-2026--2891","https://www.searchsarkarinaukri.com/jobs/anganwadi-ahilyanagar-anganwadi-ahilyanagar-2026--2932","job-listing","job-listing","95.31","212","212"
"https://www.searchsarkarinaukri.com/jobs/mpkv-mpkv-2026--3719","https://www.searchsarkarinaukri.com/jobs/mpkv-mpkv-2026--4578","job-listing","job-listing","95.31","215","215"
"https://www.searchsarkarinaukri.com/jobs/dbskkv-dbskkv-2026--2788","https://www.searchsarkarinaukri.com/jobs/dbskkv-dbskkv-2026--2924","job-listing","job-listing","95.26","215","215"
"https://www.searchsarkarinaukri.com/jobs/dbskkv-dbskkv-2026--2788","https://www.searchsarkarinaukri.com/jobs/dbskkv-dbskkv-2026--3517","job-listing","job-listing","95.26","215","215"
"https://www.searchsarkarinaukri.com/jobs/dbskkv-dbskkv-2026--2924","https://www.searchsarkarinaukri.com/jobs/dbskkv-dbskkv-2026--3517","job-listing","job-listing","95.26","215","215"
"https://www.searchsarkarinaukri.com/jobs/indian-council-of-agricultural-research-research-assistant-2026--1371","https://www.searchsarkarinaukri.com/jobs/indian-council-of-agricultural-research-research-assistant-2026--1372","job-listing","job-listing","95.24","236","235"
"https://www.searchsarkarinaukri.com/jobs/iit-goa-iit-goa-2026--2984","https://www.searchsarkarinaukri.com/jobs/iit-goa-iit-goa-2026--3298","job-listing","job-listing","95.22","211","211"
"https://www.searchsarkarinaukri.com/jobs/kvs-ahilyanagar-kvs-ahilyanagar-2026--2795","https://www.searchsarkarinaukri.com/jobs/kvs-ahilyanagar-kvs-ahilyanagar-2026--3352","job-listing","job-listing","95.19","211","211"
"https://www.searchsarkarinaukri.com/jobs/ncra-pune-ncra-pune-2026--4149","https://www.searchsarkarinaukri.com/jobs/ncra-pune-ncra-pune-2026--4085","job-listing","job-listing","94.78","234","234"
"https://www.searchsarkarinaukri.com/engineer-jobs-in-kolkata","https://www.searchsarkarinaukri.com/engineering-jobs-in-kolkata","other","other","94.30","251","253"
"https://www.searchsarkarinaukri.com/engineer-jobs-in-bihar","https://www.searchsarkarinaukri.com/engineering-jobs-in-bihar","other","other","94.27","382","384"
"https://www.searchsarkarinaukri.com/jobs/isro-lpsc-technical-assistant-chemical-recruitment-2026-apply-online--4978","https://www.searchsarkarinaukri.com/jobs/isro-lpsc-technical-assistant-mechanical-recruitment-2026-apply-online-for-6-posts--4977","job-listing","job-listing","94.19","305","305"
"https://www.searchsarkarinaukri.com/jobs/ministry-of-civil-aviation-ministry-of-civil-aviation-2026--2517","https://www.searchsarkarinaukri.com/jobs/ministry-of-civil-aviation-ministry-of-civil-aviation-2026--2747","job-listing","job-listing","93.97","241","241"
"https://www.searchsarkarinaukri.com/engineer-jobs-in-odisha","https://www.searchsarkarinaukri.com/engineering-jobs-in-odisha","other","other","93.88","526","528"
"https://www.searchsarkarinaukri.com/jobs/krcl-krcl-2026--4018","https://www.searchsarkarinaukri.com/jobs/krcl-krcl-2026--4330","job-listing","job-listing","93.83","250","250"
"https://www.searchsarkarinaukri.com/jobs/krcl-krcl-2026--4330","https://www.searchsarkarinaukri.com/jobs/krcl-krcl-2026--4583","job-listing","job-listing","93.83","250","250"
"https://www.searchsarkarinaukri.com/engineer-jobs-in-uttar-pradesh","https://www.searchsarkarinaukri.com/engineering-jobs-in-uttar-pradesh","other","other","93.57","370","372"
"https://www.searchsarkarinaukri.com/jobs/ministry-of-jal-shakti-ministry-of-jal-shakti-2026--2026","https://www.searchsarkarinaukri.com/jobs/ministry-of-jal-shakti-ministry-of-jal-shakti-2026--2502","job-listing","job-listing","93.55","267","267"
"https://www.searchsarkarinaukri.com/engineer-jobs-in-haryana","https://www.searchsarkarinaukri.com/engineering-jobs-in-haryana","other","other","93.48","368","370"
"https://www.searchsarkarinaukri.com/engineer-jobs-in-punjab","https://www.searchsarkarinaukri.com/engineering-jobs-in-punjab","other","other","93.48","368","370"
"https://www.searchsarkarinaukri.com/engineer-jobs-in-nagpur","https://www.searchsarkarinaukri.com/engineering-jobs-in-nagpur","other","other","93.13","141","143"
"https://www.searchsarkarinaukri.com/engineer-jobs-in-karnataka","https://www.searchsarkarinaukri.com/engineering-jobs-in-karnataka","other","other","93.08","201","203"
"https://www.searchsarkarinaukri.com/jobs/sgbau-amravati-sgbau-amravati-2026--2715","https://www.searchsarkarinaukri.com/jobs/sgbau-amravati-sgbau-amravati-2026--2794","job-listing","job-listing","93.08","310","310"
"https://www.searchsarkarinaukri.com/jobs/sgbau-amravati-sgbau-amravati-2026--3255","https://www.searchsarkarinaukri.com/jobs/sgbau-amravati-sgbau-amravati-2026--3589","job-listing","job-listing","93.08","310","310"
"https://www.searchsarkarinaukri.com/jobs/all-india-institute-of-medical-sciences-nagpur-all-india-institute-of-medical-sciences-2026--2264","https://www.searchsarkarinaukri.com/jobs/all-india-institute-of-medical-sciences-nagpur-all-india-institute-of-medical-sciences-2026--2313","job-listing","job-listing","93.03","357","357"
"https://www.searchsarkarinaukri.com/jobs/all-india-institute-of-medical-sciences-nagpur-all-india-institute-of-medical-sciences-2026--2264","https://www.searchsarkarinaukri.com/jobs/all-india-institute-of-medical-sciences-nagpur-all-india-institute-of-medical-sciences-2026--2652","job-listing","job-listing","93.03","357","357"
"https://www.searchsarkarinaukri.com/jobs/all-india-institute-of-medical-sciences-nagpur-all-india-institute-of-medical-sciences-2026--2313","https://www.searchsarkarinaukri.com/jobs/all-india-institute-of-medical-sciences-nagpur-all-india-institute-of-medical-sciences-2026--2652","job-listing","job-listing","93.03","357","357"
"https://www.searchsarkarinaukri.com/jobs/all-india-institute-of-medical-sciences-nagpur-all-india-institute-of-medical-sciences-2026--3659","https://www.searchsarkarinaukri.com/jobs/all-india-institute-of-medical-sciences-nagpur-all-india-institute-of-medical-sciences-2026--4008","job-listing","job-listing","93.03","357","357"
"https://www.searchsarkarinaukri.com/engineer-jobs-in-nashik","https://www.searchsarkarinaukri.com/engineering-jobs-in-nashik","other","other","92.97","428","430"
"https://www.searchsarkarinaukri.com/jobs/mumbai-port-trust-mumbai-port-trust-2026--3076","https://www.searchsarkarinaukri.com/jobs/mumbai-port-trust-mumbai-port-trust-2026--4155","job-listing","job-listing","92.89","285","285"
"https://www.searchsarkarinaukri.com/jobs/mumbai-port-trust-mumbai-port-trust-2026--3076","https://www.searchsarkarinaukri.com/jobs/mumbai-port-trust-mumbai-port-trust-2026--4273","job-listing","job-listing","92.89","285","285"
"https://www.searchsarkarinaukri.com/jobs/mumbai-port-trust-mumbai-port-trust-2026--4155","https://www.searchsarkarinaukri.com/jobs/mumbai-port-trust-mumbai-port-trust-2026--4273","job-listing","job-listing","92.89","285","285"
"https://www.searchsarkarinaukri.com/jobs/mumbai-port-trust-mumbai-port-trust-2026--3076","https://www.searchsarkarinaukri.com/jobs/mumbai-port-trust-mumbai-port-trust-2026--4674","job-listing","job-listing","92.89","285","285"
"https://www.searchsarkarinaukri.com/jobs/mumbai-port-trust-mumbai-port-trust-2026--4155","https://www.searchsarkarinaukri.com/jobs/mumbai-port-trust-mumbai-port-trust-2026--4674","job-listing","job-listing","92.89","285","285"
"https://www.searchsarkarinaukri.com/jobs/mumbai-port-trust-mumbai-port-trust-2026--4273","https://www.searchsarkarinaukri.com/jobs/mumbai-port-trust-mumbai-port-trust-2026--4674","job-listing","job-listing","92.89","285","285"
"https://www.searchsarkarinaukri.com/jobs/bank-of-baroda-bank-of-baroda-2026--2056","https://www.searchsarkarinaukri.com/jobs/bank-of-baroda-bank-of-baroda-2026--2436","job-listing","job-listing","92.86","264","264"
"https://www.searchsarkarinaukri.com/jobs/bank-of-baroda-bank-of-baroda-2026--2457","https://www.searchsarkarinaukri.com/jobs/bank-of-baroda-bank-of-baroda-2026--2507","job-listing","job-listing","92.86","264","264"
"https://www.searchsarkarinaukri.com/jobs/mumbai-port-trust-mumbai-port-trust-2026--1883","https://www.searchsarkarinaukri.com/jobs/mumbai-port-trust-mumbai-port-trust-2026--2045","job-listing","job-listing","92.73","315","315"
"https://www.searchsarkarinaukri.com/jobs/moef-moef-2026--2504","https://www.searchsarkarinaukri.com/jobs/moef-moef-2026--2831","job-listing","job-listing","92.69","224","224"
"https://www.searchsarkarinaukri.com/jobs/bharati-vidyapeeth-pune-bharati-vidyapeeth-pune-2026--2037","https://www.searchsarkarinaukri.com/jobs/bharati-vidyapeeth-pune-bharati-vidyapeeth-pune-2026--3357","job-listing","job-listing","92.62","285","285"
"https://www.searchsarkarinaukri.com/admit-cards/20","https://www.searchsarkarinaukri.com/admit-cards/32","admit-card","admit-card","92.54","139","139"
"https://www.searchsarkarinaukri.com/admit-cards/25","https://www.searchsarkarinaukri.com/admit-cards/32","admit-card","admit-card","92.54","139","139"
"https://www.searchsarkarinaukri.com/admit-cards/19","https://www.searchsarkarinaukri.com/admit-cards/33","admit-card","admit-card","92.54","139","139"
"https://www.searchsarkarinaukri.com/admit-cards/27","https://www.searchsarkarinaukri.com/admit-cards/33","admit-card","admit-card","92.54","139","139"
"https://www.searchsarkarinaukri.com/admit-cards/22","https://www.searchsarkarinaukri.com/admit-cards/36","admit-card","admit-card","92.54","139","139"
"https://www.searchsarkarinaukri.com/admit-cards/29","https://www.searchsarkarinaukri.com/admit-cards/36","admit-card","admit-card","92.54","139","139"
"https://www.searchsarkarinaukri.com/admit-cards/20","https://www.searchsarkarinaukri.com/admit-cards/39","admit-card","admit-card","92.54","139","139"
"https://www.searchsarkarinaukri.com/admit-cards/25","https://www.searchsarkarinaukri.com/admit-cards/39","admit-card","admit-card","92.54","139","139"
"https://www.searchsarkarinaukri.com/admit-cards/22","https://www.searchsarkarinaukri.com/admit-cards/43","admit-card","admit-card","92.54","139","139"
"https://www.searchsarkarinaukri.com/admit-cards/29","https://www.searchsarkarinaukri.com/admit-cards/43","admit-card","admit-card","92.54","139","139"
"https://www.searchsarkarinaukri.com/admit-cards/19","https://www.searchsarkarinaukri.com/admit-cards/40","admit-card","admit-card","92.54","139","139"
"https://www.searchsarkarinaukri.com/admit-cards/27","https://www.searchsarkarinaukri.com/admit-cards/40","admit-card","admit-card","92.54","139","139"
"https://www.searchsarkarinaukri.com/admit-cards/19","https://www.searchsarkarinaukri.com/admit-cards/48","admit-card","admit-card","92.54","139","139"
"https://www.searchsarkarinaukri.com/admit-cards/27","https://www.searchsarkarinaukri.com/admit-cards/48","admit-card","admit-card","92.54","139","139"
"https://www.searchsarkarinaukri.com/admit-cards/22","https://www.searchsarkarinaukri.com/admit-cards/50","admit-card","admit-card","92.54","139","139"
"https://www.searchsarkarinaukri.com/admit-cards/29","https://www.searchsarkarinaukri.com/admit-cards/50","admit-card","admit-card","92.54","139","139"
"https://www.searchsarkarinaukri.com/admit-cards/22","https://www.searchsarkarinaukri.com/admit-cards/56","admit-card","admit-card","92.54","139","139"
"https://www.searchsarkarinaukri.com/admit-cards/29","https://www.searchsarkarinaukri.com/admit-cards/56","admit-card","admit-card","92.54","139","139"
"https://www.searchsarkarinaukri.com/admit-cards/22","https://www.searchsarkarinaukri.com/admit-cards/64","admit-card","admit-card","92.54","139","139"
"https://www.searchsarkarinaukri.com/admit-cards/29","https://www.searchsarkarinaukri.com/admit-cards/64","admit-card","admit-card","92.54","139","139"
"https://www.searchsarkarinaukri.com/admit-cards/36","https://www.searchsarkarinaukri.com/admit-cards/64","admit-card","admit-card","92.54","139","139"
"https://www.searchsarkarinaukri.com/admit-cards/43","https://www.searchsarkarinaukri.com/admit-cards/64","admit-card","admit-card","92.54","139","139"
"https://www.searchsarkarinaukri.com/admit-cards/50","https://www.searchsarkarinaukri.com/admit-cards/64","admit-card","admit-card","92.54","139","139"
"https://www.searchsarkarinaukri.com/admit-cards/56","https://www.searchsarkarinaukri.com/admit-cards/64","admit-card","admit-card","92.54","139","139"
"https://www.searchsarkarinaukri.com/admit-cards/20","https://www.searchsarkarinaukri.com/admit-cards/76","admit-card","admit-card","92.54","139","139"
"https://www.searchsarkarinaukri.com/admit-cards/25","https://www.searchsarkarinaukri.com/admit-cards/76","admit-card","admit-card","92.54","139","139"
"https://www.searchsarkarinaukri.com/admit-cards/32","https://www.searchsarkarinaukri.com/admit-cards/76","admit-card","admit-card","92.54","139","139"
"https://www.searchsarkarinaukri.com/admit-cards/39","https://www.searchsarkarinaukri.com/admit-cards/76","admit-card","admit-card","92.54","139","139"
"https://www.searchsarkarinaukri.com/admit-cards/20","https://www.searchsarkarinaukri.com/admit-cards/82","admit-card","admit-card","92.54","139","139"
"https://www.searchsarkarinaukri.com/admit-cards/25","https://www.searchsarkarinaukri.com/admit-cards/82","admit-card","admit-card","92.54","139","139"
"https://www.searchsarkarinaukri.com/admit-cards/32","https://www.searchsarkarinaukri.com/admit-cards/82","admit-card","admit-card","92.54","139","139"
"https://www.searchsarkarinaukri.com/admit-cards/39","https://www.searchsarkarinaukri.com/admit-cards/82","admit-card","admit-card","92.54","139","139"
"https://www.searchsarkarinaukri.com/jobs/shahaji-law-college-kolhapur-shahaji-law-college-kolhapur-2026--2256","https://www.searchsarkarinaukri.com/jobs/shahaji-law-college-kolhapur-shahaji-law-college-kolhapur-2026--2344","job-listing","job-listing","92.53","239","239"
"https://www.searchsarkarinaukri.com/jobs/kolhapur-patbandhare-vibhag-kolhapur-patbandhare-vibhag-2026--3407","https://www.searchsarkarinaukri.com/jobs/kolhapur-patbandhare-vibhag-kolhapur-patbandhare-vibhag-2026--2552","job-listing","job-listing","92.50","242","242"
"https://www.searchsarkarinaukri.com/admit-cards/17","https://www.searchsarkarinaukri.com/admit-cards/31","admit-card","admit-card","92.48","136","136"
"https://www.searchsarkarinaukri.com/admit-cards/24","https://www.searchsarkarinaukri.com/admit-cards/31","admit-card","admit-card","92.48","136","136"
"https://www.searchsarkarinaukri.com/admit-cards/17","https://www.searchsarkarinaukri.com/admit-cards/38","admit-card","admit-card","92.48","136","136"
"https://www.searchsarkarinaukri.com/admit-cards/24","https://www.searchsarkarinaukri.com/admit-cards/38","admit-card","admit-card","92.48","136","136"
"https://www.searchsarkarinaukri.com/admit-cards/17","https://www.searchsarkarinaukri.com/admit-cards/47","admit-card","admit-card","92.48","136","136"
"https://www.searchsarkarinaukri.com/admit-cards/24","https://www.searchsarkarinaukri.com/admit-cards/47","admit-card","admit-card","92.48","136","136"
"https://www.searchsarkarinaukri.com/admit-cards/17","https://www.searchsarkarinaukri.com/admit-cards/53","admit-card","admit-card","92.48","136","136"
"https://www.searchsarkarinaukri.com/admit-cards/24","https://www.searchsarkarinaukri.com/admit-cards/53","admit-card","admit-card","92.48","136","136"
"https://www.searchsarkarinaukri.com/admit-cards/17","https://www.searchsarkarinaukri.com/admit-cards/61","admit-card","admit-card","92.48","136","136"
"https://www.searchsarkarinaukri.com/admit-cards/24","https://www.searchsarkarinaukri.com/admit-cards/61","admit-card","admit-card","92.48","136","136"
"https://www.searchsarkarinaukri.com/admit-cards/17","https://www.searchsarkarinaukri.com/admit-cards/68","admit-card","admit-card","92.48","136","136"
"https://www.searchsarkarinaukri.com/admit-cards/24","https://www.searchsarkarinaukri.com/admit-cards/68","admit-card","admit-card","92.48","136","136"
"https://www.searchsarkarinaukri.com/admit-cards/31","https://www.searchsarkarinaukri.com/admit-cards/68","admit-card","admit-card","92.48","136","136"
"https://www.searchsarkarinaukri.com/admit-cards/38","https://www.searchsarkarinaukri.com/admit-cards/68","admit-card","admit-card","92.48","136","136"
"https://www.searchsarkarinaukri.com/admit-cards/47","https://www.searchsarkarinaukri.com/admit-cards/68","admit-card","admit-card","92.48","136","136"
"https://www.searchsarkarinaukri.com/admit-cards/53","https://www.searchsarkarinaukri.com/admit-cards/68","admit-card","admit-card","92.48","136","136"
"https://www.searchsarkarinaukri.com/admit-cards/61","https://www.searchsarkarinaukri.com/admit-cards/68","admit-card","admit-card","92.48","136","136"
"https://www.searchsarkarinaukri.com/admit-cards/17","https://www.searchsarkarinaukri.com/admit-cards/73","admit-card","admit-card","92.48","136","136"
"https://www.searchsarkarinaukri.com/admit-cards/24","https://www.searchsarkarinaukri.com/admit-cards/73","admit-card","admit-card","92.48","136","136"
"https://www.searchsarkarinaukri.com/admit-cards/31","https://www.searchsarkarinaukri.com/admit-cards/73","admit-card","admit-card","92.48","136","136"
"https://www.searchsarkarinaukri.com/admit-cards/38","https://www.searchsarkarinaukri.com/admit-cards/73","admit-card","admit-card","92.48","136","136"
"https://www.searchsarkarinaukri.com/admit-cards/47","https://www.searchsarkarinaukri.com/admit-cards/73","admit-card","admit-card","92.48","136","136"
"https://www.searchsarkarinaukri.com/admit-cards/53","https://www.searchsarkarinaukri.com/admit-cards/73","admit-card","admit-card","92.48","136","136"
"https://www.searchsarkarinaukri.com/admit-cards/61","https://www.searchsarkarinaukri.com/admit-cards/73","admit-card","admit-card","92.48","136","136"
"https://www.searchsarkarinaukri.com/admit-cards/17","https://www.searchsarkarinaukri.com/admit-cards/81","admit-card","admit-card","92.48","136","136"
"https://www.searchsarkarinaukri.com/admit-cards/24","https://www.searchsarkarinaukri.com/admit-cards/81","admit-card","admit-card","92.48","136","136"
"https://www.searchsarkarinaukri.com/admit-cards/31","https://www.searchsarkarinaukri.com/admit-cards/81","admit-card","admit-card","92.48","136","136"
"https://www.searchsarkarinaukri.com/admit-cards/38","https://www.searchsarkarinaukri.com/admit-cards/81","admit-card","admit-card","92.48","136","136"
"https://www.searchsarkarinaukri.com/admit-cards/47","https://www.searchsarkarinaukri.com/admit-cards/81","admit-card","admit-card","92.48","136","136"
"https://www.searchsarkarinaukri.com/admit-cards/53","https://www.searchsarkarinaukri.com/admit-cards/81","admit-card","admit-card","92.48","136","136"
"https://www.searchsarkarinaukri.com/admit-cards/61","https://www.searchsarkarinaukri.com/admit-cards/81","admit-card","admit-card","92.48","136","136"
"https://www.searchsarkarinaukri.com/jobs/airports-authority-of-india-airports-authority-of-india-2026--3787","https://www.searchsarkarinaukri.com/jobs/airports-authority-of-india-airports-authority-of-india-2026--4671","job-listing","job-listing","92.45","309","309"
"https://www.searchsarkarinaukri.com/jobs/airports-authority-of-india-airports-authority-of-india-2026--4383","https://www.searchsarkarinaukri.com/jobs/airports-authority-of-india-airports-authority-of-india-2026--4671","job-listing","job-listing","92.45","309","309"
"https://www.searchsarkarinaukri.com/jobs/airports-authority-of-india-airports-authority-of-india-2026--3473","https://www.searchsarkarinaukri.com/jobs/airports-authority-of-india-airports-authority-of-india-2026--4671","job-listing","job-listing","92.45","309","309"
"https://www.searchsarkarinaukri.com/jobs/airports-authority-of-india-airports-authority-of-india-2026--3787","https://www.searchsarkarinaukri.com/jobs/airports-authority-of-india-airports-authority-of-india-2026--4529","job-listing","job-listing","92.45","309","309"
"https://www.searchsarkarinaukri.com/jobs/airports-authority-of-india-airports-authority-of-india-2026--4383","https://www.searchsarkarinaukri.com/jobs/airports-authority-of-india-airports-authority-of-india-2026--4529","job-listing","job-listing","92.45","309","309"
"https://www.searchsarkarinaukri.com/jobs/airports-authority-of-india-airports-authority-of-india-2026--3473","https://www.searchsarkarinaukri.com/jobs/airports-authority-of-india-airports-authority-of-india-2026--4529","job-listing","job-listing","92.45","309","309"
"https://www.searchsarkarinaukri.com/jobs/ari-pune-ari-pune-2026--2023","https://www.searchsarkarinaukri.com/jobs/ari-pune-ari-pune-2026--2234","job-listing","job-listing","92.41","238","238"
"https://www.searchsarkarinaukri.com/jobs/ari-pune-ari-pune-2026--2023","https://www.searchsarkarinaukri.com/jobs/ari-pune-ari-pune-2026--2158","job-listing","job-listing","92.41","238","238"
"https://www.searchsarkarinaukri.com/jobs/ari-pune-ari-pune-2026--2234","https://www.searchsarkarinaukri.com/jobs/ari-pune-ari-pune-2026--2158","job-listing","job-listing","92.41","238","238"
"https://www.searchsarkarinaukri.com/results/16","https://www.searchsarkarinaukri.com/results/23","results","results","92.31","131","131"
"https://www.searchsarkarinaukri.com/results/23","https://www.searchsarkarinaukri.com/results/30","results","results","92.31","131","131"
"https://www.searchsarkarinaukri.com/results/21","https://www.searchsarkarinaukri.com/results/34","results","results","92.31","131","131"
"https://www.searchsarkarinaukri.com/results/28","https://www.searchsarkarinaukri.com/results/34","results","results","92.31","131","131"
"https://www.searchsarkarinaukri.com/results/18","https://www.searchsarkarinaukri.com/results/35","results","results","92.31","131","131"
"https://www.searchsarkarinaukri.com/results/26","https://www.searchsarkarinaukri.com/results/35","results","results","92.31","131","131"
"https://www.searchsarkarinaukri.com/results/23","https://www.searchsarkarinaukri.com/results/37","results","results","92.31","131","131"
"https://www.searchsarkarinaukri.com/results/18","https://www.searchsarkarinaukri.com/results/41","results","results","92.31","131","131"
"https://www.searchsarkarinaukri.com/results/26","https://www.searchsarkarinaukri.com/results/41","results","results","92.31","131","131"
"https://www.searchsarkarinaukri.com/results/21","https://www.searchsarkarinaukri.com/results/44","results","results","92.31","131","131"
"https://www.searchsarkarinaukri.com/results/28","https://www.searchsarkarinaukri.com/results/44","results","results","92.31","131","131"
"https://www.searchsarkarinaukri.com/results/23","https://www.searchsarkarinaukri.com/results/46","results","results","92.31","131","131"
"https://www.searchsarkarinaukri.com/results/18","https://www.searchsarkarinaukri.com/results/49","results","results","92.31","131","131"
"https://www.searchsarkarinaukri.com/results/26","https://www.searchsarkarinaukri.com/results/49","results","results","92.31","131","131"
"https://www.searchsarkarinaukri.com/results/30","https://www.searchsarkarinaukri.com/results/52","results","results","92.31","131","131"
"https://www.searchsarkarinaukri.com/results/37","https://www.searchsarkarinaukri.com/results/52","results","results","92.31","131","131"
"https://www.searchsarkarinaukri.com/results/46","https://www.searchsarkarinaukri.com/results/52","results","results","92.31","131","131"
"https://www.searchsarkarinaukri.com/results/18","https://www.searchsarkarinaukri.com/results/54","results","results","92.31","131","131"
"https://www.searchsarkarinaukri.com/results/26","https://www.searchsarkarinaukri.com/results/54","results","results","92.31","131","131"
"https://www.searchsarkarinaukri.com/results/30","https://www.searchsarkarinaukri.com/results/60","results","results","92.31","131","131"
"https://www.searchsarkarinaukri.com/results/37","https://www.searchsarkarinaukri.com/results/60","results","results","92.31","131","131"
"https://www.searchsarkarinaukri.com/results/46","https://www.searchsarkarinaukri.com/results/60","results","results","92.31","131","131"
"https://www.searchsarkarinaukri.com/results/18","https://www.searchsarkarinaukri.com/results/62","results","results","92.31","131","131"
"https://www.searchsarkarinaukri.com/results/26","https://www.searchsarkarinaukri.com/results/62","results","results","92.31","131","131"
"https://www.searchsarkarinaukri.com/results/55","https://www.searchsarkarinaukri.com/results/63","results","results","92.31","131","131"
"https://www.searchsarkarinaukri.com/results/45","https://www.searchsarkarinaukri.com/results/65","results","results","92.31","131","131"
"https://www.searchsarkarinaukri.com/results/51","https://www.searchsarkarinaukri.com/results/65","results","results","92.31","131","131"
"https://www.searchsarkarinaukri.com/results/58","https://www.searchsarkarinaukri.com/results/65","results","results","92.31","131","131"
"https://www.searchsarkarinaukri.com/results/18","https://www.searchsarkarinaukri.com/results/69","results","results","92.31","131","131"
"https://www.searchsarkarinaukri.com/results/26","https://www.searchsarkarinaukri.com/results/69","results","results","92.31","131","131"
"https://www.searchsarkarinaukri.com/results/35","https://www.searchsarkarinaukri.com/results/69","results","results","92.31","131","131"
"https://www.searchsarkarinaukri.com/results/41","https://www.searchsarkarinaukri.com/results/69","results","results","92.31","131","131"
"https://www.searchsarkarinaukri.com/results/49","https://www.searchsarkarinaukri.com/results/69","results","results","92.31","131","131"
"https://www.searchsarkarinaukri.com/results/54","https://www.searchsarkarinaukri.com/results/69","results","results","92.31","131","131"
"https://www.searchsarkarinaukri.com/results/62","https://www.searchsarkarinaukri.com/results/69","results","results","92.31","131","131"
"https://www.searchsarkarinaukri.com/results/52","https://www.searchsarkarinaukri.com/results/67","results","results","92.31","131","131"
"https://www.searchsarkarinaukri.com/results/60","https://www.searchsarkarinaukri.com/results/67","results","results","92.31","131","131"
"https://www.searchsarkarinaukri.com/results/55","https://www.searchsarkarinaukri.com/results/70","results","results","92.31","131","131"
"https://www.searchsarkarinaukri.com/results/42","https://www.searchsarkarinaukri.com/results/71","results","results","92.31","131","131"
"https://www.searchsarkarinaukri.com/results/16","https://www.searchsarkarinaukri.com/results/72","results","results","92.31","131","131"
"https://www.searchsarkarinaukri.com/results/67","https://www.searchsarkarinaukri.com/results/72","results","results","92.31","131","131"
"https://www.searchsarkarinaukri.com/results/55","https://www.searchsarkarinaukri.com/results/74","results","results","92.31","131","131"
"https://www.searchsarkarinaukri.com/results/18","https://www.searchsarkarinaukri.com/results/75","results","results","92.31","131","131"
"https://www.searchsarkarinaukri.com/results/26","https://www.searchsarkarinaukri.com/results/75","results","results","92.31","131","131"
"https://www.searchsarkarinaukri.com/results/35","https://www.searchsarkarinaukri.com/results/75","results","results","92.31","131","131"
"https://www.searchsarkarinaukri.com/results/41","https://www.searchsarkarinaukri.com/results/75","results","results","92.31","131","131"
"https://www.searchsarkarinaukri.com/results/49","https://www.searchsarkarinaukri.com/results/75","results","results","92.31","131","131"
"https://www.searchsarkarinaukri.com/results/54","https://www.searchsarkarinaukri.com/results/75","results","results","92.31","131","131"
"https://www.searchsarkarinaukri.com/results/62","https://www.searchsarkarinaukri.com/results/75","results","results","92.31","131","131"
"https://www.searchsarkarinaukri.com/results/16","https://www.searchsarkarinaukri.com/results/78","results","results","92.31","131","131"
"https://www.searchsarkarinaukri.com/results/67","https://www.searchsarkarinaukri.com/results/78","results","results","92.31","131","131"
"https://www.searchsarkarinaukri.com/results/55","https://www.searchsarkarinaukri.com/results/79","results","results","92.31","131","131"
"https://www.searchsarkarinaukri.com/results/18","https://www.searchsarkarinaukri.com/results/80","results","results","92.31","131","131"
"https://www.searchsarkarinaukri.com/results/26","https://www.searchsarkarinaukri.com/results/80","results","results","92.31","131","131"
"https://www.searchsarkarinaukri.com/results/35","https://www.searchsarkarinaukri.com/results/80","results","results","92.31","131","131"
"https://www.searchsarkarinaukri.com/results/41","https://www.searchsarkarinaukri.com/results/80","results","results","92.31","131","131"
"https://www.searchsarkarinaukri.com/results/49","https://www.searchsarkarinaukri.com/results/80","results","results","92.31","131","131"
"https://www.searchsarkarinaukri.com/results/54","https://www.searchsarkarinaukri.com/results/80","results","results","92.31","131","131"
"https://www.searchsarkarinaukri.com/results/62","https://www.searchsarkarinaukri.com/results/80","results","results","92.31","131","131"
"https://www.searchsarkarinaukri.com/results/59","https://www.searchsarkarinaukri.com/results/66","results","results","92.25","128","128"
"https://www.searchsarkarinaukri.com/results/59","https://www.searchsarkarinaukri.com/results/77","results","results","92.25","128","128"
"https://www.searchsarkarinaukri.com/jobs/tiss-mumbai-tiss-mumbai-2026--1913","https://www.searchsarkarinaukri.com/jobs/tiss-mumbai-tiss-mumbai-2026--1942","job-listing","job-listing","92.22","262","262"
"https://www.searchsarkarinaukri.com/jobs/tiss-mumbai-tiss-mumbai-2026--1913","https://www.searchsarkarinaukri.com/jobs/tiss-mumbai-tiss-mumbai-2026--1985","job-listing","job-listing","92.22","262","262"
"https://www.searchsarkarinaukri.com/jobs/tiss-mumbai-tiss-mumbai-2026--1942","https://www.searchsarkarinaukri.com/jobs/tiss-mumbai-tiss-mumbai-2026--1985","job-listing","job-listing","92.22","262","262"
"https://www.searchsarkarinaukri.com/jobs/tiss-mumbai-tiss-mumbai-2026--2068","https://www.searchsarkarinaukri.com/jobs/tiss-mumbai-tiss-mumbai-2026--2318","job-listing","job-listing","92.22","262","262"
"https://www.searchsarkarinaukri.com/jobs/tiss-mumbai-tiss-mumbai-2026--2318","https://www.searchsarkarinaukri.com/jobs/tiss-mumbai-tiss-mumbai-2026--2263","job-listing","job-listing","92.22","262","262"
"https://www.searchsarkarinaukri.com/jobs/tiss-mumbai-tiss-mumbai-2026--2068","https://www.searchsarkarinaukri.com/jobs/tiss-mumbai-tiss-mumbai-2026--2263","job-listing","job-listing","92.22","262","262"
"https://www.searchsarkarinaukri.com/jobs/tiss-mumbai-tiss-mumbai-2026--3022","https://www.searchsarkarinaukri.com/jobs/tiss-mumbai-tiss-mumbai-2026--2878","job-listing","job-listing","92.22","262","262"
"https://www.searchsarkarinaukri.com/jobs/national-thermal-power-corporation-limited-national-thermal-power-corporation-limited-2026--2339","https://www.searchsarkarinaukri.com/jobs/national-thermal-power-corporation-limited-national-thermal-power-corporation-limited-2026--2539","job-listing","job-listing","92.19","265","265"
"https://www.searchsarkarinaukri.com/jobs/krcl-krcl-2026--4018","https://www.searchsarkarinaukri.com/jobs/krcl-krcl-2026--4583","job-listing","job-listing","92.14","250","250"
"https://www.searchsarkarinaukri.com/jobs/maharashtra-education-society-pune-maharashtra-education-society-pune-2026--2025","https://www.searchsarkarinaukri.com/jobs/maharashtra-education-society-pune-maharashtra-education-society-pune-2026--2149","job-listing","job-listing","92.06","250","250"
"https://www.searchsarkarinaukri.com/jobs/maharashtra-education-society-pune-maharashtra-education-society-pune-2026--2503","https://www.searchsarkarinaukri.com/jobs/maharashtra-education-society-pune-maharashtra-education-society-pune-2026--2626","job-listing","job-listing","92.06","250","250"
"https://www.searchsarkarinaukri.com/jobs/panjabrao-deshmukh-krishi-vidyapeeth-akola-panjabrao-deshmukh-krishi-vidyapeeth-akola-2026--1944","https://www.searchsarkarinaukri.com/jobs/panjabrao-deshmukh-krishi-vidyapeeth-akola-panjabrao-deshmukh-krishi-vidyapeeth-akola-2026--1975","job-listing","job-listing","92.06","252","252"
"https://www.searchsarkarinaukri.com/jobs/shivaji-education-society-amravati-shivaji-education-society-amravati-2026--1955","https://www.searchsarkarinaukri.com/jobs/shivaji-education-society-amravati-shivaji-education-society-amravati-2026--2231","job-listing","job-listing","92.03","248","248"
"https://www.searchsarkarinaukri.com/jobs/rail-vikas-nigam-limited-rail-vikas-nigam-limited-2026--2136","https://www.searchsarkarinaukri.com/jobs/rail-vikas-nigam-limited-rail-vikas-nigam-limited-2026--2464","job-listing","job-listing","91.96","226","226"
"https://www.searchsarkarinaukri.com/jobs/iips-mumbai-iips-mumbai-2026--2063","https://www.searchsarkarinaukri.com/jobs/iips-mumbai-iips-mumbai-2026--2243","job-listing","job-listing","91.94","242","242"
"https://www.searchsarkarinaukri.com/jobs/iips-mumbai-iips-mumbai-2026--2063","https://www.searchsarkarinaukri.com/jobs/iips-mumbai-iips-mumbai-2026--2133","job-listing","job-listing","91.94","242","242"
"https://www.searchsarkarinaukri.com/jobs/iips-mumbai-iips-mumbai-2026--2243","https://www.searchsarkarinaukri.com/jobs/iips-mumbai-iips-mumbai-2026--2133","job-listing","job-listing","91.94","242","242"
"https://www.searchsarkarinaukri.com/jobs/iips-mumbai-iips-mumbai-2026--2987","https://www.searchsarkarinaukri.com/jobs/iips-mumbai-iips-mumbai-2026--3083","job-listing","job-listing","91.94","242","242"
"https://www.searchsarkarinaukri.com/jobs/iips-mumbai-iips-mumbai-2026--3303","https://www.searchsarkarinaukri.com/jobs/iips-mumbai-iips-mumbai-2026--3462","job-listing","job-listing","91.94","242","242"
"https://www.searchsarkarinaukri.com/jobs/tifr-mumbai-tifr-mumbai-2026--2064","https://www.searchsarkarinaukri.com/jobs/tifr-mumbai-tifr-mumbai-2026--2245","job-listing","job-listing","91.94","247","247"
"https://www.searchsarkarinaukri.com/jobs/tifr-mumbai-tifr-mumbai-2026--2064","https://www.searchsarkarinaukri.com/jobs/tifr-mumbai-tifr-mumbai-2026--2190","job-listing","job-listing","91.94","247","247"
"https://www.searchsarkarinaukri.com/jobs/tifr-mumbai-tifr-mumbai-2026--2245","https://www.searchsarkarinaukri.com/jobs/tifr-mumbai-tifr-mumbai-2026--2190","job-listing","job-listing","91.94","247","247"
"https://www.searchsarkarinaukri.com/jobs/rayat-shikshan-sanstha-satara-rayat-shikshan-sanstha-satara-2026--1948","https://www.searchsarkarinaukri.com/jobs/rayat-shikshan-sanstha-satara-rayat-shikshan-sanstha-satara-2026--1972","job-listing","job-listing","91.90","245","245"
"https://www.searchsarkarinaukri.com/jobs/rayat-shikshan-sanstha-satara-rayat-shikshan-sanstha-satara-2026--2306","https://www.searchsarkarinaukri.com/jobs/rayat-shikshan-sanstha-satara-rayat-shikshan-sanstha-satara-2026--2336","job-listing","job-listing","91.90","245","245"
"https://www.searchsarkarinaukri.com/engineer-jobs-in-lucknow","https://www.searchsarkarinaukri.com/engineering-jobs-in-lucknow","other","other","91.89","171","173"
"https://www.searchsarkarinaukri.com/jobs/nit-goa-nit-goa-2026--1990","https://www.searchsarkarinaukri.com/jobs/nit-goa-nit-goa-2026--2184","job-listing","job-listing","91.89","223","223"
"https://www.searchsarkarinaukri.com/jobs/nit-goa-nit-goa-2026--1990","https://www.searchsarkarinaukri.com/jobs/nit-goa-nit-goa-2026--2226","job-listing","job-listing","91.89","223","223"
"https://www.searchsarkarinaukri.com/jobs/nit-goa-nit-goa-2026--2184","https://www.searchsarkarinaukri.com/jobs/nit-goa-nit-goa-2026--2226","job-listing","job-listing","91.89","223","223"
"https://www.searchsarkarinaukri.com/jobs/nit-goa-nit-goa-2026--1990","https://www.searchsarkarinaukri.com/jobs/nit-goa-nit-goa-2026--2397","job-listing","job-listing","91.89","223","223"
"https://www.searchsarkarinaukri.com/jobs/nit-goa-nit-goa-2026--2184","https://www.searchsarkarinaukri.com/jobs/nit-goa-nit-goa-2026--2397","job-listing","job-listing","91.89","223","223"
"https://www.searchsarkarinaukri.com/jobs/nit-goa-nit-goa-2026--2226","https://www.searchsarkarinaukri.com/jobs/nit-goa-nit-goa-2026--2397","job-listing","job-listing","91.89","223","223"
"https://www.searchsarkarinaukri.com/jobs/nit-goa-nit-goa-2026--1990","https://www.searchsarkarinaukri.com/jobs/nit-goa-nit-goa-2026--2338","job-listing","job-listing","91.89","223","223"
"https://www.searchsarkarinaukri.com/jobs/nit-goa-nit-goa-2026--2184","https://www.searchsarkarinaukri.com/jobs/nit-goa-nit-goa-2026--2338","job-listing","job-listing","91.89","223","223"
"https://www.searchsarkarinaukri.com/jobs/nit-goa-nit-goa-2026--2226","https://www.searchsarkarinaukri.com/jobs/nit-goa-nit-goa-2026--2338","job-listing","job-listing","91.89","223","223"
"https://www.searchsarkarinaukri.com/jobs/nit-goa-nit-goa-2026--2397","https://www.searchsarkarinaukri.com/jobs/nit-goa-nit-goa-2026--2338","job-listing","job-listing","91.89","223","223"
"https://www.searchsarkarinaukri.com/jobs/sail-rsp-graduate-apprentice-production-recruitment-2026--4459","https://www.searchsarkarinaukri.com/jobs/sail-rsp-graduate-apprentice-production-recruitment-2026--4468","job-listing","job-listing","91.80","284","285"
"https://www.searchsarkarinaukri.com/jobs/solapur-university-solapur-university-2026--3893","https://www.searchsarkarinaukri.com/jobs/solapur-university-solapur-university-2026--4206","job-listing","job-listing","91.80","242","242"
"https://www.searchsarkarinaukri.com/jobs/edcil-edcil-2026--3585","https://www.searchsarkarinaukri.com/jobs/edcil-edcil-2026--3848","job-listing","job-listing","91.78","219","219"
"https://www.searchsarkarinaukri.com/jobs/nift-nift-2026--2266","https://www.searchsarkarinaukri.com/jobs/nift-nift-2026--2540","job-listing","job-listing","91.78","220","220"
"https://www.searchsarkarinaukri.com/jobs/rites-rites-2026--2434","https://www.searchsarkarinaukri.com/jobs/rites-rites-2026--2602","job-listing","job-listing","91.77","254","254"
"https://www.searchsarkarinaukri.com/jobs/rites-rites-2026--3252","https://www.searchsarkarinaukri.com/jobs/rites-rites-2026--3658","job-listing","job-listing","91.77","254","254"
"https://www.searchsarkarinaukri.com/jobs/rites-rites-2026--3252","https://www.searchsarkarinaukri.com/jobs/rites-rites-2026--3900","job-listing","job-listing","91.77","254","254"
"https://www.searchsarkarinaukri.com/jobs/rites-rites-2026--3658","https://www.searchsarkarinaukri.com/jobs/rites-rites-2026--3900","job-listing","job-listing","91.77","254","254"
"https://www.searchsarkarinaukri.com/jobs/sgbau-amravati-sgbau-amravati-2026--2880","https://www.searchsarkarinaukri.com/jobs/sgbau-amravati-sgbau-amravati-2026--3255","job-listing","job-listing","91.75","310","310"
"https://www.searchsarkarinaukri.com/jobs/iiser-pune-iiser-pune-2026--2273","https://www.searchsarkarinaukri.com/jobs/iiser-pune-iiser-pune-2026--2301","job-listing","job-listing","91.74","240","240"
"https://www.searchsarkarinaukri.com/jobs/iiser-pune-iiser-pune-2026--3035","https://www.searchsarkarinaukri.com/jobs/iiser-pune-iiser-pune-2026--2982","job-listing","job-listing","91.74","240","240"
"https://www.searchsarkarinaukri.com/jobs/iiser-pune-iiser-pune-2026--4156","https://www.searchsarkarinaukri.com/jobs/iiser-pune-iiser-pune-2026--4272","job-listing","job-listing","91.74","240","240"
"https://www.searchsarkarinaukri.com/jobs/sail-rsp-graduate-apprentice-electronics-instrumentation-recruitment-2026--4458","https://www.searchsarkarinaukri.com/jobs/sail-rsp-graduate-apprentice-electronics-instrumentation-recruitment-2026--4467","job-listing","job-listing","91.70","290","289"
"https://www.searchsarkarinaukri.com/jobs/deendayal-port-trust-deendayal-port-trust-2026--1845","https://www.searchsarkarinaukri.com/jobs/deendayal-port-trust-deendayal-port-trust-2026--2173","job-listing","job-listing","91.67","216","216"
"https://www.searchsarkarinaukri.com/jobs/rcfl-mumbai-rcfl-mumbai-2026--2392","https://www.searchsarkarinaukri.com/jobs/rcfl-mumbai-rcfl-mumbai-2026--3654","job-listing","job-listing","91.67","243","243"
"https://www.searchsarkarinaukri.com/jobs/sbi-mumbai-sbi-mumbai-2026--2445","https://www.searchsarkarinaukri.com/jobs/sbi-mumbai-sbi-mumbai-2026--2931","job-listing","job-listing","91.67","234","234"
"https://www.searchsarkarinaukri.com/jobs/dbskkv-dbskkv-2026--2587","https://www.searchsarkarinaukri.com/jobs/dbskkv-dbskkv-2026--2788","job-listing","job-listing","91.63","215","215"
"https://www.searchsarkarinaukri.com/jobs/dbskkv-dbskkv-2026--3517","https://www.searchsarkarinaukri.com/jobs/dbskkv-dbskkv-2026--3711","job-listing","job-listing","91.63","215","215"
"https://www.searchsarkarinaukri.com/jobs/serious-fraud-investigation-office-serious-fraud-investigation-office-2026--1980","https://www.searchsarkarinaukri.com/jobs/serious-fraud-investigation-office-serious-fraud-investigation-office-2026--3765","job-listing","job-listing","91.63","233","233"
"https://www.searchsarkarinaukri.com/jobs/ggmc-mumbai-ggmc-mumbai-2026--4486","https://www.searchsarkarinaukri.com/jobs/ggmc-mumbai-ggmc-mumbai-2026--4528","job-listing","job-listing","91.53","230","230"
"https://www.searchsarkarinaukri.com/jobs/engineering-projects-india-limited-engineering-projects-india-limited-2026--2176","https://www.searchsarkarinaukri.com/jobs/engineering-projects-india-limited-engineering-projects-india-limited-2026--2343","job-listing","job-listing","91.49","233","233"
"https://www.searchsarkarinaukri.com/jobs/kendriya-vidyalaya-kamptee-kendriya-vidyalaya-kamptee-2026--2284","https://www.searchsarkarinaukri.com/jobs/kendriya-vidyalaya-kamptee-kendriya-vidyalaya-kamptee-2026--3474","job-listing","job-listing","91.49","234","234"
"https://www.searchsarkarinaukri.com/jobs/union-public-service-commission-union-public-service-commission-2026--2666","https://www.searchsarkarinaukri.com/jobs/union-public-service-commission-union-public-service-commission-2026--3034","job-listing","job-listing","91.42","227","227"
"https://www.searchsarkarinaukri.com/jobs/bharati-vidyapeeth-pune-bharati-vidyapeeth-pune-2026--1747","https://www.searchsarkarinaukri.com/jobs/bharati-vidyapeeth-pune-bharati-vidyapeeth-pune-2026--3661","job-listing","job-listing","91.37","286","286"
"https://www.searchsarkarinaukri.com/jobs/northern-coalfields-limited-northern-coalfields-limited-2026--1714","https://www.searchsarkarinaukri.com/jobs/northern-coalfields-limited-northern-coalfields-limited-2026--2258","job-listing","job-listing","91.34","229","229"
"https://www.searchsarkarinaukri.com/jobs/mpsc-group-c-mpsc-group-c-2026--2599","https://www.searchsarkarinaukri.com/jobs/mpsc-group-c-mpsc-group-c-2026--2377","job-listing","job-listing","91.30","227","227"
"https://www.searchsarkarinaukri.com/jobs/mpsc-group-c-mpsc-group-c-2026--3257","https://www.searchsarkarinaukri.com/jobs/mpsc-group-c-mpsc-group-c-2026--3398","job-listing","job-listing","91.30","227","227"
"https://www.searchsarkarinaukri.com/jobs/mpsc-group-c-mpsc-group-c-2026--3257","https://www.searchsarkarinaukri.com/jobs/mpsc-group-c-mpsc-group-c-2026--3470","job-listing","job-listing","91.30","227","227"
"https://www.searchsarkarinaukri.com/jobs/mpsc-group-c-mpsc-group-c-2026--3398","https://www.searchsarkarinaukri.com/jobs/mpsc-group-c-mpsc-group-c-2026--3470","job-listing","job-listing","91.30","227","227"
"https://www.searchsarkarinaukri.com/jobs/muhs-nashik-muhs-nashik-2026--2650","https://www.searchsarkarinaukri.com/jobs/muhs-nashik-muhs-nashik-2026--2620","job-listing","job-listing","91.30","224","224"
"https://www.searchsarkarinaukri.com/jobs/stpi-stpi-2026--3595","https://www.searchsarkarinaukri.com/jobs/stpi-stpi-2026--4217","job-listing","job-listing","91.30","208","208"
"https://www.searchsarkarinaukri.com/jobs/iim-mumbai-iim-mumbai-2026--2396","https://www.searchsarkarinaukri.com/jobs/iim-mumbai-iim-mumbai-2026--2342","job-listing","job-listing","91.27","227","227"
"https://www.searchsarkarinaukri.com/jobs/iim-mumbai-iim-mumbai-2026--2396","https://www.searchsarkarinaukri.com/jobs/iim-mumbai-iim-mumbai-2026--2546","job-listing","job-listing","91.27","227","227"
"https://www.searchsarkarinaukri.com/jobs/iim-mumbai-iim-mumbai-2026--2342","https://www.searchsarkarinaukri.com/jobs/iim-mumbai-iim-mumbai-2026--2546","job-listing","job-listing","91.27","227","227"
"https://www.searchsarkarinaukri.com/jobs/iim-mumbai-iim-mumbai-2026--3467","https://www.searchsarkarinaukri.com/jobs/iim-mumbai-iim-mumbai-2026--3892","job-listing","job-listing","91.27","227","227"
"https://www.searchsarkarinaukri.com/jobs/nhm-sambhaji-nagar-nhm-sambhaji-nagar-2026--2930","https://www.searchsarkarinaukri.com/jobs/nhm-sambhaji-nagar-nhm-sambhaji-nagar-2026--3166","job-listing","job-listing","91.27","226","226"
"https://www.searchsarkarinaukri.com/engineer-jobs-in-kanpur","https://www.searchsarkarinaukri.com/engineering-jobs-in-kanpur","other","other","91.26","127","129"
"https://www.searchsarkarinaukri.com/jobs/rail-wheel-factory-rail-wheel-factory-2026--3653","https://www.searchsarkarinaukri.com/jobs/rail-wheel-factory-rail-wheel-factory-2026--4077","job-listing","job-listing","91.23","226","226"
"https://www.searchsarkarinaukri.com/jobs/tirupati-urban-bank-nagpur-tirupati-urban-bank-nagpur-2026--1956","https://www.searchsarkarinaukri.com/jobs/tirupati-urban-bank-nagpur-tirupati-urban-bank-nagpur-2026--3090","job-listing","job-listing","91.23","246","246"
"https://www.searchsarkarinaukri.com/jobs/union-bank-of-india-vendor-management-non-it-recruitment-2026--4405","https://www.searchsarkarinaukri.com/jobs/union-bank-of-india-vendor-management-non-it-recruitment-2026--4404","job-listing","job-listing","91.21","178","178"
"https://www.searchsarkarinaukri.com/jobs/hindustan-aeronautics-limited-hindustan-aeronautics-limited-2026--3720","https://www.searchsarkarinaukri.com/jobs/hindustan-aeronautics-limited-hindustan-aeronautics-limited-2026--4522","job-listing","job-listing","91.19","221","221"
"https://www.searchsarkarinaukri.com/jobs/shri-saibaba-sansthan-shri-saibaba-sansthan-2026--3170","https://www.searchsarkarinaukri.com/jobs/shri-saibaba-sansthan-shri-saibaba-sansthan-2026--3964","job-listing","job-listing","91.15","223","223"
"https://www.searchsarkarinaukri.com/jobs/ministry-of-ayush-ministry-of-ayush-2026--1722","https://www.searchsarkarinaukri.com/jobs/ministry-of-ayush-ministry-of-ayush-2026--2469","job-listing","job-listing","91.13","223","223"
"https://www.searchsarkarinaukri.com/jobs/tadoba-tiger-reserve-chandrapur-tadoba-tiger-reserve-chandrapur-2026--3089","https://www.searchsarkarinaukri.com/jobs/tadoba-tiger-reserve-chandrapur-tadoba-tiger-reserve-chandrapur-2026--3656","job-listing","job-listing","91.08","271","271"
"https://www.searchsarkarinaukri.com/jobs/bel-bel-2026--2310","https://www.searchsarkarinaukri.com/jobs/bel-bel-2026--2402","job-listing","job-listing","91.07","222","222"
"https://www.searchsarkarinaukri.com/jobs/ict-mumbai-ict-mumbai-2026--1959","https://www.searchsarkarinaukri.com/jobs/ict-mumbai-ict-mumbai-2026--2179","job-listing","job-listing","90.99","216","216"
"https://www.searchsarkarinaukri.com/jobs/ict-mumbai-ict-mumbai-2026--2834","https://www.searchsarkarinaukri.com/jobs/ict-mumbai-ict-mumbai-2026--2991","job-listing","job-listing","90.99","216","216"
"https://www.searchsarkarinaukri.com/jobs/ict-mumbai-ict-mumbai-2026--3518","https://www.searchsarkarinaukri.com/jobs/ict-mumbai-ict-mumbai-2026--3716","job-listing","job-listing","90.99","216","216"
"https://www.searchsarkarinaukri.com/jobs/ict-mumbai-ict-mumbai-2026--4427","https://www.searchsarkarinaukri.com/jobs/ict-mumbai-ict-mumbai-2026--4613","job-listing","job-listing","90.99","216","216"
"https://www.searchsarkarinaukri.com/jobs/nmmc-nmmc-2026--2757","https://www.searchsarkarinaukri.com/jobs/nmmc-nmmc-2026--2833","job-listing","job-listing","90.95","218","218"
"https://www.searchsarkarinaukri.com/jobs/bharati-vidyapeeth-pune-bharati-vidyapeeth-pune-2026--3661","https://www.searchsarkarinaukri.com/jobs/bharati-vidyapeeth-pune-bharati-vidyapeeth-pune-2026--3855","job-listing","job-listing","90.94","286","286"
"https://www.searchsarkarinaukri.com/jobs/bharati-vidyapeeth-pune-bharati-vidyapeeth-pune-2026--3855","https://www.searchsarkarinaukri.com/jobs/bharati-vidyapeeth-pune-bharati-vidyapeeth-pune-2026--4205","job-listing","job-listing","90.94","286","286"
"https://www.searchsarkarinaukri.com/jobs/icsi-icsi-2026--2269","https://www.searchsarkarinaukri.com/jobs/icsi-icsi-2026--2348","job-listing","job-listing","90.91","222","222"
"https://www.searchsarkarinaukri.com/jobs/sail-rsp-trade-apprentice-aocp-recruitment-2026--4362","https://www.searchsarkarinaukri.com/jobs/sail-rsp-trade-apprentice-copa-recruitment-2026--4363","job-listing","job-listing","90.91","242","242"
"https://www.searchsarkarinaukri.com/jobs/isro-isro-2026--3347","https://www.searchsarkarinaukri.com/jobs/isro-isro-2026--3722","job-listing","job-listing","90.83","215","215"
"https://www.searchsarkarinaukri.com/jobs/mpkv-mpkv-2026--2874","https://www.searchsarkarinaukri.com/jobs/mpkv-mpkv-2026--2500","job-listing","job-listing","90.83","215","215"
"https://www.searchsarkarinaukri.com/jobs/rites-rites-2026--4072","https://www.searchsarkarinaukri.com/jobs/rites-rites-2026--5010","job-listing","job-listing","90.83","221","221"
"https://www.searchsarkarinaukri.com/jobs/sail-rsp-trade-apprentice-diesel-mechanic-recruitment-2026--4364","https://www.searchsarkarinaukri.com/jobs/sail-rsp-trade-apprentice-electronics-mechanic-recruitment-2026--4368","job-listing","job-listing","90.78","239","239"
"https://www.searchsarkarinaukri.com/jobs/sail-rsp-trade-apprentice-diesel-mechanic-recruitment-2026--4364","https://www.searchsarkarinaukri.com/jobs/sail-rsp-trade-apprentice-instrument-mechanic-recruitment-2026--4369","job-listing","job-listing","90.78","239","239"
"https://www.searchsarkarinaukri.com/jobs/sail-rsp-trade-apprentice-electronics-mechanic-recruitment-2026--4368","https://www.searchsarkarinaukri.com/jobs/sail-rsp-trade-apprentice-instrument-mechanic-recruitment-2026--4369","job-listing","job-listing","90.78","239","239"
"https://www.searchsarkarinaukri.com/jobs/national-film-development-corporation-mumbai-national-film-development-corporation-mumbai-2026--3120","https://www.searchsarkarinaukri.com/jobs/national-film-development-corporation-mumbai-national-film-development-corporation-mumbai-2026--3475","job-listing","job-listing","90.74","278","278"
"https://www.searchsarkarinaukri.com/jobs/kendriya-vidyalaya-pune-kendriya-vidyalaya-pune-2026--2271","https://www.searchsarkarinaukri.com/jobs/kendriya-vidyalaya-pune-kendriya-vidyalaya-pune-2026--2511","job-listing","job-listing","90.73","263","263"
"https://www.searchsarkarinaukri.com/jobs/kendriya-vidyalaya-pune-kendriya-vidyalaya-pune-2026--1729","https://www.searchsarkarinaukri.com/jobs/kendriya-vidyalaya-pune-kendriya-vidyalaya-pune-2026--2511","job-listing","job-listing","90.73","263","263"
"https://www.searchsarkarinaukri.com/jobs/pune-district-education-association-pune-district-education-association-2026--2716","https://www.searchsarkarinaukri.com/jobs/pune-district-education-association-pune-district-education-association-2026--3413","job-listing","job-listing","90.73","261","261"
"https://www.searchsarkarinaukri.com/jobs/sail-rsp-trade-apprentice-electrician-recruitment-2026--4365","https://www.searchsarkarinaukri.com/jobs/sail-rsp-trade-apprentice-fitter-recruitment-2026--4366","job-listing","job-listing","90.70","237","237"
"https://www.searchsarkarinaukri.com/jobs/ibm-nagpur-ibm-nagpur-2026--2986","https://www.searchsarkarinaukri.com/jobs/ibm-nagpur-ibm-nagpur-2026--3516","job-listing","job-listing","90.68","237","237"
"https://www.searchsarkarinaukri.com/jobs/sgbau-amravati-sgbau-amravati-2026--4786","https://www.searchsarkarinaukri.com/jobs/sgbau-amravati-sgbau-amravati-2026--4840","job-listing","job-listing","90.67","277","277"
"https://www.searchsarkarinaukri.com/jobs/sgbau-amravati-sgbau-amravati-2026--4786","https://www.searchsarkarinaukri.com/jobs/sgbau-amravati-sgbau-amravati-2026--5012","job-listing","job-listing","90.67","277","277"
"https://www.searchsarkarinaukri.com/jobs/nio-goa-nio-goa-2026--2180","https://www.searchsarkarinaukri.com/jobs/nio-goa-nio-goa-2026--2496","job-listing","job-listing","90.65","211","211"
"https://www.searchsarkarinaukri.com/jobs/sgbau-amravati-sgbau-amravati-2026--4380","https://www.searchsarkarinaukri.com/jobs/sgbau-amravati-sgbau-amravati-2026--4786","job-listing","job-listing","90.57","276","277"
"https://www.searchsarkarinaukri.com/jobs/panjabrao-deshmukh-krishi-vidyapeeth-akola-panjabrao-deshmukh-krishi-vidyapeeth-akola-2026--1944","https://www.searchsarkarinaukri.com/jobs/panjabrao-deshmukh-krishi-vidyapeeth-akola-panjabrao-deshmukh-krishi-vidyapeeth-akola-2026--3532","job-listing","job-listing","90.55","252","252"
"https://www.searchsarkarinaukri.com/jobs/mumbai-metropolitan-region-slum-rehabilitation-authorities-mumbai-metropolitan-region-slum-rehabilit--2145","https://www.searchsarkarinaukri.com/jobs/mumbai-metropolitan-region-slum-rehabilitation-authorities-mumbai-metropolitan-region-slum-rehabilit--4139","job-listing","job-listing","90.44","255","255"
"https://www.searchsarkarinaukri.com/jobs/ministry-of-jal-shakti-ministry-of-jal-shakti-2026--1974","https://www.searchsarkarinaukri.com/jobs/ministry-of-jal-shakti-ministry-of-jal-shakti-2026--2026","job-listing","job-listing","90.40","267","267"
"https://www.searchsarkarinaukri.com/jobs/ministry-of-jal-shakti-ministry-of-jal-shakti-2026--1974","https://www.searchsarkarinaukri.com/jobs/ministry-of-jal-shakti-ministry-of-jal-shakti-2026--2347","job-listing","job-listing","90.40","267","267"
"https://www.searchsarkarinaukri.com/jobs/actrec-mumbai-actrec-mumbai-2026--2223","https://www.searchsarkarinaukri.com/jobs/actrec-mumbai-actrec-mumbai-2026--2985","job-listing","job-listing","90.32","240","240"
"https://www.searchsarkarinaukri.com/jobs/balmer-lawrie-and-company-limited-assistant-manager-commercial-2026--1601","https://www.searchsarkarinaukri.com/jobs/balmer-lawrie-and-company-limited-assistant-manager-travel-2026--1599","job-listing","job-listing","90.24","201","201"
"https://www.searchsarkarinaukri.com/jobs/kk-wagh-education-society-nashik-kk-wagh-education-society-nashik-2026--2185","https://www.searchsarkarinaukri.com/jobs/kk-wagh-education-society-nashik-kk-wagh-education-society-nashik-2026--2983","job-listing","job-listing","90.20","243","243"
"https://www.searchsarkarinaukri.com/jobs/iiser-pune-iiser-pune-2026--1929","https://www.searchsarkarinaukri.com/jobs/iiser-pune-iiser-pune-2026--2796","job-listing","job-listing","90.16","240","240"
"https://www.searchsarkarinaukri.com/jobs/iiser-pune-iiser-pune-2026--1981","https://www.searchsarkarinaukri.com/jobs/iiser-pune-iiser-pune-2026--2796","job-listing","job-listing","90.16","240","240"
"https://www.searchsarkarinaukri.com/jobs/iiser-pune-iiser-pune-2026--2244","https://www.searchsarkarinaukri.com/jobs/iiser-pune-iiser-pune-2026--2796","job-listing","job-listing","90.16","240","240"
"https://www.searchsarkarinaukri.com/jobs/iiser-pune-iiser-pune-2026--2273","https://www.searchsarkarinaukri.com/jobs/iiser-pune-iiser-pune-2026--2982","job-listing","job-listing","90.16","240","240"
"https://www.searchsarkarinaukri.com/jobs/iiser-pune-iiser-pune-2026--3465","https://www.searchsarkarinaukri.com/jobs/iiser-pune-iiser-pune-2026--4083","job-listing","job-listing","90.16","240","240"
"https://www.searchsarkarinaukri.com/jobs/nmu-jalgaon-nmu-jalgaon-2026--2468","https://www.searchsarkarinaukri.com/jobs/nmu-jalgaon-nmu-jalgaon-2026--4319","job-listing","job-listing","90.12","238","238"
"https://www.searchsarkarinaukri.com/jobs/mgims-wardha-mgims-wardha-2026--1884","https://www.searchsarkarinaukri.com/jobs/mgims-wardha-mgims-wardha-2026--3247","job-listing","job-listing","90.08","234","234"
"https://www.searchsarkarinaukri.com/jobs/neeri-nagpur-neeri-nagpur-2026--2364","https://www.searchsarkarinaukri.com/jobs/neeri-nagpur-neeri-nagpur-2026--2495","job-listing","job-listing","90.08","237","237"
"https://www.searchsarkarinaukri.com/jobs/neeri-nagpur-neeri-nagpur-2026--2364","https://www.searchsarkarinaukri.com/jobs/neeri-nagpur-neeri-nagpur-2026--3648","job-listing","job-listing","90.08","237","237"
"https://www.searchsarkarinaukri.com/jobs/kendriya-vidyalaya-washim-kendriya-vidyalaya-washim-2026--2557","https://www.searchsarkarinaukri.com/jobs/kendriya-vidyalaya-washim-kendriya-vidyalaya-washim-2026--4485","job-listing","job-listing","90.04","236","236"
"https://www.searchsarkarinaukri.com/jobs/kendriya-vidyalaya-washim-kendriya-vidyalaya-washim-2026--3305","https://www.searchsarkarinaukri.com/jobs/kendriya-vidyalaya-washim-kendriya-vidyalaya-washim-2026--4485","job-listing","job-listing","90.04","236","236"
"https://www.searchsarkarinaukri.com/jobs/ari-pune-ari-pune-2026--1930","https://www.searchsarkarinaukri.com/jobs/ari-pune-ari-pune-2026--3077","job-listing","job-listing","90.00","238","238"
"https://www.searchsarkarinaukri.com/jobs/mpsc-group-c-services-combined-preliminary-examination-mpsc-group-c-services-combined-preliminary-20--2386","https://www.searchsarkarinaukri.com/jobs/mpsc-group-c-services-combined-preliminary-examination-mpsc-group-c-services-combined-preliminary-20--3213","job-listing","job-listing","89.96","243","243"
"https://www.searchsarkarinaukri.com/jobs/mpkv-mpkv-2026--2500","https://www.searchsarkarinaukri.com/jobs/mpkv-mpkv-2026--4015","job-listing","job-listing","89.95","215","215"
"https://www.searchsarkarinaukri.com/jobs/dy-patil-college-of-engineering-dy-patil-college-of-engineering-2026--2538","https://www.searchsarkarinaukri.com/jobs/dy-patil-college-of-engineering-dy-patil-college-of-engineering-2026--4080","job-listing","job-listing","89.87","235","235"
"https://www.searchsarkarinaukri.com/jobs/sail-rsp-trade-apprentice-diesel-mechanic-recruitment-2026--4364","https://www.searchsarkarinaukri.com/jobs/sail-rsp-trade-apprentice-electrician-recruitment-2026--4365","job-listing","job-listing","89.86","239","237"
"https://www.searchsarkarinaukri.com/jobs/sail-rsp-trade-apprentice-electrician-recruitment-2026--4365","https://www.searchsarkarinaukri.com/jobs/sail-rsp-trade-apprentice-electronics-mechanic-recruitment-2026--4368","job-listing","job-listing","89.86","237","239"
"https://www.searchsarkarinaukri.com/jobs/sail-rsp-trade-apprentice-diesel-mechanic-recruitment-2026--4364","https://www.searchsarkarinaukri.com/jobs/sail-rsp-trade-apprentice-fitter-recruitment-2026--4366","job-listing","job-listing","89.86","239","237"
"https://www.searchsarkarinaukri.com/jobs/sail-rsp-trade-apprentice-electronics-mechanic-recruitment-2026--4368","https://www.searchsarkarinaukri.com/jobs/sail-rsp-trade-apprentice-fitter-recruitment-2026--4366","job-listing","job-listing","89.86","239","237"
"https://www.searchsarkarinaukri.com/jobs/sail-rsp-trade-apprentice-electrician-recruitment-2026--4365","https://www.searchsarkarinaukri.com/jobs/sail-rsp-trade-apprentice-instrument-mechanic-recruitment-2026--4369","job-listing","job-listing","89.86","237","239"
"https://www.searchsarkarinaukri.com/jobs/sail-rsp-trade-apprentice-fitter-recruitment-2026--4366","https://www.searchsarkarinaukri.com/jobs/sail-rsp-trade-apprentice-instrument-mechanic-recruitment-2026--4369","job-listing","job-listing","89.86","237","239"
"https://www.searchsarkarinaukri.com/jobs/balmer-lawrie-and-company-limited-officer-commercial-2026--1602","https://www.searchsarkarinaukri.com/jobs/balmer-lawrie-and-company-limited-officer-it-2026--1608","job-listing","job-listing","89.85","193","193"
"https://www.searchsarkarinaukri.com/jobs/bank-of-baroda-bank-of-baroda-2026--4220","https://www.searchsarkarinaukri.com/jobs/bank-of-baroda-bank-of-baroda-2026--4727","job-listing","job-listing","89.82","228","229"
"https://www.searchsarkarinaukri.com/jobs/sgbau-amravati-sgbau-amravati-2026--2551","https://www.searchsarkarinaukri.com/jobs/sgbau-amravati-sgbau-amravati-2026--2715","job-listing","job-listing","89.80","310","310"
"https://www.searchsarkarinaukri.com/jobs/sgbau-amravati-sgbau-amravati-2026--2551","https://www.searchsarkarinaukri.com/jobs/sgbau-amravati-sgbau-amravati-2026--2794","job-listing","job-listing","89.80","310","310"
"https://www.searchsarkarinaukri.com/jobs/sgbau-amravati-sgbau-amravati-2026--2715","https://www.searchsarkarinaukri.com/jobs/sgbau-amravati-sgbau-amravati-2026--2880","job-listing","job-listing","89.80","310","310"
"https://www.searchsarkarinaukri.com/jobs/sgbau-amravati-sgbau-amravati-2026--3589","https://www.searchsarkarinaukri.com/jobs/sgbau-amravati-sgbau-amravati-2026--3663","job-listing","job-listing","89.80","310","310"
"https://www.searchsarkarinaukri.com/jobs/sgbau-amravati-sgbau-amravati-2026--3255","https://www.searchsarkarinaukri.com/jobs/sgbau-amravati-sgbau-amravati-2026--3663","job-listing","job-listing","89.80","310","310"
"https://www.searchsarkarinaukri.com/jobs/sgbau-amravati-sgbau-amravati-2026--3589","https://www.searchsarkarinaukri.com/jobs/sgbau-amravati-sgbau-amravati-2026--3852","job-listing","job-listing","89.80","310","310"
"https://www.searchsarkarinaukri.com/jobs/sgbau-amravati-sgbau-amravati-2026--3663","https://www.searchsarkarinaukri.com/jobs/sgbau-amravati-sgbau-amravati-2026--3852","job-listing","job-listing","89.80","310","310"
"https://www.searchsarkarinaukri.com/jobs/sgbau-amravati-sgbau-amravati-2026--3255","https://www.searchsarkarinaukri.com/jobs/sgbau-amravati-sgbau-amravati-2026--3852","job-listing","job-listing","89.80","310","310"
"https://www.searchsarkarinaukri.com/jobs/sgbau-amravati-sgbau-amravati-2026--3255","https://www.searchsarkarinaukri.com/jobs/sgbau-amravati-sgbau-amravati-2026--3957","job-listing","job-listing","89.80","310","310"
"https://www.searchsarkarinaukri.com/jobs/sgbau-amravati-sgbau-amravati-2026--3589","https://www.searchsarkarinaukri.com/jobs/sgbau-amravati-sgbau-amravati-2026--3957","job-listing","job-listing","89.80","310","310"
"https://www.searchsarkarinaukri.com/jobs/sgbau-amravati-sgbau-amravati-2026--3663","https://www.searchsarkarinaukri.com/jobs/sgbau-amravati-sgbau-amravati-2026--3957","job-listing","job-listing","89.80","310","310"
"https://www.searchsarkarinaukri.com/jobs/sgbau-amravati-sgbau-amravati-2026--3852","https://www.searchsarkarinaukri.com/jobs/sgbau-amravati-sgbau-amravati-2026--3957","job-listing","job-listing","89.80","310","310"
"https://www.searchsarkarinaukri.com/jobs/sgbau-amravati-sgbau-amravati-2026--3589","https://www.searchsarkarinaukri.com/jobs/sgbau-amravati-sgbau-amravati-2026--4143","job-listing","job-listing","89.80","310","310"
"https://www.searchsarkarinaukri.com/jobs/sgbau-amravati-sgbau-amravati-2026--3852","https://www.searchsarkarinaukri.com/jobs/sgbau-amravati-sgbau-amravati-2026--4143","job-listing","job-listing","89.80","310","310"
"https://www.searchsarkarinaukri.com/jobs/sgbau-amravati-sgbau-amravati-2026--3663","https://www.searchsarkarinaukri.com/jobs/sgbau-amravati-sgbau-amravati-2026--4143","job-listing","job-listing","89.80","310","310"
"https://www.searchsarkarinaukri.com/jobs/sgbau-amravati-sgbau-amravati-2026--3255","https://www.searchsarkarinaukri.com/jobs/sgbau-amravati-sgbau-amravati-2026--4143","job-listing","job-listing","89.80","310","310"
"https://www.searchsarkarinaukri.com/jobs/sgbau-amravati-sgbau-amravati-2026--3957","https://www.searchsarkarinaukri.com/jobs/sgbau-amravati-sgbau-amravati-2026--4143","job-listing","job-listing","89.80","310","310"
"https://www.searchsarkarinaukri.com/jobs/bhel-bhel-2026--2073","https://www.searchsarkarinaukri.com/jobs/bhel-bhel-2026--4432","job-listing","job-listing","89.79","241","241"
"https://www.searchsarkarinaukri.com/jobs/all-india-institute-of-medical-sciences-nagpur-all-india-institute-of-medical-sciences-2026--1961","https://www.searchsarkarinaukri.com/jobs/all-india-institute-of-medical-sciences-nagpur-all-india-institute-of-medical-sciences-2026--2264","job-listing","job-listing","89.73","357","357"
"https://www.searchsarkarinaukri.com/jobs/all-india-institute-of-medical-sciences-nagpur-all-india-institute-of-medical-sciences-2026--1961","https://www.searchsarkarinaukri.com/jobs/all-india-institute-of-medical-sciences-nagpur-all-india-institute-of-medical-sciences-2026--2313","job-listing","job-listing","89.73","357","357"
"https://www.searchsarkarinaukri.com/jobs/all-india-institute-of-medical-sciences-nagpur-all-india-institute-of-medical-sciences-2026--1961","https://www.searchsarkarinaukri.com/jobs/all-india-institute-of-medical-sciences-nagpur-all-india-institute-of-medical-sciences-2026--2652","job-listing","job-listing","89.73","357","357"
"https://www.searchsarkarinaukri.com/jobs/all-india-institute-of-medical-sciences-nagpur-all-india-institute-of-medical-sciences-2026--1961","https://www.searchsarkarinaukri.com/jobs/all-india-institute-of-medical-sciences-nagpur-all-india-institute-of-medical-sciences-2026--2936","job-listing","job-listing","89.73","357","357"
"https://www.searchsarkarinaukri.com/jobs/all-india-institute-of-medical-sciences-nagpur-all-india-institute-of-medical-sciences-2026--2264","https://www.searchsarkarinaukri.com/jobs/all-india-institute-of-medical-sciences-nagpur-all-india-institute-of-medical-sciences-2026--2936","job-listing","job-listing","89.73","357","357"
"https://www.searchsarkarinaukri.com/jobs/all-india-institute-of-medical-sciences-nagpur-all-india-institute-of-medical-sciences-2026--2313","https://www.searchsarkarinaukri.com/jobs/all-india-institute-of-medical-sciences-nagpur-all-india-institute-of-medical-sciences-2026--2936","job-listing","job-listing","89.73","357","357"
"https://www.searchsarkarinaukri.com/jobs/all-india-institute-of-medical-sciences-nagpur-all-india-institute-of-medical-sciences-2026--2652","https://www.searchsarkarinaukri.com/jobs/all-india-institute-of-medical-sciences-nagpur-all-india-institute-of-medical-sciences-2026--2936","job-listing","job-listing","89.73","357","357"
"https://www.searchsarkarinaukri.com/jobs/all-india-institute-of-medical-sciences-nagpur-all-india-institute-of-medical-sciences-2026--2264","https://www.searchsarkarinaukri.com/jobs/all-india-institute-of-medical-sciences-nagpur-all-india-institute-of-medical-sciences-2026--3244","job-listing","job-listing","89.73","357","357"
"https://www.searchsarkarinaukri.com/jobs/all-india-institute-of-medical-sciences-nagpur-all-india-institute-of-medical-sciences-2026--2313","https://www.searchsarkarinaukri.com/jobs/all-india-institute-of-medical-sciences-nagpur-all-india-institute-of-medical-sciences-2026--3244","job-listing","job-listing","89.73","357","357"
"https://www.searchsarkarinaukri.com/jobs/all-india-institute-of-medical-sciences-nagpur-all-india-institute-of-medical-sciences-2026--2652","https://www.searchsarkarinaukri.com/jobs/all-india-institute-of-medical-sciences-nagpur-all-india-institute-of-medical-sciences-2026--3244","job-listing","job-listing","89.73","357","357"
"https://www.searchsarkarinaukri.com/jobs/all-india-institute-of-medical-sciences-nagpur-all-india-institute-of-medical-sciences-2026--1961","https://www.searchsarkarinaukri.com/jobs/all-india-institute-of-medical-sciences-nagpur-all-india-institute-of-medical-sciences-2026--3244","job-listing","job-listing","89.73","357","357"
"https://www.searchsarkarinaukri.com/jobs/all-india-institute-of-medical-sciences-nagpur-all-india-institute-of-medical-sciences-2026--2936","https://www.searchsarkarinaukri.com/jobs/all-india-institute-of-medical-sciences-nagpur-all-india-institute-of-medical-sciences-2026--3244","job-listing","job-listing","89.73","357","357"
"https://www.searchsarkarinaukri.com/jobs/all-india-institute-of-medical-sciences-nagpur-all-india-institute-of-medical-sciences-2026--3521","https://www.searchsarkarinaukri.com/jobs/all-india-institute-of-medical-sciences-nagpur-all-india-institute-of-medical-sciences-2026--4008","job-listing","job-listing","89.73","357","357"
"https://www.searchsarkarinaukri.com/jobs/ministry-of-jal-shakti-ministry-of-jal-shakti-2026--2347","https://www.searchsarkarinaukri.com/jobs/ministry-of-jal-shakti-ministry-of-jal-shakti-2026--2502","job-listing","job-listing","89.72","267","267"
"https://www.searchsarkarinaukri.com/jobs/dfccil-dfccil-2026--1801","https://www.searchsarkarinaukri.com/jobs/dfccil-dfccil-2026--3709","job-listing","job-listing","89.70","228","228"
"https://www.searchsarkarinaukri.com/jobs/icsil-bharti-2026-details-icsil-bharti-2026-details-2026--4999","https://www.searchsarkarinaukri.com/jobs/icsil-bharti-2026-details-icsil-bharti-2026-details-2026--4956","job-listing","job-listing","89.69","228","227"
"https://www.searchsarkarinaukri.com/jobs/bhel-bhel-2026--4665","https://www.searchsarkarinaukri.com/jobs/bhel-bhel-2026--4790","job-listing","job-listing","89.67","213","213"
"https://www.searchsarkarinaukri.com/jobs/irctc-irctc-2026--2759","https://www.searchsarkarinaukri.com/jobs/irctc-irctc-2026--3712","job-listing","job-listing","89.66","231","231"
"https://www.searchsarkarinaukri.com/jobs/ghb-ghb-2026--4203","https://www.searchsarkarinaukri.com/jobs/ghb-ghb-2026--4384","job-listing","job-listing","89.62","212","212"
"https://www.searchsarkarinaukri.com/jobs/ibps-crp-clerk-ibps-crp-clerk-2026--3723","https://www.searchsarkarinaukri.com/jobs/ibps-crp-clerk-ibps-crp-clerk-2026--3968","job-listing","job-listing","89.60","252","253"
"https://www.searchsarkarinaukri.com/engineer-jobs-in-kerala","https://www.searchsarkarinaukri.com/engineering-jobs-in-kerala","other","other","89.53","153","155"
"https://www.searchsarkarinaukri.com/jobs/bal-vikas-prakalp-ahilyanagar-integrated-child-development-services-scheme-project-bal-vikas-prakalp--2782","https://www.searchsarkarinaukri.com/jobs/bal-vikas-prakalp-ahilyanagar-integrated-child-development-services-scheme-project-bal-vikas-prakalp--3838","job-listing","job-listing","89.53","209","209"
"https://www.searchsarkarinaukri.com/jobs/balmer-lawrie-and-company-limited-junior-officer-or-officer-commercial-2026--1627","https://www.searchsarkarinaukri.com/jobs/balmer-lawrie-and-company-limited-officer-commercial-2026--1602","job-listing","job-listing","89.50","199","193"
"https://www.searchsarkarinaukri.com/jobs/indian-air-force-agniveer-indian-air-force-agniveer-2026--2132","https://www.searchsarkarinaukri.com/jobs/indian-air-force-agniveer-indian-air-force-agniveer-2026--3164","job-listing","job-listing","89.47","220","220"
"https://www.searchsarkarinaukri.com/jobs/indian-air-force-agniveer-indian-air-force-agniveer-2026--2132","https://www.searchsarkarinaukri.com/jobs/indian-air-force-agniveer-indian-air-force-agniveer-2026--3902","job-listing","job-listing","89.47","220","220"
"https://www.searchsarkarinaukri.com/jobs/ministry-of-jal-shakti-ministry-of-jal-shakti-2026--2618","https://www.searchsarkarinaukri.com/jobs/ministry-of-jal-shakti-ministry-of-jal-shakti-2026--4948","job-listing","job-listing","89.43","230","230"
"https://www.searchsarkarinaukri.com/jobs/bharati-vidyapeeth-pune-bharati-vidyapeeth-pune-2026--1747","https://www.searchsarkarinaukri.com/jobs/bharati-vidyapeeth-pune-bharati-vidyapeeth-pune-2026--2463","job-listing","job-listing","89.32","286","286"
"https://www.searchsarkarinaukri.com/jobs/bharati-vidyapeeth-pune-bharati-vidyapeeth-pune-2026--3661","https://www.searchsarkarinaukri.com/jobs/bharati-vidyapeeth-pune-bharati-vidyapeeth-pune-2026--4205","job-listing","job-listing","89.32","286","286"
"https://www.searchsarkarinaukri.com/jobs/ict-mumbai-ict-mumbai-2026--2991","https://www.searchsarkarinaukri.com/jobs/ict-mumbai-ict-mumbai-2026--3518","job-listing","job-listing","89.29","216","216"
"https://www.searchsarkarinaukri.com/jobs/ict-mumbai-ict-mumbai-2026--2179","https://www.searchsarkarinaukri.com/jobs/ict-mumbai-ict-mumbai-2026--3716","job-listing","job-listing","89.29","216","216"
"https://www.searchsarkarinaukri.com/jobs/ict-mumbai-ict-mumbai-2026--2834","https://www.searchsarkarinaukri.com/jobs/ict-mumbai-ict-mumbai-2026--3716","job-listing","job-listing","89.29","216","216"
"https://www.searchsarkarinaukri.com/jobs/ict-mumbai-ict-mumbai-2026--2179","https://www.searchsarkarinaukri.com/jobs/ict-mumbai-ict-mumbai-2026--4070","job-listing","job-listing","89.29","216","216"
"https://www.searchsarkarinaukri.com/jobs/ict-mumbai-ict-mumbai-2026--2834","https://www.searchsarkarinaukri.com/jobs/ict-mumbai-ict-mumbai-2026--4070","job-listing","job-listing","89.29","216","216"
"https://www.searchsarkarinaukri.com/jobs/ict-mumbai-ict-mumbai-2026--2179","https://www.searchsarkarinaukri.com/jobs/ict-mumbai-ict-mumbai-2026--4427","job-listing","job-listing","89.29","216","216"
"https://www.searchsarkarinaukri.com/jobs/ict-mumbai-ict-mumbai-2026--2834","https://www.searchsarkarinaukri.com/jobs/ict-mumbai-ict-mumbai-2026--4427","job-listing","job-listing","89.29","216","216"
"https://www.searchsarkarinaukri.com/jobs/mumbai-port-trust-mumbai-port-trust-2026--1731","https://www.searchsarkarinaukri.com/jobs/mumbai-port-trust-mumbai-port-trust-2026--1883","job-listing","job-listing","89.29","315","315"
"https://www.searchsarkarinaukri.com/jobs/mumbai-port-trust-mumbai-port-trust-2026--1731","https://www.searchsarkarinaukri.com/jobs/mumbai-port-trust-mumbai-port-trust-2026--2045","job-listing","job-listing","89.29","315","315"
"https://www.searchsarkarinaukri.com/jobs/wcl-nagpur-wcl-nagpur-2026--2603","https://www.searchsarkarinaukri.com/jobs/wcl-nagpur-wcl-nagpur-2026--3310","job-listing","job-listing","89.24","238","238"
"https://www.searchsarkarinaukri.com/jobs/wcl-nagpur-wcl-nagpur-2026--3310","https://www.searchsarkarinaukri.com/jobs/wcl-nagpur-wcl-nagpur-2026--3270","job-listing","job-listing","89.24","238","238"
"https://www.searchsarkarinaukri.com/jobs/tiss-mumbai-tiss-mumbai-2026--4945","https://www.searchsarkarinaukri.com/jobs/tiss-mumbai-tiss-mumbai-2026--4576","job-listing","job-listing","89.18","229","228"
"https://www.searchsarkarinaukri.com/jobs/bank-of-baroda-bank-of-baroda-2026--2056","https://www.searchsarkarinaukri.com/jobs/bank-of-baroda-bank-of-baroda-2026--2457","job-listing","job-listing","89.11","264","264"
"https://www.searchsarkarinaukri.com/jobs/bank-of-baroda-bank-of-baroda-2026--2436","https://www.searchsarkarinaukri.com/jobs/bank-of-baroda-bank-of-baroda-2026--2457","job-listing","job-listing","89.11","264","264"
"https://www.searchsarkarinaukri.com/jobs/bank-of-baroda-bank-of-baroda-2026--2056","https://www.searchsarkarinaukri.com/jobs/bank-of-baroda-bank-of-baroda-2026--2507","job-listing","job-listing","89.11","264","264"
"https://www.searchsarkarinaukri.com/jobs/bank-of-baroda-bank-of-baroda-2026--2436","https://www.searchsarkarinaukri.com/jobs/bank-of-baroda-bank-of-baroda-2026--2507","job-listing","job-listing","89.11","264","264"
"https://www.searchsarkarinaukri.com/jobs/bank-of-baroda-bank-of-baroda-2026--2056","https://www.searchsarkarinaukri.com/jobs/bank-of-baroda-bank-of-baroda-2026--3079","job-listing","job-listing","89.11","264","264"
"https://www.searchsarkarinaukri.com/jobs/bank-of-baroda-bank-of-baroda-2026--2436","https://www.searchsarkarinaukri.com/jobs/bank-of-baroda-bank-of-baroda-2026--3079","job-listing","job-listing","89.11","264","264"
"https://www.searchsarkarinaukri.com/jobs/bank-of-baroda-bank-of-baroda-2026--2457","https://www.searchsarkarinaukri.com/jobs/bank-of-baroda-bank-of-baroda-2026--3079","job-listing","job-listing","89.11","264","264"
"https://www.searchsarkarinaukri.com/jobs/bank-of-baroda-bank-of-baroda-2026--2507","https://www.searchsarkarinaukri.com/jobs/bank-of-baroda-bank-of-baroda-2026--3079","job-listing","job-listing","89.11","264","264"
"https://www.searchsarkarinaukri.com/jobs/bank-of-baroda-bank-of-baroda-2026--2056","https://www.searchsarkarinaukri.com/jobs/bank-of-baroda-bank-of-baroda-2026--3215","job-listing","job-listing","89.11","264","264"
"https://www.searchsarkarinaukri.com/jobs/bank-of-baroda-bank-of-baroda-2026--2436","https://www.searchsarkarinaukri.com/jobs/bank-of-baroda-bank-of-baroda-2026--3215","job-listing","job-listing","89.11","264","264"
"https://www.searchsarkarinaukri.com/jobs/bank-of-baroda-bank-of-baroda-2026--2507","https://www.searchsarkarinaukri.com/jobs/bank-of-baroda-bank-of-baroda-2026--3215","job-listing","job-listing","89.11","264","264"
"https://www.searchsarkarinaukri.com/jobs/bank-of-baroda-bank-of-baroda-2026--2457","https://www.searchsarkarinaukri.com/jobs/bank-of-baroda-bank-of-baroda-2026--3215","job-listing","job-listing","89.11","264","264"
"https://www.searchsarkarinaukri.com/jobs/bank-of-baroda-bank-of-baroda-2026--3079","https://www.searchsarkarinaukri.com/jobs/bank-of-baroda-bank-of-baroda-2026--3215","job-listing","job-listing","89.11","264","264"
"https://www.searchsarkarinaukri.com/jobs/krcl-krcl-2026--1921","https://www.searchsarkarinaukri.com/jobs/krcl-krcl-2026--2230","job-listing","job-listing","89.06","284","284"
"https://www.searchsarkarinaukri.com/jobs/krcl-krcl-2026--2383","https://www.searchsarkarinaukri.com/jobs/krcl-krcl-2026--3260","job-listing","job-listing","89.06","284","284"
"https://www.searchsarkarinaukri.com/jobs/union-public-service-commission-indian-forest-service-examination-2025-2026--1427","https://www.searchsarkarinaukri.com/jobs/union-public-service-commission-indian-forest-service-main-examination-2025-2026--1439","job-listing","job-listing","89.05","134","136"
"https://www.searchsarkarinaukri.com/jobs/sail-rsp-trade-apprentice-electrician-recruitment-2026--4365","https://www.searchsarkarinaukri.com/jobs/sail-rsp-trade-apprentice-tool-die-maker-recruitment-2026--4367","job-listing","job-listing","89.04","237","241"
"https://www.searchsarkarinaukri.com/jobs/sail-rsp-trade-apprentice-fitter-recruitment-2026--4366","https://www.searchsarkarinaukri.com/jobs/sail-rsp-trade-apprentice-tool-die-maker-recruitment-2026--4367","job-listing","job-listing","89.04","237","241"
"https://www.searchsarkarinaukri.com/jobs/dbskkv-dbskkv-2026--3711","https://www.searchsarkarinaukri.com/jobs/dbskkv-dbskkv-2026--3956","job-listing","job-listing","88.99","215","215"
"https://www.searchsarkarinaukri.com/jobs/dbskkv-dbskkv-2026--2788","https://www.searchsarkarinaukri.com/jobs/dbskkv-dbskkv-2026--4202","job-listing","job-listing","88.99","215","215"
"https://www.searchsarkarinaukri.com/jobs/dbskkv-dbskkv-2026--2924","https://www.searchsarkarinaukri.com/jobs/dbskkv-dbskkv-2026--4202","job-listing","job-listing","88.99","215","215"
"https://www.searchsarkarinaukri.com/jobs/dbskkv-dbskkv-2026--3517","https://www.searchsarkarinaukri.com/jobs/dbskkv-dbskkv-2026--4202","job-listing","job-listing","88.99","215","215"
"https://www.searchsarkarinaukri.com/jobs/gokhale-institute-of-politics-and-economics-pune-gokhale-institute-of-politics-and-economics-2026--2388","https://www.searchsarkarinaukri.com/jobs/gokhale-institute-of-politics-and-economics-pune-gokhale-institute-of-politics-and-economics-2026--3173","job-listing","job-listing","88.98","259","259"
"https://www.searchsarkarinaukri.com/jobs/icsil-bharti-2026-details-icsil-bharti-2026-details-2026--2221","https://www.searchsarkarinaukri.com/jobs/icsil-bharti-2026-details-icsil-bharti-2026-details-2026--2140","job-listing","job-listing","88.98","264","264"
"https://www.searchsarkarinaukri.com/jobs/icsil-bharti-2026-details-icsil-bharti-2026-details-2026--3297","https://www.searchsarkarinaukri.com/jobs/icsil-bharti-2026-details-icsil-bharti-2026-details-2026--4428","job-listing","job-listing","88.98","264","264"
"https://www.searchsarkarinaukri.com/admit-cards/17","https://www.searchsarkarinaukri.com/admit-cards/20","admit-card","admit-card","88.97","136","139"
"https://www.searchsarkarinaukri.com/admit-cards/20","https://www.searchsarkarinaukri.com/admit-cards/24","admit-card","admit-card","88.97","139","136"
"https://www.searchsarkarinaukri.com/admit-cards/17","https://www.searchsarkarinaukri.com/admit-cards/25","admit-card","admit-card","88.97","136","139"
"https://www.searchsarkarinaukri.com/admit-cards/24","https://www.searchsarkarinaukri.com/admit-cards/25","admit-card","admit-card","88.97","136","139"
"https://www.searchsarkarinaukri.com/admit-cards/31","https://www.searchsarkarinaukri.com/admit-cards/32","admit-card","admit-card","88.97","136","139"
"https://www.searchsarkarinaukri.com/admit-cards/32","https://www.searchsarkarinaukri.com/admit-cards/38","admit-card","admit-card","88.97","139","136"
"https://www.searchsarkarinaukri.com/admit-cards/31","https://www.searchsarkarinaukri.com/admit-cards/39","admit-card","admit-card","88.97","136","139"
"https://www.searchsarkarinaukri.com/admit-cards/38","https://www.searchsarkarinaukri.com/admit-cards/39","admit-card","admit-card","88.97","136","139"
"https://www.searchsarkarinaukri.com/admit-cards/32","https://www.searchsarkarinaukri.com/admit-cards/47","admit-card","admit-card","88.97","139","136"
"https://www.searchsarkarinaukri.com/admit-cards/39","https://www.searchsarkarinaukri.com/admit-cards/47","admit-card","admit-card","88.97","139","136"
"https://www.searchsarkarinaukri.com/admit-cards/32","https://www.searchsarkarinaukri.com/admit-cards/53","admit-card","admit-card","88.97","139","136"
"https://www.searchsarkarinaukri.com/admit-cards/39","https://www.searchsarkarinaukri.com/admit-cards/53","admit-card","admit-card","88.97","139","136"
"https://www.searchsarkarinaukri.com/admit-cards/32","https://www.searchsarkarinaukri.com/admit-cards/61","admit-card","admit-card","88.97","139","136"
"https://www.searchsarkarinaukri.com/admit-cards/39","https://www.searchsarkarinaukri.com/admit-cards/61","admit-card","admit-card","88.97","139","136"
"https://www.searchsarkarinaukri.com/admit-cards/68","https://www.searchsarkarinaukri.com/admit-cards/76","admit-card","admit-card","88.97","136","139"
"https://www.searchsarkarinaukri.com/admit-cards/73","https://www.searchsarkarinaukri.com/admit-cards/76","admit-card","admit-card","88.97","136","139"
"https://www.searchsarkarinaukri.com/admit-cards/76","https://www.searchsarkarinaukri.com/admit-cards/81","admit-card","admit-card","88.97","139","136"
"https://www.searchsarkarinaukri.com/admit-cards/68","https://www.searchsarkarinaukri.com/admit-cards/82","admit-card","admit-card","88.97","136","139"
"https://www.searchsarkarinaukri.com/admit-cards/73","https://www.searchsarkarinaukri.com/admit-cards/82","admit-card","admit-card","88.97","136","139"
"https://www.searchsarkarinaukri.com/admit-cards/81","https://www.searchsarkarinaukri.com/admit-cards/82","admit-card","admit-card","88.97","136","139"
"https://www.searchsarkarinaukri.com/jobs/tadoba-tiger-reserve-chandrapur-tadoba-tiger-reserve-chandrapur-2026--2840","https://www.searchsarkarinaukri.com/jobs/tadoba-tiger-reserve-chandrapur-tadoba-tiger-reserve-chandrapur-2026--3089","job-listing","job-listing","88.97","271","271"
"https://www.searchsarkarinaukri.com/jobs/balmer-lawrie-and-company-limited-officer-commerical-corporate-2026--1613","https://www.searchsarkarinaukri.com/jobs/balmer-lawrie-and-company-limited-officer-travel-2026--1598","job-listing","job-listing","88.94","195","193"
"https://www.searchsarkarinaukri.com/jobs/balmer-lawrie-and-company-limited-officer-mice-operations-2026--1614","https://www.searchsarkarinaukri.com/jobs/balmer-lawrie-and-company-limited-officer-travel-2026--1598","job-listing","job-listing","88.94","195","193"
"https://www.searchsarkarinaukri.com/jobs/balmer-lawrie-and-company-limited-officer-commercial-2026--1602","https://www.searchsarkarinaukri.com/jobs/balmer-lawrie-and-company-limited-officer-ticketing-mice-2026--1597","job-listing","job-listing","88.94","193","195"
"https://www.searchsarkarinaukri.com/jobs/balmer-lawrie-and-company-limited-officer-it-2026--1608","https://www.searchsarkarinaukri.com/jobs/balmer-lawrie-and-company-limited-officer-ticketing-mice-2026--1597","job-listing","job-listing","88.94","193","195"
"https://www.searchsarkarinaukri.com/jobs/mumbai-metropolitan-region-slum-rehabilitation-authorities-mumbai-metropolitan-region-slum-rehabilit--2354","https://www.searchsarkarinaukri.com/jobs/mumbai-metropolitan-region-slum-rehabilitation-authorities-mumbai-metropolitan-region-slum-rehabilit--2145","job-listing","job-listing","88.93","255","255"
"https://www.searchsarkarinaukri.com/jobs/balmer-lawrie-and-company-limited-officer-commercial-2026--1602","https://www.searchsarkarinaukri.com/jobs/balmer-lawrie-and-company-limited-officer-travel-2026--1598","job-listing","job-listing","88.89","193","193"
"https://www.searchsarkarinaukri.com/jobs/balmer-lawrie-and-company-limited-officer-it-2026--1608","https://www.searchsarkarinaukri.com/jobs/balmer-lawrie-and-company-limited-officer-travel-2026--1598","job-listing","job-listing","88.89","193","193"
"https://www.searchsarkarinaukri.com/jobs/iit-goa-iit-goa-2026--2838","https://www.searchsarkarinaukri.com/jobs/iit-goa-iit-goa-2026--4006","job-listing","job-listing","88.89","211","211"
"https://www.searchsarkarinaukri.com/jobs/sgbau-amravati-sgbau-amravati-2026--4380","https://www.searchsarkarinaukri.com/jobs/sgbau-amravati-sgbau-amravati-2026--4840","job-listing","job-listing","88.89","276","277"
"https://www.searchsarkarinaukri.com/jobs/sgbau-amravati-sgbau-amravati-2026--4380","https://www.searchsarkarinaukri.com/jobs/sgbau-amravati-sgbau-amravati-2026--5012","job-listing","job-listing","88.89","276","277"
"https://www.searchsarkarinaukri.com/jobs/mumbai-port-trust-mumbai-port-trust-2026--4273","https://www.searchsarkarinaukri.com/jobs/mumbai-port-trust-mumbai-port-trust-2026--4829","job-listing","job-listing","88.76","285","285"
"https://www.searchsarkarinaukri.com/jobs/defence-institute-of-advanced-technology-pune-defence-institute-of-advanced-2026--2460","https://www.searchsarkarinaukri.com/jobs/defence-institute-of-advanced-technology-pune-defence-institute-of-advanced-2026--2926","job-listing","job-listing","88.68","271","271"
"https://www.searchsarkarinaukri.com/jobs/defence-institute-of-advanced-technology-pune-defence-institute-of-advanced-2026--2460","https://www.searchsarkarinaukri.com/jobs/defence-institute-of-advanced-technology-pune-defence-institute-of-advanced-2026--2989","job-listing","job-listing","88.68","271","271"
"https://www.searchsarkarinaukri.com/jobs/union-public-service-commission-national-defence-academy-and-naval-academy-2026--1436","https://www.searchsarkarinaukri.com/jobs/union-public-service-commission-national-defence-academy-and-naval-academy-2026--1441","job-listing","job-listing","88.65","142","142"
"https://www.searchsarkarinaukri.com/jobs/union-public-service-commission-national-defence-academy-and-naval-academy-2026--1436","https://www.searchsarkarinaukri.com/jobs/union-public-service-commission-national-defence-academy-and-naval-academy-2026--1484","job-listing","job-listing","88.65","142","142"
"https://www.searchsarkarinaukri.com/jobs/vnit-nagpur-vnit-nagpur-2026--3023","https://www.searchsarkarinaukri.com/jobs/vnit-nagpur-vnit-nagpur-2026--2791","job-listing","job-listing","88.64","260","260"
"https://www.searchsarkarinaukri.com/jobs/vnit-nagpur-vnit-nagpur-2026--3023","https://www.searchsarkarinaukri.com/jobs/vnit-nagpur-vnit-nagpur-2026--3463","job-listing","job-listing","88.64","260","260"
"https://www.searchsarkarinaukri.com/jobs/tiss-mumbai-tiss-mumbai-2026--1837","https://www.searchsarkarinaukri.com/jobs/tiss-mumbai-tiss-mumbai-2026--2029","job-listing","job-listing","88.55","262","262"
"https://www.searchsarkarinaukri.com/jobs/tiss-mumbai-tiss-mumbai-2026--2029","https://www.searchsarkarinaukri.com/jobs/tiss-mumbai-tiss-mumbai-2026--1913","job-listing","job-listing","88.55","262","262"
"https://www.searchsarkarinaukri.com/jobs/tiss-mumbai-tiss-mumbai-2026--1837","https://www.searchsarkarinaukri.com/jobs/tiss-mumbai-tiss-mumbai-2026--1942","job-listing","job-listing","88.55","262","262"
"https://www.searchsarkarinaukri.com/jobs/tiss-mumbai-tiss-mumbai-2026--2029","https://www.searchsarkarinaukri.com/jobs/tiss-mumbai-tiss-mumbai-2026--1942","job-listing","job-listing","88.55","262","262"
"https://www.searchsarkarinaukri.com/jobs/tiss-mumbai-tiss-mumbai-2026--1837","https://www.searchsarkarinaukri.com/jobs/tiss-mumbai-tiss-mumbai-2026--1985","job-listing","job-listing","88.55","262","262"
"https://www.searchsarkarinaukri.com/jobs/tiss-mumbai-tiss-mumbai-2026--2029","https://www.searchsarkarinaukri.com/jobs/tiss-mumbai-tiss-mumbai-2026--1985","job-listing","job-listing","88.55","262","262"
"https://www.searchsarkarinaukri.com/jobs/tiss-mumbai-tiss-mumbai-2026--1837","https://www.searchsarkarinaukri.com/jobs/tiss-mumbai-tiss-mumbai-2026--2068","job-listing","job-listing","88.55","262","262"
"https://www.searchsarkarinaukri.com/jobs/tiss-mumbai-tiss-mumbai-2026--2029","https://www.searchsarkarinaukri.com/jobs/tiss-mumbai-tiss-mumbai-2026--2068","job-listing","job-listing","88.55","262","262"
"https://www.searchsarkarinaukri.com/jobs/tiss-mumbai-tiss-mumbai-2026--1985","https://www.searchsarkarinaukri.com/jobs/tiss-mumbai-tiss-mumbai-2026--2068","job-listing","job-listing","88.55","262","262"
"https://www.searchsarkarinaukri.com/jobs/tiss-mumbai-tiss-mumbai-2026--1913","https://www.searchsarkarinaukri.com/jobs/tiss-mumbai-tiss-mumbai-2026--2068","job-listing","job-listing","88.55","262","262"
"https://www.searchsarkarinaukri.com/jobs/tiss-mumbai-tiss-mumbai-2026--1942","https://www.searchsarkarinaukri.com/jobs/tiss-mumbai-tiss-mumbai-2026--2068","job-listing","job-listing","88.55","262","262"
"https://www.searchsarkarinaukri.com/jobs/tiss-mumbai-tiss-mumbai-2026--1837","https://www.searchsarkarinaukri.com/jobs/tiss-mumbai-tiss-mumbai-2026--2318","job-listing","job-listing","88.55","262","262"
"https://www.searchsarkarinaukri.com/jobs/tiss-mumbai-tiss-mumbai-2026--2029","https://www.searchsarkarinaukri.com/jobs/tiss-mumbai-tiss-mumbai-2026--2318","job-listing","job-listing","88.55","262","262"
"https://www.searchsarkarinaukri.com/jobs/tiss-mumbai-tiss-mumbai-2026--1913","https://www.searchsarkarinaukri.com/jobs/tiss-mumbai-tiss-mumbai-2026--2318","job-listing","job-listing","88.55","262","262"
"https://www.searchsarkarinaukri.com/jobs/tiss-mumbai-tiss-mumbai-2026--1985","https://www.searchsarkarinaukri.com/jobs/tiss-mumbai-tiss-mumbai-2026--2318","job-listing","job-listing","88.55","262","262"
"https://www.searchsarkarinaukri.com/jobs/tiss-mumbai-tiss-mumbai-2026--1942","https://www.searchsarkarinaukri.com/jobs/tiss-mumbai-tiss-mumbai-2026--2318","job-listing","job-listing","88.55","262","262"
"https://www.searchsarkarinaukri.com/jobs/tiss-mumbai-tiss-mumbai-2026--1837","https://www.searchsarkarinaukri.com/jobs/tiss-mumbai-tiss-mumbai-2026--2263","job-listing","job-listing","88.55","262","262"
"https://www.searchsarkarinaukri.com/jobs/tiss-mumbai-tiss-mumbai-2026--1913","https://www.searchsarkarinaukri.com/jobs/tiss-mumbai-tiss-mumbai-2026--2263","job-listing","job-listing","88.55","262","262"
"https://www.searchsarkarinaukri.com/jobs/tiss-mumbai-tiss-mumbai-2026--1985","https://www.searchsarkarinaukri.com/jobs/tiss-mumbai-tiss-mumbai-2026--2263","job-listing","job-listing","88.55","262","262"
"https://www.searchsarkarinaukri.com/jobs/tiss-mumbai-tiss-mumbai-2026--1942","https://www.searchsarkarinaukri.com/jobs/tiss-mumbai-tiss-mumbai-2026--2263","job-listing","job-listing","88.55","262","262"
"https://www.searchsarkarinaukri.com/jobs/tiss-mumbai-tiss-mumbai-2026--2646","https://www.searchsarkarinaukri.com/jobs/tiss-mumbai-tiss-mumbai-2026--3022","job-listing","job-listing","88.55","262","262"
"https://www.searchsarkarinaukri.com/jobs/tiss-mumbai-tiss-mumbai-2026--2646","https://www.searchsarkarinaukri.com/jobs/tiss-mumbai-tiss-mumbai-2026--2878","job-listing","job-listing","88.55","262","262"
"https://www.searchsarkarinaukri.com/jobs/tiss-mumbai-tiss-mumbai-2026--2646","https://www.searchsarkarinaukri.com/jobs/tiss-mumbai-tiss-mumbai-2026--3082","job-listing","job-listing","88.55","262","262"
"https://www.searchsarkarinaukri.com/jobs/tiss-mumbai-tiss-mumbai-2026--3022","https://www.searchsarkarinaukri.com/jobs/tiss-mumbai-tiss-mumbai-2026--3082","job-listing","job-listing","88.55","262","262"
"https://www.searchsarkarinaukri.com/jobs/tiss-mumbai-tiss-mumbai-2026--2878","https://www.searchsarkarinaukri.com/jobs/tiss-mumbai-tiss-mumbai-2026--3082","job-listing","job-listing","88.55","262","262"
"https://www.searchsarkarinaukri.com/jobs/union-public-service-commission-engineering-services-main-examination-2026-2026--1428","https://www.searchsarkarinaukri.com/jobs/union-public-service-commission-engineering-services-preliminary-examination-2026-2026--1438","job-listing","job-listing","88.54","154","154"
"https://www.searchsarkarinaukri.com/jobs/balmer-lawrie-and-company-limited-assistant-manager-commercial-2026--1601","https://www.searchsarkarinaukri.com/jobs/balmer-lawrie-and-company-limited-assistant-manager-mice-govt-and-psu-2026--1615","job-listing","job-listing","88.52","201","207"
"https://www.searchsarkarinaukri.com/jobs/balmer-lawrie-and-company-limited-assistant-manager-mice-govt-and-psu-2026--1615","https://www.searchsarkarinaukri.com/jobs/balmer-lawrie-and-company-limited-assistant-manager-travel-2026--1599","job-listing","job-listing","88.52","207","201"
"https://www.searchsarkarinaukri.com/jobs/kendriya-vidyalaya-of-varangaon-kendriya-vidyalaya-of-varangaon-2026--2152","https://www.searchsarkarinaukri.com/jobs/kendriya-vidyalaya-of-varangaon-kendriya-vidyalaya-of-varangaon-2026--4947","job-listing","job-listing","88.52","221","221"
"https://www.searchsarkarinaukri.com/jobs/maharashtra-maritime-board-mumbai-maharashtra-maritime-board-mumbai-2026--2548","https://www.searchsarkarinaukri.com/jobs/maharashtra-maritime-board-mumbai-maharashtra-maritime-board-mumbai-2026--2839","job-listing","job-listing","88.52","241","241"
"https://www.searchsarkarinaukri.com/jobs/national-thermal-power-corporation-limited-national-thermal-power-corporation-limited-2026--2339","https://www.searchsarkarinaukri.com/jobs/national-thermal-power-corporation-limited-national-thermal-power-corporation-limited-2026--3405","job-listing","job-listing","88.51","265","265"
"https://www.searchsarkarinaukri.com/jobs/national-thermal-power-corporation-limited-national-thermal-power-corporation-limited-2026--2539","https://www.searchsarkarinaukri.com/jobs/national-thermal-power-corporation-limited-national-thermal-power-corporation-limited-2026--3405","job-listing","job-listing","88.51","265","265"
"https://www.searchsarkarinaukri.com/jobs/ari-pune-ari-pune-2026--1930","https://www.searchsarkarinaukri.com/jobs/ari-pune-ari-pune-2026--2023","job-listing","job-listing","88.43","238","238"
"https://www.searchsarkarinaukri.com/jobs/ari-pune-ari-pune-2026--1930","https://www.searchsarkarinaukri.com/jobs/ari-pune-ari-pune-2026--2234","job-listing","job-listing","88.43","238","238"
"https://www.searchsarkarinaukri.com/jobs/ari-pune-ari-pune-2026--1930","https://www.searchsarkarinaukri.com/jobs/ari-pune-ari-pune-2026--2158","job-listing","job-listing","88.43","238","238"
"https://www.searchsarkarinaukri.com/jobs/gac-nagpur-gac-nagpur-2026--3026","https://www.searchsarkarinaukri.com/jobs/gac-nagpur-gac-nagpur-2026--3777","job-listing","job-listing","88.43","238","238"
"https://www.searchsarkarinaukri.com/jobs/union-public-service-commission-combined-defence-services-examination-i-2026-2026--1435","https://www.searchsarkarinaukri.com/jobs/union-public-service-commission-combined-defence-services-examination-ii-2025-2026--1442","job-listing","job-listing","88.41","136","136"
"https://www.searchsarkarinaukri.com/jobs/union-public-service-commission-combined-defence-services-examination-i-2026-2026--1435","https://www.searchsarkarinaukri.com/jobs/union-public-service-commission-combined-defence-services-examination-ii-2026-2026--1483","job-listing","job-listing","88.41","136","136"
"https://www.searchsarkarinaukri.com/jobs/union-public-service-commission-combined-geo-scientist-main-examination-2026-2026--1400","https://www.searchsarkarinaukri.com/jobs/union-public-service-commission-combined-geo-scientist-preliminary-examination-2026-2026--1402","job-listing","job-listing","88.41","136","136"
"https://www.searchsarkarinaukri.com/jobs/gokhale-education-society-gokhale-education-society-2026--4720","https://www.searchsarkarinaukri.com/jobs/gokhale-education-society-gokhale-education-society-2026--5009","job-listing","job-listing","88.39","221","221"
"https://www.searchsarkarinaukri.com/jobs/icar-iari-icar-iari-2026--2499","https://www.searchsarkarinaukri.com/jobs/icar-iari-icar-iari-2026--2832","job-listing","job-listing","88.33","264","264"
"https://www.searchsarkarinaukri.com/jobs/panjabrao-deshmukh-krishi-vidyapeeth-akola-panjabrao-deshmukh-krishi-vidyapeeth-akola-2026--1754","https://www.searchsarkarinaukri.com/jobs/panjabrao-deshmukh-krishi-vidyapeeth-akola-panjabrao-deshmukh-krishi-vidyapeeth-akola-2026--1944","job-listing","job-listing","88.33","252","252"
"https://www.searchsarkarinaukri.com/jobs/panjabrao-deshmukh-krishi-vidyapeeth-akola-panjabrao-deshmukh-krishi-vidyapeeth-akola-2026--1754","https://www.searchsarkarinaukri.com/jobs/panjabrao-deshmukh-krishi-vidyapeeth-akola-panjabrao-deshmukh-krishi-vidyapeeth-akola-2026--1975","job-listing","job-listing","88.33","252","252"
"https://www.searchsarkarinaukri.com/jobs/panjabrao-deshmukh-krishi-vidyapeeth-akola-panjabrao-deshmukh-krishi-vidyapeeth-akola-2026--3532","https://www.searchsarkarinaukri.com/jobs/panjabrao-deshmukh-krishi-vidyapeeth-akola-panjabrao-deshmukh-krishi-vidyapeeth-akola-2026--3718","job-listing","job-listing","88.33","252","252"
"https://www.searchsarkarinaukri.com/jobs/panjabrao-deshmukh-krishi-vidyapeeth-akola-panjabrao-deshmukh-krishi-vidyapeeth-akola-2026--3532","https://www.searchsarkarinaukri.com/jobs/panjabrao-deshmukh-krishi-vidyapeeth-akola-panjabrao-deshmukh-krishi-vidyapeeth-akola-2026--4213","job-listing","job-listing","88.33","252","252"
"https://www.searchsarkarinaukri.com/jobs/panjabrao-deshmukh-krishi-vidyapeeth-akola-panjabrao-deshmukh-krishi-vidyapeeth-akola-2026--3718","https://www.searchsarkarinaukri.com/jobs/panjabrao-deshmukh-krishi-vidyapeeth-akola-panjabrao-deshmukh-krishi-vidyapeeth-akola-2026--4213","job-listing","job-listing","88.33","252","252"
"https://www.searchsarkarinaukri.com/admit-cards/33","https://www.searchsarkarinaukri.com/admit-cards/57","admit-card","admit-card","88.32","139","139"
"https://www.searchsarkarinaukri.com/admit-cards/40","https://www.searchsarkarinaukri.com/admit-cards/57","admit-card","admit-card","88.32","139","139"
"https://www.searchsarkarinaukri.com/admit-cards/48","https://www.searchsarkarinaukri.com/admit-cards/57","admit-card","admit-card","88.32","139","139"
"https://www.searchsarkarinaukri.com/jobs/sail-rsp-trade-apprentice-diesel-mechanic-recruitment-2026--4364","https://www.searchsarkarinaukri.com/jobs/sail-rsp-trade-apprentice-tool-die-maker-recruitment-2026--4367","job-listing","job-listing","88.24","239","241"
"https://www.searchsarkarinaukri.com/jobs/sail-rsp-trade-apprentice-instrument-mechanic-recruitment-2026--4369","https://www.searchsarkarinaukri.com/jobs/sail-rsp-trade-apprentice-tool-die-maker-recruitment-2026--4367","job-listing","job-listing","88.24","239","241"
"https://www.searchsarkarinaukri.com/jobs/sail-rsp-trade-apprentice-electronics-mechanic-recruitment-2026--4368","https://www.searchsarkarinaukri.com/jobs/sail-rsp-trade-apprentice-tool-die-maker-recruitment-2026--4367","job-listing","job-listing","88.24","239","241"
"https://www.searchsarkarinaukri.com/jobs/ahmednagar-merchant-co-op-bank-ahmednagar-merchant-co-op-bank-2026--2829","https://www.searchsarkarinaukri.com/jobs/ahmednagar-merchant-co-op-bank-ahmednagar-merchant-co-op-bank-2026--3258","job-listing","job-listing","88.19","249","249"
"https://www.searchsarkarinaukri.com/jobs/iips-mumbai-iips-mumbai-2026--2063","https://www.searchsarkarinaukri.com/jobs/iips-mumbai-iips-mumbai-2026--1715","job-listing","job-listing","88.14","242","242"
"https://www.searchsarkarinaukri.com/jobs/iips-mumbai-iips-mumbai-2026--1715","https://www.searchsarkarinaukri.com/jobs/iips-mumbai-iips-mumbai-2026--2133","job-listing","job-listing","88.14","242","242"
"https://www.searchsarkarinaukri.com/jobs/iips-mumbai-iips-mumbai-2026--2063","https://www.searchsarkarinaukri.com/jobs/iips-mumbai-iips-mumbai-2026--2393","job-listing","job-listing","88.14","242","242"
"https://www.searchsarkarinaukri.com/jobs/iips-mumbai-iips-mumbai-2026--1715","https://www.searchsarkarinaukri.com/jobs/iips-mumbai-iips-mumbai-2026--2393","job-listing","job-listing","88.14","242","242"
"https://www.searchsarkarinaukri.com/jobs/iips-mumbai-iips-mumbai-2026--2243","https://www.searchsarkarinaukri.com/jobs/iips-mumbai-iips-mumbai-2026--2393","job-listing","job-listing","88.14","242","242"
"https://www.searchsarkarinaukri.com/jobs/iips-mumbai-iips-mumbai-2026--2133","https://www.searchsarkarinaukri.com/jobs/iips-mumbai-iips-mumbai-2026--2393","job-listing","job-listing","88.14","242","242"
"https://www.searchsarkarinaukri.com/jobs/iips-mumbai-iips-mumbai-2026--2653","https://www.searchsarkarinaukri.com/jobs/iips-mumbai-iips-mumbai-2026--2987","job-listing","job-listing","88.14","242","242"
"https://www.searchsarkarinaukri.com/jobs/iips-mumbai-iips-mumbai-2026--2653","https://www.searchsarkarinaukri.com/jobs/iips-mumbai-iips-mumbai-2026--3083","job-listing","job-listing","88.14","242","242"
"https://www.searchsarkarinaukri.com/jobs/iips-mumbai-iips-mumbai-2026--3303","https://www.searchsarkarinaukri.com/jobs/iips-mumbai-iips-mumbai-2026--4842","job-listing","job-listing","88.14","242","242"
"https://www.searchsarkarinaukri.com/jobs/iips-mumbai-iips-mumbai-2026--3462","https://www.searchsarkarinaukri.com/jobs/iips-mumbai-iips-mumbai-2026--4842","job-listing","job-listing","88.14","242","242"
"https://www.searchsarkarinaukri.com/jobs/iips-mumbai-iips-mumbai-2026--3303","https://www.searchsarkarinaukri.com/jobs/iips-mumbai-iips-mumbai-2026--3911","job-listing","job-listing","88.14","242","242"
"https://www.searchsarkarinaukri.com/jobs/iips-mumbai-iips-mumbai-2026--4842","https://www.searchsarkarinaukri.com/jobs/iips-mumbai-iips-mumbai-2026--3911","job-listing","job-listing","88.14","242","242"
"https://www.searchsarkarinaukri.com/jobs/iips-mumbai-iips-mumbai-2026--3462","https://www.searchsarkarinaukri.com/jobs/iips-mumbai-iips-mumbai-2026--3911","job-listing","job-listing","88.14","242","242"
"https://www.searchsarkarinaukri.com/jobs/tifr-mumbai-tifr-mumbai-2026--1960","https://www.searchsarkarinaukri.com/jobs/tifr-mumbai-tifr-mumbai-2026--2245","job-listing","job-listing","88.14","247","247"
"https://www.searchsarkarinaukri.com/jobs/tifr-mumbai-tifr-mumbai-2026--1960","https://www.searchsarkarinaukri.com/jobs/tifr-mumbai-tifr-mumbai-2026--2190","job-listing","job-listing","88.14","247","247"
"https://www.searchsarkarinaukri.com/jobs/tifr-mumbai-tifr-mumbai-2026--2064","https://www.searchsarkarinaukri.com/jobs/tifr-mumbai-tifr-mumbai-2026--2473","job-listing","job-listing","88.14","247","247"
"https://www.searchsarkarinaukri.com/jobs/tifr-mumbai-tifr-mumbai-2026--2245","https://www.searchsarkarinaukri.com/jobs/tifr-mumbai-tifr-mumbai-2026--2473","job-listing","job-listing","88.14","247","247"
"https://www.searchsarkarinaukri.com/jobs/tifr-mumbai-tifr-mumbai-2026--2190","https://www.searchsarkarinaukri.com/jobs/tifr-mumbai-tifr-mumbai-2026--2473","job-listing","job-listing","88.14","247","247"
"https://www.searchsarkarinaukri.com/jobs/tifr-mumbai-tifr-mumbai-2026--1960","https://www.searchsarkarinaukri.com/jobs/tifr-mumbai-tifr-mumbai-2026--2473","job-listing","job-listing","88.14","247","247"
"https://www.searchsarkarinaukri.com/jobs/actrec-mumbai-actrec-mumbai-2026--2351","https://www.searchsarkarinaukri.com/jobs/actrec-mumbai-actrec-mumbai-2026--2787","job-listing","job-listing","88.10","241","241"
"https://www.searchsarkarinaukri.com/jobs/gokhale-education-society-gokhale-education-society-2026--3770","https://www.searchsarkarinaukri.com/jobs/gokhale-education-society-gokhale-education-society-2026--3913","job-listing","job-listing","88.10","255","255"
"https://www.searchsarkarinaukri.com/jobs/rayat-shikshan-sanstha-satara-rayat-shikshan-sanstha-satara-2026--1948","https://www.searchsarkarinaukri.com/jobs/rayat-shikshan-sanstha-satara-rayat-shikshan-sanstha-satara-2026--2306","job-listing","job-listing","88.10","245","245"
"https://www.searchsarkarinaukri.com/jobs/rayat-shikshan-sanstha-satara-rayat-shikshan-sanstha-satara-2026--1972","https://www.searchsarkarinaukri.com/jobs/rayat-shikshan-sanstha-satara-rayat-shikshan-sanstha-satara-2026--2306","job-listing","job-listing","88.10","245","245"
"https://www.searchsarkarinaukri.com/jobs/rayat-shikshan-sanstha-satara-rayat-shikshan-sanstha-satara-2026--1948","https://www.searchsarkarinaukri.com/jobs/rayat-shikshan-sanstha-satara-rayat-shikshan-sanstha-satara-2026--2336","job-listing","job-listing","88.10","245","245"
"https://www.searchsarkarinaukri.com/jobs/rayat-shikshan-sanstha-satara-rayat-shikshan-sanstha-satara-2026--1972","https://www.searchsarkarinaukri.com/jobs/rayat-shikshan-sanstha-satara-rayat-shikshan-sanstha-satara-2026--2336","job-listing","job-listing","88.10","245","245"
"https://www.searchsarkarinaukri.com/jobs/rayat-shikshan-sanstha-satara-rayat-shikshan-sanstha-satara-2026--4317","https://www.searchsarkarinaukri.com/jobs/rayat-shikshan-sanstha-satara-rayat-shikshan-sanstha-satara-2026--4712","job-listing","job-listing","88.10","245","245"
"https://www.searchsarkarinaukri.com/news/291754","https://www.searchsarkarinaukri.com/news/291759","news","news","88.10","95","95"
"https://www.searchsarkarinaukri.com/jobs/balmer-lawrie-and-company-limited-officer-commerical-corporate-2026--1613","https://www.searchsarkarinaukri.com/jobs/balmer-lawrie-and-company-limited-officer-mice-operations-2026--1614","job-listing","job-listing","88.06","195","195"
"https://www.searchsarkarinaukri.com/jobs/sangli-mahanagarpalika-bharti-2026-smkm-sangli-mahanagarpalika-bharti-2026-2026--2550","https://www.searchsarkarinaukri.com/jobs/sangli-mahanagarpalika-bharti-2026-smkm-sangli-mahanagarpalika-bharti-2026-2026--2506","job-listing","job-listing","88.05","243","243"
"https://www.searchsarkarinaukri.com/jobs/indian-institute-of-technology-bombay-indian-institute-of-technology-bombay-2026--2990","https://www.searchsarkarinaukri.com/jobs/indian-institute-of-technology-bombay-indian-institute-of-technology-bombay-2026--3073","job-listing","job-listing","88.03","235","235"
"https://www.searchsarkarinaukri.com/jobs/mumbai-port-trust-mumbai-port-trust-2026--4674","https://www.searchsarkarinaukri.com/jobs/mumbai-port-trust-mumbai-port-trust-2026--4829","job-listing","job-listing","88.03","285","285"
"https://www.searchsarkarinaukri.com/jobs/balmer-lawrie-and-company-limited-officer-commercial-2026--1602","https://www.searchsarkarinaukri.com/jobs/balmer-lawrie-and-company-limited-officer-commerical-corporate-2026--1613","job-listing","job-listing","88.00","193","195"
"https://www.searchsarkarinaukri.com/jobs/balmer-lawrie-and-company-limited-officer-it-2026--1608","https://www.searchsarkarinaukri.com/jobs/balmer-lawrie-and-company-limited-officer-commerical-corporate-2026--1613","job-listing","job-listing","88.00","193","195"
"https://www.searchsarkarinaukri.com/jobs/balmer-lawrie-and-company-limited-officer-commercial-2026--1602","https://www.searchsarkarinaukri.com/jobs/balmer-lawrie-and-company-limited-officer-mice-operations-2026--1614","job-listing","job-listing","88.00","193","195"
"https://www.searchsarkarinaukri.com/jobs/balmer-lawrie-and-company-limited-officer-it-2026--1608","https://www.searchsarkarinaukri.com/jobs/balmer-lawrie-and-company-limited-officer-mice-operations-2026--1614","job-listing","job-listing","88.00","193","195"
"https://www.searchsarkarinaukri.com/jobs/balmer-lawrie-and-company-limited-officer-travel-2026--1598","https://www.searchsarkarinaukri.com/jobs/balmer-lawrie-and-company-limited-officer-ticketing-mice-2026--1597","job-listing","job-listing","88.00","193","195"
"https://www.searchsarkarinaukri.com/jobs/dharampeth-science-college-nagpur-dharampeth-science-college-nagpur-2026--2465","https://www.searchsarkarinaukri.com/jobs/dharampeth-science-college-nagpur-dharampeth-science-college-nagpur-2026--3472","job-listing","job-listing","87.95","238","238"
"https://www.searchsarkarinaukri.com/jobs/prerna-education-society-nagpur-prerna-education-society-nagpur-2026--1839","https://www.searchsarkarinaukri.com/jobs/prerna-education-society-nagpur-prerna-education-society-nagpur-2026--2356","job-listing","job-listing","87.95","238","238"
"https://www.searchsarkarinaukri.com/news/291755","https://www.searchsarkarinaukri.com/news/291756","news","news","87.95","93","93"
"https://www.searchsarkarinaukri.com/news/291755","https://www.searchsarkarinaukri.com/news/291757","news","news","87.95","93","93"
"https://www.searchsarkarinaukri.com/news/291756","https://www.searchsarkarinaukri.com/news/291757","news","news","87.95","93","93"
"https://www.searchsarkarinaukri.com/news/291755","https://www.searchsarkarinaukri.com/news/291760","news","news","87.95","93","93"
"https://www.searchsarkarinaukri.com/news/291760","https://www.searchsarkarinaukri.com/news/291762","news","news","87.95","93","93"
"https://www.searchsarkarinaukri.com/news/291757","https://www.searchsarkarinaukri.com/news/291762","news","news","87.95","93","93"
"https://www.searchsarkarinaukri.com/news/291756","https://www.searchsarkarinaukri.com/news/291761","news","news","87.95","93","93"
"https://www.searchsarkarinaukri.com/news/291760","https://www.searchsarkarinaukri.com/news/291761","news","news","87.95","93","93"
"https://www.searchsarkarinaukri.com/news/291762","https://www.searchsarkarinaukri.com/news/291761","news","news","87.95","93","93"
"https://www.searchsarkarinaukri.com/jobs/north-east-frontier-railway-north-east-frontier-railway-2026--3133","https://www.searchsarkarinaukri.com/jobs/north-east-frontier-railway-north-east-frontier-railway-2026--2739","job-listing","job-listing","87.93","227","227"
"https://www.searchsarkarinaukri.com/jobs/north-east-frontier-railway-north-east-frontier-railway-2026--2739","https://www.searchsarkarinaukri.com/jobs/north-east-frontier-railway-north-east-frontier-railway-2026--3587","job-listing","job-listing","87.93","227","227"
"https://www.searchsarkarinaukri.com/jobs/north-east-frontier-railway-north-east-frontier-railway-2026--3133","https://www.searchsarkarinaukri.com/jobs/north-east-frontier-railway-north-east-frontier-railway-2026--3587","job-listing","job-listing","87.93","227","227"
"https://www.searchsarkarinaukri.com/jobs/railway-recruitment-board-rrb-isolated-category-posts-recruitment-2025-2026--1405","https://www.searchsarkarinaukri.com/jobs/railway-recruitment-board-rrb-ministerial-isolated-category-posts-2026--1414","job-listing","job-listing","87.92","143","145"
"https://www.searchsarkarinaukri.com/jobs/railway-recruitment-board-rrb-isolated-category-posts-recruitment-2025-2026--1405","https://www.searchsarkarinaukri.com/jobs/railway-recruitment-board-rrb-ministerial-isolated-category-posts-2026--1421","job-listing","job-listing","87.92","143","145"
"https://www.searchsarkarinaukri.com/jobs/kolhapur-mahanagarpalika-kolhapur-mahanagarpalika-2026--2189","https://www.searchsarkarinaukri.com/jobs/kolhapur-mahanagarpalika-kolhapur-mahanagarpalika-2026--2928","job-listing","job-listing","87.90","237","237"
"https://www.searchsarkarinaukri.com/jobs/ncl-pune-ncl-pune-2026--1830","https://www.searchsarkarinaukri.com/jobs/ncl-pune-ncl-pune-2026--1903","job-listing","job-listing","87.90","241","241"
"https://www.searchsarkarinaukri.com/jobs/ncl-pune-ncl-pune-2026--1830","https://www.searchsarkarinaukri.com/jobs/ncl-pune-ncl-pune-2026--2238","job-listing","job-listing","87.90","241","241"
"https://www.searchsarkarinaukri.com/jobs/ncl-pune-ncl-pune-2026--1903","https://www.searchsarkarinaukri.com/jobs/ncl-pune-ncl-pune-2026--2238","job-listing","job-listing","87.90","241","241"
"https://www.searchsarkarinaukri.com/jobs/rites-rites-2026--2434","https://www.searchsarkarinaukri.com/jobs/rites-rites-2026--2937","job-listing","job-listing","87.90","254","254"
"https://www.searchsarkarinaukri.com/jobs/rites-rites-2026--2602","https://www.searchsarkarinaukri.com/jobs/rites-rites-2026--2937","job-listing","job-listing","87.90","254","254"
"https://www.searchsarkarinaukri.com/jobs/iiser-pune-iiser-pune-2026--1929","https://www.searchsarkarinaukri.com/jobs/iiser-pune-iiser-pune-2026--2273","job-listing","job-listing","87.85","240","240"
"https://www.searchsarkarinaukri.com/jobs/iiser-pune-iiser-pune-2026--1981","https://www.searchsarkarinaukri.com/jobs/iiser-pune-iiser-pune-2026--2273","job-listing","job-listing","87.85","240","240"
"https://www.searchsarkarinaukri.com/jobs/iiser-pune-iiser-pune-2026--2244","https://www.searchsarkarinaukri.com/jobs/iiser-pune-iiser-pune-2026--2273","job-listing","job-listing","87.85","240","240"
"https://www.searchsarkarinaukri.com/jobs/iiser-pune-iiser-pune-2026--1929","https://www.searchsarkarinaukri.com/jobs/iiser-pune-iiser-pune-2026--2301","job-listing","job-listing","87.85","240","240"
"https://www.searchsarkarinaukri.com/jobs/iiser-pune-iiser-pune-2026--1981","https://www.searchsarkarinaukri.com/jobs/iiser-pune-iiser-pune-2026--2301","job-listing","job-listing","87.85","240","240"
"https://www.searchsarkarinaukri.com/jobs/iiser-pune-iiser-pune-2026--2244","https://www.searchsarkarinaukri.com/jobs/iiser-pune-iiser-pune-2026--2301","job-listing","job-listing","87.85","240","240"
"https://www.searchsarkarinaukri.com/jobs/iiser-pune-iiser-pune-2026--2385","https://www.searchsarkarinaukri.com/jobs/iiser-pune-iiser-pune-2026--2619","job-listing","job-listing","87.85","240","240"
"https://www.searchsarkarinaukri.com/jobs/iiser-pune-iiser-pune-2026--2385","https://www.searchsarkarinaukri.com/jobs/iiser-pune-iiser-pune-2026--2796","job-listing","job-listing","87.85","240","240"
"https://www.searchsarkarinaukri.com/jobs/iiser-pune-iiser-pune-2026--2619","https://www.searchsarkarinaukri.com/jobs/iiser-pune-iiser-pune-2026--2796","job-listing","job-listing","87.85","240","240"
"https://www.searchsarkarinaukri.com/jobs/iiser-pune-iiser-pune-2026--2385","https://www.searchsarkarinaukri.com/jobs/iiser-pune-iiser-pune-2026--3035","job-listing","job-listing","87.85","240","240"
"https://www.searchsarkarinaukri.com/jobs/iiser-pune-iiser-pune-2026--2619","https://www.searchsarkarinaukri.com/jobs/iiser-pune-iiser-pune-2026--3035","job-listing","job-listing","87.85","240","240"
"https://www.searchsarkarinaukri.com/jobs/iiser-pune-iiser-pune-2026--2796","https://www.searchsarkarinaukri.com/jobs/iiser-pune-iiser-pune-2026--3035","job-listing","job-listing","87.85","240","240"
"https://www.searchsarkarinaukri.com/jobs/iiser-pune-iiser-pune-2026--2385","https://www.searchsarkarinaukri.com/jobs/iiser-pune-iiser-pune-2026--2982","job-listing","job-listing","87.85","240","240"
"https://www.searchsarkarinaukri.com/jobs/iiser-pune-iiser-pune-2026--2619","https://www.searchsarkarinaukri.com/jobs/iiser-pune-iiser-pune-2026--2982","job-listing","job-listing","87.85","240","240"
"https://www.searchsarkarinaukri.com/jobs/iiser-pune-iiser-pune-2026--2796","https://www.searchsarkarinaukri.com/jobs/iiser-pune-iiser-pune-2026--2982","job-listing","job-listing","87.85","240","240"
"https://www.searchsarkarinaukri.com/jobs/iiser-pune-iiser-pune-2026--2385","https://www.searchsarkarinaukri.com/jobs/iiser-pune-iiser-pune-2026--3465","job-listing","job-listing","87.85","240","240"
"https://www.searchsarkarinaukri.com/jobs/iiser-pune-iiser-pune-2026--2619","https://www.searchsarkarinaukri.com/jobs/iiser-pune-iiser-pune-2026--3465","job-listing","job-listing","87.85","240","240"
"https://www.searchsarkarinaukri.com/jobs/iiser-pune-iiser-pune-2026--2982","https://www.searchsarkarinaukri.com/jobs/iiser-pune-iiser-pune-2026--3465","job-listing","job-listing","87.85","240","240"
"https://www.searchsarkarinaukri.com/jobs/iiser-pune-iiser-pune-2026--3035","https://www.searchsarkarinaukri.com/jobs/iiser-pune-iiser-pune-2026--3465","job-listing","job-listing","87.85","240","240"
"https://www.searchsarkarinaukri.com/jobs/iiser-pune-iiser-pune-2026--2796","https://www.searchsarkarinaukri.com/jobs/iiser-pune-iiser-pune-2026--3465","job-listing","job-listing","87.85","240","240"
"https://www.searchsarkarinaukri.com/jobs/iiser-pune-iiser-pune-2026--4083","https://www.searchsarkarinaukri.com/jobs/iiser-pune-iiser-pune-2026--4156","job-listing","job-listing","87.85","240","240"
"https://www.searchsarkarinaukri.com/jobs/iiser-pune-iiser-pune-2026--4083","https://www.searchsarkarinaukri.com/jobs/iiser-pune-iiser-pune-2026--4272","job-listing","job-listing","87.85","240","240"
"https://www.searchsarkarinaukri.com/jobs/rail-vikas-nigam-limited-rail-vikas-nigam-limited-2026--1762","https://www.searchsarkarinaukri.com/jobs/rail-vikas-nigam-limited-rail-vikas-nigam-limited-2026--2059","job-listing","job-listing","87.77","226","226"
"https://www.searchsarkarinaukri.com/jobs/rail-vikas-nigam-limited-rail-vikas-nigam-limited-2026--1762","https://www.searchsarkarinaukri.com/jobs/rail-vikas-nigam-limited-rail-vikas-nigam-limited-2026--2136","job-listing","job-listing","87.77","226","226"
"https://www.searchsarkarinaukri.com/jobs/rail-vikas-nigam-limited-rail-vikas-nigam-limited-2026--1762","https://www.searchsarkarinaukri.com/jobs/rail-vikas-nigam-limited-rail-vikas-nigam-limited-2026--2464","job-listing","job-listing","87.77","226","226"
"https://www.searchsarkarinaukri.com/jobs/rail-vikas-nigam-limited-rail-vikas-nigam-limited-2026--2059","https://www.searchsarkarinaukri.com/jobs/rail-vikas-nigam-limited-rail-vikas-nigam-limited-2026--2464","job-listing","job-listing","87.77","226","226"
"https://www.searchsarkarinaukri.com/jobs/ict-mumbai-ict-mumbai-2026--2589","https://www.searchsarkarinaukri.com/jobs/ict-mumbai-ict-mumbai-2026--2467","job-listing","job-listing","87.76","234","234"
"https://www.searchsarkarinaukri.com/jobs/ict-mumbai-ict-mumbai-2026--2467","https://www.searchsarkarinaukri.com/jobs/ict-mumbai-ict-mumbai-2026--2786","job-listing","job-listing","87.76","234","234"
"https://www.searchsarkarinaukri.com/jobs/ict-mumbai-ict-mumbai-2026--2589","https://www.searchsarkarinaukri.com/jobs/ict-mumbai-ict-mumbai-2026--2786","job-listing","job-listing","87.76","234","234"
"https://www.searchsarkarinaukri.com/jobs/nagpur-mahanagarpalika-nagpur-mahanagarpalika-2026--3172","https://www.searchsarkarinaukri.com/jobs/nagpur-mahanagarpalika-nagpur-mahanagarpalika-2026--2894","job-listing","job-listing","87.76","234","234"
"https://www.searchsarkarinaukri.com/jobs/nagpur-mahanagarpalika-nagpur-mahanagarpalika-2026--4322","https://www.searchsarkarinaukri.com/jobs/nagpur-mahanagarpalika-nagpur-mahanagarpalika-2026--4525","job-listing","job-listing","87.76","234","234"
"https://www.searchsarkarinaukri.com/jobs/neeri-nagpur-neeri-nagpur-2026--2364","https://www.searchsarkarinaukri.com/jobs/neeri-nagpur-neeri-nagpur-2026--1749","job-listing","job-listing","87.76","237","237"
"https://www.searchsarkarinaukri.com/jobs/neeri-nagpur-neeri-nagpur-2026--2495","https://www.searchsarkarinaukri.com/jobs/neeri-nagpur-neeri-nagpur-2026--3072","job-listing","job-listing","87.76","237","237"
"https://www.searchsarkarinaukri.com/jobs/neeri-nagpur-neeri-nagpur-2026--3072","https://www.searchsarkarinaukri.com/jobs/neeri-nagpur-neeri-nagpur-2026--3648","job-listing","job-listing","87.76","237","237"
"https://www.searchsarkarinaukri.com/jobs/rcfl-mumbai-rcfl-mumbai-2026--3907","https://www.searchsarkarinaukri.com/jobs/rcfl-mumbai-rcfl-mumbai-2026--4382","job-listing","job-listing","87.76","243","243"
"https://www.searchsarkarinaukri.com/jobs/sbi-mumbai-sbi-mumbai-2026--2309","https://www.searchsarkarinaukri.com/jobs/sbi-mumbai-sbi-mumbai-2026--2445","job-listing","job-listing","87.76","234","234"
"https://www.searchsarkarinaukri.com/jobs/sbi-mumbai-sbi-mumbai-2026--2309","https://www.searchsarkarinaukri.com/jobs/sbi-mumbai-sbi-mumbai-2026--3171","job-listing","job-listing","87.76","234","234"
"https://www.searchsarkarinaukri.com/jobs/sbi-mumbai-sbi-mumbai-2026--2445","https://www.searchsarkarinaukri.com/jobs/sbi-mumbai-sbi-mumbai-2026--3171","job-listing","job-listing","87.76","234","234"
"https://www.searchsarkarinaukri.com/jobs/sbi-mumbai-sbi-mumbai-2026--2309","https://www.searchsarkarinaukri.com/jobs/sbi-mumbai-sbi-mumbai-2026--2931","job-listing","job-listing","87.76","234","234"
"https://www.searchsarkarinaukri.com/jobs/sbi-mumbai-sbi-mumbai-2026--3171","https://www.searchsarkarinaukri.com/jobs/sbi-mumbai-sbi-mumbai-2026--2931","job-listing","job-listing","87.76","234","234"
"https://www.searchsarkarinaukri.com/jobs/secr-nagpur-secr-nagpur-2026--2304","https://www.searchsarkarinaukri.com/jobs/secr-nagpur-secr-nagpur-2026--2705","job-listing","job-listing","87.76","237","237"
"https://www.searchsarkarinaukri.com/jobs/secr-nagpur-secr-nagpur-2026--2304","https://www.searchsarkarinaukri.com/jobs/secr-nagpur-secr-nagpur-2026--3416","job-listing","job-listing","87.76","237","237"
"https://www.searchsarkarinaukri.com/jobs/aurangabad-high-court-aurangabad-high-court-2026--4723","https://www.searchsarkarinaukri.com/jobs/aurangabad-high-court-aurangabad-high-court-2026--4877","job-listing","job-listing","87.75","253","254"
"https://www.searchsarkarinaukri.com/jobs/tifr-mumbai-tifr-mumbai-2026--3300","https://www.searchsarkarinaukri.com/jobs/tifr-mumbai-tifr-mumbai-2026--3894","job-listing","job-listing","87.75","243","247"
"https://www.searchsarkarinaukri.com/jobs/employees-state-insurance-society-mumbai-employees-state-insurance-society-2026--2556","https://www.searchsarkarinaukri.com/jobs/employees-state-insurance-society-mumbai-employees-state-insurance-society-2026--3349","job-listing","job-listing","87.70","236","236"
"https://www.searchsarkarinaukri.com/jobs/employees-state-insurance-society-mumbai-employees-state-insurance-society-2026--3914","https://www.searchsarkarinaukri.com/jobs/employees-state-insurance-society-mumbai-employees-state-insurance-society-2026--4721","job-listing","job-listing","87.70","236","236"
"https://www.searchsarkarinaukri.com/jobs/balmer-lawrie-and-company-limited-junior-officer-collections-2026--1609","https://www.searchsarkarinaukri.com/jobs/balmer-lawrie-and-company-limited-junior-officer-or-officer-commercial-2026--1627","job-listing","job-listing","87.68","195","199"
"https://www.searchsarkarinaukri.com/jobs/nit-goa-nit-goa-2026--1990","https://www.searchsarkarinaukri.com/jobs/nit-goa-nit-goa-2026--3299","job-listing","job-listing","87.67","223","223"
"https://www.searchsarkarinaukri.com/jobs/nit-goa-nit-goa-2026--2184","https://www.searchsarkarinaukri.com/jobs/nit-goa-nit-goa-2026--3299","job-listing","job-listing","87.67","223","223"
"https://www.searchsarkarinaukri.com/jobs/nit-goa-nit-goa-2026--2226","https://www.searchsarkarinaukri.com/jobs/nit-goa-nit-goa-2026--3299","job-listing","job-listing","87.67","223","223"
"https://www.searchsarkarinaukri.com/jobs/nit-goa-nit-goa-2026--2397","https://www.searchsarkarinaukri.com/jobs/nit-goa-nit-goa-2026--3299","job-listing","job-listing","87.67","223","223"
"https://www.searchsarkarinaukri.com/jobs/nit-goa-nit-goa-2026--2338","https://www.searchsarkarinaukri.com/jobs/nit-goa-nit-goa-2026--3299","job-listing","job-listing","87.67","223","223"
"https://www.searchsarkarinaukri.com/jobs/jnv-buldhana-jnv-buldhana-2026--2554","https://www.searchsarkarinaukri.com/jobs/jnv-buldhana-jnv-buldhana-2026--3124","job-listing","job-listing","87.65","235","235"
"https://www.searchsarkarinaukri.com/jobs/modern-education-society-pune-modern-education-society-pune-2026--2919","https://www.searchsarkarinaukri.com/jobs/modern-education-society-pune-modern-education-society-pune-2026--3530","job-listing","job-listing","87.65","232","232"
"https://www.searchsarkarinaukri.com/jobs/railway-recruitment-board-rrb-alp-technicians-recruitment-2018-2026--1426","https://www.searchsarkarinaukri.com/jobs/railway-recruitment-board-rrb-technicians-recruitment-2024-cen-022024-2026--1419","job-listing","job-listing","87.59","141","139"
"https://www.searchsarkarinaukri.com/jobs/railway-recruitment-board-rrb-alp-technicians-recruitment-2018-2026--1426","https://www.searchsarkarinaukri.com/jobs/railway-recruitment-board-rrb-technicians-recruitment-2025-cen-022025-2026--1411","job-listing","job-listing","87.59","141","139"
"https://www.searchsarkarinaukri.com/jobs/union-public-service-commission-civil-services-examination-2025-2026--1430","https://www.searchsarkarinaukri.com/jobs/union-public-service-commission-civil-services-main-examination-2025-2026--1440","job-listing","job-listing","87.59","132","134"
"https://www.searchsarkarinaukri.com/jobs/union-public-service-commission-civil-services-examination-2025-2026--1430","https://www.searchsarkarinaukri.com/jobs/union-public-service-commission-civil-services-preliminary-examination-2025-2026--1445","job-listing","job-listing","87.59","132","134"
"https://www.searchsarkarinaukri.com/jobs/union-public-service-commission-civil-services-examination-2025-2026--1430","https://www.searchsarkarinaukri.com/jobs/union-public-service-commission-civil-services-preliminary-examination-2026-2026--1434","job-listing","job-listing","87.59","132","134"
"https://www.searchsarkarinaukri.com/jobs/sbi-clerk-sbi-clerk-2026--4421","https://www.searchsarkarinaukri.com/jobs/sbi-clerk-sbi-clerk-2026--4263","job-listing","job-listing","87.56","221","221"
"https://www.searchsarkarinaukri.com/jobs/jnv-nandurbar-jnv-nandurbar-2026--2513","https://www.searchsarkarinaukri.com/jobs/jnv-nandurbar-jnv-nandurbar-2026--3657","job-listing","job-listing","87.55","234","234"
"https://www.searchsarkarinaukri.com/jobs/institute-of-chartered-accountants-of-india-institute-of-chartered-accountants-of-india-2026--2720","https://www.searchsarkarinaukri.com/jobs/institute-of-chartered-accountants-of-india-institute-of-chartered-accountants-of-india-2026--3254","job-listing","job-listing","87.50","235","235"
"https://www.searchsarkarinaukri.com/jobs/nbt-nbt-2026--2494","https://www.searchsarkarinaukri.com/jobs/nbt-nbt-2026--2892","job-listing","job-listing","87.50","220","220"
"https://www.searchsarkarinaukri.com/jobs/nbt-nbt-2026--2494","https://www.searchsarkarinaukri.com/jobs/nbt-nbt-2026--2921","job-listing","job-listing","87.50","220","220"
"https://www.searchsarkarinaukri.com/jobs/nbt-nbt-2026--2892","https://www.searchsarkarinaukri.com/jobs/nbt-nbt-2026--2921","job-listing","job-listing","87.50","220","220"
"https://www.searchsarkarinaukri.com/jobs/nbt-nbt-2026--3963","https://www.searchsarkarinaukri.com/jobs/nbt-nbt-2026--3851","job-listing","job-listing","87.50","220","220"
"https://www.searchsarkarinaukri.com/jobs/railway-recruitment-board-rrb-pay-level-1-group-d-posts-2026--1404","https://www.searchsarkarinaukri.com/jobs/railway-recruitment-board-rrb-paylevel-1-group-d-posts-recruitment-2026--1425","job-listing","job-listing","87.50","149","147"
"https://www.searchsarkarinaukri.com/jobs/railway-recruitment-board-rrb-paylevel-1-group-d-posts-recruitment-2026--1425","https://www.searchsarkarinaukri.com/jobs/railway-recruitment-board-rrb-pay-level-1-group-d-posts-2026--1413","job-listing","job-listing","87.50","147","149"
"https://www.searchsarkarinaukri.com/jobs/bombay-high-court-bombay-high-court-2026--2285","https://www.searchsarkarinaukri.com/jobs/bombay-high-court-bombay-high-court-2026--2071","job-listing","job-listing","87.45","232","232"
"https://www.searchsarkarinaukri.com/jobs/district-hospital-raigad-district-hospital-raigad-2026--2438","https://www.searchsarkarinaukri.com/jobs/district-hospital-raigad-district-hospital-raigad-2026--2659","job-listing","job-listing","87.45","228","228"
"https://www.searchsarkarinaukri.com/jobs/aiims-delhi-aiims-delhi-2026--1795","https://www.searchsarkarinaukri.com/jobs/aiims-delhi-aiims-delhi-2026--2146","job-listing","job-listing","87.44","218","218"
"https://www.searchsarkarinaukri.com/jobs/aiims-delhi-aiims-delhi-2026--2257","https://www.searchsarkarinaukri.com/jobs/aiims-delhi-aiims-delhi-2026--2382","job-listing","job-listing","87.44","218","218"
"https://www.searchsarkarinaukri.com/jobs/aiims-delhi-aiims-delhi-2026--2257","https://www.searchsarkarinaukri.com/jobs/aiims-delhi-aiims-delhi-2026--3210","job-listing","job-listing","87.44","218","218"
"https://www.searchsarkarinaukri.com/jobs/directorate-of-education-daman-directorate-of-education-daman-2026--4154","https://www.searchsarkarinaukri.com/jobs/directorate-of-education-daman-directorate-of-education-daman-2026--4728","job-listing","job-listing","87.39","230","230"
"https://www.searchsarkarinaukri.com/jobs/hindustan-petroleum-corporation-limited-hindustan-petroleum-corporation-limited-2026--2633","https://www.searchsarkarinaukri.com/jobs/hindustan-petroleum-corporation-limited-hindustan-petroleum-corporation-limited-2026--3086","job-listing","job-listing","87.39","230","230"
"https://www.searchsarkarinaukri.com/jobs/maharashtra-ex-servicemen-corporation-limited-maharashtra-ex-servicemen-corporation-limited-2026--2286","https://www.searchsarkarinaukri.com/jobs/maharashtra-ex-servicemen-corporation-limited-maharashtra-ex-servicemen-corporation-limited-2026--2754","job-listing","job-listing","87.39","234","234"
"https://www.searchsarkarinaukri.com/jobs/umed-msrlm-chandrapur-umed-msrlm-chandrapur-2026--3212","https://www.searchsarkarinaukri.com/jobs/umed-msrlm-chandrapur-umed-msrlm-chandrapur-2026--3309","job-listing","job-listing","87.39","230","230"
"https://www.searchsarkarinaukri.com/jobs/union-public-service-commission-union-public-service-commission-2026--1954","https://www.searchsarkarinaukri.com/jobs/union-public-service-commission-union-public-service-commission-2026--2456","job-listing","job-listing","87.39","227","227"
"https://www.searchsarkarinaukri.com/jobs/union-public-service-commission-union-public-service-commission-2026--1954","https://www.searchsarkarinaukri.com/jobs/union-public-service-commission-union-public-service-commission-2026--2624","job-listing","job-listing","87.39","227","227"
"https://www.searchsarkarinaukri.com/jobs/union-public-service-commission-union-public-service-commission-2026--2456","https://www.searchsarkarinaukri.com/jobs/union-public-service-commission-union-public-service-commission-2026--2624","job-listing","job-listing","87.39","227","227"
"https://www.searchsarkarinaukri.com/jobs/union-public-service-commission-union-public-service-commission-2026--1954","https://www.searchsarkarinaukri.com/jobs/union-public-service-commission-union-public-service-commission-2026--2666","job-listing","job-listing","87.39","227","227"
"https://www.searchsarkarinaukri.com/jobs/union-public-service-commission-union-public-service-commission-2026--2456","https://www.searchsarkarinaukri.com/jobs/union-public-service-commission-union-public-service-commission-2026--2666","job-listing","job-listing","87.39","227","227"
"https://www.searchsarkarinaukri.com/jobs/union-public-service-commission-union-public-service-commission-2026--2624","https://www.searchsarkarinaukri.com/jobs/union-public-service-commission-union-public-service-commission-2026--2666","job-listing","job-listing","87.39","227","227"
"https://www.searchsarkarinaukri.com/jobs/union-public-service-commission-union-public-service-commission-2026--1954","https://www.searchsarkarinaukri.com/jobs/union-public-service-commission-union-public-service-commission-2026--3034","job-listing","job-listing","87.39","227","227"
"https://www.searchsarkarinaukri.com/jobs/union-public-service-commission-union-public-service-commission-2026--2456","https://www.searchsarkarinaukri.com/jobs/union-public-service-commission-union-public-service-commission-2026--3034","job-listing","job-listing","87.39","227","227"
"https://www.searchsarkarinaukri.com/jobs/union-public-service-commission-union-public-service-commission-2026--2624","https://www.searchsarkarinaukri.com/jobs/union-public-service-commission-union-public-service-commission-2026--3034","job-listing","job-listing","87.39","227","227"
"https://www.searchsarkarinaukri.com/jobs/bharati-vidyapeeth-pune-bharati-vidyapeeth-pune-2026--4717","https://www.searchsarkarinaukri.com/jobs/bharati-vidyapeeth-pune-bharati-vidyapeeth-pune-2026--4785","job-listing","job-listing","87.35","250","250"
"https://www.searchsarkarinaukri.com/jobs/tata-memorial-centre-tata-memorial-centre-2026--3304","https://www.searchsarkarinaukri.com/jobs/tata-memorial-centre-tata-memorial-centre-2026--4075","job-listing","job-listing","87.29","229","229"
"https://www.searchsarkarinaukri.com/jobs/dbskkv-dbskkv-2026--2183","https://www.searchsarkarinaukri.com/jobs/dbskkv-dbskkv-2026--2452","job-listing","job-listing","87.27","215","215"
"https://www.searchsarkarinaukri.com/jobs/dbskkv-dbskkv-2026--2452","https://www.searchsarkarinaukri.com/jobs/dbskkv-dbskkv-2026--2587","job-listing","job-listing","87.27","215","215"
"https://www.searchsarkarinaukri.com/jobs/dbskkv-dbskkv-2026--2183","https://www.searchsarkarinaukri.com/jobs/dbskkv-dbskkv-2026--2587","job-listing","job-listing","87.27","215","215"
"https://www.searchsarkarinaukri.com/jobs/dbskkv-dbskkv-2026--2452","https://www.searchsarkarinaukri.com/jobs/dbskkv-dbskkv-2026--2788","job-listing","job-listing","87.27","215","215"
"https://www.searchsarkarinaukri.com/jobs/dbskkv-dbskkv-2026--2183","https://www.searchsarkarinaukri.com/jobs/dbskkv-dbskkv-2026--2788","job-listing","job-listing","87.27","215","215"
"https://www.searchsarkarinaukri.com/jobs/dbskkv-dbskkv-2026--2452","https://www.searchsarkarinaukri.com/jobs/dbskkv-dbskkv-2026--2924","job-listing","job-listing","87.27","215","215"
"https://www.searchsarkarinaukri.com/jobs/dbskkv-dbskkv-2026--2587","https://www.searchsarkarinaukri.com/jobs/dbskkv-dbskkv-2026--2924","job-listing","job-listing","87.27","215","215"
"https://www.searchsarkarinaukri.com/jobs/dbskkv-dbskkv-2026--2183","https://www.searchsarkarinaukri.com/jobs/dbskkv-dbskkv-2026--2924","job-listing","job-listing","87.27","215","215"
"https://www.searchsarkarinaukri.com/jobs/dbskkv-dbskkv-2026--2452","https://www.searchsarkarinaukri.com/jobs/dbskkv-dbskkv-2026--3517","job-listing","job-listing","87.27","215","215"
"https://www.searchsarkarinaukri.com/jobs/dbskkv-dbskkv-2026--2587","https://www.searchsarkarinaukri.com/jobs/dbskkv-dbskkv-2026--3517","job-listing","job-listing","87.27","215","215"
"https://www.searchsarkarinaukri.com/jobs/dbskkv-dbskkv-2026--2183","https://www.searchsarkarinaukri.com/jobs/dbskkv-dbskkv-2026--3517","job-listing","job-listing","87.27","215","215"
"https://www.searchsarkarinaukri.com/jobs/dbskkv-dbskkv-2026--2452","https://www.searchsarkarinaukri.com/jobs/dbskkv-dbskkv-2026--3711","job-listing","job-listing","87.27","215","215"
"https://www.searchsarkarinaukri.com/jobs/dbskkv-dbskkv-2026--2587","https://www.searchsarkarinaukri.com/jobs/dbskkv-dbskkv-2026--3711","job-listing","job-listing","87.27","215","215"
"https://www.searchsarkarinaukri.com/jobs/dbskkv-dbskkv-2026--2788","https://www.searchsarkarinaukri.com/jobs/dbskkv-dbskkv-2026--3711","job-listing","job-listing","87.27","215","215"
"https://www.searchsarkarinaukri.com/jobs/dbskkv-dbskkv-2026--2924","https://www.searchsarkarinaukri.com/jobs/dbskkv-dbskkv-2026--3711","job-listing","job-listing","87.27","215","215"
"https://www.searchsarkarinaukri.com/jobs/dbskkv-dbskkv-2026--2183","https://www.searchsarkarinaukri.com/jobs/dbskkv-dbskkv-2026--3711","job-listing","job-listing","87.27","215","215"
"https://www.searchsarkarinaukri.com/jobs/dbskkv-dbskkv-2026--3956","https://www.searchsarkarinaukri.com/jobs/dbskkv-dbskkv-2026--4202","job-listing","job-listing","87.27","215","215"
"https://www.searchsarkarinaukri.com/jobs/trai-trai-2026--3084","https://www.searchsarkarinaukri.com/jobs/trai-trai-2026--3768","job-listing","job-listing","87.27","214","214"
"https://www.searchsarkarinaukri.com/jobs/irctc-irctc-2026--2157","https://www.searchsarkarinaukri.com/jobs/irctc-irctc-2026--2759","job-listing","job-listing","87.23","231","231"
"https://www.searchsarkarinaukri.com/jobs/irctc-irctc-2026--3712","https://www.searchsarkarinaukri.com/jobs/irctc-irctc-2026--4145","job-listing","job-listing","87.23","231","231"
"https://www.searchsarkarinaukri.com/jobs/mpsc-group-c-mpsc-group-c-2026--2024","https://www.searchsarkarinaukri.com/jobs/mpsc-group-c-mpsc-group-c-2026--2599","job-listing","job-listing","87.23","227","227"
"https://www.searchsarkarinaukri.com/jobs/mpsc-group-c-mpsc-group-c-2026--2024","https://www.searchsarkarinaukri.com/jobs/mpsc-group-c-mpsc-group-c-2026--2377","job-listing","job-listing","87.23","227","227"
"https://www.searchsarkarinaukri.com/jobs/mpsc-group-c-mpsc-group-c-2026--3257","https://www.searchsarkarinaukri.com/jobs/mpsc-group-c-mpsc-group-c-2026--4020","job-listing","job-listing","87.23","227","227"
"https://www.searchsarkarinaukri.com/jobs/mpsc-group-c-mpsc-group-c-2026--3398","https://www.searchsarkarinaukri.com/jobs/mpsc-group-c-mpsc-group-c-2026--4020","job-listing","job-listing","87.23","227","227"
"https://www.searchsarkarinaukri.com/jobs/mpsc-group-c-mpsc-group-c-2026--3257","https://www.searchsarkarinaukri.com/jobs/mpsc-group-c-mpsc-group-c-2026--4136","job-listing","job-listing","87.23","227","227"
"https://www.searchsarkarinaukri.com/jobs/mpsc-group-c-mpsc-group-c-2026--3398","https://www.searchsarkarinaukri.com/jobs/mpsc-group-c-mpsc-group-c-2026--4136","job-listing","job-listing","87.23","227","227"
"https://www.searchsarkarinaukri.com/jobs/bharati-vidyapeeth-pune-bharati-vidyapeeth-pune-2026--3855","https://www.searchsarkarinaukri.com/jobs/bharati-vidyapeeth-pune-bharati-vidyapeeth-pune-2026--4785","job-listing","job-listing","87.22","286","250"
"https://www.searchsarkarinaukri.com/jobs/esis-thane-esis-thane-2026--1966","https://www.searchsarkarinaukri.com/jobs/esis-thane-esis-thane-2026--2153","job-listing","job-listing","87.18","226","226"
"https://www.searchsarkarinaukri.com/jobs/iim-mumbai-iim-mumbai-2026--2060","https://www.searchsarkarinaukri.com/jobs/iim-mumbai-iim-mumbai-2026--2396","job-listing","job-listing","87.18","227","227"
"https://www.searchsarkarinaukri.com/jobs/iim-mumbai-iim-mumbai-2026--2060","https://www.searchsarkarinaukri.com/jobs/iim-mumbai-iim-mumbai-2026--2793","job-listing","job-listing","87.18","227","227"
"https://www.searchsarkarinaukri.com/jobs/nhm-sambhaji-nagar-nhm-sambhaji-nagar-2026--2440","https://www.searchsarkarinaukri.com/jobs/nhm-sambhaji-nagar-nhm-sambhaji-nagar-2026--2930","job-listing","job-listing","87.18","226","226"
"https://www.searchsarkarinaukri.com/jobs/nhm-sambhaji-nagar-nhm-sambhaji-nagar-2026--2440","https://www.searchsarkarinaukri.com/jobs/nhm-sambhaji-nagar-nhm-sambhaji-nagar-2026--3166","job-listing","job-listing","87.18","226","226"
"https://www.searchsarkarinaukri.com/jobs/balmer-lawrie-and-company-limited-officer-commerical-corporate-2026--1613","https://www.searchsarkarinaukri.com/jobs/balmer-lawrie-and-company-limited-officer-ticketing-mice-2026--1597","job-listing","job-listing","87.13","195","195"
"https://www.searchsarkarinaukri.com/jobs/balmer-lawrie-and-company-limited-officer-mice-operations-2026--1614","https://www.searchsarkarinaukri.com/jobs/balmer-lawrie-and-company-limited-officer-ticketing-mice-2026--1597","job-listing","job-listing","87.13","195","195"
"https://www.searchsarkarinaukri.com/jobs/hindustan-aeronautics-limited-hindustan-aeronautics-limited-2026--3592","https://www.searchsarkarinaukri.com/jobs/hindustan-aeronautics-limited-hindustan-aeronautics-limited-2026--3720","job-listing","job-listing","87.07","221","221"
"https://www.searchsarkarinaukri.com/jobs/hindustan-aeronautics-limited-hindustan-aeronautics-limited-2026--3592","https://www.searchsarkarinaukri.com/jobs/hindustan-aeronautics-limited-hindustan-aeronautics-limited-2026--4522","job-listing","job-listing","87.07","221","221"
"https://www.searchsarkarinaukri.com/jobs/mahagenco-mahagenco-2026--3130","https://www.searchsarkarinaukri.com/jobs/mahagenco-mahagenco-2026--3779","job-listing","job-listing","87.07","221","221"
"https://www.searchsarkarinaukri.com/jobs/prasar-bharati-prasar-bharati-2026--2508","https://www.searchsarkarinaukri.com/jobs/prasar-bharati-prasar-bharati-2026--2938","job-listing","job-listing","87.07","225","225"
"https://www.searchsarkarinaukri.com/jobs/balmer-lawrie-and-company-limited-junior-officer-collections-2026--1609","https://www.searchsarkarinaukri.com/jobs/balmer-lawrie-and-company-limited-officer-travel-2026--1598","job-listing","job-listing","87.06","195","193"
"https://www.searchsarkarinaukri.com/jobs/msidc-msidc-2026--2401","https://www.searchsarkarinaukri.com/jobs/msidc-msidc-2026--2553","job-listing","job-listing","87.01","224","224"
"https://www.searchsarkarinaukri.com/jobs/srtmun-srtmun-2026--2545","https://www.searchsarkarinaukri.com/jobs/srtmun-srtmun-2026--3119","job-listing","job-listing","87.01","224","224"
"https://www.searchsarkarinaukri.com/jobs/bmc-gardener-sweeper-recruitment-2026-apply-offline-for-3-posts--3812","https://www.searchsarkarinaukri.com/jobs/bmc-hearse-attendant-halalkhor-ambulance-attendant-recruitment-2026-apply-offline-for-5-posts--3819","job-listing","job-listing","86.97","291","297"
"https://www.searchsarkarinaukri.com/jobs/union-public-service-commission-civil-services-main-examination-2025-2026--1440","https://www.searchsarkarinaukri.com/jobs/union-public-service-commission-civil-services-preliminary-examination-2025-2026--1445","job-listing","job-listing","86.96","134","134"
"https://www.searchsarkarinaukri.com/jobs/union-public-service-commission-civil-services-main-examination-2025-2026--1440","https://www.searchsarkarinaukri.com/jobs/union-public-service-commission-civil-services-preliminary-examination-2026-2026--1434","job-listing","job-listing","86.96","134","134"
"https://www.searchsarkarinaukri.com/engineer-government-jobs","https://www.searchsarkarinaukri.com/engineering-government-jobs","other","other","86.93","859","866"
"https://www.searchsarkarinaukri.com/jobs/bel-bel-2026--1970","https://www.searchsarkarinaukri.com/jobs/bel-bel-2026--2039","job-listing","job-listing","86.90","222","222"
"https://www.searchsarkarinaukri.com/jobs/bel-bel-2026--2310","https://www.searchsarkarinaukri.com/jobs/bel-bel-2026--2188","job-listing","job-listing","86.90","222","222"
"https://www.searchsarkarinaukri.com/jobs/bel-bel-2026--2188","https://www.searchsarkarinaukri.com/jobs/bel-bel-2026--2402","job-listing","job-listing","86.90","222","222"
"https://www.searchsarkarinaukri.com/news/291755","https://www.searchsarkarinaukri.com/news/291754","news","news","86.90","93","95"
"https://www.searchsarkarinaukri.com/news/291754","https://www.searchsarkarinaukri.com/news/291756","news","news","86.90","95","93"
"https://www.searchsarkarinaukri.com/news/291754","https://www.searchsarkarinaukri.com/news/291757","news","news","86.90","95","93"
"https://www.searchsarkarinaukri.com/news/291760","https://www.searchsarkarinaukri.com/news/291759","news","news","86.90","93","95"
"https://www.searchsarkarinaukri.com/news/291759","https://www.searchsarkarinaukri.com/news/291762","news","news","86.90","95","93"
"https://www.searchsarkarinaukri.com/news/291759","https://www.searchsarkarinaukri.com/news/291761","news","news","86.90","95","93"
"https://www.searchsarkarinaukri.com/jobs/bharati-vidyapeeth-pune-bharati-vidyapeeth-pune-2026--1747","https://www.searchsarkarinaukri.com/jobs/bharati-vidyapeeth-pune-bharati-vidyapeeth-pune-2026--2037","job-listing","job-listing","86.88","286","285"
"https://www.searchsarkarinaukri.com/jobs/bharati-vidyapeeth-pune-bharati-vidyapeeth-pune-2026--2037","https://www.searchsarkarinaukri.com/jobs/bharati-vidyapeeth-pune-bharati-vidyapeeth-pune-2026--2463","job-listing","job-listing","86.88","285","286"
"https://www.searchsarkarinaukri.com/jobs/bharati-vidyapeeth-pune-bharati-vidyapeeth-pune-2026--2547","https://www.searchsarkarinaukri.com/jobs/bharati-vidyapeeth-pune-bharati-vidyapeeth-pune-2026--3357","job-listing","job-listing","86.88","286","285"
"https://www.searchsarkarinaukri.com/jobs/nhai-nhai-2026--4379","https://www.searchsarkarinaukri.com/jobs/nhai-nhai-2026--4779","job-listing","job-listing","86.85","218","218"
"https://www.searchsarkarinaukri.com/jobs/icar-nbsslup-icar-nbsslup-2026--3965","https://www.searchsarkarinaukri.com/jobs/icar-nbsslup-icar-nbsslup-2026--4209","job-listing","job-listing","86.84","217","217"
"https://www.searchsarkarinaukri.com/jobs/ict-mumbai-ict-mumbai-2026--1959","https://www.searchsarkarinaukri.com/jobs/ict-mumbai-ict-mumbai-2026--2834","job-listing","job-listing","86.78","216","216"
"https://www.searchsarkarinaukri.com/jobs/ict-mumbai-ict-mumbai-2026--1959","https://www.searchsarkarinaukri.com/jobs/ict-mumbai-ict-mumbai-2026--2991","job-listing","job-listing","86.78","216","216"
"https://www.searchsarkarinaukri.com/jobs/ict-mumbai-ict-mumbai-2026--2179","https://www.searchsarkarinaukri.com/jobs/ict-mumbai-ict-mumbai-2026--2991","job-listing","job-listing","86.78","216","216"
"https://www.searchsarkarinaukri.com/jobs/ict-mumbai-ict-mumbai-2026--3518","https://www.searchsarkarinaukri.com/jobs/ict-mumbai-ict-mumbai-2026--4070","job-listing","job-listing","86.78","216","216"
"https://www.searchsarkarinaukri.com/jobs/ict-mumbai-ict-mumbai-2026--3518","https://www.searchsarkarinaukri.com/jobs/ict-mumbai-ict-mumbai-2026--4427","job-listing","job-listing","86.78","216","216"
"https://www.searchsarkarinaukri.com/jobs/ict-mumbai-ict-mumbai-2026--3518","https://www.searchsarkarinaukri.com/jobs/ict-mumbai-ict-mumbai-2026--4613","job-listing","job-listing","86.78","216","216"
"https://www.searchsarkarinaukri.com/jobs/ict-mumbai-ict-mumbai-2026--3716","https://www.searchsarkarinaukri.com/jobs/ict-mumbai-ict-mumbai-2026--4613","job-listing","job-listing","86.78","216","216"
"https://www.searchsarkarinaukri.com/jobs/ict-mumbai-ict-mumbai-2026--4070","https://www.searchsarkarinaukri.com/jobs/ict-mumbai-ict-mumbai-2026--4613","job-listing","job-listing","86.78","216","216"
"https://www.searchsarkarinaukri.com/jobs/msc-bank-msc-bank-2026--1880","https://www.searchsarkarinaukri.com/jobs/msc-bank-msc-bank-2026--2127","job-listing","job-listing","86.78","216","216"
"https://www.searchsarkarinaukri.com/jobs/msc-bank-msc-bank-2026--1880","https://www.searchsarkarinaukri.com/jobs/msc-bank-msc-bank-2026--2222","job-listing","job-listing","86.78","216","216"
"https://www.searchsarkarinaukri.com/jobs/msc-bank-msc-bank-2026--2127","https://www.searchsarkarinaukri.com/jobs/msc-bank-msc-bank-2026--2222","job-listing","job-listing","86.78","216","216"
"https://www.searchsarkarinaukri.com/jobs/msc-bank-msc-bank-2026--1880","https://www.searchsarkarinaukri.com/jobs/msc-bank-msc-bank-2026--2631","job-listing","job-listing","86.78","216","216"
"https://www.searchsarkarinaukri.com/jobs/msc-bank-msc-bank-2026--2222","https://www.searchsarkarinaukri.com/jobs/msc-bank-msc-bank-2026--2631","job-listing","job-listing","86.78","216","216"
"https://www.searchsarkarinaukri.com/jobs/msc-bank-msc-bank-2026--2127","https://www.searchsarkarinaukri.com/jobs/msc-bank-msc-bank-2026--2631","job-listing","job-listing","86.78","216","216"
"https://www.searchsarkarinaukri.com/jobs/nmmc-nmmc-2026--2254","https://www.searchsarkarinaukri.com/jobs/nmmc-nmmc-2026--2177","job-listing","job-listing","86.73","218","218"
"https://www.searchsarkarinaukri.com/jobs/nmmc-nmmc-2026--2254","https://www.searchsarkarinaukri.com/jobs/nmmc-nmmc-2026--2757","job-listing","job-listing","86.73","218","218"
"https://www.searchsarkarinaukri.com/jobs/nmmc-nmmc-2026--2177","https://www.searchsarkarinaukri.com/jobs/nmmc-nmmc-2026--2757","job-listing","job-listing","86.73","218","218"
"https://www.searchsarkarinaukri.com/jobs/nmmc-nmmc-2026--2254","https://www.searchsarkarinaukri.com/jobs/nmmc-nmmc-2026--2833","job-listing","job-listing","86.73","218","218"
"https://www.searchsarkarinaukri.com/jobs/nmmc-nmmc-2026--2177","https://www.searchsarkarinaukri.com/jobs/nmmc-nmmc-2026--2833","job-listing","job-listing","86.73","218","218"
"https://www.searchsarkarinaukri.com/jobs/nmmc-nmmc-2026--2254","https://www.searchsarkarinaukri.com/jobs/nmmc-nmmc-2026--3168","job-listing","job-listing","86.73","218","218"
"https://www.searchsarkarinaukri.com/jobs/nmmc-nmmc-2026--2177","https://www.searchsarkarinaukri.com/jobs/nmmc-nmmc-2026--3168","job-listing","job-listing","86.73","218","218"
"https://www.searchsarkarinaukri.com/jobs/nmmc-nmmc-2026--2757","https://www.searchsarkarinaukri.com/jobs/nmmc-nmmc-2026--3168","job-listing","job-listing","86.73","218","218"
"https://www.searchsarkarinaukri.com/jobs/nmmc-nmmc-2026--2833","https://www.searchsarkarinaukri.com/jobs/nmmc-nmmc-2026--3168","job-listing","job-listing","86.73","218","218"
"https://www.searchsarkarinaukri.com/jobs/bharatiya-vidya-bhavan-bharatiya-vidya-bhavan-2026--2305","https://www.searchsarkarinaukri.com/jobs/bharatiya-vidya-bhavan-bharatiya-vidya-bhavan-2026--2745","job-listing","job-listing","86.67","217","217"
"https://www.searchsarkarinaukri.com/jobs/icsi-icsi-2026--1811","https://www.searchsarkarinaukri.com/jobs/icsi-icsi-2026--2269","job-listing","job-listing","86.67","222","222"
"https://www.searchsarkarinaukri.com/jobs/icsi-icsi-2026--1811","https://www.searchsarkarinaukri.com/jobs/icsi-icsi-2026--2348","job-listing","job-listing","86.67","222","222"
"https://www.searchsarkarinaukri.com/jobs/nhsrcl-nhsrcl-2026--1899","https://www.searchsarkarinaukri.com/jobs/nhsrcl-nhsrcl-2026--1973","job-listing","job-listing","86.67","222","222"
"https://www.searchsarkarinaukri.com/jobs/nhsrcl-nhsrcl-2026--1973","https://www.searchsarkarinaukri.com/jobs/nhsrcl-nhsrcl-2026--2800","job-listing","job-listing","86.67","222","222"
"https://www.searchsarkarinaukri.com/jobs/nhsrcl-nhsrcl-2026--1899","https://www.searchsarkarinaukri.com/jobs/nhsrcl-nhsrcl-2026--2800","job-listing","job-listing","86.67","222","222"
"https://www.searchsarkarinaukri.com/jobs/ihmcl-ihmcl-2026--2709","https://www.searchsarkarinaukri.com/jobs/ihmcl-ihmcl-2026--3583","job-listing","job-listing","86.61","216","216"
"https://www.searchsarkarinaukri.com/news/291751","https://www.searchsarkarinaukri.com/news/291752","news","news","86.59","89","91"
"https://www.searchsarkarinaukri.com/news/291751","https://www.searchsarkarinaukri.com/news/291753","news","news","86.59","89","91"
"https://www.searchsarkarinaukri.com/iti-jobs-in-haryana","https://www.searchsarkarinaukri.com/iti-jobs-in-punjab","other","other","86.58","475","475"
"https://www.searchsarkarinaukri.com/iti-jobs-in-haryana","https://www.searchsarkarinaukri.com/iti-jobs-in-rajasthan","other","other","86.58","475","475"
"https://www.searchsarkarinaukri.com/iti-jobs-in-punjab","https://www.searchsarkarinaukri.com/iti-jobs-in-rajasthan","other","other","86.58","475","475"
"https://www.searchsarkarinaukri.com/jobs/national-disaster-management-authority-deputation-for-the-post-of-senior-2026--1652","https://www.searchsarkarinaukri.com/jobs/national-disaster-management-authority-deputation-for-the-post-of-senior-2026--1657","job-listing","job-listing","86.58","141","149"
"https://www.searchsarkarinaukri.com/jobs/anganwadi-ahilyanagar-anganwadi-ahilyanagar-2026--2748","https://www.searchsarkarinaukri.com/jobs/anganwadi-ahilyanagar-anganwadi-ahilyanagar-2026--2891","job-listing","job-listing","86.55","212","212"
"https://www.searchsarkarinaukri.com/jobs/anganwadi-ahilyanagar-anganwadi-ahilyanagar-2026--2748","https://www.searchsarkarinaukri.com/jobs/anganwadi-ahilyanagar-anganwadi-ahilyanagar-2026--2932","job-listing","job-listing","86.55","212","212"
"https://www.searchsarkarinaukri.com/jobs/mpkv-mpkv-2026--3719","https://www.searchsarkarinaukri.com/jobs/mpkv-mpkv-2026--4015","job-listing","job-listing","86.55","215","215"
"https://www.searchsarkarinaukri.com/jobs/mpkv-mpkv-2026--4015","https://www.searchsarkarinaukri.com/jobs/mpkv-mpkv-2026--4578","job-listing","job-listing","86.55","215","215"
"https://www.searchsarkarinaukri.com/jobs/mhrb-mhrb-2026--2379","https://www.searchsarkarinaukri.com/jobs/mhrb-mhrb-2026--2886","job-listing","job-listing","86.49","211","211"
"https://www.searchsarkarinaukri.com/jobs/rbi-rbi-2026--2035","https://www.searchsarkarinaukri.com/jobs/rbi-rbi-2026--2535","job-listing","job-listing","86.49","211","211"
"https://www.searchsarkarinaukri.com/jobs/ict-mumbai-ict-mumbai-2026--1707","https://www.searchsarkarinaukri.com/jobs/ict-mumbai-ict-mumbai-2026--1959","job-listing","job-listing","86.34","215","216"
"https://www.searchsarkarinaukri.com/jobs/ict-mumbai-ict-mumbai-2026--1707","https://www.searchsarkarinaukri.com/jobs/ict-mumbai-ict-mumbai-2026--2179","job-listing","job-listing","86.34","215","216"
"https://www.searchsarkarinaukri.com/jobs/goa-university-goa-university-2026--1812","https://www.searchsarkarinaukri.com/jobs/goa-university-goa-university-2026--1998","job-listing","job-listing","86.30","211","211"
"https://www.searchsarkarinaukri.com/jobs/goa-university-goa-university-2026--2621","https://www.searchsarkarinaukri.com/jobs/goa-university-goa-university-2026--2881","job-listing","job-listing","86.30","211","211"
"https://www.searchsarkarinaukri.com/jobs/iit-goa-iit-goa-2026--2065","https://www.searchsarkarinaukri.com/jobs/iit-goa-iit-goa-2026--2838","job-listing","job-listing","86.30","211","211"
"https://www.searchsarkarinaukri.com/jobs/iit-goa-iit-goa-2026--2065","https://www.searchsarkarinaukri.com/jobs/iit-goa-iit-goa-2026--2984","job-listing","job-listing","86.30","211","211"
"https://www.searchsarkarinaukri.com/jobs/iit-goa-iit-goa-2026--2838","https://www.searchsarkarinaukri.com/jobs/iit-goa-iit-goa-2026--2984","job-listing","job-listing","86.30","211","211"
"https://www.searchsarkarinaukri.com/jobs/iit-goa-iit-goa-2026--2838","https://www.searchsarkarinaukri.com/jobs/iit-goa-iit-goa-2026--3298","job-listing","job-listing","86.30","211","211"
"https://www.searchsarkarinaukri.com/jobs/iit-goa-iit-goa-2026--2065","https://www.searchsarkarinaukri.com/jobs/iit-goa-iit-goa-2026--3298","job-listing","job-listing","86.30","211","211"
"https://www.searchsarkarinaukri.com/jobs/bal-vikas-prakalp-ahilyanagar-integrated-child-development-services-scheme-project-bal-vikas-prakalp--2782","https://www.searchsarkarinaukri.com/jobs/bal-vikas-prakalp-ahilyanagar-integrated-child-development-services-scheme-project-bal-vikas-prakalp--2974","job-listing","job-listing","86.22","209","213"
"https://www.searchsarkarinaukri.com/jobs/bharati-vidyapeeth-pune-bharati-vidyapeeth-pune-2026--1747","https://www.searchsarkarinaukri.com/jobs/bharati-vidyapeeth-pune-bharati-vidyapeeth-pune-2026--3855","job-listing","job-listing","86.22","286","286"
"https://www.searchsarkarinaukri.com/jobs/bharati-vidyapeeth-pune-bharati-vidyapeeth-pune-2026--2463","https://www.searchsarkarinaukri.com/jobs/bharati-vidyapeeth-pune-bharati-vidyapeeth-pune-2026--3855","job-listing","job-listing","86.22","286","286"
"https://www.searchsarkarinaukri.com/jobs/bharati-vidyapeeth-pune-bharati-vidyapeeth-pune-2026--2547","https://www.searchsarkarinaukri.com/jobs/bharati-vidyapeeth-pune-bharati-vidyapeeth-pune-2026--3855","job-listing","job-listing","86.22","286","286"
"https://www.searchsarkarinaukri.com/jobs/balmer-lawrie-and-company-limited-manager-creative-and-design-2026--1612","https://www.searchsarkarinaukri.com/jobs/balmer-lawrie-and-company-limited-officer-commercial-2026--1602","job-listing","job-listing","86.21","197","193"
"https://www.searchsarkarinaukri.com/jobs/balmer-lawrie-and-company-limited-manager-creative-and-design-2026--1612","https://www.searchsarkarinaukri.com/jobs/balmer-lawrie-and-company-limited-officer-it-2026--1608","job-listing","job-listing","86.21","197","193"
"https://www.searchsarkarinaukri.com/jobs/balmer-lawrie-and-company-limited-junior-officer-collections-2026--1609","https://www.searchsarkarinaukri.com/jobs/balmer-lawrie-and-company-limited-officer-commerical-corporate-2026--1613","job-listing","job-listing","86.21","195","195"
"https://www.searchsarkarinaukri.com/jobs/balmer-lawrie-and-company-limited-junior-officer-collections-2026--1609","https://www.searchsarkarinaukri.com/jobs/balmer-lawrie-and-company-limited-officer-mice-operations-2026--1614","job-listing","job-listing","86.21","195","195"
"https://www.searchsarkarinaukri.com/jobs/railway-recruitment-board-rrb-je-dms-cma-2026--1408","https://www.searchsarkarinaukri.com/jobs/railway-recruitment-board-rrb-je-dms-cma-posts-2026--1424","job-listing","job-listing","86.18","147","145"
"https://www.searchsarkarinaukri.com/jobs/railway-recruitment-board-rrb-je-dms-cma-posts-2026--1424","https://www.searchsarkarinaukri.com/jobs/railway-recruitment-board-rrb-je-dms-cma-2026--1418","job-listing","job-listing","86.18","145","147"
"https://www.searchsarkarinaukri.com/jobs/balmer-lawrie-and-company-limited-junior-officer-collections-2026--1609","https://www.searchsarkarinaukri.com/jobs/balmer-lawrie-and-company-limited-officer-commercial-2026--1602","job-listing","job-listing","86.14","195","193"
"https://www.searchsarkarinaukri.com/jobs/balmer-lawrie-and-company-limited-junior-officer-collections-2026--1609","https://www.searchsarkarinaukri.com/jobs/balmer-lawrie-and-company-limited-officer-it-2026--1608","job-listing","job-listing","86.14","195","193"
"https://www.searchsarkarinaukri.com/engineering-jobs-in-haryana","https://www.searchsarkarinaukri.com/engineering-jobs-in-punjab","other","other","86.11","370","370"
"https://www.searchsarkarinaukri.com/graduate-jobs-in-chennai","https://www.searchsarkarinaukri.com/post-graduate-jobs-in-chennai","other","other","86.05","129","127"
"https://www.searchsarkarinaukri.com/engineer-jobs-in-haryana","https://www.searchsarkarinaukri.com/engineer-jobs-in-punjab","other","other","86.01","368","368"
"https://www.searchsarkarinaukri.com/jobs/union-public-service-commission-indian-forest-service-examination-2025-2026--1427","https://www.searchsarkarinaukri.com/jobs/union-public-service-commission-indian-forest-service-preliminary-examination-2025-2026--1444","job-listing","job-listing","85.92","134","146"
"https://www.searchsarkarinaukri.com/jobs/union-public-service-commission-indian-forest-service-examination-2025-2026--1427","https://www.searchsarkarinaukri.com/jobs/union-public-service-commission-indian-forest-service-preliminary-examination-2026-2026--1433","job-listing","job-listing","85.92","134","146"
"https://www.searchsarkarinaukri.com/jobs/bal-vikas-prakalp-mumbai-bal-vikas-prakalp-mumbai-2026--3251","https://www.searchsarkarinaukri.com/jobs/bal-vikas-prakalp-mumbai-bal-vikas-prakalp-mumbai-2026--3901","job-listing","job-listing","85.87","274","274"
"https://www.searchsarkarinaukri.com/graduate-jobs-in-haryana","https://www.searchsarkarinaukri.com/graduate-jobs-in-punjab","other","other","85.82","366","366"
"https://www.searchsarkarinaukri.com/jobs/bharati-vidyapeeth-pune-bharati-vidyapeeth-pune-2026--2037","https://www.searchsarkarinaukri.com/jobs/bharati-vidyapeeth-pune-bharati-vidyapeeth-pune-2026--4717","job-listing","job-listing","85.82","285","250"
"https://www.searchsarkarinaukri.com/jobs/bharati-vidyapeeth-pune-bharati-vidyapeeth-pune-2026--3357","https://www.searchsarkarinaukri.com/jobs/bharati-vidyapeeth-pune-bharati-vidyapeeth-pune-2026--4717","job-listing","job-listing","85.82","285","250"
"https://www.searchsarkarinaukri.com/results/30","https://www.searchsarkarinaukri.com/results/59","results","results","85.82","131","128"
"https://www.searchsarkarinaukri.com/results/37","https://www.searchsarkarinaukri.com/results/59","results","results","85.82","131","128"
"https://www.searchsarkarinaukri.com/results/46","https://www.searchsarkarinaukri.com/results/59","results","results","85.82","131","128"
"https://www.searchsarkarinaukri.com/jobs/balmer-lawrie-and-company-limited-junior-officer-or-officer-commercial-2026--1627","https://www.searchsarkarinaukri.com/jobs/balmer-lawrie-and-company-limited-officer-it-2026--1608","job-listing","job-listing","85.78","199","193"
"https://www.searchsarkarinaukri.com/jobs/balmer-lawrie-and-company-limited-deputy-manager-key-account-manager-2026--1605","https://www.searchsarkarinaukri.com/jobs/balmer-lawrie-and-company-limited-officer-travel-2026--1598","job-listing","job-listing","85.78","199","193"
"https://www.searchsarkarinaukri.com/jobs/sail-rsp-trade-apprentice-machinist-recruitment-2026--4437","https://www.searchsarkarinaukri.com/jobs/sail-rsp-trade-apprentice-mechanic-motor-vehicle-recruitment-2026--4438","job-listing","job-listing","85.71","263","269"
"https://www.searchsarkarinaukri.com/graduate-jobs-in-bhubaneswar","https://www.searchsarkarinaukri.com/post-graduate-jobs-in-bhubaneswar","other","other","85.71","131","129"
"https://www.searchsarkarinaukri.com/jobs/sail-rsp-trade-apprentice-lacp-recruitment-2026--4436","https://www.searchsarkarinaukri.com/jobs/sail-rsp-trade-apprentice-machinist-recruitment-2026--4437","job-listing","job-listing","85.66","267","263"
"https://www.searchsarkarinaukri.com/jobs/union-bank-of-india-vendor-management-non-it-recruitment-2026--4405","https://www.searchsarkarinaukri.com/jobs/union-bank-of-india-vendor-management-non-it-recruitment-2026--4406","job-listing","job-listing","85.64","178","179"
"https://www.searchsarkarinaukri.com/jobs/union-bank-of-india-vendor-management-non-it-recruitment-2026--4404","https://www.searchsarkarinaukri.com/jobs/union-bank-of-india-vendor-management-non-it-recruitment-2026--4406","job-listing","job-listing","85.64","178","179"
"https://www.searchsarkarinaukri.com/jobs/sail-rsp-trade-apprentice-ictsm-recruitment-2026--4442","https://www.searchsarkarinaukri.com/jobs/sail-rsp-trade-apprentice-turner-recruitment-2026--4440","job-listing","job-listing","85.60","266","262"
"https://www.searchsarkarinaukri.com/news/291752","https://www.searchsarkarinaukri.com/news/291753","news","news","85.54","91","91"
"https://www.searchsarkarinaukri.com/jobs/csl-csl-2026--4527","https://www.searchsarkarinaukri.com/jobs/csl-csl-2026--4775","job-listing","job-listing","85.52","216","216"
"https://www.searchsarkarinaukri.com/jobs/cife-mumbai-cife-mumbai-2026--2365","https://www.searchsarkarinaukri.com/jobs/cife-mumbai-cife-mumbai-2026--4524","job-listing","job-listing","85.48","256","226"
"https://www.searchsarkarinaukri.com/graduate-jobs-in-patna","https://www.searchsarkarinaukri.com/post-graduate-jobs-in-patna","other","other","85.48","129","127"
"https://www.searchsarkarinaukri.com/jobs/kendriya-vidyalaya-goa-kendriya-vidyalaya-goa-2026--2128","https://www.searchsarkarinaukri.com/jobs/kendriya-vidyalaya-goa-kendriya-vidyalaya-goa-2026--2316","job-listing","job-listing","85.47","229","227"
"https://www.searchsarkarinaukri.com/iti-jobs-in-haryana","https://www.searchsarkarinaukri.com/iti-jobs-in-uttar-pradesh","other","other","85.43","475","477"
"https://www.searchsarkarinaukri.com/iti-jobs-in-punjab","https://www.searchsarkarinaukri.com/iti-jobs-in-uttar-pradesh","other","other","85.43","475","477"
"https://www.searchsarkarinaukri.com/iti-jobs-in-rajasthan","https://www.searchsarkarinaukri.com/iti-jobs-in-uttar-pradesh","other","other","85.43","475","477"
"https://www.searchsarkarinaukri.com/jobs/sgbau-amravati-sgbau-amravati-2026--2715","https://www.searchsarkarinaukri.com/jobs/sgbau-amravati-sgbau-amravati-2026--3255","job-listing","job-listing","85.38","310","310"
"https://www.searchsarkarinaukri.com/jobs/sgbau-amravati-sgbau-amravati-2026--2551","https://www.searchsarkarinaukri.com/jobs/sgbau-amravati-sgbau-amravati-2026--3255","job-listing","job-listing","85.38","310","310"
"https://www.searchsarkarinaukri.com/jobs/sgbau-amravati-sgbau-amravati-2026--2715","https://www.searchsarkarinaukri.com/jobs/sgbau-amravati-sgbau-amravati-2026--3589","job-listing","job-listing","85.38","310","310"
"https://www.searchsarkarinaukri.com/jobs/sgbau-amravati-sgbau-amravati-2026--2880","https://www.searchsarkarinaukri.com/jobs/sgbau-amravati-sgbau-amravati-2026--3589","job-listing","job-listing","85.38","310","310"
"https://www.searchsarkarinaukri.com/jobs/sgbau-amravati-sgbau-amravati-2026--2794","https://www.searchsarkarinaukri.com/jobs/sgbau-amravati-sgbau-amravati-2026--3589","job-listing","job-listing","85.38","310","310"
"https://www.searchsarkarinaukri.com/jobs/sgbau-amravati-sgbau-amravati-2026--2551","https://www.searchsarkarinaukri.com/jobs/sgbau-amravati-sgbau-amravati-2026--3589","job-listing","job-listing","85.38","310","310"
"https://www.searchsarkarinaukri.com/jobs/sgbau-amravati-sgbau-amravati-2026--2794","https://www.searchsarkarinaukri.com/jobs/sgbau-amravati-sgbau-amravati-2026--3663","job-listing","job-listing","85.38","310","310"
"https://www.searchsarkarinaukri.com/jobs/sgbau-amravati-sgbau-amravati-2026--2551","https://www.searchsarkarinaukri.com/jobs/sgbau-amravati-sgbau-amravati-2026--3663","job-listing","job-listing","85.38","310","310"
"https://www.searchsarkarinaukri.com/jobs/sgbau-amravati-sgbau-amravati-2026--2715","https://www.searchsarkarinaukri.com/jobs/sgbau-amravati-sgbau-amravati-2026--3663","job-listing","job-listing","85.38","310","310"
"https://www.searchsarkarinaukri.com/jobs/sgbau-amravati-sgbau-amravati-2026--2794","https://www.searchsarkarinaukri.com/jobs/sgbau-amravati-sgbau-amravati-2026--3852","job-listing","job-listing","85.38","310","310"
"https://www.searchsarkarinaukri.com/jobs/sgbau-amravati-sgbau-amravati-2026--2551","https://www.searchsarkarinaukri.com/jobs/sgbau-amravati-sgbau-amravati-2026--3957","job-listing","job-listing","85.38","310","310"
"https://www.searchsarkarinaukri.com/jobs/sgbau-amravati-sgbau-amravati-2026--2715","https://www.searchsarkarinaukri.com/jobs/sgbau-amravati-sgbau-amravati-2026--3957","job-listing","job-listing","85.38","310","310"
"https://www.searchsarkarinaukri.com/jobs/sgbau-amravati-sgbau-amravati-2026--2715","https://www.searchsarkarinaukri.com/jobs/sgbau-amravati-sgbau-amravati-2026--4143","job-listing","job-listing","85.38","310","310"
"https://www.searchsarkarinaukri.com/jobs/sgbau-amravati-sgbau-amravati-2026--2880","https://www.searchsarkarinaukri.com/jobs/sgbau-amravati-sgbau-amravati-2026--4143","job-listing","job-listing","85.38","310","310"
"https://www.searchsarkarinaukri.com/jobs/sgbau-amravati-sgbau-amravati-2026--2794","https://www.searchsarkarinaukri.com/jobs/sgbau-amravati-sgbau-amravati-2026--4143","job-listing","job-listing","85.38","310","310"
"https://www.searchsarkarinaukri.com/jobs/sgbau-amravati-sgbau-amravati-2026--2551","https://www.searchsarkarinaukri.com/jobs/sgbau-amravati-sgbau-amravati-2026--4143","job-listing","job-listing","85.38","310","310"
"https://www.searchsarkarinaukri.com/jobs/balmer-lawrie-and-company-limited-manager-creative-and-design-2026--1612","https://www.searchsarkarinaukri.com/jobs/balmer-lawrie-and-company-limited-officer-ticketing-mice-2026--1597","job-listing","job-listing","85.37","197","195"
"https://www.searchsarkarinaukri.com/jobs/bmc-ambulance-attendant-recruitment-2026-apply-offline-for-2-posts--3818","https://www.searchsarkarinaukri.com/jobs/bmc-gardener-recruitment-2026-apply-offline-for-3-posts--3813","job-listing","job-listing","85.36","287","286"
"https://www.searchsarkarinaukri.com/jobs/vnit-nagpur-vnit-nagpur-2026--2168","https://www.searchsarkarinaukri.com/jobs/vnit-nagpur-vnit-nagpur-2026--3023","job-listing","job-listing","85.34","260","260"
"https://www.searchsarkarinaukri.com/jobs/vnit-nagpur-vnit-nagpur-2026--2168","https://www.searchsarkarinaukri.com/jobs/vnit-nagpur-vnit-nagpur-2026--2791","job-listing","job-listing","85.34","260","260"
"https://www.searchsarkarinaukri.com/jobs/vnit-nagpur-vnit-nagpur-2026--2168","https://www.searchsarkarinaukri.com/jobs/vnit-nagpur-vnit-nagpur-2026--3898","job-listing","job-listing","85.34","260","260"
"https://www.searchsarkarinaukri.com/jobs/vnit-nagpur-vnit-nagpur-2026--2168","https://www.searchsarkarinaukri.com/jobs/vnit-nagpur-vnit-nagpur-2026--3463","job-listing","job-listing","85.34","260","260"
"https://www.searchsarkarinaukri.com/jobs/union-public-service-commission-indian-forest-service-main-examination-2025-2026--1439","https://www.searchsarkarinaukri.com/jobs/union-public-service-commission-indian-forest-service-preliminary-examination-2025-2026--1444","job-listing","job-listing","85.31","136","146"
"https://www.searchsarkarinaukri.com/jobs/union-public-service-commission-indian-forest-service-main-examination-2025-2026--1439","https://www.searchsarkarinaukri.com/jobs/union-public-service-commission-indian-forest-service-preliminary-examination-2026-2026--1433","job-listing","job-listing","85.31","136","146"
"https://www.searchsarkarinaukri.com/jobs/balmer-lawrie-and-company-limited-manager-creative-and-design-2026--1612","https://www.searchsarkarinaukri.com/jobs/balmer-lawrie-and-company-limited-officer-travel-2026--1598","job-listing","job-listing","85.29","197","193"
"https://www.searchsarkarinaukri.com/jobs/balmer-lawrie-and-company-limited-junior-officer-collections-2026--1609","https://www.searchsarkarinaukri.com/jobs/balmer-lawrie-and-company-limited-officer-ticketing-mice-2026--1597","job-listing","job-listing","85.29","195","195"
"https://www.searchsarkarinaukri.com/jobs/all-india-institute-of-medical-sciences-nagpur-all-india-institute-of-medical-sciences-2026--1896","https://www.searchsarkarinaukri.com/jobs/all-india-institute-of-medical-sciences-nagpur-all-india-institute-of-medical-sciences-2026--1961","job-listing","job-listing","85.28","357","357"
"https://www.searchsarkarinaukri.com/jobs/all-india-institute-of-medical-sciences-nagpur-all-india-institute-of-medical-sciences-2026--1896","https://www.searchsarkarinaukri.com/jobs/all-india-institute-of-medical-sciences-nagpur-all-india-institute-of-medical-sciences-2026--2264","job-listing","job-listing","85.28","357","357"
"https://www.searchsarkarinaukri.com/jobs/all-india-institute-of-medical-sciences-nagpur-all-india-institute-of-medical-sciences-2026--1896","https://www.searchsarkarinaukri.com/jobs/all-india-institute-of-medical-sciences-nagpur-all-india-institute-of-medical-sciences-2026--2313","job-listing","job-listing","85.28","357","357"
"https://www.searchsarkarinaukri.com/jobs/all-india-institute-of-medical-sciences-nagpur-all-india-institute-of-medical-sciences-2026--1896","https://www.searchsarkarinaukri.com/jobs/all-india-institute-of-medical-sciences-nagpur-all-india-institute-of-medical-sciences-2026--2652","job-listing","job-listing","85.28","357","357"
"https://www.searchsarkarinaukri.com/jobs/all-india-institute-of-medical-sciences-nagpur-all-india-institute-of-medical-sciences-2026--1896","https://www.searchsarkarinaukri.com/jobs/all-india-institute-of-medical-sciences-nagpur-all-india-institute-of-medical-sciences-2026--2936","job-listing","job-listing","85.28","357","357"
"https://www.searchsarkarinaukri.com/jobs/all-india-institute-of-medical-sciences-nagpur-all-india-institute-of-medical-sciences-2026--1896","https://www.searchsarkarinaukri.com/jobs/all-india-institute-of-medical-sciences-nagpur-all-india-institute-of-medical-sciences-2026--3244","job-listing","job-listing","85.28","357","357"
"https://www.searchsarkarinaukri.com/jobs/all-india-institute-of-medical-sciences-nagpur-all-india-institute-of-medical-sciences-2026--1961","https://www.searchsarkarinaukri.com/jobs/all-india-institute-of-medical-sciences-nagpur-all-india-institute-of-medical-sciences-2026--3521","job-listing","job-listing","85.28","357","357"
"https://www.searchsarkarinaukri.com/jobs/all-india-institute-of-medical-sciences-nagpur-all-india-institute-of-medical-sciences-2026--2313","https://www.searchsarkarinaukri.com/jobs/all-india-institute-of-medical-sciences-nagpur-all-india-institute-of-medical-sciences-2026--3521","job-listing","job-listing","85.28","357","357"
"https://www.searchsarkarinaukri.com/jobs/all-india-institute-of-medical-sciences-nagpur-all-india-institute-of-medical-sciences-2026--2652","https://www.searchsarkarinaukri.com/jobs/all-india-institute-of-medical-sciences-nagpur-all-india-institute-of-medical-sciences-2026--3521","job-listing","job-listing","85.28","357","357"
"https://www.searchsarkarinaukri.com/jobs/all-india-institute-of-medical-sciences-nagpur-all-india-institute-of-medical-sciences-2026--2936","https://www.searchsarkarinaukri.com/jobs/all-india-institute-of-medical-sciences-nagpur-all-india-institute-of-medical-sciences-2026--3521","job-listing","job-listing","85.28","357","357"
"https://www.searchsarkarinaukri.com/jobs/all-india-institute-of-medical-sciences-nagpur-all-india-institute-of-medical-sciences-2026--3244","https://www.searchsarkarinaukri.com/jobs/all-india-institute-of-medical-sciences-nagpur-all-india-institute-of-medical-sciences-2026--3521","job-listing","job-listing","85.28","357","357"
"https://www.searchsarkarinaukri.com/jobs/all-india-institute-of-medical-sciences-nagpur-all-india-institute-of-medical-sciences-2026--1896","https://www.searchsarkarinaukri.com/jobs/all-india-institute-of-medical-sciences-nagpur-all-india-institute-of-medical-sciences-2026--3521","job-listing","job-listing","85.28","357","357"
"https://www.searchsarkarinaukri.com/jobs/all-india-institute-of-medical-sciences-nagpur-all-india-institute-of-medical-sciences-2026--2264","https://www.searchsarkarinaukri.com/jobs/all-india-institute-of-medical-sciences-nagpur-all-india-institute-of-medical-sciences-2026--3521","job-listing","job-listing","85.28","357","357"
"https://www.searchsarkarinaukri.com/jobs/all-india-institute-of-medical-sciences-nagpur-all-india-institute-of-medical-sciences-2026--1961","https://www.searchsarkarinaukri.com/jobs/all-india-institute-of-medical-sciences-nagpur-all-india-institute-of-medical-sciences-2026--3659","job-listing","job-listing","85.28","357","357"
"https://www.searchsarkarinaukri.com/jobs/all-india-institute-of-medical-sciences-nagpur-all-india-institute-of-medical-sciences-2026--2313","https://www.searchsarkarinaukri.com/jobs/all-india-institute-of-medical-sciences-nagpur-all-india-institute-of-medical-sciences-2026--3659","job-listing","job-listing","85.28","357","357"
"https://www.searchsarkarinaukri.com/jobs/all-india-institute-of-medical-sciences-nagpur-all-india-institute-of-medical-sciences-2026--2652","https://www.searchsarkarinaukri.com/jobs/all-india-institute-of-medical-sciences-nagpur-all-india-institute-of-medical-sciences-2026--3659","job-listing","job-listing","85.28","357","357"
"https://www.searchsarkarinaukri.com/jobs/all-india-institute-of-medical-sciences-nagpur-all-india-institute-of-medical-sciences-2026--2936","https://www.searchsarkarinaukri.com/jobs/all-india-institute-of-medical-sciences-nagpur-all-india-institute-of-medical-sciences-2026--3659","job-listing","job-listing","85.28","357","357"
"https://www.searchsarkarinaukri.com/jobs/all-india-institute-of-medical-sciences-nagpur-all-india-institute-of-medical-sciences-2026--3244","https://www.searchsarkarinaukri.com/jobs/all-india-institute-of-medical-sciences-nagpur-all-india-institute-of-medical-sciences-2026--3659","job-listing","job-listing","85.28","357","357"
"https://www.searchsarkarinaukri.com/jobs/all-india-institute-of-medical-sciences-nagpur-all-india-institute-of-medical-sciences-2026--1896","https://www.searchsarkarinaukri.com/jobs/all-india-institute-of-medical-sciences-nagpur-all-india-institute-of-medical-sciences-2026--3659","job-listing","job-listing","85.28","357","357"
"https://www.searchsarkarinaukri.com/jobs/all-india-institute-of-medical-sciences-nagpur-all-india-institute-of-medical-sciences-2026--2264","https://www.searchsarkarinaukri.com/jobs/all-india-institute-of-medical-sciences-nagpur-all-india-institute-of-medical-sciences-2026--3659","job-listing","job-listing","85.28","357","357"
"https://www.searchsarkarinaukri.com/jobs/all-india-institute-of-medical-sciences-nagpur-all-india-institute-of-medical-sciences-2026--1896","https://www.searchsarkarinaukri.com/jobs/all-india-institute-of-medical-sciences-nagpur-all-india-institute-of-medical-sciences-2026--4008","job-listing","job-listing","85.28","357","357"
"https://www.searchsarkarinaukri.com/jobs/all-india-institute-of-medical-sciences-nagpur-all-india-institute-of-medical-sciences-2026--2936","https://www.searchsarkarinaukri.com/jobs/all-india-institute-of-medical-sciences-nagpur-all-india-institute-of-medical-sciences-2026--4008","job-listing","job-listing","85.28","357","357"
"https://www.searchsarkarinaukri.com/jobs/all-india-institute-of-medical-sciences-nagpur-all-india-institute-of-medical-sciences-2026--1961","https://www.searchsarkarinaukri.com/jobs/all-india-institute-of-medical-sciences-nagpur-all-india-institute-of-medical-sciences-2026--4008","job-listing","job-listing","85.28","357","357"
"https://www.searchsarkarinaukri.com/jobs/all-india-institute-of-medical-sciences-nagpur-all-india-institute-of-medical-sciences-2026--2313","https://www.searchsarkarinaukri.com/jobs/all-india-institute-of-medical-sciences-nagpur-all-india-institute-of-medical-sciences-2026--4008","job-listing","job-listing","85.28","357","357"
"https://www.searchsarkarinaukri.com/jobs/all-india-institute-of-medical-sciences-nagpur-all-india-institute-of-medical-sciences-2026--2652","https://www.searchsarkarinaukri.com/jobs/all-india-institute-of-medical-sciences-nagpur-all-india-institute-of-medical-sciences-2026--4008","job-listing","job-listing","85.28","357","357"
"https://www.searchsarkarinaukri.com/jobs/all-india-institute-of-medical-sciences-nagpur-all-india-institute-of-medical-sciences-2026--3244","https://www.searchsarkarinaukri.com/jobs/all-india-institute-of-medical-sciences-nagpur-all-india-institute-of-medical-sciences-2026--4008","job-listing","job-listing","85.28","357","357"
"https://www.searchsarkarinaukri.com/jobs/all-india-institute-of-medical-sciences-nagpur-all-india-institute-of-medical-sciences-2026--2264","https://www.searchsarkarinaukri.com/jobs/all-india-institute-of-medical-sciences-nagpur-all-india-institute-of-medical-sciences-2026--4008","job-listing","job-listing","85.28","357","357"
"https://www.searchsarkarinaukri.com/jobs/sail-rsp-trade-apprentice-aocp-recruitment-2026--4362","https://www.searchsarkarinaukri.com/jobs/sail-rsp-trade-apprentice-electrician-recruitment-2026--4365","job-listing","job-listing","85.27","242","237"
"https://www.searchsarkarinaukri.com/jobs/sail-rsp-trade-apprentice-aocp-recruitment-2026--4362","https://www.searchsarkarinaukri.com/jobs/sail-rsp-trade-apprentice-fitter-recruitment-2026--4366","job-listing","job-listing","85.27","242","237"
"https://www.searchsarkarinaukri.com/jobs/railway-recruitment-board-rrb-isolated-category-posts-recruitment-2025-2026--1405","https://www.searchsarkarinaukri.com/jobs/railway-recruitment-board-rrb-paramedical-posts-recruitment-2024-cen-042024-2026--1417","job-listing","job-listing","85.23","143","141"
"https://www.searchsarkarinaukri.com/jobs/railway-recruitment-board-rrb-ntpc-undergraduate-posts-recruitment-2025-cen-072025-2026--1406","https://www.searchsarkarinaukri.com/jobs/railway-recruitment-board-rrb-paramedical-posts-recruitment-2024-cen-042024-2026--1417","job-listing","job-listing","85.23","143","141"
"https://www.searchsarkarinaukri.com/jobs/railway-recruitment-board-rrb-isolated-category-posts-recruitment-2025-2026--1405","https://www.searchsarkarinaukri.com/jobs/railway-recruitment-board-rrb-paramedical-posts-recruitment-2019-cen-022019-2026--1422","job-listing","job-listing","85.23","143","141"
"https://www.searchsarkarinaukri.com/jobs/railway-recruitment-board-rrb-ntpc-undergraduate-posts-recruitment-2025-cen-072025-2026--1406","https://www.searchsarkarinaukri.com/jobs/railway-recruitment-board-rrb-paramedical-posts-recruitment-2019-cen-022019-2026--1422","job-listing","job-listing","85.23","143","141"
"https://www.searchsarkarinaukri.com/jobs/railway-recruitment-board-rrb-paramedical-posts-recruitment-2024-cen-042024-2026--1417","https://www.searchsarkarinaukri.com/jobs/railway-recruitment-board-rrb-ntpc-undergraduate-posts-recruitment-2024-cen-062024-2026--1415","job-listing","job-listing","85.23","141","143"
"https://www.searchsarkarinaukri.com/jobs/railway-recruitment-board-rrb-paramedical-posts-recruitment-2019-cen-022019-2026--1422","https://www.searchsarkarinaukri.com/jobs/railway-recruitment-board-rrb-ntpc-undergraduate-posts-recruitment-2024-cen-062024-2026--1415","job-listing","job-listing","85.23","141","143"
"https://www.searchsarkarinaukri.com/jobs/railway-recruitment-board-rrb-isolated-category-posts-recruitment-2025-2026--1405","https://www.searchsarkarinaukri.com/jobs/railway-recruitment-board-rrb-paramedical-posts-recruitment-2025-cen-032025-2026--1410","job-listing","job-listing","85.23","143","141"
"https://www.searchsarkarinaukri.com/jobs/railway-recruitment-board-rrb-ntpc-undergraduate-posts-recruitment-2025-cen-072025-2026--1406","https://www.searchsarkarinaukri.com/jobs/railway-recruitment-board-rrb-paramedical-posts-recruitment-2025-cen-032025-2026--1410","job-listing","job-listing","85.23","143","141"
"https://www.searchsarkarinaukri.com/jobs/railway-recruitment-board-rrb-ntpc-undergraduate-posts-recruitment-2024-cen-062024-2026--1415","https://www.searchsarkarinaukri.com/jobs/railway-recruitment-board-rrb-paramedical-posts-recruitment-2025-cen-032025-2026--1410","job-listing","job-listing","85.23","143","141"
"https://www.searchsarkarinaukri.com/jobs/sail-rsp-trade-apprentice-central-ac-plant-mechanic-recruitment-2026--4443","https://www.searchsarkarinaukri.com/jobs/sail-rsp-trade-apprentice-ictsm-recruitment-2026--4442","job-listing","job-listing","85.21","275","266"
"https://www.searchsarkarinaukri.com/jobs/sail-rsp-trade-apprentice-mechanic-motor-vehicle-recruitment-2026--4438","https://www.searchsarkarinaukri.com/jobs/sail-rsp-trade-apprentice-mechanic-refrigeration-and-ac-recruitment-2026--4439","job-listing","job-listing","85.21","269","272"
"https://www.searchsarkarinaukri.com/post-graduate-jobs-in-haryana","https://www.searchsarkarinaukri.com/post-graduate-jobs-in-punjab","other","other","85.19","441","441"
"https://www.searchsarkarinaukri.com/results/16","https://www.searchsarkarinaukri.com/results/30","results","results","85.19","131","131"
"https://www.searchsarkarinaukri.com/results/16","https://www.searchsarkarinaukri.com/results/37","results","results","85.19","131","131"
"https://www.searchsarkarinaukri.com/results/16","https://www.searchsarkarinaukri.com/results/46","results","results","85.19","131","131"
"https://www.searchsarkarinaukri.com/results/16","https://www.searchsarkarinaukri.com/results/52","results","results","85.19","131","131"
"https://www.searchsarkarinaukri.com/results/23","https://www.searchsarkarinaukri.com/results/52","results","results","85.19","131","131"
"https://www.searchsarkarinaukri.com/results/16","https://www.searchsarkarinaukri.com/results/60","results","results","85.19","131","131"
"https://www.searchsarkarinaukri.com/results/23","https://www.searchsarkarinaukri.com/results/60","results","results","85.19","131","131"
"https://www.searchsarkarinaukri.com/results/16","https://www.searchsarkarinaukri.com/results/67","results","results","85.19","131","131"
"https://www.searchsarkarinaukri.com/results/30","https://www.searchsarkarinaukri.com/results/67","results","results","85.19","131","131"
"https://www.searchsarkarinaukri.com/results/37","https://www.searchsarkarinaukri.com/results/67","results","results","85.19","131","131"
"https://www.searchsarkarinaukri.com/results/46","https://www.searchsarkarinaukri.com/results/67","results","results","85.19","131","131"
"https://www.searchsarkarinaukri.com/results/23","https://www.searchsarkarinaukri.com/results/67","results","results","85.19","131","131"
"https://www.searchsarkarinaukri.com/results/52","https://www.searchsarkarinaukri.com/results/72","results","results","85.19","131","131"
"https://www.searchsarkarinaukri.com/results/60","https://www.searchsarkarinaukri.com/results/72","results","results","85.19","131","131"
"https://www.searchsarkarinaukri.com/results/30","https://www.searchsarkarinaukri.com/results/72","results","results","85.19","131","131"
"https://www.searchsarkarinaukri.com/results/37","https://www.searchsarkarinaukri.com/results/72","results","results","85.19","131","131"
"https://www.searchsarkarinaukri.com/results/46","https://www.searchsarkarinaukri.com/results/72","results","results","85.19","131","131"
"https://www.searchsarkarinaukri.com/results/23","https://www.searchsarkarinaukri.com/results/72","results","results","85.19","131","131"
"https://www.searchsarkarinaukri.com/results/52","https://www.searchsarkarinaukri.com/results/78","results","results","85.19","131","131"
"https://www.searchsarkarinaukri.com/results/60","https://www.searchsarkarinaukri.com/results/78","results","results","85.19","131","131"
"https://www.searchsarkarinaukri.com/results/30","https://www.searchsarkarinaukri.com/results/78","results","results","85.19","131","131"
"https://www.searchsarkarinaukri.com/results/37","https://www.searchsarkarinaukri.com/results/78","results","results","85.19","131","131"
"https://www.searchsarkarinaukri.com/results/46","https://www.searchsarkarinaukri.com/results/78","results","results","85.19","131","131"
"https://www.searchsarkarinaukri.com/results/23","https://www.searchsarkarinaukri.com/results/78","results","results","85.19","131","131"
"https://www.searchsarkarinaukri.com/jobs/mumbai-port-trust-mumbai-port-trust-2026--3076","https://www.searchsarkarinaukri.com/jobs/mumbai-port-trust-mumbai-port-trust-2026--4829","job-listing","job-listing","85.17","285","285"
"https://www.searchsarkarinaukri.com/jobs/mumbai-port-trust-mumbai-port-trust-2026--4155","https://www.searchsarkarinaukri.com/jobs/mumbai-port-trust-mumbai-port-trust-2026--4829","job-listing","job-listing","85.17","285","285"
"https://www.searchsarkarinaukri.com/jobs/nhai-nhai-2026--4779","https://www.searchsarkarinaukri.com/jobs/nhai-nhai-2026--4887","job-listing","job-listing","85.12","218","218"
"https://www.searchsarkarinaukri.com/jobs/union-public-service-commission-indian-economic-service-indian-statistical-2026--1432","https://www.searchsarkarinaukri.com/jobs/union-public-service-commission-indian-forest-service-examination-2025-2026--1427","job-listing","job-listing","85.11","140","134"
"https://www.searchsarkarinaukri.com/results/15","https://www.searchsarkarinaukri.com/results/59","results","results","85.07","128","128"
"https://www.searchsarkarinaukri.com/results/15","https://www.searchsarkarinaukri.com/results/66","results","results","85.07","128","128"
"https://www.searchsarkarinaukri.com/results/15","https://www.searchsarkarinaukri.com/results/77","results","results","85.07","128","128"
"https://www.searchsarkarinaukri.com/jobs/sail-rsp-trade-apprentice-machinist-recruitment-2026--4437","https://www.searchsarkarinaukri.com/jobs/sail-rsp-trade-apprentice-mechanic-refrigeration-and-ac-recruitment-2026--4439","job-listing","job-listing","85.04","263","272"
"https://www.searchsarkarinaukri.com/jobs/railway-recruitment-board-rrb-section-controller-recruitment-2025-cen-042025-2026--1409","https://www.searchsarkarinaukri.com/jobs/railway-recruitment-board-rrb-technicians-recruitment-2024-cen-022024-2026--1419","job-listing","job-listing","85.03","141","139"
"https://www.searchsarkarinaukri.com/jobs/railway-recruitment-board-rrb-section-controller-recruitment-2025-cen-042025-2026--1409","https://www.searchsarkarinaukri.com/jobs/railway-recruitment-board-rrb-technicians-recruitment-2025-cen-022025-2026--1411","job-listing","job-listing","85.03","141","139"
"https://www.searchsarkarinaukri.com/jobs/icar-iari-icar-iari-2026--4659","https://www.searchsarkarinaukri.com/jobs/icar-iari-icar-iari-2026--5003","job-listing","job-listing","84.98","230","231"
"https://www.searchsarkarinaukri.com/jobs/icar-iari-icar-iari-2026--4943","https://www.searchsarkarinaukri.com/jobs/icar-iari-icar-iari-2026--5003","job-listing","job-listing","84.98","230","231"
"https://www.searchsarkarinaukri.com/jobs/balmer-lawrie-and-company-limited-deputy-manager-key-account-manager-2026--1605","https://www.searchsarkarinaukri.com/jobs/balmer-lawrie-and-company-limited-junior-officer-collections-2026--1609","job-listing","job-listing","84.95","199","195"
"https://www.searchsarkarinaukri.com/jobs/balmer-lawrie-and-company-limited-deputy-manager-key-account-manager-2026--1605","https://www.searchsarkarinaukri.com/jobs/balmer-lawrie-and-company-limited-officer-commerical-corporate-2026--1613","job-listing","job-listing","84.95","199","195"
"https://www.searchsarkarinaukri.com/jobs/balmer-lawrie-and-company-limited-deputy-manager-key-account-manager-2026--1605","https://www.searchsarkarinaukri.com/jobs/balmer-lawrie-and-company-limited-officer-mice-operations-2026--1614","job-listing","job-listing","84.95","199","195"
"https://www.searchsarkarinaukri.com/jobs/balmer-lawrie-and-company-limited-junior-officer-or-officer-commercial-2026--1627","https://www.searchsarkarinaukri.com/jobs/balmer-lawrie-and-company-limited-officer-ticketing-mice-2026--1597","job-listing","job-listing","84.95","199","195"
"https://www.searchsarkarinaukri.com/jobs/ict-mumbai-ict-mumbai-2026--1959","https://www.searchsarkarinaukri.com/jobs/ict-mumbai-ict-mumbai-2026--2786","job-listing","job-listing","84.94","216","234"
"https://www.searchsarkarinaukri.com/engineering-jobs-in-haryana","https://www.searchsarkarinaukri.com/engineering-jobs-in-uttar-pradesh","other","other","84.93","370","372"
"https://www.searchsarkarinaukri.com/engineering-jobs-in-punjab","https://www.searchsarkarinaukri.com/engineering-jobs-in-uttar-pradesh","other","other","84.93","370","372"
"https://www.searchsarkarinaukri.com/jobs/bal-vikas-prakalp-ahilyanagar-integrated-child-development-services-scheme-project-bal-vikas-prakalp--2974","https://www.searchsarkarinaukri.com/jobs/bal-vikas-prakalp-ahilyanagar-integrated-child-development-services-scheme-project-bal-vikas-prakalp--2963","job-listing","job-listing","84.92","213","213"
"https://www.searchsarkarinaukri.com/jobs/balmer-lawrie-and-company-limited-assistant-manager-commercial-2026--1601","https://www.searchsarkarinaukri.com/jobs/balmer-lawrie-and-company-limited-manager-key-account-manager-2026--1606","job-listing","job-listing","84.91","201","203"
"https://www.searchsarkarinaukri.com/jobs/balmer-lawrie-and-company-limited-assistant-manager-travel-2026--1599","https://www.searchsarkarinaukri.com/jobs/balmer-lawrie-and-company-limited-manager-key-account-manager-2026--1606","job-listing","job-listing","84.91","201","203"
"https://www.searchsarkarinaukri.com/jobs/union-public-service-commission-civil-services-examination-2025-2026--1430","https://www.searchsarkarinaukri.com/jobs/union-public-service-commission-combined-medical-services-examination-2026-2026--1429","job-listing","job-listing","84.89","132","134"
"https://www.searchsarkarinaukri.com/jobs/balmer-lawrie-and-company-limited-deputy-manager-key-account-manager-2026--1605","https://www.searchsarkarinaukri.com/jobs/balmer-lawrie-and-company-limited-officer-commercial-2026--1602","job-listing","job-listing","84.88","199","193"
"https://www.searchsarkarinaukri.com/jobs/balmer-lawrie-and-company-limited-deputy-manager-key-account-manager-2026--1605","https://www.searchsarkarinaukri.com/jobs/balmer-lawrie-and-company-limited-officer-it-2026--1608","job-listing","job-listing","84.88","199","193"
"https://www.searchsarkarinaukri.com/jobs/balmer-lawrie-and-company-limited-junior-officer-or-officer-commercial-2026--1627","https://www.searchsarkarinaukri.com/jobs/balmer-lawrie-and-company-limited-officer-travel-2026--1598","job-listing","job-listing","84.88","199","193"
"https://www.searchsarkarinaukri.com/engineer-jobs-in-punjab","https://www.searchsarkarinaukri.com/engineer-jobs-in-uttar-pradesh","other","other","84.83","368","370"
"https://www.searchsarkarinaukri.com/engineer-jobs-in-haryana","https://www.searchsarkarinaukri.com/engineer-jobs-in-uttar-pradesh","other","other","84.83","368","370"
"https://www.searchsarkarinaukri.com/engineer-jobs-in-uttar-pradesh","https://www.searchsarkarinaukri.com/graduate-jobs-in-uttar-pradesh","other","other","84.83","370","368"
"https://www.searchsarkarinaukri.com/jobs/krcl-krcl-2026--4018","https://www.searchsarkarinaukri.com/jobs/krcl-krcl-2026--4663","job-listing","job-listing","84.81","250","251"
"https://www.searchsarkarinaukri.com/jobs/krcl-krcl-2026--4330","https://www.searchsarkarinaukri.com/jobs/krcl-krcl-2026--4663","job-listing","job-listing","84.81","250","251"
"https://www.searchsarkarinaukri.com/jobs/krcl-krcl-2026--4583","https://www.searchsarkarinaukri.com/jobs/krcl-krcl-2026--4663","job-listing","job-listing","84.81","250","251"
"https://www.searchsarkarinaukri.com/jobs/bharati-vidyapeeth-pune-bharati-vidyapeeth-pune-2026--1747","https://www.searchsarkarinaukri.com/jobs/bharati-vidyapeeth-pune-bharati-vidyapeeth-pune-2026--2547","job-listing","job-listing","84.72","286","286"
"https://www.searchsarkarinaukri.com/jobs/bharati-vidyapeeth-pune-bharati-vidyapeeth-pune-2026--2463","https://www.searchsarkarinaukri.com/jobs/bharati-vidyapeeth-pune-bharati-vidyapeeth-pune-2026--2547","job-listing","job-listing","84.72","286","286"
"https://www.searchsarkarinaukri.com/jobs/bharati-vidyapeeth-pune-bharati-vidyapeeth-pune-2026--2463","https://www.searchsarkarinaukri.com/jobs/bharati-vidyapeeth-pune-bharati-vidyapeeth-pune-2026--3661","job-listing","job-listing","84.72","286","286"
"https://www.searchsarkarinaukri.com/jobs/bharati-vidyapeeth-pune-bharati-vidyapeeth-pune-2026--2547","https://www.searchsarkarinaukri.com/jobs/bharati-vidyapeeth-pune-bharati-vidyapeeth-pune-2026--3661","job-listing","job-listing","84.72","286","286"
"https://www.searchsarkarinaukri.com/jobs/bharati-vidyapeeth-pune-bharati-vidyapeeth-pune-2026--1747","https://www.searchsarkarinaukri.com/jobs/bharati-vidyapeeth-pune-bharati-vidyapeeth-pune-2026--4205","job-listing","job-listing","84.72","286","286"
"https://www.searchsarkarinaukri.com/jobs/bharati-vidyapeeth-pune-bharati-vidyapeeth-pune-2026--2463","https://www.searchsarkarinaukri.com/jobs/bharati-vidyapeeth-pune-bharati-vidyapeeth-pune-2026--4205","job-listing","job-listing","84.72","286","286"
"https://www.searchsarkarinaukri.com/jobs/bharati-vidyapeeth-pune-bharati-vidyapeeth-pune-2026--2547","https://www.searchsarkarinaukri.com/jobs/bharati-vidyapeeth-pune-bharati-vidyapeeth-pune-2026--4205","job-listing","job-listing","84.72","286","286"
"https://www.searchsarkarinaukri.com/jobs/sail-rsp-trade-apprentice-manufacturing-process-control-automation-recruitment-2026--4445","https://www.searchsarkarinaukri.com/jobs/sail-rsp-trade-apprentice-technician-mechatronics-recruitment-2026--4444","job-listing","job-listing","84.70","283","277"
"https://www.searchsarkarinaukri.com/jobs/sail-rsp-trade-apprentice-ictsm-recruitment-2026--4442","https://www.searchsarkarinaukri.com/jobs/sail-rsp-trade-apprentice-lacp-recruitment-2026--4436","job-listing","job-listing","84.65","266","267"
"https://www.searchsarkarinaukri.com/engineer-jobs-in-haryana","https://www.searchsarkarinaukri.com/graduate-jobs-in-haryana","other","other","84.62","368","366"
"https://www.searchsarkarinaukri.com/graduate-jobs-in-haryana","https://www.searchsarkarinaukri.com/graduate-jobs-in-uttar-pradesh","other","other","84.62","366","368"
"https://www.searchsarkarinaukri.com/graduate-jobs-in-punjab","https://www.searchsarkarinaukri.com/graduate-jobs-in-uttar-pradesh","other","other","84.62","366","368"
"https://www.searchsarkarinaukri.com/jobs/ministry-of-jal-shakti-ministry-of-jal-shakti-2026--1974","https://www.searchsarkarinaukri.com/jobs/ministry-of-jal-shakti-ministry-of-jal-shakti-2026--2502","job-listing","job-listing","84.62","267","267"
"https://www.searchsarkarinaukri.com/jobs/sail-rsp-trade-apprentice-aocp-recruitment-2026--4362","https://www.searchsarkarinaukri.com/jobs/sail-rsp-trade-apprentice-diesel-mechanic-recruitment-2026--4364","job-listing","job-listing","84.51","242","239"
"https://www.searchsarkarinaukri.com/jobs/sail-rsp-trade-apprentice-aocp-recruitment-2026--4362","https://www.searchsarkarinaukri.com/jobs/sail-rsp-trade-apprentice-electronics-mechanic-recruitment-2026--4368","job-listing","job-listing","84.51","242","239"
"https://www.searchsarkarinaukri.com/jobs/sail-rsp-trade-apprentice-copa-recruitment-2026--4363","https://www.searchsarkarinaukri.com/jobs/sail-rsp-trade-apprentice-electronics-mechanic-recruitment-2026--4368","job-listing","job-listing","84.51","242","239"
"https://www.searchsarkarinaukri.com/jobs/sail-rsp-trade-apprentice-aocp-recruitment-2026--4362","https://www.searchsarkarinaukri.com/jobs/sail-rsp-trade-apprentice-instrument-mechanic-recruitment-2026--4369","job-listing","job-listing","84.51","242","239"
"https://www.searchsarkarinaukri.com/jobs/sail-rsp-trade-apprentice-copa-recruitment-2026--4363","https://www.searchsarkarinaukri.com/jobs/sail-rsp-trade-apprentice-instrument-mechanic-recruitment-2026--4369","job-listing","job-listing","84.51","242","239"
"https://www.searchsarkarinaukri.com/jobs/indian-air-force-agniveer-indian-air-force-agniveer-2026--2132","https://www.searchsarkarinaukri.com/jobs/indian-air-force-indian-air-force-2026--2131","job-listing","job-listing","84.48","220","216"
"https://www.searchsarkarinaukri.com/jobs/balmer-lawrie-and-company-limited-junior-officer-collections-2026--1609","https://www.searchsarkarinaukri.com/jobs/balmer-lawrie-and-company-limited-manager-creative-and-design-2026--1612","job-listing","job-listing","84.47","195","197"
"https://www.searchsarkarinaukri.com/jobs/balmer-lawrie-and-company-limited-manager-creative-and-design-2026--1612","https://www.searchsarkarinaukri.com/jobs/balmer-lawrie-and-company-limited-officer-commerical-corporate-2026--1613","job-listing","job-listing","84.47","197","195"
"https://www.searchsarkarinaukri.com/jobs/balmer-lawrie-and-company-limited-manager-creative-and-design-2026--1612","https://www.searchsarkarinaukri.com/jobs/balmer-lawrie-and-company-limited-officer-mice-operations-2026--1614","job-listing","job-listing","84.47","197","195"
"https://www.searchsarkarinaukri.com/jobs/all-india-institute-of-medical-sciences-nagpur-all-india-institute-of-medical-sciences-2026--3659","https://www.searchsarkarinaukri.com/jobs/all-india-institute-of-medical-sciences-nagpur-all-india-institute-of-medical-sciences-2026--4323","job-listing","job-listing","84.43","357","316"
"https://www.searchsarkarinaukri.com/jobs/all-india-institute-of-medical-sciences-nagpur-all-india-institute-of-medical-sciences-2026--4008","https://www.searchsarkarinaukri.com/jobs/all-india-institute-of-medical-sciences-nagpur-all-india-institute-of-medical-sciences-2026--4323","job-listing","job-listing","84.43","357","316"
"https://www.searchsarkarinaukri.com/jobs/all-india-institute-of-medical-sciences-nagpur-all-india-institute-of-medical-sciences-2026--3659","https://www.searchsarkarinaukri.com/jobs/all-india-institute-of-medical-sciences-nagpur-all-india-institute-of-medical-sciences-2026--4433","job-listing","job-listing","84.43","357","316"
"https://www.searchsarkarinaukri.com/jobs/all-india-institute-of-medical-sciences-nagpur-all-india-institute-of-medical-sciences-2026--4008","https://www.searchsarkarinaukri.com/jobs/all-india-institute-of-medical-sciences-nagpur-all-india-institute-of-medical-sciences-2026--4433","job-listing","job-listing","84.43","357","316"
"https://www.searchsarkarinaukri.com/jobs/all-india-institute-of-medical-sciences-nagpur-all-india-institute-of-medical-sciences-2026--3659","https://www.searchsarkarinaukri.com/jobs/all-india-institute-of-medical-sciences-nagpur-all-india-institute-of-medical-sciences-2026--4534","job-listing","job-listing","84.43","357","316"
"https://www.searchsarkarinaukri.com/jobs/all-india-institute-of-medical-sciences-nagpur-all-india-institute-of-medical-sciences-2026--4008","https://www.searchsarkarinaukri.com/jobs/all-india-institute-of-medical-sciences-nagpur-all-india-institute-of-medical-sciences-2026--4534","job-listing","job-listing","84.43","357","316"
"https://www.searchsarkarinaukri.com/jobs/all-india-institute-of-medical-sciences-nagpur-all-india-institute-of-medical-sciences-2026--3659","https://www.searchsarkarinaukri.com/jobs/all-india-institute-of-medical-sciences-nagpur-all-india-institute-of-medical-sciences-2026--4584","job-listing","job-listing","84.43","357","316"
"https://www.searchsarkarinaukri.com/jobs/all-india-institute-of-medical-sciences-nagpur-all-india-institute-of-medical-sciences-2026--4008","https://www.searchsarkarinaukri.com/jobs/all-india-institute-of-medical-sciences-nagpur-all-india-institute-of-medical-sciences-2026--4584","job-listing","job-listing","84.43","357","316"
"https://www.searchsarkarinaukri.com/jobs/sail-rsp-trade-apprentice-machinist-recruitment-2026--4437","https://www.searchsarkarinaukri.com/jobs/sail-rsp-trade-apprentice-turner-recruitment-2026--4440","job-listing","job-listing","84.40","263","262"
"https://www.searchsarkarinaukri.com/jobs/maharashtra-education-society-pune-maharashtra-education-society-pune-2026--1733","https://www.searchsarkarinaukri.com/jobs/maharashtra-education-society-pune-maharashtra-education-society-pune-2026--2025","job-listing","job-listing","84.35","249","250"
"https://www.searchsarkarinaukri.com/jobs/maharashtra-education-society-pune-maharashtra-education-society-pune-2026--1733","https://www.searchsarkarinaukri.com/jobs/maharashtra-education-society-pune-maharashtra-education-society-pune-2026--2149","job-listing","job-listing","84.35","249","250"
"https://www.searchsarkarinaukri.com/jobs/hll-lifecare-ltd-hll-lifecare-ltd-2026--2281","https://www.searchsarkarinaukri.com/jobs/hll-lifecare-ltd-hll-lifecare-ltd-2026--2665","job-listing","job-listing","84.34","243","243"
"https://www.searchsarkarinaukri.com/jobs/hll-lifecare-ltd-hll-lifecare-ltd-2026--4259","https://www.searchsarkarinaukri.com/jobs/hll-lifecare-ltd-hll-lifecare-ltd-2026--2665","job-listing","job-listing","84.34","243","243"
"https://www.searchsarkarinaukri.com/engineering-jobs-in-uttar-pradesh","https://www.searchsarkarinaukri.com/graduate-jobs-in-uttar-pradesh","other","other","84.25","372","368"
"https://www.searchsarkarinaukri.com/jobs/tadoba-tiger-reserve-chandrapur-tadoba-tiger-reserve-chandrapur-2026--2840","https://www.searchsarkarinaukri.com/jobs/tadoba-tiger-reserve-chandrapur-tadoba-tiger-reserve-chandrapur-2026--3656","job-listing","job-listing","84.23","271","271"
"https://www.searchsarkarinaukri.com/jobs/sail-rsp-diploma-graduate-apprentice-chemical-recruitment-2026--4447","https://www.searchsarkarinaukri.com/jobs/sail-rsp-diploma-graduate-apprentice-electrical-recruitment-2026--4451","job-listing","job-listing","84.17","293","293"
"https://www.searchsarkarinaukri.com/jobs/ministry-of-jal-shakti-ministry-of-jal-shakti-2026--1974","https://www.searchsarkarinaukri.com/jobs/ministry-of-jal-shakti-ministry-of-jal-shakti-2026--2618","job-listing","job-listing","84.15","267","230"
"https://www.searchsarkarinaukri.com/jobs/balmer-lawrie-and-company-limited-junior-officer-or-officer-commercial-2026--1627","https://www.searchsarkarinaukri.com/jobs/balmer-lawrie-and-company-limited-manager-creative-and-design-2026--1612","job-listing","job-listing","84.13","199","197"
"https://www.searchsarkarinaukri.com/jobs/kolhapur-mahanagarpalika-kolhapur-mahanagarpalika-2026--1895","https://www.searchsarkarinaukri.com/jobs/kolhapur-mahanagarpalika-kolhapur-mahanagarpalika-2026--1941","job-listing","job-listing","84.13","235","237"
"https://www.searchsarkarinaukri.com/jobs/vnit-nagpur-vnit-nagpur-2026--2239","https://www.searchsarkarinaukri.com/jobs/vnit-nagpur-vnit-nagpur-2026--3023","job-listing","job-listing","84.13","262","260"
"https://www.searchsarkarinaukri.com/jobs/vnit-nagpur-vnit-nagpur-2026--2239","https://www.searchsarkarinaukri.com/jobs/vnit-nagpur-vnit-nagpur-2026--2791","job-listing","job-listing","84.13","262","260"
"https://www.searchsarkarinaukri.com/jobs/vnit-nagpur-vnit-nagpur-2026--2239","https://www.searchsarkarinaukri.com/jobs/vnit-nagpur-vnit-nagpur-2026--3463","job-listing","job-listing","84.13","262","260"
"https://www.searchsarkarinaukri.com/jobs/railway-recruitment-board-rrb-isolated-category-posts-recruitment-2025-2026--1405","https://www.searchsarkarinaukri.com/jobs/railway-recruitment-board-rrb-ntpc-undergraduate-posts-recruitment-2025-cen-072025-2026--1406","job-listing","job-listing","84.11","143","143"
"https://www.searchsarkarinaukri.com/jobs/railway-recruitment-board-rrb-je-dms-cma-posts-2026--1424","https://www.searchsarkarinaukri.com/jobs/railway-recruitment-board-rrb-paramedical-posts-recruitment-2024-cen-042024-2026--1417","job-listing","job-listing","84.11","145","141"
"https://www.searchsarkarinaukri.com/jobs/railway-recruitment-board-rrb-ministerial-isolated-category-posts-2026--1414","https://www.searchsarkarinaukri.com/jobs/railway-recruitment-board-rrb-paramedical-posts-recruitment-2024-cen-042024-2026--1417","job-listing","job-listing","84.11","145","141"
"https://www.searchsarkarinaukri.com/jobs/railway-recruitment-board-rrb-ministerial-isolated-category-posts-2026--1421","https://www.searchsarkarinaukri.com/jobs/railway-recruitment-board-rrb-paramedical-posts-recruitment-2024-cen-042024-2026--1417","job-listing","job-listing","84.11","145","141"
"https://www.searchsarkarinaukri.com/jobs/railway-recruitment-board-rrb-je-dms-cma-posts-2026--1424","https://www.searchsarkarinaukri.com/jobs/railway-recruitment-board-rrb-paramedical-posts-recruitment-2019-cen-022019-2026--1422","job-listing","job-listing","84.11","145","141"
"https://www.searchsarkarinaukri.com/jobs/railway-recruitment-board-rrb-ministerial-isolated-category-posts-2026--1414","https://www.searchsarkarinaukri.com/jobs/railway-recruitment-board-rrb-paramedical-posts-recruitment-2019-cen-022019-2026--1422","job-listing","job-listing","84.11","145","141"
"https://www.searchsarkarinaukri.com/jobs/railway-recruitment-board-rrb-ministerial-isolated-category-posts-2026--1421","https://www.searchsarkarinaukri.com/jobs/railway-recruitment-board-rrb-paramedical-posts-recruitment-2019-cen-022019-2026--1422","job-listing","job-listing","84.11","145","141"
"https://www.searchsarkarinaukri.com/jobs/railway-recruitment-board-rrb-isolated-category-posts-recruitment-2025-2026--1405","https://www.searchsarkarinaukri.com/jobs/railway-recruitment-board-rrb-ntpc-undergraduate-posts-recruitment-2024-cen-062024-2026--1415","job-listing","job-listing","84.11","143","143"
"https://www.searchsarkarinaukri.com/jobs/railway-recruitment-board-rrb-je-dms-cma-posts-2026--1424","https://www.searchsarkarinaukri.com/jobs/railway-recruitment-board-rrb-paramedical-posts-recruitment-2025-cen-032025-2026--1410","job-listing","job-listing","84.11","145","141"
"https://www.searchsarkarinaukri.com/jobs/railway-recruitment-board-rrb-ministerial-isolated-category-posts-2026--1414","https://www.searchsarkarinaukri.com/jobs/railway-recruitment-board-rrb-paramedical-posts-recruitment-2025-cen-032025-2026--1410","job-listing","job-listing","84.11","145","141"
"https://www.searchsarkarinaukri.com/jobs/railway-recruitment-board-rrb-ministerial-isolated-category-posts-2026--1421","https://www.searchsarkarinaukri.com/jobs/railway-recruitment-board-rrb-paramedical-posts-recruitment-2025-cen-032025-2026--1410","job-listing","job-listing","84.11","145","141"
"https://www.searchsarkarinaukri.com/jobs/balmer-lawrie-and-company-limited-junior-officer-or-officer-commercial-2026--1627","https://www.searchsarkarinaukri.com/jobs/balmer-lawrie-and-company-limited-officer-commerical-corporate-2026--1613","job-listing","job-listing","84.06","199","195"
"https://www.searchsarkarinaukri.com/jobs/balmer-lawrie-and-company-limited-junior-officer-or-officer-commercial-2026--1627","https://www.searchsarkarinaukri.com/jobs/balmer-lawrie-and-company-limited-officer-mice-operations-2026--1614","job-listing","job-listing","84.06","199","195"
"https://www.searchsarkarinaukri.com/jobs/balmer-lawrie-and-company-limited-deputy-manager-key-account-manager-2026--1605","https://www.searchsarkarinaukri.com/jobs/balmer-lawrie-and-company-limited-officer-ticketing-mice-2026--1597","job-listing","job-listing","84.06","199","195"
"https://www.searchsarkarinaukri.com/jobs/actrec-mumbai-actrec-mumbai-2026--2351","https://www.searchsarkarinaukri.com/jobs/actrec-mumbai-actrec-mumbai-2026--2985","job-listing","job-listing","84.05","241","240"
"https://www.searchsarkarinaukri.com/jobs/cife-mumbai-cife-mumbai-2026--4524","https://www.searchsarkarinaukri.com/jobs/cife-mumbai-cife-mumbai-2026--4886","job-listing","job-listing","84.05","226","227"
"https://www.searchsarkarinaukri.com/engineering-jobs-in-haryana","https://www.searchsarkarinaukri.com/graduate-jobs-in-haryana","other","other","84.03","370","366"
"https://www.searchsarkarinaukri.com/engineering-jobs-in-punjab","https://www.searchsarkarinaukri.com/graduate-jobs-in-punjab","other","other","84.03","370","366"
"https://www.searchsarkarinaukri.com/jobs/krcl-krcl-2026--2230","https://www.searchsarkarinaukri.com/jobs/krcl-krcl-2026--2383","job-listing","job-listing","84.03","284","284"
"https://www.searchsarkarinaukri.com/jobs/krcl-krcl-2026--1921","https://www.searchsarkarinaukri.com/jobs/krcl-krcl-2026--2383","job-listing","job-listing","84.03","284","284"
"https://www.searchsarkarinaukri.com/jobs/krcl-krcl-2026--1921","https://www.searchsarkarinaukri.com/jobs/krcl-krcl-2026--3260","job-listing","job-listing","84.03","284","284"
"https://www.searchsarkarinaukri.com/jobs/krcl-krcl-2026--2230","https://www.searchsarkarinaukri.com/jobs/krcl-krcl-2026--3260","job-listing","job-listing","84.03","284","284"
"https://www.searchsarkarinaukri.com/jobs/nuclear-power-corporation-of-india-limited-nuclear-power-corporation-of-india-limited-2026--2491","https://www.searchsarkarinaukri.com/jobs/nuclear-power-corporation-of-india-limited-nuclear-power-corporation-of-india-limited-2026--2801","job-listing","job-listing","84.03","268","268"
"https://www.searchsarkarinaukri.com/jobs/nagpur-mahanagarpalika-nagpur-mahanagarpalika-2026--1852","https://www.searchsarkarinaukri.com/jobs/nagpur-mahanagarpalika-nagpur-mahanagarpalika-2026--2894","job-listing","job-listing","84.00","234","234"
"https://www.searchsarkarinaukri.com/jobs/mpsc-group-c-mpsc-group-c-2026--3257","https://www.searchsarkarinaukri.com/jobs/mpsc-group-c-services-combined-preliminary-examination-mpsc-group-c-services-combined-preliminary-20--3213","job-listing","job-listing","83.95","227","243"
"https://www.searchsarkarinaukri.com/post-graduate-jobs-in-haryana","https://www.searchsarkarinaukri.com/post-graduate-jobs-in-uttar-pradesh","other","other","83.94","441","443"
"https://www.searchsarkarinaukri.com/post-graduate-jobs-in-punjab","https://www.searchsarkarinaukri.com/post-graduate-jobs-in-uttar-pradesh","other","other","83.94","441","443"
"https://www.searchsarkarinaukri.com/jobs/gokhale-institute-of-politics-and-economics-pune-gokhale-institute-of-politics-and-economics-2026--1856","https://www.searchsarkarinaukri.com/jobs/gokhale-institute-of-politics-and-economics-pune-gokhale-institute-of-politics-and-economics-2026--2388","job-listing","job-listing","83.91","259","259"
"https://www.searchsarkarinaukri.com/jobs/gokhale-institute-of-politics-and-economics-pune-gokhale-institute-of-politics-and-economics-2026--1856","https://www.searchsarkarinaukri.com/jobs/gokhale-institute-of-politics-and-economics-pune-gokhale-institute-of-politics-and-economics-2026--3173","job-listing","job-listing","83.91","259","259"
"https://www.searchsarkarinaukri.com/jobs/icsil-bharti-2026-details-icsil-bharti-2026-details-2026--2221","https://www.searchsarkarinaukri.com/jobs/icsil-bharti-2026-details-icsil-bharti-2026-details-2026--3297","job-listing","job-listing","83.91","264","264"
"https://www.searchsarkarinaukri.com/jobs/icsil-bharti-2026-details-icsil-bharti-2026-details-2026--2140","https://www.searchsarkarinaukri.com/jobs/icsil-bharti-2026-details-icsil-bharti-2026-details-2026--3297","job-listing","job-listing","83.91","264","264"
"https://www.searchsarkarinaukri.com/jobs/icsil-bharti-2026-details-icsil-bharti-2026-details-2026--2221","https://www.searchsarkarinaukri.com/jobs/icsil-bharti-2026-details-icsil-bharti-2026-details-2026--4428","job-listing","job-listing","83.91","264","264"
"https://www.searchsarkarinaukri.com/jobs/icsil-bharti-2026-details-icsil-bharti-2026-details-2026--2140","https://www.searchsarkarinaukri.com/jobs/icsil-bharti-2026-details-icsil-bharti-2026-details-2026--4428","job-listing","job-listing","83.91","264","264"
"https://www.searchsarkarinaukri.com/jobs/sgbau-amravati-sgbau-amravati-2026--2715","https://www.searchsarkarinaukri.com/jobs/sgbau-amravati-sgbau-amravati-2026--4840","job-listing","job-listing","83.90","310","277"
"https://www.searchsarkarinaukri.com/jobs/sgbau-amravati-sgbau-amravati-2026--2880","https://www.searchsarkarinaukri.com/jobs/sgbau-amravati-sgbau-amravati-2026--4840","job-listing","job-listing","83.90","310","277"
"https://www.searchsarkarinaukri.com/jobs/sgbau-amravati-sgbau-amravati-2026--3255","https://www.searchsarkarinaukri.com/jobs/sgbau-amravati-sgbau-amravati-2026--4840","job-listing","job-listing","83.90","310","277"
"https://www.searchsarkarinaukri.com/jobs/sgbau-amravati-sgbau-amravati-2026--3589","https://www.searchsarkarinaukri.com/jobs/sgbau-amravati-sgbau-amravati-2026--4840","job-listing","job-listing","83.90","310","277"
"https://www.searchsarkarinaukri.com/jobs/sgbau-amravati-sgbau-amravati-2026--4143","https://www.searchsarkarinaukri.com/jobs/sgbau-amravati-sgbau-amravati-2026--4840","job-listing","job-listing","83.90","310","277"
"https://www.searchsarkarinaukri.com/jobs/sgbau-amravati-sgbau-amravati-2026--2794","https://www.searchsarkarinaukri.com/jobs/sgbau-amravati-sgbau-amravati-2026--4840","job-listing","job-listing","83.90","310","277"
"https://www.searchsarkarinaukri.com/jobs/sgbau-amravati-sgbau-amravati-2026--3663","https://www.searchsarkarinaukri.com/jobs/sgbau-amravati-sgbau-amravati-2026--4840","job-listing","job-listing","83.90","310","277"
"https://www.searchsarkarinaukri.com/jobs/sgbau-amravati-sgbau-amravati-2026--3852","https://www.searchsarkarinaukri.com/jobs/sgbau-amravati-sgbau-amravati-2026--4840","job-listing","job-listing","83.90","310","277"
"https://www.searchsarkarinaukri.com/jobs/sgbau-amravati-sgbau-amravati-2026--2551","https://www.searchsarkarinaukri.com/jobs/sgbau-amravati-sgbau-amravati-2026--4840","job-listing","job-listing","83.90","310","277"
"https://www.searchsarkarinaukri.com/jobs/sgbau-amravati-sgbau-amravati-2026--3589","https://www.searchsarkarinaukri.com/jobs/sgbau-amravati-sgbau-amravati-2026--5012","job-listing","job-listing","83.90","310","277"
"https://www.searchsarkarinaukri.com/jobs/sgbau-amravati-sgbau-amravati-2026--3852","https://www.searchsarkarinaukri.com/jobs/sgbau-amravati-sgbau-amravati-2026--5012","job-listing","job-listing","83.90","310","277"
"https://www.searchsarkarinaukri.com/jobs/sgbau-amravati-sgbau-amravati-2026--4143","https://www.searchsarkarinaukri.com/jobs/sgbau-amravati-sgbau-amravati-2026--5012","job-listing","job-listing","83.90","310","277"
"https://www.searchsarkarinaukri.com/jobs/sgbau-amravati-sgbau-amravati-2026--2715","https://www.searchsarkarinaukri.com/jobs/sgbau-amravati-sgbau-amravati-2026--5012","job-listing","job-listing","83.90","310","277"
"https://www.searchsarkarinaukri.com/jobs/sgbau-amravati-sgbau-amravati-2026--2880","https://www.searchsarkarinaukri.com/jobs/sgbau-amravati-sgbau-amravati-2026--5012","job-listing","job-listing","83.90","310","277"
"https://www.searchsarkarinaukri.com/jobs/sgbau-amravati-sgbau-amravati-2026--3255","https://www.searchsarkarinaukri.com/jobs/sgbau-amravati-sgbau-amravati-2026--5012","job-listing","job-listing","83.90","310","277"
"https://www.searchsarkarinaukri.com/jobs/sgbau-amravati-sgbau-amravati-2026--2794","https://www.searchsarkarinaukri.com/jobs/sgbau-amravati-sgbau-amravati-2026--5012","job-listing","job-listing","83.90","310","277"
"https://www.searchsarkarinaukri.com/jobs/sgbau-amravati-sgbau-amravati-2026--3663","https://www.searchsarkarinaukri.com/jobs/sgbau-amravati-sgbau-amravati-2026--5012","job-listing","job-listing","83.90","310","277"
"https://www.searchsarkarinaukri.com/jobs/sgbau-amravati-sgbau-amravati-2026--2551","https://www.searchsarkarinaukri.com/jobs/sgbau-amravati-sgbau-amravati-2026--5012","job-listing","job-listing","83.90","310","277"
"https://www.searchsarkarinaukri.com/jobs/railway-recruitment-board-rrb-paramedical-posts-recruitment-2024-cen-042024-2026--1417","https://www.searchsarkarinaukri.com/jobs/railway-recruitment-board-rrb-section-controller-recruitment-2025-cen-042025-2026--1409","job-listing","job-listing","83.89","141","141"
"https://www.searchsarkarinaukri.com/jobs/railway-recruitment-board-rrb-paramedical-posts-recruitment-2019-cen-022019-2026--1422","https://www.searchsarkarinaukri.com/jobs/railway-recruitment-board-rrb-section-controller-recruitment-2025-cen-042025-2026--1409","job-listing","job-listing","83.89","141","141"
"https://www.searchsarkarinaukri.com/jobs/railway-recruitment-board-rrb-paramedical-posts-recruitment-2025-cen-032025-2026--1410","https://www.searchsarkarinaukri.com/jobs/railway-recruitment-board-rrb-section-controller-recruitment-2025-cen-042025-2026--1409","job-listing","job-listing","83.89","141","141"
"https://www.searchsarkarinaukri.com/jobs/railway-recruitment-board-rrb-isolated-category-posts-recruitment-2025-2026--1405","https://www.searchsarkarinaukri.com/jobs/railway-recruitment-board-rrb-technicians-recruitment-2024-cen-022024-2026--1419","job-listing","job-listing","83.89","143","139"
"https://www.searchsarkarinaukri.com/jobs/railway-recruitment-board-rrb-assistant-loco-pilot-recruitment-2024-cen-012024-2026--1420","https://www.searchsarkarinaukri.com/jobs/railway-recruitment-board-rrb-technicians-recruitment-2024-cen-022024-2026--1419","job-listing","job-listing","83.89","143","139"
"https://www.searchsarkarinaukri.com/jobs/railway-recruitment-board-rrb-assistant-loco-pilot-recruitment-2025-cen-012025-2026--1412","https://www.searchsarkarinaukri.com/jobs/railway-recruitment-board-rrb-technicians-recruitment-2024-cen-022024-2026--1419","job-listing","job-listing","83.89","143","139"
"https://www.searchsarkarinaukri.com/jobs/railway-recruitment-board-rrb-assistant-loco-pilot-recruitment-2026-cen-012026-2026--1403","https://www.searchsarkarinaukri.com/jobs/railway-recruitment-board-rrb-technicians-recruitment-2024-cen-022024-2026--1419","job-listing","job-listing","83.89","143","139"
"https://www.searchsarkarinaukri.com/jobs/railway-recruitment-board-rrb-ntpc-undergraduate-posts-recruitment-2025-cen-072025-2026--1406","https://www.searchsarkarinaukri.com/jobs/railway-recruitment-board-rrb-technicians-recruitment-2024-cen-022024-2026--1419","job-listing","job-listing","83.89","143","139"
"https://www.searchsarkarinaukri.com/jobs/railway-recruitment-board-rrb-ntpc-undergraduate-posts-recruitment-2024-cen-062024-2026--1415","https://www.searchsarkarinaukri.com/jobs/railway-recruitment-board-rrb-technicians-recruitment-2024-cen-022024-2026--1419","job-listing","job-listing","83.89","143","139"
"https://www.searchsarkarinaukri.com/jobs/railway-recruitment-board-rrb-isolated-category-posts-recruitment-2025-2026--1405","https://www.searchsarkarinaukri.com/jobs/railway-recruitment-board-rrb-technicians-recruitment-2025-cen-022025-2026--1411","job-listing","job-listing","83.89","143","139"
"https://www.searchsarkarinaukri.com/jobs/railway-recruitment-board-rrb-assistant-loco-pilot-recruitment-2024-cen-012024-2026--1420","https://www.searchsarkarinaukri.com/jobs/railway-recruitment-board-rrb-technicians-recruitment-2025-cen-022025-2026--1411","job-listing","job-listing","83.89","143","139"
"https://www.searchsarkarinaukri.com/jobs/railway-recruitment-board-rrb-assistant-loco-pilot-recruitment-2025-cen-012025-2026--1412","https://www.searchsarkarinaukri.com/jobs/railway-recruitment-board-rrb-technicians-recruitment-2025-cen-022025-2026--1411","job-listing","job-listing","83.89","143","139"
"https://www.searchsarkarinaukri.com/jobs/railway-recruitment-board-rrb-assistant-loco-pilot-recruitment-2026-cen-012026-2026--1403","https://www.searchsarkarinaukri.com/jobs/railway-recruitment-board-rrb-technicians-recruitment-2025-cen-022025-2026--1411","job-listing","job-listing","83.89","143","139"
"https://www.searchsarkarinaukri.com/jobs/railway-recruitment-board-rrb-ntpc-undergraduate-posts-recruitment-2025-cen-072025-2026--1406","https://www.searchsarkarinaukri.com/jobs/railway-recruitment-board-rrb-technicians-recruitment-2025-cen-022025-2026--1411","job-listing","job-listing","83.89","143","139"
"https://www.searchsarkarinaukri.com/jobs/railway-recruitment-board-rrb-ntpc-undergraduate-posts-recruitment-2024-cen-062024-2026--1415","https://www.searchsarkarinaukri.com/jobs/railway-recruitment-board-rrb-technicians-recruitment-2025-cen-022025-2026--1411","job-listing","job-listing","83.89","143","139"
"https://www.searchsarkarinaukri.com/jobs/sail-rsp-graduate-apprentice-electronics-instrumentation-recruitment-2026--4467","https://www.searchsarkarinaukri.com/jobs/sail-rsp-graduate-apprentice-production-recruitment-2026--4468","job-listing","job-listing","83.88","289","285"
"https://www.searchsarkarinaukri.com/jobs/mumbai-metropolitan-region-slum-rehabilitation-authorities-mumbai-metropolitan-region-slum-rehabilit--2354","https://www.searchsarkarinaukri.com/jobs/mumbai-metropolitan-region-slum-rehabilitation-authorities-mumbai-metropolitan-region-slum-rehabilit--4139","job-listing","job-listing","83.85","255","255"
"https://www.searchsarkarinaukri.com/jobs/defence-institute-of-advanced-technology-pune-defence-institute-of-advanced-2026--2072","https://www.searchsarkarinaukri.com/jobs/defence-institute-of-advanced-technology-pune-defence-institute-of-advanced-2026--2460","job-listing","job-listing","83.82","271","271"
"https://www.searchsarkarinaukri.com/jobs/defence-institute-of-advanced-technology-pune-defence-institute-of-advanced-2026--2072","https://www.searchsarkarinaukri.com/jobs/defence-institute-of-advanced-technology-pune-defence-institute-of-advanced-2026--2926","job-listing","job-listing","83.82","271","271"
"https://www.searchsarkarinaukri.com/jobs/defence-institute-of-advanced-technology-pune-defence-institute-of-advanced-2026--2072","https://www.searchsarkarinaukri.com/jobs/defence-institute-of-advanced-technology-pune-defence-institute-of-advanced-2026--2989","job-listing","job-listing","83.82","271","271"
"https://www.searchsarkarinaukri.com/jobs/defence-institute-of-advanced-technology-pune-defence-institute-of-advanced-2026--2072","https://www.searchsarkarinaukri.com/jobs/defence-institute-of-advanced-technology-pune-defence-institute-of-advanced-2026--4480","job-listing","job-listing","83.82","271","271"
"https://www.searchsarkarinaukri.com/jobs/defence-institute-of-advanced-technology-pune-defence-institute-of-advanced-2026--2460","https://www.searchsarkarinaukri.com/jobs/defence-institute-of-advanced-technology-pune-defence-institute-of-advanced-2026--4480","job-listing","job-listing","83.82","271","271"
"https://www.searchsarkarinaukri.com/jobs/defence-institute-of-advanced-technology-pune-defence-institute-of-advanced-2026--2926","https://www.searchsarkarinaukri.com/jobs/defence-institute-of-advanced-technology-pune-defence-institute-of-advanced-2026--4480","job-listing","job-listing","83.82","271","271"
"https://www.searchsarkarinaukri.com/jobs/defence-institute-of-advanced-technology-pune-defence-institute-of-advanced-2026--2989","https://www.searchsarkarinaukri.com/jobs/defence-institute-of-advanced-technology-pune-defence-institute-of-advanced-2026--4480","job-listing","job-listing","83.82","271","271"
"https://www.searchsarkarinaukri.com/jobs/mumbai-central-railway-mumbai-central-railway-2026--2656","https://www.searchsarkarinaukri.com/jobs/mumbai-central-railway-mumbai-central-railway-2026--4151","job-listing","job-listing","83.81","237","237"
"https://www.searchsarkarinaukri.com/jobs/bharati-vidyapeeth-pune-bharati-vidyapeeth-pune-2026--2037","https://www.searchsarkarinaukri.com/jobs/bharati-vidyapeeth-pune-bharati-vidyapeeth-pune-2026--3855","job-listing","job-listing","83.80","285","286"
"https://www.searchsarkarinaukri.com/jobs/bharati-vidyapeeth-pune-bharati-vidyapeeth-pune-2026--3357","https://www.searchsarkarinaukri.com/jobs/bharati-vidyapeeth-pune-bharati-vidyapeeth-pune-2026--3855","job-listing","job-listing","83.80","285","286"
"https://www.searchsarkarinaukri.com/jobs/all-india-institute-of-medical-sciences-nagpur-all-india-institute-of-medical-sciences-2026--1961","https://www.searchsarkarinaukri.com/jobs/all-india-institute-of-medical-sciences-nagpur-all-india-institute-of-medical-sciences-2026--4323","job-listing","job-listing","83.79","357","316"
"https://www.searchsarkarinaukri.com/jobs/all-india-institute-of-medical-sciences-nagpur-all-india-institute-of-medical-sciences-2026--2313","https://www.searchsarkarinaukri.com/jobs/all-india-institute-of-medical-sciences-nagpur-all-india-institute-of-medical-sciences-2026--4323","job-listing","job-listing","83.79","357","316"
"https://www.searchsarkarinaukri.com/jobs/all-india-institute-of-medical-sciences-nagpur-all-india-institute-of-medical-sciences-2026--2652","https://www.searchsarkarinaukri.com/jobs/all-india-institute-of-medical-sciences-nagpur-all-india-institute-of-medical-sciences-2026--4323","job-listing","job-listing","83.79","357","316"
"https://www.searchsarkarinaukri.com/jobs/all-india-institute-of-medical-sciences-nagpur-all-india-institute-of-medical-sciences-2026--2936","https://www.searchsarkarinaukri.com/jobs/all-india-institute-of-medical-sciences-nagpur-all-india-institute-of-medical-sciences-2026--4323","job-listing","job-listing","83.79","357","316"
"https://www.searchsarkarinaukri.com/jobs/all-india-institute-of-medical-sciences-nagpur-all-india-institute-of-medical-sciences-2026--3244","https://www.searchsarkarinaukri.com/jobs/all-india-institute-of-medical-sciences-nagpur-all-india-institute-of-medical-sciences-2026--4323","job-listing","job-listing","83.79","357","316"
"https://www.searchsarkarinaukri.com/jobs/all-india-institute-of-medical-sciences-nagpur-all-india-institute-of-medical-sciences-2026--3521","https://www.searchsarkarinaukri.com/jobs/all-india-institute-of-medical-sciences-nagpur-all-india-institute-of-medical-sciences-2026--4323","job-listing","job-listing","83.79","357","316"
"https://www.searchsarkarinaukri.com/jobs/all-india-institute-of-medical-sciences-nagpur-all-india-institute-of-medical-sciences-2026--1896","https://www.searchsarkarinaukri.com/jobs/all-india-institute-of-medical-sciences-nagpur-all-india-institute-of-medical-sciences-2026--4323","job-listing","job-listing","83.79","357","316"
"https://www.searchsarkarinaukri.com/jobs/all-india-institute-of-medical-sciences-nagpur-all-india-institute-of-medical-sciences-2026--2264","https://www.searchsarkarinaukri.com/jobs/all-india-institute-of-medical-sciences-nagpur-all-india-institute-of-medical-sciences-2026--4323","job-listing","job-listing","83.79","357","316"
"https://www.searchsarkarinaukri.com/jobs/all-india-institute-of-medical-sciences-nagpur-all-india-institute-of-medical-sciences-2026--1896","https://www.searchsarkarinaukri.com/jobs/all-india-institute-of-medical-sciences-nagpur-all-india-institute-of-medical-sciences-2026--4433","job-listing","job-listing","83.79","357","316"
"https://www.searchsarkarinaukri.com/jobs/all-india-institute-of-medical-sciences-nagpur-all-india-institute-of-medical-sciences-2026--1961","https://www.searchsarkarinaukri.com/jobs/all-india-institute-of-medical-sciences-nagpur-all-india-institute-of-medical-sciences-2026--4433","job-listing","job-listing","83.79","357","316"
"https://www.searchsarkarinaukri.com/jobs/all-india-institute-of-medical-sciences-nagpur-all-india-institute-of-medical-sciences-2026--2264","https://www.searchsarkarinaukri.com/jobs/all-india-institute-of-medical-sciences-nagpur-all-india-institute-of-medical-sciences-2026--4433","job-listing","job-listing","83.79","357","316"
"https://www.searchsarkarinaukri.com/jobs/all-india-institute-of-medical-sciences-nagpur-all-india-institute-of-medical-sciences-2026--2313","https://www.searchsarkarinaukri.com/jobs/all-india-institute-of-medical-sciences-nagpur-all-india-institute-of-medical-sciences-2026--4433","job-listing","job-listing","83.79","357","316"
"https://www.searchsarkarinaukri.com/jobs/all-india-institute-of-medical-sciences-nagpur-all-india-institute-of-medical-sciences-2026--2652","https://www.searchsarkarinaukri.com/jobs/all-india-institute-of-medical-sciences-nagpur-all-india-institute-of-medical-sciences-2026--4433","job-listing","job-listing","83.79","357","316"
"https://www.searchsarkarinaukri.com/jobs/all-india-institute-of-medical-sciences-nagpur-all-india-institute-of-medical-sciences-2026--2936","https://www.searchsarkarinaukri.com/jobs/all-india-institute-of-medical-sciences-nagpur-all-india-institute-of-medical-sciences-2026--4433","job-listing","job-listing","83.79","357","316"
"https://www.searchsarkarinaukri.com/jobs/all-india-institute-of-medical-sciences-nagpur-all-india-institute-of-medical-sciences-2026--3244","https://www.searchsarkarinaukri.com/jobs/all-india-institute-of-medical-sciences-nagpur-all-india-institute-of-medical-sciences-2026--4433","job-listing","job-listing","83.79","357","316"
"https://www.searchsarkarinaukri.com/jobs/all-india-institute-of-medical-sciences-nagpur-all-india-institute-of-medical-sciences-2026--3521","https://www.searchsarkarinaukri.com/jobs/all-india-institute-of-medical-sciences-nagpur-all-india-institute-of-medical-sciences-2026--4433","job-listing","job-listing","83.79","357","316"
"https://www.searchsarkarinaukri.com/jobs/all-india-institute-of-medical-sciences-nagpur-all-india-institute-of-medical-sciences-2026--1961","https://www.searchsarkarinaukri.com/jobs/all-india-institute-of-medical-sciences-nagpur-all-india-institute-of-medical-sciences-2026--4534","job-listing","job-listing","83.79","357","316"
"https://www.searchsarkarinaukri.com/jobs/all-india-institute-of-medical-sciences-nagpur-all-india-institute-of-medical-sciences-2026--2313","https://www.searchsarkarinaukri.com/jobs/all-india-institute-of-medical-sciences-nagpur-all-india-institute-of-medical-sciences-2026--4534","job-listing","job-listing","83.79","357","316"
"https://www.searchsarkarinaukri.com/jobs/all-india-institute-of-medical-sciences-nagpur-all-india-institute-of-medical-sciences-2026--2652","https://www.searchsarkarinaukri.com/jobs/all-india-institute-of-medical-sciences-nagpur-all-india-institute-of-medical-sciences-2026--4534","job-listing","job-listing","83.79","357","316"
"https://www.searchsarkarinaukri.com/jobs/all-india-institute-of-medical-sciences-nagpur-all-india-institute-of-medical-sciences-2026--2936","https://www.searchsarkarinaukri.com/jobs/all-india-institute-of-medical-sciences-nagpur-all-india-institute-of-medical-sciences-2026--4534","job-listing","job-listing","83.79","357","316"
"https://www.searchsarkarinaukri.com/jobs/all-india-institute-of-medical-sciences-nagpur-all-india-institute-of-medical-sciences-2026--3244","https://www.searchsarkarinaukri.com/jobs/all-india-institute-of-medical-sciences-nagpur-all-india-institute-of-medical-sciences-2026--4534","job-listing","job-listing","83.79","357","316"
"https://www.searchsarkarinaukri.com/jobs/all-india-institute-of-medical-sciences-nagpur-all-india-institute-of-medical-sciences-2026--3521","https://www.searchsarkarinaukri.com/jobs/all-india-institute-of-medical-sciences-nagpur-all-india-institute-of-medical-sciences-2026--4534","job-listing","job-listing","83.79","357","316"
"https://www.searchsarkarinaukri.com/jobs/all-india-institute-of-medical-sciences-nagpur-all-india-institute-of-medical-sciences-2026--1896","https://www.searchsarkarinaukri.com/jobs/all-india-institute-of-medical-sciences-nagpur-all-india-institute-of-medical-sciences-2026--4534","job-listing","job-listing","83.79","357","316"
"https://www.searchsarkarinaukri.com/jobs/all-india-institute-of-medical-sciences-nagpur-all-india-institute-of-medical-sciences-2026--2264","https://www.searchsarkarinaukri.com/jobs/all-india-institute-of-medical-sciences-nagpur-all-india-institute-of-medical-sciences-2026--4534","job-listing","job-listing","83.79","357","316"
"https://www.searchsarkarinaukri.com/jobs/all-india-institute-of-medical-sciences-nagpur-all-india-institute-of-medical-sciences-2026--1961","https://www.searchsarkarinaukri.com/jobs/all-india-institute-of-medical-sciences-nagpur-all-india-institute-of-medical-sciences-2026--4584","job-listing","job-listing","83.79","357","316"
"https://www.searchsarkarinaukri.com/jobs/all-india-institute-of-medical-sciences-nagpur-all-india-institute-of-medical-sciences-2026--2313","https://www.searchsarkarinaukri.com/jobs/all-india-institute-of-medical-sciences-nagpur-all-india-institute-of-medical-sciences-2026--4584","job-listing","job-listing","83.79","357","316"
"https://www.searchsarkarinaukri.com/jobs/all-india-institute-of-medical-sciences-nagpur-all-india-institute-of-medical-sciences-2026--2652","https://www.searchsarkarinaukri.com/jobs/all-india-institute-of-medical-sciences-nagpur-all-india-institute-of-medical-sciences-2026--4584","job-listing","job-listing","83.79","357","316"
"https://www.searchsarkarinaukri.com/jobs/all-india-institute-of-medical-sciences-nagpur-all-india-institute-of-medical-sciences-2026--2936","https://www.searchsarkarinaukri.com/jobs/all-india-institute-of-medical-sciences-nagpur-all-india-institute-of-medical-sciences-2026--4584","job-listing","job-listing","83.79","357","316"
"https://www.searchsarkarinaukri.com/jobs/all-india-institute-of-medical-sciences-nagpur-all-india-institute-of-medical-sciences-2026--3244","https://www.searchsarkarinaukri.com/jobs/all-india-institute-of-medical-sciences-nagpur-all-india-institute-of-medical-sciences-2026--4584","job-listing","job-listing","83.79","357","316"
"https://www.searchsarkarinaukri.com/jobs/all-india-institute-of-medical-sciences-nagpur-all-india-institute-of-medical-sciences-2026--3521","https://www.searchsarkarinaukri.com/jobs/all-india-institute-of-medical-sciences-nagpur-all-india-institute-of-medical-sciences-2026--4584","job-listing","job-listing","83.79","357","316"
"https://www.searchsarkarinaukri.com/jobs/all-india-institute-of-medical-sciences-nagpur-all-india-institute-of-medical-sciences-2026--1896","https://www.searchsarkarinaukri.com/jobs/all-india-institute-of-medical-sciences-nagpur-all-india-institute-of-medical-sciences-2026--4584","job-listing","job-listing","83.79","357","316"
"https://www.searchsarkarinaukri.com/jobs/all-india-institute-of-medical-sciences-nagpur-all-india-institute-of-medical-sciences-2026--2264","https://www.searchsarkarinaukri.com/jobs/all-india-institute-of-medical-sciences-nagpur-all-india-institute-of-medical-sciences-2026--4584","job-listing","job-listing","83.79","357","316"
"https://www.searchsarkarinaukri.com/jobs/tifr-mumbai-tifr-mumbai-2026--2064","https://www.searchsarkarinaukri.com/jobs/tifr-mumbai-tifr-mumbai-2026--3894","job-listing","job-listing","83.78","247","247"
"https://www.searchsarkarinaukri.com/jobs/tifr-mumbai-tifr-mumbai-2026--2245","https://www.searchsarkarinaukri.com/jobs/tifr-mumbai-tifr-mumbai-2026--3894","job-listing","job-listing","83.78","247","247"
"https://www.searchsarkarinaukri.com/jobs/tifr-mumbai-tifr-mumbai-2026--2190","https://www.searchsarkarinaukri.com/jobs/tifr-mumbai-tifr-mumbai-2026--3894","job-listing","job-listing","83.78","247","247"
"https://www.searchsarkarinaukri.com/jobs/sail-rsp-trade-apprentice-aocp-recruitment-2026--4362","https://www.searchsarkarinaukri.com/jobs/sail-rsp-trade-apprentice-tool-die-maker-recruitment-2026--4367","job-listing","job-listing","83.77","242","241"
"https://www.searchsarkarinaukri.com/jobs/airports-authority-of-india-airports-authority-of-india-2026--2846","https://www.searchsarkarinaukri.com/jobs/airports-authority-of-india-airports-authority-of-india-2026--3473","job-listing","job-listing","83.74","347","309"
"https://www.searchsarkarinaukri.com/jobs/airports-authority-of-india-airports-authority-of-india-2026--2846","https://www.searchsarkarinaukri.com/jobs/airports-authority-of-india-airports-authority-of-india-2026--3787","job-listing","job-listing","83.74","347","309"
"https://www.searchsarkarinaukri.com/jobs/airports-authority-of-india-airports-authority-of-india-2026--2846","https://www.searchsarkarinaukri.com/jobs/airports-authority-of-india-airports-authority-of-india-2026--4383","job-listing","job-listing","83.74","347","309"
"https://www.searchsarkarinaukri.com/jobs/airports-authority-of-india-airports-authority-of-india-2026--2846","https://www.searchsarkarinaukri.com/jobs/airports-authority-of-india-airports-authority-of-india-2026--4671","job-listing","job-listing","83.74","347","309"
"https://www.searchsarkarinaukri.com/jobs/airports-authority-of-india-airports-authority-of-india-2026--2846","https://www.searchsarkarinaukri.com/jobs/airports-authority-of-india-airports-authority-of-india-2026--4529","job-listing","job-listing","83.74","347","309"
"https://www.searchsarkarinaukri.com/jobs/sgbau-amravati-sgbau-amravati-2026--3589","https://www.searchsarkarinaukri.com/jobs/sgbau-amravati-sgbau-amravati-2026--4380","job-listing","job-listing","83.74","310","276"
"https://www.searchsarkarinaukri.com/jobs/sgbau-amravati-sgbau-amravati-2026--3852","https://www.searchsarkarinaukri.com/jobs/sgbau-amravati-sgbau-amravati-2026--4380","job-listing","job-listing","83.74","310","276"
"https://www.searchsarkarinaukri.com/jobs/sgbau-amravati-sgbau-amravati-2026--4143","https://www.searchsarkarinaukri.com/jobs/sgbau-amravati-sgbau-amravati-2026--4380","job-listing","job-listing","83.74","310","276"
"https://www.searchsarkarinaukri.com/jobs/sgbau-amravati-sgbau-amravati-2026--3255","https://www.searchsarkarinaukri.com/jobs/sgbau-amravati-sgbau-amravati-2026--4380","job-listing","job-listing","83.74","310","276"
"https://www.searchsarkarinaukri.com/jobs/sgbau-amravati-sgbau-amravati-2026--3663","https://www.searchsarkarinaukri.com/jobs/sgbau-amravati-sgbau-amravati-2026--4380","job-listing","job-listing","83.74","310","276"
"https://www.searchsarkarinaukri.com/jobs/sgbau-amravati-sgbau-amravati-2026--3957","https://www.searchsarkarinaukri.com/jobs/sgbau-amravati-sgbau-amravati-2026--4380","job-listing","job-listing","83.74","310","276"
"https://www.searchsarkarinaukri.com/jobs/lit-nagpur-lit-nagpur-2026--2594","https://www.searchsarkarinaukri.com/jobs/lit-nagpur-lit-nagpur-2026--3167","job-listing","job-listing","83.73","239","240"
"https://www.searchsarkarinaukri.com/jobs/union-public-service-commission-civil-services-main-examination-2025-2026--1440","https://www.searchsarkarinaukri.com/jobs/union-public-service-commission-combined-geo-scientist-main-examination-2026-2026--1400","job-listing","job-listing","83.69","134","136"
"https://www.searchsarkarinaukri.com/jobs/union-public-service-commission-civil-services-preliminary-examination-2025-2026--1445","https://www.searchsarkarinaukri.com/jobs/union-public-service-commission-combined-geo-scientist-preliminary-examination-2026-2026--1402","job-listing","job-listing","83.69","134","136"
"https://www.searchsarkarinaukri.com/jobs/union-public-service-commission-civil-services-preliminary-examination-2026-2026--1434","https://www.searchsarkarinaukri.com/jobs/union-public-service-commission-combined-geo-scientist-preliminary-examination-2026-2026--1402","job-listing","job-listing","83.69","134","136"
"https://www.searchsarkarinaukri.com/jobs/union-public-service-commission-combined-geo-scientist-preliminary-examination-2026-2026--1402","https://www.searchsarkarinaukri.com/jobs/union-public-service-commission-combined-medical-services-examination-2026-2026--1429","job-listing","job-listing","83.69","136","134"
"https://www.searchsarkarinaukri.com/jobs/union-public-service-commission-combined-geo-scientist-main-examination-2026-2026--1400","https://www.searchsarkarinaukri.com/jobs/union-public-service-commission-combined-medical-services-examination-2026-2026--1429","job-listing","job-listing","83.69","136","134"
"https://www.searchsarkarinaukri.com/jobs/union-public-service-commission-civil-services-main-examination-2025-2026--1440","https://www.searchsarkarinaukri.com/jobs/union-public-service-commission-indian-forest-service-main-examination-2025-2026--1439","job-listing","job-listing","83.69","134","136"
"https://www.searchsarkarinaukri.com/jobs/sail-rsp-trade-apprentice-lacp-recruitment-2026--4436","https://www.searchsarkarinaukri.com/jobs/sail-rsp-trade-apprentice-mechanic-motor-vehicle-recruitment-2026--4438","job-listing","job-listing","83.66","267","269"
"https://www.searchsarkarinaukri.com/jobs/pune-district-education-association-pune-district-education-association-2026--2247","https://www.searchsarkarinaukri.com/jobs/pune-district-education-association-pune-district-education-association-2026--2716","job-listing","job-listing","83.64","261","261"
"https://www.searchsarkarinaukri.com/jobs/tiss-mumbai-tiss-mumbai-2026--1837","https://www.searchsarkarinaukri.com/jobs/tiss-mumbai-tiss-mumbai-2026--2646","job-listing","job-listing","83.64","262","262"
"https://www.searchsarkarinaukri.com/jobs/tiss-mumbai-tiss-mumbai-2026--2029","https://www.searchsarkarinaukri.com/jobs/tiss-mumbai-tiss-mumbai-2026--2646","job-listing","job-listing","83.64","262","262"
"https://www.searchsarkarinaukri.com/jobs/tiss-mumbai-tiss-mumbai-2026--1913","https://www.searchsarkarinaukri.com/jobs/tiss-mumbai-tiss-mumbai-2026--2646","job-listing","job-listing","83.64","262","262"
"https://www.searchsarkarinaukri.com/jobs/tiss-mumbai-tiss-mumbai-2026--1985","https://www.searchsarkarinaukri.com/jobs/tiss-mumbai-tiss-mumbai-2026--2646","job-listing","job-listing","83.64","262","262"
"https://www.searchsarkarinaukri.com/jobs/tiss-mumbai-tiss-mumbai-2026--1942","https://www.searchsarkarinaukri.com/jobs/tiss-mumbai-tiss-mumbai-2026--2646","job-listing","job-listing","83.64","262","262"
"https://www.searchsarkarinaukri.com/jobs/tiss-mumbai-tiss-mumbai-2026--2068","https://www.searchsarkarinaukri.com/jobs/tiss-mumbai-tiss-mumbai-2026--2646","job-listing","job-listing","83.64","262","262"
"https://www.searchsarkarinaukri.com/jobs/tiss-mumbai-tiss-mumbai-2026--2646","https://www.searchsarkarinaukri.com/jobs/tiss-mumbai-tiss-mumbai-2026--2318","job-listing","job-listing","83.64","262","262"
"https://www.searchsarkarinaukri.com/jobs/tiss-mumbai-tiss-mumbai-2026--2646","https://www.searchsarkarinaukri.com/jobs/tiss-mumbai-tiss-mumbai-2026--2263","job-listing","job-listing","83.64","262","262"
"https://www.searchsarkarinaukri.com/jobs/tiss-mumbai-tiss-mumbai-2026--1837","https://www.searchsarkarinaukri.com/jobs/tiss-mumbai-tiss-mumbai-2026--3022","job-listing","job-listing","83.64","262","262"
"https://www.searchsarkarinaukri.com/jobs/tiss-mumbai-tiss-mumbai-2026--2029","https://www.searchsarkarinaukri.com/jobs/tiss-mumbai-tiss-mumbai-2026--3022","job-listing","job-listing","83.64","262","262"
"https://www.searchsarkarinaukri.com/jobs/tiss-mumbai-tiss-mumbai-2026--1913","https://www.searchsarkarinaukri.com/jobs/tiss-mumbai-tiss-mumbai-2026--3022","job-listing","job-listing","83.64","262","262"
"https://www.searchsarkarinaukri.com/jobs/tiss-mumbai-tiss-mumbai-2026--1985","https://www.searchsarkarinaukri.com/jobs/tiss-mumbai-tiss-mumbai-2026--3022","job-listing","job-listing","83.64","262","262"
"https://www.searchsarkarinaukri.com/jobs/tiss-mumbai-tiss-mumbai-2026--2318","https://www.searchsarkarinaukri.com/jobs/tiss-mumbai-tiss-mumbai-2026--3022","job-listing","job-listing","83.64","262","262"
"https://www.searchsarkarinaukri.com/jobs/tiss-mumbai-tiss-mumbai-2026--2263","https://www.searchsarkarinaukri.com/jobs/tiss-mumbai-tiss-mumbai-2026--3022","job-listing","job-listing","83.64","262","262"
"https://www.searchsarkarinaukri.com/jobs/tiss-mumbai-tiss-mumbai-2026--1942","https://www.searchsarkarinaukri.com/jobs/tiss-mumbai-tiss-mumbai-2026--3022","job-listing","job-listing","83.64","262","262"
"https://www.searchsarkarinaukri.com/jobs/tiss-mumbai-tiss-mumbai-2026--2068","https://www.searchsarkarinaukri.com/jobs/tiss-mumbai-tiss-mumbai-2026--3022","job-listing","job-listing","83.64","262","262"
"https://www.searchsarkarinaukri.com/jobs/tiss-mumbai-tiss-mumbai-2026--1837","https://www.searchsarkarinaukri.com/jobs/tiss-mumbai-tiss-mumbai-2026--2878","job-listing","job-listing","83.64","262","262"
"https://www.searchsarkarinaukri.com/jobs/tiss-mumbai-tiss-mumbai-2026--2029","https://www.searchsarkarinaukri.com/jobs/tiss-mumbai-tiss-mumbai-2026--2878","job-listing","job-listing","83.64","262","262"
"https://www.searchsarkarinaukri.com/jobs/tiss-mumbai-tiss-mumbai-2026--1913","https://www.searchsarkarinaukri.com/jobs/tiss-mumbai-tiss-mumbai-2026--2878","job-listing","job-listing","83.64","262","262"
"https://www.searchsarkarinaukri.com/jobs/tiss-mumbai-tiss-mumbai-2026--1985","https://www.searchsarkarinaukri.com/jobs/tiss-mumbai-tiss-mumbai-2026--2878","job-listing","job-listing","83.64","262","262"
"https://www.searchsarkarinaukri.com/jobs/tiss-mumbai-tiss-mumbai-2026--2318","https://www.searchsarkarinaukri.com/jobs/tiss-mumbai-tiss-mumbai-2026--2878","job-listing","job-listing","83.64","262","262"
"https://www.searchsarkarinaukri.com/jobs/tiss-mumbai-tiss-mumbai-2026--2263","https://www.searchsarkarinaukri.com/jobs/tiss-mumbai-tiss-mumbai-2026--2878","job-listing","job-listing","83.64","262","262"
"https://www.searchsarkarinaukri.com/jobs/tiss-mumbai-tiss-mumbai-2026--1942","https://www.searchsarkarinaukri.com/jobs/tiss-mumbai-tiss-mumbai-2026--2878","job-listing","job-listing","83.64","262","262"
"https://www.searchsarkarinaukri.com/jobs/tiss-mumbai-tiss-mumbai-2026--2068","https://www.searchsarkarinaukri.com/jobs/tiss-mumbai-tiss-mumbai-2026--2878","job-listing","job-listing","83.64","262","262"
"https://www.searchsarkarinaukri.com/jobs/tiss-mumbai-tiss-mumbai-2026--1837","https://www.searchsarkarinaukri.com/jobs/tiss-mumbai-tiss-mumbai-2026--3403","job-listing","job-listing","83.64","262","262"
"https://www.searchsarkarinaukri.com/jobs/tiss-mumbai-tiss-mumbai-2026--2029","https://www.searchsarkarinaukri.com/jobs/tiss-mumbai-tiss-mumbai-2026--3403","job-listing","job-listing","83.64","262","262"
"https://www.searchsarkarinaukri.com/jobs/tiss-mumbai-tiss-mumbai-2026--1913","https://www.searchsarkarinaukri.com/jobs/tiss-mumbai-tiss-mumbai-2026--3403","job-listing","job-listing","83.64","262","262"
"https://www.searchsarkarinaukri.com/jobs/tiss-mumbai-tiss-mumbai-2026--1985","https://www.searchsarkarinaukri.com/jobs/tiss-mumbai-tiss-mumbai-2026--3403","job-listing","job-listing","83.64","262","262"
"https://www.searchsarkarinaukri.com/jobs/tiss-mumbai-tiss-mumbai-2026--2646","https://www.searchsarkarinaukri.com/jobs/tiss-mumbai-tiss-mumbai-2026--3403","job-listing","job-listing","83.64","262","262"
"https://www.searchsarkarinaukri.com/jobs/tiss-mumbai-tiss-mumbai-2026--2318","https://www.searchsarkarinaukri.com/jobs/tiss-mumbai-tiss-mumbai-2026--3403","job-listing","job-listing","83.64","262","262"
"https://www.searchsarkarinaukri.com/jobs/tiss-mumbai-tiss-mumbai-2026--2263","https://www.searchsarkarinaukri.com/jobs/tiss-mumbai-tiss-mumbai-2026--3403","job-listing","job-listing","83.64","262","262"
"https://www.searchsarkarinaukri.com/jobs/tiss-mumbai-tiss-mumbai-2026--3022","https://www.searchsarkarinaukri.com/jobs/tiss-mumbai-tiss-mumbai-2026--3403","job-listing","job-listing","83.64","262","262"
"https://www.searchsarkarinaukri.com/jobs/tiss-mumbai-tiss-mumbai-2026--2878","https://www.searchsarkarinaukri.com/jobs/tiss-mumbai-tiss-mumbai-2026--3403","job-listing","job-listing","83.64","262","262"
"https://www.searchsarkarinaukri.com/jobs/tiss-mumbai-tiss-mumbai-2026--1942","https://www.searchsarkarinaukri.com/jobs/tiss-mumbai-tiss-mumbai-2026--3403","job-listing","job-listing","83.64","262","262"
"https://www.searchsarkarinaukri.com/jobs/tiss-mumbai-tiss-mumbai-2026--2068","https://www.searchsarkarinaukri.com/jobs/tiss-mumbai-tiss-mumbai-2026--3403","job-listing","job-listing","83.64","262","262"
"https://www.searchsarkarinaukri.com/jobs/tiss-mumbai-tiss-mumbai-2026--1837","https://www.searchsarkarinaukri.com/jobs/tiss-mumbai-tiss-mumbai-2026--3082","job-listing","job-listing","83.64","262","262"
"https://www.searchsarkarinaukri.com/jobs/tiss-mumbai-tiss-mumbai-2026--1913","https://www.searchsarkarinaukri.com/jobs/tiss-mumbai-tiss-mumbai-2026--3082","job-listing","job-listing","83.64","262","262"
"https://www.searchsarkarinaukri.com/jobs/tiss-mumbai-tiss-mumbai-2026--1942","https://www.searchsarkarinaukri.com/jobs/tiss-mumbai-tiss-mumbai-2026--3082","job-listing","job-listing","83.64","262","262"
"https://www.searchsarkarinaukri.com/jobs/tiss-mumbai-tiss-mumbai-2026--2068","https://www.searchsarkarinaukri.com/jobs/tiss-mumbai-tiss-mumbai-2026--3082","job-listing","job-listing","83.64","262","262"
"https://www.searchsarkarinaukri.com/jobs/tiss-mumbai-tiss-mumbai-2026--2318","https://www.searchsarkarinaukri.com/jobs/tiss-mumbai-tiss-mumbai-2026--3082","job-listing","job-listing","83.64","262","262"
"https://www.searchsarkarinaukri.com/jobs/tiss-mumbai-tiss-mumbai-2026--3403","https://www.searchsarkarinaukri.com/jobs/tiss-mumbai-tiss-mumbai-2026--3082","job-listing","job-listing","83.64","262","262"
"https://www.searchsarkarinaukri.com/jobs/tiss-mumbai-tiss-mumbai-2026--2029","https://www.searchsarkarinaukri.com/jobs/tiss-mumbai-tiss-mumbai-2026--3082","job-listing","job-listing","83.64","262","262"
"https://www.searchsarkarinaukri.com/jobs/tiss-mumbai-tiss-mumbai-2026--1985","https://www.searchsarkarinaukri.com/jobs/tiss-mumbai-tiss-mumbai-2026--3082","job-listing","job-listing","83.64","262","262"
"https://www.searchsarkarinaukri.com/jobs/tiss-mumbai-tiss-mumbai-2026--2263","https://www.searchsarkarinaukri.com/jobs/tiss-mumbai-tiss-mumbai-2026--3082","job-listing","job-listing","83.64","262","262"
"https://www.searchsarkarinaukri.com/jobs/tiss-mumbai-tiss-mumbai-2026--1837","https://www.searchsarkarinaukri.com/jobs/tiss-mumbai-tiss-mumbai-2026--4264","job-listing","job-listing","83.64","262","262"
"https://www.searchsarkarinaukri.com/jobs/tiss-mumbai-tiss-mumbai-2026--2029","https://www.searchsarkarinaukri.com/jobs/tiss-mumbai-tiss-mumbai-2026--4264","job-listing","job-listing","83.64","262","262"
"https://www.searchsarkarinaukri.com/jobs/tiss-mumbai-tiss-mumbai-2026--1913","https://www.searchsarkarinaukri.com/jobs/tiss-mumbai-tiss-mumbai-2026--4264","job-listing","job-listing","83.64","262","262"
"https://www.searchsarkarinaukri.com/jobs/tiss-mumbai-tiss-mumbai-2026--1985","https://www.searchsarkarinaukri.com/jobs/tiss-mumbai-tiss-mumbai-2026--4264","job-listing","job-listing","83.64","262","262"
"https://www.searchsarkarinaukri.com/jobs/tiss-mumbai-tiss-mumbai-2026--2646","https://www.searchsarkarinaukri.com/jobs/tiss-mumbai-tiss-mumbai-2026--4264","job-listing","job-listing","83.64","262","262"
"https://www.searchsarkarinaukri.com/jobs/tiss-mumbai-tiss-mumbai-2026--2318","https://www.searchsarkarinaukri.com/jobs/tiss-mumbai-tiss-mumbai-2026--4264","job-listing","job-listing","83.64","262","262"
"https://www.searchsarkarinaukri.com/jobs/tiss-mumbai-tiss-mumbai-2026--2263","https://www.searchsarkarinaukri.com/jobs/tiss-mumbai-tiss-mumbai-2026--4264","job-listing","job-listing","83.64","262","262"
"https://www.searchsarkarinaukri.com/jobs/tiss-mumbai-tiss-mumbai-2026--3022","https://www.searchsarkarinaukri.com/jobs/tiss-mumbai-tiss-mumbai-2026--4264","job-listing","job-listing","83.64","262","262"
"https://www.searchsarkarinaukri.com/jobs/tiss-mumbai-tiss-mumbai-2026--2878","https://www.searchsarkarinaukri.com/jobs/tiss-mumbai-tiss-mumbai-2026--4264","job-listing","job-listing","83.64","262","262"
"https://www.searchsarkarinaukri.com/jobs/tiss-mumbai-tiss-mumbai-2026--2068","https://www.searchsarkarinaukri.com/jobs/tiss-mumbai-tiss-mumbai-2026--4264","job-listing","job-listing","83.64","262","262"
"https://www.searchsarkarinaukri.com/jobs/tiss-mumbai-tiss-mumbai-2026--1942","https://www.searchsarkarinaukri.com/jobs/tiss-mumbai-tiss-mumbai-2026--4264","job-listing","job-listing","83.64","262","262"
"https://www.searchsarkarinaukri.com/jobs/tiss-mumbai-tiss-mumbai-2026--3082","https://www.searchsarkarinaukri.com/jobs/tiss-mumbai-tiss-mumbai-2026--4264","job-listing","job-listing","83.64","262","262"
"https://www.searchsarkarinaukri.com/jobs/tiss-mumbai-tiss-mumbai-2026--1837","https://www.searchsarkarinaukri.com/jobs/tiss-mumbai-tiss-mumbai-2026--3910","job-listing","job-listing","83.64","262","262"
"https://www.searchsarkarinaukri.com/jobs/tiss-mumbai-tiss-mumbai-2026--2029","https://www.searchsarkarinaukri.com/jobs/tiss-mumbai-tiss-mumbai-2026--3910","job-listing","job-listing","83.64","262","262"
"https://www.searchsarkarinaukri.com/jobs/tiss-mumbai-tiss-mumbai-2026--1913","https://www.searchsarkarinaukri.com/jobs/tiss-mumbai-tiss-mumbai-2026--3910","job-listing","job-listing","83.64","262","262"
"https://www.searchsarkarinaukri.com/jobs/tiss-mumbai-tiss-mumbai-2026--1985","https://www.searchsarkarinaukri.com/jobs/tiss-mumbai-tiss-mumbai-2026--3910","job-listing","job-listing","83.64","262","262"
"https://www.searchsarkarinaukri.com/jobs/tiss-mumbai-tiss-mumbai-2026--2646","https://www.searchsarkarinaukri.com/jobs/tiss-mumbai-tiss-mumbai-2026--3910","job-listing","job-listing","83.64","262","262"
"https://www.searchsarkarinaukri.com/jobs/tiss-mumbai-tiss-mumbai-2026--2318","https://www.searchsarkarinaukri.com/jobs/tiss-mumbai-tiss-mumbai-2026--3910","job-listing","job-listing","83.64","262","262"
"https://www.searchsarkarinaukri.com/jobs/tiss-mumbai-tiss-mumbai-2026--2263","https://www.searchsarkarinaukri.com/jobs/tiss-mumbai-tiss-mumbai-2026--3910","job-listing","job-listing","83.64","262","262"
"https://www.searchsarkarinaukri.com/jobs/tiss-mumbai-tiss-mumbai-2026--3022","https://www.searchsarkarinaukri.com/jobs/tiss-mumbai-tiss-mumbai-2026--3910","job-listing","job-listing","83.64","262","262"
"https://www.searchsarkarinaukri.com/jobs/tiss-mumbai-tiss-mumbai-2026--2878","https://www.searchsarkarinaukri.com/jobs/tiss-mumbai-tiss-mumbai-2026--3910","job-listing","job-listing","83.64","262","262"
"https://www.searchsarkarinaukri.com/jobs/tiss-mumbai-tiss-mumbai-2026--2068","https://www.searchsarkarinaukri.com/jobs/tiss-mumbai-tiss-mumbai-2026--3910","job-listing","job-listing","83.64","262","262"
"https://www.searchsarkarinaukri.com/jobs/tiss-mumbai-tiss-mumbai-2026--1942","https://www.searchsarkarinaukri.com/jobs/tiss-mumbai-tiss-mumbai-2026--3910","job-listing","job-listing","83.64","262","262"
"https://www.searchsarkarinaukri.com/jobs/tiss-mumbai-tiss-mumbai-2026--3082","https://www.searchsarkarinaukri.com/jobs/tiss-mumbai-tiss-mumbai-2026--3910","job-listing","job-listing","83.64","262","262"
"https://www.searchsarkarinaukri.com/jobs/vmgmc-solapur-vmgmc-solapur-2026--4076","https://www.searchsarkarinaukri.com/jobs/vmgmc-solapur-vmgmc-solapur-2026--4210","job-listing","job-listing","83.60","233","234"
"https://www.searchsarkarinaukri.com/jobs/army-law-college-pune-army-law-college-pune-2026--3593","https://www.searchsarkarinaukri.com/jobs/army-law-college-pune-army-law-college-pune-2026--2279","job-listing","job-listing","83.59","242","242"
"https://www.searchsarkarinaukri.com/jobs/airports-economic-regulatory-authority-of-india-airports-economic-regulatory-authority-of-india-2026--1898","https://www.searchsarkarinaukri.com/jobs/airports-economic-regulatory-authority-of-india-airports-economic-regulatory-authority-of-india-2026--3652","job-listing","job-listing","83.58","269","269"
"https://www.searchsarkarinaukri.com/jobs/national-thermal-power-corporation-limited-national-thermal-power-corporation-limited-2026--1965","https://www.searchsarkarinaukri.com/jobs/national-thermal-power-corporation-limited-national-thermal-power-corporation-limited-2026--2339","job-listing","job-listing","83.58","265","265"
"https://www.searchsarkarinaukri.com/jobs/national-thermal-power-corporation-limited-national-thermal-power-corporation-limited-2026--1965","https://www.searchsarkarinaukri.com/jobs/national-thermal-power-corporation-limited-national-thermal-power-corporation-limited-2026--2539","job-listing","job-listing","83.58","265","265"
"https://www.searchsarkarinaukri.com/jobs/national-thermal-power-corporation-limited-national-thermal-power-corporation-limited-2026--1965","https://www.searchsarkarinaukri.com/jobs/national-thermal-power-corporation-limited-national-thermal-power-corporation-limited-2026--4214","job-listing","job-listing","83.58","265","265"
"https://www.searchsarkarinaukri.com/jobs/national-thermal-power-corporation-limited-national-thermal-power-corporation-limited-2026--2339","https://www.searchsarkarinaukri.com/jobs/national-thermal-power-corporation-limited-national-thermal-power-corporation-limited-2026--4214","job-listing","job-listing","83.58","265","265"
"https://www.searchsarkarinaukri.com/jobs/national-thermal-power-corporation-limited-national-thermal-power-corporation-limited-2026--1965","https://www.searchsarkarinaukri.com/jobs/national-thermal-power-corporation-limited-national-thermal-power-corporation-limited-2026--3405","job-listing","job-listing","83.58","265","265"
"https://www.searchsarkarinaukri.com/jobs/national-thermal-power-corporation-limited-national-thermal-power-corporation-limited-2026--4214","https://www.searchsarkarinaukri.com/jobs/national-thermal-power-corporation-limited-national-thermal-power-corporation-limited-2026--3405","job-listing","job-listing","83.58","265","265"
"https://www.searchsarkarinaukri.com/jobs/sail-rsp-graduate-apprentice-electronics-communication-recruitment-2026--4457","https://www.searchsarkarinaukri.com/jobs/sail-rsp-graduate-apprentice-production-recruitment-2026--4459","job-listing","job-listing","83.58","289","284"
"https://www.searchsarkarinaukri.com/news/291756","https://www.searchsarkarinaukri.com/news/291760","news","news","83.53","93","93"
"https://www.searchsarkarinaukri.com/news/291757","https://www.searchsarkarinaukri.com/news/291760","news","news","83.53","93","93"
"https://www.searchsarkarinaukri.com/news/291755","https://www.searchsarkarinaukri.com/news/291762","news","news","83.53","93","93"
"https://www.searchsarkarinaukri.com/news/291756","https://www.searchsarkarinaukri.com/news/291762","news","news","83.53","93","93"
"https://www.searchsarkarinaukri.com/news/291757","https://www.searchsarkarinaukri.com/news/291761","news","news","83.53","93","93"
"https://www.searchsarkarinaukri.com/news/291755","https://www.searchsarkarinaukri.com/news/291761","news","news","83.53","93","93"
"https://www.searchsarkarinaukri.com/jobs/sail-rsp-graduate-apprentice-electronics-communication-recruitment-2026--4457","https://www.searchsarkarinaukri.com/jobs/sail-rsp-graduate-apprentice-electronics-instrumentation-recruitment-2026--4458","job-listing","job-listing","83.52","289","290"
"https://www.searchsarkarinaukri.com/jobs/echs-goa-echs-goa-2026--2282","https://www.searchsarkarinaukri.com/jobs/echs-goa-echs-goa-2026--4152","job-listing","job-listing","83.46","244","244"
"https://www.searchsarkarinaukri.com/jobs/gmc-raigad-gmc-raigad-2026--2658","https://www.searchsarkarinaukri.com/jobs/gmc-raigad-gmc-raigad-2026--2873","job-listing","job-listing","83.46","244","242"
"https://www.searchsarkarinaukri.com/jobs/iiser-pune-iiser-pune-2026--2385","https://www.searchsarkarinaukri.com/jobs/iiser-pune-iiser-pune-2026--4083","job-listing","job-listing","83.40","240","240"
"https://www.searchsarkarinaukri.com/jobs/iiser-pune-iiser-pune-2026--1929","https://www.searchsarkarinaukri.com/jobs/iiser-pune-iiser-pune-2026--4156","job-listing","job-listing","83.40","240","240"
"https://www.searchsarkarinaukri.com/jobs/iiser-pune-iiser-pune-2026--1929","https://www.searchsarkarinaukri.com/jobs/iiser-pune-iiser-pune-2026--4272","job-listing","job-listing","83.40","240","240"
"https://www.searchsarkarinaukri.com/jobs/nkgsb-co-op-bank-nkgsb-co-op-bank-2026--1758","https://www.searchsarkarinaukri.com/jobs/nkgsb-co-op-bank-nkgsb-co-op-bank-2026--2227","job-listing","job-listing","83.40","235","234"
"https://www.searchsarkarinaukri.com/jobs/sndt-women-university-mumbai-sndt-women-university-mumbai-2026--1995","https://www.searchsarkarinaukri.com/jobs/sndt-women-university-mumbai-sndt-women-university-mumbai-2026--3897","job-listing","job-listing","83.40","239","239"
"https://www.searchsarkarinaukri.com/jobs/sndt-women-university-mumbai-sndt-women-university-mumbai-2026--1844","https://www.searchsarkarinaukri.com/jobs/sndt-women-university-mumbai-sndt-women-university-mumbai-2026--3897","job-listing","job-listing","83.40","239","239"
"https://www.searchsarkarinaukri.com/jobs/balmer-lawrie-and-company-limited-assistant-manager-mice-govt-and-psu-2026--1615","https://www.searchsarkarinaukri.com/jobs/balmer-lawrie-and-company-limited-manager-key-account-manager-2026--1606","job-listing","job-listing","83.33","207","203"
"https://www.searchsarkarinaukri.com/jobs/icar-iari-icar-iari-2026--1928","https://www.searchsarkarinaukri.com/jobs/icar-iari-icar-iari-2026--2499","job-listing","job-listing","83.33","264","264"
"https://www.searchsarkarinaukri.com/jobs/icar-iari-icar-iari-2026--1928","https://www.searchsarkarinaukri.com/jobs/icar-iari-icar-iari-2026--2832","job-listing","job-listing","83.33","264","264"
"https://www.searchsarkarinaukri.com/jobs/maharashtra-education-society-pune-maharashtra-education-society-pune-2026--2025","https://www.searchsarkarinaukri.com/jobs/maharashtra-education-society-pune-maharashtra-education-society-pune-2026--2399","job-listing","job-listing","83.33","250","250"
"https://www.searchsarkarinaukri.com/jobs/maharashtra-education-society-pune-maharashtra-education-society-pune-2026--2399","https://www.searchsarkarinaukri.com/jobs/maharashtra-education-society-pune-maharashtra-education-society-pune-2026--2149","job-listing","job-listing","83.33","250","250"
"https://www.searchsarkarinaukri.com/jobs/maharashtra-education-society-pune-maharashtra-education-society-pune-2026--2025","https://www.searchsarkarinaukri.com/jobs/maharashtra-education-society-pune-maharashtra-education-society-pune-2026--2626","job-listing","job-listing","83.33","250","250"
"https://www.searchsarkarinaukri.com/jobs/maharashtra-education-society-pune-maharashtra-education-society-pune-2026--2149","https://www.searchsarkarinaukri.com/jobs/maharashtra-education-society-pune-maharashtra-education-society-pune-2026--2626","job-listing","job-listing","83.33","250","250"
"https://www.searchsarkarinaukri.com/jobs/maharashtra-education-society-pune-maharashtra-education-society-pune-2026--2025","https://www.searchsarkarinaukri.com/jobs/maharashtra-education-society-pune-maharashtra-education-society-pune-2026--4426","job-listing","job-listing","83.33","250","250"
"https://www.searchsarkarinaukri.com/jobs/maharashtra-education-society-pune-maharashtra-education-society-pune-2026--2149","https://www.searchsarkarinaukri.com/jobs/maharashtra-education-society-pune-maharashtra-education-society-pune-2026--4426","job-listing","job-listing","83.33","250","250"
"https://www.searchsarkarinaukri.com/jobs/maharashtra-education-society-pune-maharashtra-education-society-pune-2026--2626","https://www.searchsarkarinaukri.com/jobs/maharashtra-education-society-pune-maharashtra-education-society-pune-2026--4426","job-listing","job-listing","83.33","250","250"
"https://www.searchsarkarinaukri.com/jobs/maharashtra-education-society-pune-maharashtra-education-society-pune-2026--2399","https://www.searchsarkarinaukri.com/jobs/maharashtra-education-society-pune-maharashtra-education-society-pune-2026--4426","job-listing","job-listing","83.33","250","250"
"https://www.searchsarkarinaukri.com/jobs/national-disaster-management-authority-deputation-for-the-post-of-senior-2026--1652","https://www.searchsarkarinaukri.com/jobs/national-disaster-management-authority-deputation-for-the-post-of-senior-2026--1656","job-listing","job-listing","83.33","141","143"
"https://www.searchsarkarinaukri.com/jobs/panjabrao-deshmukh-krishi-vidyapeeth-akola-panjabrao-deshmukh-krishi-vidyapeeth-akola-2026--1754","https://www.searchsarkarinaukri.com/jobs/panjabrao-deshmukh-krishi-vidyapeeth-akola-panjabrao-deshmukh-krishi-vidyapeeth-akola-2026--3532","job-listing","job-listing","83.33","252","252"
"https://www.searchsarkarinaukri.com/jobs/panjabrao-deshmukh-krishi-vidyapeeth-akola-panjabrao-deshmukh-krishi-vidyapeeth-akola-2026--1975","https://www.searchsarkarinaukri.com/jobs/panjabrao-deshmukh-krishi-vidyapeeth-akola-panjabrao-deshmukh-krishi-vidyapeeth-akola-2026--3532","job-listing","job-listing","83.33","252","252"
"https://www.searchsarkarinaukri.com/jobs/panjabrao-deshmukh-krishi-vidyapeeth-akola-panjabrao-deshmukh-krishi-vidyapeeth-akola-2026--1754","https://www.searchsarkarinaukri.com/jobs/panjabrao-deshmukh-krishi-vidyapeeth-akola-panjabrao-deshmukh-krishi-vidyapeeth-akola-2026--3718","job-listing","job-listing","83.33","252","252"
"https://www.searchsarkarinaukri.com/jobs/panjabrao-deshmukh-krishi-vidyapeeth-akola-panjabrao-deshmukh-krishi-vidyapeeth-akola-2026--1944","https://www.searchsarkarinaukri.com/jobs/panjabrao-deshmukh-krishi-vidyapeeth-akola-panjabrao-deshmukh-krishi-vidyapeeth-akola-2026--3718","job-listing","job-listing","83.33","252","252"
"https://www.searchsarkarinaukri.com/jobs/panjabrao-deshmukh-krishi-vidyapeeth-akola-panjabrao-deshmukh-krishi-vidyapeeth-akola-2026--1975","https://www.searchsarkarinaukri.com/jobs/panjabrao-deshmukh-krishi-vidyapeeth-akola-panjabrao-deshmukh-krishi-vidyapeeth-akola-2026--3718","job-listing","job-listing","83.33","252","252"
"https://www.searchsarkarinaukri.com/jobs/panjabrao-deshmukh-krishi-vidyapeeth-akola-panjabrao-deshmukh-krishi-vidyapeeth-akola-2026--1754","https://www.searchsarkarinaukri.com/jobs/panjabrao-deshmukh-krishi-vidyapeeth-akola-panjabrao-deshmukh-krishi-vidyapeeth-akola-2026--4213","job-listing","job-listing","83.33","252","252"
"https://www.searchsarkarinaukri.com/jobs/panjabrao-deshmukh-krishi-vidyapeeth-akola-panjabrao-deshmukh-krishi-vidyapeeth-akola-2026--1944","https://www.searchsarkarinaukri.com/jobs/panjabrao-deshmukh-krishi-vidyapeeth-akola-panjabrao-deshmukh-krishi-vidyapeeth-akola-2026--4213","job-listing","job-listing","83.33","252","252"
"https://www.searchsarkarinaukri.com/jobs/panjabrao-deshmukh-krishi-vidyapeeth-akola-panjabrao-deshmukh-krishi-vidyapeeth-akola-2026--1975","https://www.searchsarkarinaukri.com/jobs/panjabrao-deshmukh-krishi-vidyapeeth-akola-panjabrao-deshmukh-krishi-vidyapeeth-akola-2026--4213","job-listing","job-listing","83.33","252","252"
"https://www.searchsarkarinaukri.com/jobs/sail-rsp-diploma-graduate-apprentice-eee-recruitment-2026--4450","https://www.searchsarkarinaukri.com/jobs/sail-rsp-diploma-graduate-apprentice-electronics-telecommunication-recruitment-2026--4454","job-listing","job-listing","83.33","297","298"
"https://www.searchsarkarinaukri.com/jobs/balmer-lawrie-and-company-limited-deputy-manager-key-account-manager-2026--1605","https://www.searchsarkarinaukri.com/jobs/balmer-lawrie-and-company-limited-manager-creative-and-design-2026--1612","job-listing","job-listing","83.25","199","197"
"https://www.searchsarkarinaukri.com/jobs/north-east-frontier-railway-north-east-frontier-railway-2026--2237","https://www.searchsarkarinaukri.com/jobs/north-east-frontier-railway-north-east-frontier-railway-2026--3133","job-listing","job-listing","83.19","227","227"
"https://www.searchsarkarinaukri.com/jobs/union-bank-of-india-disaster-management-professional-recruitment-2026--4398","https://www.searchsarkarinaukri.com/jobs/union-bank-of-india-disaster-management-professional-recruitment-2026--4399","job-listing","job-listing","83.18","201","199"
"https://www.searchsarkarinaukri.com/jobs/ari-pune-ari-pune-2026--2023","https://www.searchsarkarinaukri.com/jobs/ari-pune-ari-pune-2026--3077","job-listing","job-listing","83.13","238","238"
"https://www.searchsarkarinaukri.com/jobs/ari-pune-ari-pune-2026--2234","https://www.searchsarkarinaukri.com/jobs/ari-pune-ari-pune-2026--3077","job-listing","job-listing","83.13","238","238"
"https://www.searchsarkarinaukri.com/jobs/ari-pune-ari-pune-2026--2158","https://www.searchsarkarinaukri.com/jobs/ari-pune-ari-pune-2026--3077","job-listing","job-listing","83.13","238","238"
"https://www.searchsarkarinaukri.com/jobs/barc-mumbai-barc-mumbai-2026--2462","https://www.searchsarkarinaukri.com/jobs/barc-mumbai-barc-mumbai-2026--3220","job-listing","job-listing","83.13","238","238"
"https://www.searchsarkarinaukri.com/jobs/hindustan-aeronautics-limited-hindustan-aeronautics-limited-2026--1706","https://www.searchsarkarinaukri.com/jobs/hindustan-aeronautics-limited-hindustan-aeronautics-limited-2026--2939","job-listing","job-listing","83.12","221","221"
"https://www.searchsarkarinaukri.com/jobs/union-public-service-commission-combined-geo-scientist-main-examination-2026-2026--1400","https://www.searchsarkarinaukri.com/jobs/union-public-service-commission-indian-forest-service-main-examination-2025-2026--1439","job-listing","job-listing","83.10","136","136"
"https://www.searchsarkarinaukri.com/jobs/mumbai-port-trust-mumbai-port-trust-2026--1731","https://www.searchsarkarinaukri.com/jobs/mumbai-port-trust-mumbai-port-trust-2026--3076","job-listing","job-listing","83.09","315","285"
"https://www.searchsarkarinaukri.com/jobs/mumbai-port-trust-mumbai-port-trust-2026--1883","https://www.searchsarkarinaukri.com/jobs/mumbai-port-trust-mumbai-port-trust-2026--3076","job-listing","job-listing","83.09","315","285"
"https://www.searchsarkarinaukri.com/jobs/mumbai-port-trust-mumbai-port-trust-2026--2045","https://www.searchsarkarinaukri.com/jobs/mumbai-port-trust-mumbai-port-trust-2026--3076","job-listing","job-listing","83.09","315","285"
"https://www.searchsarkarinaukri.com/jobs/mumbai-port-trust-mumbai-port-trust-2026--1731","https://www.searchsarkarinaukri.com/jobs/mumbai-port-trust-mumbai-port-trust-2026--4155","job-listing","job-listing","83.09","315","285"
"https://www.searchsarkarinaukri.com/jobs/mumbai-port-trust-mumbai-port-trust-2026--1883","https://www.searchsarkarinaukri.com/jobs/mumbai-port-trust-mumbai-port-trust-2026--4155","job-listing","job-listing","83.09","315","285"
"https://www.searchsarkarinaukri.com/jobs/mumbai-port-trust-mumbai-port-trust-2026--2045","https://www.searchsarkarinaukri.com/jobs/mumbai-port-trust-mumbai-port-trust-2026--4155","job-listing","job-listing","83.09","315","285"
"https://www.searchsarkarinaukri.com/jobs/mumbai-port-trust-mumbai-port-trust-2026--1731","https://www.searchsarkarinaukri.com/jobs/mumbai-port-trust-mumbai-port-trust-2026--4273","job-listing","job-listing","83.09","315","285"
"https://www.searchsarkarinaukri.com/jobs/mumbai-port-trust-mumbai-port-trust-2026--1883","https://www.searchsarkarinaukri.com/jobs/mumbai-port-trust-mumbai-port-trust-2026--4273","job-listing","job-listing","83.09","315","285"
"https://www.searchsarkarinaukri.com/jobs/mumbai-port-trust-mumbai-port-trust-2026--2045","https://www.searchsarkarinaukri.com/jobs/mumbai-port-trust-mumbai-port-trust-2026--4273","job-listing","job-listing","83.09","315","285"
"https://www.searchsarkarinaukri.com/jobs/mumbai-port-trust-mumbai-port-trust-2026--1731","https://www.searchsarkarinaukri.com/jobs/mumbai-port-trust-mumbai-port-trust-2026--4674","job-listing","job-listing","83.09","315","285"
"https://www.searchsarkarinaukri.com/jobs/mumbai-port-trust-mumbai-port-trust-2026--1883","https://www.searchsarkarinaukri.com/jobs/mumbai-port-trust-mumbai-port-trust-2026--4674","job-listing","job-listing","83.09","315","285"
"https://www.searchsarkarinaukri.com/jobs/mumbai-port-trust-mumbai-port-trust-2026--2045","https://www.searchsarkarinaukri.com/jobs/mumbai-port-trust-mumbai-port-trust-2026--4674","job-listing","job-listing","83.09","315","285"
"https://www.searchsarkarinaukri.com/jobs/iips-mumbai-iips-mumbai-2026--2063","https://www.searchsarkarinaukri.com/jobs/iips-mumbai-iips-mumbai-2026--2653","job-listing","job-listing","83.08","242","242"
"https://www.searchsarkarinaukri.com/jobs/iips-mumbai-iips-mumbai-2026--1715","https://www.searchsarkarinaukri.com/jobs/iips-mumbai-iips-mumbai-2026--2653","job-listing","job-listing","83.08","242","242"
"https://www.searchsarkarinaukri.com/jobs/iips-mumbai-iips-mumbai-2026--2243","https://www.searchsarkarinaukri.com/jobs/iips-mumbai-iips-mumbai-2026--2653","job-listing","job-listing","83.08","242","242"
"https://www.searchsarkarinaukri.com/jobs/iips-mumbai-iips-mumbai-2026--2133","https://www.searchsarkarinaukri.com/jobs/iips-mumbai-iips-mumbai-2026--2653","job-listing","job-listing","83.08","242","242"
"https://www.searchsarkarinaukri.com/jobs/iips-mumbai-iips-mumbai-2026--2653","https://www.searchsarkarinaukri.com/jobs/iips-mumbai-iips-mumbai-2026--2393","job-listing","job-listing","83.08","242","242"
"https://www.searchsarkarinaukri.com/jobs/iips-mumbai-iips-mumbai-2026--2063","https://www.searchsarkarinaukri.com/jobs/iips-mumbai-iips-mumbai-2026--2987","job-listing","job-listing","83.08","242","242"
"https://www.searchsarkarinaukri.com/jobs/iips-mumbai-iips-mumbai-2026--1715","https://www.searchsarkarinaukri.com/jobs/iips-mumbai-iips-mumbai-2026--2987","job-listing","job-listing","83.08","242","242"
"https://www.searchsarkarinaukri.com/jobs/iips-mumbai-iips-mumbai-2026--2243","https://www.searchsarkarinaukri.com/jobs/iips-mumbai-iips-mumbai-2026--2987","job-listing","job-listing","83.08","242","242"
"https://www.searchsarkarinaukri.com/jobs/iips-mumbai-iips-mumbai-2026--2393","https://www.searchsarkarinaukri.com/jobs/iips-mumbai-iips-mumbai-2026--2987","job-listing","job-listing","83.08","242","242"
"https://www.searchsarkarinaukri.com/jobs/iips-mumbai-iips-mumbai-2026--2133","https://www.searchsarkarinaukri.com/jobs/iips-mumbai-iips-mumbai-2026--2987","job-listing","job-listing","83.08","242","242"
"https://www.searchsarkarinaukri.com/jobs/iips-mumbai-iips-mumbai-2026--2063","https://www.searchsarkarinaukri.com/jobs/iips-mumbai-iips-mumbai-2026--3083","job-listing","job-listing","83.08","242","242"
"https://www.searchsarkarinaukri.com/jobs/iips-mumbai-iips-mumbai-2026--1715","https://www.searchsarkarinaukri.com/jobs/iips-mumbai-iips-mumbai-2026--3083","job-listing","job-listing","83.08","242","242"
"https://www.searchsarkarinaukri.com/jobs/iips-mumbai-iips-mumbai-2026--2243","https://www.searchsarkarinaukri.com/jobs/iips-mumbai-iips-mumbai-2026--3083","job-listing","job-listing","83.08","242","242"
"https://www.searchsarkarinaukri.com/jobs/iips-mumbai-iips-mumbai-2026--2393","https://www.searchsarkarinaukri.com/jobs/iips-mumbai-iips-mumbai-2026--3083","job-listing","job-listing","83.08","242","242"
"https://www.searchsarkarinaukri.com/jobs/iips-mumbai-iips-mumbai-2026--2133","https://www.searchsarkarinaukri.com/jobs/iips-mumbai-iips-mumbai-2026--3083","job-listing","job-listing","83.08","242","242"
"https://www.searchsarkarinaukri.com/jobs/iips-mumbai-iips-mumbai-2026--2063","https://www.searchsarkarinaukri.com/jobs/iips-mumbai-iips-mumbai-2026--3303","job-listing","job-listing","83.08","242","242"
"https://www.searchsarkarinaukri.com/jobs/iips-mumbai-iips-mumbai-2026--1715","https://www.searchsarkarinaukri.com/jobs/iips-mumbai-iips-mumbai-2026--3303","job-listing","job-listing","83.08","242","242"
"https://www.searchsarkarinaukri.com/jobs/iips-mumbai-iips-mumbai-2026--2243","https://www.searchsarkarinaukri.com/jobs/iips-mumbai-iips-mumbai-2026--3303","job-listing","job-listing","83.08","242","242"
"https://www.searchsarkarinaukri.com/jobs/iips-mumbai-iips-mumbai-2026--2393","https://www.searchsarkarinaukri.com/jobs/iips-mumbai-iips-mumbai-2026--3303","job-listing","job-listing","83.08","242","242"
"https://www.searchsarkarinaukri.com/jobs/iips-mumbai-iips-mumbai-2026--2063","https://www.searchsarkarinaukri.com/jobs/iips-mumbai-iips-mumbai-2026--3462","job-listing","job-listing","83.08","242","242"
"https://www.searchsarkarinaukri.com/jobs/iips-mumbai-iips-mumbai-2026--1715","https://www.searchsarkarinaukri.com/jobs/iips-mumbai-iips-mumbai-2026--3462","job-listing","job-listing","83.08","242","242"
"https://www.searchsarkarinaukri.com/jobs/iips-mumbai-iips-mumbai-2026--2243","https://www.searchsarkarinaukri.com/jobs/iips-mumbai-iips-mumbai-2026--3462","job-listing","job-listing","83.08","242","242"
"https://www.searchsarkarinaukri.com/jobs/iips-mumbai-iips-mumbai-2026--2393","https://www.searchsarkarinaukri.com/jobs/iips-mumbai-iips-mumbai-2026--3462","job-listing","job-listing","83.08","242","242"
"https://www.searchsarkarinaukri.com/jobs/iips-mumbai-iips-mumbai-2026--2063","https://www.searchsarkarinaukri.com/jobs/iips-mumbai-iips-mumbai-2026--4842","job-listing","job-listing","83.08","242","242"
"https://www.searchsarkarinaukri.com/jobs/iips-mumbai-iips-mumbai-2026--1715","https://www.searchsarkarinaukri.com/jobs/iips-mumbai-iips-mumbai-2026--4842","job-listing","job-listing","83.08","242","242"
"https://www.searchsarkarinaukri.com/jobs/iips-mumbai-iips-mumbai-2026--2243","https://www.searchsarkarinaukri.com/jobs/iips-mumbai-iips-mumbai-2026--4842","job-listing","job-listing","83.08","242","242"
"https://www.searchsarkarinaukri.com/jobs/iips-mumbai-iips-mumbai-2026--2133","https://www.searchsarkarinaukri.com/jobs/iips-mumbai-iips-mumbai-2026--4842","job-listing","job-listing","83.08","242","242"
"https://www.searchsarkarinaukri.com/jobs/iips-mumbai-iips-mumbai-2026--2653","https://www.searchsarkarinaukri.com/jobs/iips-mumbai-iips-mumbai-2026--4842","job-listing","job-listing","83.08","242","242"
"https://www.searchsarkarinaukri.com/jobs/iips-mumbai-iips-mumbai-2026--3083","https://www.searchsarkarinaukri.com/jobs/iips-mumbai-iips-mumbai-2026--4842","job-listing","job-listing","83.08","242","242"
"https://www.searchsarkarinaukri.com/jobs/iips-mumbai-iips-mumbai-2026--2063","https://www.searchsarkarinaukri.com/jobs/iips-mumbai-iips-mumbai-2026--3911","job-listing","job-listing","83.08","242","242"
"https://www.searchsarkarinaukri.com/jobs/iips-mumbai-iips-mumbai-2026--1715","https://www.searchsarkarinaukri.com/jobs/iips-mumbai-iips-mumbai-2026--3911","job-listing","job-listing","83.08","242","242"
"https://www.searchsarkarinaukri.com/jobs/iips-mumbai-iips-mumbai-2026--2243","https://www.searchsarkarinaukri.com/jobs/iips-mumbai-iips-mumbai-2026--3911","job-listing","job-listing","83.08","242","242"
"https://www.searchsarkarinaukri.com/jobs/iips-mumbai-iips-mumbai-2026--2393","https://www.searchsarkarinaukri.com/jobs/iips-mumbai-iips-mumbai-2026--3911","job-listing","job-listing","83.08","242","242"
"https://www.searchsarkarinaukri.com/jobs/iips-mumbai-iips-mumbai-2026--2653","https://www.searchsarkarinaukri.com/jobs/iips-mumbai-iips-mumbai-2026--3911","job-listing","job-listing","83.08","242","242"
"https://www.searchsarkarinaukri.com/jobs/maharashtra-education-society-pune-maharashtra-education-society-pune-2026--2503","https://www.searchsarkarinaukri.com/jobs/mes-pune-mes-pune-2026--2558","job-listing","job-listing","83.08","250","242"
"https://www.searchsarkarinaukri.com/jobs/tifr-mumbai-tifr-mumbai-2026--1834","https://www.searchsarkarinaukri.com/jobs/tifr-mumbai-tifr-mumbai-2026--1960","job-listing","job-listing","83.08","247","247"
"https://www.searchsarkarinaukri.com/jobs/tifr-mumbai-tifr-mumbai-2026--1834","https://www.searchsarkarinaukri.com/jobs/tifr-mumbai-tifr-mumbai-2026--2064","job-listing","job-listing","83.08","247","247"
"https://www.searchsarkarinaukri.com/jobs/tifr-mumbai-tifr-mumbai-2026--1834","https://www.searchsarkarinaukri.com/jobs/tifr-mumbai-tifr-mumbai-2026--2245","job-listing","job-listing","83.08","247","247"
"https://www.searchsarkarinaukri.com/jobs/tifr-mumbai-tifr-mumbai-2026--1834","https://www.searchsarkarinaukri.com/jobs/tifr-mumbai-tifr-mumbai-2026--2190","job-listing","job-listing","83.08","247","247"
"https://www.searchsarkarinaukri.com/jobs/tifr-mumbai-tifr-mumbai-2026--1834","https://www.searchsarkarinaukri.com/jobs/tifr-mumbai-tifr-mumbai-2026--2473","job-listing","job-listing","83.08","247","247"
"https://www.searchsarkarinaukri.com/jobs/tifr-mumbai-tifr-mumbai-2026--1834","https://www.searchsarkarinaukri.com/jobs/tifr-mumbai-tifr-mumbai-2026--3894","job-listing","job-listing","83.08","247","247"
"https://www.searchsarkarinaukri.com/jobs/tifr-mumbai-tifr-mumbai-2026--2473","https://www.searchsarkarinaukri.com/jobs/tifr-mumbai-tifr-mumbai-2026--3894","job-listing","job-listing","83.08","247","247"
"https://www.searchsarkarinaukri.com/jobs/tifr-mumbai-tifr-mumbai-2026--1960","https://www.searchsarkarinaukri.com/jobs/tifr-mumbai-tifr-mumbai-2026--3894","job-listing","job-listing","83.08","247","247"
"https://www.searchsarkarinaukri.com/jobs/sangli-dcc-bank-sangli-dcc-bank-2026--2260","https://www.searchsarkarinaukri.com/jobs/sangli-dcc-bank-sangli-dcc-bank-2026--4488","job-listing","job-listing","83.06","237","237"
"https://www.searchsarkarinaukri.com/jobs/actrec-mumbai-actrec-mumbai-2026--1741","https://www.searchsarkarinaukri.com/jobs/actrec-mumbai-actrec-mumbai-2026--2351","job-listing","job-listing","83.01","241","241"
"https://www.searchsarkarinaukri.com/jobs/actrec-mumbai-actrec-mumbai-2026--1741","https://www.searchsarkarinaukri.com/jobs/actrec-mumbai-actrec-mumbai-2026--2787","job-listing","job-listing","83.01","241","241"
"https://www.searchsarkarinaukri.com/jobs/mahavitaran-chandrapur-mahavitaran-chandrapur-2026--2253","https://www.searchsarkarinaukri.com/jobs/mahavitaran-chandrapur-mahavitaran-chandrapur-2026--4086","job-listing","job-listing","83.01","241","241"
"https://www.searchsarkarinaukri.com/jobs/railway-recruitment-board-rrb-isolated-category-posts-recruitment-2025-2026--1405","https://www.searchsarkarinaukri.com/jobs/railway-recruitment-board-rrb-je-dms-cma-posts-2026--1424","job-listing","job-listing","83.01","143","145"
"https://www.searchsarkarinaukri.com/jobs/railway-recruitment-board-rrb-je-dms-cma-posts-2026--1424","https://www.searchsarkarinaukri.com/jobs/railway-recruitment-board-rrb-ntpc-undergraduate-posts-recruitment-2025-cen-072025-2026--1406","job-listing","job-listing","83.01","145","143"
"https://www.searchsarkarinaukri.com/jobs/railway-recruitment-board-rrb-ministerial-isolated-category-posts-2026--1414","https://www.searchsarkarinaukri.com/jobs/railway-recruitment-board-rrb-ntpc-undergraduate-posts-recruitment-2025-cen-072025-2026--1406","job-listing","job-listing","83.01","145","143"
"https://www.searchsarkarinaukri.com/jobs/railway-recruitment-board-rrb-ministerial-isolated-category-posts-2026--1421","https://www.searchsarkarinaukri.com/jobs/railway-recruitment-board-rrb-ntpc-undergraduate-posts-recruitment-2025-cen-072025-2026--1406","job-listing","job-listing","83.01","145","143"
"https://www.searchsarkarinaukri.com/jobs/railway-recruitment-board-rrb-je-dms-cma-posts-2026--1424","https://www.searchsarkarinaukri.com/jobs/railway-recruitment-board-rrb-ntpc-undergraduate-posts-recruitment-2024-cen-062024-2026--1415","job-listing","job-listing","83.01","145","143"
"https://www.searchsarkarinaukri.com/jobs/railway-recruitment-board-rrb-ministerial-isolated-category-posts-2026--1414","https://www.searchsarkarinaukri.com/jobs/railway-recruitment-board-rrb-ntpc-undergraduate-posts-recruitment-2024-cen-062024-2026--1415","job-listing","job-listing","83.01","145","143"
"https://www.searchsarkarinaukri.com/jobs/railway-recruitment-board-rrb-ministerial-isolated-category-posts-2026--1421","https://www.searchsarkarinaukri.com/jobs/railway-recruitment-board-rrb-ntpc-undergraduate-posts-recruitment-2024-cen-062024-2026--1415","job-listing","job-listing","83.01","145","143"
"https://www.searchsarkarinaukri.com/jobs/railway-recruitment-board-rrb-paramedical-posts-recruitment-2024-cen-042024-2026--1417","https://www.searchsarkarinaukri.com/jobs/railway-recruitment-board-rrb-pay-level-1-group-d-posts-2026--1404","job-listing","job-listing","83.01","141","149"
"https://www.searchsarkarinaukri.com/jobs/railway-recruitment-board-rrb-paramedical-posts-recruitment-2019-cen-022019-2026--1422","https://www.searchsarkarinaukri.com/jobs/railway-recruitment-board-rrb-pay-level-1-group-d-posts-2026--1404","job-listing","job-listing","83.01","141","149"
"https://www.searchsarkarinaukri.com/jobs/railway-recruitment-board-rrb-paramedical-posts-recruitment-2025-cen-032025-2026--1410","https://www.searchsarkarinaukri.com/jobs/railway-recruitment-board-rrb-pay-level-1-group-d-posts-2026--1404","job-listing","job-listing","83.01","141","149"
"https://www.searchsarkarinaukri.com/jobs/railway-recruitment-board-rrb-paramedical-posts-recruitment-2024-cen-042024-2026--1417","https://www.searchsarkarinaukri.com/jobs/railway-recruitment-board-rrb-pay-level-1-group-d-posts-2026--1413","job-listing","job-listing","83.01","141","149"
"https://www.searchsarkarinaukri.com/jobs/railway-recruitment-board-rrb-paramedical-posts-recruitment-2019-cen-022019-2026--1422","https://www.searchsarkarinaukri.com/jobs/railway-recruitment-board-rrb-pay-level-1-group-d-posts-2026--1413","job-listing","job-listing","83.01","141","149"
"https://www.searchsarkarinaukri.com/jobs/railway-recruitment-board-rrb-paramedical-posts-recruitment-2025-cen-032025-2026--1410","https://www.searchsarkarinaukri.com/jobs/railway-recruitment-board-rrb-pay-level-1-group-d-posts-2026--1413","job-listing","job-listing","83.01","141","149"
"https://www.searchsarkarinaukri.com/jobs/rayat-shikshan-sanstha-satara-rayat-shikshan-sanstha-satara-2026--2306","https://www.searchsarkarinaukri.com/jobs/rayat-shikshan-sanstha-satara-rayat-shikshan-sanstha-satara-2026--2783","job-listing","job-listing","83.01","245","245"
"https://www.searchsarkarinaukri.com/jobs/rayat-shikshan-sanstha-satara-rayat-shikshan-sanstha-satara-2026--2336","https://www.searchsarkarinaukri.com/jobs/rayat-shikshan-sanstha-satara-rayat-shikshan-sanstha-satara-2026--2783","job-listing","job-listing","83.01","245","245"
"https://www.searchsarkarinaukri.com/jobs/rayat-shikshan-sanstha-satara-rayat-shikshan-sanstha-satara-2026--1948","https://www.searchsarkarinaukri.com/jobs/rayat-shikshan-sanstha-satara-rayat-shikshan-sanstha-satara-2026--2783","job-listing","job-listing","83.01","245","245"
"https://www.searchsarkarinaukri.com/jobs/rayat-shikshan-sanstha-satara-rayat-shikshan-sanstha-satara-2026--1972","https://www.searchsarkarinaukri.com/jobs/rayat-shikshan-sanstha-satara-rayat-shikshan-sanstha-satara-2026--2783","job-listing","job-listing","83.01","245","245"
"https://www.searchsarkarinaukri.com/jobs/rayat-shikshan-sanstha-satara-rayat-shikshan-sanstha-satara-2026--2306","https://www.searchsarkarinaukri.com/jobs/rayat-shikshan-sanstha-satara-rayat-shikshan-sanstha-satara-2026--4317","job-listing","job-listing","83.01","245","245"
"https://www.searchsarkarinaukri.com/jobs/rayat-shikshan-sanstha-satara-rayat-shikshan-sanstha-satara-2026--2336","https://www.searchsarkarinaukri.com/jobs/rayat-shikshan-sanstha-satara-rayat-shikshan-sanstha-satara-2026--4317","job-listing","job-listing","83.01","245","245"
"https://www.searchsarkarinaukri.com/jobs/rayat-shikshan-sanstha-satara-rayat-shikshan-sanstha-satara-2026--2783","https://www.searchsarkarinaukri.com/jobs/rayat-shikshan-sanstha-satara-rayat-shikshan-sanstha-satara-2026--4317","job-listing","job-listing","83.01","245","245"
"https://www.searchsarkarinaukri.com/jobs/rayat-shikshan-sanstha-satara-rayat-shikshan-sanstha-satara-2026--1948","https://www.searchsarkarinaukri.com/jobs/rayat-shikshan-sanstha-satara-rayat-shikshan-sanstha-satara-2026--4317","job-listing","job-listing","83.01","245","245"
"https://www.searchsarkarinaukri.com/jobs/rayat-shikshan-sanstha-satara-rayat-shikshan-sanstha-satara-2026--1972","https://www.searchsarkarinaukri.com/jobs/rayat-shikshan-sanstha-satara-rayat-shikshan-sanstha-satara-2026--4317","job-listing","job-listing","83.01","245","245"
"https://www.searchsarkarinaukri.com/jobs/rayat-shikshan-sanstha-satara-rayat-shikshan-sanstha-satara-2026--2306","https://www.searchsarkarinaukri.com/jobs/rayat-shikshan-sanstha-satara-rayat-shikshan-sanstha-satara-2026--4712","job-listing","job-listing","83.01","245","245"
"https://www.searchsarkarinaukri.com/jobs/rayat-shikshan-sanstha-satara-rayat-shikshan-sanstha-satara-2026--2336","https://www.searchsarkarinaukri.com/jobs/rayat-shikshan-sanstha-satara-rayat-shikshan-sanstha-satara-2026--4712","job-listing","job-listing","83.01","245","245"
"https://www.searchsarkarinaukri.com/jobs/rayat-shikshan-sanstha-satara-rayat-shikshan-sanstha-satara-2026--2783","https://www.searchsarkarinaukri.com/jobs/rayat-shikshan-sanstha-satara-rayat-shikshan-sanstha-satara-2026--4712","job-listing","job-listing","83.01","245","245"
"https://www.searchsarkarinaukri.com/jobs/rayat-shikshan-sanstha-satara-rayat-shikshan-sanstha-satara-2026--1948","https://www.searchsarkarinaukri.com/jobs/rayat-shikshan-sanstha-satara-rayat-shikshan-sanstha-satara-2026--4712","job-listing","job-listing","83.01","245","245"
"https://www.searchsarkarinaukri.com/jobs/sail-rsp-trade-apprentice-lacp-recruitment-2026--4436","https://www.searchsarkarinaukri.com/jobs/sail-rsp-trade-apprentice-mechanic-refrigeration-and-ac-recruitment-2026--4439","job-listing","job-listing","83.01","267","272"
"https://www.searchsarkarinaukri.com/jobs/ggmc-mumbai-ggmc-mumbai-2026--2191","https://www.searchsarkarinaukri.com/jobs/ggmc-mumbai-ggmc-mumbai-2026--4486","job-listing","job-listing","83.00","230","230"
"https://www.searchsarkarinaukri.com/engineer-jobs-in-punjab","https://www.searchsarkarinaukri.com/engineering-jobs-in-haryana","other","other","82.88","368","370"
"https://www.searchsarkarinaukri.com/engineer-jobs-in-haryana","https://www.searchsarkarinaukri.com/engineering-jobs-in-punjab","other","other","82.88","368","370"
"https://www.searchsarkarinaukri.com/jobs/rayat-shikshan-sanstha-satara-rayat-shikshan-sanstha-satara-2026--1948","https://www.searchsarkarinaukri.com/jobs/rayat-shikshan-sanstha-satara-rayat-shikshan-sanstha-satara-2026--1755","job-listing","job-listing","82.88","245","241"
"https://www.searchsarkarinaukri.com/jobs/rayat-shikshan-sanstha-satara-rayat-shikshan-sanstha-satara-2026--1755","https://www.searchsarkarinaukri.com/jobs/rayat-shikshan-sanstha-satara-rayat-shikshan-sanstha-satara-2026--1972","job-listing","job-listing","82.88","241","245"
"https://www.searchsarkarinaukri.com/jobs/rayat-shikshan-sanstha-satara-rayat-shikshan-sanstha-satara-2026--1755","https://www.searchsarkarinaukri.com/jobs/rayat-shikshan-sanstha-satara-rayat-shikshan-sanstha-satara-2026--2306","job-listing","job-listing","82.88","241","245"
"https://www.searchsarkarinaukri.com/jobs/rayat-shikshan-sanstha-satara-rayat-shikshan-sanstha-satara-2026--1755","https://www.searchsarkarinaukri.com/jobs/rayat-shikshan-sanstha-satara-rayat-shikshan-sanstha-satara-2026--2336","job-listing","job-listing","82.88","241","245"
"https://www.searchsarkarinaukri.com/jobs/balmer-lawrie-and-company-limited-deputy-manager-key-account-manager-2026--1605","https://www.searchsarkarinaukri.com/jobs/balmer-lawrie-and-company-limited-junior-officer-or-officer-commercial-2026--1627","job-listing","job-listing","82.86","199","199"
"https://www.searchsarkarinaukri.com/jobs/jspm-latur-jspm-latur-2026--1753","https://www.searchsarkarinaukri.com/jobs/jspm-latur-jspm-latur-2026--2703","job-listing","job-listing","82.81","242","242"
"https://www.searchsarkarinaukri.com/jobs/sail-rsp-diploma-graduate-apprentice-information-technology-recruitment-2026--4455","https://www.searchsarkarinaukri.com/jobs/sail-rsp-diploma-graduate-apprentice-metallurgy-recruitment-2026--4453","job-listing","job-listing","82.81","299","296"
"https://www.searchsarkarinaukri.com/jobs/union-bank-of-india-general-banking-officer-recruitment-2026--4402","https://www.searchsarkarinaukri.com/jobs/union-bank-of-india-general-banking-officer-recruitment-2026--4403","job-listing","job-listing","82.81","180","179"
"https://www.searchsarkarinaukri.com/jobs/national-disaster-management-authority-deputation-for-the-post-of-senior-2026--1652","https://www.searchsarkarinaukri.com/jobs/national-disaster-management-authority-deputation-for-the-post-of-senior-2026--1658","job-listing","job-listing","82.78","141","145"
"https://www.searchsarkarinaukri.com/jobs/railway-recruitment-board-rrb-assistant-loco-pilot-recruitment-2024-cen-012024-2026--1420","https://www.searchsarkarinaukri.com/jobs/railway-recruitment-board-rrb-alp-technicians-recruitment-2018-2026--1426","job-listing","job-listing","82.78","143","141"
"https://www.searchsarkarinaukri.com/jobs/railway-recruitment-board-rrb-alp-technicians-recruitment-2018-2026--1426","https://www.searchsarkarinaukri.com/jobs/railway-recruitment-board-rrb-assistant-loco-pilot-recruitment-2025-cen-012025-2026--1412","job-listing","job-listing","82.78","141","143"
"https://www.searchsarkarinaukri.com/jobs/railway-recruitment-board-rrb-alp-technicians-recruitment-2018-2026--1426","https://www.searchsarkarinaukri.com/jobs/railway-recruitment-board-rrb-assistant-loco-pilot-recruitment-2026-cen-012026-2026--1403","job-listing","job-listing","82.78","141","143"
"https://www.searchsarkarinaukri.com/jobs/railway-recruitment-board-rrb-assistant-loco-pilot-recruitment-2024-cen-012024-2026--1420","https://www.searchsarkarinaukri.com/jobs/railway-recruitment-board-rrb-paramedical-posts-recruitment-2024-cen-042024-2026--1417","job-listing","job-listing","82.78","143","141"
"https://www.searchsarkarinaukri.com/jobs/railway-recruitment-board-rrb-assistant-loco-pilot-recruitment-2025-cen-012025-2026--1412","https://www.searchsarkarinaukri.com/jobs/railway-recruitment-board-rrb-paramedical-posts-recruitment-2024-cen-042024-2026--1417","job-listing","job-listing","82.78","143","141"
"https://www.searchsarkarinaukri.com/jobs/railway-recruitment-board-rrb-assistant-loco-pilot-recruitment-2026-cen-012026-2026--1403","https://www.searchsarkarinaukri.com/jobs/railway-recruitment-board-rrb-paramedical-posts-recruitment-2024-cen-042024-2026--1417","job-listing","job-listing","82.78","143","141"
"https://www.searchsarkarinaukri.com/jobs/railway-recruitment-board-rrb-assistant-loco-pilot-recruitment-2024-cen-012024-2026--1420","https://www.searchsarkarinaukri.com/jobs/railway-recruitment-board-rrb-paramedical-posts-recruitment-2019-cen-022019-2026--1422","job-listing","job-listing","82.78","143","141"
"https://www.searchsarkarinaukri.com/jobs/railway-recruitment-board-rrb-assistant-loco-pilot-recruitment-2025-cen-012025-2026--1412","https://www.searchsarkarinaukri.com/jobs/railway-recruitment-board-rrb-paramedical-posts-recruitment-2019-cen-022019-2026--1422","job-listing","job-listing","82.78","143","141"
"https://www.searchsarkarinaukri.com/jobs/railway-recruitment-board-rrb-assistant-loco-pilot-recruitment-2026-cen-012026-2026--1403","https://www.searchsarkarinaukri.com/jobs/railway-recruitment-board-rrb-paramedical-posts-recruitment-2019-cen-022019-2026--1422","job-listing","job-listing","82.78","143","141"
"https://www.searchsarkarinaukri.com/jobs/railway-recruitment-board-rrb-assistant-loco-pilot-recruitment-2024-cen-012024-2026--1420","https://www.searchsarkarinaukri.com/jobs/railway-recruitment-board-rrb-paramedical-posts-recruitment-2025-cen-032025-2026--1410","job-listing","job-listing","82.78","143","141"
"https://www.searchsarkarinaukri.com/jobs/railway-recruitment-board-rrb-assistant-loco-pilot-recruitment-2025-cen-012025-2026--1412","https://www.searchsarkarinaukri.com/jobs/railway-recruitment-board-rrb-paramedical-posts-recruitment-2025-cen-032025-2026--1410","job-listing","job-listing","82.78","143","141"
"https://www.searchsarkarinaukri.com/jobs/railway-recruitment-board-rrb-assistant-loco-pilot-recruitment-2026-cen-012026-2026--1403","https://www.searchsarkarinaukri.com/jobs/railway-recruitment-board-rrb-paramedical-posts-recruitment-2025-cen-032025-2026--1410","job-listing","job-listing","82.78","143","141"
"https://www.searchsarkarinaukri.com/jobs/railway-recruitment-board-rrb-assistant-loco-pilot-recruitment-2024-cen-012024-2026--1420","https://www.searchsarkarinaukri.com/jobs/railway-recruitment-board-rrb-section-controller-recruitment-2025-cen-042025-2026--1409","job-listing","job-listing","82.78","143","141"
"https://www.searchsarkarinaukri.com/jobs/railway-recruitment-board-rrb-assistant-loco-pilot-recruitment-2025-cen-012025-2026--1412","https://www.searchsarkarinaukri.com/jobs/railway-recruitment-board-rrb-section-controller-recruitment-2025-cen-042025-2026--1409","job-listing","job-listing","82.78","143","141"
"https://www.searchsarkarinaukri.com/jobs/railway-recruitment-board-rrb-assistant-loco-pilot-recruitment-2026-cen-012026-2026--1403","https://www.searchsarkarinaukri.com/jobs/railway-recruitment-board-rrb-section-controller-recruitment-2025-cen-042025-2026--1409","job-listing","job-listing","82.78","143","141"
"https://www.searchsarkarinaukri.com/jobs/railway-recruitment-board-rrb-isolated-category-posts-recruitment-2025-2026--1405","https://www.searchsarkarinaukri.com/jobs/railway-recruitment-board-rrb-section-controller-recruitment-2025-cen-042025-2026--1409","job-listing","job-listing","82.78","143","141"
"https://www.searchsarkarinaukri.com/jobs/railway-recruitment-board-rrb-ntpc-undergraduate-posts-recruitment-2025-cen-072025-2026--1406","https://www.searchsarkarinaukri.com/jobs/railway-recruitment-board-rrb-section-controller-recruitment-2025-cen-042025-2026--1409","job-listing","job-listing","82.78","143","141"
"https://www.searchsarkarinaukri.com/jobs/railway-recruitment-board-rrb-ntpc-undergraduate-posts-recruitment-2024-cen-062024-2026--1415","https://www.searchsarkarinaukri.com/jobs/railway-recruitment-board-rrb-section-controller-recruitment-2025-cen-042025-2026--1409","job-listing","job-listing","82.78","143","141"
"https://www.searchsarkarinaukri.com/jobs/railway-recruitment-board-rrb-ministerial-isolated-category-posts-2026--1414","https://www.searchsarkarinaukri.com/jobs/railway-recruitment-board-rrb-technicians-recruitment-2024-cen-022024-2026--1419","job-listing","job-listing","82.78","145","139"
"https://www.searchsarkarinaukri.com/jobs/railway-recruitment-board-rrb-ministerial-isolated-category-posts-2026--1421","https://www.searchsarkarinaukri.com/jobs/railway-recruitment-board-rrb-technicians-recruitment-2024-cen-022024-2026--1419","job-listing","job-listing","82.78","145","139"
"https://www.searchsarkarinaukri.com/jobs/railway-recruitment-board-rrb-ministerial-isolated-category-posts-2026--1414","https://www.searchsarkarinaukri.com/jobs/railway-recruitment-board-rrb-technicians-recruitment-2025-cen-022025-2026--1411","job-listing","job-listing","82.78","145","139"
"https://www.searchsarkarinaukri.com/jobs/railway-recruitment-board-rrb-ministerial-isolated-category-posts-2026--1421","https://www.searchsarkarinaukri.com/jobs/railway-recruitment-board-rrb-technicians-recruitment-2025-cen-022025-2026--1411","job-listing","job-listing","82.78","145","139"
"https://www.searchsarkarinaukri.com/jobs/army-law-college-pune-army-law-college-pune-2026--3358","https://www.searchsarkarinaukri.com/jobs/army-law-college-pune-army-law-college-pune-2026--2279","job-listing","job-listing","82.75","238","242"
"https://www.searchsarkarinaukri.com/jobs/kolhapur-mahanagarpalika-kolhapur-mahanagarpalika-2026--1941","https://www.searchsarkarinaukri.com/jobs/kolhapur-mahanagarpalika-kolhapur-mahanagarpalika-2026--2189","job-listing","job-listing","82.75","237","237"
"https://www.searchsarkarinaukri.com/jobs/kolhapur-mahanagarpalika-kolhapur-mahanagarpalika-2026--1941","https://www.searchsarkarinaukri.com/jobs/kolhapur-mahanagarpalika-kolhapur-mahanagarpalika-2026--2928","job-listing","job-listing","82.75","237","237"
"https://www.searchsarkarinaukri.com/jobs/ncl-pune-ncl-pune-2026--1903","https://www.searchsarkarinaukri.com/jobs/ncl-pune-ncl-pune-2026--2877","job-listing","job-listing","82.75","241","241"
"https://www.searchsarkarinaukri.com/jobs/ncl-pune-ncl-pune-2026--2238","https://www.searchsarkarinaukri.com/jobs/ncl-pune-ncl-pune-2026--2877","job-listing","job-listing","82.75","241","241"
"https://www.searchsarkarinaukri.com/jobs/rites-rites-2026--2434","https://www.searchsarkarinaukri.com/jobs/rites-rites-2026--3252","job-listing","job-listing","82.75","254","254"
"https://www.searchsarkarinaukri.com/jobs/rites-rites-2026--2602","https://www.searchsarkarinaukri.com/jobs/rites-rites-2026--3252","job-listing","job-listing","82.75","254","254"
"https://www.searchsarkarinaukri.com/jobs/rites-rites-2026--2937","https://www.searchsarkarinaukri.com/jobs/rites-rites-2026--3252","job-listing","job-listing","82.75","254","254"
"https://www.searchsarkarinaukri.com/jobs/rites-rites-2026--2434","https://www.searchsarkarinaukri.com/jobs/rites-rites-2026--3658","job-listing","job-listing","82.75","254","254"
"https://www.searchsarkarinaukri.com/jobs/rites-rites-2026--2602","https://www.searchsarkarinaukri.com/jobs/rites-rites-2026--3658","job-listing","job-listing","82.75","254","254"
"https://www.searchsarkarinaukri.com/jobs/rites-rites-2026--2937","https://www.searchsarkarinaukri.com/jobs/rites-rites-2026--3658","job-listing","job-listing","82.75","254","254"
"https://www.searchsarkarinaukri.com/jobs/rites-rites-2026--2434","https://www.searchsarkarinaukri.com/jobs/rites-rites-2026--3900","job-listing","job-listing","82.75","254","254"
"https://www.searchsarkarinaukri.com/jobs/rites-rites-2026--2602","https://www.searchsarkarinaukri.com/jobs/rites-rites-2026--3900","job-listing","job-listing","82.75","254","254"
"https://www.searchsarkarinaukri.com/jobs/rtmnu-nagpur-rtmnu-nagpur-2026--2662","https://www.searchsarkarinaukri.com/jobs/rtmnu-nagpur-rtmnu-nagpur-2026--3579","job-listing","job-listing","82.75","241","241"
"https://www.searchsarkarinaukri.com/jobs/prasar-bharati-prasar-bharati-2026--2040","https://www.searchsarkarinaukri.com/jobs/prasar-bharati-prasar-bharati-2026--2508","job-listing","job-listing","82.70","224","225"
"https://www.searchsarkarinaukri.com/jobs/prasar-bharati-prasar-bharati-2026--2040","https://www.searchsarkarinaukri.com/jobs/prasar-bharati-prasar-bharati-2026--2938","job-listing","job-listing","82.70","224","225"
"https://www.searchsarkarinaukri.com/jobs/bharatratna-atalbihari-vajpayee-medical-college-and-hospital-bharatratna-atalbihari-vajpayee-medical--2083","https://www.searchsarkarinaukri.com/jobs/bharatratna-atalbihari-vajpayee-medical-college-and-hospital-bharatratna-atalbihari-vajpayee-medical--4269","job-listing","job-listing","82.68","248","248"
"https://www.searchsarkarinaukri.com/jobs/hll-lifecare-ltd-hll-lifecare-ltd-2026--2281","https://www.searchsarkarinaukri.com/jobs/hll-lifecare-ltd-hll-lifecare-ltd-2026--4259","job-listing","job-listing","82.68","243","243"
"https://www.searchsarkarinaukri.com/jobs/iiser-pune-iiser-pune-2026--1929","https://www.searchsarkarinaukri.com/jobs/iiser-pune-iiser-pune-2026--2385","job-listing","job-listing","82.68","240","240"
"https://www.searchsarkarinaukri.com/jobs/iiser-pune-iiser-pune-2026--1981","https://www.searchsarkarinaukri.com/jobs/iiser-pune-iiser-pune-2026--2385","job-listing","job-listing","82.68","240","240"
"https://www.searchsarkarinaukri.com/jobs/iiser-pune-iiser-pune-2026--2244","https://www.searchsarkarinaukri.com/jobs/iiser-pune-iiser-pune-2026--2385","job-listing","job-listing","82.68","240","240"
"https://www.searchsarkarinaukri.com/jobs/iiser-pune-iiser-pune-2026--2273","https://www.searchsarkarinaukri.com/jobs/iiser-pune-iiser-pune-2026--2385","job-listing","job-listing","82.68","240","240"
"https://www.searchsarkarinaukri.com/jobs/iiser-pune-iiser-pune-2026--2301","https://www.searchsarkarinaukri.com/jobs/iiser-pune-iiser-pune-2026--2385","job-listing","job-listing","82.68","240","240"
"https://www.searchsarkarinaukri.com/jobs/iiser-pune-iiser-pune-2026--1929","https://www.searchsarkarinaukri.com/jobs/iiser-pune-iiser-pune-2026--2619","job-listing","job-listing","82.68","240","240"
"https://www.searchsarkarinaukri.com/jobs/iiser-pune-iiser-pune-2026--1981","https://www.searchsarkarinaukri.com/jobs/iiser-pune-iiser-pune-2026--2619","job-listing","job-listing","82.68","240","240"
"https://www.searchsarkarinaukri.com/jobs/iiser-pune-iiser-pune-2026--2244","https://www.searchsarkarinaukri.com/jobs/iiser-pune-iiser-pune-2026--2619","job-listing","job-listing","82.68","240","240"
"https://www.searchsarkarinaukri.com/jobs/iiser-pune-iiser-pune-2026--2273","https://www.searchsarkarinaukri.com/jobs/iiser-pune-iiser-pune-2026--2619","job-listing","job-listing","82.68","240","240"
"https://www.searchsarkarinaukri.com/jobs/iiser-pune-iiser-pune-2026--2301","https://www.searchsarkarinaukri.com/jobs/iiser-pune-iiser-pune-2026--2619","job-listing","job-listing","82.68","240","240"
"https://www.searchsarkarinaukri.com/jobs/iiser-pune-iiser-pune-2026--2273","https://www.searchsarkarinaukri.com/jobs/iiser-pune-iiser-pune-2026--2796","job-listing","job-listing","82.68","240","240"
"https://www.searchsarkarinaukri.com/jobs/iiser-pune-iiser-pune-2026--2301","https://www.searchsarkarinaukri.com/jobs/iiser-pune-iiser-pune-2026--2796","job-listing","job-listing","82.68","240","240"
"https://www.searchsarkarinaukri.com/jobs/iiser-pune-iiser-pune-2026--1929","https://www.searchsarkarinaukri.com/jobs/iiser-pune-iiser-pune-2026--3035","job-listing","job-listing","82.68","240","240"
"https://www.searchsarkarinaukri.com/jobs/iiser-pune-iiser-pune-2026--1981","https://www.searchsarkarinaukri.com/jobs/iiser-pune-iiser-pune-2026--3035","job-listing","job-listing","82.68","240","240"
"https://www.searchsarkarinaukri.com/jobs/iiser-pune-iiser-pune-2026--2244","https://www.searchsarkarinaukri.com/jobs/iiser-pune-iiser-pune-2026--3035","job-listing","job-listing","82.68","240","240"
"https://www.searchsarkarinaukri.com/jobs/iiser-pune-iiser-pune-2026--2273","https://www.searchsarkarinaukri.com/jobs/iiser-pune-iiser-pune-2026--3035","job-listing","job-listing","82.68","240","240"
"https://www.searchsarkarinaukri.com/jobs/iiser-pune-iiser-pune-2026--2301","https://www.searchsarkarinaukri.com/jobs/iiser-pune-iiser-pune-2026--3035","job-listing","job-listing","82.68","240","240"
"https://www.searchsarkarinaukri.com/jobs/iiser-pune-iiser-pune-2026--1929","https://www.searchsarkarinaukri.com/jobs/iiser-pune-iiser-pune-2026--2982","job-listing","job-listing","82.68","240","240"
"https://www.searchsarkarinaukri.com/jobs/iiser-pune-iiser-pune-2026--1981","https://www.searchsarkarinaukri.com/jobs/iiser-pune-iiser-pune-2026--2982","job-listing","job-listing","82.68","240","240"
"https://www.searchsarkarinaukri.com/jobs/iiser-pune-iiser-pune-2026--2244","https://www.searchsarkarinaukri.com/jobs/iiser-pune-iiser-pune-2026--2982","job-listing","job-listing","82.68","240","240"
"https://www.searchsarkarinaukri.com/jobs/iiser-pune-iiser-pune-2026--2301","https://www.searchsarkarinaukri.com/jobs/iiser-pune-iiser-pune-2026--2982","job-listing","job-listing","82.68","240","240"
"https://www.searchsarkarinaukri.com/jobs/iiser-pune-iiser-pune-2026--1929","https://www.searchsarkarinaukri.com/jobs/iiser-pune-iiser-pune-2026--3465","job-listing","job-listing","82.68","240","240"
"https://www.searchsarkarinaukri.com/jobs/iiser-pune-iiser-pune-2026--1981","https://www.searchsarkarinaukri.com/jobs/iiser-pune-iiser-pune-2026--3465","job-listing","job-listing","82.68","240","240"
"https://www.searchsarkarinaukri.com/jobs/iiser-pune-iiser-pune-2026--2244","https://www.searchsarkarinaukri.com/jobs/iiser-pune-iiser-pune-2026--3465","job-listing","job-listing","82.68","240","240"
"https://www.searchsarkarinaukri.com/jobs/iiser-pune-iiser-pune-2026--2273","https://www.searchsarkarinaukri.com/jobs/iiser-pune-iiser-pune-2026--3465","job-listing","job-listing","82.68","240","240"
"https://www.searchsarkarinaukri.com/jobs/iiser-pune-iiser-pune-2026--2301","https://www.searchsarkarinaukri.com/jobs/iiser-pune-iiser-pune-2026--3465","job-listing","job-listing","82.68","240","240"
"https://www.searchsarkarinaukri.com/jobs/iiser-pune-iiser-pune-2026--1929","https://www.searchsarkarinaukri.com/jobs/iiser-pune-iiser-pune-2026--4083","job-listing","job-listing","82.68","240","240"
"https://www.searchsarkarinaukri.com/jobs/iiser-pune-iiser-pune-2026--1981","https://www.searchsarkarinaukri.com/jobs/iiser-pune-iiser-pune-2026--4083","job-listing","job-listing","82.68","240","240"
"https://www.searchsarkarinaukri.com/jobs/iiser-pune-iiser-pune-2026--2244","https://www.searchsarkarinaukri.com/jobs/iiser-pune-iiser-pune-2026--4083","job-listing","job-listing","82.68","240","240"
"https://www.searchsarkarinaukri.com/jobs/iiser-pune-iiser-pune-2026--2619","https://www.searchsarkarinaukri.com/jobs/iiser-pune-iiser-pune-2026--4083","job-listing","job-listing","82.68","240","240"
"https://www.searchsarkarinaukri.com/jobs/iiser-pune-iiser-pune-2026--2796","https://www.searchsarkarinaukri.com/jobs/iiser-pune-iiser-pune-2026--4083","job-listing","job-listing","82.68","240","240"
"https://www.searchsarkarinaukri.com/jobs/iiser-pune-iiser-pune-2026--3035","https://www.searchsarkarinaukri.com/jobs/iiser-pune-iiser-pune-2026--4083","job-listing","job-listing","82.68","240","240"
"https://www.searchsarkarinaukri.com/jobs/iiser-pune-iiser-pune-2026--2273","https://www.searchsarkarinaukri.com/jobs/iiser-pune-iiser-pune-2026--4083","job-listing","job-listing","82.68","240","240"
"https://www.searchsarkarinaukri.com/jobs/iiser-pune-iiser-pune-2026--2301","https://www.searchsarkarinaukri.com/jobs/iiser-pune-iiser-pune-2026--4083","job-listing","job-listing","82.68","240","240"
"https://www.searchsarkarinaukri.com/jobs/iiser-pune-iiser-pune-2026--2982","https://www.searchsarkarinaukri.com/jobs/iiser-pune-iiser-pune-2026--4083","job-listing","job-listing","82.68","240","240"
"https://www.searchsarkarinaukri.com/jobs/iiser-pune-iiser-pune-2026--1981","https://www.searchsarkarinaukri.com/jobs/iiser-pune-iiser-pune-2026--4156","job-listing","job-listing","82.68","240","240"
"https://www.searchsarkarinaukri.com/jobs/iiser-pune-iiser-pune-2026--2244","https://www.searchsarkarinaukri.com/jobs/iiser-pune-iiser-pune-2026--4156","job-listing","job-listing","82.68","240","240"
"https://www.searchsarkarinaukri.com/jobs/iiser-pune-iiser-pune-2026--2385","https://www.searchsarkarinaukri.com/jobs/iiser-pune-iiser-pune-2026--4156","job-listing","job-listing","82.68","240","240"
"https://www.searchsarkarinaukri.com/jobs/iiser-pune-iiser-pune-2026--2619","https://www.searchsarkarinaukri.com/jobs/iiser-pune-iiser-pune-2026--4156","job-listing","job-listing","82.68","240","240"
"https://www.searchsarkarinaukri.com/jobs/iiser-pune-iiser-pune-2026--2796","https://www.searchsarkarinaukri.com/jobs/iiser-pune-iiser-pune-2026--4156","job-listing","job-listing","82.68","240","240"
"https://www.searchsarkarinaukri.com/jobs/iiser-pune-iiser-pune-2026--3035","https://www.searchsarkarinaukri.com/jobs/iiser-pune-iiser-pune-2026--4156","job-listing","job-listing","82.68","240","240"
"https://www.searchsarkarinaukri.com/jobs/iiser-pune-iiser-pune-2026--2273","https://www.searchsarkarinaukri.com/jobs/iiser-pune-iiser-pune-2026--4156","job-listing","job-listing","82.68","240","240"
"https://www.searchsarkarinaukri.com/jobs/iiser-pune-iiser-pune-2026--2301","https://www.searchsarkarinaukri.com/jobs/iiser-pune-iiser-pune-2026--4156","job-listing","job-listing","82.68","240","240"
"https://www.searchsarkarinaukri.com/jobs/iiser-pune-iiser-pune-2026--2982","https://www.searchsarkarinaukri.com/jobs/iiser-pune-iiser-pune-2026--4156","job-listing","job-listing","82.68","240","240"
"https://www.searchsarkarinaukri.com/jobs/iiser-pune-iiser-pune-2026--3465","https://www.searchsarkarinaukri.com/jobs/iiser-pune-iiser-pune-2026--4156","job-listing","job-listing","82.68","240","240"
"https://www.searchsarkarinaukri.com/jobs/iiser-pune-iiser-pune-2026--1981","https://www.searchsarkarinaukri.com/jobs/iiser-pune-iiser-pune-2026--4272","job-listing","job-listing","82.68","240","240"
"https://www.searchsarkarinaukri.com/jobs/iiser-pune-iiser-pune-2026--2244","https://www.searchsarkarinaukri.com/jobs/iiser-pune-iiser-pune-2026--4272","job-listing","job-listing","82.68","240","240"
"https://www.searchsarkarinaukri.com/jobs/iiser-pune-iiser-pune-2026--2273","https://www.searchsarkarinaukri.com/jobs/iiser-pune-iiser-pune-2026--4272","job-listing","job-listing","82.68","240","240"
"https://www.searchsarkarinaukri.com/jobs/iiser-pune-iiser-pune-2026--2301","https://www.searchsarkarinaukri.com/jobs/iiser-pune-iiser-pune-2026--4272","job-listing","job-listing","82.68","240","240"
"https://www.searchsarkarinaukri.com/jobs/iiser-pune-iiser-pune-2026--2385","https://www.searchsarkarinaukri.com/jobs/iiser-pune-iiser-pune-2026--4272","job-listing","job-listing","82.68","240","240"
"https://www.searchsarkarinaukri.com/jobs/iiser-pune-iiser-pune-2026--2619","https://www.searchsarkarinaukri.com/jobs/iiser-pune-iiser-pune-2026--4272","job-listing","job-listing","82.68","240","240"
"https://www.searchsarkarinaukri.com/jobs/iiser-pune-iiser-pune-2026--2796","https://www.searchsarkarinaukri.com/jobs/iiser-pune-iiser-pune-2026--4272","job-listing","job-listing","82.68","240","240"
"https://www.searchsarkarinaukri.com/jobs/iiser-pune-iiser-pune-2026--3035","https://www.searchsarkarinaukri.com/jobs/iiser-pune-iiser-pune-2026--4272","job-listing","job-listing","82.68","240","240"
"https://www.searchsarkarinaukri.com/jobs/iiser-pune-iiser-pune-2026--2982","https://www.searchsarkarinaukri.com/jobs/iiser-pune-iiser-pune-2026--4272","job-listing","job-listing","82.68","240","240"
"https://www.searchsarkarinaukri.com/jobs/iiser-pune-iiser-pune-2026--3465","https://www.searchsarkarinaukri.com/jobs/iiser-pune-iiser-pune-2026--4272","job-listing","job-listing","82.68","240","240"
"https://www.searchsarkarinaukri.com/jobs/tmc-mumbai-tmc-mumbai-2026--1986","https://www.searchsarkarinaukri.com/jobs/tmc-mumbai-tmc-mumbai-2026--3519","job-listing","job-listing","82.68","240","240"
"https://www.searchsarkarinaukri.com/jobs/sail-rsp-diploma-graduate-apprentice-chemical-recruitment-2026--4447","https://www.searchsarkarinaukri.com/jobs/sail-rsp-diploma-graduate-apprentice-computer-science-recruitment-2026--4449","job-listing","job-listing","82.62","293","297"
"https://www.searchsarkarinaukri.com/jobs/sail-rsp-diploma-graduate-apprentice-computer-science-recruitment-2026--4449","https://www.searchsarkarinaukri.com/jobs/sail-rsp-diploma-graduate-apprentice-electrical-recruitment-2026--4451","job-listing","job-listing","82.62","297","293"
"https://www.searchsarkarinaukri.com/jobs/icsi-icsi-2026--3301","https://www.searchsarkarinaukri.com/jobs/icsi-icsi-2026--2269","job-listing","job-listing","82.61","222","222"
"https://www.searchsarkarinaukri.com/jobs/icsi-icsi-2026--3301","https://www.searchsarkarinaukri.com/jobs/icsi-icsi-2026--2348","job-listing","job-listing","82.61","222","222"
"https://www.searchsarkarinaukri.com/news/291754","https://www.searchsarkarinaukri.com/news/291760","news","news","82.56","95","93"
"https://www.searchsarkarinaukri.com/news/291755","https://www.searchsarkarinaukri.com/news/291759","news","news","82.56","93","95"
"https://www.searchsarkarinaukri.com/news/291756","https://www.searchsarkarinaukri.com/news/291759","news","news","82.56","93","95"
"https://www.searchsarkarinaukri.com/news/291757","https://www.searchsarkarinaukri.com/news/291759","news","news","82.56","93","95"
"https://www.searchsarkarinaukri.com/news/291754","https://www.searchsarkarinaukri.com/news/291762","news","news","82.56","95","93"
"https://www.searchsarkarinaukri.com/news/291754","https://www.searchsarkarinaukri.com/news/291761","news","news","82.56","95","93"
"https://www.searchsarkarinaukri.com/jobs/chandrapur-mahanagarpalika-chandrapur-mahanagarpalika-2026--2635","https://www.searchsarkarinaukri.com/jobs/chandrapur-mahanagarpalika-chandrapur-mahanagarpalika-2026--2192","job-listing","job-listing","82.54","237","237"
"https://www.searchsarkarinaukri.com/jobs/iiit-nagpur-iiit-nagpur-2026--2166","https://www.searchsarkarinaukri.com/jobs/iiit-nagpur-iiit-nagpur-2026--3909","job-listing","job-listing","82.54","243","243"
"https://www.searchsarkarinaukri.com/jobs/nagpur-mahanagarpalika-nagpur-mahanagarpalika-2026--1852","https://www.searchsarkarinaukri.com/jobs/nagpur-mahanagarpalika-nagpur-mahanagarpalika-2026--3172","job-listing","job-listing","82.54","234","234"
"https://www.searchsarkarinaukri.com/jobs/nagpur-mahanagarpalika-nagpur-mahanagarpalika-2026--1852","https://www.searchsarkarinaukri.com/jobs/nagpur-mahanagarpalika-nagpur-mahanagarpalika-2026--4322","job-listing","job-listing","82.54","234","234"
"https://www.searchsarkarinaukri.com/jobs/nagpur-mahanagarpalika-nagpur-mahanagarpalika-2026--3172","https://www.searchsarkarinaukri.com/jobs/nagpur-mahanagarpalika-nagpur-mahanagarpalika-2026--4322","job-listing","job-listing","82.54","234","234"
"https://www.searchsarkarinaukri.com/jobs/nagpur-mahanagarpalika-nagpur-mahanagarpalika-2026--2894","https://www.searchsarkarinaukri.com/jobs/nagpur-mahanagarpalika-nagpur-mahanagarpalika-2026--4322","job-listing","job-listing","82.54","234","234"
"https://www.searchsarkarinaukri.com/jobs/nagpur-mahanagarpalika-nagpur-mahanagarpalika-2026--1852","https://www.searchsarkarinaukri.com/jobs/nagpur-mahanagarpalika-nagpur-mahanagarpalika-2026--4525","job-listing","job-listing","82.54","234","234"
"https://www.searchsarkarinaukri.com/jobs/nagpur-mahanagarpalika-nagpur-mahanagarpalika-2026--3172","https://www.searchsarkarinaukri.com/jobs/nagpur-mahanagarpalika-nagpur-mahanagarpalika-2026--4525","job-listing","job-listing","82.54","234","234"
"https://www.searchsarkarinaukri.com/jobs/nagpur-mahanagarpalika-nagpur-mahanagarpalika-2026--2894","https://www.searchsarkarinaukri.com/jobs/nagpur-mahanagarpalika-nagpur-mahanagarpalika-2026--4525","job-listing","job-listing","82.54","234","234"
"https://www.searchsarkarinaukri.com/jobs/neeri-nagpur-neeri-nagpur-2026--2364","https://www.searchsarkarinaukri.com/jobs/neeri-nagpur-neeri-nagpur-2026--3072","job-listing","job-listing","82.54","237","237"
"https://www.searchsarkarinaukri.com/jobs/rari-pune-rari-pune-2026--1964","https://www.searchsarkarinaukri.com/jobs/rari-pune-rari-pune-2026--4612","job-listing","job-listing","82.54","234","234"
"https://www.searchsarkarinaukri.com/jobs/rcfl-mumbai-rcfl-mumbai-2026--2392","https://www.searchsarkarinaukri.com/jobs/rcfl-mumbai-rcfl-mumbai-2026--3907","job-listing","job-listing","82.54","243","243"
"https://www.searchsarkarinaukri.com/jobs/rcfl-mumbai-rcfl-mumbai-2026--3654","https://www.searchsarkarinaukri.com/jobs/rcfl-mumbai-rcfl-mumbai-2026--3907","job-listing","job-listing","82.54","243","243"
"https://www.searchsarkarinaukri.com/jobs/rcfl-mumbai-rcfl-mumbai-2026--2392","https://www.searchsarkarinaukri.com/jobs/rcfl-mumbai-rcfl-mumbai-2026--4382","job-listing","job-listing","82.54","243","243"
"https://www.searchsarkarinaukri.com/jobs/rcfl-mumbai-rcfl-mumbai-2026--3654","https://www.searchsarkarinaukri.com/jobs/rcfl-mumbai-rcfl-mumbai-2026--4382","job-listing","job-listing","82.54","243","243"
"https://www.searchsarkarinaukri.com/jobs/employees-state-insurance-society-mumbai-employees-state-insurance-society-2026--3349","https://www.searchsarkarinaukri.com/jobs/employees-state-insurance-society-mumbai-employees-state-insurance-society-2026--3914","job-listing","job-listing","82.47","236","236"
"https://www.searchsarkarinaukri.com/jobs/employees-state-insurance-society-mumbai-employees-state-insurance-society-2026--3349","https://www.searchsarkarinaukri.com/jobs/employees-state-insurance-society-mumbai-employees-state-insurance-society-2026--4721","job-listing","job-listing","82.47","236","236"
"https://www.searchsarkarinaukri.com/jobs/employees-state-insurance-society-mumbai-employees-state-insurance-society-2026--2556","https://www.searchsarkarinaukri.com/jobs/employees-state-insurance-society-mumbai-employees-state-insurance-society-2026--4721","job-listing","job-listing","82.47","236","236"
"https://www.searchsarkarinaukri.com/jobs/iucaa-pune-iucaa-pune-2026--1851","https://www.searchsarkarinaukri.com/jobs/iucaa-pune-iucaa-pune-2026--3515","job-listing","job-listing","82.47","237","237"
"https://www.searchsarkarinaukri.com/jobs/railway-recruitment-board-rrb-isolated-category-posts-recruitment-2025-2026--1405","https://www.searchsarkarinaukri.com/jobs/railway-recruitment-board-rrb-paylevel-1-group-d-posts-recruitment-2026--1425","job-listing","job-listing","82.47","143","147"
"https://www.searchsarkarinaukri.com/jobs/sgbau-amravati-sgbau-amravati-2026--2715","https://www.searchsarkarinaukri.com/jobs/sgbau-amravati-sgbau-amravati-2026--4380","job-listing","job-listing","82.47","310","276"
"https://www.searchsarkarinaukri.com/jobs/sgbau-amravati-sgbau-amravati-2026--2880","https://www.searchsarkarinaukri.com/jobs/sgbau-amravati-sgbau-amravati-2026--4380","job-listing","job-listing","82.47","310","276"
"https://www.searchsarkarinaukri.com/jobs/sgbau-amravati-sgbau-amravati-2026--2794","https://www.searchsarkarinaukri.com/jobs/sgbau-amravati-sgbau-amravati-2026--4380","job-listing","job-listing","82.47","310","276"
"https://www.searchsarkarinaukri.com/jobs/sgbau-amravati-sgbau-amravati-2026--2551","https://www.searchsarkarinaukri.com/jobs/sgbau-amravati-sgbau-amravati-2026--4380","job-listing","job-listing","82.47","310","276"
"https://www.searchsarkarinaukri.com/jobs/north-east-frontier-railway-north-east-frontier-railway-2026--2237","https://www.searchsarkarinaukri.com/jobs/north-east-frontier-railway-north-east-frontier-railway-2026--2739","job-listing","job-listing","82.43","227","227"
"https://www.searchsarkarinaukri.com/jobs/north-east-frontier-railway-north-east-frontier-railway-2026--2237","https://www.searchsarkarinaukri.com/jobs/north-east-frontier-railway-north-east-frontier-railway-2026--3587","job-listing","job-listing","82.43","227","227"
"https://www.searchsarkarinaukri.com/jobs/sail-rsp-trade-apprentice-mechanic-motor-vehicle-recruitment-2026--4438","https://www.searchsarkarinaukri.com/jobs/sail-rsp-trade-apprentice-turner-recruitment-2026--4440","job-listing","job-listing","82.42","269","262"
"https://www.searchsarkarinaukri.com/jobs/bamu-aurangabad-bamu-aurangabad-2026--1759","https://www.searchsarkarinaukri.com/jobs/bamu-aurangabad-bamu-aurangabad-2026--2533","job-listing","job-listing","82.40","235","235"
"https://www.searchsarkarinaukri.com/jobs/dhule-mahanagarpalika-dhule-mahanagarpalika-2026--2175","https://www.searchsarkarinaukri.com/jobs/dhule-mahanagarpalika-dhule-mahanagarpalika-2026--2992","job-listing","job-listing","82.40","232","232"
"https://www.searchsarkarinaukri.com/jobs/government-medical-college-miraj-government-medical-college-miraj-2026--3249","https://www.searchsarkarinaukri.com/jobs/government-medical-college-miraj-government-medical-college-miraj-2026--3843","job-listing","job-listing","82.40","236","236"
"https://www.searchsarkarinaukri.com/jobs/bharati-vidyapeeth-pune-bharati-vidyapeeth-pune-2026--2037","https://www.searchsarkarinaukri.com/jobs/bharati-vidyapeeth-pune-bharati-vidyapeeth-pune-2026--2547","job-listing","job-listing","82.35","285","286"
"https://www.searchsarkarinaukri.com/jobs/bharati-vidyapeeth-pune-bharati-vidyapeeth-pune-2026--1747","https://www.searchsarkarinaukri.com/jobs/bharati-vidyapeeth-pune-bharati-vidyapeeth-pune-2026--3357","job-listing","job-listing","82.35","286","285"
"https://www.searchsarkarinaukri.com/jobs/bharati-vidyapeeth-pune-bharati-vidyapeeth-pune-2026--2463","https://www.searchsarkarinaukri.com/jobs/bharati-vidyapeeth-pune-bharati-vidyapeeth-pune-2026--3357","job-listing","job-listing","82.35","286","285"
"https://www.searchsarkarinaukri.com/jobs/bharati-vidyapeeth-pune-bharati-vidyapeeth-pune-2026--3357","https://www.searchsarkarinaukri.com/jobs/bharati-vidyapeeth-pune-bharati-vidyapeeth-pune-2026--3661","job-listing","job-listing","82.35","285","286"
"https://www.searchsarkarinaukri.com/jobs/bharati-vidyapeeth-pune-bharati-vidyapeeth-pune-2026--2037","https://www.searchsarkarinaukri.com/jobs/bharati-vidyapeeth-pune-bharati-vidyapeeth-pune-2026--3661","job-listing","job-listing","82.35","285","286"
"https://www.searchsarkarinaukri.com/jobs/bharati-vidyapeeth-pune-bharati-vidyapeeth-pune-2026--2037","https://www.searchsarkarinaukri.com/jobs/bharati-vidyapeeth-pune-bharati-vidyapeeth-pune-2026--4205","job-listing","job-listing","82.35","285","286"
"https://www.searchsarkarinaukri.com/jobs/bharati-vidyapeeth-pune-bharati-vidyapeeth-pune-2026--3357","https://www.searchsarkarinaukri.com/jobs/bharati-vidyapeeth-pune-bharati-vidyapeeth-pune-2026--4205","job-listing","job-listing","82.35","285","286"
"https://www.searchsarkarinaukri.com/jobs/sail-rsp-trade-apprentice-ictsm-recruitment-2026--4442","https://www.searchsarkarinaukri.com/jobs/sail-rsp-trade-apprentice-machinist-recruitment-2026--4437","job-listing","job-listing","82.35","266","263"
"https://www.searchsarkarinaukri.com/jobs/sail-rsp-trade-apprentice-lacp-recruitment-2026--4436","https://www.searchsarkarinaukri.com/jobs/sail-rsp-trade-apprentice-turner-recruitment-2026--4440","job-listing","job-listing","82.35","267","262"
"https://www.searchsarkarinaukri.com/jobs/ict-mumbai-ict-mumbai-2026--1707","https://www.searchsarkarinaukri.com/jobs/ict-mumbai-ict-mumbai-2026--2834","job-listing","job-listing","82.33","215","216"
"https://www.searchsarkarinaukri.com/jobs/ict-mumbai-ict-mumbai-2026--1707","https://www.searchsarkarinaukri.com/jobs/ict-mumbai-ict-mumbai-2026--2991","job-listing","job-listing","82.33","215","216"
"https://www.searchsarkarinaukri.com/jobs/national-disaster-management-authority-deputation-for-the-post-of-consultant-2026--1654","https://www.searchsarkarinaukri.com/jobs/national-disaster-management-authority-deputation-for-the-post-of-senior-2026--1652","job-listing","job-listing","82.31","135","141"
"https://www.searchsarkarinaukri.com/jobs/msidc-msidc-2026--2553","https://www.searchsarkarinaukri.com/jobs/srtmun-srtmun-2026--2545","job-listing","job-listing","82.28","224","224"
"https://www.searchsarkarinaukri.com/admit-cards/20","https://www.searchsarkarinaukri.com/admit-cards/31","admit-card","admit-card","82.27","139","136"
"https://www.searchsarkarinaukri.com/admit-cards/25","https://www.searchsarkarinaukri.com/admit-cards/31","admit-card","admit-card","82.27","139","136"
"https://www.searchsarkarinaukri.com/admit-cards/17","https://www.searchsarkarinaukri.com/admit-cards/32","admit-card","admit-card","82.27","136","139"
"https://www.searchsarkarinaukri.com/admit-cards/24","https://www.searchsarkarinaukri.com/admit-cards/32","admit-card","admit-card","82.27","136","139"
"https://www.searchsarkarinaukri.com/admit-cards/20","https://www.searchsarkarinaukri.com/admit-cards/38","admit-card","admit-card","82.27","139","136"
"https://www.searchsarkarinaukri.com/admit-cards/25","https://www.searchsarkarinaukri.com/admit-cards/38","admit-card","admit-card","82.27","139","136"
"https://www.searchsarkarinaukri.com/admit-cards/17","https://www.searchsarkarinaukri.com/admit-cards/39","admit-card","admit-card","82.27","136","139"
"https://www.searchsarkarinaukri.com/admit-cards/24","https://www.searchsarkarinaukri.com/admit-cards/39","admit-card","admit-card","82.27","136","139"
"https://www.searchsarkarinaukri.com/admit-cards/20","https://www.searchsarkarinaukri.com/admit-cards/47","admit-card","admit-card","82.27","139","136"
"https://www.searchsarkarinaukri.com/admit-cards/25","https://www.searchsarkarinaukri.com/admit-cards/47","admit-card","admit-card","82.27","139","136"
"https://www.searchsarkarinaukri.com/admit-cards/20","https://www.searchsarkarinaukri.com/admit-cards/53","admit-card","admit-card","82.27","139","136"
"https://www.searchsarkarinaukri.com/admit-cards/25","https://www.searchsarkarinaukri.com/admit-cards/53","admit-card","admit-card","82.27","139","136"
"https://www.searchsarkarinaukri.com/admit-cards/20","https://www.searchsarkarinaukri.com/admit-cards/61","admit-card","admit-card","82.27","139","136"
"https://www.searchsarkarinaukri.com/admit-cards/25","https://www.searchsarkarinaukri.com/admit-cards/61","admit-card","admit-card","82.27","139","136"
"https://www.searchsarkarinaukri.com/admit-cards/20","https://www.searchsarkarinaukri.com/admit-cards/68","admit-card","admit-card","82.27","139","136"
"https://www.searchsarkarinaukri.com/admit-cards/25","https://www.searchsarkarinaukri.com/admit-cards/68","admit-card","admit-card","82.27","139","136"
"https://www.searchsarkarinaukri.com/admit-cards/32","https://www.searchsarkarinaukri.com/admit-cards/68","admit-card","admit-card","82.27","139","136"
"https://www.searchsarkarinaukri.com/admit-cards/39","https://www.searchsarkarinaukri.com/admit-cards/68","admit-card","admit-card","82.27","139","136"
"https://www.searchsarkarinaukri.com/admit-cards/20","https://www.searchsarkarinaukri.com/admit-cards/73","admit-card","admit-card","82.27","139","136"
"https://www.searchsarkarinaukri.com/admit-cards/25","https://www.searchsarkarinaukri.com/admit-cards/73","admit-card","admit-card","82.27","139","136"
"https://www.searchsarkarinaukri.com/admit-cards/32","https://www.searchsarkarinaukri.com/admit-cards/73","admit-card","admit-card","82.27","139","136"
"https://www.searchsarkarinaukri.com/admit-cards/39","https://www.searchsarkarinaukri.com/admit-cards/73","admit-card","admit-card","82.27","139","136"
"https://www.searchsarkarinaukri.com/admit-cards/17","https://www.searchsarkarinaukri.com/admit-cards/76","admit-card","admit-card","82.27","136","139"
"https://www.searchsarkarinaukri.com/admit-cards/24","https://www.searchsarkarinaukri.com/admit-cards/76","admit-card","admit-card","82.27","136","139"
"https://www.searchsarkarinaukri.com/admit-cards/31","https://www.searchsarkarinaukri.com/admit-cards/76","admit-card","admit-card","82.27","136","139"
"https://www.searchsarkarinaukri.com/admit-cards/38","https://www.searchsarkarinaukri.com/admit-cards/76","admit-card","admit-card","82.27","136","139"
"https://www.searchsarkarinaukri.com/admit-cards/47","https://www.searchsarkarinaukri.com/admit-cards/76","admit-card","admit-card","82.27","136","139"
"https://www.searchsarkarinaukri.com/admit-cards/53","https://www.searchsarkarinaukri.com/admit-cards/76","admit-card","admit-card","82.27","136","139"
"https://www.searchsarkarinaukri.com/admit-cards/61","https://www.searchsarkarinaukri.com/admit-cards/76","admit-card","admit-card","82.27","136","139"
"https://www.searchsarkarinaukri.com/admit-cards/20","https://www.searchsarkarinaukri.com/admit-cards/81","admit-card","admit-card","82.27","139","136"
"https://www.searchsarkarinaukri.com/admit-cards/25","https://www.searchsarkarinaukri.com/admit-cards/81","admit-card","admit-card","82.27","139","136"
"https://www.searchsarkarinaukri.com/admit-cards/32","https://www.searchsarkarinaukri.com/admit-cards/81","admit-card","admit-card","82.27","139","136"
"https://www.searchsarkarinaukri.com/admit-cards/39","https://www.searchsarkarinaukri.com/admit-cards/81","admit-card","admit-card","82.27","139","136"
"https://www.searchsarkarinaukri.com/admit-cards/17","https://www.searchsarkarinaukri.com/admit-cards/82","admit-card","admit-card","82.27","136","139"
"https://www.searchsarkarinaukri.com/admit-cards/24","https://www.searchsarkarinaukri.com/admit-cards/82","admit-card","admit-card","82.27","136","139"
"https://www.searchsarkarinaukri.com/admit-cards/31","https://www.searchsarkarinaukri.com/admit-cards/82","admit-card","admit-card","82.27","136","139"
"https://www.searchsarkarinaukri.com/admit-cards/38","https://www.searchsarkarinaukri.com/admit-cards/82","admit-card","admit-card","82.27","136","139"
"https://www.searchsarkarinaukri.com/admit-cards/47","https://www.searchsarkarinaukri.com/admit-cards/82","admit-card","admit-card","82.27","136","139"
"https://www.searchsarkarinaukri.com/admit-cards/53","https://www.searchsarkarinaukri.com/admit-cards/82","admit-card","admit-card","82.27","136","139"
"https://www.searchsarkarinaukri.com/admit-cards/61","https://www.searchsarkarinaukri.com/admit-cards/82","admit-card","admit-card","82.27","136","139"
"https://www.searchsarkarinaukri.com/jobs/union-public-service-commission-civil-services-examination-2025-2026--1430","https://www.searchsarkarinaukri.com/jobs/union-public-service-commission-indian-forest-service-examination-2025-2026--1427","job-listing","job-listing","82.27","132","134"
"https://www.searchsarkarinaukri.com/jobs/cantonment-board-dehu-road-cantonment-board-dehu-road-2026--2229","https://www.searchsarkarinaukri.com/jobs/cantonment-board-dehu-road-cantonment-board-dehu-road-2026--2398","job-listing","job-listing","82.26","233","233"
"https://www.searchsarkarinaukri.com/jobs/centre-for-development-of-telematics-centre-for-development-of-telematics-2026--3594","https://www.searchsarkarinaukri.com/jobs/centre-for-development-of-telematics-centre-for-development-of-telematics-2026--2137","job-listing","job-listing","82.26","237","237"
"https://www.searchsarkarinaukri.com/jobs/esic-kolhapur-esic-kolhapur-2026--1843","https://www.searchsarkarinaukri.com/jobs/esic-kolhapur-esic-kolhapur-2026--4713","job-listing","job-listing","82.26","230","230"
"https://www.searchsarkarinaukri.com/jobs/jnv-nandurbar-jnv-nandurbar-2026--2513","https://www.searchsarkarinaukri.com/jobs/jnv-nandurbar-jnv-nandurbar-2026--4580","job-listing","job-listing","82.26","234","234"
"https://www.searchsarkarinaukri.com/jobs/afs-nagpur-afs-nagpur-2026--2505","https://www.searchsarkarinaukri.com/jobs/mafsu-nagpur-mafsu-nagpur-2026--2790","job-listing","job-listing","82.26","231","231"
"https://www.searchsarkarinaukri.com/jobs/bharati-vidyapeeth-pune-bharati-vidyapeeth-pune-2026--4205","https://www.searchsarkarinaukri.com/jobs/bharati-vidyapeeth-pune-bharati-vidyapeeth-pune-2026--4785","job-listing","job-listing","82.25","286","250"
"https://www.searchsarkarinaukri.com/jobs/bharati-vidyapeeth-pune-bharati-vidyapeeth-pune-2026--3661","https://www.searchsarkarinaukri.com/jobs/bharati-vidyapeeth-pune-bharati-vidyapeeth-pune-2026--4785","job-listing","job-listing","82.25","286","250"
"https://www.searchsarkarinaukri.com/jobs/national-disaster-management-authority-deputation-for-the-post-of-senior-2026--1656","https://www.searchsarkarinaukri.com/jobs/national-disaster-management-authority-deputation-for-the-post-of-senior-2026--1658","job-listing","job-listing","82.24","143","145"
"https://www.searchsarkarinaukri.com/jobs/railway-recruitment-board-rrb-paylevel-1-group-d-posts-recruitment-2026--1425","https://www.searchsarkarinaukri.com/jobs/railway-recruitment-board-rrb-technicians-recruitment-2024-cen-022024-2026--1419","job-listing","job-listing","82.24","147","139"
"https://www.searchsarkarinaukri.com/jobs/railway-recruitment-board-rrb-je-dms-cma-2026--1408","https://www.searchsarkarinaukri.com/jobs/railway-recruitment-board-rrb-technicians-recruitment-2024-cen-022024-2026--1419","job-listing","job-listing","82.24","147","139"
"https://www.searchsarkarinaukri.com/jobs/railway-recruitment-board-rrb-je-dms-cma-2026--1418","https://www.searchsarkarinaukri.com/jobs/railway-recruitment-board-rrb-technicians-recruitment-2024-cen-022024-2026--1419","job-listing","job-listing","82.24","147","139"
"https://www.searchsarkarinaukri.com/jobs/railway-recruitment-board-rrb-paylevel-1-group-d-posts-recruitment-2026--1425","https://www.searchsarkarinaukri.com/jobs/railway-recruitment-board-rrb-technicians-recruitment-2025-cen-022025-2026--1411","job-listing","job-listing","82.24","147","139"
"https://www.searchsarkarinaukri.com/jobs/railway-recruitment-board-rrb-je-dms-cma-2026--1408","https://www.searchsarkarinaukri.com/jobs/railway-recruitment-board-rrb-technicians-recruitment-2025-cen-022025-2026--1411","job-listing","job-listing","82.24","147","139"
"https://www.searchsarkarinaukri.com/jobs/railway-recruitment-board-rrb-je-dms-cma-2026--1418","https://www.searchsarkarinaukri.com/jobs/railway-recruitment-board-rrb-technicians-recruitment-2025-cen-022025-2026--1411","job-listing","job-listing","82.24","147","139"
"https://www.searchsarkarinaukri.com/jobs/engineering-projects-india-limited-engineering-projects-india-limited-2026--2176","https://www.searchsarkarinaukri.com/jobs/engineering-projects-india-limited-engineering-projects-india-limited-2026--3165","job-listing","job-listing","82.19","233","233"
"https://www.searchsarkarinaukri.com/jobs/engineering-projects-india-limited-engineering-projects-india-limited-2026--2343","https://www.searchsarkarinaukri.com/jobs/engineering-projects-india-limited-engineering-projects-india-limited-2026--3165","job-listing","job-listing","82.19","233","233"
"https://www.searchsarkarinaukri.com/jobs/gpsc-goa-gpsc-goa-2026--1912","https://www.searchsarkarinaukri.com/jobs/gpsc-goa-gpsc-goa-2026--2934","job-listing","job-listing","82.19","240","240"
"https://www.searchsarkarinaukri.com/jobs/sgbau-amravati-sgbau-amravati-2026--2715","https://www.searchsarkarinaukri.com/jobs/sgbau-amravati-sgbau-amravati-2026--4786","job-listing","job-listing","82.19","310","277"
"https://www.searchsarkarinaukri.com/jobs/sgbau-amravati-sgbau-amravati-2026--2880","https://www.searchsarkarinaukri.com/jobs/sgbau-amravati-sgbau-amravati-2026--4786","job-listing","job-listing","82.19","310","277"
"https://www.searchsarkarinaukri.com/jobs/sgbau-amravati-sgbau-amravati-2026--3255","https://www.searchsarkarinaukri.com/jobs/sgbau-amravati-sgbau-amravati-2026--4786","job-listing","job-listing","82.19","310","277"
"https://www.searchsarkarinaukri.com/jobs/sgbau-amravati-sgbau-amravati-2026--3589","https://www.searchsarkarinaukri.com/jobs/sgbau-amravati-sgbau-amravati-2026--4786","job-listing","job-listing","82.19","310","277"
"https://www.searchsarkarinaukri.com/jobs/sgbau-amravati-sgbau-amravati-2026--4143","https://www.searchsarkarinaukri.com/jobs/sgbau-amravati-sgbau-amravati-2026--4786","job-listing","job-listing","82.19","310","277"
"https://www.searchsarkarinaukri.com/jobs/sgbau-amravati-sgbau-amravati-2026--2794","https://www.searchsarkarinaukri.com/jobs/sgbau-amravati-sgbau-amravati-2026--4786","job-listing","job-listing","82.19","310","277"
"https://www.searchsarkarinaukri.com/jobs/sgbau-amravati-sgbau-amravati-2026--3663","https://www.searchsarkarinaukri.com/jobs/sgbau-amravati-sgbau-amravati-2026--4786","job-listing","job-listing","82.19","310","277"
"https://www.searchsarkarinaukri.com/jobs/sgbau-amravati-sgbau-amravati-2026--3852","https://www.searchsarkarinaukri.com/jobs/sgbau-amravati-sgbau-amravati-2026--4786","job-listing","job-listing","82.19","310","277"
"https://www.searchsarkarinaukri.com/jobs/sgbau-amravati-sgbau-amravati-2026--2551","https://www.searchsarkarinaukri.com/jobs/sgbau-amravati-sgbau-amravati-2026--4786","job-listing","job-listing","82.19","310","277"
"https://www.searchsarkarinaukri.com/jobs/bank-of-baroda-senior-manager-accounts-recruitment-2026--4650","https://www.searchsarkarinaukri.com/jobs/bank-of-baroda-senior-manager-taxation-recruitment-2026--4649","job-listing","job-listing","82.13","214","213"
"https://www.searchsarkarinaukri.com/jobs/bombay-high-court-bombay-high-court-2026--2285","https://www.searchsarkarinaukri.com/jobs/bombay-high-court-bombay-high-court-2026--3954","job-listing","job-listing","82.11","232","232"
"https://www.searchsarkarinaukri.com/jobs/bombay-high-court-bombay-high-court-2026--2071","https://www.searchsarkarinaukri.com/jobs/bombay-high-court-bombay-high-court-2026--3954","job-listing","job-listing","82.11","232","232"
"https://www.searchsarkarinaukri.com/jobs/ordnance-factory-chanda-ordnance-factory-chanda-2026--2020","https://www.searchsarkarinaukri.com/jobs/ordnance-factory-chanda-ordnance-factory-chanda-2026--3961","job-listing","job-listing","82.11","232","232"
"https://www.searchsarkarinaukri.com/jobs/ordnance-factory-chanda-ordnance-factory-chanda-2026--2058","https://www.searchsarkarinaukri.com/jobs/ordnance-factory-chanda-ordnance-factory-chanda-2026--3961","job-listing","job-listing","82.11","232","232"
"https://www.searchsarkarinaukri.com/jobs/sail-rsp-graduate-apprentice-electronics-instrumentation-recruitment-2026--4458","https://www.searchsarkarinaukri.com/jobs/sail-rsp-graduate-apprentice-production-recruitment-2026--4459","job-listing","job-listing","82.05","290","284"
"https://www.searchsarkarinaukri.com/jobs/bhel-bhel-2026--2073","https://www.searchsarkarinaukri.com/jobs/bhel-bhel-2026--2655","job-listing","job-listing","82.04","241","241"
"https://www.searchsarkarinaukri.com/jobs/bhel-bhel-2026--4432","https://www.searchsarkarinaukri.com/jobs/bhel-bhel-2026--2655","job-listing","job-listing","82.04","241","241"
"https://www.searchsarkarinaukri.com/jobs/directorate-of-education-daman-directorate-of-education-daman-2026--4154","https://www.searchsarkarinaukri.com/jobs/directorate-of-education-daman-directorate-of-education-daman-2026--2148","job-listing","job-listing","82.04","230","230"
"https://www.searchsarkarinaukri.com/jobs/directorate-of-education-daman-directorate-of-education-daman-2026--2148","https://www.searchsarkarinaukri.com/jobs/directorate-of-education-daman-directorate-of-education-daman-2026--4728","job-listing","job-listing","82.04","230","230"
"https://www.searchsarkarinaukri.com/jobs/maharashtra-ex-servicemen-corporation-limited-maharashtra-ex-servicemen-corporation-limited-2026--2754","https://www.searchsarkarinaukri.com/jobs/maharashtra-ex-servicemen-corporation-limited-maharashtra-ex-servicemen-corporation-limited-2026--4425","job-listing","job-listing","82.04","234","234"
"https://www.searchsarkarinaukri.com/jobs/maharashtra-ex-servicemen-corporation-limited-maharashtra-ex-servicemen-corporation-limited-2026--2286","https://www.searchsarkarinaukri.com/jobs/maharashtra-ex-servicemen-corporation-limited-maharashtra-ex-servicemen-corporation-limited-2026--4425","job-listing","job-listing","82.04","234","234"
"https://www.searchsarkarinaukri.com/jobs/state-bank-of-india-state-bank-of-india-2026--1823","https://www.searchsarkarinaukri.com/jobs/state-bank-of-india-state-bank-of-india-2026--2353","job-listing","job-listing","82.04","227","227"
"https://www.searchsarkarinaukri.com/jobs/union-public-service-commission-union-public-service-commission-2026--1876","https://www.searchsarkarinaukri.com/jobs/union-public-service-commission-union-public-service-commission-2026--1954","job-listing","job-listing","82.04","227","227"
"https://www.searchsarkarinaukri.com/jobs/union-public-service-commission-union-public-service-commission-2026--1876","https://www.searchsarkarinaukri.com/jobs/union-public-service-commission-union-public-service-commission-2026--2456","job-listing","job-listing","82.04","227","227"
"https://www.searchsarkarinaukri.com/jobs/union-public-service-commission-union-public-service-commission-2026--1876","https://www.searchsarkarinaukri.com/jobs/union-public-service-commission-union-public-service-commission-2026--2624","job-listing","job-listing","82.04","227","227"
"https://www.searchsarkarinaukri.com/jobs/union-public-service-commission-union-public-service-commission-2026--1876","https://www.searchsarkarinaukri.com/jobs/union-public-service-commission-union-public-service-commission-2026--2666","job-listing","job-listing","82.04","227","227"
"https://www.searchsarkarinaukri.com/jobs/union-public-service-commission-union-public-service-commission-2026--1954","https://www.searchsarkarinaukri.com/jobs/union-public-service-commission-union-public-service-commission-2026--3351","job-listing","job-listing","82.04","227","227"
"https://www.searchsarkarinaukri.com/jobs/union-public-service-commission-union-public-service-commission-2026--2456","https://www.searchsarkarinaukri.com/jobs/union-public-service-commission-union-public-service-commission-2026--3351","job-listing","job-listing","82.04","227","227"
"https://www.searchsarkarinaukri.com/jobs/union-public-service-commission-union-public-service-commission-2026--2624","https://www.searchsarkarinaukri.com/jobs/union-public-service-commission-union-public-service-commission-2026--3351","job-listing","job-listing","82.04","227","227"
"https://www.searchsarkarinaukri.com/jobs/union-public-service-commission-union-public-service-commission-2026--2666","https://www.searchsarkarinaukri.com/jobs/union-public-service-commission-union-public-service-commission-2026--3351","job-listing","job-listing","82.04","227","227"
"https://www.searchsarkarinaukri.com/jobs/union-public-service-commission-union-public-service-commission-2026--3034","https://www.searchsarkarinaukri.com/jobs/union-public-service-commission-union-public-service-commission-2026--3351","job-listing","job-listing","82.04","227","227"
"https://www.searchsarkarinaukri.com/jobs/sail-rsp-diploma-graduate-apprentice-chemical-recruitment-2026--4447","https://www.searchsarkarinaukri.com/jobs/sail-rsp-diploma-graduate-apprentice-metallurgy-recruitment-2026--4453","job-listing","job-listing","81.98","293","296"
"https://www.searchsarkarinaukri.com/jobs/sail-rsp-diploma-graduate-apprentice-civil-recruitment-2026--4448","https://www.searchsarkarinaukri.com/jobs/sail-rsp-diploma-graduate-apprentice-metallurgy-recruitment-2026--4453","job-listing","job-listing","81.98","293","296"
"https://www.searchsarkarinaukri.com/jobs/sail-rsp-diploma-graduate-apprentice-electrical-recruitment-2026--4451","https://www.searchsarkarinaukri.com/jobs/sail-rsp-diploma-graduate-apprentice-metallurgy-recruitment-2026--4453","job-listing","job-listing","81.98","293","296"
"https://www.searchsarkarinaukri.com/jobs/iit-kharagpur-iit-kharagpur-2026--1977","https://www.searchsarkarinaukri.com/jobs/iit-kharagpur-iit-kharagpur-2026--2472","job-listing","job-listing","81.97","226","226"
"https://www.searchsarkarinaukri.com/jobs/renukamata-multistate-society-renukamata-multistate-society-2026--3412","https://www.searchsarkarinaukri.com/jobs/renukamata-multistate-society-renukamata-multistate-society-2026--4429","job-listing","job-listing","81.97","230","230"
"https://www.searchsarkarinaukri.com/jobs/madc-mumbai-madc-mumbai-2026--2663","https://www.searchsarkarinaukri.com/jobs/tmc-mumbai-tmc-mumbai-2026--3519","job-listing","job-listing","81.96","240","240"
"https://www.searchsarkarinaukri.com/jobs/railway-recruitment-board-rrb-je-dms-cma-posts-2026--1424","https://www.searchsarkarinaukri.com/jobs/railway-recruitment-board-rrb-ministerial-isolated-category-posts-2026--1414","job-listing","job-listing","81.94","145","145"
"https://www.searchsarkarinaukri.com/jobs/railway-recruitment-board-rrb-je-dms-cma-posts-2026--1424","https://www.searchsarkarinaukri.com/jobs/railway-recruitment-board-rrb-ministerial-isolated-category-posts-2026--1421","job-listing","job-listing","81.94","145","145"
"https://www.searchsarkarinaukri.com/jobs/railway-recruitment-board-rrb-isolated-category-posts-recruitment-2025-2026--1405","https://www.searchsarkarinaukri.com/jobs/railway-recruitment-board-rrb-pay-level-1-group-d-posts-2026--1404","job-listing","job-listing","81.94","143","149"
"https://www.searchsarkarinaukri.com/jobs/railway-recruitment-board-rrb-ntpc-undergraduate-posts-recruitment-2025-cen-072025-2026--1406","https://www.searchsarkarinaukri.com/jobs/railway-recruitment-board-rrb-pay-level-1-group-d-posts-2026--1404","job-listing","job-listing","81.94","143","149"
"https://www.searchsarkarinaukri.com/jobs/railway-recruitment-board-rrb-ntpc-undergraduate-posts-recruitment-2024-cen-062024-2026--1415","https://www.searchsarkarinaukri.com/jobs/railway-recruitment-board-rrb-pay-level-1-group-d-posts-2026--1404","job-listing","job-listing","81.94","143","149"
"https://www.searchsarkarinaukri.com/jobs/railway-recruitment-board-rrb-isolated-category-posts-recruitment-2025-2026--1405","https://www.searchsarkarinaukri.com/jobs/railway-recruitment-board-rrb-pay-level-1-group-d-posts-2026--1413","job-listing","job-listing","81.94","143","149"
"https://www.searchsarkarinaukri.com/jobs/railway-recruitment-board-rrb-ntpc-undergraduate-posts-recruitment-2025-cen-072025-2026--1406","https://www.searchsarkarinaukri.com/jobs/railway-recruitment-board-rrb-pay-level-1-group-d-posts-2026--1413","job-listing","job-listing","81.94","143","149"
"https://www.searchsarkarinaukri.com/jobs/railway-recruitment-board-rrb-ntpc-undergraduate-posts-recruitment-2024-cen-062024-2026--1415","https://www.searchsarkarinaukri.com/jobs/railway-recruitment-board-rrb-pay-level-1-group-d-posts-2026--1413","job-listing","job-listing","81.94","143","149"
"https://www.searchsarkarinaukri.com/jobs/union-public-service-commission-indian-economic-service-indian-statistical-2026--1432","https://www.searchsarkarinaukri.com/jobs/union-public-service-commission-indian-forest-service-main-examination-2025-2026--1439","job-listing","job-listing","81.94","140","136"
"https://www.searchsarkarinaukri.com/jobs/icar-ndri-deemed-university-contractual-position-of-young-professional-ii-2026--2372","https://www.searchsarkarinaukri.com/jobs/icar-ndri-deemed-university-contractual-position-of-young-professional-i-2026--2374","job-listing","job-listing","81.90","309","303"
"https://www.searchsarkarinaukri.com/jobs/icar-ndri-deemed-university-contractual-position-of-young-professional-i-2026--2374","https://www.searchsarkarinaukri.com/jobs/icar-ndri-deemed-university-contractual-position-of-young-professional-ii-2026--2373","job-listing","job-listing","81.90","303","309"
"https://www.searchsarkarinaukri.com/jobs/indian-overseas-bank-indian-overseas-bank-2026--2807","https://www.searchsarkarinaukri.com/jobs/indian-overseas-bank-indian-overseas-bank-2026--4331","job-listing","job-listing","81.89","229","229"
"https://www.searchsarkarinaukri.com/jobs/krcl-krcl-2026--1921","https://www.searchsarkarinaukri.com/jobs/krcl-krcl-2026--4018","job-listing","job-listing","81.89","284","250"
"https://www.searchsarkarinaukri.com/jobs/krcl-krcl-2026--2230","https://www.searchsarkarinaukri.com/jobs/krcl-krcl-2026--4018","job-listing","job-listing","81.89","284","250"
"https://www.searchsarkarinaukri.com/jobs/krcl-krcl-2026--3260","https://www.searchsarkarinaukri.com/jobs/krcl-krcl-2026--4018","job-listing","job-listing","81.89","284","250"
"https://www.searchsarkarinaukri.com/jobs/krcl-krcl-2026--2383","https://www.searchsarkarinaukri.com/jobs/krcl-krcl-2026--4018","job-listing","job-listing","81.89","284","250"
"https://www.searchsarkarinaukri.com/jobs/krcl-krcl-2026--1921","https://www.searchsarkarinaukri.com/jobs/krcl-krcl-2026--4330","job-listing","job-listing","81.89","284","250"
"https://www.searchsarkarinaukri.com/jobs/krcl-krcl-2026--2230","https://www.searchsarkarinaukri.com/jobs/krcl-krcl-2026--4330","job-listing","job-listing","81.89","284","250"
"https://www.searchsarkarinaukri.com/jobs/krcl-krcl-2026--3260","https://www.searchsarkarinaukri.com/jobs/krcl-krcl-2026--4330","job-listing","job-listing","81.89","284","250"
"https://www.searchsarkarinaukri.com/jobs/krcl-krcl-2026--2383","https://www.searchsarkarinaukri.com/jobs/krcl-krcl-2026--4330","job-listing","job-listing","81.89","284","250"
"https://www.searchsarkarinaukri.com/jobs/northern-coalfields-limited-northern-coalfields-limited-2026--1714","https://www.searchsarkarinaukri.com/jobs/northern-coalfields-limited-northern-coalfields-limited-2026--2998","job-listing","job-listing","81.89","229","229"
"https://www.searchsarkarinaukri.com/jobs/northern-coalfields-limited-northern-coalfields-limited-2026--2258","https://www.searchsarkarinaukri.com/jobs/northern-coalfields-limited-northern-coalfields-limited-2026--2998","job-listing","job-listing","81.89","229","229"
"https://www.searchsarkarinaukri.com/jobs/tata-memorial-centre-tata-memorial-centre-2026--1725","https://www.searchsarkarinaukri.com/jobs/tata-memorial-centre-tata-memorial-centre-2026--3304","job-listing","job-listing","81.89","229","229"
"https://www.searchsarkarinaukri.com/jobs/tata-memorial-centre-tata-memorial-centre-2026--1725","https://www.searchsarkarinaukri.com/jobs/tata-memorial-centre-tata-memorial-centre-2026--4075","job-listing","job-listing","81.89","229","229"
"https://www.searchsarkarinaukri.com/jobs/edcil-edcil-2026--2138","https://www.searchsarkarinaukri.com/jobs/edcil-edcil-2026--3585","job-listing","job-listing","81.82","219","219"
"https://www.searchsarkarinaukri.com/jobs/edcil-edcil-2026--2138","https://www.searchsarkarinaukri.com/jobs/edcil-edcil-2026--3848","job-listing","job-listing","81.82","219","219"
"https://www.searchsarkarinaukri.com/jobs/irctc-irctc-2026--2157","https://www.searchsarkarinaukri.com/jobs/irctc-irctc-2026--3712","job-listing","job-listing","81.82","231","231"
"https://www.searchsarkarinaukri.com/jobs/irctc-irctc-2026--2157","https://www.searchsarkarinaukri.com/jobs/irctc-irctc-2026--4145","job-listing","job-listing","81.82","231","231"
"https://www.searchsarkarinaukri.com/jobs/irctc-irctc-2026--2759","https://www.searchsarkarinaukri.com/jobs/irctc-irctc-2026--4145","job-listing","job-listing","81.82","231","231"
"https://www.searchsarkarinaukri.com/jobs/mpsc-group-c-mpsc-group-c-2026--2024","https://www.searchsarkarinaukri.com/jobs/mpsc-group-c-mpsc-group-c-2026--3257","job-listing","job-listing","81.82","227","227"
"https://www.searchsarkarinaukri.com/jobs/mpsc-group-c-mpsc-group-c-2026--2377","https://www.searchsarkarinaukri.com/jobs/mpsc-group-c-mpsc-group-c-2026--3257","job-listing","job-listing","81.82","227","227"
"https://www.searchsarkarinaukri.com/jobs/mpsc-group-c-mpsc-group-c-2026--2599","https://www.searchsarkarinaukri.com/jobs/mpsc-group-c-mpsc-group-c-2026--3257","job-listing","job-listing","81.82","227","227"
"https://www.searchsarkarinaukri.com/jobs/mpsc-group-c-mpsc-group-c-2026--2599","https://www.searchsarkarinaukri.com/jobs/mpsc-group-c-mpsc-group-c-2026--3398","job-listing","job-listing","81.82","227","227"
"https://www.searchsarkarinaukri.com/jobs/mpsc-group-c-mpsc-group-c-2026--2024","https://www.searchsarkarinaukri.com/jobs/mpsc-group-c-mpsc-group-c-2026--3398","job-listing","job-listing","81.82","227","227"
"https://www.searchsarkarinaukri.com/jobs/mpsc-group-c-mpsc-group-c-2026--2377","https://www.searchsarkarinaukri.com/jobs/mpsc-group-c-mpsc-group-c-2026--3398","job-listing","job-listing","81.82","227","227"
"https://www.searchsarkarinaukri.com/jobs/mpsc-group-c-mpsc-group-c-2026--2024","https://www.searchsarkarinaukri.com/jobs/mpsc-group-c-mpsc-group-c-2026--3470","job-listing","job-listing","81.82","227","227"
"https://www.searchsarkarinaukri.com/jobs/mpsc-group-c-mpsc-group-c-2026--2599","https://www.searchsarkarinaukri.com/jobs/mpsc-group-c-mpsc-group-c-2026--3470","job-listing","job-listing","81.82","227","227"
"https://www.searchsarkarinaukri.com/jobs/mpsc-group-c-mpsc-group-c-2026--2377","https://www.searchsarkarinaukri.com/jobs/mpsc-group-c-mpsc-group-c-2026--3470","job-listing","job-listing","81.82","227","227"
"https://www.searchsarkarinaukri.com/jobs/mpsc-group-c-mpsc-group-c-2026--2024","https://www.searchsarkarinaukri.com/jobs/mpsc-group-c-mpsc-group-c-2026--4020","job-listing","job-listing","81.82","227","227"
"https://www.searchsarkarinaukri.com/jobs/mpsc-group-c-mpsc-group-c-2026--2599","https://www.searchsarkarinaukri.com/jobs/mpsc-group-c-mpsc-group-c-2026--4020","job-listing","job-listing","81.82","227","227"
"https://www.searchsarkarinaukri.com/jobs/mpsc-group-c-mpsc-group-c-2026--2377","https://www.searchsarkarinaukri.com/jobs/mpsc-group-c-mpsc-group-c-2026--4020","job-listing","job-listing","81.82","227","227"
"https://www.searchsarkarinaukri.com/jobs/mpsc-group-c-mpsc-group-c-2026--2024","https://www.searchsarkarinaukri.com/jobs/mpsc-group-c-mpsc-group-c-2026--4136","job-listing","job-listing","81.82","227","227"
"https://www.searchsarkarinaukri.com/jobs/mpsc-group-c-mpsc-group-c-2026--2599","https://www.searchsarkarinaukri.com/jobs/mpsc-group-c-mpsc-group-c-2026--4136","job-listing","job-listing","81.82","227","227"
"https://www.searchsarkarinaukri.com/jobs/mpsc-group-c-mpsc-group-c-2026--2377","https://www.searchsarkarinaukri.com/jobs/mpsc-group-c-mpsc-group-c-2026--4136","job-listing","job-listing","81.82","227","227"
"https://www.searchsarkarinaukri.com/jobs/muhs-nashik-muhs-nashik-2026--1914","https://www.searchsarkarinaukri.com/jobs/muhs-nashik-muhs-nashik-2026--2650","job-listing","job-listing","81.82","224","224"
"https://www.searchsarkarinaukri.com/jobs/muhs-nashik-muhs-nashik-2026--1914","https://www.searchsarkarinaukri.com/jobs/muhs-nashik-muhs-nashik-2026--2620","job-listing","job-listing","81.82","224","224"
"https://www.searchsarkarinaukri.com/jobs/nbt-nbt-2026--2494","https://www.searchsarkarinaukri.com/jobs/nbt-nbt-2026--1917","job-listing","job-listing","81.82","220","220"
"https://www.searchsarkarinaukri.com/jobs/nbt-nbt-2026--1917","https://www.searchsarkarinaukri.com/jobs/nbt-nbt-2026--2892","job-listing","job-listing","81.82","220","220"
"https://www.searchsarkarinaukri.com/jobs/nbt-nbt-2026--1917","https://www.searchsarkarinaukri.com/jobs/nbt-nbt-2026--2921","job-listing","job-listing","81.82","220","220"
"https://www.searchsarkarinaukri.com/jobs/nbt-nbt-2026--2494","https://www.searchsarkarinaukri.com/jobs/nbt-nbt-2026--3851","job-listing","job-listing","81.82","220","220"
"https://www.searchsarkarinaukri.com/jobs/nbt-nbt-2026--2892","https://www.searchsarkarinaukri.com/jobs/nbt-nbt-2026--3851","job-listing","job-listing","81.82","220","220"
"https://www.searchsarkarinaukri.com/jobs/nbt-nbt-2026--2921","https://www.searchsarkarinaukri.com/jobs/nbt-nbt-2026--3851","job-listing","job-listing","81.82","220","220"
"https://www.searchsarkarinaukri.com/jobs/nbt-nbt-2026--1917","https://www.searchsarkarinaukri.com/jobs/nbt-nbt-2026--3851","job-listing","job-listing","81.82","220","220"
"https://www.searchsarkarinaukri.com/jobs/nift-nift-2026--2266","https://www.searchsarkarinaukri.com/jobs/nift-nift-2026--2034","job-listing","job-listing","81.82","220","220"
"https://www.searchsarkarinaukri.com/jobs/nift-nift-2026--2034","https://www.searchsarkarinaukri.com/jobs/nift-nift-2026--2540","job-listing","job-listing","81.82","220","220"
"https://www.searchsarkarinaukri.com/jobs/neeri-nagpur-neeri-nagpur-2026--2495","https://www.searchsarkarinaukri.com/jobs/secr-nagpur-secr-nagpur-2026--2304","job-listing","job-listing","81.82","237","237"
"https://www.searchsarkarinaukri.com/jobs/neeri-nagpur-neeri-nagpur-2026--3648","https://www.searchsarkarinaukri.com/jobs/secr-nagpur-secr-nagpur-2026--2304","job-listing","job-listing","81.82","237","237"
"https://www.searchsarkarinaukri.com/jobs/sir-central-food-technological-research-institute-engagement-to-project-associate-i-2026--2407","https://www.searchsarkarinaukri.com/jobs/sir-central-food-technological-research-institute-engagement-to-project-associate-i-2026--2680","job-listing","job-listing","81.82","271","267"
"https://www.searchsarkarinaukri.com/engineer-jobs-in-uttar-pradesh","https://www.searchsarkarinaukri.com/engineering-jobs-in-haryana","other","other","81.76","370","370"
"https://www.searchsarkarinaukri.com/engineer-jobs-in-uttar-pradesh","https://www.searchsarkarinaukri.com/engineering-jobs-in-punjab","other","other","81.76","370","370"
"https://www.searchsarkarinaukri.com/engineer-jobs-in-punjab","https://www.searchsarkarinaukri.com/engineering-jobs-in-uttar-pradesh","other","other","81.76","368","372"
"https://www.searchsarkarinaukri.com/engineer-jobs-in-haryana","https://www.searchsarkarinaukri.com/engineering-jobs-in-uttar-pradesh","other","other","81.76","368","372"
"https://www.searchsarkarinaukri.com/jobs/national-disaster-management-authority-deputation-for-the-post-of-consultant-2026--1654","https://www.searchsarkarinaukri.com/jobs/national-disaster-management-authority-deputation-for-the-post-of-senior-2026--1656","job-listing","job-listing","81.76","135","143"
"https://www.searchsarkarinaukri.com/jobs/bal-vikas-prakalp-mumbai-bal-vikas-prakalp-mumbai-2026--3901","https://www.searchsarkarinaukri.com/jobs/bal-vikas-prakalp-mumbai-bal-vikas-prakalp-mumbai-2026--4716","job-listing","job-listing","81.75","274","231"
"https://www.searchsarkarinaukri.com/jobs/aiims-delhi-aiims-delhi-2026--1795","https://www.searchsarkarinaukri.com/jobs/aiims-delhi-aiims-delhi-2026--2257","job-listing","job-listing","81.74","218","218"
"https://www.searchsarkarinaukri.com/jobs/aiims-delhi-aiims-delhi-2026--2146","https://www.searchsarkarinaukri.com/jobs/aiims-delhi-aiims-delhi-2026--2257","job-listing","job-listing","81.74","218","218"
"https://www.searchsarkarinaukri.com/jobs/aiims-delhi-aiims-delhi-2026--2146","https://www.searchsarkarinaukri.com/jobs/aiims-delhi-aiims-delhi-2026--2382","job-listing","job-listing","81.74","218","218"
"https://www.searchsarkarinaukri.com/jobs/aiims-delhi-aiims-delhi-2026--1795","https://www.searchsarkarinaukri.com/jobs/aiims-delhi-aiims-delhi-2026--2382","job-listing","job-listing","81.74","218","218"
"https://www.searchsarkarinaukri.com/jobs/aiims-delhi-aiims-delhi-2026--2146","https://www.searchsarkarinaukri.com/jobs/aiims-delhi-aiims-delhi-2026--3210","job-listing","job-listing","81.74","218","218"
"https://www.searchsarkarinaukri.com/jobs/esis-thane-esis-thane-2026--1966","https://www.searchsarkarinaukri.com/jobs/esis-thane-esis-thane-2026--4423","job-listing","job-listing","81.74","226","226"
"https://www.searchsarkarinaukri.com/jobs/esis-thane-esis-thane-2026--4423","https://www.searchsarkarinaukri.com/jobs/esis-thane-esis-thane-2026--2153","job-listing","job-listing","81.74","226","226"
"https://www.searchsarkarinaukri.com/jobs/goa-krushi-mahavidyalay-goa-krushi-mahavidyalay-2026--2889","https://www.searchsarkarinaukri.com/jobs/goa-krushi-mahavidyalay-goa-krushi-mahavidyalay-2026--4142","job-listing","job-listing","81.74","223","223"
"https://www.searchsarkarinaukri.com/jobs/iim-mumbai-iim-mumbai-2026--2060","https://www.searchsarkarinaukri.com/jobs/iim-mumbai-iim-mumbai-2026--3467","job-listing","job-listing","81.74","227","227"
"https://www.searchsarkarinaukri.com/jobs/iim-mumbai-iim-mumbai-2026--2396","https://www.searchsarkarinaukri.com/jobs/iim-mumbai-iim-mumbai-2026--3467","job-listing","job-listing","81.74","227","227"
"https://www.searchsarkarinaukri.com/jobs/iim-mumbai-iim-mumbai-2026--2546","https://www.searchsarkarinaukri.com/jobs/iim-mumbai-iim-mumbai-2026--3467","job-listing","job-listing","81.74","227","227"
"https://www.searchsarkarinaukri.com/jobs/iim-mumbai-iim-mumbai-2026--2793","https://www.searchsarkarinaukri.com/jobs/iim-mumbai-iim-mumbai-2026--3467","job-listing","job-listing","81.74","227","227"
"https://www.searchsarkarinaukri.com/jobs/iim-mumbai-iim-mumbai-2026--2342","https://www.searchsarkarinaukri.com/jobs/iim-mumbai-iim-mumbai-2026--3467","job-listing","job-listing","81.74","227","227"
"https://www.searchsarkarinaukri.com/jobs/iim-mumbai-iim-mumbai-2026--2060","https://www.searchsarkarinaukri.com/jobs/iim-mumbai-iim-mumbai-2026--3892","job-listing","job-listing","81.74","227","227"
"https://www.searchsarkarinaukri.com/jobs/iim-mumbai-iim-mumbai-2026--2396","https://www.searchsarkarinaukri.com/jobs/iim-mumbai-iim-mumbai-2026--3892","job-listing","job-listing","81.74","227","227"
"https://www.searchsarkarinaukri.com/jobs/iim-mumbai-iim-mumbai-2026--2546","https://www.searchsarkarinaukri.com/jobs/iim-mumbai-iim-mumbai-2026--3892","job-listing","job-listing","81.74","227","227"
"https://www.searchsarkarinaukri.com/jobs/iim-mumbai-iim-mumbai-2026--2793","https://www.searchsarkarinaukri.com/jobs/iim-mumbai-iim-mumbai-2026--3892","job-listing","job-listing","81.74","227","227"
"https://www.searchsarkarinaukri.com/jobs/iim-mumbai-iim-mumbai-2026--2342","https://www.searchsarkarinaukri.com/jobs/iim-mumbai-iim-mumbai-2026--3892","job-listing","job-listing","81.74","227","227"
"https://www.searchsarkarinaukri.com/jobs/mumbai-university-mumbai-university-2026--1957","https://www.searchsarkarinaukri.com/jobs/mumbai-university-mumbai-university-2026--3354","job-listing","job-listing","81.74","227","227"
"https://www.searchsarkarinaukri.com/jobs/railway-recruitment-board-rrb-assistant-loco-pilot-recruitment-2024-cen-012024-2026--1420","https://www.searchsarkarinaukri.com/jobs/railway-recruitment-board-rrb-isolated-category-posts-recruitment-2025-2026--1405","job-listing","job-listing","81.70","143","143"
"https://www.searchsarkarinaukri.com/jobs/railway-recruitment-board-rrb-assistant-loco-pilot-recruitment-2025-cen-012025-2026--1412","https://www.searchsarkarinaukri.com/jobs/railway-recruitment-board-rrb-isolated-category-posts-recruitment-2025-2026--1405","job-listing","job-listing","81.70","143","143"
"https://www.searchsarkarinaukri.com/jobs/railway-recruitment-board-rrb-assistant-loco-pilot-recruitment-2026-cen-012026-2026--1403","https://www.searchsarkarinaukri.com/jobs/railway-recruitment-board-rrb-isolated-category-posts-recruitment-2025-2026--1405","job-listing","job-listing","81.70","143","143"
"https://www.searchsarkarinaukri.com/jobs/railway-recruitment-board-rrb-assistant-loco-pilot-recruitment-2024-cen-012024-2026--1420","https://www.searchsarkarinaukri.com/jobs/railway-recruitment-board-rrb-ntpc-undergraduate-posts-recruitment-2025-cen-072025-2026--1406","job-listing","job-listing","81.70","143","143"
"https://www.searchsarkarinaukri.com/jobs/railway-recruitment-board-rrb-assistant-loco-pilot-recruitment-2025-cen-012025-2026--1412","https://www.searchsarkarinaukri.com/jobs/railway-recruitment-board-rrb-ntpc-undergraduate-posts-recruitment-2025-cen-072025-2026--1406","job-listing","job-listing","81.70","143","143"
"https://www.searchsarkarinaukri.com/jobs/railway-recruitment-board-rrb-assistant-loco-pilot-recruitment-2026-cen-012026-2026--1403","https://www.searchsarkarinaukri.com/jobs/railway-recruitment-board-rrb-ntpc-undergraduate-posts-recruitment-2025-cen-072025-2026--1406","job-listing","job-listing","81.70","143","143"
"https://www.searchsarkarinaukri.com/jobs/railway-recruitment-board-rrb-assistant-loco-pilot-recruitment-2024-cen-012024-2026--1420","https://www.searchsarkarinaukri.com/jobs/railway-recruitment-board-rrb-ntpc-undergraduate-posts-recruitment-2024-cen-062024-2026--1415","job-listing","job-listing","81.70","143","143"
"https://www.searchsarkarinaukri.com/jobs/railway-recruitment-board-rrb-assistant-loco-pilot-recruitment-2025-cen-012025-2026--1412","https://www.searchsarkarinaukri.com/jobs/railway-recruitment-board-rrb-ntpc-undergraduate-posts-recruitment-2024-cen-062024-2026--1415","job-listing","job-listing","81.70","143","143"
"https://www.searchsarkarinaukri.com/jobs/railway-recruitment-board-rrb-assistant-loco-pilot-recruitment-2026-cen-012026-2026--1403","https://www.searchsarkarinaukri.com/jobs/railway-recruitment-board-rrb-ntpc-undergraduate-posts-recruitment-2024-cen-062024-2026--1415","job-listing","job-listing","81.70","143","143"
"https://www.searchsarkarinaukri.com/jobs/railway-recruitment-board-rrb-ministerial-isolated-category-posts-2026--1414","https://www.searchsarkarinaukri.com/jobs/railway-recruitment-board-rrb-section-controller-recruitment-2025-cen-042025-2026--1409","job-listing","job-listing","81.70","145","141"
"https://www.searchsarkarinaukri.com/jobs/railway-recruitment-board-rrb-ministerial-isolated-category-posts-2026--1421","https://www.searchsarkarinaukri.com/jobs/railway-recruitment-board-rrb-section-controller-recruitment-2025-cen-042025-2026--1409","job-listing","job-listing","81.70","145","141"
"https://www.searchsarkarinaukri.com/admit-cards/19","https://www.searchsarkarinaukri.com/admit-cards/57","admit-card","admit-card","81.69","139","139"
"https://www.searchsarkarinaukri.com/admit-cards/27","https://www.searchsarkarinaukri.com/admit-cards/57","admit-card","admit-card","81.69","139","139"
"https://www.searchsarkarinaukri.com/jobs/union-public-service-commission-civil-services-examination-2025-2026--1430","https://www.searchsarkarinaukri.com/jobs/union-public-service-commission-combined-geo-scientist-main-examination-2026-2026--1400","job-listing","job-listing","81.69","132","136"
"https://www.searchsarkarinaukri.com/jobs/union-public-service-commission-civil-services-examination-2025-2026--1430","https://www.searchsarkarinaukri.com/jobs/union-public-service-commission-combined-geo-scientist-preliminary-examination-2026-2026--1402","job-listing","job-listing","81.69","132","136"
"https://www.searchsarkarinaukri.com/jobs/union-public-service-commission-civil-services-main-examination-2025-2026--1440","https://www.searchsarkarinaukri.com/jobs/union-public-service-commission-combined-medical-services-examination-2026-2026--1429","job-listing","job-listing","81.69","134","134"
"https://www.searchsarkarinaukri.com/jobs/union-public-service-commission-civil-services-preliminary-examination-2025-2026--1445","https://www.searchsarkarinaukri.com/jobs/union-public-service-commission-combined-medical-services-examination-2026-2026--1429","job-listing","job-listing","81.69","134","134"
"https://www.searchsarkarinaukri.com/jobs/union-public-service-commission-civil-services-preliminary-examination-2026-2026--1434","https://www.searchsarkarinaukri.com/jobs/union-public-service-commission-combined-medical-services-examination-2026-2026--1429","job-listing","job-listing","81.69","134","134"
"https://www.searchsarkarinaukri.com/jobs/union-public-service-commission-combined-medical-services-examination-2026-2026--1429","https://www.searchsarkarinaukri.com/jobs/union-public-service-commission-indian-forest-service-examination-2025-2026--1427","job-listing","job-listing","81.69","134","134"
"https://www.searchsarkarinaukri.com/jobs/union-public-service-commission-civil-services-main-examination-2025-2026--1440","https://www.searchsarkarinaukri.com/jobs/union-public-service-commission-indian-forest-service-examination-2025-2026--1427","job-listing","job-listing","81.69","134","134"
"https://www.searchsarkarinaukri.com/jobs/union-public-service-commission-civil-services-preliminary-examination-2025-2026--1445","https://www.searchsarkarinaukri.com/jobs/union-public-service-commission-indian-forest-service-examination-2025-2026--1427","job-listing","job-listing","81.69","134","134"
"https://www.searchsarkarinaukri.com/jobs/union-public-service-commission-civil-services-preliminary-examination-2026-2026--1434","https://www.searchsarkarinaukri.com/jobs/union-public-service-commission-indian-forest-service-examination-2025-2026--1427","job-listing","job-listing","81.69","134","134"
"https://www.searchsarkarinaukri.com/jobs/union-public-service-commission-civil-services-examination-2025-2026--1430","https://www.searchsarkarinaukri.com/jobs/union-public-service-commission-indian-forest-service-main-examination-2025-2026--1439","job-listing","job-listing","81.69","132","136"
"https://www.searchsarkarinaukri.com/jobs/drdo-dysl-qt-drdo-dysl-qt-2026--2170","https://www.searchsarkarinaukri.com/jobs/drdo-dysl-qt-drdo-dysl-qt-2026--4088","job-listing","job-listing","81.67","226","226"
"https://www.searchsarkarinaukri.com/jobs/mitra-mitra-2026--1745","https://www.searchsarkarinaukri.com/jobs/mitra-mitra-2026--3085","job-listing","job-listing","81.67","222","222"
"https://www.searchsarkarinaukri.com/jobs/mpkv-mpkv-2026--2874","https://www.searchsarkarinaukri.com/jobs/mpkv-mpkv-2026--4015","job-listing","job-listing","81.66","215","215"
"https://www.searchsarkarinaukri.com/jobs/bharati-vidyapeeth-pune-bharati-vidyapeeth-pune-2026--2463","https://www.searchsarkarinaukri.com/jobs/bharati-vidyapeeth-pune-bharati-vidyapeeth-pune-2026--4785","job-listing","job-listing","81.59","286","250"
"https://www.searchsarkarinaukri.com/jobs/deccan-education-society-deccan-education-society-2026--1728","https://www.searchsarkarinaukri.com/jobs/deccan-education-society-deccan-education-society-2026--4327","job-listing","job-listing","81.59","221","221"
"https://www.searchsarkarinaukri.com/jobs/hindustan-aeronautics-limited-hindustan-aeronautics-limited-2026--2939","https://www.searchsarkarinaukri.com/jobs/hindustan-aeronautics-limited-hindustan-aeronautics-limited-2026--3592","job-listing","job-listing","81.59","221","221"
"https://www.searchsarkarinaukri.com/jobs/hindustan-aeronautics-limited-hindustan-aeronautics-limited-2026--1706","https://www.searchsarkarinaukri.com/jobs/hindustan-aeronautics-limited-hindustan-aeronautics-limited-2026--3720","job-listing","job-listing","81.59","221","221"
"https://www.searchsarkarinaukri.com/jobs/hindustan-aeronautics-limited-hindustan-aeronautics-limited-2026--2939","https://www.searchsarkarinaukri.com/jobs/hindustan-aeronautics-limited-hindustan-aeronautics-limited-2026--3720","job-listing","job-listing","81.59","221","221"
"https://www.searchsarkarinaukri.com/jobs/hindustan-aeronautics-limited-hindustan-aeronautics-limited-2026--2939","https://www.searchsarkarinaukri.com/jobs/hindustan-aeronautics-limited-hindustan-aeronautics-limited-2026--4522","job-listing","job-listing","81.59","221","221"
"https://www.searchsarkarinaukri.com/jobs/nirdpr-nirdpr-2026--1924","https://www.searchsarkarinaukri.com/jobs/nirdpr-nirdpr-2026--2634","job-listing","job-listing","81.59","221","221"
"https://www.searchsarkarinaukri.com/jobs/prasar-bharati-prasar-bharati-2026--2508","https://www.searchsarkarinaukri.com/jobs/prasar-bharati-prasar-bharati-2026--3854","job-listing","job-listing","81.59","225","225"
"https://www.searchsarkarinaukri.com/jobs/prasar-bharati-prasar-bharati-2026--3854","https://www.searchsarkarinaukri.com/jobs/prasar-bharati-prasar-bharati-2026--2938","job-listing","job-listing","81.59","225","225"
"https://www.searchsarkarinaukri.com/jobs/deendayal-port-trust-deendayal-port-trust-2026--1845","https://www.searchsarkarinaukri.com/jobs/deendayal-port-trust-deendayal-port-trust-2026--1711","job-listing","job-listing","81.58","216","216"
"https://www.searchsarkarinaukri.com/jobs/deendayal-port-trust-deendayal-port-trust-2026--1711","https://www.searchsarkarinaukri.com/jobs/deendayal-port-trust-deendayal-port-trust-2026--2173","job-listing","job-listing","81.58","216","216"
"https://www.searchsarkarinaukri.com/jobs/deendayal-port-trust-deendayal-port-trust-2026--1711","https://www.searchsarkarinaukri.com/jobs/deendayal-port-trust-deendayal-port-trust-2026--3853","job-listing","job-listing","81.58","216","216"
"https://www.searchsarkarinaukri.com/jobs/deendayal-port-trust-deendayal-port-trust-2026--1845","https://www.searchsarkarinaukri.com/jobs/deendayal-port-trust-deendayal-port-trust-2026--3853","job-listing","job-listing","81.58","216","216"
"https://www.searchsarkarinaukri.com/jobs/deendayal-port-trust-deendayal-port-trust-2026--2173","https://www.searchsarkarinaukri.com/jobs/deendayal-port-trust-deendayal-port-trust-2026--3853","job-listing","job-listing","81.58","216","216"
"https://www.searchsarkarinaukri.com/jobs/union-bank-of-india-project-management-professional-recruitment-2026--4392","https://www.searchsarkarinaukri.com/jobs/union-bank-of-india-project-management-professional-recruitment-2026--4393","job-listing","job-listing","81.52","204","199"
"https://www.searchsarkarinaukri.com/jobs/shri-saibaba-sansthan-shri-saibaba-sansthan-2026--1724","https://www.searchsarkarinaukri.com/jobs/shri-saibaba-sansthan-shri-saibaba-sansthan-2026--2076","job-listing","job-listing","81.51","223","223"
"https://www.searchsarkarinaukri.com/jobs/shri-saibaba-sansthan-shri-saibaba-sansthan-2026--1724","https://www.searchsarkarinaukri.com/jobs/shri-saibaba-sansthan-shri-saibaba-sansthan-2026--3964","job-listing","job-listing","81.51","223","223"
"https://www.searchsarkarinaukri.com/jobs/dbskkv-dbskkv-2026--2452","https://www.searchsarkarinaukri.com/jobs/dbskkv-dbskkv-2026--3956","job-listing","job-listing","81.50","215","215"
"https://www.searchsarkarinaukri.com/jobs/dbskkv-dbskkv-2026--2587","https://www.searchsarkarinaukri.com/jobs/dbskkv-dbskkv-2026--3956","job-listing","job-listing","81.50","215","215"
"https://www.searchsarkarinaukri.com/jobs/dbskkv-dbskkv-2026--2788","https://www.searchsarkarinaukri.com/jobs/dbskkv-dbskkv-2026--3956","job-listing","job-listing","81.50","215","215"
"https://www.searchsarkarinaukri.com/jobs/dbskkv-dbskkv-2026--2924","https://www.searchsarkarinaukri.com/jobs/dbskkv-dbskkv-2026--3956","job-listing","job-listing","81.50","215","215"
"https://www.searchsarkarinaukri.com/jobs/dbskkv-dbskkv-2026--3517","https://www.searchsarkarinaukri.com/jobs/dbskkv-dbskkv-2026--3956","job-listing","job-listing","81.50","215","215"
"https://www.searchsarkarinaukri.com/jobs/dbskkv-dbskkv-2026--2183","https://www.searchsarkarinaukri.com/jobs/dbskkv-dbskkv-2026--3956","job-listing","job-listing","81.50","215","215"
"https://www.searchsarkarinaukri.com/jobs/dbskkv-dbskkv-2026--2452","https://www.searchsarkarinaukri.com/jobs/dbskkv-dbskkv-2026--4202","job-listing","job-listing","81.50","215","215"
"https://www.searchsarkarinaukri.com/jobs/dbskkv-dbskkv-2026--2587","https://www.searchsarkarinaukri.com/jobs/dbskkv-dbskkv-2026--4202","job-listing","job-listing","81.50","215","215"
"https://www.searchsarkarinaukri.com/jobs/dbskkv-dbskkv-2026--3711","https://www.searchsarkarinaukri.com/jobs/dbskkv-dbskkv-2026--4202","job-listing","job-listing","81.50","215","215"
"https://www.searchsarkarinaukri.com/jobs/dbskkv-dbskkv-2026--2183","https://www.searchsarkarinaukri.com/jobs/dbskkv-dbskkv-2026--4202","job-listing","job-listing","81.50","215","215"
"https://www.searchsarkarinaukri.com/jobs/eil-eil-2026--2033","https://www.searchsarkarinaukri.com/jobs/eil-eil-2026--4434","job-listing","job-listing","81.50","215","215"
"https://www.searchsarkarinaukri.com/jobs/bmc-sweeper-recruitment-2026-apply-offline-for-31-posts--3808","https://www.searchsarkarinaukri.com/jobs/bmc-ward-attendant-recruitment-2026-apply-offline-for-12-posts--3809","job-listing","job-listing","81.48","293","301"
"https://www.searchsarkarinaukri.com/jobs/railway-recruitment-board-rrb-ministerial-isolated-category-posts-2026--1414","https://www.searchsarkarinaukri.com/jobs/railway-recruitment-board-rrb-paylevel-1-group-d-posts-recruitment-2026--1425","job-listing","job-listing","81.41","145","147"
"https://www.searchsarkarinaukri.com/jobs/railway-recruitment-board-rrb-ministerial-isolated-category-posts-2026--1421","https://www.searchsarkarinaukri.com/jobs/railway-recruitment-board-rrb-paylevel-1-group-d-posts-recruitment-2026--1425","job-listing","job-listing","81.41","145","147"
"https://www.searchsarkarinaukri.com/jobs/federal-bank-federal-bank-2026--5001","https://www.searchsarkarinaukri.com/jobs/federal-bank-federal-bank-2026--2141","job-listing","job-listing","81.38","218","251"
"https://www.searchsarkarinaukri.com/jobs/union-public-service-commission-combined-defence-services-examination-i-2026-2026--1435","https://www.searchsarkarinaukri.com/jobs/union-public-service-commission-national-defence-academy-and-naval-academy-2026--1436","job-listing","job-listing","81.38","136","142"
"https://www.searchsarkarinaukri.com/jobs/bel-bel-2026--1970","https://www.searchsarkarinaukri.com/jobs/bel-bel-2026--2310","job-listing","job-listing","81.36","222","222"
"https://www.searchsarkarinaukri.com/jobs/bel-bel-2026--2310","https://www.searchsarkarinaukri.com/jobs/bel-bel-2026--2039","job-listing","job-listing","81.36","222","222"
"https://www.searchsarkarinaukri.com/jobs/bel-bel-2026--1970","https://www.searchsarkarinaukri.com/jobs/bel-bel-2026--2188","job-listing","job-listing","81.36","222","222"
"https://www.searchsarkarinaukri.com/jobs/bel-bel-2026--2039","https://www.searchsarkarinaukri.com/jobs/bel-bel-2026--2188","job-listing","job-listing","81.36","222","222"
"https://www.searchsarkarinaukri.com/jobs/bel-bel-2026--1970","https://www.searchsarkarinaukri.com/jobs/bel-bel-2026--2402","job-listing","job-listing","81.36","222","222"
"https://www.searchsarkarinaukri.com/jobs/bel-bel-2026--2039","https://www.searchsarkarinaukri.com/jobs/bel-bel-2026--2402","job-listing","job-listing","81.36","222","222"
"https://www.searchsarkarinaukri.com/jobs/nabfid-nabfid-2026--3075","https://www.searchsarkarinaukri.com/jobs/nabfid-nabfid-2026--2061","job-listing","job-listing","81.36","221","221"
"https://www.searchsarkarinaukri.com/jobs/national-academy-of-defence-production-recruitment-for-the-post-of-instructional-2026--2483","https://www.searchsarkarinaukri.com/jobs/national-academy-of-defence-production-recruitment-for-the-post-of-library-2026--3273","job-listing","job-listing","81.33","141","145"
"https://www.searchsarkarinaukri.com/jobs/icar-nbsslup-icar-nbsslup-2026--2235","https://www.searchsarkarinaukri.com/jobs/icar-nbsslup-icar-nbsslup-2026--3965","job-listing","job-listing","81.28","217","217"
"https://www.searchsarkarinaukri.com/jobs/icar-nbsslup-icar-nbsslup-2026--2235","https://www.searchsarkarinaukri.com/jobs/icar-nbsslup-icar-nbsslup-2026--4209","job-listing","job-listing","81.28","217","217"
"https://www.searchsarkarinaukri.com/jobs-in-haryana","https://www.searchsarkarinaukri.com/jobs-in-punjab","location","location","81.22","553","553"
"https://www.searchsarkarinaukri.com/jobs/national-disaster-management-authority-deputation-for-the-post-of-consultant-2026--1654","https://www.searchsarkarinaukri.com/jobs/national-disaster-management-authority-deputation-for-the-post-of-senior-2026--1658","job-listing","job-listing","81.21","135","145"
"https://www.searchsarkarinaukri.com/jobs/gmc-goa-gmc-goa-2026--1826","https://www.searchsarkarinaukri.com/jobs/gmc-goa-gmc-goa-2026--3216","job-listing","job-listing","81.20","216","216"
"https://www.searchsarkarinaukri.com/jobs/ict-mumbai-ict-mumbai-2026--1959","https://www.searchsarkarinaukri.com/jobs/ict-mumbai-ict-mumbai-2026--3518","job-listing","job-listing","81.20","216","216"
"https://www.searchsarkarinaukri.com/jobs/ict-mumbai-ict-mumbai-2026--2179","https://www.searchsarkarinaukri.com/jobs/ict-mumbai-ict-mumbai-2026--3518","job-listing","job-listing","81.20","216","216"
"https://www.searchsarkarinaukri.com/jobs/ict-mumbai-ict-mumbai-2026--2834","https://www.searchsarkarinaukri.com/jobs/ict-mumbai-ict-mumbai-2026--3518","job-listing","job-listing","81.20","216","216"
"https://www.searchsarkarinaukri.com/jobs/ict-mumbai-ict-mumbai-2026--1959","https://www.searchsarkarinaukri.com/jobs/ict-mumbai-ict-mumbai-2026--3716","job-listing","job-listing","81.20","216","216"
"https://www.searchsarkarinaukri.com/jobs/ict-mumbai-ict-mumbai-2026--2991","https://www.searchsarkarinaukri.com/jobs/ict-mumbai-ict-mumbai-2026--3716","job-listing","job-listing","81.20","216","216"
"https://www.searchsarkarinaukri.com/jobs/ict-mumbai-ict-mumbai-2026--1959","https://www.searchsarkarinaukri.com/jobs/ict-mumbai-ict-mumbai-2026--4070","job-listing","job-listing","81.20","216","216"
"https://www.searchsarkarinaukri.com/jobs/ict-mumbai-ict-mumbai-2026--2991","https://www.searchsarkarinaukri.com/jobs/ict-mumbai-ict-mumbai-2026--4070","job-listing","job-listing","81.20","216","216"
"https://www.searchsarkarinaukri.com/jobs/ict-mumbai-ict-mumbai-2026--1959","https://www.searchsarkarinaukri.com/jobs/ict-mumbai-ict-mumbai-2026--4427","job-listing","job-listing","81.20","216","216"
"https://www.searchsarkarinaukri.com/jobs/ict-mumbai-ict-mumbai-2026--2991","https://www.searchsarkarinaukri.com/jobs/ict-mumbai-ict-mumbai-2026--4427","job-listing","job-listing","81.20","216","216"
"https://www.searchsarkarinaukri.com/jobs/ict-mumbai-ict-mumbai-2026--1959","https://www.searchsarkarinaukri.com/jobs/ict-mumbai-ict-mumbai-2026--4613","job-listing","job-listing","81.20","216","216"
"https://www.searchsarkarinaukri.com/jobs/ict-mumbai-ict-mumbai-2026--2179","https://www.searchsarkarinaukri.com/jobs/ict-mumbai-ict-mumbai-2026--4613","job-listing","job-listing","81.20","216","216"
"https://www.searchsarkarinaukri.com/jobs/ict-mumbai-ict-mumbai-2026--2834","https://www.searchsarkarinaukri.com/jobs/ict-mumbai-ict-mumbai-2026--4613","job-listing","job-listing","81.20","216","216"
"https://www.searchsarkarinaukri.com/jobs/ict-mumbai-ict-mumbai-2026--2991","https://www.searchsarkarinaukri.com/jobs/ict-mumbai-ict-mumbai-2026--4613","job-listing","job-listing","81.20","216","216"
"https://www.searchsarkarinaukri.com/jobs/sir-central-food-technological-research-institute-engagement-to-project-associate-i-2026--1637","https://www.searchsarkarinaukri.com/jobs/sir-central-food-technological-research-institute-engagement-to-project-associate-i-2026--2680","job-listing","job-listing","81.20","279","267"
"https://www.searchsarkarinaukri.com/jobs/sail-rsp-diploma-graduate-apprentice-chemical-recruitment-2026--4447","https://www.searchsarkarinaukri.com/jobs/sail-rsp-diploma-graduate-apprentice-electronics-telecommunication-recruitment-2026--4454","job-listing","job-listing","81.18","293","298"
"https://www.searchsarkarinaukri.com/jobs/sail-rsp-diploma-graduate-apprentice-electrical-recruitment-2026--4451","https://www.searchsarkarinaukri.com/jobs/sail-rsp-diploma-graduate-apprentice-electronics-telecommunication-recruitment-2026--4454","job-listing","job-listing","81.18","293","298"
"https://www.searchsarkarinaukri.com/jobs/sail-rsp-diploma-graduate-apprentice-civil-recruitment-2026--4448","https://www.searchsarkarinaukri.com/jobs/sail-rsp-diploma-graduate-apprentice-electronics-telecommunication-recruitment-2026--4454","job-listing","job-listing","81.18","293","298"
"https://www.searchsarkarinaukri.com/jobs/national-disaster-management-authority-deputation-for-the-post-of-senior-2026--1656","https://www.searchsarkarinaukri.com/jobs/national-disaster-management-authority-deputation-for-the-post-of-senior-2026--1657","job-listing","job-listing","81.17","143","149"
"https://www.searchsarkarinaukri.com/jobs/railway-recruitment-board-rrb-alp-technicians-recruitment-2018-2026--1426","https://www.searchsarkarinaukri.com/jobs/railway-recruitment-board-rrb-je-dms-cma-2026--1408","job-listing","job-listing","81.17","141","147"
"https://www.searchsarkarinaukri.com/jobs/railway-recruitment-board-rrb-alp-technicians-recruitment-2018-2026--1426","https://www.searchsarkarinaukri.com/jobs/railway-recruitment-board-rrb-je-dms-cma-2026--1418","job-listing","job-listing","81.17","141","147"
"https://www.searchsarkarinaukri.com/jobs/railway-recruitment-board-rrb-je-dms-cma-2026--1408","https://www.searchsarkarinaukri.com/jobs/railway-recruitment-board-rrb-paramedical-posts-recruitment-2024-cen-042024-2026--1417","job-listing","job-listing","81.17","147","141"
"https://www.searchsarkarinaukri.com/jobs/railway-recruitment-board-rrb-je-dms-cma-2026--1418","https://www.searchsarkarinaukri.com/jobs/railway-recruitment-board-rrb-paramedical-posts-recruitment-2024-cen-042024-2026--1417","job-listing","job-listing","81.17","147","141"
"https://www.searchsarkarinaukri.com/jobs/railway-recruitment-board-rrb-je-dms-cma-2026--1408","https://www.searchsarkarinaukri.com/jobs/railway-recruitment-board-rrb-paramedical-posts-recruitment-2019-cen-022019-2026--1422","job-listing","job-listing","81.17","147","141"
"https://www.searchsarkarinaukri.com/jobs/railway-recruitment-board-rrb-je-dms-cma-2026--1418","https://www.searchsarkarinaukri.com/jobs/railway-recruitment-board-rrb-paramedical-posts-recruitment-2019-cen-022019-2026--1422","job-listing","job-listing","81.17","147","141"
"https://www.searchsarkarinaukri.com/jobs/railway-recruitment-board-rrb-je-dms-cma-2026--1408","https://www.searchsarkarinaukri.com/jobs/railway-recruitment-board-rrb-paramedical-posts-recruitment-2025-cen-032025-2026--1410","job-listing","job-listing","81.17","147","141"
"https://www.searchsarkarinaukri.com/jobs/railway-recruitment-board-rrb-je-dms-cma-2026--1418","https://www.searchsarkarinaukri.com/jobs/railway-recruitment-board-rrb-paramedical-posts-recruitment-2025-cen-032025-2026--1410","job-listing","job-listing","81.17","147","141"
"https://www.searchsarkarinaukri.com/jobs/railway-recruitment-board-rrb-paylevel-1-group-d-posts-recruitment-2026--1425","https://www.searchsarkarinaukri.com/jobs/railway-recruitment-board-rrb-section-controller-recruitment-2025-cen-042025-2026--1409","job-listing","job-listing","81.17","147","141"
"https://www.searchsarkarinaukri.com/jobs/railway-recruitment-board-rrb-je-dms-cma-2026--1408","https://www.searchsarkarinaukri.com/jobs/railway-recruitment-board-rrb-section-controller-recruitment-2025-cen-042025-2026--1409","job-listing","job-listing","81.17","147","141"
"https://www.searchsarkarinaukri.com/jobs/railway-recruitment-board-rrb-je-dms-cma-2026--1418","https://www.searchsarkarinaukri.com/jobs/railway-recruitment-board-rrb-section-controller-recruitment-2025-cen-042025-2026--1409","job-listing","job-listing","81.17","147","141"
"https://www.searchsarkarinaukri.com/jobs/ict-mumbai-ict-mumbai-2026--1959","https://www.searchsarkarinaukri.com/jobs/ict-mumbai-ict-mumbai-2026--2467","job-listing","job-listing","81.15","216","234"
"https://www.searchsarkarinaukri.com/jobs/ict-mumbai-ict-mumbai-2026--2179","https://www.searchsarkarinaukri.com/jobs/ict-mumbai-ict-mumbai-2026--2467","job-listing","job-listing","81.15","216","234"
"https://www.searchsarkarinaukri.com/jobs/ict-mumbai-ict-mumbai-2026--2786","https://www.searchsarkarinaukri.com/jobs/ict-mumbai-ict-mumbai-2026--2834","job-listing","job-listing","81.15","234","216"
"https://www.searchsarkarinaukri.com/jobs/ict-mumbai-ict-mumbai-2026--2786","https://www.searchsarkarinaukri.com/jobs/ict-mumbai-ict-mumbai-2026--2991","job-listing","job-listing","81.15","234","216"
"https://www.searchsarkarinaukri.com/jobs/icsil-bharti-2026-details-icsil-bharti-2026-details-2026--3297","https://www.searchsarkarinaukri.com/jobs/icsil-bharti-2026-details-icsil-bharti-2026-details-2026--4956","job-listing","job-listing","81.12","264","227"
"https://www.searchsarkarinaukri.com/jobs/icsil-bharti-2026-details-icsil-bharti-2026-details-2026--4428","https://www.searchsarkarinaukri.com/jobs/icsil-bharti-2026-details-icsil-bharti-2026-details-2026--4956","job-listing","job-listing","81.12","264","227"
"https://www.searchsarkarinaukri.com/jobs/nmmc-nmmc-2026--2254","https://www.searchsarkarinaukri.com/jobs/nmmc-nmmc-2026--4325","job-listing","job-listing","81.12","218","218"
"https://www.searchsarkarinaukri.com/jobs/nmmc-nmmc-2026--2757","https://www.searchsarkarinaukri.com/jobs/nmmc-nmmc-2026--4325","job-listing","job-listing","81.12","218","218"
"https://www.searchsarkarinaukri.com/jobs/nmmc-nmmc-2026--2177","https://www.searchsarkarinaukri.com/jobs/nmmc-nmmc-2026--4325","job-listing","job-listing","81.12","218","218"
"https://www.searchsarkarinaukri.com/jobs/sail-rsp-diploma-graduate-apprentice-computer-science-recruitment-2026--4449","https://www.searchsarkarinaukri.com/jobs/sail-rsp-diploma-graduate-apprentice-metallurgy-recruitment-2026--4453","job-listing","job-listing","81.12","297","296"
"https://www.searchsarkarinaukri.com/jobs/union-public-service-commission-civil-services-preliminary-examination-2025-2026--1445","https://www.searchsarkarinaukri.com/jobs/union-public-service-commission-combined-geo-scientist-main-examination-2026-2026--1400","job-listing","job-listing","81.12","134","136"
"https://www.searchsarkarinaukri.com/jobs/union-public-service-commission-civil-services-preliminary-examination-2026-2026--1434","https://www.searchsarkarinaukri.com/jobs/union-public-service-commission-combined-geo-scientist-main-examination-2026-2026--1400","job-listing","job-listing","81.12","134","136"
"https://www.searchsarkarinaukri.com/jobs/union-public-service-commission-civil-services-main-examination-2025-2026--1440","https://www.searchsarkarinaukri.com/jobs/union-public-service-commission-combined-geo-scientist-preliminary-examination-2026-2026--1402","job-listing","job-listing","81.12","134","136"
"https://www.searchsarkarinaukri.com/jobs/union-public-service-commission-combined-defence-services-examination-i-2026-2026--1435","https://www.searchsarkarinaukri.com/jobs/union-public-service-commission-combined-medical-services-examination-2026-2026--1429","job-listing","job-listing","81.12","136","134"
"https://www.searchsarkarinaukri.com/jobs/union-public-service-commission-combined-defence-services-examination-ii-2025-2026--1442","https://www.searchsarkarinaukri.com/jobs/union-public-service-commission-combined-medical-services-examination-2026-2026--1429","job-listing","job-listing","81.12","136","134"
"https://www.searchsarkarinaukri.com/jobs/union-public-service-commission-combined-defence-services-examination-ii-2026-2026--1483","https://www.searchsarkarinaukri.com/jobs/union-public-service-commission-combined-medical-services-examination-2026-2026--1429","job-listing","job-listing","81.12","136","134"
"https://www.searchsarkarinaukri.com/jobs/union-public-service-commission-combined-geo-scientist-preliminary-examination-2026-2026--1402","https://www.searchsarkarinaukri.com/jobs/union-public-service-commission-indian-forest-service-examination-2025-2026--1427","job-listing","job-listing","81.12","136","134"
"https://www.searchsarkarinaukri.com/jobs/union-public-service-commission-combined-geo-scientist-main-examination-2026-2026--1400","https://www.searchsarkarinaukri.com/jobs/union-public-service-commission-indian-forest-service-examination-2025-2026--1427","job-listing","job-listing","81.12","136","134"
"https://www.searchsarkarinaukri.com/jobs/union-public-service-commission-civil-services-preliminary-examination-2025-2026--1445","https://www.searchsarkarinaukri.com/jobs/union-public-service-commission-indian-forest-service-main-examination-2025-2026--1439","job-listing","job-listing","81.12","134","136"
"https://www.searchsarkarinaukri.com/jobs/union-public-service-commission-civil-services-preliminary-examination-2026-2026--1434","https://www.searchsarkarinaukri.com/jobs/union-public-service-commission-indian-forest-service-main-examination-2025-2026--1439","job-listing","job-listing","81.12","134","136"
"https://www.searchsarkarinaukri.com/jobs/union-public-service-commission-combined-medical-services-examination-2026-2026--1429","https://www.searchsarkarinaukri.com/jobs/union-public-service-commission-indian-forest-service-main-examination-2025-2026--1439","job-listing","job-listing","81.12","134","136"
"https://www.searchsarkarinaukri.com/jobs/wcl-nagpur-wcl-nagpur-2026--1902","https://www.searchsarkarinaukri.com/jobs/wcl-nagpur-wcl-nagpur-2026--2603","job-listing","job-listing","81.12","238","238"
"https://www.searchsarkarinaukri.com/jobs/wcl-nagpur-wcl-nagpur-2026--1902","https://www.searchsarkarinaukri.com/jobs/wcl-nagpur-wcl-nagpur-2026--3310","job-listing","job-listing","81.12","238","238"
"https://www.searchsarkarinaukri.com/jobs-in-haryana","https://www.searchsarkarinaukri.com/jobs-in-uttarakhand","location","location","81.11","553","551"
"https://www.searchsarkarinaukri.com/jobs-in-punjab","https://www.searchsarkarinaukri.com/jobs-in-uttarakhand","location","location","81.11","553","551"
"https://www.searchsarkarinaukri.com/jobs/agharkar-research-institute-project-associate-i-agharkar-research-2026--2813","https://www.searchsarkarinaukri.com/jobs/agharkar-research-institute-project-associate-i-one-no-2026--2814","job-listing","job-listing","81.08","205","206"
"https://www.searchsarkarinaukri.com/jobs/mpsc-group-b-mpsc-group-b-2026--2080","https://www.searchsarkarinaukri.com/jobs/mpsc-group-c-mpsc-group-c-2026--2024","job-listing","job-listing","81.07","227","227"
"https://www.searchsarkarinaukri.com/jobs/union-bank-of-india-project-management-professional-recruitment-2026--4391","https://www.searchsarkarinaukri.com/jobs/union-bank-of-india-project-management-professional-recruitment-2026--4393","job-listing","job-listing","81.04","203","199"
"https://www.searchsarkarinaukri.com/jobs/ankurgeca-ankurgeca-2026--2303","https://www.searchsarkarinaukri.com/jobs/asrb-asrb-2026--1886","job-listing","job-listing","81.03","214","214"
"https://www.searchsarkarinaukri.com/jobs/boi-boi-2026--2308","https://www.searchsarkarinaukri.com/jobs/boi-boi-2026--2493","job-listing","job-listing","81.03","218","218"
"https://www.searchsarkarinaukri.com/jobs/asrb-asrb-2026--1886","https://www.searchsarkarinaukri.com/jobs/cidco-cidco-2026--3409","job-listing","job-listing","81.03","214","214"
"https://www.searchsarkarinaukri.com/jobs/ankurgeca-ankurgeca-2026--2303","https://www.searchsarkarinaukri.com/jobs/cidco-cidco-2026--3409","job-listing","job-listing","81.03","214","214"
"https://www.searchsarkarinaukri.com/jobs/dgft-dgft-2026--2030","https://www.searchsarkarinaukri.com/jobs/dgft-dgft-2026--4148","job-listing","job-listing","81.03","218","218"
"https://www.searchsarkarinaukri.com/jobs/icsi-icsi-2026--1811","https://www.searchsarkarinaukri.com/jobs/icsi-icsi-2026--3301","job-listing","job-listing","81.03","222","222"
"https://www.searchsarkarinaukri.com/jobs/icsi-icsi-2026--1811","https://www.searchsarkarinaukri.com/jobs/icsi-icsi-2026--3408","job-listing","job-listing","81.03","222","222"
"https://www.searchsarkarinaukri.com/jobs/icsi-icsi-2026--3301","https://www.searchsarkarinaukri.com/jobs/icsi-icsi-2026--3408","job-listing","job-listing","81.03","222","222"
"https://www.searchsarkarinaukri.com/jobs/icsi-icsi-2026--2269","https://www.searchsarkarinaukri.com/jobs/icsi-icsi-2026--3408","job-listing","job-listing","81.03","222","222"
"https://www.searchsarkarinaukri.com/jobs/icsi-icsi-2026--2348","https://www.searchsarkarinaukri.com/jobs/icsi-icsi-2026--3408","job-listing","job-listing","81.03","222","222"
"https://www.searchsarkarinaukri.com/jobs/mpsc-group-c-mpsc-group-c-2026--2599","https://www.searchsarkarinaukri.com/jobs/mpsc-group-c-services-combined-preliminary-examination-mpsc-group-c-services-combined-preliminary-20--2386","job-listing","job-listing","80.97","227","243"
"https://www.searchsarkarinaukri.com/jobs/mpsc-group-c-mpsc-group-c-2026--2377","https://www.searchsarkarinaukri.com/jobs/mpsc-group-c-services-combined-preliminary-examination-mpsc-group-c-services-combined-preliminary-20--2386","job-listing","job-listing","80.97","227","243"
"https://www.searchsarkarinaukri.com/jobs/mpsc-group-c-mpsc-group-c-2026--3398","https://www.searchsarkarinaukri.com/jobs/mpsc-group-c-services-combined-preliminary-examination-mpsc-group-c-services-combined-preliminary-20--3213","job-listing","job-listing","80.97","227","243"
"https://www.searchsarkarinaukri.com/jobs/mpsc-group-c-mpsc-group-c-2026--3470","https://www.searchsarkarinaukri.com/jobs/mpsc-group-c-services-combined-preliminary-examination-mpsc-group-c-services-combined-preliminary-20--3213","job-listing","job-listing","80.97","227","243"
"https://www.searchsarkarinaukri.com/jobs/dfccil-dfccil-2026--4268","https://www.searchsarkarinaukri.com/jobs/railtail-railtail-2026--3905","job-listing","job-listing","80.95","194","194"
"https://www.searchsarkarinaukri.com/jobs/vnit-nagpur-vnit-nagpur-2026--2168","https://www.searchsarkarinaukri.com/jobs/vnit-nagpur-vnit-nagpur-2026--2239","job-listing","job-listing","80.95","260","262"
"https://www.searchsarkarinaukri.com/jobs/bharati-vidyapeeth-pune-bharati-vidyapeeth-pune-2026--1747","https://www.searchsarkarinaukri.com/jobs/bharati-vidyapeeth-pune-bharati-vidyapeeth-pune-2026--4785","job-listing","job-listing","80.94","286","250"
"https://www.searchsarkarinaukri.com/jobs/bharati-vidyapeeth-pune-bharati-vidyapeeth-pune-2026--2547","https://www.searchsarkarinaukri.com/jobs/bharati-vidyapeeth-pune-bharati-vidyapeeth-pune-2026--4785","job-listing","job-listing","80.94","286","250"
"https://www.searchsarkarinaukri.com/jobs/shri-shivaji-shikshan-prasarak-mandal-solapur-shri-shivaji-shikshan-prasarak-2026--4265","https://www.searchsarkarinaukri.com/jobs/shri-shivaji-shikshan-prasarak-mandal-solapur-shri-shivaji-shikshan-prasarak-2026--4333","job-listing","job-listing","80.88","226","267"
"https://www.searchsarkarinaukri.com/jobs/anganwadi-ahilyanagar-anganwadi-ahilyanagar-2026--2748","https://www.searchsarkarinaukri.com/jobs/anganwadi-ahilyanagar-anganwadi-ahilyanagar-2026--3717","job-listing","job-listing","80.87","212","212"
"https://www.searchsarkarinaukri.com/jobs/anganwadi-ahilyanagar-anganwadi-ahilyanagar-2026--2891","https://www.searchsarkarinaukri.com/jobs/anganwadi-ahilyanagar-anganwadi-ahilyanagar-2026--3717","job-listing","job-listing","80.87","212","212"
"https://www.searchsarkarinaukri.com/jobs/anganwadi-ahilyanagar-anganwadi-ahilyanagar-2026--3717","https://www.searchsarkarinaukri.com/jobs/anganwadi-ahilyanagar-anganwadi-ahilyanagar-2026--2932","job-listing","job-listing","80.87","212","212"
"https://www.searchsarkarinaukri.com/jobs/maha-waqf-maha-waqf-2026--1962","https://www.searchsarkarinaukri.com/jobs/maha-waqf-maha-waqf-2026--2876","job-listing","job-listing","80.87","212","212"
"https://www.searchsarkarinaukri.com/jobs/mpkv-mpkv-2026--2874","https://www.searchsarkarinaukri.com/jobs/mpkv-mpkv-2026--3719","job-listing","job-listing","80.87","215","215"
"https://www.searchsarkarinaukri.com/jobs/mpkv-mpkv-2026--2500","https://www.searchsarkarinaukri.com/jobs/mpkv-mpkv-2026--3719","job-listing","job-listing","80.87","215","215"
"https://www.searchsarkarinaukri.com/jobs/mpkv-mpkv-2026--2874","https://www.searchsarkarinaukri.com/jobs/mpkv-mpkv-2026--4578","job-listing","job-listing","80.87","215","215"
"https://www.searchsarkarinaukri.com/jobs/mpkv-mpkv-2026--2500","https://www.searchsarkarinaukri.com/jobs/mpkv-mpkv-2026--4578","job-listing","job-listing","80.87","215","215"
"https://www.searchsarkarinaukri.com/jobs/mahavitaran-ahilyanagar-mahavitaran-ahilyanagar-2026--2447","https://www.searchsarkarinaukri.com/jobs/mahavitaran-shrirampur-mahavitaran-shrirampur-2026--2446","job-listing","job-listing","80.83","225","225"
"https://www.searchsarkarinaukri.com/jobs/mhrb-mhrb-2026--2886","https://www.searchsarkarinaukri.com/jobs/mhrb-mhrb-2026--4532","job-listing","job-listing","80.79","211","211"
"https://www.searchsarkarinaukri.com/jobs/nalco-nalco-2026--1796","https://www.searchsarkarinaukri.com/jobs/nalco-nalco-2026--3725","job-listing","job-listing","80.79","211","211"
"https://www.searchsarkarinaukri.com/jobs/rbi-rbi-2026--1971","https://www.searchsarkarinaukri.com/jobs/rbi-rbi-2026--2035","job-listing","job-listing","80.79","211","211"
"https://www.searchsarkarinaukri.com/jobs/rbi-rbi-2026--1971","https://www.searchsarkarinaukri.com/jobs/rbi-rbi-2026--2535","job-listing","job-listing","80.79","211","211"
"https://www.searchsarkarinaukri.com/jobs/dgft-dgft-2026--2030","https://www.searchsarkarinaukri.com/jobs/the-baramati-sahakari-bank-the-baramati-sahakari-bank-2026--1923","job-listing","job-listing","80.75","218","230"
"https://www.searchsarkarinaukri.com/jobs/rites-rites-2026--3252","https://www.searchsarkarinaukri.com/jobs/rites-rites-2026--4072","job-listing","job-listing","80.74","254","221"
"https://www.searchsarkarinaukri.com/jobs/rites-rites-2026--3658","https://www.searchsarkarinaukri.com/jobs/rites-rites-2026--4072","job-listing","job-listing","80.74","254","221"
"https://www.searchsarkarinaukri.com/jobs/rites-rites-2026--4072","https://www.searchsarkarinaukri.com/jobs/rites-rites-2026--3900","job-listing","job-listing","80.74","221","254"
"https://www.searchsarkarinaukri.com/jobs/sail-rsp-diploma-graduate-apprentice-electronics-telecommunication-recruitment-2026--4454","https://www.searchsarkarinaukri.com/jobs/sail-rsp-diploma-graduate-apprentice-mechanical-mechatronics-recruitment-2026--4452","job-listing","job-listing","80.74","298","304"
"https://www.searchsarkarinaukri.com/jobs-in-jammu-kashmir","https://www.searchsarkarinaukri.com/jobs-in-uttarakhand","location","location","80.66","554","551"
"https://www.searchsarkarinaukri.com/jobs/national-disaster-management-authority-deputation-for-the-post-of-senior-2026--1657","https://www.searchsarkarinaukri.com/jobs/national-disaster-management-authority-deputation-for-the-post-of-senior-2026--1658","job-listing","job-listing","80.65","149","145"
"https://www.searchsarkarinaukri.com/jobs/railway-recruitment-board-rrb-assistant-loco-pilot-recruitment-2024-cen-012024-2026--1420","https://www.searchsarkarinaukri.com/jobs/railway-recruitment-board-rrb-je-dms-cma-posts-2026--1424","job-listing","job-listing","80.65","143","145"
"https://www.searchsarkarinaukri.com/jobs/railway-recruitment-board-rrb-assistant-loco-pilot-recruitment-2025-cen-012025-2026--1412","https://www.searchsarkarinaukri.com/jobs/railway-recruitment-board-rrb-je-dms-cma-posts-2026--1424","job-listing","job-listing","80.65","143","145"
"https://www.searchsarkarinaukri.com/jobs/railway-recruitment-board-rrb-assistant-loco-pilot-recruitment-2026-cen-012026-2026--1403","https://www.searchsarkarinaukri.com/jobs/railway-recruitment-board-rrb-je-dms-cma-posts-2026--1424","job-listing","job-listing","80.65","143","145"
"https://www.searchsarkarinaukri.com/jobs/railway-recruitment-board-rrb-assistant-loco-pilot-recruitment-2024-cen-012024-2026--1420","https://www.searchsarkarinaukri.com/jobs/railway-recruitment-board-rrb-ministerial-isolated-category-posts-2026--1414","job-listing","job-listing","80.65","143","145"
"https://www.searchsarkarinaukri.com/jobs/railway-recruitment-board-rrb-assistant-loco-pilot-recruitment-2025-cen-012025-2026--1412","https://www.searchsarkarinaukri.com/jobs/railway-recruitment-board-rrb-ministerial-isolated-category-posts-2026--1414","job-listing","job-listing","80.65","143","145"
"https://www.searchsarkarinaukri.com/jobs/railway-recruitment-board-rrb-assistant-loco-pilot-recruitment-2026-cen-012026-2026--1403","https://www.searchsarkarinaukri.com/jobs/railway-recruitment-board-rrb-ministerial-isolated-category-posts-2026--1414","job-listing","job-listing","80.65","143","145"
"https://www.searchsarkarinaukri.com/jobs/railway-recruitment-board-rrb-assistant-loco-pilot-recruitment-2024-cen-012024-2026--1420","https://www.searchsarkarinaukri.com/jobs/railway-recruitment-board-rrb-ministerial-isolated-category-posts-2026--1421","job-listing","job-listing","80.65","143","145"
"https://www.searchsarkarinaukri.com/jobs/railway-recruitment-board-rrb-assistant-loco-pilot-recruitment-2025-cen-012025-2026--1412","https://www.searchsarkarinaukri.com/jobs/railway-recruitment-board-rrb-ministerial-isolated-category-posts-2026--1421","job-listing","job-listing","80.65","143","145"
"https://www.searchsarkarinaukri.com/jobs/railway-recruitment-board-rrb-assistant-loco-pilot-recruitment-2026-cen-012026-2026--1403","https://www.searchsarkarinaukri.com/jobs/railway-recruitment-board-rrb-ministerial-isolated-category-posts-2026--1421","job-listing","job-listing","80.65","143","145"
"https://www.searchsarkarinaukri.com/jobs/railway-recruitment-board-rrb-pay-level-1-group-d-posts-2026--1404","https://www.searchsarkarinaukri.com/jobs/railway-recruitment-board-rrb-section-controller-recruitment-2025-cen-042025-2026--1409","job-listing","job-listing","80.65","149","141"
"https://www.searchsarkarinaukri.com/jobs/railway-recruitment-board-rrb-pay-level-1-group-d-posts-2026--1413","https://www.searchsarkarinaukri.com/jobs/railway-recruitment-board-rrb-section-controller-recruitment-2025-cen-042025-2026--1409","job-listing","job-listing","80.65","149","141"
"https://www.searchsarkarinaukri.com/jobs/bank-of-baroda-bank-of-baroda-2026--3215","https://www.searchsarkarinaukri.com/jobs/bank-of-baroda-bank-of-baroda-2026--4220","job-listing","job-listing","80.63","264","228"
"https://www.searchsarkarinaukri.com/engineer-jobs-in-bihar","https://www.searchsarkarinaukri.com/post-graduate-jobs-in-bihar","other","other","80.63","382","320"
"https://www.searchsarkarinaukri.com/jobs/nhai-nhai-2026--2785","https://www.searchsarkarinaukri.com/jobs/nhai-nhai-2026--4379","job-listing","job-listing","80.60","246","218"
"https://www.searchsarkarinaukri.com/jobs/sail-rsp-graduate-apprentice-bachelor-of-commerce-recruitment-2026--4462","https://www.searchsarkarinaukri.com/jobs/sail-rsp-graduate-apprentice-bachelor-of-science-recruitment-2026--4461","job-listing","job-listing","80.60","279","279"
"https://www.searchsarkarinaukri.com/admit-cards/1","https://www.searchsarkarinaukri.com/admit-cards/4","admit-card","admit-card","80.56","137","143"
"https://www.searchsarkarinaukri.com/jobs/union-public-service-commission-central-armed-police-forces-acs-examination-2026--1431","https://www.searchsarkarinaukri.com/jobs/union-public-service-commission-civil-services-main-examination-2025-2026--1440","job-listing","job-listing","80.56","138","134"
"https://www.searchsarkarinaukri.com/jobs/union-public-service-commission-central-armed-police-forces-acs-examination-2026--1443","https://www.searchsarkarinaukri.com/jobs/union-public-service-commission-civil-services-main-examination-2025-2026--1440","job-listing","job-listing","80.56","138","134"
"https://www.searchsarkarinaukri.com/jobs/union-public-service-commission-central-armed-police-forces-acs-examination-2026--1431","https://www.searchsarkarinaukri.com/jobs/union-public-service-commission-civil-services-preliminary-examination-2025-2026--1445","job-listing","job-listing","80.56","138","134"
"https://www.searchsarkarinaukri.com/jobs/union-public-service-commission-central-armed-police-forces-acs-examination-2026--1443","https://www.searchsarkarinaukri.com/jobs/union-public-service-commission-civil-services-preliminary-examination-2025-2026--1445","job-listing","job-listing","80.56","138","134"
"https://www.searchsarkarinaukri.com/jobs/union-public-service-commission-central-armed-police-forces-acs-examination-2026--1431","https://www.searchsarkarinaukri.com/jobs/union-public-service-commission-civil-services-preliminary-examination-2026-2026--1434","job-listing","job-listing","80.56","138","134"
"https://www.searchsarkarinaukri.com/jobs/union-public-service-commission-central-armed-police-forces-acs-examination-2026--1443","https://www.searchsarkarinaukri.com/jobs/union-public-service-commission-civil-services-preliminary-examination-2026-2026--1434","job-listing","job-listing","80.56","138","134"
"https://www.searchsarkarinaukri.com/jobs/union-public-service-commission-combined-defence-services-examination-ii-2025-2026--1442","https://www.searchsarkarinaukri.com/jobs/union-public-service-commission-combined-geo-scientist-main-examination-2026-2026--1400","job-listing","job-listing","80.56","136","136"
"https://www.searchsarkarinaukri.com/jobs/union-public-service-commission-combined-defence-services-examination-ii-2026-2026--1483","https://www.searchsarkarinaukri.com/jobs/union-public-service-commission-combined-geo-scientist-main-examination-2026-2026--1400","job-listing","job-listing","80.56","136","136"
"https://www.searchsarkarinaukri.com/jobs/union-public-service-commission-combined-defence-services-examination-i-2026-2026--1435","https://www.searchsarkarinaukri.com/jobs/union-public-service-commission-combined-geo-scientist-main-examination-2026-2026--1400","job-listing","job-listing","80.56","136","136"
"https://www.searchsarkarinaukri.com/jobs/union-public-service-commission-combined-defence-services-examination-i-2026-2026--1435","https://www.searchsarkarinaukri.com/jobs/union-public-service-commission-combined-geo-scientist-preliminary-examination-2026-2026--1402","job-listing","job-listing","80.56","136","136"
"https://www.searchsarkarinaukri.com/jobs/union-public-service-commission-combined-defence-services-examination-ii-2025-2026--1442","https://www.searchsarkarinaukri.com/jobs/union-public-service-commission-combined-geo-scientist-preliminary-examination-2026-2026--1402","job-listing","job-listing","80.56","136","136"
"https://www.searchsarkarinaukri.com/jobs/union-public-service-commission-combined-defence-services-examination-ii-2026-2026--1483","https://www.searchsarkarinaukri.com/jobs/union-public-service-commission-combined-geo-scientist-preliminary-examination-2026-2026--1402","job-listing","job-listing","80.56","136","136"
"https://www.searchsarkarinaukri.com/jobs/union-public-service-commission-central-armed-police-forces-acs-examination-2026--1431","https://www.searchsarkarinaukri.com/jobs/union-public-service-commission-indian-forest-service-examination-2025-2026--1427","job-listing","job-listing","80.56","138","134"
"https://www.searchsarkarinaukri.com/jobs/union-public-service-commission-central-armed-police-forces-acs-examination-2026--1443","https://www.searchsarkarinaukri.com/jobs/union-public-service-commission-indian-forest-service-examination-2025-2026--1427","job-listing","job-listing","80.56","138","134"
"https://www.searchsarkarinaukri.com/jobs/union-public-service-commission-combined-geo-scientist-preliminary-examination-2026-2026--1402","https://www.searchsarkarinaukri.com/jobs/union-public-service-commission-indian-forest-service-main-examination-2025-2026--1439","job-listing","job-listing","80.56","136","136"
"https://www.searchsarkarinaukri.com/jobs/goa-university-goa-university-2026--1812","https://www.searchsarkarinaukri.com/jobs/goa-university-goa-university-2026--2621","job-listing","job-listing","80.53","211","211"
"https://www.searchsarkarinaukri.com/jobs/goa-university-goa-university-2026--2621","https://www.searchsarkarinaukri.com/jobs/goa-university-goa-university-2026--1998","job-listing","job-listing","80.53","211","211"
"https://www.searchsarkarinaukri.com/jobs/goa-university-goa-university-2026--1812","https://www.searchsarkarinaukri.com/jobs/goa-university-goa-university-2026--2881","job-listing","job-listing","80.53","211","211"
"https://www.searchsarkarinaukri.com/jobs/goa-university-goa-university-2026--1998","https://www.searchsarkarinaukri.com/jobs/goa-university-goa-university-2026--2881","job-listing","job-listing","80.53","211","211"
"https://www.searchsarkarinaukri.com/jobs/goa-university-goa-university-2026--2621","https://www.searchsarkarinaukri.com/jobs/goa-university-goa-university-2026--4004","job-listing","job-listing","80.53","211","211"
"https://www.searchsarkarinaukri.com/jobs/iit-goa-iit-goa-2026--2065","https://www.searchsarkarinaukri.com/jobs/iit-goa-iit-goa-2026--4006","job-listing","job-listing","80.53","211","211"
"https://www.searchsarkarinaukri.com/jobs/iit-goa-iit-goa-2026--2984","https://www.searchsarkarinaukri.com/jobs/iit-goa-iit-goa-2026--4006","job-listing","job-listing","80.53","211","211"
"https://www.searchsarkarinaukri.com/jobs/sail-rsp-diploma-graduate-apprentice-chemical-recruitment-2026--4447","https://www.searchsarkarinaukri.com/jobs/sail-rsp-diploma-graduate-apprentice-information-technology-recruitment-2026--4455","job-listing","job-listing","80.49","293","299"
"https://www.searchsarkarinaukri.com/jobs/sail-rsp-diploma-graduate-apprentice-civil-recruitment-2026--4448","https://www.searchsarkarinaukri.com/jobs/sail-rsp-diploma-graduate-apprentice-information-technology-recruitment-2026--4455","job-listing","job-listing","80.49","293","299"
"https://www.searchsarkarinaukri.com/jobs/krcl-krcl-2026--1921","https://www.searchsarkarinaukri.com/jobs/krcl-krcl-2026--4583","job-listing","job-listing","80.47","284","250"
"https://www.searchsarkarinaukri.com/jobs/krcl-krcl-2026--2230","https://www.searchsarkarinaukri.com/jobs/krcl-krcl-2026--4583","job-listing","job-listing","80.47","284","250"
"https://www.searchsarkarinaukri.com/jobs/krcl-krcl-2026--3260","https://www.searchsarkarinaukri.com/jobs/krcl-krcl-2026--4583","job-listing","job-listing","80.47","284","250"
"https://www.searchsarkarinaukri.com/jobs/krcl-krcl-2026--2383","https://www.searchsarkarinaukri.com/jobs/krcl-krcl-2026--4583","job-listing","job-listing","80.47","284","250"
"https://www.searchsarkarinaukri.com/jobs/national-film-development-corporation-mumbai-national-film-development-corporation-mumbai-2026--3120","https://www.searchsarkarinaukri.com/jobs/national-film-development-corporation-mumbai-national-film-development-corporation-mumbai-2026--4788","job-listing","job-listing","80.45","278","236"
"https://www.searchsarkarinaukri.com/jobs/esis-hospital-solapur-esis-hospital-solapur-2026--2317","https://www.searchsarkarinaukri.com/jobs/esis-hospital-solapur-esis-hospital-solapur-2026--3091","job-listing","job-listing","80.44","230","230"
"https://www.searchsarkarinaukri.com/jobs/esis-hospital-solapur-esis-hospital-solapur-2026--3091","https://www.searchsarkarinaukri.com/jobs/esis-hospital-solapur-esis-hospital-solapur-2026--4722","job-listing","job-listing","80.44","230","230"
"https://www.searchsarkarinaukri.com/jobs/esis-hospital-solapur-esis-hospital-solapur-2026--2317","https://www.searchsarkarinaukri.com/jobs/esis-hospital-solapur-esis-hospital-solapur-2026--4722","job-listing","job-listing","80.44","230","230"
"https://www.searchsarkarinaukri.com/jobs/sail-rsp-diploma-graduate-apprentice-computer-science-recruitment-2026--4449","https://www.searchsarkarinaukri.com/jobs/sail-rsp-diploma-graduate-apprentice-electronics-telecommunication-recruitment-2026--4454","job-listing","job-listing","80.34","297","298"
"https://www.searchsarkarinaukri.com/jobs/csl-csl-2026--2623","https://www.searchsarkarinaukri.com/jobs/csl-csl-2026--4527","job-listing","job-listing","80.33","244","216"
"https://www.searchsarkarinaukri.com/jobs/mitra-mitra-2026--3085","https://www.searchsarkarinaukri.com/jobs/nagarpanchayat-kuhi-nagarpanchayat-kuhi-2026--2918","job-listing","job-listing","80.33","222","226"
"https://www.searchsarkarinaukri.com/jobs/mitra-mitra-2026--3085","https://www.searchsarkarinaukri.com/jobs/niti-aayog-niti-aayog-2026--1734","job-listing","job-listing","80.33","222","226"
"https://www.searchsarkarinaukri.com/jobs/jilhadhikari-karyalay-dhule-jilhadhikari-karyalay-dhule-2026--3525","https://www.searchsarkarinaukri.com/jobs/jilhadhikari-karyalay-dhule-jilhadhikari-karyalay-dhule-2026--4668","job-listing","job-listing","80.31","265","227"
"https://www.searchsarkarinaukri.com/jobs/ncra-pune-ncra-pune-2026--1952","https://www.searchsarkarinaukri.com/jobs/ncra-pune-ncra-pune-2026--4085","job-listing","job-listing","80.30","269","234"
"https://www.searchsarkarinaukri.com/jobs/mmrda-mmrda-2026--1993","https://www.searchsarkarinaukri.com/jobs/mmrda-mmrda-2026--2879","job-listing","job-listing","80.27","205","205"
"https://www.searchsarkarinaukri.com/jobs/mmrda-mmrda-2026--1993","https://www.searchsarkarinaukri.com/jobs/rrium-rrium-2026--3132","job-listing","job-listing","80.27","205","205"
"https://www.searchsarkarinaukri.com/jobs/sail-rsp-diploma-graduate-apprentice-mechanical-mechatronics-recruitment-2026--4452","https://www.searchsarkarinaukri.com/jobs/sail-rsp-diploma-graduate-apprentice-metallurgy-recruitment-2026--4453","job-listing","job-listing","80.27","304","296"
"https://www.searchsarkarinaukri.com/jobs/ibps-po-ibps-po-2026--2604","https://www.searchsarkarinaukri.com/jobs/ibps-so-ibps-so-2026--2605","job-listing","job-listing","80.25","227","227"
"https://www.searchsarkarinaukri.com/jobs/ibps-po-ibps-po-2026--3419","https://www.searchsarkarinaukri.com/jobs/ibps-so-ibps-so-2026--3420","job-listing","job-listing","80.25","227","227"
"https://www.searchsarkarinaukri.com/jobs/msamb-msamb-2026--2717","https://www.searchsarkarinaukri.com/jobs/wcd-goa-wcd-goa-2026--2391","job-listing","job-listing","80.25","226","230"
"https://www.searchsarkarinaukri.com/jobs/mscc-mscc-2026--2315","https://www.searchsarkarinaukri.com/jobs/wcd-goa-wcd-goa-2026--2391","job-listing","job-listing","80.25","226","230"
"https://www.searchsarkarinaukri.com/jobs/ncr-ncr-2026--2836","https://www.searchsarkarinaukri.com/jobs/ncr-ncr-2026--4782","job-listing","job-listing","80.18","226","195"
"https://www.searchsarkarinaukri.com/jobs/sail-rsp-diploma-graduate-apprentice-eee-recruitment-2026--4450","https://www.searchsarkarinaukri.com/jobs/sail-rsp-diploma-graduate-apprentice-electronics-communication-recruitment-2026--4466","job-listing","job-listing","80.14","297","297"
"https://www.searchsarkarinaukri.com/jobs/national-disaster-management-authority-deputation-for-the-post-of-consultant-2026--1654","https://www.searchsarkarinaukri.com/jobs/national-disaster-management-authority-deputation-for-the-post-of-senior-2026--1657","job-listing","job-listing","80.13","135","149"
"https://www.searchsarkarinaukri.com/jobs/railway-recruitment-board-rrb-assistant-loco-pilot-recruitment-2024-cen-012024-2026--1420","https://www.searchsarkarinaukri.com/jobs/railway-recruitment-board-rrb-je-dms-cma-2026--1408","job-listing","job-listing","80.13","143","147"
"https://www.searchsarkarinaukri.com/jobs/railway-recruitment-board-rrb-assistant-loco-pilot-recruitment-2025-cen-012025-2026--1412","https://www.searchsarkarinaukri.com/jobs/railway-recruitment-board-rrb-je-dms-cma-2026--1408","job-listing","job-listing","80.13","143","147"
"https://www.searchsarkarinaukri.com/jobs/railway-recruitment-board-rrb-assistant-loco-pilot-recruitment-2026-cen-012026-2026--1403","https://www.searchsarkarinaukri.com/jobs/railway-recruitment-board-rrb-je-dms-cma-2026--1408","job-listing","job-listing","80.13","143","147"
"https://www.searchsarkarinaukri.com/jobs/railway-recruitment-board-rrb-isolated-category-posts-recruitment-2025-2026--1405","https://www.searchsarkarinaukri.com/jobs/railway-recruitment-board-rrb-je-dms-cma-2026--1408","job-listing","job-listing","80.13","143","147"
"https://www.searchsarkarinaukri.com/jobs/railway-recruitment-board-rrb-assistant-loco-pilot-recruitment-2024-cen-012024-2026--1420","https://www.searchsarkarinaukri.com/jobs/railway-recruitment-board-rrb-je-dms-cma-2026--1418","job-listing","job-listing","80.13","143","147"
"https://www.searchsarkarinaukri.com/jobs/railway-recruitment-board-rrb-assistant-loco-pilot-recruitment-2025-cen-012025-2026--1412","https://www.searchsarkarinaukri.com/jobs/railway-recruitment-board-rrb-je-dms-cma-2026--1418","job-listing","job-listing","80.13","143","147"
"https://www.searchsarkarinaukri.com/jobs/railway-recruitment-board-rrb-assistant-loco-pilot-recruitment-2026-cen-012026-2026--1403","https://www.searchsarkarinaukri.com/jobs/railway-recruitment-board-rrb-je-dms-cma-2026--1418","job-listing","job-listing","80.13","143","147"
"https://www.searchsarkarinaukri.com/jobs/railway-recruitment-board-rrb-isolated-category-posts-recruitment-2025-2026--1405","https://www.searchsarkarinaukri.com/jobs/railway-recruitment-board-rrb-je-dms-cma-2026--1418","job-listing","job-listing","80.13","143","147"
"https://www.searchsarkarinaukri.com/jobs/railway-recruitment-board-rrb-je-dms-cma-2026--1408","https://www.searchsarkarinaukri.com/jobs/railway-recruitment-board-rrb-ntpc-undergraduate-posts-recruitment-2025-cen-072025-2026--1406","job-listing","job-listing","80.13","147","143"
"https://www.searchsarkarinaukri.com/jobs/railway-recruitment-board-rrb-je-dms-cma-2026--1418","https://www.searchsarkarinaukri.com/jobs/railway-recruitment-board-rrb-ntpc-undergraduate-posts-recruitment-2025-cen-072025-2026--1406","job-listing","job-listing","80.13","147","143"
"https://www.searchsarkarinaukri.com/jobs/railway-recruitment-board-rrb-je-dms-cma-2026--1408","https://www.searchsarkarinaukri.com/jobs/railway-recruitment-board-rrb-ntpc-undergraduate-posts-recruitment-2024-cen-062024-2026--1415","job-listing","job-listing","80.13","147","143"
"https://www.searchsarkarinaukri.com/jobs/railway-recruitment-board-rrb-je-dms-cma-2026--1418","https://www.searchsarkarinaukri.com/jobs/railway-recruitment-board-rrb-ntpc-undergraduate-posts-recruitment-2024-cen-062024-2026--1415","job-listing","job-listing","80.13","147","143"
"https://www.searchsarkarinaukri.com/jobs/sail-rsp-diploma-graduate-apprentice-eee-recruitment-2026--4450","https://www.searchsarkarinaukri.com/jobs/sail-rsp-diploma-graduate-apprentice-mechanical-mechatronics-recruitment-2026--4452","job-listing","job-listing","80.13","297","304"
"https://www.searchsarkarinaukri.com/jobs/bhel-bhel-2026--2073","https://www.searchsarkarinaukri.com/jobs/bhel-bhel-2026--4665","job-listing","job-listing","80.08","241","213"
"https://www.searchsarkarinaukri.com/jobs/bhel-bhel-2026--4432","https://www.searchsarkarinaukri.com/jobs/bhel-bhel-2026--4665","job-listing","job-listing","80.08","241","213"
"https://www.searchsarkarinaukri.com/jobs/bhel-bhel-2026--2655","https://www.searchsarkarinaukri.com/jobs/bhel-bhel-2026--4665","job-listing","job-listing","80.08","241","213"
"https://www.searchsarkarinaukri.com/jobs/defence-institute-of-advanced-technology-pune-defence-institute-of-advanced-2026--2926","https://www.searchsarkarinaukri.com/jobs/defence-institute-of-advanced-technology-pune-defence-institute-of-advanced-2026--4729","job-listing","job-listing","80.08","271","230"
"https://www.searchsarkarinaukri.com/jobs/defence-institute-of-advanced-technology-pune-defence-institute-of-advanced-2026--2989","https://www.searchsarkarinaukri.com/jobs/defence-institute-of-advanced-technology-pune-defence-institute-of-advanced-2026--4729","job-listing","job-listing","80.08","271","230"
"https://www.searchsarkarinaukri.com/jobs/vnit-nagpur-vnit-nagpur-2026--2168","https://www.searchsarkarinaukri.com/jobs/vnit-nagpur-vnit-nagpur-2026--4957","job-listing","job-listing","80.08","260","225"
"https://www.searchsarkarinaukri.com/jobs/bharatratna-atalbihari-vajpayee-medical-college-and-hospital-pune-bharatratna-atalbihari-vajpayee-me--2102","https://www.searchsarkarinaukri.com/jobs/bharatratna-atalbihari-vajpayee-medical-college-and-hospital-pune-bharatratna-atalbihari-vajpayee-me--4316","job-listing","job-listing","80.00","204","206"
"https://www.searchsarkarinaukri.com/jobs/union-bank-of-india-project-management-professional-recruitment-2026--4392","https://www.searchsarkarinaukri.com/jobs/union-bank-of-india-project-management-professional-recruitment-2026--4391","job-listing","job-listing","80.00","204","203"
"https://www.searchsarkarinaukri.com/jobs/union-public-service-commission-central-armed-police-forces-acs-examination-2026--1431","https://www.searchsarkarinaukri.com/jobs/union-public-service-commission-combined-geo-scientist-main-examination-2026-2026--1400","job-listing","job-listing","80.00","138","136"
"https://www.searchsarkarinaukri.com/jobs/union-public-service-commission-central-armed-police-forces-acs-examination-2026--1443","https://www.searchsarkarinaukri.com/jobs/union-public-service-commission-combined-geo-scientist-main-examination-2026-2026--1400","job-listing","job-listing","80.00","138","136"
"https://www.searchsarkarinaukri.com/jobs/union-public-service-commission-central-armed-police-forces-acs-examination-2026--1431","https://www.searchsarkarinaukri.com/jobs/union-public-service-commission-combined-geo-scientist-preliminary-examination-2026-2026--1402","job-listing","job-listing","80.00","138","136"
"https://www.searchsarkarinaukri.com/jobs/union-public-service-commission-central-armed-police-forces-acs-examination-2026--1443","https://www.searchsarkarinaukri.com/jobs/union-public-service-commission-combined-geo-scientist-preliminary-examination-2026-2026--1402","job-listing","job-listing","80.00","138","136"
"https://www.searchsarkarinaukri.com/jobs/union-public-service-commission-civil-services-main-examination-2025-2026--1440","https://www.searchsarkarinaukri.com/jobs/union-public-service-commission-indian-economic-service-indian-statistical-2026--1432","job-listing","job-listing","80.00","134","140"
"https://www.searchsarkarinaukri.com/jobs/union-public-service-commission-combined-medical-services-examination-2026-2026--1429","https://www.searchsarkarinaukri.com/jobs/union-public-service-commission-indian-economic-service-indian-statistical-2026--1432","job-listing","job-listing","80.00","134","140"
"https://www.searchsarkarinaukri.com/jobs/union-public-service-commission-civil-services-preliminary-examination-2025-2026--1445","https://www.searchsarkarinaukri.com/jobs/union-public-service-commission-indian-economic-service-indian-statistical-2026--1432","job-listing","job-listing","80.00","134","140"
"https://www.searchsarkarinaukri.com/jobs/union-public-service-commission-civil-services-preliminary-examination-2026-2026--1434","https://www.searchsarkarinaukri.com/jobs/union-public-service-commission-indian-economic-service-indian-statistical-2026--1432","job-listing","job-listing","80.00","134","140"
