url,sitemap_file,lastmod,page_type,duplicate_count
https://www.searchsarkarinaukri.com/,https://www.searchsarkarinaukri.com/sitemap-static.xml,,homepage,1
https://www.searchsarkarinaukri.com/jobs,https://www.searchsarkarinaukri.com/sitemap-static.xml,,other,1
https://www.searchsarkarinaukri.com/exams,https://www.searchsarkarinaukri.com/sitemap-static.xml,,other,1
https://www.searchsarkarinaukri.com/exam-calendar,https://www.searchsarkarinaukri.com/sitemap-static.xml,,other,1
https://www.searchsarkarinaukri.com/admit-cards,https://www.searchsarkarinaukri.com/sitemap-static.xml,,admit-card,1
https://www.searchsarkarinaukri.com/current-affairs,https://www.searchsarkarinaukri.com/sitemap-static.xml,,other,1
https://www.searchsarkarinaukri.com/quiz,https://www.searchsarkarinaukri.com/sitemap-static.xml,,feature-page,1
https://www.searchsarkarinaukri.com/daily-assessment,https://www.searchsarkarinaukri.com/sitemap-static.xml,,feature-page,1
https://www.searchsarkarinaukri.com/study-material,https://www.searchsarkarinaukri.com/sitemap-static.xml,,other,1
https://www.searchsarkarinaukri.com/digital-library,https://www.searchsarkarinaukri.com/sitemap-static.xml,,feature-page,1
https://www.searchsarkarinaukri.com/eligibility-checker,https://www.searchsarkarinaukri.com/sitemap-static.xml,,other,1
https://www.searchsarkarinaukri.com/districts,https://www.searchsarkarinaukri.com/sitemap-static.xml,,location,1
https://www.searchsarkarinaukri.com/sitemap,https://www.searchsarkarinaukri.com/sitemap-static.xml,,other,1
https://www.searchsarkarinaukri.com/news,https://www.searchsarkarinaukri.com/sitemap-static.xml,,news,1
https://www.searchsarkarinaukri.com/blogs,https://www.searchsarkarinaukri.com/sitemap-static.xml,,blog,1
https://www.searchsarkarinaukri.com/results,https://www.searchsarkarinaukri.com/sitemap-static.xml,,results,1
https://www.searchsarkarinaukri.com/career-guidance,https://www.searchsarkarinaukri.com/sitemap-static.xml,,other,1
https://www.searchsarkarinaukri.com/about,https://www.searchsarkarinaukri.com/sitemap-static.xml,,static-policy,1
https://www.searchsarkarinaukri.com/contact,https://www.searchsarkarinaukri.com/sitemap-static.xml,,static-policy,1
https://www.searchsarkarinaukri.com/disclaimer,https://www.searchsarkarinaukri.com/sitemap-static.xml,,static-policy,1
https://www.searchsarkarinaukri.com/privacy,https://www.searchsarkarinaukri.com/sitemap-static.xml,,other,1
https://www.searchsarkarinaukri.com/terms,https://www.searchsarkarinaukri.com/sitemap-static.xml,,static-policy,1
https://www.searchsarkarinaukri.com/cookies,https://www.searchsarkarinaukri.com/sitemap-static.xml,,other,1
https://www.searchsarkarinaukri.com/refund-policy,https://www.searchsarkarinaukri.com/sitemap-static.xml,,other,1
https://www.searchsarkarinaukri.com/editorial-policy,https://www.searchsarkarinaukri.com/sitemap-static.xml,,other,1
https://www.searchsarkarinaukri.com/videos,https://www.searchsarkarinaukri.com/sitemap-static.xml,,other,1
https://www.searchsarkarinaukri.com/age-calculator,https://www.searchsarkarinaukri.com/sitemap-static.xml,,other,1
https://www.searchsarkarinaukri.com/job-updates,https://www.searchsarkarinaukri.com/sitemap-static.xml,,other,1
https://www.searchsarkarinaukri.com/category/central-government-jobs,https://www.searchsarkarinaukri.com/sitemap-static.xml,,other,1
https://www.searchsarkarinaukri.com/category/state-government-jobs,https://www.searchsarkarinaukri.com/sitemap-static.xml,,other,1
https://www.searchsarkarinaukri.com/category/banking-jobs,https://www.searchsarkarinaukri.com/sitemap-static.xml,,other,1
https://www.searchsarkarinaukri.com/category/railway-jobs,https://www.searchsarkarinaukri.com/sitemap-static.xml,,other,1
https://www.searchsarkarinaukri.com/category/defence-jobs,https://www.searchsarkarinaukri.com/sitemap-static.xml,,other,1
https://www.searchsarkarinaukri.com/category/medical-jobs,https://www.searchsarkarinaukri.com/sitemap-static.xml,,other,1
https://www.searchsarkarinaukri.com/category/education-research-jobs,https://www.searchsarkarinaukri.com/sitemap-static.xml,,other,1
https://www.searchsarkarinaukri.com/category/psu-jobs,https://www.searchsarkarinaukri.com/sitemap-static.xml,,other,1
https://www.searchsarkarinaukri.com/category/police-jobs,https://www.searchsarkarinaukri.com/sitemap-static.xml,,other,1
https://www.searchsarkarinaukri.com/jobs/job-2026--5015,https://www.searchsarkarinaukri.com/sitemap-jobs.xml,2026-08-25,job-listing,1
https://www.searchsarkarinaukri.com/jobs/echs-goa-echs-goa-2026--5014,https://www.searchsarkarinaukri.com/sitemap-jobs.xml,2026-08-25,job-listing,1
https://www.searchsarkarinaukri.com/jobs/rsc-nagpur-rsc-nagpur-2026--5013,https://www.searchsarkarinaukri.com/sitemap-jobs.xml,2026-08-25,job-listing,1
https://www.searchsarkarinaukri.com/jobs/sgbau-amravati-sgbau-amravati-2026--5012,https://www.searchsarkarinaukri.com/sitemap-jobs.xml,2026-08-25,job-listing,1
https://www.searchsarkarinaukri.com/jobs/isp-nashik-isp-nashik-2026--5011,https://www.searchsarkarinaukri.com/sitemap-jobs.xml,2026-08-25,job-listing,1
https://www.searchsarkarinaukri.com/jobs/rites-rites-2026--5010,https://www.searchsarkarinaukri.com/sitemap-jobs.xml,2026-08-25,job-listing,1
https://www.searchsarkarinaukri.com/jobs/gokhale-education-society-gokhale-education-society-2026--5009,https://www.searchsarkarinaukri.com/sitemap-jobs.xml,2026-08-25,job-listing,1
https://www.searchsarkarinaukri.com/jobs/vivekanand-education-society-mumbai-vivekanand-education-society-mumbai-2026--5008,https://www.searchsarkarinaukri.com/sitemap-jobs.xml,2026-08-25,job-listing,1
https://www.searchsarkarinaukri.com/jobs/jilhadhikari-karyalay-wardha-bharti-2026-details-jilhadhikari-karyalay-wardha-bharti-2026-details-20--5007,https://www.searchsarkarinaukri.com/sitemap-jobs.xml,2026-08-25,job-listing,1
https://www.searchsarkarinaukri.com/jobs/vishweshwar-sahakari-bank-vishweshwar-sahakari-bank-2026--5006,https://www.searchsarkarinaukri.com/sitemap-jobs.xml,2026-08-25,job-listing,1
https://www.searchsarkarinaukri.com/jobs/mahapareshan-navi-mumbai-mahapareshan-navi-mumbai-2026--5005,https://www.searchsarkarinaukri.com/sitemap-jobs.xml,2026-08-25,job-listing,1
https://www.searchsarkarinaukri.com/jobs/south-central-railway-south-central-railway-2026--5004,https://www.searchsarkarinaukri.com/sitemap-jobs.xml,2026-08-25,job-listing,1
https://www.searchsarkarinaukri.com/jobs/icar-iari-icar-iari-2026--5003,https://www.searchsarkarinaukri.com/sitemap-jobs.xml,2026-08-25,job-listing,1
https://www.searchsarkarinaukri.com/jobs/kendriya-vidyalaya-pune-kendriya-vidyalaya-pune-2026--5002,https://www.searchsarkarinaukri.com/sitemap-jobs.xml,2026-08-25,job-listing,1
https://www.searchsarkarinaukri.com/jobs/federal-bank-federal-bank-2026--5001,https://www.searchsarkarinaukri.com/sitemap-jobs.xml,2026-08-25,job-listing,1
https://www.searchsarkarinaukri.com/jobs/rcfl-mumbai-rcfl-mumbai-2026--5000,https://www.searchsarkarinaukri.com/sitemap-jobs.xml,2026-08-25,job-listing,1
https://www.searchsarkarinaukri.com/jobs/icsil-bharti-2026-details-icsil-bharti-2026-details-2026--4999,https://www.searchsarkarinaukri.com/sitemap-jobs.xml,2026-08-25,job-listing,1
https://www.searchsarkarinaukri.com/jobs/employees-state-insurance-corporation-esic-apply-for-29-professor-associate-professor-2026--4997,https://www.searchsarkarinaukri.com/sitemap-jobs.xml,2026-08-25,job-listing,1
https://www.searchsarkarinaukri.com/jobs/power-grid-corporation-of-india-limited-power-grid-corporation-of-india-limited-2026--4996,https://www.searchsarkarinaukri.com/sitemap-jobs.xml,2026-08-25,job-listing,1
https://www.searchsarkarinaukri.com/jobs/machine-tool-prototype-factory-ambarnath-armoured-vehicles-nigam-limited-machine-tool-prototype-fact--4995,https://www.searchsarkarinaukri.com/sitemap-jobs.xml,2026-08-25,job-listing,1
https://www.searchsarkarinaukri.com/jobs/rashtriya-chemicals-and-fertilizers-limited-job-openings-at-rashtriya-chemicals-and-2026--4994,https://www.searchsarkarinaukri.com/sitemap-jobs.xml,2026-08-25,job-listing,1
https://www.searchsarkarinaukri.com/jobs/tuberculosis-hospital-group-sewri-mumbai-job-openings-at-tuberculosis-hospital-group-2026--4993,https://www.searchsarkarinaukri.com/sitemap-jobs.xml,2026-08-25,job-listing,1
https://www.searchsarkarinaukri.com/jobs/maharashtra-state-electricity-transmission-co-ltd-mahatransco-maharashtra-state-electricity-transmis--4992,https://www.searchsarkarinaukri.com/sitemap-jobs.xml,2026-08-25,job-listing,1
https://www.searchsarkarinaukri.com/jobs/nainital-bank-hr-officer-recruitment-2026-apply-online-for-3-posts--4990,https://www.searchsarkarinaukri.com/sitemap-jobs.xml,2026-08-24,job-listing,1
https://www.searchsarkarinaukri.com/jobs/nainital-bank-risk-officer-recruitment-2026-apply-online-for-2-posts--4989,https://www.searchsarkarinaukri.com/sitemap-jobs.xml,2026-08-24,job-listing,1
https://www.searchsarkarinaukri.com/jobs/federal-bank-officer-sales-recruitment-2026-apply-online--4988,https://www.searchsarkarinaukri.com/sitemap-jobs.xml,2026-08-24,job-listing,1
https://www.searchsarkarinaukri.com/jobs/powergrid-graduate-civil-apprentice-recruitment-2026-apply-online-for-15-posts--4987,https://www.searchsarkarinaukri.com/sitemap-jobs.xml,2026-08-24,job-listing,1
https://www.searchsarkarinaukri.com/jobs/powergrid-graduate-electrical-apprentice-recruitment-2026-apply-online-for-34-posts--4986,https://www.searchsarkarinaukri.com/sitemap-jobs.xml,2026-08-24,job-listing,1
https://www.searchsarkarinaukri.com/jobs/powergrid-diploma-civil-apprentice-recruitment-2026-apply-online-for-35-posts--4985,https://www.searchsarkarinaukri.com/sitemap-jobs.xml,2026-08-24,job-listing,1
https://www.searchsarkarinaukri.com/jobs/powergrid-diploma-electrical-apprentice-recruitment-2026-apply-online-for-122-posts--4984,https://www.searchsarkarinaukri.com/sitemap-jobs.xml,2026-08-24,job-listing,1
https://www.searchsarkarinaukri.com/jobs/powergrid-iti-electrician-apprentice-recruitment-2026-apply-online-for-64-posts--4983,https://www.searchsarkarinaukri.com/sitemap-jobs.xml,2026-08-24,job-listing,1
https://www.searchsarkarinaukri.com/jobs/isro-lpsc-fireman-a-recruitment-2026-apply-online--4982,https://www.searchsarkarinaukri.com/sitemap-jobs.xml,2026-08-24,job-listing,1
https://www.searchsarkarinaukri.com/jobs/isro-lpsc-draughtsman-b-mechanical-recruitment-2026-apply-online--4981,https://www.searchsarkarinaukri.com/sitemap-jobs.xml,2026-08-24,job-listing,1
https://www.searchsarkarinaukri.com/jobs/isro-lpsc-technician-b-fitter-recruitment-2026-apply-online-for-9-posts--4980,https://www.searchsarkarinaukri.com/sitemap-jobs.xml,2026-08-24,job-listing,1
https://www.searchsarkarinaukri.com/jobs/isro-lpsc-technical-assistant-chemical-recruitment-2026-apply-online--4979,https://www.searchsarkarinaukri.com/sitemap-jobs.xml,2026-08-24,job-listing,1
https://www.searchsarkarinaukri.com/jobs/isro-lpsc-technical-assistant-chemical-recruitment-2026-apply-online--4978,https://www.searchsarkarinaukri.com/sitemap-jobs.xml,2026-08-24,job-listing,1
https://www.searchsarkarinaukri.com/jobs/isro-lpsc-technical-assistant-mechanical-recruitment-2026-apply-online-for-6-posts--4977,https://www.searchsarkarinaukri.com/sitemap-jobs.xml,2026-08-24,job-listing,1
https://www.searchsarkarinaukri.com/jobs/hurl-jr-engineer-assistant-ii-qa-mechanical-recruitment-2026-apply-online-for-7-posts--4976,https://www.searchsarkarinaukri.com/sitemap-jobs.xml,2026-08-24,job-listing,1
https://www.searchsarkarinaukri.com/jobs/hurl-jr-engineer-assistant-ii-instrumentation-recruitment-2026-apply-online-for-12-posts--4975,https://www.searchsarkarinaukri.com/sitemap-jobs.xml,2026-08-24,job-listing,1
https://www.searchsarkarinaukri.com/jobs/hurl-jr-engineer-assistant-ii-urea-plant-handling-operations-recruitment-2026-apply-online-for-8-posts--4974,https://www.searchsarkarinaukri.com/sitemap-jobs.xml,2026-08-24,job-listing,1
https://www.searchsarkarinaukri.com/jobs/hurl-jr-engineer-assistant-ii-urea-recruitment-2026-apply-online-for-3-posts--4973,https://www.searchsarkarinaukri.com/sitemap-jobs.xml,2026-08-24,job-listing,1
https://www.searchsarkarinaukri.com/jobs/hurl-jr-engineer-assistant-ii-ammonia-recruitment-2026-apply-online-for-7-posts--4972,https://www.searchsarkarinaukri.com/sitemap-jobs.xml,2026-08-24,job-listing,1
https://www.searchsarkarinaukri.com/jobs/hurl-jr-engineer-assistant-ii-o-u-recruitment-2026-apply-online-for-6-posts--4971,https://www.searchsarkarinaukri.com/sitemap-jobs.xml,2026-08-24,job-listing,1
https://www.searchsarkarinaukri.com/jobs/hurl-deputy-manager-assistant-manager-officer-medical-recruitment-2026-apply-online-for-2-posts--4970,https://www.searchsarkarinaukri.com/sitemap-jobs.xml,2026-08-24,job-listing,1
https://www.searchsarkarinaukri.com/jobs/hurl-officer-senior-officer-marketing-recruitment-2026-apply-online--4969,https://www.searchsarkarinaukri.com/sitemap-jobs.xml,2026-08-24,job-listing,1
https://www.searchsarkarinaukri.com/jobs/hurl-officer-senior-officer-human-resource-recruitment-2026-apply-online--4968,https://www.searchsarkarinaukri.com/sitemap-jobs.xml,2026-08-24,job-listing,1
https://www.searchsarkarinaukri.com/jobs/hurl-senior-engineer-assistant-manager-it-sap-sd-recruitment-2026-apply-online--4967,https://www.searchsarkarinaukri.com/sitemap-jobs.xml,2026-08-24,job-listing,1
https://www.searchsarkarinaukri.com/jobs/hurl-senior-engineer-assistant-manager-it-sap-mm-recruitment-2026-apply-online--4966,https://www.searchsarkarinaukri.com/sitemap-jobs.xml,2026-08-24,job-listing,1
https://www.searchsarkarinaukri.com/jobs/hurl-senior-engineer-assistant-manager-it-sap-fico-recruitment-2026-apply-online--4965,https://www.searchsarkarinaukri.com/sitemap-jobs.xml,2026-08-24,job-listing,1
https://www.searchsarkarinaukri.com/jobs/hurl-engineer-senior-engineer-mechanical-recruitment-2026-apply-online--4964,https://www.searchsarkarinaukri.com/sitemap-jobs.xml,2026-08-24,job-listing,1
https://www.searchsarkarinaukri.com/jobs/hurl-engineer-senior-engineer-electrical-recruitment-2026-apply-online--4963,https://www.searchsarkarinaukri.com/sitemap-jobs.xml,2026-08-24,job-listing,1
https://www.searchsarkarinaukri.com/jobs/hurl-engineer-senior-engineer-urea-recruitment-2026-apply-online--4962,https://www.searchsarkarinaukri.com/sitemap-jobs.xml,2026-08-24,job-listing,1
https://www.searchsarkarinaukri.com/jobs/hurl-engineer-senior-engineer-ammonia-recruitment-2026-apply-online--4961,https://www.searchsarkarinaukri.com/sitemap-jobs.xml,2026-08-24,job-listing,1
https://www.searchsarkarinaukri.com/jobs/hurl-engineer-senior-engineer-o-u-recruitment-2026-apply-online--4960,https://www.searchsarkarinaukri.com/sitemap-jobs.xml,2026-08-24,job-listing,1
https://www.searchsarkarinaukri.com/jobs/hurl-engineer-senior-engineer-recruitment-2026-apply-online--4959,https://www.searchsarkarinaukri.com/sitemap-jobs.xml,2026-08-24,job-listing,1
https://www.searchsarkarinaukri.com/jobs/nmdfc-nmdfc-2026--4958,https://www.searchsarkarinaukri.com/sitemap-jobs.xml,2026-08-23,job-listing,1
https://www.searchsarkarinaukri.com/jobs/vnit-nagpur-vnit-nagpur-2026--4957,https://www.searchsarkarinaukri.com/sitemap-jobs.xml,2026-08-23,job-listing,1
https://www.searchsarkarinaukri.com/jobs/icsil-bharti-2026-details-icsil-bharti-2026-details-2026--4956,https://www.searchsarkarinaukri.com/sitemap-jobs.xml,2026-08-23,job-listing,1
https://www.searchsarkarinaukri.com/jobs/tifr-mumbai-tifr-mumbai-2026--4955,https://www.searchsarkarinaukri.com/sitemap-jobs.xml,2026-08-23,job-listing,1
https://www.searchsarkarinaukri.com/jobs/ciims-hospital-nagpur-ciims-hospital-nagpur-2026--4954,https://www.searchsarkarinaukri.com/sitemap-jobs.xml,2026-08-23,job-listing,1
https://www.searchsarkarinaukri.com/jobs/machine-tool-prototype-factory-machine-tool-prototype-factory-2026--4953,https://www.searchsarkarinaukri.com/sitemap-jobs.xml,2026-08-23,job-listing,1
https://www.searchsarkarinaukri.com/jobs/ibps-crp-clerk-ibps-crp-clerk-2026--4952,https://www.searchsarkarinaukri.com/sitemap-jobs.xml,2026-08-23,job-listing,1
https://www.searchsarkarinaukri.com/jobs/shahu-shikshan-sanstha-solapur-shahu-shikshan-sanstha-solapur-2026--4951,https://www.searchsarkarinaukri.com/sitemap-jobs.xml,2026-08-23,job-listing,1
https://www.searchsarkarinaukri.com/jobs/ministry-of-information-and-broadcasting-ministry-of-information-and-broadcasting-2026--4950,https://www.searchsarkarinaukri.com/sitemap-jobs.xml,2026-08-23,job-listing,1
https://www.searchsarkarinaukri.com/jobs/pgcil-pgcil-2026--4949,https://www.searchsarkarinaukri.com/sitemap-jobs.xml,2026-08-23,job-listing,1
https://www.searchsarkarinaukri.com/jobs/ministry-of-jal-shakti-ministry-of-jal-shakti-2026--4948,https://www.searchsarkarinaukri.com/sitemap-jobs.xml,2026-08-23,job-listing,1
https://www.searchsarkarinaukri.com/jobs/kendriya-vidyalaya-of-varangaon-kendriya-vidyalaya-of-varangaon-2026--4947,https://www.searchsarkarinaukri.com/sitemap-jobs.xml,2026-08-25,job-listing,1
https://www.searchsarkarinaukri.com/jobs/esic-pune-esic-pune-2026--4946,https://www.searchsarkarinaukri.com/sitemap-jobs.xml,2026-08-23,job-listing,1
https://www.searchsarkarinaukri.com/jobs/tiss-mumbai-tiss-mumbai-2026--4945,https://www.searchsarkarinaukri.com/sitemap-jobs.xml,2026-08-23,job-listing,1
https://www.searchsarkarinaukri.com/jobs/ministry-of-mines-ministry-of-mines-2026--4944,https://www.searchsarkarinaukri.com/sitemap-jobs.xml,2026-08-23,job-listing,1
https://www.searchsarkarinaukri.com/jobs/icar-iari-icar-iari-2026--4943,https://www.searchsarkarinaukri.com/sitemap-jobs.xml,2026-08-23,job-listing,1
https://www.searchsarkarinaukri.com/jobs/tata-memorial-center-tmc-mumbai-tata-memorial-center-tmc-mumbai-invites-2026--4940,https://www.searchsarkarinaukri.com/sitemap-jobs.xml,2026-08-23,job-listing,1
https://www.searchsarkarinaukri.com/jobs/high-explosives-factory-khadki-he-factory-khadki-pune-recruitment-notification-high-explosives-facto--4938,https://www.searchsarkarinaukri.com/sitemap-jobs.xml,2026-08-23,job-listing,1
https://www.searchsarkarinaukri.com/jobs/kendriya-vidyalaya-wardha-mgahv-recruitment-notification-kendriya-vidyalaya-wardha-mgahv-2026--4935,https://www.searchsarkarinaukri.com/sitemap-jobs.xml,2026-08-23,job-listing,1
https://www.searchsarkarinaukri.com/jobs/national-film-development-corporation-ltd-mumbai-apply-for-1-senior-executive-2026--4934,https://www.searchsarkarinaukri.com/sitemap-jobs.xml,2026-08-23,job-listing,1
https://www.searchsarkarinaukri.com/jobs/zilla-parishad-dhule-job-opening-at-zilla-parishad-dhule-2026--4933,https://www.searchsarkarinaukri.com/sitemap-jobs.xml,2026-08-23,job-listing,1
https://www.searchsarkarinaukri.com/jobs/csc-e-governance-services-india-limited-apply-for-20-state-project-manager-2026--4932,https://www.searchsarkarinaukri.com/sitemap-jobs.xml,2026-08-23,job-listing,1
https://www.searchsarkarinaukri.com/jobs/cantonment-board-kamptee-nagpur-job-opening-at-cantonment-board-kamptee-2026--4931,https://www.searchsarkarinaukri.com/sitemap-jobs.xml,2026-08-23,job-listing,1
https://www.searchsarkarinaukri.com/jobs/high-court-of-judicature-at-bombay-bench-at-aurangabad-high-court-of-judicature-at-bombay-2026--4929,https://www.searchsarkarinaukri.com/sitemap-jobs.xml,2026-08-23,job-listing,1
https://www.searchsarkarinaukri.com/jobs/avnl-mtpf-ex-iti-apprentice-fitter-recruitment-2026--4928,https://www.searchsarkarinaukri.com/sitemap-jobs.xml,2026-08-22,job-listing,1
https://www.searchsarkarinaukri.com/jobs/avnl-mtpf-non-iti-apprentice-mmtm-recruitment-2026--4927,https://www.searchsarkarinaukri.com/sitemap-jobs.xml,2026-08-22,job-listing,1
https://www.searchsarkarinaukri.com/jobs/avnl-mtpf-non-iti-apprentice-machinist-recruitment-2026--4926,https://www.searchsarkarinaukri.com/sitemap-jobs.xml,2026-08-22,job-listing,1
https://www.searchsarkarinaukri.com/jobs/avnl-mtpf-non-iti-apprentice-turner-recruitment-2026--4925,https://www.searchsarkarinaukri.com/sitemap-jobs.xml,2026-08-22,job-listing,1
https://www.searchsarkarinaukri.com/jobs/avnl-mtpf-non-iti-apprentice-fitter-recruitment-2026--4924,https://www.searchsarkarinaukri.com/sitemap-jobs.xml,2026-08-22,job-listing,1
https://www.searchsarkarinaukri.com/jobs/cpcb-field-assistant-recruitment-2026--4923,https://www.searchsarkarinaukri.com/sitemap-jobs.xml,2026-08-22,job-listing,1
https://www.searchsarkarinaukri.com/jobs/cpcb-data-entry-operator-recruitment-2026--4922,https://www.searchsarkarinaukri.com/sitemap-jobs.xml,2026-08-22,job-listing,1
https://www.searchsarkarinaukri.com/jobs/cpcb-taxonomist-recruitment-2026--4921,https://www.searchsarkarinaukri.com/sitemap-jobs.xml,2026-08-22,job-listing,1
https://www.searchsarkarinaukri.com/jobs/cpcb-scientific-assistant-recruitment-2026--4920,https://www.searchsarkarinaukri.com/sitemap-jobs.xml,2026-08-22,job-listing,1
https://www.searchsarkarinaukri.com/jobs/cpcb-administrative-assistant-recruitment-2026--4919,https://www.searchsarkarinaukri.com/sitemap-jobs.xml,2026-08-22,job-listing,1
https://www.searchsarkarinaukri.com/jobs/cpcb-assistant-manager-finance-recruitment-2026--4918,https://www.searchsarkarinaukri.com/sitemap-jobs.xml,2026-08-22,job-listing,1
https://www.searchsarkarinaukri.com/jobs/cpcb-scientist-b-recruitment-2026--4917,https://www.searchsarkarinaukri.com/sitemap-jobs.xml,2026-08-22,job-listing,1
https://www.searchsarkarinaukri.com/jobs/cpcb-scientist-c-recruitment-2026--4916,https://www.searchsarkarinaukri.com/sitemap-jobs.xml,2026-08-22,job-listing,1
https://www.searchsarkarinaukri.com/jobs/cpcb-scientist-d-recruitment-2026--4915,https://www.searchsarkarinaukri.com/sitemap-jobs.xml,2026-08-22,job-listing,1
https://www.searchsarkarinaukri.com/jobs/ngel-executive-rajbhasha-recruitment-2026--4914,https://www.searchsarkarinaukri.com/sitemap-jobs.xml,2026-08-22,job-listing,1
https://www.searchsarkarinaukri.com/jobs/ngel-executive-csr-recruitment-2026--4913,https://www.searchsarkarinaukri.com/sitemap-jobs.xml,2026-08-22,job-listing,1
https://www.searchsarkarinaukri.com/jobs/ngel-engineer-re-safety-recruitment-2026--4912,https://www.searchsarkarinaukri.com/sitemap-jobs.xml,2026-08-22,job-listing,1
https://www.searchsarkarinaukri.com/jobs/ngel-executive-finance-recruitment-2026--4911,https://www.searchsarkarinaukri.com/sitemap-jobs.xml,2026-08-22,job-listing,1
https://www.searchsarkarinaukri.com/jobs/ngel-executive-human-resource-recruitment-2026--4910,https://www.searchsarkarinaukri.com/sitemap-jobs.xml,2026-08-22,job-listing,1
https://www.searchsarkarinaukri.com/jobs/ngel-engineer-re-mechanical-recruitment-2026--4909,https://www.searchsarkarinaukri.com/sitemap-jobs.xml,2026-08-22,job-listing,1
https://www.searchsarkarinaukri.com/jobs/ngel-engineer-re-electrical-recruitment-2026--4908,https://www.searchsarkarinaukri.com/sitemap-jobs.xml,2026-08-22,job-listing,1
https://www.searchsarkarinaukri.com/jobs/ngel-engineer-re-civil-recruitment-2026--4907,https://www.searchsarkarinaukri.com/sitemap-jobs.xml,2026-08-22,job-listing,1
https://www.searchsarkarinaukri.com/jobs/nabfins-telecaller-work-from-home-recruitment-2026--4906,https://www.searchsarkarinaukri.com/sitemap-jobs.xml,2026-08-22,job-listing,1
https://www.searchsarkarinaukri.com/jobs/nabfins-customer-service-officer-recruitment-2026--4905,https://www.searchsarkarinaukri.com/sitemap-jobs.xml,2026-08-22,job-listing,1
https://www.searchsarkarinaukri.com/jobs/ibps-clerk-recruitment-2026--4904,https://www.searchsarkarinaukri.com/sitemap-jobs.xml,2026-08-22,job-listing,1
https://www.searchsarkarinaukri.com/jobs/ibps-customer-service-associate-recruitment-2026--4903,https://www.searchsarkarinaukri.com/sitemap-jobs.xml,2026-08-22,job-listing,1
https://www.searchsarkarinaukri.com/jobs/dsh-kurnool-civil-assistant-surgeon-general-recruitment-2026--4902,https://www.searchsarkarinaukri.com/sitemap-jobs.xml,2026-08-22,job-listing,1
https://www.searchsarkarinaukri.com/jobs/dsh-kurnool-radiology-specialist-recruitment-2026--4901,https://www.searchsarkarinaukri.com/sitemap-jobs.xml,2026-08-22,job-listing,1
https://www.searchsarkarinaukri.com/jobs/dsh-kurnool-pediatrics-specialist-recruitment-2026--4900,https://www.searchsarkarinaukri.com/sitemap-jobs.xml,2026-08-22,job-listing,1
https://www.searchsarkarinaukri.com/jobs/dsh-kurnool-general-medicine-specialist-recruitment-2026--4899,https://www.searchsarkarinaukri.com/sitemap-jobs.xml,2026-08-22,job-listing,1
https://www.searchsarkarinaukri.com/jobs/dsh-kurnool-general-surgery-specialist-recruitment-2026--4898,https://www.searchsarkarinaukri.com/sitemap-jobs.xml,2026-08-22,job-listing,1
https://www.searchsarkarinaukri.com/jobs/dsh-kurnool-civil-assistant-surgeon-specialist-gynecology-recruitment-2026--4897,https://www.searchsarkarinaukri.com/sitemap-jobs.xml,2026-08-22,job-listing,1
https://www.searchsarkarinaukri.com/jobs/job-2026--4896,https://www.searchsarkarinaukri.com/sitemap-jobs.xml,2026-08-22,job-listing,1
https://www.searchsarkarinaukri.com/jobs/job-2026--4894,https://www.searchsarkarinaukri.com/sitemap-jobs.xml,2026-08-22,job-listing,1
https://www.searchsarkarinaukri.com/jobs/job-2026--4892,https://www.searchsarkarinaukri.com/sitemap-jobs.xml,2026-08-22,job-listing,1
https://www.searchsarkarinaukri.com/jobs/job-2026--4890,https://www.searchsarkarinaukri.com/sitemap-jobs.xml,2026-08-22,job-listing,1
https://www.searchsarkarinaukri.com/jobs/tadoba-tiger-reserve-chandrapur-tadoba-tiger-reserve-chandrapur-2026--4889,https://www.searchsarkarinaukri.com/sitemap-jobs.xml,2026-08-22,job-listing,1
https://www.searchsarkarinaukri.com/jobs/hll-lifecare-ltd-hll-lifecare-ltd-2026--4888,https://www.searchsarkarinaukri.com/sitemap-jobs.xml,2026-08-22,job-listing,1
https://www.searchsarkarinaukri.com/jobs/nhai-nhai-2026--4887,https://www.searchsarkarinaukri.com/sitemap-jobs.xml,2026-08-22,job-listing,1
https://www.searchsarkarinaukri.com/jobs/cife-mumbai-cife-mumbai-2026--4886,https://www.searchsarkarinaukri.com/sitemap-jobs.xml,2026-08-22,job-listing,1
https://www.searchsarkarinaukri.com/jobs/cpcb-cpcb-2026--4885,https://www.searchsarkarinaukri.com/sitemap-jobs.xml,2026-08-22,job-listing,1
https://www.searchsarkarinaukri.com/jobs/dahd-dahd-2026--4884,https://www.searchsarkarinaukri.com/sitemap-jobs.xml,2026-08-22,job-listing,1
https://www.searchsarkarinaukri.com/jobs/mnre-mnre-2026--4883,https://www.searchsarkarinaukri.com/sitemap-jobs.xml,2026-08-22,job-listing,1
https://www.searchsarkarinaukri.com/jobs/umed-msrlm-jalgaon-umed-msrlm-jalgaon-2026--4882,https://www.searchsarkarinaukri.com/sitemap-jobs.xml,2026-08-22,job-listing,1
https://www.searchsarkarinaukri.com/jobs/college-of-agriculture-nagpur-college-of-agriculture-nagpur-2026--4881,https://www.searchsarkarinaukri.com/sitemap-jobs.xml,2026-08-22,job-listing,1
https://www.searchsarkarinaukri.com/jobs/nagar-parishad-matheran-nagar-parishad-matheran-2026--4880,https://www.searchsarkarinaukri.com/sitemap-jobs.xml,2026-08-22,job-listing,1
https://www.searchsarkarinaukri.com/jobs/nhsrcl-nhsrcl-2026--4879,https://www.searchsarkarinaukri.com/sitemap-jobs.xml,2026-08-22,job-listing,1
https://www.searchsarkarinaukri.com/jobs/cantonment-board-kamptee-cantonment-board-kamptee-2026--4878,https://www.searchsarkarinaukri.com/sitemap-jobs.xml,2026-08-22,job-listing,1
https://www.searchsarkarinaukri.com/jobs/aurangabad-high-court-aurangabad-high-court-2026--4877,https://www.searchsarkarinaukri.com/sitemap-jobs.xml,2026-08-22,job-listing,1
https://www.searchsarkarinaukri.com/jobs/gramin-technical-and-management-campus-nanded-gramin-technical-and-management-campus-nanded-2026--4876,https://www.searchsarkarinaukri.com/sitemap-jobs.xml,2026-08-22,job-listing,1
https://www.searchsarkarinaukri.com/jobs/national-investigation-agency-national-investigation-agency-2026--4875,https://www.searchsarkarinaukri.com/sitemap-jobs.xml,2026-08-22,job-listing,1
https://www.searchsarkarinaukri.com/jobs/ministry-of-external-affairs-ministry-of-external-affairs-2026--4874,https://www.searchsarkarinaukri.com/sitemap-jobs.xml,2026-08-22,job-listing,1
https://www.searchsarkarinaukri.com/jobs/sindhudurg-dcc-bank-shipai-peon-recruitment-2026--4873,https://www.searchsarkarinaukri.com/sitemap-jobs.xml,2026-08-21,job-listing,1
https://www.searchsarkarinaukri.com/jobs/actrec-senior-resident-pathology-recruitment-2026--4872,https://www.searchsarkarinaukri.com/sitemap-jobs.xml,2026-08-21,job-listing,1
https://www.searchsarkarinaukri.com/jobs/tmc-actrec-technician-recruitment-2026--4871,https://www.searchsarkarinaukri.com/sitemap-jobs.xml,2026-08-21,job-listing,1
https://www.searchsarkarinaukri.com/jobs/tiss-data-handling-supervisor-recruitment-2026--4870,https://www.searchsarkarinaukri.com/sitemap-jobs.xml,2026-08-21,job-listing,1
https://www.searchsarkarinaukri.com/jobs/npcil-general-duty-medical-officer-recruitment-2026--4869,https://www.searchsarkarinaukri.com/sitemap-jobs.xml,2026-08-21,job-listing,1
https://www.searchsarkarinaukri.com/jobs/npcil-dental-surgeon-recruitment-2026--4868,https://www.searchsarkarinaukri.com/sitemap-jobs.xml,2026-08-21,job-listing,1
https://www.searchsarkarinaukri.com/jobs/npcil-fixed-term-medical-officer-paediatrician-recruitment-2026--4867,https://www.searchsarkarinaukri.com/sitemap-jobs.xml,2026-08-21,job-listing,1
https://www.searchsarkarinaukri.com/jobs/nfsu-field-investigator-recruitment-2026--4866,https://www.searchsarkarinaukri.com/sitemap-jobs.xml,2026-08-21,job-listing,1
https://www.searchsarkarinaukri.com/jobs/nfsu-research-assistant-recruitment-2026--4865,https://www.searchsarkarinaukri.com/sitemap-jobs.xml,2026-08-21,job-listing,1
https://www.searchsarkarinaukri.com/jobs/ncra-security-guard-recruitment-2026--4864,https://www.searchsarkarinaukri.com/sitemap-jobs.xml,2026-08-21,job-listing,1
https://www.searchsarkarinaukri.com/jobs/ncra-driver-b-khodad-recruitment-2026--4863,https://www.searchsarkarinaukri.com/sitemap-jobs.xml,2026-08-21,job-listing,1
https://www.searchsarkarinaukri.com/jobs/ncra-clerk-a-khodad-recruitment-2026--4862,https://www.searchsarkarinaukri.com/sitemap-jobs.xml,2026-08-21,job-listing,1
https://www.searchsarkarinaukri.com/jobs/ncra-laboratory-assistant-b-electronics-recruitment-2026--4861,https://www.searchsarkarinaukri.com/sitemap-jobs.xml,2026-08-21,job-listing,1
https://www.searchsarkarinaukri.com/jobs/ncra-driver-b-pune-recruitment-2026--4860,https://www.searchsarkarinaukri.com/sitemap-jobs.xml,2026-08-21,job-listing,1
https://www.searchsarkarinaukri.com/jobs/ncra-clerk-a-pune-recruitment-2026--4859,https://www.searchsarkarinaukri.com/sitemap-jobs.xml,2026-08-21,job-listing,1
https://www.searchsarkarinaukri.com/jobs/ncra-administrative-assistant-b-recruitment-2026--4858,https://www.searchsarkarinaukri.com/sitemap-jobs.xml,2026-08-21,job-listing,1
https://www.searchsarkarinaukri.com/jobs/iiser-pune-project-assistant-recruitment-2026--4857,https://www.searchsarkarinaukri.com/sitemap-jobs.xml,2026-08-21,job-listing,1
https://www.searchsarkarinaukri.com/jobs/iiser-pune-senior-project-associate-recruitment-2026--4856,https://www.searchsarkarinaukri.com/sitemap-jobs.xml,2026-08-21,job-listing,1
https://www.searchsarkarinaukri.com/jobs/ncra-tradesman-trainee-electrical-recruitment-2026--4855,https://www.searchsarkarinaukri.com/sitemap-jobs.xml,2026-08-21,job-listing,1
https://www.searchsarkarinaukri.com/jobs/ncra-administrative-trainee-recruitment-2026--4854,https://www.searchsarkarinaukri.com/sitemap-jobs.xml,2026-08-21,job-listing,1
https://www.searchsarkarinaukri.com/jobs/ncra-library-trainee-recruitment-2026--4853,https://www.searchsarkarinaukri.com/sitemap-jobs.xml,2026-08-21,job-listing,1
https://www.searchsarkarinaukri.com/jobs/ncra-engineer-trainee-servo-recruitment-2026--4852,https://www.searchsarkarinaukri.com/sitemap-jobs.xml,2026-08-21,job-listing,1
https://www.searchsarkarinaukri.com/jobs/ncra-project-technical-assistant-src-recruitment-2026--4851,https://www.searchsarkarinaukri.com/sitemap-jobs.xml,2026-08-21,job-listing,1
https://www.searchsarkarinaukri.com/jobs/ncra-project-technical-assistant-omc-recruitment-2026--4850,https://www.searchsarkarinaukri.com/sitemap-jobs.xml,2026-08-21,job-listing,1
https://www.searchsarkarinaukri.com/jobs/ncra-project-technical-assistant-low-hardware-recruitment-2026--4849,https://www.searchsarkarinaukri.com/sitemap-jobs.xml,2026-08-21,job-listing,1
https://www.searchsarkarinaukri.com/jobs/ncra-project-administrative-assistant-recruitment-2026--4848,https://www.searchsarkarinaukri.com/sitemap-jobs.xml,2026-08-21,job-listing,1
https://www.searchsarkarinaukri.com/jobs/ncra-project-administrative-officer-recruitment-2026--4847,https://www.searchsarkarinaukri.com/sitemap-jobs.xml,2026-08-21,job-listing,1
https://www.searchsarkarinaukri.com/jobs/konkan-railway-assistant-mechanical-engineer-recruitment-2026--4846,https://www.searchsarkarinaukri.com/sitemap-jobs.xml,2026-08-21,job-listing,1
https://www.searchsarkarinaukri.com/jobs/konkan-railway-assistant-signal-telecom-engineer-recruitment-2026--4845,https://www.searchsarkarinaukri.com/sitemap-jobs.xml,2026-08-21,job-listing,1
https://www.searchsarkarinaukri.com/jobs/konkan-railway-assistant-engineer-civil-recruitment-2026--4844,https://www.searchsarkarinaukri.com/sitemap-jobs.xml,2026-08-21,job-listing,1
https://www.searchsarkarinaukri.com/jobs/sindhudurg-dcc-bank-peon-recruitment-2026--4843,https://www.searchsarkarinaukri.com/sitemap-jobs.xml,2026-08-21,job-listing,1
https://www.searchsarkarinaukri.com/jobs/iips-mumbai-iips-mumbai-2026--4842,https://www.searchsarkarinaukri.com/sitemap-jobs.xml,2026-08-25,job-listing,1
https://www.searchsarkarinaukri.com/jobs/employees-state-insurance-society-mumbai-employees-state-insurance-society-2026--4841,https://www.searchsarkarinaukri.com/sitemap-jobs.xml,2026-08-22,job-listing,1
https://www.searchsarkarinaukri.com/jobs/sgbau-amravati-sgbau-amravati-2026--4840,https://www.searchsarkarinaukri.com/sitemap-jobs.xml,2026-08-21,job-listing,1
https://www.searchsarkarinaukri.com/jobs/icarccri-nagpur-icarccri-nagpur-2026--4839,https://www.searchsarkarinaukri.com/sitemap-jobs.xml,2026-08-21,job-listing,1
https://www.searchsarkarinaukri.com/jobs/sindhudurg-district-central-co-op-bank-sindhudurg-district-central-co-op-bank-2026--4838,https://www.searchsarkarinaukri.com/sitemap-jobs.xml,2026-08-21,job-listing,1
https://www.searchsarkarinaukri.com/jobs/akola-mahanagarpalika-akola-mahanagarpalika-2026--4837,https://www.searchsarkarinaukri.com/sitemap-jobs.xml,2026-08-21,job-listing,1
https://www.searchsarkarinaukri.com/jobs/nagar-parishad-pen-nagar-parishad-pen-2026--4836,https://www.searchsarkarinaukri.com/sitemap-jobs.xml,2026-08-21,job-listing,1
https://www.searchsarkarinaukri.com/jobs/high-explosives-factory-khadki-pune-high-explosives-factory-khadki-pune-2026--4835,https://www.searchsarkarinaukri.com/sitemap-jobs.xml,2026-08-21,job-listing,1
https://www.searchsarkarinaukri.com/jobs/nuclear-power-corporation-of-india-limited-nuclear-power-corporation-of-india-limited-2026--4834,https://www.searchsarkarinaukri.com/sitemap-jobs.xml,2026-08-21,job-listing,1
https://www.searchsarkarinaukri.com/jobs/npcil-palghar-npcil-palghar-2026--4833,https://www.searchsarkarinaukri.com/sitemap-jobs.xml,2026-08-21,job-listing,1
https://www.searchsarkarinaukri.com/jobs/south-indian-bank-south-indian-bank-2026--4832,https://www.searchsarkarinaukri.com/sitemap-jobs.xml,2026-08-21,job-listing,1
https://www.searchsarkarinaukri.com/jobs/beml-ltd-beml-ltd-2026--4831,https://www.searchsarkarinaukri.com/sitemap-jobs.xml,2026-08-21,job-listing,1
https://www.searchsarkarinaukri.com/jobs/icsi-icsi-2026--4830,https://www.searchsarkarinaukri.com/sitemap-jobs.xml,2026-08-21,job-listing,1
https://www.searchsarkarinaukri.com/jobs/mumbai-port-trust-mumbai-port-trust-2026--4829,https://www.searchsarkarinaukri.com/sitemap-jobs.xml,2026-08-21,job-listing,1
https://www.searchsarkarinaukri.com/jobs/kvs-wardha-kvs-wardha-2026--4828,https://www.searchsarkarinaukri.com/sitemap-jobs.xml,2026-08-21,job-listing,1
https://www.searchsarkarinaukri.com/jobs/tiss-attendant-or-office-support-recruitment-2026--4827,https://www.searchsarkarinaukri.com/sitemap-jobs.xml,2026-08-20,job-listing,1
https://www.searchsarkarinaukri.com/jobs/tiss-consultant-ids-recruitment-2026--4826,https://www.searchsarkarinaukri.com/sitemap-jobs.xml,2026-08-20,job-listing,1
https://www.searchsarkarinaukri.com/jobs/high-explosives-factory-khadki-tenure-based-cpw-recruitment-2026--4825,https://www.searchsarkarinaukri.com/sitemap-jobs.xml,2026-08-20,job-listing,1
https://www.searchsarkarinaukri.com/jobs/dr-s-c-g-m-c-nanded-medical-officer-recruitment-2026-apply-offline--4824,https://www.searchsarkarinaukri.com/sitemap-jobs.xml,2026-08-20,job-listing,1
https://www.searchsarkarinaukri.com/jobs/echs-gynaecologist-recruitment-2026--4823,https://www.searchsarkarinaukri.com/sitemap-jobs.xml,2026-08-20,job-listing,1
https://www.searchsarkarinaukri.com/jobs/echs-medical-officer-recruitment-2026--4822,https://www.searchsarkarinaukri.com/sitemap-jobs.xml,2026-08-20,job-listing,1
https://www.searchsarkarinaukri.com/jobs/cci-analyst-finance-and-accounts-recruitment-2026--4821,https://www.searchsarkarinaukri.com/sitemap-jobs.xml,2026-08-20,job-listing,1
https://www.searchsarkarinaukri.com/jobs/cci-officer-legal-recruitment-2026--4820,https://www.searchsarkarinaukri.com/sitemap-jobs.xml,2026-08-20,job-listing,1
https://www.searchsarkarinaukri.com/jobs/cci-officer-marketing-recruitment-2026--4819,https://www.searchsarkarinaukri.com/sitemap-jobs.xml,2026-08-20,job-listing,1
https://www.searchsarkarinaukri.com/jobs/cci-officer-material-management-recruitment-2026--4818,https://www.searchsarkarinaukri.com/sitemap-jobs.xml,2026-08-20,job-listing,1
https://www.searchsarkarinaukri.com/jobs/cci-engineer-electrical-recruitment-2026--4817,https://www.searchsarkarinaukri.com/sitemap-jobs.xml,2026-08-20,job-listing,1
https://www.searchsarkarinaukri.com/jobs/cci-engineer-mining-recruitment-2026--4816,https://www.searchsarkarinaukri.com/sitemap-jobs.xml,2026-08-20,job-listing,1
https://www.searchsarkarinaukri.com/jobs/cci-engineer-mechanical-recruitment-2026--4815,https://www.searchsarkarinaukri.com/sitemap-jobs.xml,2026-08-20,job-listing,1
https://www.searchsarkarinaukri.com/jobs/cci-engineer-production-recruitment-2026--4814,https://www.searchsarkarinaukri.com/sitemap-jobs.xml,2026-08-20,job-listing,1
https://www.searchsarkarinaukri.com/jobs/rrc-ncr-act-apprentice-recruitment-2026--4813,https://www.searchsarkarinaukri.com/sitemap-jobs.xml,2026-08-20,job-listing,1
https://www.searchsarkarinaukri.com/jobs/beml-iti-trade-apprentice-recruitment-2026--4812,https://www.searchsarkarinaukri.com/sitemap-jobs.xml,2026-08-20,job-listing,1
https://www.searchsarkarinaukri.com/jobs/beml-diploma-apprentice-recruitment-2026--4811,https://www.searchsarkarinaukri.com/sitemap-jobs.xml,2026-08-20,job-listing,1
https://www.searchsarkarinaukri.com/jobs/beml-graduate-general-apprentice-recruitment-2026--4810,https://www.searchsarkarinaukri.com/sitemap-jobs.xml,2026-08-20,job-listing,1
https://www.searchsarkarinaukri.com/jobs/beml-graduate-technical-apprentice-recruitment-2026--4809,https://www.searchsarkarinaukri.com/sitemap-jobs.xml,2026-08-20,job-listing,1
https://www.searchsarkarinaukri.com/jobs/tiss-consultant-security-recruitment-2026--4807,https://www.searchsarkarinaukri.com/sitemap-jobs.xml,2026-08-20,job-listing,1
https://www.searchsarkarinaukri.com/jobs/tiss-consultant-recruitment-cell-recruitment-2026--4806,https://www.searchsarkarinaukri.com/sitemap-jobs.xml,2026-08-20,job-listing,1
https://www.searchsarkarinaukri.com/jobs/bpsc-higher-secondary-teacher-recruitment-2026--4805,https://www.searchsarkarinaukri.com/sitemap-jobs.xml,2026-08-20,job-listing,1
https://www.searchsarkarinaukri.com/jobs/bpsc-secondary-teacher-recruitment-2026--4804,https://www.searchsarkarinaukri.com/sitemap-jobs.xml,2026-08-20,job-listing,1
https://www.searchsarkarinaukri.com/jobs/bpsc-middle-school-teacher-recruitment-2026--4803,https://www.searchsarkarinaukri.com/sitemap-jobs.xml,2026-08-20,job-listing,1
https://www.searchsarkarinaukri.com/jobs/bpsc-primary-teacher-recruitment-2026--4802,https://www.searchsarkarinaukri.com/sitemap-jobs.xml,2026-08-20,job-listing,1
https://www.searchsarkarinaukri.com/jobs/aiims-kalyani-project-research-scientist-i-recruitment-2026--4801,https://www.searchsarkarinaukri.com/sitemap-jobs.xml,2026-08-20,job-listing,1
https://www.searchsarkarinaukri.com/jobs/csir-senior-project-associate-adme-pk-recruitment-2026--4800,https://www.searchsarkarinaukri.com/sitemap-jobs.xml,2026-08-20,job-listing,1
https://www.searchsarkarinaukri.com/jobs/csir-senior-project-associate-recruitment-2026--4799,https://www.searchsarkarinaukri.com/sitemap-jobs.xml,2026-08-20,job-listing,1
https://www.searchsarkarinaukri.com/jobs/csir-project-scientist-i-recruitment-2026--4798,https://www.searchsarkarinaukri.com/sitemap-jobs.xml,2026-08-20,job-listing,1
https://www.searchsarkarinaukri.com/jobs/csir-project-scientist-iii-adme-pk-recruitment-2026--4797,https://www.searchsarkarinaukri.com/sitemap-jobs.xml,2026-08-20,job-listing,1
https://www.searchsarkarinaukri.com/jobs/csir-project-scientist-iii-recruitment-2026--4796,https://www.searchsarkarinaukri.com/sitemap-jobs.xml,2026-08-20,job-listing,1
https://www.searchsarkarinaukri.com/jobs/job-2026--4793,https://www.searchsarkarinaukri.com/sitemap-jobs.xml,2026-08-20,job-listing,1
https://www.searchsarkarinaukri.com/jobs/job-2026--4792,https://www.searchsarkarinaukri.com/sitemap-jobs.xml,2026-08-20,job-listing,1
https://www.searchsarkarinaukri.com/jobs/job-2026--4791,https://www.searchsarkarinaukri.com/sitemap-jobs.xml,2026-08-20,job-listing,1
https://www.searchsarkarinaukri.com/jobs/bhel-bhel-2026--4790,https://www.searchsarkarinaukri.com/sitemap-jobs.xml,2026-08-20,job-listing,1
https://www.searchsarkarinaukri.com/jobs/zilla-parishad-yavatmal-zilla-parishad-yavatmal-2026--4789,https://www.searchsarkarinaukri.com/sitemap-jobs.xml,2026-08-20,job-listing,1
https://www.searchsarkarinaukri.com/jobs/national-film-development-corporation-mumbai-national-film-development-corporation-mumbai-2026--4788,https://www.searchsarkarinaukri.com/sitemap-jobs.xml,2026-08-20,job-listing,1
https://www.searchsarkarinaukri.com/jobs/jilhadhikari-karyalay-nashik-jilhadhikari-karyalay-nashik-2026--4787,https://www.searchsarkarinaukri.com/sitemap-jobs.xml,2026-08-20,job-listing,1
https://www.searchsarkarinaukri.com/jobs/sgbau-amravati-sgbau-amravati-2026--4786,https://www.searchsarkarinaukri.com/sitemap-jobs.xml,2026-08-20,job-listing,1
https://www.searchsarkarinaukri.com/jobs/bharati-vidyapeeth-pune-bharati-vidyapeeth-pune-2026--4785,https://www.searchsarkarinaukri.com/sitemap-jobs.xml,2026-08-20,job-listing,1
https://www.searchsarkarinaukri.com/jobs/umed-msrlm-gadchiroli-umed-msrlm-gadchiroli-2026--4784,https://www.searchsarkarinaukri.com/sitemap-jobs.xml,2026-08-20,job-listing,1
https://www.searchsarkarinaukri.com/jobs/upsc-epfo-upsc-epfo-2026--4783,https://www.searchsarkarinaukri.com/sitemap-jobs.xml,2026-08-20,job-listing,1
https://www.searchsarkarinaukri.com/jobs/ncr-ncr-2026--4782,https://www.searchsarkarinaukri.com/sitemap-jobs.xml,2026-08-20,job-listing,1
https://www.searchsarkarinaukri.com/jobs/maha-sacs-nanded-maha-sacs-nanded-2026--4781,https://www.searchsarkarinaukri.com/sitemap-jobs.xml,2026-08-20,job-listing,1
https://www.searchsarkarinaukri.com/jobs/sidbi-sidbi-2026--4780,https://www.searchsarkarinaukri.com/sitemap-jobs.xml,2026-08-20,job-listing,1
https://www.searchsarkarinaukri.com/jobs/nhai-nhai-2026--4779,https://www.searchsarkarinaukri.com/sitemap-jobs.xml,2026-08-20,job-listing,1
https://www.searchsarkarinaukri.com/jobs/gmc-latur-gmc-latur-2026--4778,https://www.searchsarkarinaukri.com/sitemap-jobs.xml,2026-08-20,job-listing,1
https://www.searchsarkarinaukri.com/jobs/mahanirmiti-bhusawal-mahanirmiti-bhusawal-2026--4777,https://www.searchsarkarinaukri.com/sitemap-jobs.xml,2026-08-25,job-listing,1
https://www.searchsarkarinaukri.com/jobs/echs-mumbai-echs-mumbai-2026--4776,https://www.searchsarkarinaukri.com/sitemap-jobs.xml,2026-08-20,job-listing,1
https://www.searchsarkarinaukri.com/jobs/csl-csl-2026--4775,https://www.searchsarkarinaukri.com/sitemap-jobs.xml,2026-08-20,job-listing,1
https://www.searchsarkarinaukri.com/jobs/collector-office-dhule-jilhadhikari-karyalaya-dhule-collector-office-dhule-jilhadhikari-karyalaya-dh--4774,https://www.searchsarkarinaukri.com/sitemap-jobs.xml,2026-08-20,job-listing,1
https://www.searchsarkarinaukri.com/jobs/malegaon-mahanagarpalika-malegaon-municipal-corporation-malegaon-mahanagarpalika-malegaon-municipal--4773,https://www.searchsarkarinaukri.com/sitemap-jobs.xml,2026-08-20,job-listing,1
https://www.searchsarkarinaukri.com/jobs/high-court-of-judicature-at-bombay-bench-at-aurangabad-high-court-of-judicature-at-bombay-2026--4772,https://www.searchsarkarinaukri.com/sitemap-jobs.xml,2026-08-20,job-listing,1
https://www.searchsarkarinaukri.com/jobs/maharashtra-employees-state-insurance-society-esis-mumbai-apply-for-22-part-time-specialist-2026--4771,https://www.searchsarkarinaukri.com/sitemap-jobs.xml,2026-08-22,job-listing,1
https://www.searchsarkarinaukri.com/jobs/maharashtra-state-aids-control-society-job-opening-at-maharashtra-state-aids-2026--4770,https://www.searchsarkarinaukri.com/sitemap-jobs.xml,2026-08-20,job-listing,1
https://www.searchsarkarinaukri.com/jobs/maharashtra-state-rural-livelihoods-mission-umed-gadchiroli-maharashtra-state-rural-livelihoods-miss--4768,https://www.searchsarkarinaukri.com/sitemap-jobs.xml,2026-08-20,job-listing,1
https://www.searchsarkarinaukri.com/jobs/zilla-parishad-yavatmal-zilla-parishad-yavatmal-invites-applications-for-2026--4767,https://www.searchsarkarinaukri.com/sitemap-jobs.xml,2026-08-20,job-listing,1
https://www.searchsarkarinaukri.com/jobs/vilasrao-deshmukh-government-medical-college-and-hospital-latur-vilasrao-deshmukh-government-medical--4765,https://www.searchsarkarinaukri.com/sitemap-jobs.xml,2026-08-20,job-listing,1
https://www.searchsarkarinaukri.com/jobs/vnit-nagpur-junior-research-fellow-recruitment-2026--4764,https://www.searchsarkarinaukri.com/sitemap-jobs.xml,2026-08-19,job-listing,1
https://www.searchsarkarinaukri.com/jobs/rari-pune-project-technical-support-ii-recruitment-2026--4763,https://www.searchsarkarinaukri.com/sitemap-jobs.xml,2026-08-19,job-listing,1
https://www.searchsarkarinaukri.com/jobs/csir-technician-recruitment-2026--4762,https://www.searchsarkarinaukri.com/sitemap-jobs.xml,2026-08-19,job-listing,1
https://www.searchsarkarinaukri.com/jobs/icar-nbpgr-young-professional-i-recruitment-2026--4760,https://www.searchsarkarinaukri.com/sitemap-jobs.xml,2026-08-19,job-listing,1
https://www.searchsarkarinaukri.com/jobs/icar-nbpgr-young-professional-ii-recruitment-2026--4759,https://www.searchsarkarinaukri.com/sitemap-jobs.xml,2026-08-19,job-listing,1
https://www.searchsarkarinaukri.com/jobs/sidbi-deputy-chief-technology-officer-recruitment-2026--4758,https://www.searchsarkarinaukri.com/sitemap-jobs.xml,2026-08-19,job-listing,1
https://www.searchsarkarinaukri.com/jobs/income-tax-pune-mts-recruitment-2026--4757,https://www.searchsarkarinaukri.com/sitemap-jobs.xml,2026-08-19,job-listing,1
https://www.searchsarkarinaukri.com/jobs/income-tax-pune-tax-assistant-recruitment-2026--4756,https://www.searchsarkarinaukri.com/sitemap-jobs.xml,2026-08-19,job-listing,1
https://www.searchsarkarinaukri.com/jobs/income-tax-pune-stenographer-grade-ii-recruitment-2026--4755,https://www.searchsarkarinaukri.com/sitemap-jobs.xml,2026-08-19,job-listing,1
https://www.searchsarkarinaukri.com/jobs/bhel-trichy-trade-apprentice-copa-recruitment-2026--4754,https://www.searchsarkarinaukri.com/sitemap-jobs.xml,2026-08-19,job-listing,1
https://www.searchsarkarinaukri.com/jobs/bhel-trichy-trade-apprentice-mechanic-r-ac-recruitment-2026--4753,https://www.searchsarkarinaukri.com/sitemap-jobs.xml,2026-08-19,job-listing,1
https://www.searchsarkarinaukri.com/jobs/bhel-trichy-trade-apprentice-motor-mechanic-recruitment-2026--4752,https://www.searchsarkarinaukri.com/sitemap-jobs.xml,2026-08-19,job-listing,1
https://www.searchsarkarinaukri.com/jobs/bhel-trichy-trade-apprentice-instrument-mechanic-recruitment-2026--4751,https://www.searchsarkarinaukri.com/sitemap-jobs.xml,2026-08-19,job-listing,1
https://www.searchsarkarinaukri.com/jobs/bhel-trichy-trade-apprentice-machinist-recruitment-2026--4750,https://www.searchsarkarinaukri.com/sitemap-jobs.xml,2026-08-19,job-listing,1
https://www.searchsarkarinaukri.com/jobs/bhel-trichy-trade-apprentice-turner-recruitment-2026--4749,https://www.searchsarkarinaukri.com/sitemap-jobs.xml,2026-08-19,job-listing,1
https://www.searchsarkarinaukri.com/jobs/bhel-trichy-trade-apprentice-electrician-recruitment-2026--4748,https://www.searchsarkarinaukri.com/sitemap-jobs.xml,2026-08-19,job-listing,1
https://www.searchsarkarinaukri.com/jobs/bhel-trichy-trade-apprentice-welder-recruitment-2026--4747,https://www.searchsarkarinaukri.com/sitemap-jobs.xml,2026-08-19,job-listing,1
https://www.searchsarkarinaukri.com/jobs/bhel-trichy-trade-apprentice-fitter-recruitment-2026--4746,https://www.searchsarkarinaukri.com/sitemap-jobs.xml,2026-08-19,job-listing,1
https://www.searchsarkarinaukri.com/jobs/bhel-trichy-technician-apprentice-electrical-electronics-engineering-recruitment-2026--4745,https://www.searchsarkarinaukri.com/sitemap-jobs.xml,2026-08-19,job-listing,1
https://www.searchsarkarinaukri.com/jobs/bhel-trichy-technician-apprentice-electronics-communication-engineering-recruitment-2026--4744,https://www.searchsarkarinaukri.com/sitemap-jobs.xml,2026-08-19,job-listing,1
https://www.searchsarkarinaukri.com/jobs/bhel-trichy-technician-apprentice-civil-engineering-recruitment-2026--4743,https://www.searchsarkarinaukri.com/sitemap-jobs.xml,2026-08-19,job-listing,1
https://www.searchsarkarinaukri.com/jobs/bhel-trichy-technician-apprentice-computer-engineering-recruitment-2026--4742,https://www.searchsarkarinaukri.com/sitemap-jobs.xml,2026-08-19,job-listing,1
https://www.searchsarkarinaukri.com/jobs/bhel-trichy-technician-apprentice-mechanical-engineering-recruitment-2026--4741,https://www.searchsarkarinaukri.com/sitemap-jobs.xml,2026-08-19,job-listing,1
https://www.searchsarkarinaukri.com/jobs/bhel-trichy-graduate-apprentice-assistant-hr-recruitment-2026--4740,https://www.searchsarkarinaukri.com/sitemap-jobs.xml,2026-08-19,job-listing,1
https://www.searchsarkarinaukri.com/jobs/bhel-trichy-graduate-apprentice-accountant-recruitment-2026--4739,https://www.searchsarkarinaukri.com/sitemap-jobs.xml,2026-08-19,job-listing,1
https://www.searchsarkarinaukri.com/jobs/bhel-trichy-graduate-apprentice-electrical-electronics-engineering-recruitment-2026--4738,https://www.searchsarkarinaukri.com/sitemap-jobs.xml,2026-08-19,job-listing,1
https://www.searchsarkarinaukri.com/jobs/bhel-trichy-graduate-apprentice-electronics-communication-engineering-recruitment-2026--4737,https://www.searchsarkarinaukri.com/sitemap-jobs.xml,2026-08-19,job-listing,1
https://www.searchsarkarinaukri.com/jobs/bhel-trichy-graduate-apprentice-computer-science-engineering-recruitment-2026--4736,https://www.searchsarkarinaukri.com/sitemap-jobs.xml,2026-08-19,job-listing,1
https://www.searchsarkarinaukri.com/jobs/bhel-trichy-graduate-apprentice-civil-engineering-recruitment-2026--4735,https://www.searchsarkarinaukri.com/sitemap-jobs.xml,2026-08-19,job-listing,1
https://www.searchsarkarinaukri.com/jobs/bhel-trichy-graduate-apprentice-mechanical-engineering-recruitment-2026--4734,https://www.searchsarkarinaukri.com/sitemap-jobs.xml,2026-08-19,job-listing,1
https://www.searchsarkarinaukri.com/jobs/gpsc-gpsc-2026--4733,https://www.searchsarkarinaukri.com/sitemap-jobs.xml,2026-08-19,job-listing,1
https://www.searchsarkarinaukri.com/jobs/csir-csir-2026--4730,https://www.searchsarkarinaukri.com/sitemap-jobs.xml,2026-08-19,job-listing,1
https://www.searchsarkarinaukri.com/jobs/defence-institute-of-advanced-technology-pune-defence-institute-of-advanced-2026--4729,https://www.searchsarkarinaukri.com/sitemap-jobs.xml,2026-08-19,job-listing,1
https://www.searchsarkarinaukri.com/jobs/directorate-of-education-daman-directorate-of-education-daman-2026--4728,https://www.searchsarkarinaukri.com/sitemap-jobs.xml,2026-08-25,job-listing,1
https://www.searchsarkarinaukri.com/jobs/bank-of-baroda-bank-of-baroda-2026--4727,https://www.searchsarkarinaukri.com/sitemap-jobs.xml,2026-08-19,job-listing,1
https://www.searchsarkarinaukri.com/jobs/rajapur-urban-cooperative-bank-rajapur-urban-cooperative-bank-2026--4726,https://www.searchsarkarinaukri.com/sitemap-jobs.xml,2026-08-19,job-listing,1
https://www.searchsarkarinaukri.com/jobs/cosmos-bank-cosmos-bank-2026--4725,https://www.searchsarkarinaukri.com/sitemap-jobs.xml,2026-08-19,job-listing,1
https://www.searchsarkarinaukri.com/jobs/malegaon-mahanagarpalika-malegaon-mahanagarpalika-2026--4724,https://www.searchsarkarinaukri.com/sitemap-jobs.xml,2026-08-19,job-listing,1
https://www.searchsarkarinaukri.com/jobs/aurangabad-high-court-aurangabad-high-court-2026--4723,https://www.searchsarkarinaukri.com/sitemap-jobs.xml,2026-08-19,job-listing,1
https://www.searchsarkarinaukri.com/jobs/esis-hospital-solapur-esis-hospital-solapur-2026--4722,https://www.searchsarkarinaukri.com/sitemap-jobs.xml,2026-08-20,job-listing,1
https://www.searchsarkarinaukri.com/jobs/employees-state-insurance-society-mumbai-employees-state-insurance-society-2026--4721,https://www.searchsarkarinaukri.com/sitemap-jobs.xml,2026-08-20,job-listing,1
https://www.searchsarkarinaukri.com/jobs/gokhale-education-society-gokhale-education-society-2026--4720,https://www.searchsarkarinaukri.com/sitemap-jobs.xml,2026-08-19,job-listing,1
https://www.searchsarkarinaukri.com/jobs/nhm-solapur-nhm-solapur-2026--4719,https://www.searchsarkarinaukri.com/sitemap-jobs.xml,2026-08-21,job-listing,1
https://www.searchsarkarinaukri.com/jobs/peoples-education-society-peoples-education-society-2026--4718,https://www.searchsarkarinaukri.com/sitemap-jobs.xml,2026-08-19,job-listing,1
https://www.searchsarkarinaukri.com/jobs/bharati-vidyapeeth-pune-bharati-vidyapeeth-pune-2026--4717,https://www.searchsarkarinaukri.com/sitemap-jobs.xml,2026-08-19,job-listing,1
https://www.searchsarkarinaukri.com/jobs/bal-vikas-prakalp-mumbai-bal-vikas-prakalp-mumbai-2026--4716,https://www.searchsarkarinaukri.com/sitemap-jobs.xml,2026-08-19,job-listing,1
https://www.searchsarkarinaukri.com/jobs/nainital-bank-nainital-bank-2026--4715,https://www.searchsarkarinaukri.com/sitemap-jobs.xml,2026-08-19,job-listing,1
https://www.searchsarkarinaukri.com/jobs/navsanjivan-shikshan-mandals-college-of-pharmacy-navsanjivan-shikshan-mandals-college-2026--4714,https://www.searchsarkarinaukri.com/sitemap-jobs.xml,2026-08-19,job-listing,1
https://www.searchsarkarinaukri.com/jobs/esic-kolhapur-esic-kolhapur-2026--4713,https://www.searchsarkarinaukri.com/sitemap-jobs.xml,2026-08-20,job-listing,1
https://www.searchsarkarinaukri.com/jobs/rayat-shikshan-sanstha-satara-rayat-shikshan-sanstha-satara-2026--4712,https://www.searchsarkarinaukri.com/sitemap-jobs.xml,2026-08-20,job-listing,1
https://www.searchsarkarinaukri.com/jobs/hal-nasik-bba-graduate-apprentice-recruitment-2026--4711,https://www.searchsarkarinaukri.com/sitemap-jobs.xml,2026-08-18,job-listing,1
https://www.searchsarkarinaukri.com/jobs/hal-nasik-b-sc-graduate-apprentice-recruitment-2026--4710,https://www.searchsarkarinaukri.com/sitemap-jobs.xml,2026-08-18,job-listing,1
https://www.searchsarkarinaukri.com/jobs/hal-nasik-b-com-graduate-apprentice-recruitment-2026--4709,https://www.searchsarkarinaukri.com/sitemap-jobs.xml,2026-08-18,job-listing,1
https://www.searchsarkarinaukri.com/jobs/hal-nasik-ba-graduate-apprentice-recruitment-2026--4708,https://www.searchsarkarinaukri.com/sitemap-jobs.xml,2026-08-18,job-listing,1
https://www.searchsarkarinaukri.com/jobs/hal-nasik-medical-lab-technician-diploma-apprentice-recruitment-2026--4707,https://www.searchsarkarinaukri.com/sitemap-jobs.xml,2026-08-18,job-listing,1
https://www.searchsarkarinaukri.com/jobs/hal-nasik-mechanical-engineering-diploma-apprentice-recruitment-2026--4706,https://www.searchsarkarinaukri.com/sitemap-jobs.xml,2026-08-18,job-listing,1
https://www.searchsarkarinaukri.com/jobs/hal-nasik-electronics-ece-eee-diploma-apprentice-recruitment-2026--4705,https://www.searchsarkarinaukri.com/sitemap-jobs.xml,2026-08-18,job-listing,1
https://www.searchsarkarinaukri.com/jobs/hal-nasik-electrical-engineering-diploma-apprentice-recruitment-2026--4704,https://www.searchsarkarinaukri.com/sitemap-jobs.xml,2026-08-18,job-listing,1
https://www.searchsarkarinaukri.com/jobs/hal-nasik-computer-engineering-it-diploma-apprentice-recruitment-2026--4703,https://www.searchsarkarinaukri.com/sitemap-jobs.xml,2026-08-18,job-listing,1
https://www.searchsarkarinaukri.com/jobs/hal-nasik-civil-engineering-diploma-apprentice-recruitment-2026--4702,https://www.searchsarkarinaukri.com/sitemap-jobs.xml,2026-08-18,job-listing,1
https://www.searchsarkarinaukri.com/jobs/hal-nasik-aeronautical-aerospace-diploma-apprentice-recruitment-2026--4701,https://www.searchsarkarinaukri.com/sitemap-jobs.xml,2026-08-18,job-listing,1
https://www.searchsarkarinaukri.com/jobs/hal-nasik-pharmacist-graduate-apprentice-recruitment-2026--4700,https://www.searchsarkarinaukri.com/sitemap-jobs.xml,2026-08-18,job-listing,1
https://www.searchsarkarinaukri.com/jobs/hal-nasik-ai-ds-ai-ml-graduate-apprentice-recruitment-2026--4699,https://www.searchsarkarinaukri.com/sitemap-jobs.xml,2026-08-18,job-listing,1
https://www.searchsarkarinaukri.com/jobs/hal-nasik-chemical-engineering-graduate-apprentice-recruitment-2026--4698,https://www.searchsarkarinaukri.com/sitemap-jobs.xml,2026-08-18,job-listing,1
https://www.searchsarkarinaukri.com/jobs/hal-nasik-mechanical-engineering-graduate-apprentice-recruitment-2026--4697,https://www.searchsarkarinaukri.com/sitemap-jobs.xml,2026-08-18,job-listing,1
https://www.searchsarkarinaukri.com/jobs/hal-nasik-electronics-ece-eee-graduate-apprentice-recruitment-2026--4696,https://www.searchsarkarinaukri.com/sitemap-jobs.xml,2026-08-18,job-listing,1
https://www.searchsarkarinaukri.com/jobs/hal-nasik-electrical-engineering-graduate-apprentice-recruitment-2026--4695,https://www.searchsarkarinaukri.com/sitemap-jobs.xml,2026-08-18,job-listing,1
https://www.searchsarkarinaukri.com/jobs/hal-nasik-civil-engineering-graduate-apprentice-recruitment-2026--4694,https://www.searchsarkarinaukri.com/sitemap-jobs.xml,2026-08-18,job-listing,1
https://www.searchsarkarinaukri.com/jobs/hal-nasik-computer-engineering-it-graduate-apprentice-recruitment-2026--4693,https://www.searchsarkarinaukri.com/sitemap-jobs.xml,2026-08-18,job-listing,1
https://www.searchsarkarinaukri.com/jobs/hal-nasik-aeronautical-aerospace-engineering-graduate-apprentice-recruitment-2026--4692,https://www.searchsarkarinaukri.com/sitemap-jobs.xml,2026-08-18,job-listing,1
https://www.searchsarkarinaukri.com/jobs/hal-nasik-welder-apprentice-recruitment-2026--4691,https://www.searchsarkarinaukri.com/sitemap-jobs.xml,2026-08-18,job-listing,1
https://www.searchsarkarinaukri.com/jobs/hal-nasik-copa-apprentice-recruitment-2026--4690,https://www.searchsarkarinaukri.com/sitemap-jobs.xml,2026-08-18,job-listing,1
https://www.searchsarkarinaukri.com/jobs/hal-nasik-sheet-metal-worker-apprentice-recruitment-2026--4689,https://www.searchsarkarinaukri.com/sitemap-jobs.xml,2026-08-18,job-listing,1
https://www.searchsarkarinaukri.com/jobs/hal-nasik-carpenter-apprentice-recruitment-2026--4688,https://www.searchsarkarinaukri.com/sitemap-jobs.xml,2026-08-18,job-listing,1
https://www.searchsarkarinaukri.com/jobs/hal-nasik-aerospace-structural-fitter-apprentice-recruitment-2026--4687,https://www.searchsarkarinaukri.com/sitemap-jobs.xml,2026-08-18,job-listing,1
https://www.searchsarkarinaukri.com/jobs/hal-nasik-painter-general-apprentice-recruitment-2026--4686,https://www.searchsarkarinaukri.com/sitemap-jobs.xml,2026-08-18,job-listing,1
https://www.searchsarkarinaukri.com/jobs/hal-nasik-refrigeration-air-conditioning-mechanic-apprentice-recruitment-2026--4685,https://www.searchsarkarinaukri.com/sitemap-jobs.xml,2026-08-18,job-listing,1
https://www.searchsarkarinaukri.com/jobs/hal-nasik-mechanic-motor-vehicle-apprentice-recruitment-2026--4684,https://www.searchsarkarinaukri.com/sitemap-jobs.xml,2026-08-18,job-listing,1
https://www.searchsarkarinaukri.com/jobs/hal-nasik-draughtsman-mechanical-apprentice-recruitment-2026--4683,https://www.searchsarkarinaukri.com/sitemap-jobs.xml,2026-08-18,job-listing,1
https://www.searchsarkarinaukri.com/jobs/hal-nasik-electronics-mechanic-apprentice-recruitment-2026--4682,https://www.searchsarkarinaukri.com/sitemap-jobs.xml,2026-08-18,job-listing,1
https://www.searchsarkarinaukri.com/jobs/hal-nasik-electrician-apprentice-recruitment-2026--4681,https://www.searchsarkarinaukri.com/sitemap-jobs.xml,2026-08-18,job-listing,1
https://www.searchsarkarinaukri.com/jobs/hal-nasik-machinist-grinder-apprentice-recruitment-2026--4680,https://www.searchsarkarinaukri.com/sitemap-jobs.xml,2026-08-18,job-listing,1
https://www.searchsarkarinaukri.com/jobs/hal-nasik-machinist-apprentice-recruitment-2026--4679,https://www.searchsarkarinaukri.com/sitemap-jobs.xml,2026-08-18,job-listing,1
https://www.searchsarkarinaukri.com/jobs/hal-nasik-turner-apprentice-recruitment-2026--4678,https://www.searchsarkarinaukri.com/sitemap-jobs.xml,2026-08-18,job-listing,1
https://www.searchsarkarinaukri.com/jobs/hal-nasik-tool-die-maker-die-mould-apprentice-recruitment-2026--4677,https://www.searchsarkarinaukri.com/sitemap-jobs.xml,2026-08-18,job-listing,1
https://www.searchsarkarinaukri.com/jobs/hal-nasik-tool-die-maker-jig-fixture-apprentice-recruitment-2026--4676,https://www.searchsarkarinaukri.com/sitemap-jobs.xml,2026-08-18,job-listing,1
https://www.searchsarkarinaukri.com/jobs/hal-nasik-fitter-apprentice-recruitment-2026--4675,https://www.searchsarkarinaukri.com/sitemap-jobs.xml,2026-08-18,job-listing,1
https://www.searchsarkarinaukri.com/jobs/mumbai-port-trust-mumbai-port-trust-2026--4674,https://www.searchsarkarinaukri.com/sitemap-jobs.xml,2026-08-18,job-listing,1
https://www.searchsarkarinaukri.com/jobs/sameer-mumbai-sameer-mumbai-2026--4673,https://www.searchsarkarinaukri.com/sitemap-jobs.xml,2026-08-18,job-listing,1
https://www.searchsarkarinaukri.com/jobs/hal-nashik-hal-nashik-2026--4672,https://www.searchsarkarinaukri.com/sitemap-jobs.xml,2026-08-18,job-listing,1
https://www.searchsarkarinaukri.com/jobs/airports-authority-of-india-airports-authority-of-india-2026--4671,https://www.searchsarkarinaukri.com/sitemap-jobs.xml,2026-08-18,job-listing,1
https://www.searchsarkarinaukri.com/jobs/pachora-peoples-co-op-bank-jalgaon-pachora-peoples-co-op-bank-jalgaon-2026--4670,https://www.searchsarkarinaukri.com/sitemap-jobs.xml,2026-08-18,job-listing,1
https://www.searchsarkarinaukri.com/jobs/iocl-iocl-2026--4669,https://www.searchsarkarinaukri.com/sitemap-jobs.xml,2026-08-18,job-listing,1
https://www.searchsarkarinaukri.com/jobs/jilhadhikari-karyalay-dhule-jilhadhikari-karyalay-dhule-2026--4668,https://www.searchsarkarinaukri.com/sitemap-jobs.xml,2026-08-18,job-listing,1
https://www.searchsarkarinaukri.com/jobs/echs-kolhapur-echs-kolhapur-2026--4667,https://www.searchsarkarinaukri.com/sitemap-jobs.xml,2026-08-18,job-listing,1
https://www.searchsarkarinaukri.com/jobs/ordnance-factory-ambernath-ordnance-factory-ambernath-2026--4666,https://www.searchsarkarinaukri.com/sitemap-jobs.xml,2026-08-18,job-listing,1
https://www.searchsarkarinaukri.com/jobs/bhel-bhel-2026--4665,https://www.searchsarkarinaukri.com/sitemap-jobs.xml,2026-08-18,job-listing,1
https://www.searchsarkarinaukri.com/jobs/chme-society-nashik-chme-society-nashik-2026--4664,https://www.searchsarkarinaukri.com/sitemap-jobs.xml,2026-08-21,job-listing,1
https://www.searchsarkarinaukri.com/jobs/krcl-krcl-2026--4663,https://www.searchsarkarinaukri.com/sitemap-jobs.xml,2026-08-18,job-listing,1
https://www.searchsarkarinaukri.com/jobs/mospi-mospi-2026--4662,https://www.searchsarkarinaukri.com/sitemap-jobs.xml,2026-08-18,job-listing,1
https://www.searchsarkarinaukri.com/jobs/gmc-nanded-gmc-nanded-2026--4661,https://www.searchsarkarinaukri.com/sitemap-jobs.xml,2026-08-18,job-listing,1
https://www.searchsarkarinaukri.com/jobs/lpsc-lpsc-2026--4660,https://www.searchsarkarinaukri.com/sitemap-jobs.xml,2026-08-18,job-listing,1
https://www.searchsarkarinaukri.com/jobs/icar-iari-icar-iari-2026--4659,https://www.searchsarkarinaukri.com/sitemap-jobs.xml,2026-08-18,job-listing,1
https://www.searchsarkarinaukri.com/jobs/matsyodari-shikshan-sanstha-jalna-matsyodari-shikshan-sanstha-jalna-2026--4658,https://www.searchsarkarinaukri.com/sitemap-jobs.xml,2026-08-18,job-listing,1
https://www.searchsarkarinaukri.com/jobs/nagar-parishad-saoner-nagar-parishad-saoner-2026--4657,https://www.searchsarkarinaukri.com/sitemap-jobs.xml,2026-08-19,job-listing,1
https://www.searchsarkarinaukri.com/jobs/lokmanya-tilak-municipal-medical-general-hospital-mumbai-lokmanya-tilak-municipal-medical-general-ho--4653,https://www.searchsarkarinaukri.com/sitemap-jobs.xml,2026-08-22,job-listing,1
https://www.searchsarkarinaukri.com/jobs/dr-shankarrao-chavan-government-medical-college-nanded-dr-shankarrao-chavan-government-medical-colle--4652,https://www.searchsarkarinaukri.com/sitemap-jobs.xml,2026-08-18,job-listing,1
https://www.searchsarkarinaukri.com/jobs/bank-of-baroda-chief-manager-investor-relations-recruitment-2026--4651,https://www.searchsarkarinaukri.com/sitemap-jobs.xml,2026-08-17,job-listing,1
https://www.searchsarkarinaukri.com/jobs/bank-of-baroda-senior-manager-accounts-recruitment-2026--4650,https://www.searchsarkarinaukri.com/sitemap-jobs.xml,2026-08-17,job-listing,1
https://www.searchsarkarinaukri.com/jobs/bank-of-baroda-senior-manager-taxation-recruitment-2026--4649,https://www.searchsarkarinaukri.com/sitemap-jobs.xml,2026-08-17,job-listing,1
https://www.searchsarkarinaukri.com/jobs/bank-of-baroda-manager-accounts-recruitment-2026--4648,https://www.searchsarkarinaukri.com/sitemap-jobs.xml,2026-08-17,job-listing,1
https://www.searchsarkarinaukri.com/jobs/bank-of-baroda-manager-taxation-recruitment-2026--4647,https://www.searchsarkarinaukri.com/sitemap-jobs.xml,2026-08-17,job-listing,1
https://www.searchsarkarinaukri.com/jobs/bank-of-baroda-senior-manager-bi-dashboard-development-recruitment-2026--4646,https://www.searchsarkarinaukri.com/sitemap-jobs.xml,2026-08-17,job-listing,1
https://www.searchsarkarinaukri.com/jobs/bank-of-baroda-senior-manager-dq-analyst-recruitment-2026--4645,https://www.searchsarkarinaukri.com/sitemap-jobs.xml,2026-08-17,job-listing,1
https://www.searchsarkarinaukri.com/jobs/bank-of-baroda-senior-manager-data-profiling-recruitment-2026--4644,https://www.searchsarkarinaukri.com/sitemap-jobs.xml,2026-08-17,job-listing,1
https://www.searchsarkarinaukri.com/jobs/bank-of-baroda-senior-manager-data-scientist-recruitment-2026--4643,https://www.searchsarkarinaukri.com/sitemap-jobs.xml,2026-08-17,job-listing,1
https://www.searchsarkarinaukri.com/jobs/bank-of-baroda-chief-manager-data-scientist-recruitment-2026--4642,https://www.searchsarkarinaukri.com/sitemap-jobs.xml,2026-08-17,job-listing,1
https://www.searchsarkarinaukri.com/jobs/bank-of-baroda-manager-security-recruitment-2026--4641,https://www.searchsarkarinaukri.com/sitemap-jobs.xml,2026-08-17,job-listing,1
https://www.searchsarkarinaukri.com/jobs/bank-of-baroda-senior-manager-information-security-recruitment-2026--4640,https://www.searchsarkarinaukri.com/sitemap-jobs.xml,2026-08-17,job-listing,1
https://www.searchsarkarinaukri.com/jobs/bank-of-baroda-manager-information-security-recruitment-2026--4639,https://www.searchsarkarinaukri.com/sitemap-jobs.xml,2026-08-17,job-listing,1
https://www.searchsarkarinaukri.com/jobs/bank-of-baroda-technical-senior-manager-electrical-engineer-recruitment-2026--4638,https://www.searchsarkarinaukri.com/sitemap-jobs.xml,2026-08-17,job-listing,1
https://www.searchsarkarinaukri.com/jobs/bank-of-baroda-technical-manager-electrical-engineer-recruitment-2026--4637,https://www.searchsarkarinaukri.com/sitemap-jobs.xml,2026-08-17,job-listing,1
https://www.searchsarkarinaukri.com/jobs/bank-of-baroda-technical-officer-electrical-engineer-recruitment-2026--4636,https://www.searchsarkarinaukri.com/sitemap-jobs.xml,2026-08-17,job-listing,1
https://www.searchsarkarinaukri.com/jobs/bank-of-baroda-technical-senior-manager-civil-engineer-recruitment-2026--4635,https://www.searchsarkarinaukri.com/sitemap-jobs.xml,2026-08-17,job-listing,1
https://www.searchsarkarinaukri.com/jobs/bank-of-baroda-technical-manager-civil-engineer-recruitment-2026--4634,https://www.searchsarkarinaukri.com/sitemap-jobs.xml,2026-08-17,job-listing,1
https://www.searchsarkarinaukri.com/jobs/bank-of-baroda-technical-officer-civil-engineer-recruitment-2026--4633,https://www.searchsarkarinaukri.com/sitemap-jobs.xml,2026-08-17,job-listing,1
https://www.searchsarkarinaukri.com/jobs/bank-of-baroda-product-manager-digital-lending-recruitment-2026--4632,https://www.searchsarkarinaukri.com/sitemap-jobs.xml,2026-08-17,job-listing,1
https://www.searchsarkarinaukri.com/jobs/bank-of-baroda-senior-manager-digital-product-recruitment-2026--4631,https://www.searchsarkarinaukri.com/sitemap-jobs.xml,2026-08-17,job-listing,1
https://www.searchsarkarinaukri.com/jobs/bank-of-baroda-manager-digital-product-recruitment-2026--4630,https://www.searchsarkarinaukri.com/sitemap-jobs.xml,2026-08-17,job-listing,1
https://www.searchsarkarinaukri.com/jobs/sbi-vice-president-enterprise-technology-architect-recruitment-2026--4629,https://www.searchsarkarinaukri.com/sitemap-jobs.xml,2026-08-17,job-listing,1
https://www.searchsarkarinaukri.com/jobs/sbi-deputy-chief-technology-officer-enterprise-architecture-recruitment-2026--4628,https://www.searchsarkarinaukri.com/sitemap-jobs.xml,2026-08-17,job-listing,1
https://www.searchsarkarinaukri.com/jobs/sbi-manager-learning-development-recruitment-2026--4627,https://www.searchsarkarinaukri.com/sitemap-jobs.xml,2026-08-17,job-listing,1
https://www.searchsarkarinaukri.com/jobs/sbi-manager-manpower-planning-recruitment-2026--4626,https://www.searchsarkarinaukri.com/sitemap-jobs.xml,2026-08-17,job-listing,1
https://www.searchsarkarinaukri.com/jobs/sbi-deputy-manager-cyber-security-analyst-recruitment-2026--4625,https://www.searchsarkarinaukri.com/sitemap-jobs.xml,2026-08-17,job-listing,1
https://www.searchsarkarinaukri.com/jobs/sbi-deputy-manager-it-security-expert-recruitment-2026--4624,https://www.searchsarkarinaukri.com/sitemap-jobs.xml,2026-08-17,job-listing,1
https://www.searchsarkarinaukri.com/jobs/sbi-deputy-manager-ai-specialist-recruitment-2026--4623,https://www.searchsarkarinaukri.com/sitemap-jobs.xml,2026-08-17,job-listing,1
https://www.searchsarkarinaukri.com/jobs/sbi-deputy-vice-president-cyber-security-recruitment-2026--4622,https://www.searchsarkarinaukri.com/sitemap-jobs.xml,2026-08-17,job-listing,1
https://www.searchsarkarinaukri.com/jobs/sbi-deputy-vice-president-citizen-centric-initiatives-recruitment-2026--4621,https://www.searchsarkarinaukri.com/sitemap-jobs.xml,2026-08-17,job-listing,1
https://www.searchsarkarinaukri.com/jobs/sbi-deputy-vice-president-cyber-innovation-simulation-lab-recruitment-2026--4620,https://www.searchsarkarinaukri.com/sitemap-jobs.xml,2026-08-17,job-listing,1
https://www.searchsarkarinaukri.com/jobs/sbi-junior-associate-customer-support-sales-recruitment-2026--4619,https://www.searchsarkarinaukri.com/sitemap-jobs.xml,2026-08-17,job-listing,1
https://www.searchsarkarinaukri.com/jobs/job-2026--4617,https://www.searchsarkarinaukri.com/sitemap-jobs.xml,2026-08-17,job-listing,1
https://www.searchsarkarinaukri.com/jobs/hindi-vishwavidyalaya-wardha-hindi-vishwavidyalaya-wardha-2026--4614,https://www.searchsarkarinaukri.com/sitemap-jobs.xml,2026-08-18,job-listing,1
https://www.searchsarkarinaukri.com/jobs/ict-mumbai-ict-mumbai-2026--4613,https://www.searchsarkarinaukri.com/sitemap-jobs.xml,2026-08-23,job-listing,1
https://www.searchsarkarinaukri.com/jobs/rari-pune-rari-pune-2026--4612,https://www.searchsarkarinaukri.com/sitemap-jobs.xml,2026-08-25,job-listing,1
https://www.searchsarkarinaukri.com/jobs/mormugao-port-authority-mormugao-port-authority-2026--4611,https://www.searchsarkarinaukri.com/sitemap-jobs.xml,2026-08-16,job-listing,1
https://www.searchsarkarinaukri.com/jobs/icar-national-research-center-for-grapes-pune-job-opening-at-icar-national-2026--4609,https://www.searchsarkarinaukri.com/sitemap-jobs.xml,2026-08-25,job-listing,1
https://www.searchsarkarinaukri.com/jobs/pm-shri-kendriya-vidyalaya-south-command-and-army-area-pune-job-opening-at-pm-shri-kendriya-2026--4608,https://www.searchsarkarinaukri.com/sitemap-jobs.xml,2026-08-19,job-listing,1
https://www.searchsarkarinaukri.com/jobs/nashik-city-police-department-recruitment-notification-nashik-city-police-department-2026--4607,https://www.searchsarkarinaukri.com/sitemap-jobs.xml,2026-08-22,job-listing,1
https://www.searchsarkarinaukri.com/jobs/ayushman-bharat-digital-mission-mumbai-abdm-mumbai-ayushman-bharat-digital-mission-mumbai-abdm-2026--4606,https://www.searchsarkarinaukri.com/sitemap-jobs.xml,2026-08-19,job-listing,1
https://www.searchsarkarinaukri.com/jobs/tata-institute-of-social-sciences-tiss-mumbai-tata-institute-of-social-sciences-tiss-2026--4605,https://www.searchsarkarinaukri.com/sitemap-jobs.xml,2026-08-16,job-listing,1
https://www.searchsarkarinaukri.com/jobs/government-medical-college-ambernath-thane-government-medical-college-ambernath-thane-2026--4604,https://www.searchsarkarinaukri.com/sitemap-jobs.xml,2026-08-20,job-listing,1
https://www.searchsarkarinaukri.com/jobs/sanjay-gandhi-national-park-sgnp-maharashtra-sanjay-gandhi-national-park-sgnp-maharashtra-2026--4599,https://www.searchsarkarinaukri.com/sitemap-jobs.xml,2026-08-18,job-listing,1
https://www.searchsarkarinaukri.com/jobs/maharashtra-state-security-corporation-mssc-recruitment-notification-maharashtra-state-security-corp--4597,https://www.searchsarkarinaukri.com/sitemap-jobs.xml,2026-08-22,job-listing,1
https://www.searchsarkarinaukri.com/jobs/national-health-mission-mumbai-apply-for-28-regular-medical-health-2026--4595,https://www.searchsarkarinaukri.com/sitemap-jobs.xml,2026-08-16,job-listing,1
https://www.searchsarkarinaukri.com/jobs/railway-recruitment-board-rrb-recruitment-notification-railway-recruitment-board-rrb-2026--4594,https://www.searchsarkarinaukri.com/sitemap-jobs.xml,2026-08-16,job-listing,1
https://www.searchsarkarinaukri.com/jobs/securities-and-exchange-board-of-india-securities-and-exchange-board-2026--4590,https://www.searchsarkarinaukri.com/sitemap-jobs.xml,2026-08-15,job-listing,1
https://www.searchsarkarinaukri.com/jobs/neepco-neepco-2026--4589,https://www.searchsarkarinaukri.com/sitemap-jobs.xml,2026-08-15,job-listing,1
https://www.searchsarkarinaukri.com/jobs/nhm-mumbai-nhm-mumbai-2026--4588,https://www.searchsarkarinaukri.com/sitemap-jobs.xml,2026-08-15,job-listing,1
https://www.searchsarkarinaukri.com/jobs/mssu-mssu-2026--4587,https://www.searchsarkarinaukri.com/sitemap-jobs.xml,2026-08-15,job-listing,1
https://www.searchsarkarinaukri.com/jobs/gpsc-goa-gpsc-goa-2026--4586,https://www.searchsarkarinaukri.com/sitemap-jobs.xml,2026-08-15,job-listing,1
https://www.searchsarkarinaukri.com/jobs/panji-mahanagarpalika-panji-mahanagarpalika-2026--4585,https://www.searchsarkarinaukri.com/sitemap-jobs.xml,2026-08-20,job-listing,1
https://www.searchsarkarinaukri.com/jobs/all-india-institute-of-medical-sciences-nagpur-all-india-institute-of-medical-sciences-2026--4584,https://www.searchsarkarinaukri.com/sitemap-jobs.xml,2026-08-15,job-listing,1
https://www.searchsarkarinaukri.com/jobs/krcl-krcl-2026--4583,https://www.searchsarkarinaukri.com/sitemap-jobs.xml,2026-08-15,job-listing,1
https://www.searchsarkarinaukri.com/jobs/maharashtra-state-security-corporation-maharashtra-state-security-corporation-2026--4582,https://www.searchsarkarinaukri.com/sitemap-jobs.xml,2026-08-15,job-listing,1
https://www.searchsarkarinaukri.com/jobs/government-medical-college-gondia-government-medical-college-gondia-2026--4581,https://www.searchsarkarinaukri.com/sitemap-jobs.xml,2026-08-21,job-listing,1
https://www.searchsarkarinaukri.com/jobs/jnv-nandurbar-jnv-nandurbar-2026--4580,https://www.searchsarkarinaukri.com/sitemap-jobs.xml,2026-08-19,job-listing,1
https://www.searchsarkarinaukri.com/jobs/government-dental-college-and-hospital-jalgaon-government-dental-college-and-hospital-jalgaon-2026--4579,https://www.searchsarkarinaukri.com/sitemap-jobs.xml,2026-08-15,job-listing,1
https://www.searchsarkarinaukri.com/jobs/mpkv-mpkv-2026--4578,https://www.searchsarkarinaukri.com/sitemap-jobs.xml,2026-08-25,job-listing,1
https://www.searchsarkarinaukri.com/jobs/nagar-parishad-morshi-amravati-nagar-parishad-morshi-amravati-2026--4577,https://www.searchsarkarinaukri.com/sitemap-jobs.xml,2026-08-16,job-listing,1
https://www.searchsarkarinaukri.com/jobs/tiss-mumbai-tiss-mumbai-2026--4576,https://www.searchsarkarinaukri.com/sitemap-jobs.xml,2026-08-15,job-listing,1
https://www.searchsarkarinaukri.com/jobs/abdm-mumbai-abdm-mumbai-2026--4575,https://www.searchsarkarinaukri.com/sitemap-jobs.xml,2026-08-19,job-listing,1
https://www.searchsarkarinaukri.com/jobs/gmc-ambernath-gmc-ambernath-2026--4574,https://www.searchsarkarinaukri.com/sitemap-jobs.xml,2026-08-15,job-listing,1
https://www.searchsarkarinaukri.com/jobs/maharashtra-state-electricity-board-holding-company-limited-recruitment-notification-maharashtra-sta--4572,https://www.searchsarkarinaukri.com/sitemap-jobs.xml,2026-08-15,job-listing,1
https://www.searchsarkarinaukri.com/jobs/grant-government-medical-college-sir-jj-group-of-hospitals-mumbai-grant-government-medical-college-s--4571,https://www.searchsarkarinaukri.com/sitemap-jobs.xml,2026-08-22,job-listing,1
https://www.searchsarkarinaukri.com/jobs/nabfins-customer-service-officer-recruitment-2026--4570,https://www.searchsarkarinaukri.com/sitemap-jobs.xml,2026-08-14,job-listing,1
https://www.searchsarkarinaukri.com/jobs/bpcl-technician-electrical-recruitment-2026--4569,https://www.searchsarkarinaukri.com/sitemap-jobs.xml,2026-08-14,job-listing,1
https://www.searchsarkarinaukri.com/jobs/bpcl-technician-operator-mechanical-recruitment-2026--4568,https://www.searchsarkarinaukri.com/sitemap-jobs.xml,2026-08-14,job-listing,1
https://www.searchsarkarinaukri.com/jobs/bpcl-process-operator-operator-chemical-recruitment-2026--4567,https://www.searchsarkarinaukri.com/sitemap-jobs.xml,2026-08-14,job-listing,1
https://www.searchsarkarinaukri.com/jobs/bpcl-process-technician-chemical-recruitment-2026--4566,https://www.searchsarkarinaukri.com/sitemap-jobs.xml,2026-08-14,job-listing,1
https://www.searchsarkarinaukri.com/jobs/irel-assistant-manager-company-secretary-recruitment-2026--4565,https://www.searchsarkarinaukri.com/sitemap-jobs.xml,2026-08-14,job-listing,1
https://www.searchsarkarinaukri.com/jobs/irel-assistant-manager-rajbhasha-recruitment-2026--4564,https://www.searchsarkarinaukri.com/sitemap-jobs.xml,2026-08-14,job-listing,1
https://www.searchsarkarinaukri.com/jobs/irel-assistant-manager-hrm-recruitment-2026--4563,https://www.searchsarkarinaukri.com/sitemap-jobs.xml,2026-08-14,job-listing,1
https://www.searchsarkarinaukri.com/jobs/irel-deputy-manager-legal-hrm-recruitment-2026--4562,https://www.searchsarkarinaukri.com/sitemap-jobs.xml,2026-08-14,job-listing,1
https://www.searchsarkarinaukri.com/jobs/irel-deputy-manager-hrm-admin-recruitment-2026--4561,https://www.searchsarkarinaukri.com/sitemap-jobs.xml,2026-08-14,job-listing,1
https://www.searchsarkarinaukri.com/jobs/irel-deputy-manager-sales-recruitment-2026--4560,https://www.searchsarkarinaukri.com/sitemap-jobs.xml,2026-08-14,job-listing,1
https://www.searchsarkarinaukri.com/jobs/irel-deputy-general-manager-marketing-recruitment-2026--4559,https://www.searchsarkarinaukri.com/sitemap-jobs.xml,2026-08-14,job-listing,1
https://www.searchsarkarinaukri.com/jobs/irel-assistant-manager-finance-recruitment-2026--4558,https://www.searchsarkarinaukri.com/sitemap-jobs.xml,2026-08-14,job-listing,1
https://www.searchsarkarinaukri.com/jobs/irel-deputy-manager-finance-recruitment-2026--4557,https://www.searchsarkarinaukri.com/sitemap-jobs.xml,2026-08-14,job-listing,1
https://www.searchsarkarinaukri.com/jobs/irel-senior-manager-finance-recruitment-2026--4556,https://www.searchsarkarinaukri.com/sitemap-jobs.xml,2026-08-14,job-listing,1
https://www.searchsarkarinaukri.com/jobs/irel-chief-manager-finance-recruitment-2026--4555,https://www.searchsarkarinaukri.com/sitemap-jobs.xml,2026-08-14,job-listing,1
https://www.searchsarkarinaukri.com/jobs/irel-general-manager-finance-recruitment-2026--4554,https://www.searchsarkarinaukri.com/sitemap-jobs.xml,2026-08-14,job-listing,1
https://www.searchsarkarinaukri.com/jobs/irel-senior-manager-medical-recruitment-2026--4553,https://www.searchsarkarinaukri.com/sitemap-jobs.xml,2026-08-14,job-listing,1
https://www.searchsarkarinaukri.com/jobs/irel-manager-security-recruitment-2026--4552,https://www.searchsarkarinaukri.com/sitemap-jobs.xml,2026-08-14,job-listing,1
https://www.searchsarkarinaukri.com/jobs/irel-senior-manager-security-recruitment-2026--4551,https://www.searchsarkarinaukri.com/sitemap-jobs.xml,2026-08-14,job-listing,1
https://www.searchsarkarinaukri.com/jobs/irel-manager-legal-recruitment-2026--4550,https://www.searchsarkarinaukri.com/sitemap-jobs.xml,2026-08-14,job-listing,1
https://www.searchsarkarinaukri.com/jobs/irel-senior-manager-legal-recruitment-2026--4549,https://www.searchsarkarinaukri.com/sitemap-jobs.xml,2026-08-14,job-listing,1
https://www.searchsarkarinaukri.com/jobs/irel-deputy-manager-geology-recruitment-2026--4548,https://www.searchsarkarinaukri.com/sitemap-jobs.xml,2026-08-14,job-listing,1
https://www.searchsarkarinaukri.com/jobs/irel-deputy-manager-it-recruitment-2026--4547,https://www.searchsarkarinaukri.com/sitemap-jobs.xml,2026-08-14,job-listing,1
https://www.searchsarkarinaukri.com/jobs/irel-manager-it-recruitment-2026--4546,https://www.searchsarkarinaukri.com/sitemap-jobs.xml,2026-08-14,job-listing,1
https://www.searchsarkarinaukri.com/jobs/irel-deputy-general-manager-it-recruitment-2026--4545,https://www.searchsarkarinaukri.com/sitemap-jobs.xml,2026-08-14,job-listing,1
https://www.searchsarkarinaukri.com/jobs/irel-assistant-manager-instrumentation-recruitment-2026--4544,https://www.searchsarkarinaukri.com/sitemap-jobs.xml,2026-08-14,job-listing,1
https://www.searchsarkarinaukri.com/jobs/irel-assistant-manager-industrial-safety-recruitment-2026--4543,https://www.searchsarkarinaukri.com/sitemap-jobs.xml,2026-08-14,job-listing,1
https://www.searchsarkarinaukri.com/jobs/irel-deputy-manager-industrial-safety-recruitment-2026--4542,https://www.searchsarkarinaukri.com/sitemap-jobs.xml,2026-08-14,job-listing,1
https://www.searchsarkarinaukri.com/jobs/irel-deputy-manager-commercial-purchase-recruitment-2026--4541,https://www.searchsarkarinaukri.com/sitemap-jobs.xml,2026-08-14,job-listing,1
https://www.searchsarkarinaukri.com/jobs/irel-assistant-manager-mining-recruitment-2026--4540,https://www.searchsarkarinaukri.com/sitemap-jobs.xml,2026-08-14,job-listing,1
https://www.searchsarkarinaukri.com/jobs/job-2026--4539,https://www.searchsarkarinaukri.com/sitemap-jobs.xml,2026-08-14,job-listing,1
https://www.searchsarkarinaukri.com/jobs/sbi-2026--4538,https://www.searchsarkarinaukri.com/sitemap-jobs.xml,2026-08-14,job-listing,1
https://www.searchsarkarinaukri.com/jobs/maharashtra-state-security-corporation-maharashtra-state-security-corporation-2026--4537,https://www.searchsarkarinaukri.com/sitemap-jobs.xml,2026-08-14,job-listing,1
https://www.searchsarkarinaukri.com/jobs/irctc-irctc-2026--4536,https://www.searchsarkarinaukri.com/sitemap-jobs.xml,2026-08-14,job-listing,1
https://www.searchsarkarinaukri.com/jobs/zp-nagpur-zp-nagpur-2026--4535,https://www.searchsarkarinaukri.com/sitemap-jobs.xml,2026-08-24,job-listing,1
https://www.searchsarkarinaukri.com/jobs/all-india-institute-of-medical-sciences-nagpur-all-india-institute-of-medical-sciences-2026--4534,https://www.searchsarkarinaukri.com/sitemap-jobs.xml,2026-08-14,job-listing,1
https://www.searchsarkarinaukri.com/jobs/national-aerospace-laboratory-national-aerospace-laboratory-2026--4533,https://www.searchsarkarinaukri.com/sitemap-jobs.xml,2026-08-14,job-listing,1
https://www.searchsarkarinaukri.com/jobs/mhrb-mhrb-2026--4532,https://www.searchsarkarinaukri.com/sitemap-jobs.xml,2026-08-20,job-listing,1
https://www.searchsarkarinaukri.com/jobs/nagarparishad-katol-nagarparishad-katol-2026--4531,https://www.searchsarkarinaukri.com/sitemap-jobs.xml,2026-08-24,job-listing,1
https://www.searchsarkarinaukri.com/jobs/nagarparishad-alandi-nagarparishad-alandi-2026--4530,https://www.searchsarkarinaukri.com/sitemap-jobs.xml,2026-08-24,job-listing,1
https://www.searchsarkarinaukri.com/jobs/airports-authority-of-india-airports-authority-of-india-2026--4529,https://www.searchsarkarinaukri.com/sitemap-jobs.xml,2026-08-14,job-listing,1
https://www.searchsarkarinaukri.com/jobs/ggmc-mumbai-ggmc-mumbai-2026--4528,https://www.searchsarkarinaukri.com/sitemap-jobs.xml,2026-08-22,job-listing,1
https://www.searchsarkarinaukri.com/jobs/csl-csl-2026--4527,https://www.searchsarkarinaukri.com/sitemap-jobs.xml,2026-08-14,job-listing,1
https://www.searchsarkarinaukri.com/jobs/coal-india-coal-india-2026--4526,https://www.searchsarkarinaukri.com/sitemap-jobs.xml,2026-08-14,job-listing,1
https://www.searchsarkarinaukri.com/jobs/nagpur-mahanagarpalika-nagpur-mahanagarpalika-2026--4525,https://www.searchsarkarinaukri.com/sitemap-jobs.xml,2026-08-22,job-listing,1
https://www.searchsarkarinaukri.com/jobs/cife-mumbai-cife-mumbai-2026--4524,https://www.searchsarkarinaukri.com/sitemap-jobs.xml,2026-08-14,job-listing,1
https://www.searchsarkarinaukri.com/jobs/janata-sahakari-bank-kolhapur-janata-sahakari-bank-kolhapur-2026--4523,https://www.searchsarkarinaukri.com/sitemap-jobs.xml,2026-08-14,job-listing,1
https://www.searchsarkarinaukri.com/jobs/hindustan-aeronautics-limited-hindustan-aeronautics-limited-2026--4522,https://www.searchsarkarinaukri.com/sitemap-jobs.xml,2026-08-15,job-listing,1
https://www.searchsarkarinaukri.com/jobs/irel-manager-mining-recruitment-2026--4521,https://www.searchsarkarinaukri.com/sitemap-jobs.xml,2026-08-13,job-listing,1
https://www.searchsarkarinaukri.com/jobs/irel-deputy-manager-mineral-recruitment-2026--4520,https://www.searchsarkarinaukri.com/sitemap-jobs.xml,2026-08-13,job-listing,1
https://www.searchsarkarinaukri.com/jobs/irel-assistant-manager-chemical-recruitment-2026--4519,https://www.searchsarkarinaukri.com/sitemap-jobs.xml,2026-08-13,job-listing,1
https://www.searchsarkarinaukri.com/jobs/irel-deputy-manager-chemical-recruitment-2026--4518,https://www.searchsarkarinaukri.com/sitemap-jobs.xml,2026-08-13,job-listing,1
https://www.searchsarkarinaukri.com/jobs/irel-assistant-manager-electrical-recruitment-2026--4517,https://www.searchsarkarinaukri.com/sitemap-jobs.xml,2026-08-13,job-listing,1
https://www.searchsarkarinaukri.com/jobs/irel-deputy-manager-electrical-recruitment-2026--4516,https://www.searchsarkarinaukri.com/sitemap-jobs.xml,2026-08-13,job-listing,1
https://www.searchsarkarinaukri.com/jobs/irel-chief-manager-electrical-recruitment-2026--4515,https://www.searchsarkarinaukri.com/sitemap-jobs.xml,2026-08-13,job-listing,1
https://www.searchsarkarinaukri.com/jobs/irel-assistant-manager-mechanical-recruitment-2026--4514,https://www.searchsarkarinaukri.com/sitemap-jobs.xml,2026-08-13,job-listing,1
https://www.searchsarkarinaukri.com/jobs/irel-deputy-manager-mechanical-recruitment-2026--4513,https://www.searchsarkarinaukri.com/sitemap-jobs.xml,2026-08-13,job-listing,1
https://www.searchsarkarinaukri.com/jobs/irel-chief-manager-mechanical-recruitment-2026--4512,https://www.searchsarkarinaukri.com/sitemap-jobs.xml,2026-08-13,job-listing,1
https://www.searchsarkarinaukri.com/jobs/cgssb-watch-room-operator-recruitment-2026--4511,https://www.searchsarkarinaukri.com/sitemap-jobs.xml,2026-08-13,job-listing,1
https://www.searchsarkarinaukri.com/jobs/cgssb-mechanic-recruitment-2026--4510,https://www.searchsarkarinaukri.com/sitemap-jobs.xml,2026-08-13,job-listing,1
https://www.searchsarkarinaukri.com/jobs/cgssb-store-keeper-recruitment-2026--4509,https://www.searchsarkarinaukri.com/sitemap-jobs.xml,2026-08-13,job-listing,1
https://www.searchsarkarinaukri.com/jobs/cgssb-vahan-chalak-cum-operator-recruitment-2026--4508,https://www.searchsarkarinaukri.com/sitemap-jobs.xml,2026-08-13,job-listing,1
https://www.searchsarkarinaukri.com/jobs/cgssb-vahan-chalak-driver-recruitment-2026--4507,https://www.searchsarkarinaukri.com/sitemap-jobs.xml,2026-08-13,job-listing,1
https://www.searchsarkarinaukri.com/jobs/dgqa-technician-skilled-recruitment-2026--4506,https://www.searchsarkarinaukri.com/sitemap-jobs.xml,2026-08-13,job-listing,1
https://www.searchsarkarinaukri.com/jobs/dgqa-technician-semi-skilled-recruitment-2026--4505,https://www.searchsarkarinaukri.com/sitemap-jobs.xml,2026-08-13,job-listing,1
https://www.searchsarkarinaukri.com/jobs/icds-maharashtra-mukhyasevika-supervisor-recruitment-2026--4504,https://www.searchsarkarinaukri.com/sitemap-jobs.xml,2026-08-13,job-listing,1
https://www.searchsarkarinaukri.com/jobs/indbank-dealer-recruitment-2026--4503,https://www.searchsarkarinaukri.com/sitemap-jobs.xml,2026-08-13,job-listing,1
https://www.searchsarkarinaukri.com/jobs/indbank-relationship-manager-recruitment-2026--4502,https://www.searchsarkarinaukri.com/sitemap-jobs.xml,2026-08-13,job-listing,1
https://www.searchsarkarinaukri.com/jobs/sccl-diploma-apprentice-recruitment-2026--4501,https://www.searchsarkarinaukri.com/sitemap-jobs.xml,2026-08-13,job-listing,1
https://www.searchsarkarinaukri.com/jobs/sccl-non-engineering-graduate-apprentice-recruitment-2026--4500,https://www.searchsarkarinaukri.com/sitemap-jobs.xml,2026-08-13,job-listing,1
https://www.searchsarkarinaukri.com/jobs/sccl-engineering-graduate-apprentice-recruitment-2026--4499,https://www.searchsarkarinaukri.com/sitemap-jobs.xml,2026-08-13,job-listing,1
https://www.searchsarkarinaukri.com/jobs/itbp-medical-officer-recruitment-2026--4498,https://www.searchsarkarinaukri.com/sitemap-jobs.xml,2026-08-13,job-listing,1
https://www.searchsarkarinaukri.com/jobs/itbp-specialist-medical-officer-recruitment-2026--4497,https://www.searchsarkarinaukri.com/sitemap-jobs.xml,2026-08-13,job-listing,1
https://www.searchsarkarinaukri.com/jobs/itbp-super-specialist-medical-officer-recruitment-2026--4496,https://www.searchsarkarinaukri.com/sitemap-jobs.xml,2026-08-13,job-listing,1
https://www.searchsarkarinaukri.com/jobs/drdo-hemrl-graduate-apprentice-recruitment-2026--4495,https://www.searchsarkarinaukri.com/sitemap-jobs.xml,2026-08-13,job-listing,1
https://www.searchsarkarinaukri.com/jobs/esic-panel-advocate-recruitment-2026--4494,https://www.searchsarkarinaukri.com/sitemap-jobs.xml,2026-08-13,job-listing,1
https://www.searchsarkarinaukri.com/jobs/computer-science-teacher-cst-recruitment-2026--4493,https://www.searchsarkarinaukri.com/sitemap-jobs.xml,2026-08-13,job-listing,1
https://www.searchsarkarinaukri.com/jobs/physical-education-teacher-pet-recruitment-2026--4492,https://www.searchsarkarinaukri.com/sitemap-jobs.xml,2026-08-13,job-listing,1
https://www.searchsarkarinaukri.com/jobs/primary-school-teacher-pst-recruitment-2026--4491,https://www.searchsarkarinaukri.com/sitemap-jobs.xml,2026-08-13,job-listing,1
https://www.searchsarkarinaukri.com/jobs/assistant-master-am-recruitment-2026--4490,https://www.searchsarkarinaukri.com/sitemap-jobs.xml,2026-08-13,job-listing,1
https://www.searchsarkarinaukri.com/jobs/graduate-primary-teacher-gpt-recruitment-2026--4489,https://www.searchsarkarinaukri.com/sitemap-jobs.xml,2026-08-13,job-listing,1
https://www.searchsarkarinaukri.com/jobs/sangli-dcc-bank-sangli-dcc-bank-2026--4488,https://www.searchsarkarinaukri.com/sitemap-jobs.xml,2026-08-22,job-listing,1
https://www.searchsarkarinaukri.com/jobs/shree-mahalakshmi-nagari-sahakari-patsanstha-shree-mahalakshmi-nagari-sahakari-patsanstha-2026--4487,https://www.searchsarkarinaukri.com/sitemap-jobs.xml,2026-08-21,job-listing,1
https://www.searchsarkarinaukri.com/jobs/ggmc-mumbai-ggmc-mumbai-2026--4486,https://www.searchsarkarinaukri.com/sitemap-jobs.xml,2026-08-22,job-listing,1
https://www.searchsarkarinaukri.com/jobs/kendriya-vidyalaya-washim-kendriya-vidyalaya-washim-2026--4485,https://www.searchsarkarinaukri.com/sitemap-jobs.xml,2026-08-19,job-listing,1
https://www.searchsarkarinaukri.com/jobs/national-thermal-power-corporation-limited-national-thermal-power-corporation-limited-2026--4484,https://www.searchsarkarinaukri.com/sitemap-jobs.xml,2026-08-13,job-listing,1
https://www.searchsarkarinaukri.com/jobs/kalbhairav-sahakari-patsanstha-kalbhairav-sahakari-patsanstha-2026--4483,https://www.searchsarkarinaukri.com/sitemap-jobs.xml,2026-08-21,job-listing,1
https://www.searchsarkarinaukri.com/jobs/adivasi-vikas-vibhag-thane-adivasi-vikas-vibhag-thane-2026--4482,https://www.searchsarkarinaukri.com/sitemap-jobs.xml,2026-08-16,job-listing,1
https://www.searchsarkarinaukri.com/jobs/iiit-nagpur-iiit-nagpur-2026--4481,https://www.searchsarkarinaukri.com/sitemap-jobs.xml,2026-08-13,job-listing,1
https://www.searchsarkarinaukri.com/jobs/defence-institute-of-advanced-technology-pune-defence-institute-of-advanced-2026--4480,https://www.searchsarkarinaukri.com/sitemap-jobs.xml,2026-08-22,job-listing,1
https://www.searchsarkarinaukri.com/jobs/icar-central-institute-for-cotton-research-nagpur-recruitment-notification-icar-central-institute-20--4479,https://www.searchsarkarinaukri.com/sitemap-jobs.xml,2026-08-19,job-listing,1
https://www.searchsarkarinaukri.com/jobs/pm-shri-kendriya-vidyalaya-stc-bsf-chakur-pm-shri-kendriya-vidyalaya-stc-bsf-2026--4478,https://www.searchsarkarinaukri.com/sitemap-jobs.xml,2026-08-18,job-listing,1
https://www.searchsarkarinaukri.com/jobs/nagpur-municipal-corporation-nagpur-mahanagarpalika-nagpur-municipal-corporation-nagpur-mahanagarpal--4476,https://www.searchsarkarinaukri.com/sitemap-jobs.xml,2026-08-16,job-listing,1
https://www.searchsarkarinaukri.com/jobs/women-and-child-development-department-maharashtra-recruitment-notification-women-and-child-developm--4475,https://www.searchsarkarinaukri.com/sitemap-jobs.xml,2026-08-22,job-listing,1
https://www.searchsarkarinaukri.com/jobs/maharashtra-ex-servicemen-corporation-limited-mesco-job-openings-at-maharashtra-ex-servicemen-corpor--4471,https://www.searchsarkarinaukri.com/sitemap-jobs.xml,2026-08-25,job-listing,1
https://www.searchsarkarinaukri.com/jobs/employees-state-insurance-corporation-esic-mumbai-apply-for-366-advocate-posts-at-2026--4470,https://www.searchsarkarinaukri.com/sitemap-jobs.xml,2026-08-13,job-listing,1
https://www.searchsarkarinaukri.com/jobs/sail-rsp-data-entry-operator-pgdca-apprentice-recruitment-2026--4469,https://www.searchsarkarinaukri.com/sitemap-jobs.xml,2026-08-12,job-listing,1
https://www.searchsarkarinaukri.com/jobs/sail-rsp-graduate-apprentice-production-recruitment-2026--4468,https://www.searchsarkarinaukri.com/sitemap-jobs.xml,2026-08-12,job-listing,1
https://www.searchsarkarinaukri.com/jobs/sail-rsp-graduate-apprentice-electronics-instrumentation-recruitment-2026--4467,https://www.searchsarkarinaukri.com/sitemap-jobs.xml,2026-08-12,job-listing,1
https://www.searchsarkarinaukri.com/jobs/sail-rsp-diploma-graduate-apprentice-electronics-communication-recruitment-2026--4466,https://www.searchsarkarinaukri.com/sitemap-jobs.xml,2026-08-12,job-listing,1
https://www.searchsarkarinaukri.com/jobs/sail-rsp-graduate-apprentice-b-sc-nursing-recruitment-2026--4465,https://www.searchsarkarinaukri.com/sitemap-jobs.xml,2026-08-12,job-listing,1
https://www.searchsarkarinaukri.com/jobs/sail-rsp-graduate-apprentice-bachelor-of-business-administration-recruitment-2026--4464,https://www.searchsarkarinaukri.com/sitemap-jobs.xml,2026-08-12,job-listing,1
https://www.searchsarkarinaukri.com/jobs/sail-rsp-graduate-apprentice-bachelor-of-computer-application-recruitment-2026--4463,https://www.searchsarkarinaukri.com/sitemap-jobs.xml,2026-08-12,job-listing,1
https://www.searchsarkarinaukri.com/jobs/sail-rsp-graduate-apprentice-bachelor-of-commerce-recruitment-2026--4462,https://www.searchsarkarinaukri.com/sitemap-jobs.xml,2026-08-12,job-listing,1
https://www.searchsarkarinaukri.com/jobs/sail-rsp-graduate-apprentice-bachelor-of-science-recruitment-2026--4461,https://www.searchsarkarinaukri.com/sitemap-jobs.xml,2026-08-12,job-listing,1
https://www.searchsarkarinaukri.com/jobs/sail-rsp-graduate-apprentice-bachelor-of-arts-recruitment-2026--4460,https://www.searchsarkarinaukri.com/sitemap-jobs.xml,2026-08-12,job-listing,1
https://www.searchsarkarinaukri.com/jobs/sail-rsp-graduate-apprentice-production-recruitment-2026--4459,https://www.searchsarkarinaukri.com/sitemap-jobs.xml,2026-08-12,job-listing,1
https://www.searchsarkarinaukri.com/jobs/sail-rsp-graduate-apprentice-electronics-instrumentation-recruitment-2026--4458,https://www.searchsarkarinaukri.com/sitemap-jobs.xml,2026-08-12,job-listing,1
https://www.searchsarkarinaukri.com/jobs/sail-rsp-graduate-apprentice-electronics-communication-recruitment-2026--4457,https://www.searchsarkarinaukri.com/sitemap-jobs.xml,2026-08-12,job-listing,1
https://www.searchsarkarinaukri.com/jobs/sail-rsp-diploma-graduate-apprentice-automobile-recruitment-2026--4456,https://www.searchsarkarinaukri.com/sitemap-jobs.xml,2026-08-12,job-listing,1
https://www.searchsarkarinaukri.com/jobs/sail-rsp-diploma-graduate-apprentice-information-technology-recruitment-2026--4455,https://www.searchsarkarinaukri.com/sitemap-jobs.xml,2026-08-12,job-listing,1
https://www.searchsarkarinaukri.com/jobs/sail-rsp-diploma-graduate-apprentice-electronics-telecommunication-recruitment-2026--4454,https://www.searchsarkarinaukri.com/sitemap-jobs.xml,2026-08-12,job-listing,1
https://www.searchsarkarinaukri.com/jobs/sail-rsp-diploma-graduate-apprentice-metallurgy-recruitment-2026--4453,https://www.searchsarkarinaukri.com/sitemap-jobs.xml,2026-08-12,job-listing,1
https://www.searchsarkarinaukri.com/jobs/sail-rsp-diploma-graduate-apprentice-mechanical-mechatronics-recruitment-2026--4452,https://www.searchsarkarinaukri.com/sitemap-jobs.xml,2026-08-12,job-listing,1
https://www.searchsarkarinaukri.com/jobs/sail-rsp-diploma-graduate-apprentice-electrical-recruitment-2026--4451,https://www.searchsarkarinaukri.com/sitemap-jobs.xml,2026-08-12,job-listing,1
https://www.searchsarkarinaukri.com/jobs/sail-rsp-diploma-graduate-apprentice-eee-recruitment-2026--4450,https://www.searchsarkarinaukri.com/sitemap-jobs.xml,2026-08-12,job-listing,1
https://www.searchsarkarinaukri.com/jobs/sail-rsp-diploma-graduate-apprentice-computer-science-recruitment-2026--4449,https://www.searchsarkarinaukri.com/sitemap-jobs.xml,2026-08-12,job-listing,1
https://www.searchsarkarinaukri.com/jobs/sail-rsp-diploma-graduate-apprentice-civil-recruitment-2026--4448,https://www.searchsarkarinaukri.com/sitemap-jobs.xml,2026-08-12,job-listing,1
https://www.searchsarkarinaukri.com/jobs/sail-rsp-diploma-graduate-apprentice-chemical-recruitment-2026--4447,https://www.searchsarkarinaukri.com/sitemap-jobs.xml,2026-08-12,job-listing,1
https://www.searchsarkarinaukri.com/jobs/sail-rsp-diploma-graduate-apprentice-ceramic-technology-recruitment-2026--4446,https://www.searchsarkarinaukri.com/sitemap-jobs.xml,2026-08-12,job-listing,1
https://www.searchsarkarinaukri.com/jobs/sail-rsp-trade-apprentice-manufacturing-process-control-automation-recruitment-2026--4445,https://www.searchsarkarinaukri.com/sitemap-jobs.xml,2026-08-12,job-listing,1
https://www.searchsarkarinaukri.com/jobs/sail-rsp-trade-apprentice-technician-mechatronics-recruitment-2026--4444,https://www.searchsarkarinaukri.com/sitemap-jobs.xml,2026-08-12,job-listing,1
https://www.searchsarkarinaukri.com/jobs/sail-rsp-trade-apprentice-central-ac-plant-mechanic-recruitment-2026--4443,https://www.searchsarkarinaukri.com/sitemap-jobs.xml,2026-08-12,job-listing,1
https://www.searchsarkarinaukri.com/jobs/sail-rsp-trade-apprentice-ictsm-recruitment-2026--4442,https://www.searchsarkarinaukri.com/sitemap-jobs.xml,2026-08-12,job-listing,1
https://www.searchsarkarinaukri.com/jobs/sail-rsp-trade-apprentice-welder-recruitment-2026--4441,https://www.searchsarkarinaukri.com/sitemap-jobs.xml,2026-08-12,job-listing,1
https://www.searchsarkarinaukri.com/jobs/sail-rsp-trade-apprentice-turner-recruitment-2026--4440,https://www.searchsarkarinaukri.com/sitemap-jobs.xml,2026-08-12,job-listing,1
https://www.searchsarkarinaukri.com/jobs/sail-rsp-trade-apprentice-mechanic-refrigeration-and-ac-recruitment-2026--4439,https://www.searchsarkarinaukri.com/sitemap-jobs.xml,2026-08-12,job-listing,1
https://www.searchsarkarinaukri.com/jobs/sail-rsp-trade-apprentice-mechanic-motor-vehicle-recruitment-2026--4438,https://www.searchsarkarinaukri.com/sitemap-jobs.xml,2026-08-12,job-listing,1
https://www.searchsarkarinaukri.com/jobs/sail-rsp-trade-apprentice-machinist-recruitment-2026--4437,https://www.searchsarkarinaukri.com/sitemap-jobs.xml,2026-08-12,job-listing,1
https://www.searchsarkarinaukri.com/jobs/sail-rsp-trade-apprentice-lacp-recruitment-2026--4436,https://www.searchsarkarinaukri.com/sitemap-jobs.xml,2026-08-12,job-listing,1
https://www.searchsarkarinaukri.com/jobs/job-2026--4435,https://www.searchsarkarinaukri.com/sitemap-jobs.xml,2026-08-12,job-listing,1
https://www.searchsarkarinaukri.com/jobs/eil-eil-2026--4434,https://www.searchsarkarinaukri.com/sitemap-jobs.xml,2026-08-22,job-listing,1
https://www.searchsarkarinaukri.com/jobs/all-india-institute-of-medical-sciences-nagpur-all-india-institute-of-medical-sciences-2026--4433,https://www.searchsarkarinaukri.com/sitemap-jobs.xml,2026-08-12,job-listing,1
https://www.searchsarkarinaukri.com/jobs/bhel-bhel-2026--4432,https://www.searchsarkarinaukri.com/sitemap-jobs.xml,2026-08-23,job-listing,1
https://www.searchsarkarinaukri.com/jobs/zp-ahmednagar-zp-ahmednagar-2026--4431,https://www.searchsarkarinaukri.com/sitemap-jobs.xml,2026-08-21,job-listing,1
https://www.searchsarkarinaukri.com/jobs/mecon-mecon-2026--4430,https://www.searchsarkarinaukri.com/sitemap-jobs.xml,2026-08-16,job-listing,1
https://www.searchsarkarinaukri.com/jobs/renukamata-multistate-society-renukamata-multistate-society-2026--4429,https://www.searchsarkarinaukri.com/sitemap-jobs.xml,2026-08-19,job-listing,1
https://www.searchsarkarinaukri.com/jobs/icsil-bharti-2026-details-icsil-bharti-2026-details-2026--4428,https://www.searchsarkarinaukri.com/sitemap-jobs.xml,2026-08-16,job-listing,1
https://www.searchsarkarinaukri.com/jobs/ict-mumbai-ict-mumbai-2026--4427,https://www.searchsarkarinaukri.com/sitemap-jobs.xml,2026-08-23,job-listing,1
https://www.searchsarkarinaukri.com/jobs/maharashtra-education-society-pune-maharashtra-education-society-pune-2026--4426,https://www.searchsarkarinaukri.com/sitemap-jobs.xml,2026-08-21,job-listing,1
https://www.searchsarkarinaukri.com/jobs/maharashtra-ex-servicemen-corporation-limited-maharashtra-ex-servicemen-corporation-limited-2026--4425,https://www.searchsarkarinaukri.com/sitemap-jobs.xml,2026-08-25,job-listing,1
https://www.searchsarkarinaukri.com/jobs/esic-mumbai-esic-mumbai-2026--4424,https://www.searchsarkarinaukri.com/sitemap-jobs.xml,2026-08-12,job-listing,1
https://www.searchsarkarinaukri.com/jobs/esis-thane-esis-thane-2026--4423,https://www.searchsarkarinaukri.com/sitemap-jobs.xml,2026-08-13,job-listing,1
https://www.searchsarkarinaukri.com/jobs/cel-india-cel-india-2026--4422,https://www.searchsarkarinaukri.com/sitemap-jobs.xml,2026-08-12,job-listing,1
https://www.searchsarkarinaukri.com/jobs/sbi-clerk-sbi-clerk-2026--4421,https://www.searchsarkarinaukri.com/sitemap-jobs.xml,2026-08-12,job-listing,1
https://www.searchsarkarinaukri.com/jobs/maharashtra-public-service-commission-mpsc-maharashtra-public-service-commission-mpsc-invites-2026--4420,https://www.searchsarkarinaukri.com/sitemap-jobs.xml,2026-08-12,job-listing,1
https://www.searchsarkarinaukri.com/jobs/union-bank-of-india-data-privacy-officer-recruitment-2026--4419,https://www.searchsarkarinaukri.com/sitemap-jobs.xml,2026-08-11,job-listing,1
https://www.searchsarkarinaukri.com/jobs/union-bank-of-india-data-centre-specialist-recruitment-2026--4418,https://www.searchsarkarinaukri.com/sitemap-jobs.xml,2026-08-11,job-listing,1
https://www.searchsarkarinaukri.com/jobs/union-bank-of-india-data-centre-specialist-recruitment-2026--4417,https://www.searchsarkarinaukri.com/sitemap-jobs.xml,2026-08-11,job-listing,1
https://www.searchsarkarinaukri.com/jobs/union-bank-of-india-data-centre-specialist-recruitment-2026--4416,https://www.searchsarkarinaukri.com/sitemap-jobs.xml,2026-08-11,job-listing,1
https://www.searchsarkarinaukri.com/jobs/union-bank-of-india-data-centre-specialist-recruitment-2026--4415,https://www.searchsarkarinaukri.com/sitemap-jobs.xml,2026-08-11,job-listing,1
https://www.searchsarkarinaukri.com/jobs/union-bank-of-india-cyber-security-forensic-analyst-recruitment-2026--4414,https://www.searchsarkarinaukri.com/sitemap-jobs.xml,2026-08-11,job-listing,1
https://www.searchsarkarinaukri.com/jobs/union-bank-of-india-cyber-security-forensic-analyst-recruitment-2026--4413,https://www.searchsarkarinaukri.com/sitemap-jobs.xml,2026-08-11,job-listing,1
https://www.searchsarkarinaukri.com/jobs/union-bank-of-india-cloud-administrator-recruitment-2026--4412,https://www.searchsarkarinaukri.com/sitemap-jobs.xml,2026-08-11,job-listing,1
https://www.searchsarkarinaukri.com/jobs/union-bank-of-india-block-chain-quantum-computing-recruitment-2026--4411,https://www.searchsarkarinaukri.com/sitemap-jobs.xml,2026-08-11,job-listing,1
https://www.searchsarkarinaukri.com/jobs/union-bank-of-india-api-management-recruitment-2026--4410,https://www.searchsarkarinaukri.com/sitemap-jobs.xml,2026-08-11,job-listing,1
https://www.searchsarkarinaukri.com/jobs/union-bank-of-india-api-management-recruitment-2026--4409,https://www.searchsarkarinaukri.com/sitemap-jobs.xml,2026-08-11,job-listing,1
https://www.searchsarkarinaukri.com/jobs/union-bank-of-india-forex-officer-recruitment-2026--4408,https://www.searchsarkarinaukri.com/sitemap-jobs.xml,2026-08-11,job-listing,1
https://www.searchsarkarinaukri.com/jobs/union-bank-of-india-forex-officer-recruitment-2026--4407,https://www.searchsarkarinaukri.com/sitemap-jobs.xml,2026-08-11,job-listing,1
https://www.searchsarkarinaukri.com/jobs/union-bank-of-india-vendor-management-non-it-recruitment-2026--4406,https://www.searchsarkarinaukri.com/sitemap-jobs.xml,2026-08-11,job-listing,1
https://www.searchsarkarinaukri.com/jobs/union-bank-of-india-vendor-management-non-it-recruitment-2026--4405,https://www.searchsarkarinaukri.com/sitemap-jobs.xml,2026-08-11,job-listing,1
https://www.searchsarkarinaukri.com/jobs/union-bank-of-india-vendor-management-non-it-recruitment-2026--4404,https://www.searchsarkarinaukri.com/sitemap-jobs.xml,2026-08-11,job-listing,1
https://www.searchsarkarinaukri.com/jobs/union-bank-of-india-general-banking-officer-recruitment-2026--4403,https://www.searchsarkarinaukri.com/sitemap-jobs.xml,2026-08-11,job-listing,1
https://www.searchsarkarinaukri.com/jobs/union-bank-of-india-general-banking-officer-recruitment-2026--4402,https://www.searchsarkarinaukri.com/sitemap-jobs.xml,2026-08-11,job-listing,1
https://www.searchsarkarinaukri.com/jobs/union-bank-of-india-personal-assistants-to-executives-recruitment-2026--4401,https://www.searchsarkarinaukri.com/sitemap-jobs.xml,2026-08-11,job-listing,1
https://www.searchsarkarinaukri.com/jobs/union-bank-of-india-personal-assistants-to-executives-recruitment-2026--4400,https://www.searchsarkarinaukri.com/sitemap-jobs.xml,2026-08-11,job-listing,1
https://www.searchsarkarinaukri.com/jobs/union-bank-of-india-disaster-management-professional-recruitment-2026--4399,https://www.searchsarkarinaukri.com/sitemap-jobs.xml,2026-08-11,job-listing,1
https://www.searchsarkarinaukri.com/jobs/union-bank-of-india-disaster-management-professional-recruitment-2026--4398,https://www.searchsarkarinaukri.com/sitemap-jobs.xml,2026-08-11,job-listing,1
https://www.searchsarkarinaukri.com/jobs/union-bank-of-india-agm-capital-planning-investor-relations-recruitment-2026--4397,https://www.searchsarkarinaukri.com/sitemap-jobs.xml,2026-08-11,job-listing,1
https://www.searchsarkarinaukri.com/jobs/union-bank-of-india-agm-ind-as-recruitment-2026--4396,https://www.searchsarkarinaukri.com/sitemap-jobs.xml,2026-08-11,job-listing,1
https://www.searchsarkarinaukri.com/jobs/union-bank-of-india-agm-taxation-recruitment-2026--4395,https://www.searchsarkarinaukri.com/sitemap-jobs.xml,2026-08-11,job-listing,1
https://www.searchsarkarinaukri.com/jobs/union-bank-of-india-project-management-professional-recruitment-2026--4394,https://www.searchsarkarinaukri.com/sitemap-jobs.xml,2026-08-11,job-listing,1
https://www.searchsarkarinaukri.com/jobs/union-bank-of-india-project-management-professional-recruitment-2026--4393,https://www.searchsarkarinaukri.com/sitemap-jobs.xml,2026-08-11,job-listing,1
https://www.searchsarkarinaukri.com/jobs/union-bank-of-india-project-management-professional-recruitment-2026--4392,https://www.searchsarkarinaukri.com/sitemap-jobs.xml,2026-08-11,job-listing,1
https://www.searchsarkarinaukri.com/jobs/union-bank-of-india-project-management-professional-recruitment-2026--4391,https://www.searchsarkarinaukri.com/sitemap-jobs.xml,2026-08-11,job-listing,1
https://www.searchsarkarinaukri.com/jobs/union-bank-of-india-certified-financial-crimes-investigator-recruitment-2026--4390,https://www.searchsarkarinaukri.com/sitemap-jobs.xml,2026-08-11,job-listing,1
https://www.searchsarkarinaukri.com/jobs/union-bank-of-india-certified-anti-money-laundering-specialist-recruitment-2026--4389,https://www.searchsarkarinaukri.com/sitemap-jobs.xml,2026-08-11,job-listing,1
https://www.searchsarkarinaukri.com/jobs/union-bank-of-india-certified-fraud-examiner-recruitment-2026--4388,https://www.searchsarkarinaukri.com/sitemap-jobs.xml,2026-08-11,job-listing,1
https://www.searchsarkarinaukri.com/jobs/job-2026--4387,https://www.searchsarkarinaukri.com/sitemap-jobs.xml,2026-08-11,job-listing,1
https://www.searchsarkarinaukri.com/jobs/job-2026--4386,https://www.searchsarkarinaukri.com/sitemap-jobs.xml,2026-08-22,job-listing,1
https://www.searchsarkarinaukri.com/jobs/income-tax-pune-income-tax-pune-2026--4385,https://www.searchsarkarinaukri.com/sitemap-jobs.xml,2026-08-11,job-listing,1
https://www.searchsarkarinaukri.com/jobs/ghb-ghb-2026--4384,https://www.searchsarkarinaukri.com/sitemap-jobs.xml,2026-08-11,job-listing,1
https://www.searchsarkarinaukri.com/jobs/airports-authority-of-india-airports-authority-of-india-2026--4383,https://www.searchsarkarinaukri.com/sitemap-jobs.xml,2026-08-11,job-listing,1
https://www.searchsarkarinaukri.com/jobs/rcfl-mumbai-rcfl-mumbai-2026--4382,https://www.searchsarkarinaukri.com/sitemap-jobs.xml,2026-08-25,job-listing,1
https://www.searchsarkarinaukri.com/jobs/dhs-goa-dhs-goa-2026--4381,https://www.searchsarkarinaukri.com/sitemap-jobs.xml,2026-08-22,job-listing,1
https://www.searchsarkarinaukri.com/jobs/sgbau-amravati-sgbau-amravati-2026--4380,https://www.searchsarkarinaukri.com/sitemap-jobs.xml,2026-08-11,job-listing,1
https://www.searchsarkarinaukri.com/jobs/nhai-nhai-2026--4379,https://www.searchsarkarinaukri.com/sitemap-jobs.xml,2026-08-11,job-listing,1
https://www.searchsarkarinaukri.com/jobs/hemrl-pune-hemrl-pune-2026--4378,https://www.searchsarkarinaukri.com/sitemap-jobs.xml,2026-08-11,job-listing,1
https://www.searchsarkarinaukri.com/jobs/pune-district-education-association-pune-district-education-association-2026--4377,https://www.searchsarkarinaukri.com/sitemap-jobs.xml,2026-08-11,job-listing,1
https://www.searchsarkarinaukri.com/jobs/khadki-education-society-pune-khadki-education-society-pune-2026--4376,https://www.searchsarkarinaukri.com/sitemap-jobs.xml,2026-08-16,job-listing,1
https://www.searchsarkarinaukri.com/jobs/integral-coach-factory-integral-coach-factory-2026--4375,https://www.searchsarkarinaukri.com/sitemap-jobs.xml,2026-08-11,job-listing,1
https://www.searchsarkarinaukri.com/jobs/dmhs-dadra-nagar-haveli-dmhs-dadra-nagar-haveli-2026--4374,https://www.searchsarkarinaukri.com/sitemap-jobs.xml,2026-08-21,job-listing,1
https://www.searchsarkarinaukri.com/jobs/rail-coach-factory-rail-coach-factory-2026--4373,https://www.searchsarkarinaukri.com/sitemap-jobs.xml,2026-08-11,job-listing,1
https://www.searchsarkarinaukri.com/jobs/oidc-oidc-2026--4372,https://www.searchsarkarinaukri.com/sitemap-jobs.xml,2026-08-21,job-listing,1
https://www.searchsarkarinaukri.com/jobs/ncdc-ncdc-2026--4371,https://www.searchsarkarinaukri.com/sitemap-jobs.xml,2026-08-11,job-listing,1
https://www.searchsarkarinaukri.com/jobs/shahu-shikshan-sanstha-solapur-shahu-shikshan-sanstha-solapur-2026--4370,https://www.searchsarkarinaukri.com/sitemap-jobs.xml,2026-08-16,job-listing,1
https://www.searchsarkarinaukri.com/jobs/sail-rsp-trade-apprentice-instrument-mechanic-recruitment-2026--4369,https://www.searchsarkarinaukri.com/sitemap-jobs.xml,2026-08-10,job-listing,1
https://www.searchsarkarinaukri.com/jobs/sail-rsp-trade-apprentice-electronics-mechanic-recruitment-2026--4368,https://www.searchsarkarinaukri.com/sitemap-jobs.xml,2026-08-10,job-listing,1
https://www.searchsarkarinaukri.com/jobs/sail-rsp-trade-apprentice-tool-die-maker-recruitment-2026--4367,https://www.searchsarkarinaukri.com/sitemap-jobs.xml,2026-08-10,job-listing,1
https://www.searchsarkarinaukri.com/jobs/sail-rsp-trade-apprentice-fitter-recruitment-2026--4366,https://www.searchsarkarinaukri.com/sitemap-jobs.xml,2026-08-10,job-listing,1
https://www.searchsarkarinaukri.com/jobs/sail-rsp-trade-apprentice-electrician-recruitment-2026--4365,https://www.searchsarkarinaukri.com/sitemap-jobs.xml,2026-08-10,job-listing,1
https://www.searchsarkarinaukri.com/jobs/sail-rsp-trade-apprentice-diesel-mechanic-recruitment-2026--4364,https://www.searchsarkarinaukri.com/sitemap-jobs.xml,2026-08-10,job-listing,1
https://www.searchsarkarinaukri.com/jobs/sail-rsp-trade-apprentice-copa-recruitment-2026--4363,https://www.searchsarkarinaukri.com/sitemap-jobs.xml,2026-08-10,job-listing,1
https://www.searchsarkarinaukri.com/jobs/sail-rsp-trade-apprentice-aocp-recruitment-2026--4362,https://www.searchsarkarinaukri.com/sitemap-jobs.xml,2026-08-10,job-listing,1
https://www.searchsarkarinaukri.com/jobs/csir-immt-iti-apprentice-trainee-welder-recruitment-2026-3-posts--4361,https://www.searchsarkarinaukri.com/sitemap-jobs.xml,2026-08-10,job-listing,1
https://www.searchsarkarinaukri.com/jobs/csir-immt-iti-apprentice-trainee-pasaa-copa-recruitment-2026-1-post--4360,https://www.searchsarkarinaukri.com/sitemap-jobs.xml,2026-08-10,job-listing,1
https://www.searchsarkarinaukri.com/jobs/csir-immt-iti-apprentice-trainee-turner-recruitment-2026-1-post--4359,https://www.searchsarkarinaukri.com/sitemap-jobs.xml,2026-08-10,job-listing,1
https://www.searchsarkarinaukri.com/jobs/csir-immt-iti-apprentice-trainee-electronics-mechanic-recruitment-2026-2-posts--4358,https://www.searchsarkarinaukri.com/sitemap-jobs.xml,2026-08-10,job-listing,1
https://www.searchsarkarinaukri.com/jobs/csir-immt-iti-apprentice-trainee-mechanic-of-refrigeration-ac-recruitment-2026-1-post--4357,https://www.searchsarkarinaukri.com/sitemap-jobs.xml,2026-08-10,job-listing,1
https://www.searchsarkarinaukri.com/jobs/csir-immt-iti-apprentice-trainee-machinist-recruitment-2026-2-posts--4356,https://www.searchsarkarinaukri.com/sitemap-jobs.xml,2026-08-10,job-listing,1
https://www.searchsarkarinaukri.com/jobs/csir-immt-iti-apprentice-trainee-electrician-recruitment-2026-2-posts--4355,https://www.searchsarkarinaukri.com/sitemap-jobs.xml,2026-08-10,job-listing,1
https://www.searchsarkarinaukri.com/jobs/csir-immt-iti-apprentice-trainee-fitter-recruitment-2026-2-posts--4354,https://www.searchsarkarinaukri.com/sitemap-jobs.xml,2026-08-10,job-listing,1
https://www.searchsarkarinaukri.com/jobs/csir-immt-diploma-apprentice-trainee-electronics-engineering-recruitment-2026-2-posts--4353,https://www.searchsarkarinaukri.com/sitemap-jobs.xml,2026-08-10,job-listing,1
https://www.searchsarkarinaukri.com/jobs/csir-immt-diploma-apprentice-trainee-civil-engineering-recruitment-2026-2-posts--4352,https://www.searchsarkarinaukri.com/sitemap-jobs.xml,2026-08-10,job-listing,1
https://www.searchsarkarinaukri.com/jobs/csir-immt-diploma-apprentice-trainee-chemical-engineering-recruitment-2026-3-posts--4351,https://www.searchsarkarinaukri.com/sitemap-jobs.xml,2026-08-10,job-listing,1
https://www.searchsarkarinaukri.com/jobs/csir-immt-diploma-apprentice-trainee-metallurgy-recruitment-2026-2-posts--4350,https://www.searchsarkarinaukri.com/sitemap-jobs.xml,2026-08-10,job-listing,1
https://www.searchsarkarinaukri.com/jobs/csir-immt-diploma-apprentice-trainee-modern-office-management-recruitment-2026-1-post--4349,https://www.searchsarkarinaukri.com/sitemap-jobs.xml,2026-08-10,job-listing,1
https://www.searchsarkarinaukri.com/jobs/csir-immt-diploma-apprentice-trainee-mechanical-engineering-recruitment-2026-1-post--4348,https://www.searchsarkarinaukri.com/sitemap-jobs.xml,2026-08-10,job-listing,1
https://www.searchsarkarinaukri.com/jobs/csir-immt-diploma-apprentice-trainee-electrical-engineering-recruitment-2026-2-posts--4347,https://www.searchsarkarinaukri.com/sitemap-jobs.xml,2026-08-10,job-listing,1
https://www.searchsarkarinaukri.com/jobs/csir-immt-apprentice-trainee-office-assistant-recruitment-2026-2-posts--4346,https://www.searchsarkarinaukri.com/sitemap-jobs.xml,2026-08-10,job-listing,1
https://www.searchsarkarinaukri.com/jobs/csir-immt-apprentice-trainee-electronics-engineering-recruitment-2026-3-posts--4345,https://www.searchsarkarinaukri.com/sitemap-jobs.xml,2026-08-10,job-listing,1
https://www.searchsarkarinaukri.com/jobs/csir-immt-apprentice-trainee-mechanical-engineering-recruitment-2026-2-posts--4344,https://www.searchsarkarinaukri.com/sitemap-jobs.xml,2026-08-10,job-listing,1
https://www.searchsarkarinaukri.com/jobs/csir-immt-apprentice-trainee-metallurgy-recruitment-2026-3-posts--4343,https://www.searchsarkarinaukri.com/sitemap-jobs.xml,2026-08-10,job-listing,1
https://www.searchsarkarinaukri.com/jobs/csir-immt-apprentice-trainee-chemical-engineering-recruitment-2026-4-posts--4342,https://www.searchsarkarinaukri.com/sitemap-jobs.xml,2026-08-10,job-listing,1
https://www.searchsarkarinaukri.com/jobs/tnstc-graduate-apprentice-non-engineering-recruitment-2026-623-posts--4341,https://www.searchsarkarinaukri.com/sitemap-jobs.xml,2026-08-10,job-listing,1
https://www.searchsarkarinaukri.com/jobs/tnstc-technician-diploma-apprentice-recruitment-2026-438-posts--4340,https://www.searchsarkarinaukri.com/sitemap-jobs.xml,2026-08-10,job-listing,1
https://www.searchsarkarinaukri.com/jobs/tnstc-graduate-apprentice-engineering-recruitment-2026--4339,https://www.searchsarkarinaukri.com/sitemap-jobs.xml,2026-08-10,job-listing,1
https://www.searchsarkarinaukri.com/jobs/mineral-exploration-consultancy-limited-recruitment-for-the-post-of-executive-2026--4338,https://www.searchsarkarinaukri.com/sitemap-jobs.xml,2026-08-15,job-listing,1
https://www.searchsarkarinaukri.com/jobs/defence-innovation-organisation-innovations-for-defence-excellence-do-defence-production-mo-defence--4337,https://www.searchsarkarinaukri.com/sitemap-jobs.xml,2026-08-11,job-listing,1
https://www.searchsarkarinaukri.com/jobs/national-council-for-cooperative-training-ncct-recruitment-for-the-post-of-consultant-2026--4336,https://www.searchsarkarinaukri.com/sitemap-jobs.xml,2026-08-24,job-listing,1
https://www.searchsarkarinaukri.com/jobs/fluid-control-research-institute-mo-heavy-industries-recruitment-for-the-post-of-research-2026--4335,https://www.searchsarkarinaukri.com/sitemap-jobs.xml,2026-08-25,job-listing,1
https://www.searchsarkarinaukri.com/jobs/sbi-sbi-2026--4334,https://www.searchsarkarinaukri.com/sitemap-jobs.xml,2026-08-09,job-listing,1
https://www.searchsarkarinaukri.com/jobs/shri-shivaji-shikshan-prasarak-mandal-solapur-shri-shivaji-shikshan-prasarak-2026--4333,https://www.searchsarkarinaukri.com/sitemap-jobs.xml,2026-08-12,job-listing,1
https://www.searchsarkarinaukri.com/jobs/adivasi-vikas-vibhag-thane-adivasi-vikas-vibhag-thane-2026--4332,https://www.searchsarkarinaukri.com/sitemap-jobs.xml,2026-08-12,job-listing,1
https://www.searchsarkarinaukri.com/jobs/indian-overseas-bank-indian-overseas-bank-2026--4331,https://www.searchsarkarinaukri.com/sitemap-jobs.xml,2026-08-25,job-listing,1
https://www.searchsarkarinaukri.com/jobs/krcl-krcl-2026--4330,https://www.searchsarkarinaukri.com/sitemap-jobs.xml,2026-08-09,job-listing,1
https://www.searchsarkarinaukri.com/jobs/mahila-bal-vikas-vibhag-mumbai-mahila-bal-vikas-vibhag-mumbai-2026--4329,https://www.searchsarkarinaukri.com/sitemap-jobs.xml,2026-08-22,job-listing,1
https://www.searchsarkarinaukri.com/jobs/shirur-shikshan-prasarkar-mandal-pune-shirur-shikshan-prasarkar-mandal-pune-2026--4328,https://www.searchsarkarinaukri.com/sitemap-jobs.xml,2026-08-12,job-listing,1
https://www.searchsarkarinaukri.com/jobs/deccan-education-society-deccan-education-society-2026--4327,https://www.searchsarkarinaukri.com/sitemap-jobs.xml,2026-08-12,job-listing,1
https://www.searchsarkarinaukri.com/jobs/jilhadhikari-karyalay-bhandara-recruitment-2026-details-jilhadhikari-karyalay-bhandara-recruitment-2--4326,https://www.searchsarkarinaukri.com/sitemap-jobs.xml,2026-08-13,job-listing,1
https://www.searchsarkarinaukri.com/jobs/nmmc-nmmc-2026--4325,https://www.searchsarkarinaukri.com/sitemap-jobs.xml,2026-08-12,job-listing,1
https://www.searchsarkarinaukri.com/jobs/drdo-drdl-drdo-drdl-2026--4324,https://www.searchsarkarinaukri.com/sitemap-jobs.xml,2026-08-24,job-listing,1
https://www.searchsarkarinaukri.com/jobs/all-india-institute-of-medical-sciences-nagpur-all-india-institute-of-medical-sciences-2026--4323,https://www.searchsarkarinaukri.com/sitemap-jobs.xml,2026-08-09,job-listing,1
https://www.searchsarkarinaukri.com/jobs/nagpur-mahanagarpalika-nagpur-mahanagarpalika-2026--4322,https://www.searchsarkarinaukri.com/sitemap-jobs.xml,2026-08-16,job-listing,1
https://www.searchsarkarinaukri.com/jobs/sangamner-merchant-bank-sangamner-merchant-bank-2026--4321,https://www.searchsarkarinaukri.com/sitemap-jobs.xml,2026-08-18,job-listing,1
https://www.searchsarkarinaukri.com/jobs/central-sanskrit-university-nashik-campus-central-sanskrit-university-nashik-campus-2026--4320,https://www.searchsarkarinaukri.com/sitemap-jobs.xml,2026-08-19,job-listing,1
https://www.searchsarkarinaukri.com/jobs/nmu-jalgaon-nmu-jalgaon-2026--4319,https://www.searchsarkarinaukri.com/sitemap-jobs.xml,2026-08-24,job-listing,1
https://www.searchsarkarinaukri.com/jobs/maharashtra-bhasha-sanchalanalay-maharashtra-bhasha-sanchalanalay-2026--4318,https://www.searchsarkarinaukri.com/sitemap-jobs.xml,2026-08-16,job-listing,1
https://www.searchsarkarinaukri.com/jobs/rayat-shikshan-sanstha-satara-rayat-shikshan-sanstha-satara-2026--4317,https://www.searchsarkarinaukri.com/sitemap-jobs.xml,2026-08-16,job-listing,1
https://www.searchsarkarinaukri.com/jobs/bharatratna-atalbihari-vajpayee-medical-college-and-hospital-pune-bharatratna-atalbihari-vajpayee-me--4316,https://www.searchsarkarinaukri.com/sitemap-jobs.xml,2026-08-20,job-listing,1
https://www.searchsarkarinaukri.com/jobs/district-court-gadchiroli-zila-nyayalay-gadchiroli-job-opening-at-district-court-gadchiroli-2026--4315,https://www.searchsarkarinaukri.com/sitemap-jobs.xml,2026-08-22,job-listing,1
https://www.searchsarkarinaukri.com/jobs/maharashtra-state-rural-livelihoods-mission-umed-satara-maharashtra-state-rural-livelihoods-mission--4314,https://www.searchsarkarinaukri.com/sitemap-jobs.xml,2026-08-21,job-listing,1
https://www.searchsarkarinaukri.com/jobs/maharashtra-state-tribal-development-department-apply-for-2421-primary-secondary-and-2026--4313,https://www.searchsarkarinaukri.com/sitemap-jobs.xml,2026-08-12,job-listing,1
https://www.searchsarkarinaukri.com/jobs/upsc-soil-conservation-assistant-recruitment-2026-apply-online-for-7-posts--4312,https://www.searchsarkarinaukri.com/sitemap-jobs.xml,2026-08-08,job-listing,1
https://www.searchsarkarinaukri.com/jobs/upsc-horticulture-development-officer-recruitment-2026-apply-online-for-4-posts--4311,https://www.searchsarkarinaukri.com/sitemap-jobs.xml,2026-08-08,job-listing,1
https://www.searchsarkarinaukri.com/jobs/upsc-research-officer-recruitment-2026-apply-online-for-11-posts--4310,https://www.searchsarkarinaukri.com/sitemap-jobs.xml,2026-08-08,job-listing,1
https://www.searchsarkarinaukri.com/jobs/upsc-superintendent-translation-hindi-branch-recruitment-2026-apply-online-for-1-post--4309,https://www.searchsarkarinaukri.com/sitemap-jobs.xml,2026-08-08,job-listing,1
https://www.searchsarkarinaukri.com/jobs/upsc-assistant-director-engineering-recruitment-2026-apply-online-for-1-post--4308,https://www.searchsarkarinaukri.com/sitemap-jobs.xml,2026-08-08,job-listing,1
https://www.searchsarkarinaukri.com/jobs/upsc-assistant-executive-engineer-electronics-recruitment-2026-apply-online-for-9-posts--4307,https://www.searchsarkarinaukri.com/sitemap-jobs.xml,2026-08-08,job-listing,1
https://www.searchsarkarinaukri.com/jobs/upsc-assistant-executive-engineer-civil-recruitment-2026-apply-online-for-1-post--4306,https://www.searchsarkarinaukri.com/sitemap-jobs.xml,2026-08-08,job-listing,1
https://www.searchsarkarinaukri.com/jobs/hprca-clerk-recruitment-2026-apply-online-for-40-posts--4305,https://www.searchsarkarinaukri.com/sitemap-jobs.xml,2026-08-08,job-listing,1
https://www.searchsarkarinaukri.com/jobs/hp-high-court-court-manager-recruitment-2026-apply-online-for-5-posts--4304,https://www.searchsarkarinaukri.com/sitemap-jobs.xml,2026-08-08,job-listing,1
https://www.searchsarkarinaukri.com/jobs/hp-high-court-process-server-recruitment-2026-apply-online-for-65-posts--4303,https://www.searchsarkarinaukri.com/sitemap-jobs.xml,2026-08-08,job-listing,1
https://www.searchsarkarinaukri.com/jobs/hp-high-court-driver-recruitment-2026-apply-online-for-9-posts--4302,https://www.searchsarkarinaukri.com/sitemap-jobs.xml,2026-08-08,job-listing,1
https://www.searchsarkarinaukri.com/jobs/hp-high-court-stenographer-grade-iii-recruitment-2026-apply-online-for-79-posts--4301,https://www.searchsarkarinaukri.com/sitemap-jobs.xml,2026-08-08,job-listing,1
https://www.searchsarkarinaukri.com/jobs/hp-high-court-clerk-recruitment-2026-apply-online-for-141-posts--4300,https://www.searchsarkarinaukri.com/sitemap-jobs.xml,2026-08-08,job-listing,1
https://www.searchsarkarinaukri.com/jobs/ap-mahesh-bank-officer-recruitment-2026-legal-department-2-posts--4299,https://www.searchsarkarinaukri.com/sitemap-jobs.xml,2026-08-08,job-listing,1
https://www.searchsarkarinaukri.com/jobs/ap-mahesh-bank-assistant-general-manager-senior-manager-manager-recruitment-2026-legal-department--4298,https://www.searchsarkarinaukri.com/sitemap-jobs.xml,2026-08-08,job-listing,1
https://www.searchsarkarinaukri.com/jobs/iocl-trade-apprentice-data-entry-operator-skill-certificate-holders-recruitment-2026-apply-online--4297,https://www.searchsarkarinaukri.com/sitemap-jobs.xml,2026-08-08,job-listing,1
https://www.searchsarkarinaukri.com/jobs/iocl-trade-apprentice-data-entry-operator-fresher-recruitment-2026-apply-online--4296,https://www.searchsarkarinaukri.com/sitemap-jobs.xml,2026-08-08,job-listing,1
https://www.searchsarkarinaukri.com/jobs/iocl-graduate-apprentice-recruitment-2026-apply-online-for-104-posts--4295,https://www.searchsarkarinaukri.com/sitemap-jobs.xml,2026-08-08,job-listing,1
https://www.searchsarkarinaukri.com/jobs/iocl-trade-apprentice-machinist-recruitment-2026-apply-online--4294,https://www.searchsarkarinaukri.com/sitemap-jobs.xml,2026-08-08,job-listing,1
https://www.searchsarkarinaukri.com/jobs/iocl-trade-apprentice-instrument-mechanic-recruitment-2026-apply-online--4293,https://www.searchsarkarinaukri.com/sitemap-jobs.xml,2026-08-08,job-listing,1
https://www.searchsarkarinaukri.com/jobs/iocl-trade-apprentice-electronics-mechanic-recruitment-2026-apply-online--4292,https://www.searchsarkarinaukri.com/sitemap-jobs.xml,2026-08-08,job-listing,1
https://www.searchsarkarinaukri.com/jobs/iocl-trade-apprentice-electrician-recruitment-2026-apply-online--4291,https://www.searchsarkarinaukri.com/sitemap-jobs.xml,2026-08-08,job-listing,1
https://www.searchsarkarinaukri.com/jobs/iocl-trade-apprentice-fitter-recruitment-2026-apply-online--4290,https://www.searchsarkarinaukri.com/sitemap-jobs.xml,2026-08-08,job-listing,1
https://www.searchsarkarinaukri.com/jobs/iocl-technician-apprentice-electronics-recruitment-2026-apply-online--4289,https://www.searchsarkarinaukri.com/sitemap-jobs.xml,2026-08-08,job-listing,1
https://www.searchsarkarinaukri.com/jobs/iocl-technician-apprentice-electrical-electronics-recruitment-2026-apply-online--4288,https://www.searchsarkarinaukri.com/sitemap-jobs.xml,2026-08-08,job-listing,1
https://www.searchsarkarinaukri.com/jobs/iocl-technician-apprentice-civil-recruitment-2026-apply-online--4287,https://www.searchsarkarinaukri.com/sitemap-jobs.xml,2026-08-08,job-listing,1
https://www.searchsarkarinaukri.com/jobs/iocl-technician-apprentice-instrumentation-recruitment-2026-apply-online--4286,https://www.searchsarkarinaukri.com/sitemap-jobs.xml,2026-08-08,job-listing,1
https://www.searchsarkarinaukri.com/jobs/iocl-technician-apprentice-electrical-recruitment-2026-apply-online--4285,https://www.searchsarkarinaukri.com/sitemap-jobs.xml,2026-08-08,job-listing,1
https://www.searchsarkarinaukri.com/jobs/iocl-technician-apprentice-mechanical-recruitment-2026-apply-online--4284,https://www.searchsarkarinaukri.com/sitemap-jobs.xml,2026-08-08,job-listing,1
https://www.searchsarkarinaukri.com/jobs/indian-overseas-bank-local-bank-officer-recruitment-2026-gujarat-50-posts--4283,https://www.searchsarkarinaukri.com/sitemap-jobs.xml,2026-08-08,job-listing,1
https://www.searchsarkarinaukri.com/jobs/indian-overseas-bank-local-bank-officer-recruitment-2026-maharashtra-50-posts--4282,https://www.searchsarkarinaukri.com/sitemap-jobs.xml,2026-08-08,job-listing,1
https://www.searchsarkarinaukri.com/jobs/indian-overseas-bank-local-bank-officer-recruitment-2026-karnataka-50-posts--4281,https://www.searchsarkarinaukri.com/sitemap-jobs.xml,2026-08-08,job-listing,1
https://www.searchsarkarinaukri.com/jobs/indian-overseas-bank-local-bank-officer-recruitment-2026-tamil-nadu-100-posts--4280,https://www.searchsarkarinaukri.com/sitemap-jobs.xml,2026-08-08,job-listing,1
https://www.searchsarkarinaukri.com/jobs/adivasi-vikas-vibhag-shikshak-adivasi-vikas-vibhag-shikshak-2026--4275,https://www.searchsarkarinaukri.com/sitemap-jobs.xml,2026-08-12,job-listing,1
https://www.searchsarkarinaukri.com/jobs/ada-ada-2026--4274,https://www.searchsarkarinaukri.com/sitemap-jobs.xml,2026-08-14,job-listing,1
https://www.searchsarkarinaukri.com/jobs/mumbai-port-trust-mumbai-port-trust-2026--4273,https://www.searchsarkarinaukri.com/sitemap-jobs.xml,2026-08-08,job-listing,1
https://www.searchsarkarinaukri.com/jobs/iiser-pune-iiser-pune-2026--4272,https://www.searchsarkarinaukri.com/sitemap-jobs.xml,2026-08-19,job-listing,1
https://www.searchsarkarinaukri.com/jobs/dogr-pune-dogr-pune-2026--4271,https://www.searchsarkarinaukri.com/sitemap-jobs.xml,2026-08-08,job-listing,1
https://www.searchsarkarinaukri.com/jobs/gajanan-lokseva-sahakari-bank-gajanan-lokseva-sahakari-bank-2026--4270,https://www.searchsarkarinaukri.com/sitemap-jobs.xml,2026-08-16,job-listing,1
https://www.searchsarkarinaukri.com/jobs/bharatratna-atalbihari-vajpayee-medical-college-and-hospital-bharatratna-atalbihari-vajpayee-medical--4269,https://www.searchsarkarinaukri.com/sitemap-jobs.xml,2026-08-20,job-listing,1
https://www.searchsarkarinaukri.com/jobs/dfccil-dfccil-2026--4268,https://www.searchsarkarinaukri.com/sitemap-jobs.xml,2026-08-08,job-listing,1
https://www.searchsarkarinaukri.com/jobs/melghat-tiger-project-melghat-tiger-project-2026--4267,https://www.searchsarkarinaukri.com/sitemap-jobs.xml,2026-08-18,job-listing,1
https://www.searchsarkarinaukri.com/jobs/sbi-sco-sbi-sco-2026--4266,https://www.searchsarkarinaukri.com/sitemap-jobs.xml,2026-08-08,job-listing,1
https://www.searchsarkarinaukri.com/jobs/shri-shivaji-shikshan-prasarak-mandal-solapur-shri-shivaji-shikshan-prasarak-2026--4265,https://www.searchsarkarinaukri.com/sitemap-jobs.xml,2026-08-08,job-listing,1
https://www.searchsarkarinaukri.com/jobs/tiss-mumbai-tiss-mumbai-2026--4264,https://www.searchsarkarinaukri.com/sitemap-jobs.xml,2026-08-21,job-listing,1
https://www.searchsarkarinaukri.com/jobs/sbi-clerk-sbi-clerk-2026--4263,https://www.searchsarkarinaukri.com/sitemap-jobs.xml,2026-08-08,job-listing,1
https://www.searchsarkarinaukri.com/jobs/airports-economic-regulatory-authority-of-india-airports-economic-regulatory-authority-of-india-2026--4262,https://www.searchsarkarinaukri.com/sitemap-jobs.xml,2026-08-08,job-listing,1
https://www.searchsarkarinaukri.com/jobs/industrial-training-institute-yeola-nashik-industrial-training-institute-yeola-nashik-2026--4261,https://www.searchsarkarinaukri.com/sitemap-jobs.xml,2026-08-18,job-listing,1
https://www.searchsarkarinaukri.com/jobs/mpsc-group-a-mpsc-group-a-2026--4260,https://www.searchsarkarinaukri.com/sitemap-jobs.xml,2026-08-08,job-listing,1
https://www.searchsarkarinaukri.com/jobs/hll-lifecare-ltd-hll-lifecare-ltd-2026--4259,https://www.searchsarkarinaukri.com/sitemap-jobs.xml,2026-08-12,job-listing,1
https://www.searchsarkarinaukri.com/jobs/ndma-ndma-2026--4258,https://www.searchsarkarinaukri.com/sitemap-jobs.xml,2026-08-08,job-listing,1
https://www.searchsarkarinaukri.com/jobs/msrlm-satara-msrlm-satara-2026--4257,https://www.searchsarkarinaukri.com/sitemap-jobs.xml,2026-08-21,job-listing,1
https://www.searchsarkarinaukri.com/jobs/army-ordnance-corps-army-ordnance-corps-2026--4256,https://www.searchsarkarinaukri.com/sitemap-jobs.xml,2026-08-08,job-listing,1
https://www.searchsarkarinaukri.com/jobs/shs-bihar-orthopaedic-surgeon-recruitment-2026-apply-online-for-22-posts--4255,https://www.searchsarkarinaukri.com/sitemap-jobs.xml,2026-08-07,job-listing,1
https://www.searchsarkarinaukri.com/jobs/shs-bihar-general-surgeon-recruitment-2026-apply-online-for-27-posts--4254,https://www.searchsarkarinaukri.com/sitemap-jobs.xml,2026-08-07,job-listing,1
https://www.searchsarkarinaukri.com/jobs/shs-bihar-md-medicine-physician-recruitment-2026-apply-online-for-60-posts--4253,https://www.searchsarkarinaukri.com/sitemap-jobs.xml,2026-08-07,job-listing,1
https://www.searchsarkarinaukri.com/jobs/shs-bihar-obstetrician-gynaecologist-recruitment-2026-apply-online-for-94-posts--4252,https://www.searchsarkarinaukri.com/sitemap-jobs.xml,2026-08-07,job-listing,1
https://www.searchsarkarinaukri.com/jobs/shs-bihar-paediatrician-recruitment-2026-apply-online-for-115-posts--4251,https://www.searchsarkarinaukri.com/sitemap-jobs.xml,2026-08-07,job-listing,1
https://www.searchsarkarinaukri.com/jobs/shs-bihar-anaesthetist-recruitment-2026-apply-online-for-132-posts--4250,https://www.searchsarkarinaukri.com/sitemap-jobs.xml,2026-08-07,job-listing,1
https://www.searchsarkarinaukri.com/jobs/tslprb-warder-female-recruitment-2026-apply-online-for-12-posts--4249,https://www.searchsarkarinaukri.com/sitemap-jobs.xml,2026-08-07,job-listing,1
https://www.searchsarkarinaukri.com/jobs/tslprb-warder-male-recruitment-2026-apply-online-for-196-posts--4248,https://www.searchsarkarinaukri.com/sitemap-jobs.xml,2026-08-07,job-listing,1
https://www.searchsarkarinaukri.com/jobs/tslprb-fire-fighter-recruitment-2026-apply-online-for-751-posts--4247,https://www.searchsarkarinaukri.com/sitemap-jobs.xml,2026-08-07,job-listing,1
https://www.searchsarkarinaukri.com/jobs/tslprb-special-protection-force-spf-constable-recruitment-2026-apply-online-for-1-380-posts--4246,https://www.searchsarkarinaukri.com/sitemap-jobs.xml,2026-08-07,job-listing,1
https://www.searchsarkarinaukri.com/jobs/tslprb-sct-police-constable-sar-cpl-recruitment-2026-apply-online-for-24-posts--4245,https://www.searchsarkarinaukri.com/sitemap-jobs.xml,2026-08-07,job-listing,1
https://www.searchsarkarinaukri.com/jobs/tslprb-sct-police-constable-ar-recruitment-2026-apply-online-for-1-052-posts--4244,https://www.searchsarkarinaukri.com/sitemap-jobs.xml,2026-08-07,job-listing,1
https://www.searchsarkarinaukri.com/jobs/tslprb-sct-police-constable-civil-recruitment-2026-apply-online-for-3-697-posts--4243,https://www.searchsarkarinaukri.com/sitemap-jobs.xml,2026-08-07,job-listing,1
https://www.searchsarkarinaukri.com/jobs/mpesb-rural-horticulture-extension-officer-recruitment-2026-apply-online-for-20-posts--4242,https://www.searchsarkarinaukri.com/sitemap-jobs.xml,2026-08-07,job-listing,1
https://www.searchsarkarinaukri.com/jobs/mpesb-assistant-quality-inspector-recruitment-2026-apply-online-for-24-posts--4241,https://www.searchsarkarinaukri.com/sitemap-jobs.xml,2026-08-07,job-listing,1
https://www.searchsarkarinaukri.com/jobs/mpesb-senior-assistant-cum-computer-operator-recruitment-2026-apply-online-for-53-posts--4240,https://www.searchsarkarinaukri.com/sitemap-jobs.xml,2026-08-07,job-listing,1
https://www.searchsarkarinaukri.com/jobs/mpesb-surveyor-recruitment-2026-apply-online-for-34-posts--4239,https://www.searchsarkarinaukri.com/sitemap-jobs.xml,2026-08-07,job-listing,1
https://www.searchsarkarinaukri.com/jobs/mpesb-computer-operator-recruitment-2026-apply-online-for-124-posts--4238,https://www.searchsarkarinaukri.com/sitemap-jobs.xml,2026-08-07,job-listing,1
https://www.searchsarkarinaukri.com/jobs/mpesb-assistant-public-relations-officer-recruitment-2026-apply-online-for-365-posts--4237,https://www.searchsarkarinaukri.com/sitemap-jobs.xml,2026-08-07,job-listing,1
https://www.searchsarkarinaukri.com/jobs/mpesb-junior-assistant-recruitment-2026-apply-online-for-67-posts--4236,https://www.searchsarkarinaukri.com/sitemap-jobs.xml,2026-08-07,job-listing,1
https://www.searchsarkarinaukri.com/jobs/mpesb-assistant-accountant-recruitment-2026-apply-online-for-72-posts--4235,https://www.searchsarkarinaukri.com/sitemap-jobs.xml,2026-08-07,job-listing,1
https://www.searchsarkarinaukri.com/jobs/mpesb-rural-agriculture-extension-officer-recruitment-2026-apply-online-for-82-posts--4234,https://www.searchsarkarinaukri.com/sitemap-jobs.xml,2026-08-07,job-listing,1
https://www.searchsarkarinaukri.com/jobs/mpesb-statistical-investigator-recruitment-2026-apply-online-for-88-posts--4233,https://www.searchsarkarinaukri.com/sitemap-jobs.xml,2026-08-07,job-listing,1
https://www.searchsarkarinaukri.com/jobs/mpesb-deputy-auditor-recruitment-2026-apply-online-for-105-posts--4232,https://www.searchsarkarinaukri.com/sitemap-jobs.xml,2026-08-07,job-listing,1
https://www.searchsarkarinaukri.com/jobs/mpesb-assistant-sub-inspector-recruitment-2026-apply-online-for-530-posts--4231,https://www.searchsarkarinaukri.com/sitemap-jobs.xml,2026-08-07,job-listing,1
https://www.searchsarkarinaukri.com/jobs/mpesb-patwari-recruitment-2026-apply-online-for-200-posts-pwd--4230,https://www.searchsarkarinaukri.com/sitemap-jobs.xml,2026-08-07,job-listing,1
https://www.searchsarkarinaukri.com/jobs/indian-army-jag-entry-scheme-125th-course-recruitment-2026-apply-online-for-10-ssc-jag-posts--4229,https://www.searchsarkarinaukri.com/sitemap-jobs.xml,2026-08-07,job-listing,1
https://www.searchsarkarinaukri.com/jobs/csir-nal-principal-project-associate-recruitment-2026-walk-in-for-1-post--4228,https://www.searchsarkarinaukri.com/sitemap-jobs.xml,2026-08-07,job-listing,1
https://www.searchsarkarinaukri.com/jobs/csir-nal-senior-project-associate-recruitment-2026-walk-in-for-4-posts--4227,https://www.searchsarkarinaukri.com/sitemap-jobs.xml,2026-08-07,job-listing,1
https://www.searchsarkarinaukri.com/jobs/csir-nal-project-associate-ii-net-gate-recruitment-2026-walk-in-for-2-posts--4226,https://www.searchsarkarinaukri.com/sitemap-jobs.xml,2026-08-07,job-listing,1
https://www.searchsarkarinaukri.com/jobs/csir-nal-project-associate-ii-recruitment-2026-walk-in-for-37-posts--4225,https://www.searchsarkarinaukri.com/sitemap-jobs.xml,2026-08-07,job-listing,1
https://www.searchsarkarinaukri.com/jobs/csir-nal-project-associate-i-net-gate-recruitment-2026-walk-in-for-1-post--4224,https://www.searchsarkarinaukri.com/sitemap-jobs.xml,2026-08-07,job-listing,1
https://www.searchsarkarinaukri.com/jobs/csir-nal-project-associate-i-recruitment-2026-walk-in-for-31-posts--4223,https://www.searchsarkarinaukri.com/sitemap-jobs.xml,2026-08-07,job-listing,1
https://www.searchsarkarinaukri.com/jobs/csir-nal-project-assistant-ii-recruitment-2026-walk-in-for-5-posts--4222,https://www.searchsarkarinaukri.com/sitemap-jobs.xml,2026-08-07,job-listing,1
https://www.searchsarkarinaukri.com/jobs/csir-nal-project-assistant-i-recruitment-2026-walk-in-for-8-posts--4221,https://www.searchsarkarinaukri.com/sitemap-jobs.xml,2026-08-07,job-listing,1
https://www.searchsarkarinaukri.com/jobs/bank-of-baroda-bank-of-baroda-2026--4220,https://www.searchsarkarinaukri.com/sitemap-jobs.xml,2026-08-07,job-listing,1
https://www.searchsarkarinaukri.com/jobs/npcc-npcc-2026--4219,https://www.searchsarkarinaukri.com/sitemap-jobs.xml,2026-08-23,job-listing,1
https://www.searchsarkarinaukri.com/jobs/ongc-ongc-2026--4218,https://www.searchsarkarinaukri.com/sitemap-jobs.xml,2026-08-19,job-listing,1
https://www.searchsarkarinaukri.com/jobs/stpi-stpi-2026--4217,https://www.searchsarkarinaukri.com/sitemap-jobs.xml,2026-08-07,job-listing,1
https://www.searchsarkarinaukri.com/jobs/insurance-institute-of-india-insurance-institute-of-india-2026--4216,https://www.searchsarkarinaukri.com/sitemap-jobs.xml,2026-08-07,job-listing,1
https://www.searchsarkarinaukri.com/jobs/gmc-nagpur-gmc-nagpur-2026--4215,https://www.searchsarkarinaukri.com/sitemap-jobs.xml,2026-08-12,job-listing,1
https://www.searchsarkarinaukri.com/jobs/national-thermal-power-corporation-limited-national-thermal-power-corporation-limited-2026--4214,https://www.searchsarkarinaukri.com/sitemap-jobs.xml,2026-08-21,job-listing,1
https://www.searchsarkarinaukri.com/jobs/panjabrao-deshmukh-krishi-vidyapeeth-akola-panjabrao-deshmukh-krishi-vidyapeeth-akola-2026--4213,https://www.searchsarkarinaukri.com/sitemap-jobs.xml,2026-08-20,job-listing,1
https://www.searchsarkarinaukri.com/jobs/maha-cid-pune-maha-cid-pune-2026--4212,https://www.searchsarkarinaukri.com/sitemap-jobs.xml,2026-08-07,job-listing,1
https://www.searchsarkarinaukri.com/jobs/vmgmc-solapur-vmgmc-solapur-2026--4210,https://www.searchsarkarinaukri.com/sitemap-jobs.xml,2026-08-13,job-listing,1
https://www.searchsarkarinaukri.com/jobs/icar-nbsslup-icar-nbsslup-2026--4209,https://www.searchsarkarinaukri.com/sitemap-jobs.xml,2026-08-19,job-listing,1
https://www.searchsarkarinaukri.com/jobs/madc-mumbai-madc-mumbai-2026--4208,https://www.searchsarkarinaukri.com/sitemap-jobs.xml,2026-08-21,job-listing,1
https://www.searchsarkarinaukri.com/jobs/zars-kolhapur-zars-kolhapur-2026--4207,https://www.searchsarkarinaukri.com/sitemap-jobs.xml,2026-08-21,job-listing,1
https://www.searchsarkarinaukri.com/jobs/solapur-university-solapur-university-2026--4206,https://www.searchsarkarinaukri.com/sitemap-jobs.xml,2026-08-24,job-listing,1
https://www.searchsarkarinaukri.com/jobs/bharati-vidyapeeth-pune-bharati-vidyapeeth-pune-2026--4205,https://www.searchsarkarinaukri.com/sitemap-jobs.xml,2026-08-22,job-listing,1
https://www.searchsarkarinaukri.com/jobs/vasantrao-naik-college-yavatmal-vasantrao-naik-college-yavatmal-2026--4204,https://www.searchsarkarinaukri.com/sitemap-jobs.xml,2026-08-20,job-listing,1
https://www.searchsarkarinaukri.com/jobs/ghb-ghb-2026--4203,https://www.searchsarkarinaukri.com/sitemap-jobs.xml,2026-08-07,job-listing,1
https://www.searchsarkarinaukri.com/jobs/dbskkv-dbskkv-2026--4202,https://www.searchsarkarinaukri.com/sitemap-jobs.xml,2026-08-20,job-listing,1
https://www.searchsarkarinaukri.com/jobs/dr-balasaheb-sawant-konkan-krishi-vidyapeeth-dapoli-dr-balasaheb-sawant-konkan-krishi-vidyapeeth-202--4201,https://www.searchsarkarinaukri.com/sitemap-jobs.xml,2026-08-22,job-listing,1
https://www.searchsarkarinaukri.com/jobs/bank-of-baroda-bob-recruitment-notification-bank-of-baroda-bob-2026--4194,https://www.searchsarkarinaukri.com/sitemap-jobs.xml,2026-08-07,job-listing,1
https://www.searchsarkarinaukri.com/jobs/criminal-investigation-department-cid-maharashtra-recruitment-notification-criminal-investigation-de--4193,https://www.searchsarkarinaukri.com/sitemap-jobs.xml,2026-08-07,job-listing,1
https://www.searchsarkarinaukri.com/jobs/prakasam-dccb-staff-assistant-recruitment-2026-apply-online-for-60-posts--4192,https://www.searchsarkarinaukri.com/sitemap-jobs.xml,2026-08-06,job-listing,1
https://www.searchsarkarinaukri.com/jobs/nellore-dccb-staff-assistant-recruitment-2026-apply-online-for-48-posts--4191,https://www.searchsarkarinaukri.com/sitemap-jobs.xml,2026-08-06,job-listing,1
https://www.searchsarkarinaukri.com/jobs/kadapa-dccb-staff-assistant-recruitment-2026-apply-online-for-40-posts--4190,https://www.searchsarkarinaukri.com/sitemap-jobs.xml,2026-08-06,job-listing,1
https://www.searchsarkarinaukri.com/jobs/chittoor-dccb-staff-assistant-recruitment-2026-apply-online-for-75-posts--4189,https://www.searchsarkarinaukri.com/sitemap-jobs.xml,2026-08-06,job-listing,1
https://www.searchsarkarinaukri.com/jobs/apcob-staff-assistant-recruitment-2026-apply-online-for-295-posts--4188,https://www.searchsarkarinaukri.com/sitemap-jobs.xml,2026-08-06,job-listing,1
https://www.searchsarkarinaukri.com/jobs/apcob-assistant-manager-recruitment-2026-apply-online-for-43-posts--4187,https://www.searchsarkarinaukri.com/sitemap-jobs.xml,2026-08-06,job-listing,1
https://www.searchsarkarinaukri.com/jobs/ntpc-deputy-manager-recruitment-2026-apply-online-for-135-posts--4186,https://www.searchsarkarinaukri.com/sitemap-jobs.xml,2026-08-06,job-listing,1
https://www.searchsarkarinaukri.com/jobs/ntpc-deputy-manager-control-instrumentation-recruitment-2026-apply-online-for-40-posts--4185,https://www.searchsarkarinaukri.com/sitemap-jobs.xml,2026-08-06,job-listing,1
https://www.searchsarkarinaukri.com/jobs/ntpc-deputy-manager-mechanical-recruitment-2026-apply-online-for-55-posts--4184,https://www.searchsarkarinaukri.com/sitemap-jobs.xml,2026-08-06,job-listing,1
https://www.searchsarkarinaukri.com/jobs/ntpc-deputy-manager-electrical-recruitment-2026-apply-online-for-40-posts--4183,https://www.searchsarkarinaukri.com/sitemap-jobs.xml,2026-08-06,job-listing,1
https://www.searchsarkarinaukri.com/jobs/bank-of-baroda-chief-manager-investor-relations-recruitment-2026-apply-online-for-1-post--4182,https://www.searchsarkarinaukri.com/sitemap-jobs.xml,2026-08-06,job-listing,1
https://www.searchsarkarinaukri.com/jobs/bank-of-baroda-senior-manager-accounts-recruitment-2026-apply-online-for-2-posts--4181,https://www.searchsarkarinaukri.com/sitemap-jobs.xml,2026-08-06,job-listing,1
https://www.searchsarkarinaukri.com/jobs/bank-of-baroda-senior-manager-taxation-recruitment-2026-apply-online-for-2-posts--4180,https://www.searchsarkarinaukri.com/sitemap-jobs.xml,2026-08-06,job-listing,1
https://www.searchsarkarinaukri.com/jobs/bank-of-baroda-manager-accounts-recruitment-2026-apply-online-for-5-posts--4179,https://www.searchsarkarinaukri.com/sitemap-jobs.xml,2026-08-06,job-listing,1
https://www.searchsarkarinaukri.com/jobs/bank-of-baroda-manager-taxation-recruitment-2026-apply-online-for-5-posts--4178,https://www.searchsarkarinaukri.com/sitemap-jobs.xml,2026-08-06,job-listing,1
https://www.searchsarkarinaukri.com/jobs/bank-of-baroda-senior-manager-bi-dashboard-development-recruitment-2026-apply-online-for-8-posts--4177,https://www.searchsarkarinaukri.com/sitemap-jobs.xml,2026-08-06,job-listing,1
https://www.searchsarkarinaukri.com/jobs/bank-of-baroda-senior-manager-dq-analyst-recruitment-2026-apply-online-for-2-posts--4176,https://www.searchsarkarinaukri.com/sitemap-jobs.xml,2026-08-06,job-listing,1
https://www.searchsarkarinaukri.com/jobs/bank-of-baroda-senior-manager-data-profiling-recruitment-2026-apply-online-for-2-posts--4175,https://www.searchsarkarinaukri.com/sitemap-jobs.xml,2026-08-06,job-listing,1
https://www.searchsarkarinaukri.com/jobs/bank-of-baroda-senior-manager-data-scientist-recruitment-2026-apply-online-for-1-post--4174,https://www.searchsarkarinaukri.com/sitemap-jobs.xml,2026-08-06,job-listing,1
https://www.searchsarkarinaukri.com/jobs/bank-of-baroda-chief-manager-data-scientist-recruitment-2026-apply-online-for-1-post--4173,https://www.searchsarkarinaukri.com/sitemap-jobs.xml,2026-08-06,job-listing,1
https://www.searchsarkarinaukri.com/jobs/bank-of-baroda-manager-security-recruitment-2026-apply-online-for-54-posts--4172,https://www.searchsarkarinaukri.com/sitemap-jobs.xml,2026-08-06,job-listing,1
https://www.searchsarkarinaukri.com/jobs/bank-of-baroda-senior-manager-information-security-recruitment-2026-apply-online-for-3-posts--4171,https://www.searchsarkarinaukri.com/sitemap-jobs.xml,2026-08-06,job-listing,1
https://www.searchsarkarinaukri.com/jobs/bank-of-baroda-manager-information-security-recruitment-2026-apply-online-for-13-posts--4170,https://www.searchsarkarinaukri.com/sitemap-jobs.xml,2026-08-06,job-listing,1
https://www.searchsarkarinaukri.com/jobs/bank-of-baroda-technical-senior-manager-electrical-engineer-recruitment-2026-apply-online-for-2-posts--4169,https://www.searchsarkarinaukri.com/sitemap-jobs.xml,2026-08-06,job-listing,1
https://www.searchsarkarinaukri.com/jobs/bank-of-baroda-technical-manager-electrical-engineer-recruitment-2026-apply-online-for-9-posts--4168,https://www.searchsarkarinaukri.com/sitemap-jobs.xml,2026-08-06,job-listing,1
https://www.searchsarkarinaukri.com/jobs/bank-of-baroda-technical-officer-electrical-engineer-recruitment-2026-apply-online-for-15-posts--4167,https://www.searchsarkarinaukri.com/sitemap-jobs.xml,2026-08-06,job-listing,1
https://www.searchsarkarinaukri.com/jobs/bank-of-baroda-technical-senior-manager-civil-engineer-recruitment-2026-apply-online-for-6-posts--4166,https://www.searchsarkarinaukri.com/sitemap-jobs.xml,2026-08-06,job-listing,1
https://www.searchsarkarinaukri.com/jobs/bank-of-baroda-technical-manager-civil-engineer-recruitment-2026-apply-online-for-21-posts--4165,https://www.searchsarkarinaukri.com/sitemap-jobs.xml,2026-08-06,job-listing,1
https://www.searchsarkarinaukri.com/jobs/bank-of-baroda-technical-officer-civil-engineer-recruitment-2026-apply-online-for-35-posts--4164,https://www.searchsarkarinaukri.com/sitemap-jobs.xml,2026-08-06,job-listing,1
https://www.searchsarkarinaukri.com/jobs/bank-of-baroda-product-manager-digital-lending-recruitment-2026-apply-online-for-5-posts--4163,https://www.searchsarkarinaukri.com/sitemap-jobs.xml,2026-08-06,job-listing,1
https://www.searchsarkarinaukri.com/jobs/bank-of-baroda-senior-manager-digital-product-recruitment-2026-apply-online-for-1-post--4162,https://www.searchsarkarinaukri.com/sitemap-jobs.xml,2026-08-06,job-listing,1
https://www.searchsarkarinaukri.com/jobs/bank-of-baroda-manager-digital-product-recruitment-2026-apply-online-for-13-posts--4161,https://www.searchsarkarinaukri.com/sitemap-jobs.xml,2026-08-06,job-listing,1
https://www.searchsarkarinaukri.com/jobs/iiser-pune-iiser-pune-2026--4156,https://www.searchsarkarinaukri.com/sitemap-jobs.xml,2026-08-19,job-listing,1
https://www.searchsarkarinaukri.com/jobs/mumbai-port-trust-mumbai-port-trust-2026--4155,https://www.searchsarkarinaukri.com/sitemap-jobs.xml,2026-08-06,job-listing,1
https://www.searchsarkarinaukri.com/jobs/directorate-of-education-daman-directorate-of-education-daman-2026--4154,https://www.searchsarkarinaukri.com/sitemap-jobs.xml,2026-08-11,job-listing,1
https://www.searchsarkarinaukri.com/jobs/satara-anganwadi-satara-anganwadi-2026--4153,https://www.searchsarkarinaukri.com/sitemap-jobs.xml,2026-08-22,job-listing,1
https://www.searchsarkarinaukri.com/jobs/echs-goa-echs-goa-2026--4152,https://www.searchsarkarinaukri.com/sitemap-jobs.xml,2026-08-21,job-listing,1
https://www.searchsarkarinaukri.com/jobs/mumbai-central-railway-mumbai-central-railway-2026--4151,https://www.searchsarkarinaukri.com/sitemap-jobs.xml,2026-08-22,job-listing,1
https://www.searchsarkarinaukri.com/jobs/gmc-satara-gmc-satara-2026--4150,https://www.searchsarkarinaukri.com/sitemap-jobs.xml,2026-08-19,job-listing,1
https://www.searchsarkarinaukri.com/jobs/ncra-pune-ncra-pune-2026--4149,https://www.searchsarkarinaukri.com/sitemap-jobs.xml,2026-08-06,job-listing,1
https://www.searchsarkarinaukri.com/jobs/dgft-dgft-2026--4148,https://www.searchsarkarinaukri.com/sitemap-jobs.xml,2026-08-19,job-listing,1
https://www.searchsarkarinaukri.com/jobs/mahapareshan-yavatmal-mahapareshan-yavatmal-2026--4147,https://www.searchsarkarinaukri.com/sitemap-jobs.xml,2026-08-13,job-listing,1
https://www.searchsarkarinaukri.com/jobs/esic-pune-esic-pune-2026--4146,https://www.searchsarkarinaukri.com/sitemap-jobs.xml,2026-08-14,job-listing,1
https://www.searchsarkarinaukri.com/jobs/irctc-irctc-2026--4145,https://www.searchsarkarinaukri.com/sitemap-jobs.xml,2026-08-07,job-listing,1
https://www.searchsarkarinaukri.com/jobs/loknete-dattaji-patil-sahakari-bank-loknete-dattaji-patil-sahakari-bank-2026--4144,https://www.searchsarkarinaukri.com/sitemap-jobs.xml,2026-08-10,job-listing,1
https://www.searchsarkarinaukri.com/jobs/sgbau-amravati-sgbau-amravati-2026--4143,https://www.searchsarkarinaukri.com/sitemap-jobs.xml,2026-08-20,job-listing,1
https://www.searchsarkarinaukri.com/jobs/goa-krushi-mahavidyalay-goa-krushi-mahavidyalay-2026--4142,https://www.searchsarkarinaukri.com/sitemap-jobs.xml,2026-08-15,job-listing,1
https://www.searchsarkarinaukri.com/jobs/national-senior-college-nashik-national-senior-college-nashik-2026--4141,https://www.searchsarkarinaukri.com/sitemap-jobs.xml,2026-08-13,job-listing,1
https://www.searchsarkarinaukri.com/jobs/adivasi-gramin-vikas-shikshan-sanstha-gadchiroli-adivasi-gramin-vikas-shikshan-sanstha-gadchiroli-20--4140,https://www.searchsarkarinaukri.com/sitemap-jobs.xml,2026-08-06,job-listing,1
https://www.searchsarkarinaukri.com/jobs/mumbai-metropolitan-region-slum-rehabilitation-authorities-mumbai-metropolitan-region-slum-rehabilit--4139,https://www.searchsarkarinaukri.com/sitemap-jobs.xml,2026-08-13,job-listing,1
https://www.searchsarkarinaukri.com/jobs/vspm-academy-of-higher-education-nagpur-vspm-academy-of-higher-education-nagpur-2026--4138,https://www.searchsarkarinaukri.com/sitemap-jobs.xml,2026-08-06,job-listing,1
https://www.searchsarkarinaukri.com/jobs/vikas-sahakari-bank-vikas-sahakari-bank-2026--4137,https://www.searchsarkarinaukri.com/sitemap-jobs.xml,2026-08-16,job-listing,1
https://www.searchsarkarinaukri.com/jobs/mpsc-group-c-mpsc-group-c-2026--4136,https://www.searchsarkarinaukri.com/sitemap-jobs.xml,2026-08-11,job-listing,1
https://www.searchsarkarinaukri.com/jobs/institute-of-chemical-technology-mumbai-apply-for-3-junior-research-fellow-2026--4131,https://www.searchsarkarinaukri.com/sitemap-jobs.xml,2026-08-16,job-listing,1
https://www.searchsarkarinaukri.com/jobs/maharashtra-airport-development-company-limited-maharashtra-airport-development-company-limited-2026--4128,https://www.searchsarkarinaukri.com/sitemap-jobs.xml,2026-08-21,job-listing,1
https://www.searchsarkarinaukri.com/jobs/insurance-institute-of-india-mumbai-job-openings-at-insurance-institute-of-2026--4127,https://www.searchsarkarinaukri.com/sitemap-jobs.xml,2026-08-06,job-listing,1
https://www.searchsarkarinaukri.com/jobs/central-railway-railway-recruitment-cell-job-openings-at-central-railway-railway-2026--4126,https://www.searchsarkarinaukri.com/sitemap-jobs.xml,2026-08-22,job-listing,1
https://www.searchsarkarinaukri.com/jobs/chhatrapati-sambhaji-maharaj-government-medical-college-and-hospital-satara-chhatrapati-sambhaji-mah--4125,https://www.searchsarkarinaukri.com/sitemap-jobs.xml,2026-08-19,job-listing,1
https://www.searchsarkarinaukri.com/jobs/employees-state-insurance-corporation-esic-apply-for-35-professor-associate-professor-2026--4124,https://www.searchsarkarinaukri.com/sitemap-jobs.xml,2026-08-14,job-listing,1
https://www.searchsarkarinaukri.com/jobs/mahila-bal-vikas-vibhag-satara-department-of-women-and-child-development-satara-mahila-bal-vikas-vib--4120,https://www.searchsarkarinaukri.com/sitemap-jobs.xml,2026-08-22,job-listing,1
https://www.searchsarkarinaukri.com/jobs/aweil-junior-executive-finance-trainee-recruitment-2026-apply-offline-for-6-posts--4119,https://www.searchsarkarinaukri.com/sitemap-jobs.xml,2026-08-05,job-listing,1
https://www.searchsarkarinaukri.com/jobs/aweil-executive-finance-trainee-recruitment-2026-apply-offline-for-3-posts--4118,https://www.searchsarkarinaukri.com/sitemap-jobs.xml,2026-08-05,job-listing,1
https://www.searchsarkarinaukri.com/jobs/aweil-executive-finance-recruitment-2026-apply-offline-for-9-posts--4117,https://www.searchsarkarinaukri.com/sitemap-jobs.xml,2026-08-05,job-listing,1
https://www.searchsarkarinaukri.com/jobs/rites-manager-api-developer-recruitment-2026-apply-online-for-1-post--4116,https://www.searchsarkarinaukri.com/sitemap-jobs.xml,2026-08-05,job-listing,1
https://www.searchsarkarinaukri.com/jobs/rites-senior-manager-cyber-security-expert-recruitment-2026-apply-online-for-1-post--4115,https://www.searchsarkarinaukri.com/sitemap-jobs.xml,2026-08-05,job-listing,1
https://www.searchsarkarinaukri.com/jobs/rites-deputy-general-manager-joint-program-manager-recruitment-2026-apply-online-for-1-post--4114,https://www.searchsarkarinaukri.com/sitemap-jobs.xml,2026-08-05,job-listing,1
https://www.searchsarkarinaukri.com/jobs/clw-sports-quota-recruitment-2026-apply-offline-for-25-posts--4113,https://www.searchsarkarinaukri.com/sitemap-jobs.xml,2026-08-05,job-listing,1
https://www.searchsarkarinaukri.com/jobs/clw-level-5-level-4-sports-quota-recruitment-2026-apply-offline-for-2-posts--4112,https://www.searchsarkarinaukri.com/sitemap-jobs.xml,2026-08-05,job-listing,1
https://www.searchsarkarinaukri.com/jobs/clw-shooting-men-sports-quota-recruitment-2026-apply-offline-for-1-post--4111,https://www.searchsarkarinaukri.com/sitemap-jobs.xml,2026-08-05,job-listing,1
https://www.searchsarkarinaukri.com/jobs/clw-swimming-women-sports-quota-recruitment-2026-apply-offline-for-1-post--4110,https://www.searchsarkarinaukri.com/sitemap-jobs.xml,2026-08-05,job-listing,1
https://www.searchsarkarinaukri.com/jobs/clw-swimming-men-sports-quota-recruitment-2026-apply-offline-for-1-post--4109,https://www.searchsarkarinaukri.com/sitemap-jobs.xml,2026-08-05,job-listing,1
https://www.searchsarkarinaukri.com/jobs/clw-gymnastics-women-sports-quota-recruitment-2026-apply-offline-for-1-post--4108,https://www.searchsarkarinaukri.com/sitemap-jobs.xml,2026-08-05,job-listing,1
https://www.searchsarkarinaukri.com/jobs/clw-gymnastics-men-sports-quota-recruitment-2026-apply-offline-for-2-posts--4107,https://www.searchsarkarinaukri.com/sitemap-jobs.xml,2026-08-05,job-listing,1
https://www.searchsarkarinaukri.com/jobs/clw-football-men-sports-quota-recruitment-2026-apply-offline-for-3-posts--4106,https://www.searchsarkarinaukri.com/sitemap-jobs.xml,2026-08-05,job-listing,1
https://www.searchsarkarinaukri.com/jobs/clw-golf-men-sports-quota-recruitment-2026-apply-offline-for-1-post--4105,https://www.searchsarkarinaukri.com/sitemap-jobs.xml,2026-08-05,job-listing,1
https://www.searchsarkarinaukri.com/jobs/clw-basketball-women-sports-quota-recruitment-2026-apply-offline-for-3-posts--4104,https://www.searchsarkarinaukri.com/sitemap-jobs.xml,2026-08-05,job-listing,1
https://www.searchsarkarinaukri.com/jobs/clw-basketball-men-sports-quota-recruitment-2026-apply-offline-for-4-posts--4103,https://www.searchsarkarinaukri.com/sitemap-jobs.xml,2026-08-05,job-listing,1
https://www.searchsarkarinaukri.com/jobs/clw-badminton-men-singles-sports-quota-recruitment-2026-apply-offline-for-2-posts--4102,https://www.searchsarkarinaukri.com/sitemap-jobs.xml,2026-08-05,job-listing,1
https://www.searchsarkarinaukri.com/jobs/clw-badminton-women-singles-sports-quota-recruitment-2026-apply-offline-for-2-posts--4101,https://www.searchsarkarinaukri.com/sitemap-jobs.xml,2026-08-05,job-listing,1
https://www.searchsarkarinaukri.com/jobs/clw-archery-women-compound-sports-quota-recruitment-2026-apply-offline-for-2-posts--4100,https://www.searchsarkarinaukri.com/sitemap-jobs.xml,2026-08-05,job-listing,1
https://www.searchsarkarinaukri.com/jobs/clw-archery-men-recurve-sports-quota-recruitment-2026-apply-offline-for-2-posts--4099,https://www.searchsarkarinaukri.com/sitemap-jobs.xml,2026-08-05,job-listing,1
https://www.searchsarkarinaukri.com/jobs/territorial-army-soldier-clerk-recruitment-rally-2026-apply-for-1-post--4098,https://www.searchsarkarinaukri.com/sitemap-jobs.xml,2026-08-05,job-listing,1
https://www.searchsarkarinaukri.com/jobs/territorial-army-soldier-black-smith-recruitment-rally-2026-apply-for-1-post--4097,https://www.searchsarkarinaukri.com/sitemap-jobs.xml,2026-08-05,job-listing,1
https://www.searchsarkarinaukri.com/jobs/territorial-army-soldier-house-keeper-recruitment-rally-2026-apply-for-2-posts--4096,https://www.searchsarkarinaukri.com/sitemap-jobs.xml,2026-08-05,job-listing,1
https://www.searchsarkarinaukri.com/jobs/territorial-army-soldier-equipment-repairer-recruitment-rally-2026-apply-for-2-posts--4095,https://www.searchsarkarinaukri.com/sitemap-jobs.xml,2026-08-05,job-listing,1
https://www.searchsarkarinaukri.com/jobs/territorial-army-soldier-tailor-recruitment-rally-2026-apply-for-2-posts--4094,https://www.searchsarkarinaukri.com/sitemap-jobs.xml,2026-08-05,job-listing,1
https://www.searchsarkarinaukri.com/jobs/territorial-army-soldier-washer-man-recruitment-rally-2026-apply-for-2-posts--4093,https://www.searchsarkarinaukri.com/sitemap-jobs.xml,2026-08-05,job-listing,1
https://www.searchsarkarinaukri.com/jobs/territorial-army-soldier-carpenter-recruitment-rally-2026-apply-for-3-posts--4092,https://www.searchsarkarinaukri.com/sitemap-jobs.xml,2026-08-05,job-listing,1
https://www.searchsarkarinaukri.com/jobs/territorial-army-soldier-hair-dresser-recruitment-rally-2026-apply-for-3-posts--4091,https://www.searchsarkarinaukri.com/sitemap-jobs.xml,2026-08-05,job-listing,1
https://www.searchsarkarinaukri.com/jobs/territorial-army-soldier-chef-community-recruitment-rally-2026-apply-for-4-posts--4090,https://www.searchsarkarinaukri.com/sitemap-jobs.xml,2026-08-05,job-listing,1
https://www.searchsarkarinaukri.com/jobs/territorial-army-soldier-general-duty-recruitment-rally-2026-apply-for-49-posts--4089,https://www.searchsarkarinaukri.com/sitemap-jobs.xml,2026-08-05,job-listing,1
https://www.searchsarkarinaukri.com/jobs/drdo-dysl-qt-drdo-dysl-qt-2026--4088,https://www.searchsarkarinaukri.com/sitemap-jobs.xml,2026-08-21,job-listing,1
https://www.searchsarkarinaukri.com/jobs/center-for-development-of-advanced-computing-center-for-development-of-advanced-computing-2026--4087,https://www.searchsarkarinaukri.com/sitemap-jobs.xml,2026-08-11,job-listing,1
https://www.searchsarkarinaukri.com/jobs/mahavitaran-chandrapur-mahavitaran-chandrapur-2026--4086,https://www.searchsarkarinaukri.com/sitemap-jobs.xml,2026-08-13,job-listing,1
https://www.searchsarkarinaukri.com/jobs/ncra-pune-ncra-pune-2026--4085,https://www.searchsarkarinaukri.com/sitemap-jobs.xml,2026-08-05,job-listing,1
https://www.searchsarkarinaukri.com/jobs/ncb-ncb-2026--4084,https://www.searchsarkarinaukri.com/sitemap-jobs.xml,2026-08-17,job-listing,1
https://www.searchsarkarinaukri.com/jobs/iiser-pune-iiser-pune-2026--4083,https://www.searchsarkarinaukri.com/sitemap-jobs.xml,2026-08-09,job-listing,1
https://www.searchsarkarinaukri.com/jobs/cfsl-cfsl-2026--4082,https://www.searchsarkarinaukri.com/sitemap-jobs.xml,2026-08-17,job-listing,1
https://www.searchsarkarinaukri.com/jobs/itbp-itbp-2026--4081,https://www.searchsarkarinaukri.com/sitemap-jobs.xml,2026-08-05,job-listing,1
https://www.searchsarkarinaukri.com/jobs/dy-patil-college-of-engineering-dy-patil-college-of-engineering-2026--4080,https://www.searchsarkarinaukri.com/sitemap-jobs.xml,2026-08-07,job-listing,1
https://www.searchsarkarinaukri.com/jobs/maharshi-karve-stree-shikshan-samstha-pune-maharshi-karve-stree-shikshan-samstha-pune-2026--4079,https://www.searchsarkarinaukri.com/sitemap-jobs.xml,2026-08-13,job-listing,1
https://www.searchsarkarinaukri.com/jobs/aai-mumbai-aai-mumbai-2026--4078,https://www.searchsarkarinaukri.com/sitemap-jobs.xml,2026-08-05,job-listing,1
https://www.searchsarkarinaukri.com/jobs/rail-wheel-factory-rail-wheel-factory-2026--4077,https://www.searchsarkarinaukri.com/sitemap-jobs.xml,2026-08-25,job-listing,1
https://www.searchsarkarinaukri.com/jobs/vmgmc-solapur-vmgmc-solapur-2026--4076,https://www.searchsarkarinaukri.com/sitemap-jobs.xml,2026-08-12,job-listing,1
https://www.searchsarkarinaukri.com/jobs/tata-memorial-centre-tata-memorial-centre-2026--4075,https://www.searchsarkarinaukri.com/sitemap-jobs.xml,2026-08-12,job-listing,1
https://www.searchsarkarinaukri.com/jobs/bdl-bdl-2026--4074,https://www.searchsarkarinaukri.com/sitemap-jobs.xml,2026-08-22,job-listing,1
https://www.searchsarkarinaukri.com/jobs/sic-maharashtra-sic-maharashtra-2026--4073,https://www.searchsarkarinaukri.com/sitemap-jobs.xml,2026-08-11,job-listing,1
https://www.searchsarkarinaukri.com/jobs/rites-rites-2026--4072,https://www.searchsarkarinaukri.com/sitemap-jobs.xml,2026-08-05,job-listing,1
https://www.searchsarkarinaukri.com/jobs/pdcc-bank-pdcc-bank-2026--4071,https://www.searchsarkarinaukri.com/sitemap-jobs.xml,2026-08-11,job-listing,1
https://www.searchsarkarinaukri.com/jobs/ict-mumbai-ict-mumbai-2026--4070,https://www.searchsarkarinaukri.com/sitemap-jobs.xml,2026-08-16,job-listing,1
https://www.searchsarkarinaukri.com/jobs/maharashtra-state-information-commission-apply-for-3-under-secretary-legal-2026--4069,https://www.searchsarkarinaukri.com/sitemap-jobs.xml,2026-08-11,job-listing,1
https://www.searchsarkarinaukri.com/jobs/tata-institute-of-fundamental-research-mumbai-apply-for-2-project-associate-2026--4068,https://www.searchsarkarinaukri.com/sitemap-jobs.xml,2026-08-11,job-listing,1
https://www.searchsarkarinaukri.com/jobs/centbank-financial-services-ltd-cfsl-apply-for-6-assistant-manager-manager-2026--4067,https://www.searchsarkarinaukri.com/sitemap-jobs.xml,2026-08-17,job-listing,1
https://www.searchsarkarinaukri.com/jobs/collector-office-gadchiroli-jilhadhikari-karyalay-gadchiroli-collector-office-gadchiroli-jilhadhikar--4065,https://www.searchsarkarinaukri.com/sitemap-jobs.xml,2026-08-08,job-listing,1
https://www.searchsarkarinaukri.com/jobs/ordnance-factory-hospital-chanda-of-hospital-chandrapur-job-opening-at-ordnance-factory-hospital-202--4064,https://www.searchsarkarinaukri.com/sitemap-jobs.xml,2026-08-08,job-listing,1
https://www.searchsarkarinaukri.com/jobs/ekatmik-bal-vikas-prakalp-kolhapur-women-and-child-development-department-job-opening-at-ekatmik-bal--4061,https://www.searchsarkarinaukri.com/sitemap-jobs.xml,2026-08-11,job-listing,1
https://www.searchsarkarinaukri.com/jobs/maharashtra-state-electricity-distribution-company-limited-mahadiscom-maharashtra-state-electricity--4060,https://www.searchsarkarinaukri.com/sitemap-jobs.xml,2026-08-08,job-listing,1
https://www.searchsarkarinaukri.com/jobs/nlc-india-computer-science-engineering-graduate-apprentice-recruitment-2026-apply-online--4059,https://www.searchsarkarinaukri.com/sitemap-jobs.xml,2026-08-04,job-listing,1
https://www.searchsarkarinaukri.com/jobs/nlc-india-mechanical-engineering-graduate-apprentice-recruitment-2026-apply-online--4058,https://www.searchsarkarinaukri.com/sitemap-jobs.xml,2026-08-04,job-listing,1
https://www.searchsarkarinaukri.com/jobs/nlc-india-iti-electrician-apprentice-recruitment-2026-apply-online--4057,https://www.searchsarkarinaukri.com/sitemap-jobs.xml,2026-08-04,job-listing,1
https://www.searchsarkarinaukri.com/jobs/nlc-india-iti-fitter-apprentice-recruitment-2026-apply-online--4056,https://www.searchsarkarinaukri.com/sitemap-jobs.xml,2026-08-04,job-listing,1
https://www.searchsarkarinaukri.com/jobs/nlc-india-technician-diploma-apprentice-recruitment-2026-apply-online-for-124-training-slots--4055,https://www.searchsarkarinaukri.com/sitemap-jobs.xml,2026-08-04,job-listing,1
https://www.searchsarkarinaukri.com/jobs/nlc-india-engineering-graduate-apprentice-recruitment-2026-apply-online-for-302-training-slots--4054,https://www.searchsarkarinaukri.com/sitemap-jobs.xml,2026-08-04,job-listing,1
https://www.searchsarkarinaukri.com/jobs/nlc-india-non-engineering-graduate-apprentice-recruitment-2026-apply-online-for-313-training-slots--4053,https://www.searchsarkarinaukri.com/sitemap-jobs.xml,2026-08-04,job-listing,1
https://www.searchsarkarinaukri.com/jobs/nlc-india-trade-iti-apprentice-recruitment-2026-apply-online-for-496-training-slots--4052,https://www.searchsarkarinaukri.com/sitemap-jobs.xml,2026-08-04,job-listing,1
https://www.searchsarkarinaukri.com/jobs/tmb-oracle-hcm-talent-workflow-experience-recruitment-2026-apply-online--4051,https://www.searchsarkarinaukri.com/sitemap-jobs.xml,2026-08-04,job-listing,1
https://www.searchsarkarinaukri.com/jobs/tmb-oracle-hcm-payroll-integrations-recruitment-2026-apply-online--4050,https://www.searchsarkarinaukri.com/sitemap-jobs.xml,2026-08-04,job-listing,1
https://www.searchsarkarinaukri.com/jobs/tmb-software-engineer-software-programmer-recruitment-2026-apply-online--4049,https://www.searchsarkarinaukri.com/sitemap-jobs.xml,2026-08-04,job-listing,1
https://www.searchsarkarinaukri.com/jobs/tmb-cbs-support-engineer-recruitment-2026-apply-online--4048,https://www.searchsarkarinaukri.com/sitemap-jobs.xml,2026-08-04,job-listing,1
https://www.searchsarkarinaukri.com/jobs/tmb-software-developer-assistant-manager-recruitment-2026-apply-online--4047,https://www.searchsarkarinaukri.com/sitemap-jobs.xml,2026-08-04,job-listing,1
https://www.searchsarkarinaukri.com/jobs/tmb-statistician-manager-recruitment-2026-apply-online--4046,https://www.searchsarkarinaukri.com/sitemap-jobs.xml,2026-08-04,job-listing,1
https://www.searchsarkarinaukri.com/jobs/tmb-data-scientist-manager-recruitment-2026-apply-online--4045,https://www.searchsarkarinaukri.com/sitemap-jobs.xml,2026-08-04,job-listing,1
https://www.searchsarkarinaukri.com/jobs/tmb-software-developer-manager-recruitment-2026-apply-online--4044,https://www.searchsarkarinaukri.com/sitemap-jobs.xml,2026-08-04,job-listing,1
https://www.searchsarkarinaukri.com/jobs/mecl-executive-trainee-mechanical-drilling-division-recruitment-2026-apply-online-for-5-posts--4043,https://www.searchsarkarinaukri.com/sitemap-jobs.xml,2026-08-04,job-listing,1
https://www.searchsarkarinaukri.com/jobs/mecl-executive-trainee-mechanical-store-disposal-division-recruitment-2026-apply-online-for-2-posts--4042,https://www.searchsarkarinaukri.com/sitemap-jobs.xml,2026-08-04,job-listing,1
https://www.searchsarkarinaukri.com/jobs/mecl-executive-trainee-mechanical-procurement-contract-division-recruitment-2026-apply-online-for-5-posts--4041,https://www.searchsarkarinaukri.com/sitemap-jobs.xml,2026-08-04,job-listing,1
https://www.searchsarkarinaukri.com/jobs/mecl-executive-trainee-electrical-recruitment-2026-apply-online-for-1-post--4040,https://www.searchsarkarinaukri.com/sitemap-jobs.xml,2026-08-04,job-listing,1
https://www.searchsarkarinaukri.com/jobs/svpuat-assistant-recruitment-2026-apply-online-for-8-posts--4039,https://www.searchsarkarinaukri.com/sitemap-jobs.xml,2026-08-04,job-listing,1
https://www.searchsarkarinaukri.com/jobs/svpuat-programme-assistant-lab-technician-recruitment-2026-apply-online-for-11-posts--4038,https://www.searchsarkarinaukri.com/sitemap-jobs.xml,2026-08-04,job-listing,1
https://www.searchsarkarinaukri.com/jobs/svpuat-programme-assistant-computer-recruitment-2026-apply-online-for-7-posts--4037,https://www.searchsarkarinaukri.com/sitemap-jobs.xml,2026-08-04,job-listing,1
https://www.searchsarkarinaukri.com/jobs/svpuat-farm-manager-recruitment-2026-apply-online-for-6-posts--4036,https://www.searchsarkarinaukri.com/sitemap-jobs.xml,2026-08-04,job-listing,1
https://www.searchsarkarinaukri.com/jobs/nfr-act-apprentice-recruitment-2026-headquarters-maligaon-apply-online-for-495-slots--4035,https://www.searchsarkarinaukri.com/sitemap-jobs.xml,2026-08-04,job-listing,1
https://www.searchsarkarinaukri.com/jobs/nfr-act-apprentice-recruitment-2026-dibrugarh-workshop-apply-online-for-763-slots--4034,https://www.searchsarkarinaukri.com/sitemap-jobs.xml,2026-08-04,job-listing,1
https://www.searchsarkarinaukri.com/jobs/nfr-act-apprentice-recruitment-2026-new-bongaigaon-workshop-engineering-workshop-apply-online-for-881-slots--4033,https://www.searchsarkarinaukri.com/sitemap-jobs.xml,2026-08-04,job-listing,1
https://www.searchsarkarinaukri.com/jobs/nfr-act-apprentice-recruitment-2026-tinsukia-division-apply-online-for-860-slots--4032,https://www.searchsarkarinaukri.com/sitemap-jobs.xml,2026-08-04,job-listing,1
https://www.searchsarkarinaukri.com/jobs/nfr-act-apprentice-recruitment-2026-lumding-division-apply-online-for-1274-slots--4031,https://www.searchsarkarinaukri.com/sitemap-jobs.xml,2026-08-04,job-listing,1
https://www.searchsarkarinaukri.com/jobs/nfr-act-apprentice-recruitment-2026-rangiya-division-apply-online-for-750-slots--4030,https://www.searchsarkarinaukri.com/sitemap-jobs.xml,2026-08-04,job-listing,1
https://www.searchsarkarinaukri.com/jobs/nfr-act-apprentice-recruitment-2026-alipurduar-division-apply-online-for-651-slots--4029,https://www.searchsarkarinaukri.com/sitemap-jobs.xml,2026-08-04,job-listing,1
https://www.searchsarkarinaukri.com/jobs/nfr-act-apprentice-recruitment-2026-katihar-kir-tindharia-workshop-apply-online-for-1103-slots--4028,https://www.searchsarkarinaukri.com/sitemap-jobs.xml,2026-08-04,job-listing,1
https://www.searchsarkarinaukri.com/jobs/ibps-ibps-2026--4022,https://www.searchsarkarinaukri.com/sitemap-jobs.xml,2026-08-23,job-listing,1
https://www.searchsarkarinaukri.com/jobs/job-2026--4021,https://www.searchsarkarinaukri.com/sitemap-jobs.xml,2026-08-04,job-listing,1
https://www.searchsarkarinaukri.com/jobs/mpsc-group-c-mpsc-group-c-2026--4020,https://www.searchsarkarinaukri.com/sitemap-jobs.xml,2026-08-06,job-listing,1
https://www.searchsarkarinaukri.com/jobs/dlsa-akola-dlsa-akola-2026--4019,https://www.searchsarkarinaukri.com/sitemap-jobs.xml,2026-08-08,job-listing,1
https://www.searchsarkarinaukri.com/jobs/krcl-krcl-2026--4018,https://www.searchsarkarinaukri.com/sitemap-jobs.xml,2026-08-04,job-listing,1
https://www.searchsarkarinaukri.com/jobs/mumbai-railway-development-corporation-ltd-mumbai-railway-development-corporation-ltd-2026--4017,https://www.searchsarkarinaukri.com/sitemap-jobs.xml,2026-08-04,job-listing,1
https://www.searchsarkarinaukri.com/jobs/ircon-international-limited-ircon-international-limited-2026--4016,https://www.searchsarkarinaukri.com/sitemap-jobs.xml,2026-08-19,job-listing,1
https://www.searchsarkarinaukri.com/jobs/mpkv-mpkv-2026--4015,https://www.searchsarkarinaukri.com/sitemap-jobs.xml,2026-08-11,job-listing,1
https://www.searchsarkarinaukri.com/jobs/national-ayush-mission-national-ayush-mission-2026--4014,https://www.searchsarkarinaukri.com/sitemap-jobs.xml,2026-08-21,job-listing,1
https://www.searchsarkarinaukri.com/jobs/ministry-of-textiles-ministry-of-textiles-2026--4013,https://www.searchsarkarinaukri.com/sitemap-jobs.xml,2026-08-04,job-listing,1
https://www.searchsarkarinaukri.com/jobs/wdra-wdra-2026--4012,https://www.searchsarkarinaukri.com/sitemap-jobs.xml,2026-08-25,job-listing,1
https://www.searchsarkarinaukri.com/jobs/income-tax-department-income-tax-department-2026--4011,https://www.searchsarkarinaukri.com/sitemap-jobs.xml,2026-08-04,job-listing,1
https://www.searchsarkarinaukri.com/jobs/nba-nba-2026--4010,https://www.searchsarkarinaukri.com/sitemap-jobs.xml,2026-08-04,job-listing,1
https://www.searchsarkarinaukri.com/jobs/idex-idex-2026--4009,https://www.searchsarkarinaukri.com/sitemap-jobs.xml,2026-08-11,job-listing,1
https://www.searchsarkarinaukri.com/jobs/all-india-institute-of-medical-sciences-nagpur-all-india-institute-of-medical-sciences-2026--4008,https://www.searchsarkarinaukri.com/sitemap-jobs.xml,2026-08-22,job-listing,1
https://www.searchsarkarinaukri.com/jobs/indian-postal-department-indian-postal-department-2026--4007,https://www.searchsarkarinaukri.com/sitemap-jobs.xml,2026-08-04,job-listing,1
https://www.searchsarkarinaukri.com/jobs/iit-goa-iit-goa-2026--4006,https://www.searchsarkarinaukri.com/sitemap-jobs.xml,2026-08-11,job-listing,1
https://www.searchsarkarinaukri.com/jobs/ncrtc-ncrtc-2026--4005,https://www.searchsarkarinaukri.com/sitemap-jobs.xml,2026-08-04,job-listing,1
https://www.searchsarkarinaukri.com/jobs/goa-university-goa-university-2026--4004,https://www.searchsarkarinaukri.com/sitemap-jobs.xml,2026-08-20,job-listing,1
https://www.searchsarkarinaukri.com/jobs/konkan-railway-estm-iii-recruitment-2026-apply-online-for-15-posts--4003,https://www.searchsarkarinaukri.com/sitemap-jobs.xml,2026-08-03,job-listing,1
https://www.searchsarkarinaukri.com/jobs/konkan-railway-senior-section-engineer-signal-telecommunication-recruitment-2026-apply-online-for-5-posts--4002,https://www.searchsarkarinaukri.com/sitemap-jobs.xml,2026-08-03,job-listing,1
https://www.searchsarkarinaukri.com/jobs/konkan-railway-track-maintainer-recruitment-2026-apply-online-for-57-posts--4001,https://www.searchsarkarinaukri.com/sitemap-jobs.xml,2026-08-03,job-listing,1
https://www.searchsarkarinaukri.com/jobs/konkan-railway-junior-engineer-civil-recruitment-2026-apply-online-for-25-posts--4000,https://www.searchsarkarinaukri.com/sitemap-jobs.xml,2026-08-03,job-listing,1
https://www.searchsarkarinaukri.com/jobs/manipur-ssc-special-primary-teacher-recruitment-2026-apply-online-for-80-posts--3999,https://www.searchsarkarinaukri.com/sitemap-jobs.xml,2026-08-03,job-listing,1
https://www.searchsarkarinaukri.com/jobs/rcfl-management-trainee-marketing-recruitment-2026-apply-online-for-10-posts--3995,https://www.searchsarkarinaukri.com/sitemap-jobs.xml,2026-08-03,job-listing,1
https://www.searchsarkarinaukri.com/jobs/rcfl-management-trainee-finance-recruitment-2026-apply-online-for-10-posts--3994,https://www.searchsarkarinaukri.com/sitemap-jobs.xml,2026-08-03,job-listing,1
https://www.searchsarkarinaukri.com/jobs/rcfl-management-trainee-rajbhasha-recruitment-2026-apply-online-for-2-posts--3993,https://www.searchsarkarinaukri.com/sitemap-jobs.xml,2026-08-03,job-listing,1
https://www.searchsarkarinaukri.com/jobs/rcfl-management-trainee-information-technology-recruitment-2026-apply-online-for-5-posts--3992,https://www.searchsarkarinaukri.com/sitemap-jobs.xml,2026-08-03,job-listing,1
https://www.searchsarkarinaukri.com/jobs/rcfl-management-trainee-industrial-engineering-recruitment-2026-apply-online-for-2-posts--3991,https://www.searchsarkarinaukri.com/sitemap-jobs.xml,2026-08-03,job-listing,1
https://www.searchsarkarinaukri.com/jobs/rcfl-management-trainee-cc-lab-recruitment-2026-apply-online-for-1-post--3990,https://www.searchsarkarinaukri.com/sitemap-jobs.xml,2026-08-03,job-listing,1
https://www.searchsarkarinaukri.com/jobs/rcfl-management-trainee-fire-recruitment-2026-apply-online-for-1-post--3989,https://www.searchsarkarinaukri.com/sitemap-jobs.xml,2026-08-03,job-listing,1
https://www.searchsarkarinaukri.com/jobs/rcfl-management-trainee-civil-recruitment-2026-apply-online-for-1-post--3988,https://www.searchsarkarinaukri.com/sitemap-jobs.xml,2026-08-03,job-listing,1
https://www.searchsarkarinaukri.com/jobs/rcfl-management-trainee-materials-recruitment-2026-apply-online-for-1-post--3987,https://www.searchsarkarinaukri.com/sitemap-jobs.xml,2026-08-03,job-listing,1
https://www.searchsarkarinaukri.com/jobs/rcfl-management-trainee-instrumentation-recruitment-2026-apply-online-for-9-posts--3986,https://www.searchsarkarinaukri.com/sitemap-jobs.xml,2026-08-03,job-listing,1
https://www.searchsarkarinaukri.com/jobs/rcfl-management-trainee-electrical-recruitment-2026-apply-online-for-10-posts--3985,https://www.searchsarkarinaukri.com/sitemap-jobs.xml,2026-08-03,job-listing,1
https://www.searchsarkarinaukri.com/jobs/rcfl-management-trainee-mechanical-recruitment-2026-apply-online-for-4-posts--3984,https://www.searchsarkarinaukri.com/sitemap-jobs.xml,2026-08-03,job-listing,1
https://www.searchsarkarinaukri.com/jobs/rcfl-management-trainee-boiler-recruitment-2026-apply-online-for-6-posts--3983,https://www.searchsarkarinaukri.com/sitemap-jobs.xml,2026-08-03,job-listing,1
https://www.searchsarkarinaukri.com/jobs/rcfl-management-trainee-chemical-recruitment-2026-apply-online-for-32-posts--3982,https://www.searchsarkarinaukri.com/sitemap-jobs.xml,2026-08-03,job-listing,1
https://www.searchsarkarinaukri.com/jobs/csc-aadhaar-supervisor-operator-recruitment-2026-goa-apply-online--3981,https://www.searchsarkarinaukri.com/sitemap-jobs.xml,2026-08-03,job-listing,1
https://www.searchsarkarinaukri.com/jobs/csc-aadhaar-supervisor-operator-recruitment-2026-rajasthan-apply-online--3980,https://www.searchsarkarinaukri.com/sitemap-jobs.xml,2026-08-03,job-listing,1
https://www.searchsarkarinaukri.com/jobs/csc-aadhaar-supervisor-operator-recruitment-2026-odisha-apply-online--3979,https://www.searchsarkarinaukri.com/sitemap-jobs.xml,2026-08-03,job-listing,1
https://www.searchsarkarinaukri.com/jobs/csc-aadhaar-supervisor-operator-recruitment-2026-maharashtra-apply-online--3978,https://www.searchsarkarinaukri.com/sitemap-jobs.xml,2026-08-03,job-listing,1
https://www.searchsarkarinaukri.com/jobs/csc-aadhaar-supervisor-operator-recruitment-2026-chhattisgarh-apply-online--3977,https://www.searchsarkarinaukri.com/sitemap-jobs.xml,2026-08-03,job-listing,1
https://www.searchsarkarinaukri.com/jobs/csc-aadhaar-supervisor-operator-recruitment-2026-madhya-pradesh-apply-online--3976,https://www.searchsarkarinaukri.com/sitemap-jobs.xml,2026-08-03,job-listing,1
https://www.searchsarkarinaukri.com/jobs/csc-aadhaar-supervisor-operator-recruitment-2026-punjab-apply-online--3975,https://www.searchsarkarinaukri.com/sitemap-jobs.xml,2026-08-03,job-listing,1
https://www.searchsarkarinaukri.com/jobs/csc-aadhaar-supervisor-operator-recruitment-2026-haryana-apply-online--3974,https://www.searchsarkarinaukri.com/sitemap-jobs.xml,2026-08-03,job-listing,1
https://www.searchsarkarinaukri.com/jobs/csc-aadhaar-supervisor-operator-recruitment-2026-karnataka-apply-online--3973,https://www.searchsarkarinaukri.com/sitemap-jobs.xml,2026-08-03,job-listing,1
https://www.searchsarkarinaukri.com/jobs/csc-aadhaar-supervisor-operator-recruitment-2026-uttar-pradesh-apply-online--3972,https://www.searchsarkarinaukri.com/sitemap-jobs.xml,2026-08-03,job-listing,1
https://www.searchsarkarinaukri.com/jobs/csc-aadhaar-supervisor-operator-recruitment-2026-bihar-apply-online--3971,https://www.searchsarkarinaukri.com/sitemap-jobs.xml,2026-08-03,job-listing,1
https://www.searchsarkarinaukri.com/jobs/footwear-design-development-institute-mo-commerce-industry-recruitment-for-the-post-of-chief-2026--3970,https://www.searchsarkarinaukri.com/sitemap-jobs.xml,2026-08-17,job-listing,1
https://www.searchsarkarinaukri.com/jobs/job-2026--3969,https://www.searchsarkarinaukri.com/sitemap-jobs.xml,2026-08-15,job-listing,1
https://www.searchsarkarinaukri.com/jobs/ibps-crp-clerk-ibps-crp-clerk-2026--3968,https://www.searchsarkarinaukri.com/sitemap-jobs.xml,2026-08-22,job-listing,1
https://www.searchsarkarinaukri.com/jobs/mahavitaran-hingoli-mahavitaran-hingoli-2026--3967,https://www.searchsarkarinaukri.com/sitemap-jobs.xml,2026-08-08,job-listing,1
https://www.searchsarkarinaukri.com/jobs/mecl-nagpur-mecl-nagpur-2026--3966,https://www.searchsarkarinaukri.com/sitemap-jobs.xml,2026-08-15,job-listing,1
https://www.searchsarkarinaukri.com/jobs/icar-nbsslup-icar-nbsslup-2026--3965,https://www.searchsarkarinaukri.com/sitemap-jobs.xml,2026-08-14,job-listing,1
https://www.searchsarkarinaukri.com/jobs/shri-saibaba-sansthan-shri-saibaba-sansthan-2026--3964,https://www.searchsarkarinaukri.com/sitemap-jobs.xml,2026-08-15,job-listing,1
https://www.searchsarkarinaukri.com/jobs/nbt-nbt-2026--3963,https://www.searchsarkarinaukri.com/sitemap-jobs.xml,2026-08-22,job-listing,1
https://www.searchsarkarinaukri.com/jobs/isro-nrsc-isro-nrsc-2026--3962,https://www.searchsarkarinaukri.com/sitemap-jobs.xml,2026-08-22,job-listing,1
https://www.searchsarkarinaukri.com/jobs/ordnance-factory-chanda-ordnance-factory-chanda-2026--3961,https://www.searchsarkarinaukri.com/sitemap-jobs.xml,2026-08-08,job-listing,1
https://www.searchsarkarinaukri.com/jobs/kolhapur-anganwadi-kolhapur-anganwadi-2026--3960,https://www.searchsarkarinaukri.com/sitemap-jobs.xml,2026-08-11,job-listing,1
https://www.searchsarkarinaukri.com/jobs/jilhadhikari-karyalay-gadchiroli-jilhadhikari-karyalay-gadchiroli-2026--3959,https://www.searchsarkarinaukri.com/sitemap-jobs.xml,2026-08-08,job-listing,1
https://www.searchsarkarinaukri.com/jobs/jaywantrao-bhosale-patsanstha-jaywantrao-bhosale-patsanstha-2026--3958,https://www.searchsarkarinaukri.com/sitemap-jobs.xml,2026-08-11,job-listing,1
https://www.searchsarkarinaukri.com/jobs/sgbau-amravati-sgbau-amravati-2026--3957,https://www.searchsarkarinaukri.com/sitemap-jobs.xml,2026-08-18,job-listing,1
https://www.searchsarkarinaukri.com/jobs/dbskkv-dbskkv-2026--3956,https://www.searchsarkarinaukri.com/sitemap-jobs.xml,2026-08-15,job-listing,1
https://www.searchsarkarinaukri.com/jobs/indian-council-of-medical-research-indian-council-of-medical-research-2026--3955,https://www.searchsarkarinaukri.com/sitemap-jobs.xml,2026-08-02,job-listing,1
https://www.searchsarkarinaukri.com/jobs/bombay-high-court-bombay-high-court-2026--3954,https://www.searchsarkarinaukri.com/sitemap-jobs.xml,2026-08-21,job-listing,1
https://www.searchsarkarinaukri.com/jobs/government-medical-college-miraj-sangli-government-medical-college-miraj-sangli-2026--3953,https://www.searchsarkarinaukri.com/sitemap-jobs.xml,2026-08-08,job-listing,1
https://www.searchsarkarinaukri.com/jobs/ichalkaranji-mahanagarpalika-ichalkaranji-municipal-corporation-recruitment-notification-ichalkaranj--3952,https://www.searchsarkarinaukri.com/sitemap-jobs.xml,2026-08-05,job-listing,1
https://www.searchsarkarinaukri.com/jobs/thane-municipal-corporation-tmc-apply-for-61-staff-nurse-gnm-2026--3951,https://www.searchsarkarinaukri.com/sitemap-jobs.xml,2026-08-08,job-listing,1
https://www.searchsarkarinaukri.com/jobs/isro-nrsc-junior-research-fellow-computer-science-ai-data-science-recruitment-2026-bengaluru-apply-online-for-1-post--3949,https://www.searchsarkarinaukri.com/sitemap-jobs.xml,2026-08-01,job-listing,1
https://www.searchsarkarinaukri.com/jobs/isro-nrsc-junior-research-fellow-agriculture-horticulture-recruitment-2026-bengaluru-apply-online-for-1-post--3948,https://www.searchsarkarinaukri.com/sitemap-jobs.xml,2026-08-01,job-listing,1
https://www.searchsarkarinaukri.com/jobs/isro-nrsc-junior-research-fellow-remote-sensing-gis-agriculture-recruitment-2026-bengaluru-apply-online-for-1-post--3947,https://www.searchsarkarinaukri.com/sitemap-jobs.xml,2026-08-01,job-listing,1
https://www.searchsarkarinaukri.com/jobs/isro-nrsc-junior-research-fellow-agrometeorology-recruitment-2026-bengaluru-apply-online-for-1-post--3946,https://www.searchsarkarinaukri.com/sitemap-jobs.xml,2026-08-01,job-listing,1
https://www.searchsarkarinaukri.com/jobs/isro-nrsc-junior-research-fellow-ocean-science-geophysics-recruitment-2026-apply-online-for-6-posts--3945,https://www.searchsarkarinaukri.com/sitemap-jobs.xml,2026-08-01,job-listing,1
https://www.searchsarkarinaukri.com/jobs/isro-nrsc-junior-research-fellow-atmospheric-science-physics-recruitment-2026-apply-online-for-9-posts--3944,https://www.searchsarkarinaukri.com/sitemap-jobs.xml,2026-08-01,job-listing,1
https://www.searchsarkarinaukri.com/jobs/isro-nrsc-project-scientist-i-computer-science-it-recruitment-2026-apply-online-for-2-posts--3943,https://www.searchsarkarinaukri.com/sitemap-jobs.xml,2026-08-01,job-listing,1
https://www.searchsarkarinaukri.com/jobs/isro-nrsc-project-scientist-b-remote-sensing-environmental-sciences-recruitment-2026-apply-online-for-1-post--3942,https://www.searchsarkarinaukri.com/sitemap-jobs.xml,2026-08-01,job-listing,1
https://www.searchsarkarinaukri.com/jobs/isro-nrsc-project-scientist-b-computer-science-it-recruitment-2026-apply-online-for-5-posts--3941,https://www.searchsarkarinaukri.com/sitemap-jobs.xml,2026-08-01,job-listing,1
https://www.searchsarkarinaukri.com/jobs/isro-nrsc-project-scientist-b-remote-sensing-gis-recruitment-2026-apply-online-for-1-post--3940,https://www.searchsarkarinaukri.com/sitemap-jobs.xml,2026-08-01,job-listing,1
https://www.searchsarkarinaukri.com/jobs/isro-nrsc-project-scientist-b-geology-recruitment-2026-apply-online-for-1-post--3939,https://www.searchsarkarinaukri.com/sitemap-jobs.xml,2026-08-01,job-listing,1
https://www.searchsarkarinaukri.com/jobs/isro-nrsc-project-associate-ii-geoinformatics-recruitment-2026-new-delhi-apply-online-for-1-post--3938,https://www.searchsarkarinaukri.com/sitemap-jobs.xml,2026-08-01,job-listing,1
https://www.searchsarkarinaukri.com/jobs/isro-nrsc-project-associate-ii-computer-science-it-recruitment-2026-new-delhi-apply-online-for-1-post--3937,https://www.searchsarkarinaukri.com/sitemap-jobs.xml,2026-08-01,job-listing,1
https://www.searchsarkarinaukri.com/jobs/isro-nrsc-project-associate-i-computer-science-it-recruitment-2026-apply-online-for-3-posts--3936,https://www.searchsarkarinaukri.com/sitemap-jobs.xml,2026-08-01,job-listing,1
https://www.searchsarkarinaukri.com/jobs/isro-nrsc-research-scientist-ai-machine-learning-data-science-recruitment-2026-apply-online-for-1-post--3935,https://www.searchsarkarinaukri.com/sitemap-jobs.xml,2026-08-01,job-listing,1
https://www.searchsarkarinaukri.com/jobs/isro-nrsc-research-scientist-computer-science-it-recruitment-2026-apply-online-for-1-post--3934,https://www.searchsarkarinaukri.com/sitemap-jobs.xml,2026-08-01,job-listing,1
https://www.searchsarkarinaukri.com/jobs/isro-nrsc-research-scientist-remote-sensing-gis-engineering-recruitment-2026-apply-online-for-2-posts--3933,https://www.searchsarkarinaukri.com/sitemap-jobs.xml,2026-08-01,job-listing,1
https://www.searchsarkarinaukri.com/jobs/isro-nrsc-research-scientist-geology-recruitment-2026-apply-online-for-2-posts--3932,https://www.searchsarkarinaukri.com/sitemap-jobs.xml,2026-08-01,job-listing,1
https://www.searchsarkarinaukri.com/jobs/isro-nrsc-research-scientist-remote-sensing-gis-recruitment-2026-apply-online-for-5-posts--3931,https://www.searchsarkarinaukri.com/sitemap-jobs.xml,2026-08-01,job-listing,1
https://www.searchsarkarinaukri.com/jobs/isro-nrsc-research-scientist-civil-engineering-recruitment-2026-apply-online-for-3-posts--3930,https://www.searchsarkarinaukri.com/sitemap-jobs.xml,2026-08-01,job-listing,1
https://www.searchsarkarinaukri.com/jobs/epfo-assistant-director-audit-recruitment-2026-new-delhi-apply-offline--3929,https://www.searchsarkarinaukri.com/sitemap-jobs.xml,2026-08-01,job-listing,1
https://www.searchsarkarinaukri.com/jobs/epfo-assistant-director-audit-recruitment-2026-kolkata-apply-offline--3928,https://www.searchsarkarinaukri.com/sitemap-jobs.xml,2026-08-01,job-listing,1
https://www.searchsarkarinaukri.com/jobs/epfo-assistant-director-audit-recruitment-2026-chennai-apply-offline--3927,https://www.searchsarkarinaukri.com/sitemap-jobs.xml,2026-08-01,job-listing,1
https://www.searchsarkarinaukri.com/jobs/epfo-assistant-director-audit-recruitment-2026-bhopal-apply-offline--3926,https://www.searchsarkarinaukri.com/sitemap-jobs.xml,2026-08-01,job-listing,1
https://www.searchsarkarinaukri.com/jobs/epfo-assistant-director-audit-recruitment-2026-ahmedabad-apply-offline--3925,https://www.searchsarkarinaukri.com/sitemap-jobs.xml,2026-08-01,job-listing,1
https://www.searchsarkarinaukri.com/jobs/epfo-assistant-director-audit-recruitment-2026-hubli-apply-offline--3924,https://www.searchsarkarinaukri.com/sitemap-jobs.xml,2026-08-01,job-listing,1
https://www.searchsarkarinaukri.com/jobs/epfo-assistant-director-audit-recruitment-2026-hyderabad-apply-offline--3923,https://www.searchsarkarinaukri.com/sitemap-jobs.xml,2026-08-01,job-listing,1
https://www.searchsarkarinaukri.com/jobs/epfo-deputy-director-audit-recruitment-2026-new-delhi-apply-offline--3922,https://www.searchsarkarinaukri.com/sitemap-jobs.xml,2026-08-01,job-listing,1
https://www.searchsarkarinaukri.com/jobs/epfo-deputy-director-audit-recruitment-2026-kanpur-apply-offline--3921,https://www.searchsarkarinaukri.com/sitemap-jobs.xml,2026-08-01,job-listing,1
https://www.searchsarkarinaukri.com/jobs/epfo-deputy-director-audit-recruitment-2026-pune-apply-offline--3920,https://www.searchsarkarinaukri.com/sitemap-jobs.xml,2026-08-01,job-listing,1
https://www.searchsarkarinaukri.com/jobs/epfo-deputy-director-audit-recruitment-2026-bandra-mumbai-apply-offline--3919,https://www.searchsarkarinaukri.com/sitemap-jobs.xml,2026-08-01,job-listing,1
https://www.searchsarkarinaukri.com/jobs/epfo-deputy-director-audit-recruitment-2026-ahmedabad-apply-offline--3918,https://www.searchsarkarinaukri.com/sitemap-jobs.xml,2026-08-01,job-listing,1
https://www.searchsarkarinaukri.com/jobs/epfo-deputy-director-audit-recruitment-2026-hubli-apply-offline--3917,https://www.searchsarkarinaukri.com/sitemap-jobs.xml,2026-08-01,job-listing,1
https://www.searchsarkarinaukri.com/jobs/epfo-deputy-director-audit-recruitment-2026-bengaluru-apply-offline--3916,https://www.searchsarkarinaukri.com/sitemap-jobs.xml,2026-08-01,job-listing,1
https://www.searchsarkarinaukri.com/jobs/job-2026--3915,https://www.searchsarkarinaukri.com/sitemap-jobs.xml,2026-08-12,job-listing,1
https://www.searchsarkarinaukri.com/jobs/employees-state-insurance-society-mumbai-employees-state-insurance-society-2026--3914,https://www.searchsarkarinaukri.com/sitemap-jobs.xml,2026-08-07,job-listing,1
https://www.searchsarkarinaukri.com/jobs/gokhale-education-society-gokhale-education-society-2026--3913,https://www.searchsarkarinaukri.com/sitemap-jobs.xml,2026-08-14,job-listing,1
https://www.searchsarkarinaukri.com/jobs/dot-dot-2026--3912,https://www.searchsarkarinaukri.com/sitemap-jobs.xml,2026-08-11,job-listing,1
https://www.searchsarkarinaukri.com/jobs/iips-mumbai-iips-mumbai-2026--3911,https://www.searchsarkarinaukri.com/sitemap-jobs.xml,2026-08-13,job-listing,1
https://www.searchsarkarinaukri.com/jobs/tiss-mumbai-tiss-mumbai-2026--3910,https://www.searchsarkarinaukri.com/sitemap-jobs.xml,2026-08-17,job-listing,1
https://www.searchsarkarinaukri.com/jobs/iiit-nagpur-iiit-nagpur-2026--3909,https://www.searchsarkarinaukri.com/sitemap-jobs.xml,2026-08-15,job-listing,1
https://www.searchsarkarinaukri.com/jobs/nio-goa-nio-goa-2026--3908,https://www.searchsarkarinaukri.com/sitemap-jobs.xml,2026-08-08,job-listing,1
https://www.searchsarkarinaukri.com/jobs/rcfl-mumbai-rcfl-mumbai-2026--3907,https://www.searchsarkarinaukri.com/sitemap-jobs.xml,2026-08-16,job-listing,1
https://www.searchsarkarinaukri.com/jobs/nhrc-nhrc-2026--3906,https://www.searchsarkarinaukri.com/sitemap-jobs.xml,2026-08-01,job-listing,1
https://www.searchsarkarinaukri.com/jobs/railtail-railtail-2026--3905,https://www.searchsarkarinaukri.com/sitemap-jobs.xml,2026-08-01,job-listing,1
https://www.searchsarkarinaukri.com/jobs/district-hospital-buldhana-district-hospital-buldhana-2026--3904,https://www.searchsarkarinaukri.com/sitemap-jobs.xml,2026-08-08,job-listing,1
https://www.searchsarkarinaukri.com/jobs/ahmednagar-jilha-maratha-vidya-prasarak-samaj-ahmednagar-jilha-maratha-vidya-prasarak-samaj-2026--3903,https://www.searchsarkarinaukri.com/sitemap-jobs.xml,2026-08-07,job-listing,1
https://www.searchsarkarinaukri.com/jobs/indian-air-force-agniveer-indian-air-force-agniveer-2026--3902,https://www.searchsarkarinaukri.com/sitemap-jobs.xml,2026-08-18,job-listing,1
https://www.searchsarkarinaukri.com/jobs/bal-vikas-prakalp-mumbai-bal-vikas-prakalp-mumbai-2026--3901,https://www.searchsarkarinaukri.com/sitemap-jobs.xml,2026-08-11,job-listing,1
https://www.searchsarkarinaukri.com/jobs/rites-rites-2026--3900,https://www.searchsarkarinaukri.com/sitemap-jobs.xml,2026-08-18,job-listing,1
https://www.searchsarkarinaukri.com/jobs/centbank-financial-services-limited-centbank-financial-services-limited-2026--3899,https://www.searchsarkarinaukri.com/sitemap-jobs.xml,2026-08-17,job-listing,1
https://www.searchsarkarinaukri.com/jobs/vnit-nagpur-vnit-nagpur-2026--3898,https://www.searchsarkarinaukri.com/sitemap-jobs.xml,2026-08-15,job-listing,1
https://www.searchsarkarinaukri.com/jobs/sndt-women-university-mumbai-sndt-women-university-mumbai-2026--3897,https://www.searchsarkarinaukri.com/sitemap-jobs.xml,2026-08-06,job-listing,1
https://www.searchsarkarinaukri.com/jobs/nhm-dadra-nagar-haveli-nhm-dadra-nagar-haveli-2026--3896,https://www.searchsarkarinaukri.com/sitemap-jobs.xml,2026-08-09,job-listing,1
https://www.searchsarkarinaukri.com/jobs/dnhdd-kgbv-dnhdd-kgbv-2026--3895,https://www.searchsarkarinaukri.com/sitemap-jobs.xml,2026-08-11,job-listing,1
https://www.searchsarkarinaukri.com/jobs/tifr-mumbai-tifr-mumbai-2026--3894,https://www.searchsarkarinaukri.com/sitemap-jobs.xml,2026-08-16,job-listing,1
https://www.searchsarkarinaukri.com/jobs/solapur-university-solapur-university-2026--3893,https://www.searchsarkarinaukri.com/sitemap-jobs.xml,2026-08-24,job-listing,1
https://www.searchsarkarinaukri.com/jobs/iim-mumbai-iim-mumbai-2026--3892,https://www.searchsarkarinaukri.com/sitemap-jobs.xml,2026-08-12,job-listing,1
https://www.searchsarkarinaukri.com/jobs/rajarshi-shahu-bank-pune-rajarshi-shahu-bank-pune-2026--3891,https://www.searchsarkarinaukri.com/sitemap-jobs.xml,2026-08-11,job-listing,1
https://www.searchsarkarinaukri.com/jobs/railtel-apprentice-recruitment-2026-western-india-locations-apply-online--3890,https://www.searchsarkarinaukri.com/sitemap-jobs.xml,2026-07-31,job-listing,1
https://www.searchsarkarinaukri.com/jobs/railtel-apprentice-recruitment-2026-karnataka-tamil-nadu-locations-apply-online--3889,https://www.searchsarkarinaukri.com/sitemap-jobs.xml,2026-07-31,job-listing,1
https://www.searchsarkarinaukri.com/jobs/railtel-apprentice-recruitment-2026-telangana-andhra-pradesh-locations-apply-online--3888,https://www.searchsarkarinaukri.com/sitemap-jobs.xml,2026-07-31,job-listing,1
https://www.searchsarkarinaukri.com/jobs/railtel-apprentice-recruitment-2026-eastern-india-locations-apply-online--3887,https://www.searchsarkarinaukri.com/sitemap-jobs.xml,2026-07-31,job-listing,1
https://www.searchsarkarinaukri.com/jobs/railtel-apprentice-recruitment-2026-bihar-locations-apply-online--3886,https://www.searchsarkarinaukri.com/sitemap-jobs.xml,2026-07-31,job-listing,1
https://www.searchsarkarinaukri.com/jobs/railtel-apprentice-recruitment-2026-west-bengal-locations-apply-online--3885,https://www.searchsarkarinaukri.com/sitemap-jobs.xml,2026-07-31,job-listing,1
https://www.searchsarkarinaukri.com/jobs/railtel-apprentice-recruitment-2026-north-india-locations-apply-online--3884,https://www.searchsarkarinaukri.com/sitemap-jobs.xml,2026-07-31,job-listing,1
https://www.searchsarkarinaukri.com/jobs/railtel-apprentice-recruitment-2026-uttar-pradesh-locations-apply-online--3883,https://www.searchsarkarinaukri.com/sitemap-jobs.xml,2026-07-31,job-listing,1
https://www.searchsarkarinaukri.com/jobs/railtel-apprentice-recruitment-2026-rajasthan-locations-apply-online--3882,https://www.searchsarkarinaukri.com/sitemap-jobs.xml,2026-07-31,job-listing,1
https://www.searchsarkarinaukri.com/jobs/railtel-apprentice-recruitment-2026-new-delhi-gurgaon-locations-apply-online--3881,https://www.searchsarkarinaukri.com/sitemap-jobs.xml,2026-07-31,job-listing,1
https://www.searchsarkarinaukri.com/jobs/sjvn-engineer-chemical-recruitment-2026-apply-online-for-1-post--3880,https://www.searchsarkarinaukri.com/sitemap-jobs.xml,2026-07-31,job-listing,1
https://www.searchsarkarinaukri.com/jobs/sjvn-deputy-manager-chemical-recruitment-2026-apply-online-for-1-post--3879,https://www.searchsarkarinaukri.com/sitemap-jobs.xml,2026-07-31,job-listing,1
https://www.searchsarkarinaukri.com/jobs/sjvn-engineer-c-i-recruitment-2026-apply-online-for-2-posts--3878,https://www.searchsarkarinaukri.com/sitemap-jobs.xml,2026-07-31,job-listing,1
https://www.searchsarkarinaukri.com/jobs/sjvn-deputy-manager-c-i-recruitment-2026-apply-online-for-1-post--3877,https://www.searchsarkarinaukri.com/sitemap-jobs.xml,2026-07-31,job-listing,1
https://www.searchsarkarinaukri.com/jobs/sjvn-engineer-electrical-recruitment-2026-apply-online-for-3-posts--3876,https://www.searchsarkarinaukri.com/sitemap-jobs.xml,2026-07-31,job-listing,1
https://www.searchsarkarinaukri.com/jobs/sjvn-deputy-manager-electrical-recruitment-2026-apply-online-for-3-posts--3875,https://www.searchsarkarinaukri.com/sitemap-jobs.xml,2026-07-31,job-listing,1
https://www.searchsarkarinaukri.com/jobs/sjvn-engineer-mechanical-recruitment-2026-apply-online-for-6-posts--3874,https://www.searchsarkarinaukri.com/sitemap-jobs.xml,2026-07-31,job-listing,1
https://www.searchsarkarinaukri.com/jobs/sjvn-deputy-manager-mechanical-recruitment-2026-apply-online-for-3-posts--3873,https://www.searchsarkarinaukri.com/sitemap-jobs.xml,2026-07-31,job-listing,1
https://www.searchsarkarinaukri.com/jobs/sjvn-chief-general-manager-recruitment-2026-apply-online-for-1-post--3872,https://www.searchsarkarinaukri.com/sitemap-jobs.xml,2026-07-31,job-listing,1
https://www.searchsarkarinaukri.com/jobs/aai-jharsuguda-airport-apprentice-recruitment-2026-apply-online--3871,https://www.searchsarkarinaukri.com/sitemap-jobs.xml,2026-07-31,job-listing,1
https://www.searchsarkarinaukri.com/jobs/aai-pakyong-airport-apprentice-recruitment-2026-apply-online--3870,https://www.searchsarkarinaukri.com/sitemap-jobs.xml,2026-07-31,job-listing,1
https://www.searchsarkarinaukri.com/jobs/aai-bhubaneswar-airport-apprentice-recruitment-2026-apply-online--3869,https://www.searchsarkarinaukri.com/sitemap-jobs.xml,2026-07-31,job-listing,1
https://www.searchsarkarinaukri.com/jobs/aai-raipur-airport-apprentice-recruitment-2026-apply-online--3868,https://www.searchsarkarinaukri.com/sitemap-jobs.xml,2026-07-31,job-listing,1
https://www.searchsarkarinaukri.com/jobs/aai-birsa-munda-airport-ranchi-apprentice-recruitment-2026-apply-online--3867,https://www.searchsarkarinaukri.com/sitemap-jobs.xml,2026-07-31,job-listing,1
https://www.searchsarkarinaukri.com/jobs/aai-patna-airport-apprentice-recruitment-2026-apply-online--3866,https://www.searchsarkarinaukri.com/sitemap-jobs.xml,2026-07-31,job-listing,1
https://www.searchsarkarinaukri.com/jobs/aai-gaya-airport-apprentice-recruitment-2026-apply-online--3865,https://www.searchsarkarinaukri.com/sitemap-jobs.xml,2026-07-31,job-listing,1
https://www.searchsarkarinaukri.com/jobs/aai-bagdogra-airport-apprentice-recruitment-2026-apply-online--3864,https://www.searchsarkarinaukri.com/sitemap-jobs.xml,2026-07-31,job-listing,1
https://www.searchsarkarinaukri.com/jobs/aai-sri-vijaya-puram-airport-apprentice-recruitment-2026-apply-online--3863,https://www.searchsarkarinaukri.com/sitemap-jobs.xml,2026-07-31,job-listing,1
https://www.searchsarkarinaukri.com/jobs/aai-rhq-kolkata-apprentice-recruitment-2026-apply-online--3862,https://www.searchsarkarinaukri.com/sitemap-jobs.xml,2026-07-31,job-listing,1
https://www.searchsarkarinaukri.com/jobs/isro-ursc-commercial-practice-apprentice-recruitment-2026-apply-online-for-70-posts--3861,https://www.searchsarkarinaukri.com/sitemap-jobs.xml,2026-07-31,job-listing,1
https://www.searchsarkarinaukri.com/jobs/isro-ursc-technician-apprentice-recruitment-2026-apply-online-for-120-posts--3860,https://www.searchsarkarinaukri.com/sitemap-jobs.xml,2026-07-31,job-listing,1
https://www.searchsarkarinaukri.com/jobs/isro-ursc-graduate-apprentice-recruitment-2026-apply-online-for-220-posts--3859,https://www.searchsarkarinaukri.com/sitemap-jobs.xml,2026-07-31,job-listing,1
https://www.searchsarkarinaukri.com/jobs/nlc-india-limited-nlc-india-limited-2026--3856,https://www.searchsarkarinaukri.com/sitemap-jobs.xml,2026-08-12,job-listing,1
https://www.searchsarkarinaukri.com/jobs/bharati-vidyapeeth-pune-bharati-vidyapeeth-pune-2026--3855,https://www.searchsarkarinaukri.com/sitemap-jobs.xml,2026-08-07,job-listing,1
https://www.searchsarkarinaukri.com/jobs/prasar-bharati-prasar-bharati-2026--3854,https://www.searchsarkarinaukri.com/sitemap-jobs.xml,2026-08-13,job-listing,1
https://www.searchsarkarinaukri.com/jobs/deendayal-port-trust-deendayal-port-trust-2026--3853,https://www.searchsarkarinaukri.com/sitemap-jobs.xml,2026-08-13,job-listing,1
https://www.searchsarkarinaukri.com/jobs/sgbau-amravati-sgbau-amravati-2026--3852,https://www.searchsarkarinaukri.com/sitemap-jobs.xml,2026-08-14,job-listing,1
https://www.searchsarkarinaukri.com/jobs/nbt-nbt-2026--3851,https://www.searchsarkarinaukri.com/sitemap-jobs.xml,2026-08-02,job-listing,1
https://www.searchsarkarinaukri.com/jobs/moil-limited-moil-limited-2026--3850,https://www.searchsarkarinaukri.com/sitemap-jobs.xml,2026-08-20,job-listing,1
https://www.searchsarkarinaukri.com/jobs/bharatiya-vidya-bhavans-mumbai-bharatiya-vidya-bhavans-mumbai-2026--3849,https://www.searchsarkarinaukri.com/sitemap-jobs.xml,2026-08-01,job-listing,1
https://www.searchsarkarinaukri.com/jobs/edcil-edcil-2026--3848,https://www.searchsarkarinaukri.com/sitemap-jobs.xml,2026-08-07,job-listing,1
https://www.searchsarkarinaukri.com/jobs/aiesl-aiesl-2026--3847,https://www.searchsarkarinaukri.com/sitemap-jobs.xml,2026-08-20,job-listing,1
https://www.searchsarkarinaukri.com/jobs/rajya-mahiti-aayog-mumbai-rajya-mahiti-aayog-mumbai-2026--3846,https://www.searchsarkarinaukri.com/sitemap-jobs.xml,2026-08-11,job-listing,1
https://www.searchsarkarinaukri.com/jobs/mgm-hospital-navi-mumbai-mgm-hospital-navi-mumbai-2026--3845,https://www.searchsarkarinaukri.com/sitemap-jobs.xml,2026-08-07,job-listing,1
https://www.searchsarkarinaukri.com/jobs/vasantrao-naik-college-raigad-vasantrao-naik-college-raigad-2026--3844,https://www.searchsarkarinaukri.com/sitemap-jobs.xml,2026-08-14,job-listing,1
https://www.searchsarkarinaukri.com/jobs/government-medical-college-miraj-government-medical-college-miraj-2026--3843,https://www.searchsarkarinaukri.com/sitemap-jobs.xml,2026-08-08,job-listing,1
https://www.searchsarkarinaukri.com/jobs/mumbai-veterinary-college-mvc-mumbai-mafsu-mumbai-veterinary-college-mvc-mumbai-2026--3841,https://www.searchsarkarinaukri.com/sitemap-jobs.xml,2026-08-06,job-listing,1
https://www.searchsarkarinaukri.com/jobs/bal-vikas-prakalp-ahilyanagar-integrated-child-development-services-scheme-project-bal-vikas-prakalp--3838,https://www.searchsarkarinaukri.com/sitemap-jobs.xml,2026-08-13,job-listing,1
https://www.searchsarkarinaukri.com/jobs/tata-institute-of-social-sciences-tiss-mumbai-tata-institute-of-social-sciences-tiss-2026--3837,https://www.searchsarkarinaukri.com/sitemap-jobs.xml,2026-08-17,job-listing,1
https://www.searchsarkarinaukri.com/jobs/government-medical-college-and-hospital-chhatrapati-sambhajinagar-government-medical-college-and-hos--3836,https://www.searchsarkarinaukri.com/sitemap-jobs.xml,2026-08-12,job-listing,1
https://www.searchsarkarinaukri.com/jobs/umed-maharashtra-state-rural-livelihood-mission-solapur-recruitment-notification-umed-maharashtra-st--3835,https://www.searchsarkarinaukri.com/sitemap-jobs.xml,2026-08-08,job-listing,1
https://www.searchsarkarinaukri.com/jobs/district-and-sessions-court-beed-district-and-sessions-court-beed-invites-2026--3834,https://www.searchsarkarinaukri.com/sitemap-jobs.xml,2026-08-11,job-listing,1
https://www.searchsarkarinaukri.com/jobs/maharashtra-state-information-commission-apply-for-3-retired-group-a-2026--3833,https://www.searchsarkarinaukri.com/sitemap-jobs.xml,2026-08-11,job-listing,1
https://www.searchsarkarinaukri.com/jobs/manganese-ore-india-limited-moil-job-opening-at-manganese-ore-india-2026--3831,https://www.searchsarkarinaukri.com/sitemap-jobs.xml,2026-08-20,job-listing,1
https://www.searchsarkarinaukri.com/jobs/tiss-program-administrative-staff-recruitment-2026-apply-via-email-for-1-post--3829,https://www.searchsarkarinaukri.com/sitemap-jobs.xml,2026-07-30,job-listing,1
https://www.searchsarkarinaukri.com/jobs/tiss-programme-officer-recruitment-2026-apply-via-email-for-4-posts--3828,https://www.searchsarkarinaukri.com/sitemap-jobs.xml,2026-07-30,job-listing,1
https://www.searchsarkarinaukri.com/jobs/tiss-project-coordinator-recruitment-2026-apply-via-email-for-1-post--3827,https://www.searchsarkarinaukri.com/sitemap-jobs.xml,2026-07-30,job-listing,1
https://www.searchsarkarinaukri.com/jobs/tiss-medical-officer-recruitment-2026-apply-online-for-1-post--3826,https://www.searchsarkarinaukri.com/sitemap-jobs.xml,2026-07-30,job-listing,1
https://www.searchsarkarinaukri.com/jobs/bmc-tailor-recruitment-2026-apply-offline-for-2-posts--3823,https://www.searchsarkarinaukri.com/sitemap-jobs.xml,2026-07-30,job-listing,1
https://www.searchsarkarinaukri.com/jobs/bmc-assistant-helper-recruitment-2026-apply-offline-for-1-post--3822,https://www.searchsarkarinaukri.com/sitemap-jobs.xml,2026-07-30,job-listing,1
https://www.searchsarkarinaukri.com/jobs/bmc-barber-recruitment-2026-apply-offline-for-2-posts--3821,https://www.searchsarkarinaukri.com/sitemap-jobs.xml,2026-07-30,job-listing,1
https://www.searchsarkarinaukri.com/jobs/bmc-dresser-wound-care-attendant-recruitment-2026-apply-offline-for-2-posts--3820,https://www.searchsarkarinaukri.com/sitemap-jobs.xml,2026-07-30,job-listing,1
https://www.searchsarkarinaukri.com/jobs/bmc-hearse-attendant-halalkhor-ambulance-attendant-recruitment-2026-apply-offline-for-5-posts--3819,https://www.searchsarkarinaukri.com/sitemap-jobs.xml,2026-07-30,job-listing,1
https://www.searchsarkarinaukri.com/jobs/bmc-ambulance-attendant-recruitment-2026-apply-offline-for-2-posts--3818,https://www.searchsarkarinaukri.com/sitemap-jobs.xml,2026-07-30,job-listing,1
https://www.searchsarkarinaukri.com/jobs/bmc-worker-recruitment-2026-apply-offline-for-2-posts--3817,https://www.searchsarkarinaukri.com/sitemap-jobs.xml,2026-07-30,job-listing,1
https://www.searchsarkarinaukri.com/jobs/bmc-porter-worker-recruitment-2026-apply-offline-for-1-post--3816,https://www.searchsarkarinaukri.com/sitemap-jobs.xml,2026-07-30,job-listing,1
https://www.searchsarkarinaukri.com/jobs/bmc-porter-recruitment-2026-apply-offline-for-2-posts--3815,https://www.searchsarkarinaukri.com/sitemap-jobs.xml,2026-07-30,job-listing,1
https://www.searchsarkarinaukri.com/jobs/bmc-sweeper-halalkhor-recruitment-2026-apply-offline-for-1-post--3814,https://www.searchsarkarinaukri.com/sitemap-jobs.xml,2026-07-30,job-listing,1
https://www.searchsarkarinaukri.com/jobs/bmc-gardener-recruitment-2026-apply-offline-for-3-posts--3813,https://www.searchsarkarinaukri.com/sitemap-jobs.xml,2026-07-30,job-listing,1
https://www.searchsarkarinaukri.com/jobs/bmc-gardener-sweeper-recruitment-2026-apply-offline-for-3-posts--3812,https://www.searchsarkarinaukri.com/sitemap-jobs.xml,2026-07-30,job-listing,1
https://www.searchsarkarinaukri.com/jobs/bmc-ayah-nursing-attendant-recruitment-2026-apply-offline-for-22-posts--3811,https://www.searchsarkarinaukri.com/sitemap-jobs.xml,2026-07-30,job-listing,1
https://www.searchsarkarinaukri.com/jobs/bmc-ward-servant-recruitment-2026-apply-offline-for-2-posts--3810,https://www.searchsarkarinaukri.com/sitemap-jobs.xml,2026-07-30,job-listing,1
https://www.searchsarkarinaukri.com/jobs/bmc-ward-attendant-recruitment-2026-apply-offline-for-12-posts--3809,https://www.searchsarkarinaukri.com/sitemap-jobs.xml,2026-07-30,job-listing,1
https://www.searchsarkarinaukri.com/jobs/bmc-sweeper-recruitment-2026-apply-offline-for-31-posts--3808,https://www.searchsarkarinaukri.com/sitemap-jobs.xml,2026-07-30,job-listing,1
https://www.searchsarkarinaukri.com/jobs/bmc-training-assistant-recruitment-2026-apply-offline-for-5-posts--3807,https://www.searchsarkarinaukri.com/sitemap-jobs.xml,2026-07-30,job-listing,1
https://www.searchsarkarinaukri.com/jobs/bmc-wireman-iii-lift-operator-pump-operator-recruitment-2026-apply-offline-for-1-post--3806,https://www.searchsarkarinaukri.com/sitemap-jobs.xml,2026-07-30,job-listing,1
https://www.searchsarkarinaukri.com/jobs/bmc-lift-operator-wireman-iii-pump-operator-recruitment-2026-apply-offline-for-1-post--3805,https://www.searchsarkarinaukri.com/sitemap-jobs.xml,2026-07-30,job-listing,1
https://www.searchsarkarinaukri.com/jobs/bmc-lift-operator-recruitment-2026-apply-offline-for-3-posts--3804,https://www.searchsarkarinaukri.com/sitemap-jobs.xml,2026-07-30,job-listing,1
https://www.searchsarkarinaukri.com/jobs/bmc-wireman-recruitment-2026-apply-offline-for-1-post--3803,https://www.searchsarkarinaukri.com/sitemap-jobs.xml,2026-07-30,job-listing,1
https://www.searchsarkarinaukri.com/jobs/bmc-electrician-recruitment-2026-apply-offline-for-1-post--3802,https://www.searchsarkarinaukri.com/sitemap-jobs.xml,2026-07-30,job-listing,1
https://www.searchsarkarinaukri.com/jobs/bmc-laboratory-servant-recruitment-2026-apply-offline-for-3-posts--3801,https://www.searchsarkarinaukri.com/sitemap-jobs.xml,2026-07-30,job-listing,1
https://www.searchsarkarinaukri.com/jobs/bmc-laboratory-attendant-recruitment-2026-apply-offline-for-7-posts--3800,https://www.searchsarkarinaukri.com/sitemap-jobs.xml,2026-07-30,job-listing,1
https://www.searchsarkarinaukri.com/jobs/bpcl-technician-electrical-recruitment-2026-kochi-apply-online-for-17-posts--3799,https://www.searchsarkarinaukri.com/sitemap-jobs.xml,2026-07-30,job-listing,1
https://www.searchsarkarinaukri.com/jobs/bpcl-technician-operator-mechanical-recruitment-2026-kochi-apply-online-for-13-posts--3798,https://www.searchsarkarinaukri.com/sitemap-jobs.xml,2026-07-30,job-listing,1
https://www.searchsarkarinaukri.com/jobs/bpcl-process-operator-chemical-recruitment-2026-kochi-apply-online-for-64-posts--3797,https://www.searchsarkarinaukri.com/sitemap-jobs.xml,2026-07-30,job-listing,1
https://www.searchsarkarinaukri.com/jobs/bpcl-process-technician-chemical-recruitment-2026-mumbai-apply-online-for-60-posts--3796,https://www.searchsarkarinaukri.com/sitemap-jobs.xml,2026-07-30,job-listing,1
https://www.searchsarkarinaukri.com/jobs/job-2026--3794,https://www.searchsarkarinaukri.com/sitemap-jobs.xml,2026-08-13,job-listing,1
https://www.searchsarkarinaukri.com/jobs/job-2026--3792,https://www.searchsarkarinaukri.com/sitemap-jobs.xml,2026-08-07,job-listing,1
https://www.searchsarkarinaukri.com/jobs/job-2026--3791,https://www.searchsarkarinaukri.com/sitemap-jobs.xml,2026-08-15,job-listing,1
https://www.searchsarkarinaukri.com/jobs/job-2026--3790,https://www.searchsarkarinaukri.com/sitemap-jobs.xml,2026-08-14,job-listing,1
https://www.searchsarkarinaukri.com/jobs/bharat-petroleum-bharat-petroleum-2026--3789,https://www.searchsarkarinaukri.com/sitemap-jobs.xml,2026-08-14,job-listing,1
https://www.searchsarkarinaukri.com/jobs/wardha-nagarik-sahakari-adhikosh-bank-wardha-nagarik-sahakari-adhikosh-bank-2026--3788,https://www.searchsarkarinaukri.com/sitemap-jobs.xml,2026-08-06,job-listing,1
https://www.searchsarkarinaukri.com/jobs/airports-authority-of-india-airports-authority-of-india-2026--3787,https://www.searchsarkarinaukri.com/sitemap-jobs.xml,2026-07-30,job-listing,1
https://www.searchsarkarinaukri.com/jobs/mumbai-veterinary-college-mumbai-veterinary-college-2026--3786,https://www.searchsarkarinaukri.com/sitemap-jobs.xml,2026-08-06,job-listing,1
https://www.searchsarkarinaukri.com/jobs/the-kolhapur-urban-co-op-bank-the-kolhapur-urban-co-op-bank-2026--3785,https://www.searchsarkarinaukri.com/sitemap-jobs.xml,2026-08-05,job-listing,1
https://www.searchsarkarinaukri.com/jobs/mahagenco-mumbai-mahagenco-mumbai-2026--3784,https://www.searchsarkarinaukri.com/sitemap-jobs.xml,2026-08-21,job-listing,1
https://www.searchsarkarinaukri.com/jobs/shahu-bank-beed-shahu-bank-beed-2026--3783,https://www.searchsarkarinaukri.com/sitemap-jobs.xml,2026-08-13,job-listing,1
https://www.searchsarkarinaukri.com/jobs/laxmi-urban-co-op-bank-latur-laxmi-urban-co-op-bank-latur-2026--3782,https://www.searchsarkarinaukri.com/sitemap-jobs.xml,2026-08-08,job-listing,1
https://www.searchsarkarinaukri.com/jobs/apcob-apcob-2026--3781,https://www.searchsarkarinaukri.com/sitemap-jobs.xml,2026-08-08,job-listing,1
https://www.searchsarkarinaukri.com/jobs/gmc-sambhaji-nagar-gmc-sambhaji-nagar-2026--3780,https://www.searchsarkarinaukri.com/sitemap-jobs.xml,2026-08-12,job-listing,1
https://www.searchsarkarinaukri.com/jobs/mahagenco-mahagenco-2026--3779,https://www.searchsarkarinaukri.com/sitemap-jobs.xml,2026-08-21,job-listing,1
https://www.searchsarkarinaukri.com/jobs/nhm-latur-nhm-latur-2026--3778,https://www.searchsarkarinaukri.com/sitemap-jobs.xml,2026-08-11,job-listing,1
https://www.searchsarkarinaukri.com/jobs/gac-nagpur-gac-nagpur-2026--3777,https://www.searchsarkarinaukri.com/sitemap-jobs.xml,2026-07-31,job-listing,1
https://www.searchsarkarinaukri.com/jobs/nbcc-nbcc-2026--3776,https://www.searchsarkarinaukri.com/sitemap-jobs.xml,2026-08-05,job-listing,1
https://www.searchsarkarinaukri.com/jobs/msrlm-solapur-msrlm-solapur-2026--3775,https://www.searchsarkarinaukri.com/sitemap-jobs.xml,2026-08-25,job-listing,1
https://www.searchsarkarinaukri.com/jobs/district-court-beed-district-court-beed-2026--3774,https://www.searchsarkarinaukri.com/sitemap-jobs.xml,2026-08-11,job-listing,1
https://www.searchsarkarinaukri.com/jobs/malkapur-municipal-council-satara-malkapur-municipal-council-satara-2026--3773,https://www.searchsarkarinaukri.com/sitemap-jobs.xml,2026-08-11,job-listing,1
https://www.searchsarkarinaukri.com/jobs/isro-ursc-isro-ursc-2026--3772,https://www.searchsarkarinaukri.com/sitemap-jobs.xml,2026-07-30,job-listing,1
https://www.searchsarkarinaukri.com/jobs/shabri-adivasi-vibhag-shabri-adivasi-vibhag-2026--3771,https://www.searchsarkarinaukri.com/sitemap-jobs.xml,2026-08-19,job-listing,1
https://www.searchsarkarinaukri.com/jobs/gokhale-education-society-gokhale-education-society-2026--3770,https://www.searchsarkarinaukri.com/sitemap-jobs.xml,2026-08-08,job-listing,1
https://www.searchsarkarinaukri.com/jobs/nagar-parishad-shahada-nagar-parishad-shahada-2026--3769,https://www.searchsarkarinaukri.com/sitemap-jobs.xml,2026-08-06,job-listing,1
https://www.searchsarkarinaukri.com/jobs/trai-trai-2026--3768,https://www.searchsarkarinaukri.com/sitemap-jobs.xml,2026-08-19,job-listing,1
https://www.searchsarkarinaukri.com/jobs/yashodeep-college-of-pharmacy-saralgaon-yashodeep-college-of-pharmacy-saralgaon-2026--3767,https://www.searchsarkarinaukri.com/sitemap-jobs.xml,2026-08-15,job-listing,1
https://www.searchsarkarinaukri.com/jobs/gmc-baramati-gmc-baramati-2026--3766,https://www.searchsarkarinaukri.com/sitemap-jobs.xml,2026-07-31,job-listing,1
https://www.searchsarkarinaukri.com/jobs/serious-fraud-investigation-office-serious-fraud-investigation-office-2026--3765,https://www.searchsarkarinaukri.com/sitemap-jobs.xml,2026-07-31,job-listing,1
https://www.searchsarkarinaukri.com/jobs/andaman-nicobar-administration-sweeper-recruitment-2026-apply-online-for-1-post--3764,https://www.searchsarkarinaukri.com/sitemap-jobs.xml,2026-07-29,job-listing,1
https://www.searchsarkarinaukri.com/jobs/andaman-nicobar-administration-lower-grade-worker-recruitment-2026-apply-online-for-9-posts--3763,https://www.searchsarkarinaukri.com/sitemap-jobs.xml,2026-07-29,job-listing,1
https://www.searchsarkarinaukri.com/jobs/andaman-nicobar-administration-pay-level-4-assistant-recruitment-2026-apply-online-for-1-post--3762,https://www.searchsarkarinaukri.com/sitemap-jobs.xml,2026-07-29,job-listing,1
https://www.searchsarkarinaukri.com/jobs/andaman-nicobar-administration-stenographer-grade-i-recruitment-2026-apply-online-for-33-posts--3761,https://www.searchsarkarinaukri.com/sitemap-jobs.xml,2026-07-29,job-listing,1
https://www.searchsarkarinaukri.com/jobs/andaman-nicobar-administration-lower-grade-record-keeper-recruitment-2026-apply-online-for-426-posts--3760,https://www.searchsarkarinaukri.com/sitemap-jobs.xml,2026-07-29,job-listing,1
https://www.searchsarkarinaukri.com/jobs/andaman-nicobar-administration-marine-radio-operator-recruitment-2026-apply-online-for-23-posts--3759,https://www.searchsarkarinaukri.com/sitemap-jobs.xml,2026-07-29,job-listing,1
https://www.searchsarkarinaukri.com/jobs/andaman-nicobar-administration-tally-clerk-recruitment-2026-apply-online-for-7-posts--3758,https://www.searchsarkarinaukri.com/sitemap-jobs.xml,2026-07-29,job-listing,1
https://www.searchsarkarinaukri.com/jobs/andaman-nicobar-administration-craft-instructor-recruitment-2026-apply-online-for-3-posts--3757,https://www.searchsarkarinaukri.com/sitemap-jobs.xml,2026-07-29,job-listing,1
https://www.searchsarkarinaukri.com/jobs/andaman-nicobar-administration-deputy-cook-recruitment-2026-apply-online-for-1-post--3756,https://www.searchsarkarinaukri.com/sitemap-jobs.xml,2026-07-29,job-listing,1
https://www.searchsarkarinaukri.com/jobs/andaman-nicobar-administration-typist-cum-weigher-recruitment-2026-apply-online-for-3-posts--3755,https://www.searchsarkarinaukri.com/sitemap-jobs.xml,2026-07-29,job-listing,1
https://www.searchsarkarinaukri.com/jobs/andaman-nicobar-administration-visitor-recruitment-2026-apply-online-for-1-post--3754,https://www.searchsarkarinaukri.com/sitemap-jobs.xml,2026-07-29,job-listing,1
https://www.searchsarkarinaukri.com/jobs/andaman-nicobar-administration-weighman-recruitment-2026-apply-online-for-3-posts--3753,https://www.searchsarkarinaukri.com/sitemap-jobs.xml,2026-07-29,job-listing,1
https://www.searchsarkarinaukri.com/jobs/andaman-nicobar-administration-sub-store-keeper-recruitment-2026-apply-online-for-8-posts--3752,https://www.searchsarkarinaukri.com/sitemap-jobs.xml,2026-07-29,job-listing,1
https://www.searchsarkarinaukri.com/jobs/andaman-nicobar-administration-booking-clerk-recruitment-2026-apply-online-for-1-post--3751,https://www.searchsarkarinaukri.com/sitemap-jobs.xml,2026-07-29,job-listing,1
https://www.searchsarkarinaukri.com/jobs/andaman-nicobar-administration-ferry-level-mazdoor-recruitment-2026-apply-online-for-7-posts--3750,https://www.searchsarkarinaukri.com/sitemap-jobs.xml,2026-07-29,job-listing,1
https://www.searchsarkarinaukri.com/jobs/andaman-nicobar-administration-marine-radio-assistant-recruitment-2026-apply-online-for-4-posts--3749,https://www.searchsarkarinaukri.com/sitemap-jobs.xml,2026-07-29,job-listing,1
https://www.searchsarkarinaukri.com/jobs/andaman-nicobar-administration-driver-grade-ii-recruitment-2026-apply-online-for-15-posts--3748,https://www.searchsarkarinaukri.com/sitemap-jobs.xml,2026-07-29,job-listing,1
https://www.searchsarkarinaukri.com/jobs/andaman-nicobar-administration-multi-tasking-staff-recruitment-2026-apply-online-for-215-posts--3747,https://www.searchsarkarinaukri.com/sitemap-jobs.xml,2026-07-29,job-listing,1
https://www.searchsarkarinaukri.com/jobs/andaman-nicobar-administration-gram-sevika-recruitment-2026-apply-online-for-12-posts--3746,https://www.searchsarkarinaukri.com/sitemap-jobs.xml,2026-07-29,job-listing,1
https://www.searchsarkarinaukri.com/jobs/andaman-nicobar-administration-village-level-worker-recruitment-2026-apply-online-for-18-posts--3745,https://www.searchsarkarinaukri.com/sitemap-jobs.xml,2026-07-29,job-listing,1
https://www.searchsarkarinaukri.com/jobs/andaman-nicobar-administration-lineman-recruitment-2026-apply-online-for-2-posts--3744,https://www.searchsarkarinaukri.com/sitemap-jobs.xml,2026-07-29,job-listing,1
https://www.searchsarkarinaukri.com/jobs/andaman-nicobar-administration-pump-driver-recruitment-2026-apply-online-for-1-post--3743,https://www.searchsarkarinaukri.com/sitemap-jobs.xml,2026-07-29,job-listing,1
https://www.searchsarkarinaukri.com/jobs/andaman-nicobar-administration-plant-room-technician-recruitment-2026-apply-online-for-1-post--3742,https://www.searchsarkarinaukri.com/sitemap-jobs.xml,2026-07-29,job-listing,1
https://www.searchsarkarinaukri.com/jobs/andaman-nicobar-administration-fisheries-extension-worker-recruitment-2026-apply-online-for-2-posts--3741,https://www.searchsarkarinaukri.com/sitemap-jobs.xml,2026-07-29,job-listing,1
https://www.searchsarkarinaukri.com/jobs/andaman-nicobar-administration-laboratory-assistant-recruitment-2026-apply-online-for-9-posts--3740,https://www.searchsarkarinaukri.com/sitemap-jobs.xml,2026-07-29,job-listing,1
https://www.searchsarkarinaukri.com/jobs/andaman-nicobar-administration-godown-keeper-recruitment-2026-apply-online-for-2-posts--3739,https://www.searchsarkarinaukri.com/sitemap-jobs.xml,2026-07-29,job-listing,1
https://www.searchsarkarinaukri.com/jobs/andaman-nicobar-administration-field-assistant-recruitment-2026-apply-online-for-13-posts--3738,https://www.searchsarkarinaukri.com/sitemap-jobs.xml,2026-07-29,job-listing,1
https://www.searchsarkarinaukri.com/jobs/andaman-nicobar-administration-food-assistant-recruitment-2026-apply-online-for-4-posts--3737,https://www.searchsarkarinaukri.com/sitemap-jobs.xml,2026-07-29,job-listing,1
https://www.searchsarkarinaukri.com/jobs/andaman-nicobar-administration-patwari-recruitment-2026-apply-online-for-8-posts--3736,https://www.searchsarkarinaukri.com/sitemap-jobs.xml,2026-07-29,job-listing,1
https://www.searchsarkarinaukri.com/jobs/andaman-nicobar-administration-computer-assistant-grade-i-recruitment-2026-apply-online-for-3-posts--3735,https://www.searchsarkarinaukri.com/sitemap-jobs.xml,2026-07-29,job-listing,1
https://www.searchsarkarinaukri.com/jobs/andaman-nicobar-administration-stenographer-grade-i-recruitment-2026-apply-online-for-3-posts--3734,https://www.searchsarkarinaukri.com/sitemap-jobs.xml,2026-07-29,job-listing,1
https://www.searchsarkarinaukri.com/jobs/andaman-nicobar-administration-follower-recruitment-2026-apply-online-for-36-posts--3733,https://www.searchsarkarinaukri.com/sitemap-jobs.xml,2026-07-29,job-listing,1
https://www.searchsarkarinaukri.com/jobs/andaman-nicobar-administration-mechanical-foreman-recruitment-2026-apply-online-for-1-post--3732,https://www.searchsarkarinaukri.com/sitemap-jobs.xml,2026-07-29,job-listing,1
https://www.searchsarkarinaukri.com/jobs/andaman-nicobar-administration-lower-division-clerk-recruitment-2026-apply-online-for-5-posts--3731,https://www.searchsarkarinaukri.com/sitemap-jobs.xml,2026-07-29,job-listing,1
https://www.searchsarkarinaukri.com/jobs/andaman-nicobar-administration-library-assistant-recruitment-2026-apply-online-for-2-posts--3730,https://www.searchsarkarinaukri.com/sitemap-jobs.xml,2026-07-29,job-listing,1
https://www.searchsarkarinaukri.com/jobs/andaman-nicobar-administration-laboratory-assistant-recruitment-2026-apply-online-for-6-posts--3729,https://www.searchsarkarinaukri.com/sitemap-jobs.xml,2026-07-29,job-listing,1
https://www.searchsarkarinaukri.com/jobs/job-2026--3727,https://www.searchsarkarinaukri.com/sitemap-jobs.xml,2026-08-18,job-listing,1
https://www.searchsarkarinaukri.com/jobs/job-2026--3726,https://www.searchsarkarinaukri.com/sitemap-jobs.xml,2026-08-18,job-listing,1
https://www.searchsarkarinaukri.com/jobs/nalco-nalco-2026--3725,https://www.searchsarkarinaukri.com/sitemap-jobs.xml,2026-08-18,job-listing,1
https://www.searchsarkarinaukri.com/jobs/college-of-agriculture-pune-college-of-agriculture-pune-2026--3724,https://www.searchsarkarinaukri.com/sitemap-jobs.xml,2026-08-04,job-listing,1
https://www.searchsarkarinaukri.com/jobs/ibps-crp-clerk-ibps-crp-clerk-2026--3723,https://www.searchsarkarinaukri.com/sitemap-jobs.xml,2026-08-22,job-listing,1
https://www.searchsarkarinaukri.com/jobs/isro-isro-2026--3722,https://www.searchsarkarinaukri.com/sitemap-jobs.xml,2026-08-17,job-listing,1
https://www.searchsarkarinaukri.com/jobs/dhamangaon-education-society-amravati-dhamangaon-education-society-amravati-2026--3721,https://www.searchsarkarinaukri.com/sitemap-jobs.xml,2026-08-14,job-listing,1
https://www.searchsarkarinaukri.com/jobs/hindustan-aeronautics-limited-hindustan-aeronautics-limited-2026--3720,https://www.searchsarkarinaukri.com/sitemap-jobs.xml,2026-08-15,job-listing,1
https://www.searchsarkarinaukri.com/jobs/mpkv-mpkv-2026--3719,https://www.searchsarkarinaukri.com/sitemap-jobs.xml,2026-08-04,job-listing,1
https://www.searchsarkarinaukri.com/jobs/panjabrao-deshmukh-krishi-vidyapeeth-akola-panjabrao-deshmukh-krishi-vidyapeeth-akola-2026--3718,https://www.searchsarkarinaukri.com/sitemap-jobs.xml,2026-08-07,job-listing,1
https://www.searchsarkarinaukri.com/jobs/anganwadi-ahilyanagar-anganwadi-ahilyanagar-2026--3717,https://www.searchsarkarinaukri.com/sitemap-jobs.xml,2026-08-13,job-listing,1
https://www.searchsarkarinaukri.com/jobs/ict-mumbai-ict-mumbai-2026--3716,https://www.searchsarkarinaukri.com/sitemap-jobs.xml,2026-08-09,job-listing,1
https://www.searchsarkarinaukri.com/jobs/mann-deshi-bank-mann-deshi-bank-2026--3715,https://www.searchsarkarinaukri.com/sitemap-jobs.xml,2026-08-07,job-listing,1
https://www.searchsarkarinaukri.com/jobs/mahaveer-mahavidyalaya-kolhapur-mahaveer-mahavidyalaya-kolhapur-2026--3714,https://www.searchsarkarinaukri.com/sitemap-jobs.xml,2026-08-02,job-listing,1
https://www.searchsarkarinaukri.com/jobs/nutan-maharashtra-vidya-prasarak-mandal-pune-nutan-maharashtra-vidya-prasarak-mandal-pune-2026--3713,https://www.searchsarkarinaukri.com/sitemap-jobs.xml,2026-07-31,job-listing,1
https://www.searchsarkarinaukri.com/jobs/irctc-irctc-2026--3712,https://www.searchsarkarinaukri.com/sitemap-jobs.xml,2026-08-06,job-listing,1
https://www.searchsarkarinaukri.com/jobs/dbskkv-dbskkv-2026--3711,https://www.searchsarkarinaukri.com/sitemap-jobs.xml,2026-07-31,job-listing,1
https://www.searchsarkarinaukri.com/jobs/territorial-army-territorial-army-2026--3710,https://www.searchsarkarinaukri.com/sitemap-jobs.xml,2026-07-29,job-listing,1
https://www.searchsarkarinaukri.com/jobs/dfccil-dfccil-2026--3709,https://www.searchsarkarinaukri.com/sitemap-jobs.xml,2026-08-22,job-listing,1
https://www.searchsarkarinaukri.com/jobs/all-india-institute-of-medical-sciences-all-india-institute-of-medical-sciences-2026--3708,https://www.searchsarkarinaukri.com/sitemap-jobs.xml,2026-08-14,job-listing,1
https://www.searchsarkarinaukri.com/jobs/army-law-college-pune-alc-pune-army-law-college-pune-alc-pune-2026--3707,https://www.searchsarkarinaukri.com/sitemap-jobs.xml,2026-08-21,job-listing,1
https://www.searchsarkarinaukri.com/jobs/armament-research-development-establishment-arde-job-openings-at-armament-research-2026--3706,https://www.searchsarkarinaukri.com/sitemap-jobs.xml,2026-07-29,job-listing,1
https://www.searchsarkarinaukri.com/jobs/national-film-development-corporation-limited-nfdc-apply-for-15-senior-programmer-junior-2026--3705,https://www.searchsarkarinaukri.com/sitemap-jobs.xml,2026-08-04,job-listing,1
https://www.searchsarkarinaukri.com/jobs/advanced-centre-for-treatment-research-and-education-in-cancer-actrec-advanced-centre-for-treatment--3704,https://www.searchsarkarinaukri.com/sitemap-jobs.xml,2026-08-01,job-listing,1
https://www.searchsarkarinaukri.com/jobs/rashtrasant-tukdoji-maharaj-nagpur-university-apply-for-139-assistant-professor-posts-2026--3701,https://www.searchsarkarinaukri.com/sitemap-jobs.xml,2026-08-11,job-listing,1
https://www.searchsarkarinaukri.com/jobs/maharashtra-state-road-development-corporation-limited-maharashtra-state-road-development-corporatio--3700,https://www.searchsarkarinaukri.com/sitemap-jobs.xml,2026-08-06,job-listing,1
https://www.searchsarkarinaukri.com/jobs/upsc-vice-principal-recruitment-2026-apply-online-for-704-vice-principal-posts--3699,https://www.searchsarkarinaukri.com/sitemap-jobs.xml,2026-07-28,job-listing,1
https://www.searchsarkarinaukri.com/jobs/upsc-principal-recruitment-2026-apply-online-for-124-principal-posts--3698,https://www.searchsarkarinaukri.com/sitemap-jobs.xml,2026-07-28,job-listing,1
https://www.searchsarkarinaukri.com/jobs/northeast-frontier-railway-weightlifting-sports-quota-recruitment-2026-apply-online-for-7-posts--3697,https://www.searchsarkarinaukri.com/sitemap-jobs.xml,2026-07-28,job-listing,1
https://www.searchsarkarinaukri.com/jobs/northeast-frontier-railway-volleyball-sports-quota-recruitment-2026-apply-online-for-8-posts--3696,https://www.searchsarkarinaukri.com/sitemap-jobs.xml,2026-07-28,job-listing,1
https://www.searchsarkarinaukri.com/jobs/northeast-frontier-railway-table-tennis-sports-quota-recruitment-2026-apply-online-for-4-posts--3695,https://www.searchsarkarinaukri.com/sitemap-jobs.xml,2026-07-28,job-listing,1
https://www.searchsarkarinaukri.com/jobs/northeast-frontier-railway-powerlifting-sports-quota-recruitment-2026-apply-online-for-3-posts--3694,https://www.searchsarkarinaukri.com/sitemap-jobs.xml,2026-07-28,job-listing,1
https://www.searchsarkarinaukri.com/jobs/northeast-frontier-railway-kabaddi-sports-quota-recruitment-2026-apply-online-for-4-posts--3693,https://www.searchsarkarinaukri.com/sitemap-jobs.xml,2026-07-28,job-listing,1
https://www.searchsarkarinaukri.com/jobs/northeast-frontier-railway-golf-sports-quota-recruitment-2026-apply-online-for-2-posts--3692,https://www.searchsarkarinaukri.com/sitemap-jobs.xml,2026-07-28,job-listing,1
https://www.searchsarkarinaukri.com/jobs/northeast-frontier-railway-football-sports-quota-recruitment-2026-apply-online-for-4-posts--3691,https://www.searchsarkarinaukri.com/sitemap-jobs.xml,2026-07-28,job-listing,1
https://www.searchsarkarinaukri.com/jobs/northeast-frontier-railway-cricket-sports-quota-recruitment-2026-apply-online-for-5-posts--3690,https://www.searchsarkarinaukri.com/sitemap-jobs.xml,2026-07-28,job-listing,1
https://www.searchsarkarinaukri.com/jobs/northeast-frontier-railway-boxing-sports-quota-recruitment-2026-apply-online-for-6-posts--3689,https://www.searchsarkarinaukri.com/sitemap-jobs.xml,2026-07-28,job-listing,1
https://www.searchsarkarinaukri.com/jobs/northeast-frontier-railway-basketball-sports-quota-recruitment-2026-apply-online-for-5-posts--3688,https://www.searchsarkarinaukri.com/sitemap-jobs.xml,2026-07-28,job-listing,1
https://www.searchsarkarinaukri.com/jobs/northeast-frontier-railway-badminton-sports-quota-recruitment-2026-apply-online-for-3-posts--3687,https://www.searchsarkarinaukri.com/sitemap-jobs.xml,2026-07-28,job-listing,1
https://www.searchsarkarinaukri.com/jobs/northeast-frontier-railway-athletics-sports-quota-recruitment-2026-apply-online-for-3-posts--3686,https://www.searchsarkarinaukri.com/sitemap-jobs.xml,2026-07-28,job-listing,1
https://www.searchsarkarinaukri.com/jobs/northeast-frontier-railway-archery-sports-quota-recruitment-2026-apply-online-for-3-posts--3685,https://www.searchsarkarinaukri.com/sitemap-jobs.xml,2026-07-28,job-listing,1
https://www.searchsarkarinaukri.com/jobs/esic-medical-officer-recruitment-2026-walk-in-interview-for-6-posts--3684,https://www.searchsarkarinaukri.com/sitemap-jobs.xml,2026-07-28,job-listing,1
https://www.searchsarkarinaukri.com/jobs/esic-senior-resident-recruitment-2026-walk-in-interview-for-56-posts--3683,https://www.searchsarkarinaukri.com/sitemap-jobs.xml,2026-07-28,job-listing,1
https://www.searchsarkarinaukri.com/jobs/esic-assistant-professor-recruitment-2026-walk-in-interview-for-30-posts--3682,https://www.searchsarkarinaukri.com/sitemap-jobs.xml,2026-07-28,job-listing,1
https://www.searchsarkarinaukri.com/jobs/esic-associate-professor-recruitment-2026-walk-in-interview-for-19-posts--3681,https://www.searchsarkarinaukri.com/sitemap-jobs.xml,2026-07-28,job-listing,1
https://www.searchsarkarinaukri.com/jobs/esic-professor-recruitment-2026-walk-in-interview-for-11-posts--3680,https://www.searchsarkarinaukri.com/sitemap-jobs.xml,2026-07-28,job-listing,1
https://www.searchsarkarinaukri.com/jobs/aiims-norcet-11-nursing-officer-recruitment-2026-apply-online-for-2218-tentative-posts--3679,https://www.searchsarkarinaukri.com/sitemap-jobs.xml,2026-07-28,job-listing,1
https://www.searchsarkarinaukri.com/jobs/isro-junior-personal-assistant-autonomous-institutions-recruitment-2026-apply-online-for-1-post--3678,https://www.searchsarkarinaukri.com/sitemap-jobs.xml,2026-07-28,job-listing,1
https://www.searchsarkarinaukri.com/jobs/isro-assistant-autonomous-institutions-recruitment-2026-apply-online-for-17-posts--3677,https://www.searchsarkarinaukri.com/sitemap-jobs.xml,2026-07-28,job-listing,1
https://www.searchsarkarinaukri.com/jobs/isro-stenographer-recruitment-2026-apply-online-for-10-posts--3676,https://www.searchsarkarinaukri.com/sitemap-jobs.xml,2026-07-28,job-listing,1
https://www.searchsarkarinaukri.com/jobs/isro-upper-division-clerk-udc-recruitment-2026-apply-online-for-22-posts--3675,https://www.searchsarkarinaukri.com/sitemap-jobs.xml,2026-07-28,job-listing,1
https://www.searchsarkarinaukri.com/jobs/isro-junior-personal-assistant-jpa-recruitment-2026-apply-online-for-81-posts--3674,https://www.searchsarkarinaukri.com/sitemap-jobs.xml,2026-07-28,job-listing,1
https://www.searchsarkarinaukri.com/jobs/isro-assistant-recruitment-2026-apply-online-for-113-posts--3673,https://www.searchsarkarinaukri.com/sitemap-jobs.xml,2026-07-28,job-listing,1
https://www.searchsarkarinaukri.com/jobs/aai-junior-executive-survey-cartography-recruitment-2026-apply-online-for-8-posts--3672,https://www.searchsarkarinaukri.com/sitemap-jobs.xml,2026-07-28,job-listing,1
https://www.searchsarkarinaukri.com/jobs/aai-junior-executive-operations-recruitment-2026-apply-online-for-79-posts--3671,https://www.searchsarkarinaukri.com/sitemap-jobs.xml,2026-07-28,job-listing,1
https://www.searchsarkarinaukri.com/jobs/aai-junior-executive-law-recruitment-2026-apply-online-for-6-posts--3670,https://www.searchsarkarinaukri.com/sitemap-jobs.xml,2026-07-28,job-listing,1
https://www.searchsarkarinaukri.com/jobs/aai-junior-executive-finance-recruitment-2026-apply-online-for-36-posts--3669,https://www.searchsarkarinaukri.com/sitemap-jobs.xml,2026-07-28,job-listing,1
https://www.searchsarkarinaukri.com/jobs/aai-manager-corporate-communications-recruitment-2026-apply-online-for-2-posts--3668,https://www.searchsarkarinaukri.com/sitemap-jobs.xml,2026-07-28,job-listing,1
https://www.searchsarkarinaukri.com/jobs/job-2026--3665,https://www.searchsarkarinaukri.com/sitemap-jobs.xml,2026-07-28,job-listing,1
https://www.searchsarkarinaukri.com/jobs/oil-india-oil-india-2026--3664,https://www.searchsarkarinaukri.com/sitemap-jobs.xml,2026-08-18,job-listing,1
https://www.searchsarkarinaukri.com/jobs/sgbau-amravati-sgbau-amravati-2026--3663,https://www.searchsarkarinaukri.com/sitemap-jobs.xml,2026-08-13,job-listing,1
https://www.searchsarkarinaukri.com/jobs/msrdc-mumbai-msrdc-mumbai-2026--3662,https://www.searchsarkarinaukri.com/sitemap-jobs.xml,2026-08-06,job-listing,1
https://www.searchsarkarinaukri.com/jobs/bharati-vidyapeeth-pune-bharati-vidyapeeth-pune-2026--3661,https://www.searchsarkarinaukri.com/sitemap-jobs.xml,2026-08-03,job-listing,1
https://www.searchsarkarinaukri.com/jobs/nhm-latur-nhm-latur-2026--3660,https://www.searchsarkarinaukri.com/sitemap-jobs.xml,2026-08-04,job-listing,1
https://www.searchsarkarinaukri.com/jobs/all-india-institute-of-medical-sciences-nagpur-all-india-institute-of-medical-sciences-2026--3659,https://www.searchsarkarinaukri.com/sitemap-jobs.xml,2026-08-22,job-listing,1
https://www.searchsarkarinaukri.com/jobs/rites-rites-2026--3658,https://www.searchsarkarinaukri.com/sitemap-jobs.xml,2026-08-18,job-listing,1
https://www.searchsarkarinaukri.com/jobs/jnv-nandurbar-jnv-nandurbar-2026--3657,https://www.searchsarkarinaukri.com/sitemap-jobs.xml,2026-07-31,job-listing,1
https://www.searchsarkarinaukri.com/jobs/tadoba-tiger-reserve-chandrapur-tadoba-tiger-reserve-chandrapur-2026--3656,https://www.searchsarkarinaukri.com/sitemap-jobs.xml,2026-08-03,job-listing,1
https://www.searchsarkarinaukri.com/jobs/prl-prl-2026--3655,https://www.searchsarkarinaukri.com/sitemap-jobs.xml,2026-08-25,job-listing,1
https://www.searchsarkarinaukri.com/jobs/rcfl-mumbai-rcfl-mumbai-2026--3654,https://www.searchsarkarinaukri.com/sitemap-jobs.xml,2026-08-01,job-listing,1
https://www.searchsarkarinaukri.com/jobs/rail-wheel-factory-rail-wheel-factory-2026--3653,https://www.searchsarkarinaukri.com/sitemap-jobs.xml,2026-08-25,job-listing,1
https://www.searchsarkarinaukri.com/jobs/airports-economic-regulatory-authority-of-india-airports-economic-regulatory-authority-of-india-2026--3652,https://www.searchsarkarinaukri.com/sitemap-jobs.xml,2026-08-22,job-listing,1
https://www.searchsarkarinaukri.com/jobs/government-college-daman-government-college-daman-2026--3651,https://www.searchsarkarinaukri.com/sitemap-jobs.xml,2026-08-07,job-listing,1
https://www.searchsarkarinaukri.com/jobs/dtl-dtl-2026--3650,https://www.searchsarkarinaukri.com/sitemap-jobs.xml,2026-08-04,job-listing,1
https://www.searchsarkarinaukri.com/jobs/iica-iica-2026--3649,https://www.searchsarkarinaukri.com/sitemap-jobs.xml,2026-07-28,job-listing,1
https://www.searchsarkarinaukri.com/jobs/neeri-nagpur-neeri-nagpur-2026--3648,https://www.searchsarkarinaukri.com/sitemap-jobs.xml,2026-08-01,job-listing,1
https://www.searchsarkarinaukri.com/jobs/aai-manager-corporate-planning-management-services-recruitment-2026-apply-online-for-1-post--3647,https://www.searchsarkarinaukri.com/sitemap-jobs.xml,2026-07-27,job-listing,1
https://www.searchsarkarinaukri.com/jobs/aai-manager-commercial-recruitment-2026-apply-online-for-9-posts--3646,https://www.searchsarkarinaukri.com/sitemap-jobs.xml,2026-07-27,job-listing,1
https://www.searchsarkarinaukri.com/jobs/aai-manager-operations-recruitment-2026-apply-online-for-28-posts--3645,https://www.searchsarkarinaukri.com/sitemap-jobs.xml,2026-07-27,job-listing,1
https://www.searchsarkarinaukri.com/jobs/aai-manager-fire-services-recruitment-2026-apply-online-for-14-posts--3644,https://www.searchsarkarinaukri.com/sitemap-jobs.xml,2026-07-27,job-listing,1
https://www.searchsarkarinaukri.com/jobs/aai-manager-law-recruitment-2026-apply-online-for-2-posts--3643,https://www.searchsarkarinaukri.com/sitemap-jobs.xml,2026-07-27,job-listing,1
https://www.searchsarkarinaukri.com/jobs/aai-manager-architecture-recruitment-2026-apply-online-for-4-posts--3642,https://www.searchsarkarinaukri.com/sitemap-jobs.xml,2026-07-27,job-listing,1
https://www.searchsarkarinaukri.com/jobs/aai-manager-information-technology-recruitment-2026-apply-online-for-5-posts--3641,https://www.searchsarkarinaukri.com/sitemap-jobs.xml,2026-07-27,job-listing,1
https://www.searchsarkarinaukri.com/jobs/aai-manager-finance-recruitment-2026-apply-online-for-34-posts--3640,https://www.searchsarkarinaukri.com/sitemap-jobs.xml,2026-07-27,job-listing,1
https://www.searchsarkarinaukri.com/jobs/aai-manager-engineering-electrical-recruitment-2026-apply-online-for-16-posts--3639,https://www.searchsarkarinaukri.com/sitemap-jobs.xml,2026-07-27,job-listing,1
https://www.searchsarkarinaukri.com/jobs/aai-manager-engineering-civil-recruitment-2026-apply-online-for-145-posts--3638,https://www.searchsarkarinaukri.com/sitemap-jobs.xml,2026-07-27,job-listing,1
https://www.searchsarkarinaukri.com/jobs/ccrum-multi-tasking-staff-mts-recruitment-2026-apply-online-for-38-posts--3637,https://www.searchsarkarinaukri.com/sitemap-jobs.xml,2026-07-27,job-listing,1
https://www.searchsarkarinaukri.com/jobs/ccrum-staff-car-driver-recruitment-2026-apply-online-for-5-posts--3636,https://www.searchsarkarinaukri.com/sitemap-jobs.xml,2026-07-27,job-listing,1
https://www.searchsarkarinaukri.com/jobs/ccrum-lower-division-clerk-ldc-recruitment-2026-apply-online-for-14-posts--3635,https://www.searchsarkarinaukri.com/sitemap-jobs.xml,2026-07-27,job-listing,1
https://www.searchsarkarinaukri.com/jobs/ccrum-upper-division-clerk-udc-recruitment-2026-apply-online-for-31-posts--3634,https://www.searchsarkarinaukri.com/sitemap-jobs.xml,2026-07-27,job-listing,1
https://www.searchsarkarinaukri.com/jobs/ccrum-stenographer-grade-ii-recruitment-2026-apply-online-for-7-posts--3633,https://www.searchsarkarinaukri.com/sitemap-jobs.xml,2026-07-27,job-listing,1
https://www.searchsarkarinaukri.com/jobs/ccrum-compounder-recruitment-2026-apply-online-for-3-posts--3632,https://www.searchsarkarinaukri.com/sitemap-jobs.xml,2026-07-27,job-listing,1
https://www.searchsarkarinaukri.com/jobs/ccrum-radiographer-recruitment-2026-apply-online-for-1-post--3631,https://www.searchsarkarinaukri.com/sitemap-jobs.xml,2026-07-27,job-listing,1
https://www.searchsarkarinaukri.com/jobs/ccrum-social-worker-recruitment-2026-apply-online-for-2-posts--3630,https://www.searchsarkarinaukri.com/sitemap-jobs.xml,2026-07-27,job-listing,1
https://www.searchsarkarinaukri.com/jobs/ccrum-pharmacist-recruitment-2026-apply-online-for-6-posts--3629,https://www.searchsarkarinaukri.com/sitemap-jobs.xml,2026-07-27,job-listing,1
https://www.searchsarkarinaukri.com/jobs/ccrum-hindi-assistant-recruitment-2026-apply-online-for-2-posts--3628,https://www.searchsarkarinaukri.com/sitemap-jobs.xml,2026-07-27,job-listing,1
https://www.searchsarkarinaukri.com/jobs/ccrum-proof-reader-recruitment-2026-apply-online-for-1-post--3627,https://www.searchsarkarinaukri.com/sitemap-jobs.xml,2026-07-27,job-listing,1
https://www.searchsarkarinaukri.com/jobs/ccrum-library-information-assistant-recruitment-2026-apply-online-for-3-posts--3626,https://www.searchsarkarinaukri.com/sitemap-jobs.xml,2026-07-27,job-listing,1
https://www.searchsarkarinaukri.com/jobs/ccrum-medical-laboratory-technologist-mlt-recruitment-2026-apply-online-for-12-posts--3625,https://www.searchsarkarinaukri.com/sitemap-jobs.xml,2026-07-27,job-listing,1
https://www.searchsarkarinaukri.com/jobs/ccrum-investigator-statistics-recruitment-2026-apply-online-for-3-posts--3624,https://www.searchsarkarinaukri.com/sitemap-jobs.xml,2026-07-27,job-listing,1
https://www.searchsarkarinaukri.com/jobs/ccrum-research-assistant-botany-recruitment-2026-apply-online-for-3-posts--3623,https://www.searchsarkarinaukri.com/sitemap-jobs.xml,2026-07-27,job-listing,1
https://www.searchsarkarinaukri.com/jobs/ccrum-research-assistant-chemistry-recruitment-2026-apply-online-for-2-posts--3622,https://www.searchsarkarinaukri.com/sitemap-jobs.xml,2026-07-27,job-listing,1
https://www.searchsarkarinaukri.com/jobs/ccrum-accounts-officer-hqs-recruitment-2026-apply-online-for-1-post--3621,https://www.searchsarkarinaukri.com/sitemap-jobs.xml,2026-07-27,job-listing,1
https://www.searchsarkarinaukri.com/jobs/ccrum-staff-nurse-recruitment-2026-apply-online-for-7-posts--3620,https://www.searchsarkarinaukri.com/sitemap-jobs.xml,2026-07-27,job-listing,1
https://www.searchsarkarinaukri.com/jobs/ccrum-assistant-research-officer-pharmacognosy-recruitment-2026-apply-online-for-2-posts--3619,https://www.searchsarkarinaukri.com/sitemap-jobs.xml,2026-07-27,job-listing,1
https://www.searchsarkarinaukri.com/jobs/ccrum-assistant-research-officer-pharmacology-recruitment-2026-apply-online-for-1-post--3618,https://www.searchsarkarinaukri.com/sitemap-jobs.xml,2026-07-27,job-listing,1
https://www.searchsarkarinaukri.com/jobs/ccrum-research-officer-physiology-recruitment-2026-apply-online-for-1-post--3617,https://www.searchsarkarinaukri.com/sitemap-jobs.xml,2026-07-27,job-listing,1
https://www.searchsarkarinaukri.com/jobs/ccrum-research-officer-pathology-recruitment-2026-apply-online-for-2-posts--3616,https://www.searchsarkarinaukri.com/sitemap-jobs.xml,2026-07-27,job-listing,1
https://www.searchsarkarinaukri.com/jobs/ccrum-research-officer-unani-recruitment-2026-apply-online-for-16-posts--3615,https://www.searchsarkarinaukri.com/sitemap-jobs.xml,2026-07-27,job-listing,1
https://www.searchsarkarinaukri.com/jobs/andaman-and-nicobar-administration-secretariat-recruitment-for-the-post-of-superintending-2026--3614,https://www.searchsarkarinaukri.com/sitemap-jobs.xml,2026-07-27,job-listing,1
https://www.searchsarkarinaukri.com/jobs/central-adoption-resource-authority-recruitment-for-the-post-of-deputy-2026--3613,https://www.searchsarkarinaukri.com/sitemap-jobs.xml,2026-08-19,job-listing,1
https://www.searchsarkarinaukri.com/jobs/mo-defence-do-defence-production-controllerate-of-quality-assurance-heavy-vehicles-deputation-for-th--3612,https://www.searchsarkarinaukri.com/sitemap-jobs.xml,2026-08-23,job-listing,1
https://www.searchsarkarinaukri.com/jobs/national-disaster-management-university-deputation-for-the-post-of-lead-2026--3611,https://www.searchsarkarinaukri.com/sitemap-jobs.xml,2026-08-09,job-listing,1
https://www.searchsarkarinaukri.com/jobs/tata-memorial-center-tmc-mumbai-tata-memorial-center-tmc-mumbai-invites-2026--3610,https://www.searchsarkarinaukri.com/sitemap-jobs.xml,2026-08-01,job-listing,1
https://www.searchsarkarinaukri.com/jobs/dr-panjabrao-deshmukh-krishi-vidyapeeth-akola-dr-panjabrao-deshmukh-krishi-vidyapeeth-akola-2026--3609,https://www.searchsarkarinaukri.com/sitemap-jobs.xml,2026-08-05,job-listing,1
https://www.searchsarkarinaukri.com/jobs/ex-serviceman-contributory-health-scheme-echs-station-hq-pulgaon-ex-serviceman-contributory-health-s--3608,https://www.searchsarkarinaukri.com/sitemap-jobs.xml,2026-08-11,job-listing,1
https://www.searchsarkarinaukri.com/jobs/maharashtra-state-co-operative-election-authority-scea-pune-maharashtra-state-co-operative-election--3607,https://www.searchsarkarinaukri.com/sitemap-jobs.xml,2026-07-29,job-listing,1
https://www.searchsarkarinaukri.com/jobs/international-institute-for-population-sciences-iips-mumbai-international-institute-for-population-s--3606,https://www.searchsarkarinaukri.com/sitemap-jobs.xml,2026-07-29,job-listing,1
https://www.searchsarkarinaukri.com/jobs/maharashtra-social-justice-special-assistance-department-apply-for-4-section-officer-assistant-2026--3605,https://www.searchsarkarinaukri.com/sitemap-jobs.xml,2026-08-06,job-listing,1
https://www.searchsarkarinaukri.com/jobs/ekatmik-bal-vikas-seva-yojana-dist-sindhudurg-recruitment-notification-ekatmik-bal-vikas-seva-2026--3604,https://www.searchsarkarinaukri.com/sitemap-jobs.xml,2026-08-06,job-listing,1
https://www.searchsarkarinaukri.com/jobs/ekatmik-bal-vikas-seva-yojana-district-ratnagiri-apply-for-3-anganwadi-sevika-anganwadi-2026--3603,https://www.searchsarkarinaukri.com/sitemap-jobs.xml,2026-08-06,job-listing,1
https://www.searchsarkarinaukri.com/jobs/collector-office-dhule-jilhadhikari-karyalaya-dhule-collector-office-dhule-jilhadhikari-karyalaya-dh--3602,https://www.searchsarkarinaukri.com/sitemap-jobs.xml,2026-08-01,job-listing,1
https://www.searchsarkarinaukri.com/jobs/maharashtra-public-service-commission-mpsc-revenue-and-forest-department-apply-for-1539-talathi-vill--3601,https://www.searchsarkarinaukri.com/sitemap-jobs.xml,2026-08-06,job-listing,1
https://www.searchsarkarinaukri.com/jobs/job-2026--3597,https://www.searchsarkarinaukri.com/sitemap-jobs.xml,2026-08-07,job-listing,1
https://www.searchsarkarinaukri.com/jobs/stpi-stpi-2026--3595,https://www.searchsarkarinaukri.com/sitemap-jobs.xml,2026-07-26,job-listing,1
https://www.searchsarkarinaukri.com/jobs/centre-for-development-of-telematics-centre-for-development-of-telematics-2026--3594,https://www.searchsarkarinaukri.com/sitemap-jobs.xml,2026-08-08,job-listing,1
https://www.searchsarkarinaukri.com/jobs/army-law-college-pune-army-law-college-pune-2026--3593,https://www.searchsarkarinaukri.com/sitemap-jobs.xml,2026-08-21,job-listing,1
https://www.searchsarkarinaukri.com/jobs/hindustan-aeronautics-limited-hindustan-aeronautics-limited-2026--3592,https://www.searchsarkarinaukri.com/sitemap-jobs.xml,2026-08-13,job-listing,1
https://www.searchsarkarinaukri.com/jobs/aiims-norct-aiims-norct-2026--3591,https://www.searchsarkarinaukri.com/sitemap-jobs.xml,2026-08-14,job-listing,1
https://www.searchsarkarinaukri.com/jobs/ncpor-goa-ncpor-goa-2026--3590,https://www.searchsarkarinaukri.com/sitemap-jobs.xml,2026-08-21,job-listing,1
https://www.searchsarkarinaukri.com/jobs/sgbau-amravati-sgbau-amravati-2026--3589,https://www.searchsarkarinaukri.com/sitemap-jobs.xml,2026-08-02,job-listing,1
https://www.searchsarkarinaukri.com/jobs/fssai-fssai-2026--3588,https://www.searchsarkarinaukri.com/sitemap-jobs.xml,2026-08-15,job-listing,1
https://www.searchsarkarinaukri.com/jobs/north-east-frontier-railway-north-east-frontier-railway-2026--3587,https://www.searchsarkarinaukri.com/sitemap-jobs.xml,2026-08-25,job-listing,1
https://www.searchsarkarinaukri.com/jobs/nat-board-nat-board-2026--3586,https://www.searchsarkarinaukri.com/sitemap-jobs.xml,2026-07-28,job-listing,1
https://www.searchsarkarinaukri.com/jobs/edcil-edcil-2026--3585,https://www.searchsarkarinaukri.com/sitemap-jobs.xml,2026-08-07,job-listing,1
https://www.searchsarkarinaukri.com/jobs/pune-iat-pune-iat-2026--3584,https://www.searchsarkarinaukri.com/sitemap-jobs.xml,2026-07-31,job-listing,1
https://www.searchsarkarinaukri.com/jobs/ihmcl-ihmcl-2026--3583,https://www.searchsarkarinaukri.com/sitemap-jobs.xml,2026-08-10,job-listing,1
https://www.searchsarkarinaukri.com/jobs/kendriya-vidyalaya-nashik-road-camp-kendriya-vidyalaya-nashik-road-camp-2026--3582,https://www.searchsarkarinaukri.com/sitemap-jobs.xml,2026-07-30,job-listing,1
https://www.searchsarkarinaukri.com/jobs/drdo-arde-drdo-arde-2026--3581,https://www.searchsarkarinaukri.com/sitemap-jobs.xml,2026-07-26,job-listing,1
https://www.searchsarkarinaukri.com/jobs/dpcc-delhi-dpcc-delhi-2026--3580,https://www.searchsarkarinaukri.com/sitemap-jobs.xml,2026-07-26,job-listing,1
https://www.searchsarkarinaukri.com/jobs/rtmnu-nagpur-rtmnu-nagpur-2026--3579,https://www.searchsarkarinaukri.com/sitemap-jobs.xml,2026-08-11,job-listing,1
https://www.searchsarkarinaukri.com/jobs/kendriya-vidyalaya-dhule-kendriya-vidyalaya-dhule-2026--3578,https://www.searchsarkarinaukri.com/sitemap-jobs.xml,2026-07-29,job-listing,1
https://www.searchsarkarinaukri.com/jobs/south-east-central-railway-nagpur-job-openings-at-south-east-central-2026--3577,https://www.searchsarkarinaukri.com/sitemap-jobs.xml,2026-07-28,job-listing,1
https://www.searchsarkarinaukri.com/jobs/indian-institute-of-science-education-and-research-pune-job-opening-at-indian-institute-of-2026--3576,https://www.searchsarkarinaukri.com/sitemap-jobs.xml,2026-08-01,job-listing,1
https://www.searchsarkarinaukri.com/jobs/pm-shri-kendriya-vidyalaya-kamptee-pm-shri-kendriya-vidyalaya-kamptee-2026-2026--3575,https://www.searchsarkarinaukri.com/sitemap-jobs.xml,2026-07-30,job-listing,1
https://www.searchsarkarinaukri.com/jobs/pm-shri-school-jawahar-navodaya-vidyalaya-washim-pm-shri-school-jawahar-navodaya-vidyalaya-2026--3573,https://www.searchsarkarinaukri.com/sitemap-jobs.xml,2026-07-29,job-listing,1
https://www.searchsarkarinaukri.com/jobs/navi-mumbai-municipal-corporation-nmmc-job-openings-at-navi-mumbai-municipal-2026--3572,https://www.searchsarkarinaukri.com/sitemap-jobs.xml,2026-08-06,job-listing,1
https://www.searchsarkarinaukri.com/jobs/inter-university-centre-for-astronomy-and-astrophysics-apply-for-1-project-coordinator-post-2026--3571,https://www.searchsarkarinaukri.com/sitemap-jobs.xml,2026-08-08,job-listing,1
https://www.searchsarkarinaukri.com/jobs/national-health-mission-ratnagiri-apply-for-4-medical-officer-mbbs-2026--3570,https://www.searchsarkarinaukri.com/sitemap-jobs.xml,2026-08-01,job-listing,1
https://www.searchsarkarinaukri.com/jobs/indian-navy-engineering-branch-general-service-ssc-officer-recruitment-2026-apply-online-for-24-posts--3569,https://www.searchsarkarinaukri.com/sitemap-jobs.xml,2026-07-25,job-listing,1
https://www.searchsarkarinaukri.com/jobs/indian-navy-education-branch-ssc-officer-recruitment-2026-apply-online-for-13-posts--3568,https://www.searchsarkarinaukri.com/sitemap-jobs.xml,2026-07-25,job-listing,1
https://www.searchsarkarinaukri.com/jobs/indian-navy-naval-armament-inspectorate-cadre-naic-ssc-officer-recruitment-2026-apply-online-for-14-posts--3567,https://www.searchsarkarinaukri.com/sitemap-jobs.xml,2026-07-25,job-listing,1
https://www.searchsarkarinaukri.com/jobs/indian-navy-logistics-ssc-officer-recruitment-2026-apply-online-for-10-posts--3566,https://www.searchsarkarinaukri.com/sitemap-jobs.xml,2026-07-25,job-listing,1
https://www.searchsarkarinaukri.com/jobs/indian-navy-air-traffic-controller-atc-ssc-officer-recruitment-2026-apply-online-for-15-posts--3565,https://www.searchsarkarinaukri.com/sitemap-jobs.xml,2026-07-25,job-listing,1
https://www.searchsarkarinaukri.com/jobs/indian-navy-naval-air-operations-officer-observer-recruitment-2026-apply-online-for-18-posts--3564,https://www.searchsarkarinaukri.com/sitemap-jobs.xml,2026-07-25,job-listing,1
https://www.searchsarkarinaukri.com/jobs/indian-navy-pilot-ssc-officer-recruitment-2026-apply-online-for-25-posts--3563,https://www.searchsarkarinaukri.com/sitemap-jobs.xml,2026-07-25,job-listing,1
https://www.searchsarkarinaukri.com/jobs/indian-navy-executive-branch-gs-x-hydro-ssc-officer-recruitment-2026-apply-online-for-90-posts--3562,https://www.searchsarkarinaukri.com/sitemap-jobs.xml,2026-07-25,job-listing,1
https://www.searchsarkarinaukri.com/jobs/upsc-veterinary-assistant-surgeon-recruitment-2026-apply-online-for-4-posts--3561,https://www.searchsarkarinaukri.com/sitemap-jobs.xml,2026-07-25,job-listing,1
https://www.searchsarkarinaukri.com/jobs/upsc-assistant-industrial-adviser-recruitment-2026-apply-online-for-2-posts--3560,https://www.searchsarkarinaukri.com/sitemap-jobs.xml,2026-07-25,job-listing,1
https://www.searchsarkarinaukri.com/jobs/upsc-specialist-grade-iii-assistant-professor-surgical-oncology-recruitment-2026-apply-online--3559,https://www.searchsarkarinaukri.com/sitemap-jobs.xml,2026-07-25,job-listing,1
https://www.searchsarkarinaukri.com/jobs/upsc-specialist-grade-iii-assistant-professor-immuno-haematology-blood-transfusion-recruitment-2026-apply-online-for-5-posts--3558,https://www.searchsarkarinaukri.com/sitemap-jobs.xml,2026-07-25,job-listing,1
https://www.searchsarkarinaukri.com/jobs/upsc-civilian-medical-officer-recruitment-2026-apply-online-for-18-posts--3557,https://www.searchsarkarinaukri.com/sitemap-jobs.xml,2026-07-25,job-listing,1
https://www.searchsarkarinaukri.com/jobs/upsc-scientist-b-zoology-recruitment-2026-apply-online--3556,https://www.searchsarkarinaukri.com/sitemap-jobs.xml,2026-07-25,job-listing,1
https://www.searchsarkarinaukri.com/jobs/upsc-scientist-b-physics-recruitment-2026-apply-online--3555,https://www.searchsarkarinaukri.com/sitemap-jobs.xml,2026-07-25,job-listing,1
https://www.searchsarkarinaukri.com/jobs/upsc-scientist-b-geology-recruitment-2026-apply-online--3554,https://www.searchsarkarinaukri.com/sitemap-jobs.xml,2026-07-25,job-listing,1
https://www.searchsarkarinaukri.com/jobs/upsc-scientist-b-environmental-science-recruitment-2026-apply-online--3553,https://www.searchsarkarinaukri.com/sitemap-jobs.xml,2026-07-25,job-listing,1
https://www.searchsarkarinaukri.com/jobs/upsc-scientist-b-botany-recruitment-2026-apply-online--3552,https://www.searchsarkarinaukri.com/sitemap-jobs.xml,2026-07-25,job-listing,1
https://www.searchsarkarinaukri.com/jobs/upsc-medical-officer-research-officer-unani-recruitment-2026-apply-online-for-4-posts--3551,https://www.searchsarkarinaukri.com/sitemap-jobs.xml,2026-07-25,job-listing,1
https://www.searchsarkarinaukri.com/jobs/upsc-agricultural-engineer-recruitment-2026-apply-online-for-1-post--3550,https://www.searchsarkarinaukri.com/sitemap-jobs.xml,2026-07-25,job-listing,1
https://www.searchsarkarinaukri.com/jobs/isro-istrac-iti-trade-apprentice-recruitment-2026-apply-online-for-14-posts--3549,https://www.searchsarkarinaukri.com/sitemap-jobs.xml,2026-07-25,job-listing,1
https://www.searchsarkarinaukri.com/jobs/isro-istrac-commercial-practice-apprentice-recruitment-2026-apply-online-for-5-posts--3548,https://www.searchsarkarinaukri.com/sitemap-jobs.xml,2026-07-25,job-listing,1
https://www.searchsarkarinaukri.com/jobs/isro-istrac-diploma-apprentice-recruitment-2026-apply-online-for-18-posts--3547,https://www.searchsarkarinaukri.com/sitemap-jobs.xml,2026-07-25,job-listing,1
https://www.searchsarkarinaukri.com/jobs/isro-istrac-graduate-apprentice-recruitment-2026-apply-online-for-58-posts--3546,https://www.searchsarkarinaukri.com/sitemap-jobs.xml,2026-07-25,job-listing,1
https://www.searchsarkarinaukri.com/jobs/upessc-principal-recruitment-2026-apply-online-for-111-posts--3545,https://www.searchsarkarinaukri.com/sitemap-jobs.xml,2026-07-25,job-listing,1
https://www.searchsarkarinaukri.com/jobs/upsssc-laboratory-assistant-prayogshala-sahayak-recruitment-2026-apply-online-for-61-posts--3544,https://www.searchsarkarinaukri.com/sitemap-jobs.xml,2026-07-25,job-listing,1
https://www.searchsarkarinaukri.com/jobs/upsssc-scientific-assistant-biology-recruitment-2026-apply-online--3543,https://www.searchsarkarinaukri.com/sitemap-jobs.xml,2026-07-25,job-listing,1
https://www.searchsarkarinaukri.com/jobs/upsssc-scientific-assistant-chemistry-recruitment-2026-apply-online--3542,https://www.searchsarkarinaukri.com/sitemap-jobs.xml,2026-07-25,job-listing,1
https://www.searchsarkarinaukri.com/jobs/upsssc-scientific-assistant-physics-recruitment-2026-apply-online--3541,https://www.searchsarkarinaukri.com/sitemap-jobs.xml,2026-07-25,job-listing,1
https://www.searchsarkarinaukri.com/jobs/union-bank-of-india-waf-administrator-recruitment-2026-apply-online-for-1-post--3540,https://www.searchsarkarinaukri.com/sitemap-jobs.xml,2026-07-25,job-listing,1
https://www.searchsarkarinaukri.com/jobs/union-bank-of-india-patch-administrator-recruitment-2026-apply-online-for-1-post--3539,https://www.searchsarkarinaukri.com/sitemap-jobs.xml,2026-07-25,job-listing,1
https://www.searchsarkarinaukri.com/jobs/union-bank-of-india-pam-privileged-access-management-administrator-recruitment-2026-apply-online-for-2-posts--3538,https://www.searchsarkarinaukri.com/sitemap-jobs.xml,2026-07-25,job-listing,1
https://www.searchsarkarinaukri.com/jobs/union-bank-of-india-nbad-network-behaviour-analytics-administrator-recruitment-2026-apply-online-for-1-post--3537,https://www.searchsarkarinaukri.com/sitemap-jobs.xml,2026-07-25,job-listing,1
https://www.searchsarkarinaukri.com/jobs/union-bank-of-india-linux-unix-administrator-recruitment-2026-apply-online-for-1-post--3536,https://www.searchsarkarinaukri.com/sitemap-jobs.xml,2026-07-25,job-listing,1
https://www.searchsarkarinaukri.com/jobs/nhm-ratnagiri-nhm-ratnagiri-2026--3534,https://www.searchsarkarinaukri.com/sitemap-jobs.xml,2026-08-01,job-listing,1
https://www.searchsarkarinaukri.com/jobs/handlooms-vibhag-handlooms-vibhag-2026--3533,https://www.searchsarkarinaukri.com/sitemap-jobs.xml,2026-08-21,job-listing,1
https://www.searchsarkarinaukri.com/jobs/panjabrao-deshmukh-krishi-vidyapeeth-akola-panjabrao-deshmukh-krishi-vidyapeeth-akola-2026--3532,https://www.searchsarkarinaukri.com/sitemap-jobs.xml,2026-08-05,job-listing,1
https://www.searchsarkarinaukri.com/jobs/ratnagiri-anganwadi-ratnagiri-anganwadi-2026--3531,https://www.searchsarkarinaukri.com/sitemap-jobs.xml,2026-08-06,job-listing,1
https://www.searchsarkarinaukri.com/jobs/modern-education-society-pune-modern-education-society-pune-2026--3530,https://www.searchsarkarinaukri.com/sitemap-jobs.xml,2026-07-31,job-listing,1
https://www.searchsarkarinaukri.com/jobs/south-indian-bank-south-indian-bank-2026--3529,https://www.searchsarkarinaukri.com/sitemap-jobs.xml,2026-07-30,job-listing,1
https://www.searchsarkarinaukri.com/jobs/sindhudurg-anganwadi-sindhudurg-anganwadi-2026--3527,https://www.searchsarkarinaukri.com/sitemap-jobs.xml,2026-08-06,job-listing,1
https://www.searchsarkarinaukri.com/jobs/rajarambapu-sahakari-bank-ltd-sangli-rajarambapu-sahakari-bank-ltd-sangli-2026--3526,https://www.searchsarkarinaukri.com/sitemap-jobs.xml,2026-08-11,job-listing,1
https://www.searchsarkarinaukri.com/jobs/jilhadhikari-karyalay-dhule-jilhadhikari-karyalay-dhule-2026--3525,https://www.searchsarkarinaukri.com/sitemap-jobs.xml,2026-08-01,job-listing,1
https://www.searchsarkarinaukri.com/jobs/sndt-women-university-mumbai-sndt-women-university-mumbai-2026--3524,https://www.searchsarkarinaukri.com/sitemap-jobs.xml,2026-08-05,job-listing,1
https://www.searchsarkarinaukri.com/jobs/bdl-bdl-2026--3523,https://www.searchsarkarinaukri.com/sitemap-jobs.xml,2026-08-07,job-listing,1
https://www.searchsarkarinaukri.com/jobs/indian-council-of-medical-research-indian-council-of-medical-research-2026--3522,https://www.searchsarkarinaukri.com/sitemap-jobs.xml,2026-08-13,job-listing,1
https://www.searchsarkarinaukri.com/jobs/all-india-institute-of-medical-sciences-nagpur-all-india-institute-of-medical-sciences-2026--3521,https://www.searchsarkarinaukri.com/sitemap-jobs.xml,2026-08-21,job-listing,1
https://www.searchsarkarinaukri.com/jobs/eastern-railway-eastern-railway-2026--3520,https://www.searchsarkarinaukri.com/sitemap-jobs.xml,2026-07-25,job-listing,1
https://www.searchsarkarinaukri.com/jobs/tmc-mumbai-tmc-mumbai-2026--3519,https://www.searchsarkarinaukri.com/sitemap-jobs.xml,2026-08-01,job-listing,1
https://www.searchsarkarinaukri.com/jobs/ict-mumbai-ict-mumbai-2026--3518,https://www.searchsarkarinaukri.com/sitemap-jobs.xml,2026-08-09,job-listing,1
https://www.searchsarkarinaukri.com/jobs/dbskkv-dbskkv-2026--3517,https://www.searchsarkarinaukri.com/sitemap-jobs.xml,2026-07-31,job-listing,1
https://www.searchsarkarinaukri.com/jobs/ibm-nagpur-ibm-nagpur-2026--3516,https://www.searchsarkarinaukri.com/sitemap-jobs.xml,2026-07-25,job-listing,1
https://www.searchsarkarinaukri.com/jobs/iucaa-pune-iucaa-pune-2026--3515,https://www.searchsarkarinaukri.com/sitemap-jobs.xml,2026-08-08,job-listing,1
https://www.searchsarkarinaukri.com/jobs/national-health-mission-thane-municipal-corporation-apply-for-13-full-time-medical-2026--3514,https://www.searchsarkarinaukri.com/sitemap-jobs.xml,2026-07-29,job-listing,1
https://www.searchsarkarinaukri.com/jobs/kolhapur-patbandhare-vibhag-kolhapur-irrigation-department-apply-for-8-junior-engineer-civil-2026--3513,https://www.searchsarkarinaukri.com/sitemap-jobs.xml,2026-08-01,job-listing,1
https://www.searchsarkarinaukri.com/jobs/union-bank-of-india-load-balancer-recruitment-2026-apply-online-for-2-posts--3512,https://www.searchsarkarinaukri.com/sitemap-jobs.xml,2026-07-24,job-listing,1
https://www.searchsarkarinaukri.com/jobs/union-bank-of-india-flutter-ui-developer-recruitment-2026-apply-online-for-2-posts--3511,https://www.searchsarkarinaukri.com/sitemap-jobs.xml,2026-07-24,job-listing,1
https://www.searchsarkarinaukri.com/jobs/union-bank-of-india-full-stack-developer-recruitment-2026-apply-online-for-1-post--3510,https://www.searchsarkarinaukri.com/sitemap-jobs.xml,2026-07-24,job-listing,1
https://www.searchsarkarinaukri.com/jobs/union-bank-of-india-full-stack-developer-mern-recruitment-2026-apply-online-for-1-post--3509,https://www.searchsarkarinaukri.com/sitemap-jobs.xml,2026-07-24,job-listing,1
https://www.searchsarkarinaukri.com/jobs/union-bank-of-india-figma-ui-developer-recruitment-2026-apply-online-for-2-posts--3508,https://www.searchsarkarinaukri.com/sitemap-jobs.xml,2026-07-24,job-listing,1
https://www.searchsarkarinaukri.com/jobs/union-bank-of-india-firewall-administrator-recruitment-2026-apply-online-for-2-posts--3507,https://www.searchsarkarinaukri.com/sitemap-jobs.xml,2026-07-24,job-listing,1
https://www.searchsarkarinaukri.com/jobs/union-bank-of-india-email-administrator-recruitment-2026-apply-online-for-1-post--3506,https://www.searchsarkarinaukri.com/sitemap-jobs.xml,2026-07-24,job-listing,1
https://www.searchsarkarinaukri.com/jobs/union-bank-of-india-ddos-administrator-recruitment-2026-apply-online-for-1-post--3505,https://www.searchsarkarinaukri.com/sitemap-jobs.xml,2026-07-24,job-listing,1
https://www.searchsarkarinaukri.com/jobs/union-bank-of-india-dam-database-activity-monitoring-administrator-recruitment-2026-apply-online-for-2-posts--3504,https://www.searchsarkarinaukri.com/sitemap-jobs.xml,2026-07-24,job-listing,1
https://www.searchsarkarinaukri.com/jobs/union-bank-of-india-ad-av-edr-xdr-administrator-recruitment-2026-apply-online-for-2-posts--3503,https://www.searchsarkarinaukri.com/sitemap-jobs.xml,2026-07-24,job-listing,1
https://www.searchsarkarinaukri.com/jobs/union-bank-of-india-soc-analyst-recruitment-2026-apply-online-for-2-posts--3502,https://www.searchsarkarinaukri.com/sitemap-jobs.xml,2026-07-24,job-listing,1
https://www.searchsarkarinaukri.com/jobs/union-bank-of-india-robotic-process-automation-rpa-professional-recruitment-2026-apply-online-for-3-posts--3501,https://www.searchsarkarinaukri.com/sitemap-jobs.xml,2026-07-24,job-listing,1
https://www.searchsarkarinaukri.com/jobs/union-bank-of-india-quality-assurances-recruitment-2026-apply-online-for-4-posts--3500,https://www.searchsarkarinaukri.com/sitemap-jobs.xml,2026-07-24,job-listing,1
https://www.searchsarkarinaukri.com/jobs/union-bank-of-india-open-banking-platform-recruitment-2026-apply-online-for-3-posts--3499,https://www.searchsarkarinaukri.com/sitemap-jobs.xml,2026-07-24,job-listing,1
https://www.searchsarkarinaukri.com/jobs/union-bank-of-india-z-os-administrator-recruitment-2026-apply-online-for-2-posts--3498,https://www.searchsarkarinaukri.com/sitemap-jobs.xml,2026-07-24,job-listing,1
https://www.searchsarkarinaukri.com/jobs/union-bank-of-india-web-developer-recruitment-2026-apply-online-for-2-posts--3497,https://www.searchsarkarinaukri.com/sitemap-jobs.xml,2026-07-24,job-listing,1
https://www.searchsarkarinaukri.com/jobs/union-bank-of-india-voice-administrator-recruitment-2026-apply-online-for-2-posts--3496,https://www.searchsarkarinaukri.com/sitemap-jobs.xml,2026-07-24,job-listing,1
https://www.searchsarkarinaukri.com/jobs/union-bank-of-india-ux-researcher-recruitment-2026-apply-online-for-2-posts--3495,https://www.searchsarkarinaukri.com/sitemap-jobs.xml,2026-07-24,job-listing,1
https://www.searchsarkarinaukri.com/jobs/union-bank-of-india-ui-ux-designer-recruitment-2026-apply-online-for-2-posts--3494,https://www.searchsarkarinaukri.com/sitemap-jobs.xml,2026-07-24,job-listing,1
https://www.searchsarkarinaukri.com/jobs/union-bank-of-india-windows-administrator-recruitment-2026-apply-online-for-2-posts--3493,https://www.searchsarkarinaukri.com/sitemap-jobs.xml,2026-07-24,job-listing,1
https://www.searchsarkarinaukri.com/jobs/union-bank-of-india-vulnerability-assessment-penetration-testing-vapt-recruitment-2026-apply-online-for-2-posts--3492,https://www.searchsarkarinaukri.com/sitemap-jobs.xml,2026-07-24,job-listing,1
https://www.searchsarkarinaukri.com/jobs/union-bank-of-india-virtualization-specialist-recruitment-2026-apply-online-for-2-posts--3491,https://www.searchsarkarinaukri.com/sitemap-jobs.xml,2026-07-24,job-listing,1
https://www.searchsarkarinaukri.com/jobs/union-bank-of-india-unix-administrator-recruitment-2026-apply-online-for-2-posts--3490,https://www.searchsarkarinaukri.com/sitemap-jobs.xml,2026-07-24,job-listing,1
https://www.searchsarkarinaukri.com/jobs/union-bank-of-india-storage-administrator-recruitment-2026-apply-online-for-2-posts--3489,https://www.searchsarkarinaukri.com/sitemap-jobs.xml,2026-07-24,job-listing,1
https://www.searchsarkarinaukri.com/jobs/union-bank-of-india-solution-architect-recruitment-2026-apply-online-for-3-posts--3488,https://www.searchsarkarinaukri.com/sitemap-jobs.xml,2026-07-24,job-listing,1
https://www.searchsarkarinaukri.com/jobs/union-bank-of-india-software-developer-recruitment-2026-apply-online-for-5-posts--3487,https://www.searchsarkarinaukri.com/sitemap-jobs.xml,2026-07-24,job-listing,1
https://www.searchsarkarinaukri.com/jobs/union-bank-of-india-sdlc-professional-recruitment-2026-apply-online-for-2-posts--3486,https://www.searchsarkarinaukri.com/sitemap-jobs.xml,2026-07-24,job-listing,1
https://www.searchsarkarinaukri.com/jobs/union-bank-of-india-production-support-engineer-recruitment-2026-apply-online-for-2-posts--3485,https://www.searchsarkarinaukri.com/sitemap-jobs.xml,2026-07-24,job-listing,1
https://www.searchsarkarinaukri.com/jobs/union-bank-of-india-platform-engineer-recruitment-2026-apply-online-for-2-posts--3484,https://www.searchsarkarinaukri.com/sitemap-jobs.xml,2026-07-24,job-listing,1
https://www.searchsarkarinaukri.com/jobs/union-bank-of-india-oracle-dba-recruitment-2026-apply-online-for-2-posts--3483,https://www.searchsarkarinaukri.com/sitemap-jobs.xml,2026-07-24,job-listing,1
https://www.searchsarkarinaukri.com/jobs/union-bank-of-india-open-source-developer-recruitment-2026-apply-online-for-2-posts--3482,https://www.searchsarkarinaukri.com/sitemap-jobs.xml,2026-07-24,job-listing,1
https://www.searchsarkarinaukri.com/jobs/union-bank-of-india-mq-jboss-administrator-recruitment-2026-apply-online-for-2-posts--3481,https://www.searchsarkarinaukri.com/sitemap-jobs.xml,2026-07-24,job-listing,1
https://www.searchsarkarinaukri.com/jobs/union-bank-of-india-mobile-app-developer-recruitment-2026-apply-online-for-2-posts--3480,https://www.searchsarkarinaukri.com/sitemap-jobs.xml,2026-07-24,job-listing,1
https://www.searchsarkarinaukri.com/jobs/union-bank-of-india-it-infrastructure-management-recruitment-2026-apply-online-for-2-posts--3479,https://www.searchsarkarinaukri.com/sitemap-jobs.xml,2026-07-24,job-listing,1
https://www.searchsarkarinaukri.com/jobs/nmdc-nmdc-2026--3476,https://www.searchsarkarinaukri.com/sitemap-jobs.xml,2026-08-12,job-listing,1
https://www.searchsarkarinaukri.com/jobs/national-film-development-corporation-mumbai-national-film-development-corporation-mumbai-2026--3475,https://www.searchsarkarinaukri.com/sitemap-jobs.xml,2026-08-01,job-listing,1
https://www.searchsarkarinaukri.com/jobs/kendriya-vidyalaya-kamptee-kendriya-vidyalaya-kamptee-2026--3474,https://www.searchsarkarinaukri.com/sitemap-jobs.xml,2026-07-30,job-listing,1
https://www.searchsarkarinaukri.com/jobs/airports-authority-of-india-airports-authority-of-india-2026--3473,https://www.searchsarkarinaukri.com/sitemap-jobs.xml,2026-07-24,job-listing,1
https://www.searchsarkarinaukri.com/jobs/dharampeth-science-college-nagpur-dharampeth-science-college-nagpur-2026--3472,https://www.searchsarkarinaukri.com/sitemap-jobs.xml,2026-07-31,job-listing,1
https://www.searchsarkarinaukri.com/jobs/mavim-mumbai-mavim-mumbai-2026--3471,https://www.searchsarkarinaukri.com/sitemap-jobs.xml,2026-07-28,job-listing,1
https://www.searchsarkarinaukri.com/jobs/mpsc-group-c-mpsc-group-c-2026--3470,https://www.searchsarkarinaukri.com/sitemap-jobs.xml,2026-08-04,job-listing,1
https://www.searchsarkarinaukri.com/jobs/army-institute-of-technology-pune-army-institute-of-technology-pune-2026--3469,https://www.searchsarkarinaukri.com/sitemap-jobs.xml,2026-07-25,job-listing,1
https://www.searchsarkarinaukri.com/jobs/berar-finance-limited-berar-finance-limited-2026--3468,https://www.searchsarkarinaukri.com/sitemap-jobs.xml,2026-07-27,job-listing,1
https://www.searchsarkarinaukri.com/jobs/iim-mumbai-iim-mumbai-2026--3467,https://www.searchsarkarinaukri.com/sitemap-jobs.xml,2026-08-12,job-listing,1
https://www.searchsarkarinaukri.com/jobs/sjsa-sjsa-2026--3466,https://www.searchsarkarinaukri.com/sitemap-jobs.xml,2026-08-06,job-listing,1
https://www.searchsarkarinaukri.com/jobs/iiser-pune-iiser-pune-2026--3465,https://www.searchsarkarinaukri.com/sitemap-jobs.xml,2026-08-01,job-listing,1
https://www.searchsarkarinaukri.com/jobs/malad-sahkari-bank-malad-sahkari-bank-2026--3464,https://www.searchsarkarinaukri.com/sitemap-jobs.xml,2026-07-31,job-listing,1
https://www.searchsarkarinaukri.com/jobs/vnit-nagpur-vnit-nagpur-2026--3463,https://www.searchsarkarinaukri.com/sitemap-jobs.xml,2026-08-01,job-listing,1
https://www.searchsarkarinaukri.com/jobs/iips-mumbai-iips-mumbai-2026--3462,https://www.searchsarkarinaukri.com/sitemap-jobs.xml,2026-08-04,job-listing,1
https://www.searchsarkarinaukri.com/jobs/union-bank-of-india-iot-edge-computing-recruitment-2026-apply-online-for-2-posts--3461,https://www.searchsarkarinaukri.com/sitemap-jobs.xml,2026-07-23,job-listing,1
https://www.searchsarkarinaukri.com/jobs/union-bank-of-india-innovation-r-d-recruitment-2026-apply-online-for-4-posts--3460,https://www.searchsarkarinaukri.com/sitemap-jobs.xml,2026-07-23,job-listing,1
https://www.searchsarkarinaukri.com/jobs/union-bank-of-india-gen-ai-ml-professional-recruitment-2026-apply-online-for-5-posts--3459,https://www.searchsarkarinaukri.com/sitemap-jobs.xml,2026-07-23,job-listing,1
https://www.searchsarkarinaukri.com/jobs/union-bank-of-india-etl-developer-recruitment-2026-apply-online-for-3-posts--3458,https://www.searchsarkarinaukri.com/sitemap-jobs.xml,2026-07-23,job-listing,1
https://www.searchsarkarinaukri.com/jobs/union-bank-of-india-enterprise-architect-recruitment-2026-apply-online-for-3-posts--3457,https://www.searchsarkarinaukri.com/sitemap-jobs.xml,2026-07-23,job-listing,1
https://www.searchsarkarinaukri.com/jobs/union-bank-of-india-digital-identity-biometrics-recruitment-2026-apply-online-for-3-posts--3456,https://www.searchsarkarinaukri.com/sitemap-jobs.xml,2026-07-23,job-listing,1
https://www.searchsarkarinaukri.com/jobs/union-bank-of-india-devsecops-recruitment-2026-apply-online-for-2-posts--3455,https://www.searchsarkarinaukri.com/sitemap-jobs.xml,2026-07-23,job-listing,1
https://www.searchsarkarinaukri.com/jobs/union-bank-of-india-data-scientist-analyst-recruitment-2026-apply-online-for-1-post--3454,https://www.searchsarkarinaukri.com/sitemap-jobs.xml,2026-07-23,job-listing,1
https://www.searchsarkarinaukri.com/jobs/union-bank-of-india-data-privacy-officer-recruitment-2026-apply-online-for-1-post--3453,https://www.searchsarkarinaukri.com/sitemap-jobs.xml,2026-07-23,job-listing,1
https://www.searchsarkarinaukri.com/jobs/union-bank-of-india-blockchain-quantum-computing-recruitment-2026-apply-online-for-1-post--3452,https://www.searchsarkarinaukri.com/sitemap-jobs.xml,2026-07-23,job-listing,1
https://www.searchsarkarinaukri.com/jobs/union-bank-of-india-storage-administrator-recruitment-2026-apply-online-for-3-posts--3451,https://www.searchsarkarinaukri.com/sitemap-jobs.xml,2026-07-23,job-listing,1
https://www.searchsarkarinaukri.com/jobs/union-bank-of-india-oracle-database-administrator-recruitment-2026-apply-online-for-3-posts--3450,https://www.searchsarkarinaukri.com/sitemap-jobs.xml,2026-07-23,job-listing,1
https://www.searchsarkarinaukri.com/jobs/union-bank-of-india-windows-administrator-recruitment-2026-apply-online-for-4-posts--3449,https://www.searchsarkarinaukri.com/sitemap-jobs.xml,2026-07-23,job-listing,1
https://www.searchsarkarinaukri.com/jobs/union-bank-of-india-linux-administrator-recruitment-2026-apply-online-for-4-posts--3448,https://www.searchsarkarinaukri.com/sitemap-jobs.xml,2026-07-23,job-listing,1
https://www.searchsarkarinaukri.com/jobs/union-bank-of-india-devops-engineer-recruitment-2026-apply-online-for-5-posts--3447,https://www.searchsarkarinaukri.com/sitemap-jobs.xml,2026-07-23,job-listing,1
https://www.searchsarkarinaukri.com/jobs/union-bank-of-india-middleware-administrator-recruitment-2026-apply-online-for-4-posts--3446,https://www.searchsarkarinaukri.com/sitemap-jobs.xml,2026-07-23,job-listing,1
https://www.searchsarkarinaukri.com/jobs/union-bank-of-india-database-administrator-recruitment-2026-apply-online-for-5-posts--3445,https://www.searchsarkarinaukri.com/sitemap-jobs.xml,2026-07-23,job-listing,1
https://www.searchsarkarinaukri.com/jobs/union-bank-of-india-cloud-administrator-recruitment-2026-apply-online-for-6-posts--3444,https://www.searchsarkarinaukri.com/sitemap-jobs.xml,2026-07-23,job-listing,1
https://www.searchsarkarinaukri.com/jobs/union-bank-of-india-network-administrator-recruitment-2026-apply-online-for-8-posts--3443,https://www.searchsarkarinaukri.com/sitemap-jobs.xml,2026-07-23,job-listing,1
https://www.searchsarkarinaukri.com/jobs/union-bank-of-india-cyber-security-professional-recruitment-2026-apply-online-for-12-posts--3442,https://www.searchsarkarinaukri.com/sitemap-jobs.xml,2026-07-23,job-listing,1
https://www.searchsarkarinaukri.com/jobs/union-bank-of-india-data-centre-specialist-recruitment-2026-apply-online-for-10-posts--3441,https://www.searchsarkarinaukri.com/sitemap-jobs.xml,2026-07-23,job-listing,1
https://www.searchsarkarinaukri.com/jobs/union-bank-of-india-api-management-professional-recruitment-2026-apply-online-for-4-posts--3440,https://www.searchsarkarinaukri.com/sitemap-jobs.xml,2026-07-23,job-listing,1
https://www.searchsarkarinaukri.com/jobs/union-bank-of-india-forex-officer-recruitment-2026-apply-online-for-25-posts--3439,https://www.searchsarkarinaukri.com/sitemap-jobs.xml,2026-07-23,job-listing,1
https://www.searchsarkarinaukri.com/jobs/union-bank-of-india-vendor-management-professional-non-it-recruitment-2026-apply-online-for-2-posts--3438,https://www.searchsarkarinaukri.com/sitemap-jobs.xml,2026-07-23,job-listing,1
https://www.searchsarkarinaukri.com/jobs/union-bank-of-india-general-banking-officer-recruitment-2026-apply-online-for-250-posts--3437,https://www.searchsarkarinaukri.com/sitemap-jobs.xml,2026-07-23,job-listing,1
https://www.searchsarkarinaukri.com/jobs/union-bank-of-india-personal-assistant-to-executives-recruitment-2026-apply-online-for-2-posts--3436,https://www.searchsarkarinaukri.com/sitemap-jobs.xml,2026-07-23,job-listing,1
https://www.searchsarkarinaukri.com/jobs/union-bank-of-india-disaster-management-professional-recruitment-2026-apply-online-for-1-post--3435,https://www.searchsarkarinaukri.com/sitemap-jobs.xml,2026-07-23,job-listing,1
https://www.searchsarkarinaukri.com/jobs/union-bank-of-india-agm-capital-planning-investor-relations-recruitment-2026-apply-online--3434,https://www.searchsarkarinaukri.com/sitemap-jobs.xml,2026-07-23,job-listing,1
https://www.searchsarkarinaukri.com/jobs/union-bank-of-india-agm-ind-as-recruitment-2026-apply-online--3433,https://www.searchsarkarinaukri.com/sitemap-jobs.xml,2026-07-23,job-listing,1
https://www.searchsarkarinaukri.com/jobs/union-bank-of-india-agm-taxation-direct-indirect-recruitment-2026-apply-online--3432,https://www.searchsarkarinaukri.com/sitemap-jobs.xml,2026-07-23,job-listing,1
https://www.searchsarkarinaukri.com/jobs/union-bank-of-india-project-management-professional-recruitment-2026-apply-online-for-1-post--3431,https://www.searchsarkarinaukri.com/sitemap-jobs.xml,2026-07-23,job-listing,1
https://www.searchsarkarinaukri.com/jobs/union-bank-of-india-certified-financial-crimes-investigator-recruitment-2026-apply-online-for-1-post--3430,https://www.searchsarkarinaukri.com/sitemap-jobs.xml,2026-07-23,job-listing,1
https://www.searchsarkarinaukri.com/jobs/union-bank-of-india-certified-fraud-examiner-recruitment-2026-apply-online-for-1-post--3429,https://www.searchsarkarinaukri.com/sitemap-jobs.xml,2026-07-23,job-listing,1
https://www.searchsarkarinaukri.com/jobs/job-2026--3423,https://www.searchsarkarinaukri.com/sitemap-jobs.xml,2026-08-23,job-listing,1
https://www.searchsarkarinaukri.com/jobs/isro-isro-2026--3421,https://www.searchsarkarinaukri.com/sitemap-jobs.xml,2026-08-17,job-listing,1
https://www.searchsarkarinaukri.com/jobs/ibps-so-ibps-so-2026--3420,https://www.searchsarkarinaukri.com/sitemap-jobs.xml,2026-07-27,job-listing,1
https://www.searchsarkarinaukri.com/jobs/ibps-po-ibps-po-2026--3419,https://www.searchsarkarinaukri.com/sitemap-jobs.xml,2026-07-27,job-listing,1
https://www.searchsarkarinaukri.com/jobs/umed-msrlm-ahilyanagar-umed-msrlm-ahilyanagar-2026--3418,https://www.searchsarkarinaukri.com/sitemap-jobs.xml,2026-08-01,job-listing,1
https://www.searchsarkarinaukri.com/jobs/icarccri-nagpur-icarccri-nagpur-2026--3417,https://www.searchsarkarinaukri.com/sitemap-jobs.xml,2026-08-01,job-listing,1
https://www.searchsarkarinaukri.com/jobs/secr-nagpur-secr-nagpur-2026--3416,https://www.searchsarkarinaukri.com/sitemap-jobs.xml,2026-07-28,job-listing,1
https://www.searchsarkarinaukri.com/jobs/nmc-bank-nanded-nmc-bank-nanded-2026--3415,https://www.searchsarkarinaukri.com/sitemap-jobs.xml,2026-07-30,job-listing,1
https://www.searchsarkarinaukri.com/jobs/sidbi-sidbi-2026--3414,https://www.searchsarkarinaukri.com/sitemap-jobs.xml,2026-08-22,job-listing,1
https://www.searchsarkarinaukri.com/jobs/pune-district-education-association-pune-district-education-association-2026--3413,https://www.searchsarkarinaukri.com/sitemap-jobs.xml,2026-08-08,job-listing,1
https://www.searchsarkarinaukri.com/jobs/renukamata-multistate-society-renukamata-multistate-society-2026--3412,https://www.searchsarkarinaukri.com/sitemap-jobs.xml,2026-07-25,job-listing,1
https://www.searchsarkarinaukri.com/jobs/gp-thane-gp-thane-2026--3411,https://www.searchsarkarinaukri.com/sitemap-jobs.xml,2026-07-29,job-listing,1
https://www.searchsarkarinaukri.com/jobs/echs-nashik-echs-nashik-2026--3410,https://www.searchsarkarinaukri.com/sitemap-jobs.xml,2026-08-11,job-listing,1
https://www.searchsarkarinaukri.com/jobs/cidco-cidco-2026--3409,https://www.searchsarkarinaukri.com/sitemap-jobs.xml,2026-08-01,job-listing,1
https://www.searchsarkarinaukri.com/jobs/icsi-icsi-2026--3408,https://www.searchsarkarinaukri.com/sitemap-jobs.xml,2026-08-13,job-listing,1
https://www.searchsarkarinaukri.com/jobs/kolhapur-patbandhare-vibhag-kolhapur-patbandhare-vibhag-2026--3407,https://www.searchsarkarinaukri.com/sitemap-jobs.xml,2026-08-01,job-listing,1
https://www.searchsarkarinaukri.com/jobs/institute-of-our-lady-of-fatima-daman-institute-of-our-lady-2026--3406,https://www.searchsarkarinaukri.com/sitemap-jobs.xml,2026-08-21,job-listing,1
https://www.searchsarkarinaukri.com/jobs/national-thermal-power-corporation-limited-national-thermal-power-corporation-limited-2026--3405,https://www.searchsarkarinaukri.com/sitemap-jobs.xml,2026-07-28,job-listing,1
https://www.searchsarkarinaukri.com/jobs/dharampeth-polytechnic-nagpur-dharampeth-polytechnic-nagpur-2026--3404,https://www.searchsarkarinaukri.com/sitemap-jobs.xml,2026-07-24,job-listing,1
https://www.searchsarkarinaukri.com/jobs/tiss-mumbai-tiss-mumbai-2026--3403,https://www.searchsarkarinaukri.com/sitemap-jobs.xml,2026-08-02,job-listing,1
https://www.searchsarkarinaukri.com/jobs/jilhadhikari-karyalay-nanded-jilhadhikari-karyalay-nanded-2026--3402,https://www.searchsarkarinaukri.com/sitemap-jobs.xml,2026-07-31,job-listing,1
https://www.searchsarkarinaukri.com/jobs/mormugao-port-authority-mormugao-port-authority-2026--3401,https://www.searchsarkarinaukri.com/sitemap-jobs.xml,2026-08-20,job-listing,1
https://www.searchsarkarinaukri.com/jobs/gramin-technical-and-management-campus-nanded-gramin-technical-and-management-campus-nanded-2026--3400,https://www.searchsarkarinaukri.com/sitemap-jobs.xml,2026-08-06,job-listing,1
https://www.searchsarkarinaukri.com/jobs/government-engineering-college-daman-government-engineering-college-daman-2026--3399,https://www.searchsarkarinaukri.com/sitemap-jobs.xml,2026-08-22,job-listing,1
https://www.searchsarkarinaukri.com/jobs/mpsc-group-c-mpsc-group-c-2026--3398,https://www.searchsarkarinaukri.com/sitemap-jobs.xml,2026-08-04,job-listing,1
https://www.searchsarkarinaukri.com/jobs/umed-maharashtra-state-rural-livelihoods-mission-msrlm-yavatmal-umed-maharashtra-state-rural-livelih--3397,https://www.searchsarkarinaukri.com/sitemap-jobs.xml,2026-07-30,job-listing,1
https://www.searchsarkarinaukri.com/jobs/university-of-mumbai-university-of-mumbai-2026-recruitment-drive-2026--3396,https://www.searchsarkarinaukri.com/sitemap-jobs.xml,2026-08-02,job-listing,1
https://www.searchsarkarinaukri.com/jobs/maharashtra-state-rural-livelihoods-mission-umed-amravati-maharashtra-state-rural-livelihoods-missio--3395,https://www.searchsarkarinaukri.com/sitemap-jobs.xml,2026-07-29,job-listing,1
https://www.searchsarkarinaukri.com/jobs/bal-vikas-prakalp-nashik-integrated-child-development-services-scheme-project-nashik-bal-vikas-praka--3394,https://www.searchsarkarinaukri.com/sitemap-jobs.xml,2026-08-01,job-listing,1
https://www.searchsarkarinaukri.com/jobs/maha-directorate-of-archaeology-museums-maha-directorate-of-archaeology-museums-2026--3393,https://www.searchsarkarinaukri.com/sitemap-jobs.xml,2026-07-28,job-listing,1
https://www.searchsarkarinaukri.com/jobs/ex-serviceman-contributory-health-scheme-echs-polyclinic-devlali-recruitment-notification-ex-service--3392,https://www.searchsarkarinaukri.com/sitemap-jobs.xml,2026-08-11,job-listing,1
https://www.searchsarkarinaukri.com/jobs/umed-maharashtra-state-rural-livelihood-mission-ahilyanagar-umed-maharashtra-state-rural-livelihood--3391,https://www.searchsarkarinaukri.com/sitemap-jobs.xml,2026-08-01,job-listing,1
https://www.searchsarkarinaukri.com/jobs/railway-recruitment-board-rrb-recruitment-notification-railway-recruitment-board-rrb-2026--3390,https://www.searchsarkarinaukri.com/sitemap-jobs.xml,2026-07-23,job-listing,1
https://www.searchsarkarinaukri.com/jobs/indian-space-research-organisation-isro-department-of-space-recruitment-notification-indian-space-re--3389,https://www.searchsarkarinaukri.com/sitemap-jobs.xml,2026-08-17,job-listing,1
https://www.searchsarkarinaukri.com/jobs/indian-army-sscw-tech-68-women-recruitment-2026-apply-online-for-30-posts--3388,https://www.searchsarkarinaukri.com/sitemap-jobs.xml,2026-07-22,job-listing,1
https://www.searchsarkarinaukri.com/jobs/indian-army-ssc-tech-68-men-recruitment-2026-apply-online-for-40-posts--3387,https://www.searchsarkarinaukri.com/sitemap-jobs.xml,2026-07-22,job-listing,1
https://www.searchsarkarinaukri.com/jobs/indian-army-ncc-special-entry-125th-course-women-wards-of-battle-casualties-recruitment-2026-apply-online-for-1-post--3386,https://www.searchsarkarinaukri.com/sitemap-jobs.xml,2026-07-22,job-listing,1
https://www.searchsarkarinaukri.com/jobs/indian-army-ncc-special-entry-125th-course-women-recruitment-2026-apply-online-for-5-posts--3385,https://www.searchsarkarinaukri.com/sitemap-jobs.xml,2026-07-22,job-listing,1
https://www.searchsarkarinaukri.com/jobs/ibps-hr-personnel-officer-scale-i-recruitment-2026-apply-online-for-60-posts--3384,https://www.searchsarkarinaukri.com/sitemap-jobs.xml,2026-07-22,job-listing,1
https://www.searchsarkarinaukri.com/jobs/ibps-rajbhasha-adhikari-scale-i-recruitment-2026-apply-online-for-89-posts--3383,https://www.searchsarkarinaukri.com/sitemap-jobs.xml,2026-07-22,job-listing,1
https://www.searchsarkarinaukri.com/jobs/ibps-law-officer-scale-i-recruitment-2026-apply-online-for-105-posts--3382,https://www.searchsarkarinaukri.com/sitemap-jobs.xml,2026-07-22,job-listing,1
https://www.searchsarkarinaukri.com/jobs/ibps-agricultural-field-officer-scale-i-recruitment-2026-apply-online-for-190-posts--3381,https://www.searchsarkarinaukri.com/sitemap-jobs.xml,2026-07-22,job-listing,1
https://www.searchsarkarinaukri.com/jobs/ibps-it-officer-scale-i-recruitment-2026-apply-online-for-301-posts--3380,https://www.searchsarkarinaukri.com/sitemap-jobs.xml,2026-07-22,job-listing,1
https://www.searchsarkarinaukri.com/jobs/sidbi-consultant-credit-analyst-recruitment-2026-apply-online-for-50-posts--3379,https://www.searchsarkarinaukri.com/sitemap-jobs.xml,2026-07-22,job-listing,1
https://www.searchsarkarinaukri.com/jobs/icsi-administrative-assistant-recruitment-2026-apply-online--3378,https://www.searchsarkarinaukri.com/sitemap-jobs.xml,2026-07-22,job-listing,1
https://www.searchsarkarinaukri.com/jobs/icsi-executive-assistant-recruitment-2026-apply-online--3377,https://www.searchsarkarinaukri.com/sitemap-jobs.xml,2026-07-22,job-listing,1
https://www.searchsarkarinaukri.com/jobs/rvunl-commercial-assistant-ii-recruitment-2026-apply-online--3376,https://www.searchsarkarinaukri.com/sitemap-jobs.xml,2026-07-22,job-listing,1
https://www.searchsarkarinaukri.com/jobs/rvunl-junior-assistant-recruitment-2026-apply-online-for-765-posts--3375,https://www.searchsarkarinaukri.com/sitemap-jobs.xml,2026-07-22,job-listing,1
https://www.searchsarkarinaukri.com/jobs/rvunl-junior-accountant-recruitment-2026-apply-online-for-371-posts--3374,https://www.searchsarkarinaukri.com/sitemap-jobs.xml,2026-07-22,job-listing,1
https://www.searchsarkarinaukri.com/jobs/rvunl-junior-engineer-civil-recruitment-2026-apply-online-for-32-posts--3373,https://www.searchsarkarinaukri.com/sitemap-jobs.xml,2026-07-22,job-listing,1
https://www.searchsarkarinaukri.com/jobs/rvunl-junior-engineer-mechanical-recruitment-2026-apply-online-for-110-posts--3372,https://www.searchsarkarinaukri.com/sitemap-jobs.xml,2026-07-22,job-listing,1
https://www.searchsarkarinaukri.com/jobs/rvunl-junior-engineer-electrical-recruitment-2026-apply-online-for-727-posts--3371,https://www.searchsarkarinaukri.com/sitemap-jobs.xml,2026-07-22,job-listing,1
https://www.searchsarkarinaukri.com/jobs/rrb-chemical-metallurgical-assistant-recruitment-2026-apply-online--3370,https://www.searchsarkarinaukri.com/sitemap-jobs.xml,2026-07-22,job-listing,1
https://www.searchsarkarinaukri.com/jobs/rrb-depot-material-superintendent-dms-recruitment-2026-apply-online--3369,https://www.searchsarkarinaukri.com/sitemap-jobs.xml,2026-07-22,job-listing,1
https://www.searchsarkarinaukri.com/jobs/rrb-junior-engineer-je-recruitment-2026-apply-online--3368,https://www.searchsarkarinaukri.com/sitemap-jobs.xml,2026-07-22,job-listing,1
https://www.searchsarkarinaukri.com/jobs/central-university-of-kerala-computer-operator-recruitment-2026-apply-online-for-1-post--3367,https://www.searchsarkarinaukri.com/sitemap-jobs.xml,2026-07-22,job-listing,1
https://www.searchsarkarinaukri.com/jobs/central-university-of-kerala-laboratory-assistant-recruitment-2026-apply-online-for-5-posts--3366,https://www.searchsarkarinaukri.com/sitemap-jobs.xml,2026-07-22,job-listing,1
https://www.searchsarkarinaukri.com/jobs/job-2026--3364,https://www.searchsarkarinaukri.com/sitemap-jobs.xml,2026-08-01,job-listing,1
https://www.searchsarkarinaukri.com/jobs/job-2026--3363,https://www.searchsarkarinaukri.com/sitemap-jobs.xml,2026-08-11,job-listing,1
https://www.searchsarkarinaukri.com/jobs/punjab-national-bank-punjab-national-bank-2026--3362,https://www.searchsarkarinaukri.com/sitemap-jobs.xml,2026-08-10,job-listing,1
https://www.searchsarkarinaukri.com/jobs/college-of-agriculture-muktainagar-college-of-agriculture-muktainagar-2026--3361,https://www.searchsarkarinaukri.com/sitemap-jobs.xml,2026-07-22,job-listing,1
https://www.searchsarkarinaukri.com/jobs/ordnance-factory-bhandara-ordnance-factory-bhandara-2026--3360,https://www.searchsarkarinaukri.com/sitemap-jobs.xml,2026-07-27,job-listing,1
https://www.searchsarkarinaukri.com/jobs/directorate-of-archaeology-museums-pune-directorate-of-archaeology-museums-pune-2026--3359,https://www.searchsarkarinaukri.com/sitemap-jobs.xml,2026-07-28,job-listing,1
https://www.searchsarkarinaukri.com/jobs/army-law-college-pune-army-law-college-pune-2026--3358,https://www.searchsarkarinaukri.com/sitemap-jobs.xml,2026-07-31,job-listing,1
https://www.searchsarkarinaukri.com/jobs/bharati-vidyapeeth-pune-bharati-vidyapeeth-pune-2026--3357,https://www.searchsarkarinaukri.com/sitemap-jobs.xml,2026-07-31,job-listing,1
https://www.searchsarkarinaukri.com/jobs/nashik-anganwadi-nashik-anganwadi-2026--3356,https://www.searchsarkarinaukri.com/sitemap-jobs.xml,2026-08-01,job-listing,1
https://www.searchsarkarinaukri.com/jobs/brtc-chandrapur-brtc-chandrapur-2026--3355,https://www.searchsarkarinaukri.com/sitemap-jobs.xml,2026-07-28,job-listing,1
https://www.searchsarkarinaukri.com/jobs/mumbai-university-mumbai-university-2026--3354,https://www.searchsarkarinaukri.com/sitemap-jobs.xml,2026-08-02,job-listing,1
https://www.searchsarkarinaukri.com/jobs/umed-msrlm-amravati-umed-msrlm-amravati-2026--3353,https://www.searchsarkarinaukri.com/sitemap-jobs.xml,2026-07-29,job-listing,1
https://www.searchsarkarinaukri.com/jobs/kvs-ahilyanagar-kvs-ahilyanagar-2026--3352,https://www.searchsarkarinaukri.com/sitemap-jobs.xml,2026-07-25,job-listing,1
https://www.searchsarkarinaukri.com/jobs/union-public-service-commission-union-public-service-commission-2026--3351,https://www.searchsarkarinaukri.com/sitemap-jobs.xml,2026-08-15,job-listing,1
https://www.searchsarkarinaukri.com/jobs/vpkbiet-pune-vpkbiet-pune-2026--3350,https://www.searchsarkarinaukri.com/sitemap-jobs.xml,2026-08-05,job-listing,1
https://www.searchsarkarinaukri.com/jobs/employees-state-insurance-society-mumbai-employees-state-insurance-society-2026--3349,https://www.searchsarkarinaukri.com/sitemap-jobs.xml,2026-07-23,job-listing,1
https://www.searchsarkarinaukri.com/jobs/umed-msrlm-yavatmal-umed-msrlm-yavatmal-2026--3348,https://www.searchsarkarinaukri.com/sitemap-jobs.xml,2026-07-30,job-listing,1
https://www.searchsarkarinaukri.com/jobs/isro-isro-2026--3347,https://www.searchsarkarinaukri.com/sitemap-jobs.xml,2026-08-17,job-listing,1
https://www.searchsarkarinaukri.com/jobs/karmaveer-ms-kannamwar-government-medical-college-chandrapur-karmaveer-ms-kannamwar-government-medic--3346,https://www.searchsarkarinaukri.com/sitemap-jobs.xml,2026-07-28,job-listing,1
https://www.searchsarkarinaukri.com/jobs/konkan-railway-corporation-limited-recruitment-notification-konkan-railway-corporation-limited-2026--3345,https://www.searchsarkarinaukri.com/sitemap-jobs.xml,2026-07-25,job-listing,1
https://www.searchsarkarinaukri.com/jobs/income-tax-appellate-tribunal-itat-mumbai-income-tax-appellate-tribunal-itat-mumbai-2026--3344,https://www.searchsarkarinaukri.com/sitemap-jobs.xml,2026-08-17,job-listing,1
https://www.searchsarkarinaukri.com/jobs/maharashtra-state-electricity-transmission-company-limited-mahatransco-maharashtra-state-electricity--3343,https://www.searchsarkarinaukri.com/sitemap-jobs.xml,2026-07-28,job-listing,1
https://www.searchsarkarinaukri.com/jobs/international-institute-for-population-sciences-iips-mumbai-international-institute-for-population-s--3342,https://www.searchsarkarinaukri.com/sitemap-jobs.xml,2026-07-24,job-listing,1
https://www.searchsarkarinaukri.com/jobs/tata-institute-of-fundamental-research-mumbai-job-openings-at-tata-institute-of-2026--3341,https://www.searchsarkarinaukri.com/sitemap-jobs.xml,2026-08-16,job-listing,1
https://www.searchsarkarinaukri.com/jobs/umed-maharashtra-state-rural-livelihood-mission-chandrapur-umed-maharashtra-state-rural-livelihood-2--3340,https://www.searchsarkarinaukri.com/sitemap-jobs.xml,2026-08-10,job-listing,1
https://www.searchsarkarinaukri.com/jobs/pm-shree-kendriya-vidyalaya-no-1-devlali-nashik-recruitment-notification-pm-shree-kendriya-vidyalaya--3338,https://www.searchsarkarinaukri.com/sitemap-jobs.xml,2026-07-29,job-listing,1
https://www.searchsarkarinaukri.com/jobs/pm-shri-school-jawahar-navodaya-vidyalaya-kannada-chhatrapati-sambhajinagar-apply-for-6-pgt-tgt-phys--3337,https://www.searchsarkarinaukri.com/sitemap-jobs.xml,2026-07-23,job-listing,1
https://www.searchsarkarinaukri.com/jobs/rcb-lab-assistant-recruitment-2026-walk-in-interview-for-1-post--3336,https://www.searchsarkarinaukri.com/sitemap-jobs.xml,2026-07-21,job-listing,1
https://www.searchsarkarinaukri.com/jobs/pnb-local-bank-officer-recruitment-2026-tripura-apply-online-for-18-posts--3335,https://www.searchsarkarinaukri.com/sitemap-jobs.xml,2026-07-21,job-listing,1
https://www.searchsarkarinaukri.com/jobs/pnb-local-bank-officer-recruitment-2026-sikkim-apply-online-for-5-posts--3334,https://www.searchsarkarinaukri.com/sitemap-jobs.xml,2026-07-21,job-listing,1
https://www.searchsarkarinaukri.com/jobs/pnb-local-bank-officer-recruitment-2026-nagaland-apply-online-for-5-posts--3333,https://www.searchsarkarinaukri.com/sitemap-jobs.xml,2026-07-21,job-listing,1
https://www.searchsarkarinaukri.com/jobs/pnb-local-bank-officer-recruitment-2026-mizoram-apply-online-for-5-posts--3332,https://www.searchsarkarinaukri.com/sitemap-jobs.xml,2026-07-21,job-listing,1
https://www.searchsarkarinaukri.com/jobs/pnb-local-bank-officer-recruitment-2026-meghalaya-apply-online-for-8-posts--3331,https://www.searchsarkarinaukri.com/sitemap-jobs.xml,2026-07-21,job-listing,1
https://www.searchsarkarinaukri.com/jobs/pnb-local-bank-officer-recruitment-2026-manipur-apply-online-for-6-posts--3330,https://www.searchsarkarinaukri.com/sitemap-jobs.xml,2026-07-21,job-listing,1
https://www.searchsarkarinaukri.com/jobs/pnb-local-bank-officer-recruitment-2026-arunachal-pradesh-apply-online-for-4-posts--3329,https://www.searchsarkarinaukri.com/sitemap-jobs.xml,2026-07-21,job-listing,1
https://www.searchsarkarinaukri.com/jobs/pnb-local-bank-officer-recruitment-2026-ladakh-apply-online-for-2-posts--3328,https://www.searchsarkarinaukri.com/sitemap-jobs.xml,2026-07-21,job-listing,1
https://www.searchsarkarinaukri.com/jobs/pnb-local-bank-officer-recruitment-2026-jammu-kashmir-apply-online-for-9-posts--3327,https://www.searchsarkarinaukri.com/sitemap-jobs.xml,2026-07-21,job-listing,1
https://www.searchsarkarinaukri.com/jobs/pnb-local-bank-officer-recruitment-2026-assam-apply-online-for-85-posts--3326,https://www.searchsarkarinaukri.com/sitemap-jobs.xml,2026-07-21,job-listing,1
https://www.searchsarkarinaukri.com/jobs/pnb-local-bank-officer-recruitment-2026-west-bengal-apply-online-for-80-posts--3325,https://www.searchsarkarinaukri.com/sitemap-jobs.xml,2026-07-21,job-listing,1
https://www.searchsarkarinaukri.com/jobs/pnb-local-bank-officer-recruitment-2026-tamil-nadu-apply-online-for-51-posts--3324,https://www.searchsarkarinaukri.com/sitemap-jobs.xml,2026-07-21,job-listing,1
https://www.searchsarkarinaukri.com/jobs/pnb-local-bank-officer-recruitment-2026-telangana-apply-online-for-41-posts--3323,https://www.searchsarkarinaukri.com/sitemap-jobs.xml,2026-07-21,job-listing,1
https://www.searchsarkarinaukri.com/jobs/pnb-local-bank-officer-recruitment-2026-maharashtra-apply-online-for-67-posts--3322,https://www.searchsarkarinaukri.com/sitemap-jobs.xml,2026-07-21,job-listing,1
https://www.searchsarkarinaukri.com/jobs/pnb-local-bank-officer-recruitment-2026-karnataka-apply-online-for-78-posts--3321,https://www.searchsarkarinaukri.com/sitemap-jobs.xml,2026-07-21,job-listing,1
https://www.searchsarkarinaukri.com/jobs/pnb-local-bank-officer-recruitment-2026-gujarat-apply-online-for-77-posts--3320,https://www.searchsarkarinaukri.com/sitemap-jobs.xml,2026-07-21,job-listing,1
https://www.searchsarkarinaukri.com/jobs/pnb-local-bank-officer-recruitment-2026-andhra-pradesh-apply-online-for-4-posts--3319,https://www.searchsarkarinaukri.com/sitemap-jobs.xml,2026-07-21,job-listing,1
https://www.searchsarkarinaukri.com/jobs/kea-irb-special-reserve-police-constable-recruitment-2026-apply-online-for-161-posts--3318,https://www.searchsarkarinaukri.com/sitemap-jobs.xml,2026-07-21,job-listing,1
https://www.searchsarkarinaukri.com/jobs/kea-ksisf-police-constable-recruitment-2026-apply-online-for-364-posts--3317,https://www.searchsarkarinaukri.com/sitemap-jobs.xml,2026-07-21,job-listing,1
https://www.searchsarkarinaukri.com/jobs/kea-ksrp-kalyana-karnataka-police-constable-recruitment-2026-apply-online-for-334-posts--3316,https://www.searchsarkarinaukri.com/sitemap-jobs.xml,2026-07-21,job-listing,1
https://www.searchsarkarinaukri.com/jobs/kea-special-reserve-police-constable-ksrp-state-cadre-recruitment-2026-apply-online-for-1455-posts--3315,https://www.searchsarkarinaukri.com/sitemap-jobs.xml,2026-07-21,job-listing,1
https://www.searchsarkarinaukri.com/jobs/mahapareshan-nagpur-mahapareshan-nagpur-2026--3314,https://www.searchsarkarinaukri.com/sitemap-jobs.xml,2026-07-28,job-listing,1
https://www.searchsarkarinaukri.com/jobs/echs-nagpur-echs-nagpur-2026--3313,https://www.searchsarkarinaukri.com/sitemap-jobs.xml,2026-08-11,job-listing,1
https://www.searchsarkarinaukri.com/jobs/union-bank-of-india-union-bank-of-india-2026--3312,https://www.searchsarkarinaukri.com/sitemap-jobs.xml,2026-08-11,job-listing,1
https://www.searchsarkarinaukri.com/jobs/security-printing-and-minting-corporation-of-india-limited-security-printing-and-minting-corporation--3311,https://www.searchsarkarinaukri.com/sitemap-jobs.xml,2026-08-25,job-listing,1
https://www.searchsarkarinaukri.com/jobs/wcl-nagpur-wcl-nagpur-2026--3310,https://www.searchsarkarinaukri.com/sitemap-jobs.xml,2026-08-11,job-listing,1
https://www.searchsarkarinaukri.com/jobs/umed-msrlm-chandrapur-umed-msrlm-chandrapur-2026--3309,https://www.searchsarkarinaukri.com/sitemap-jobs.xml,2026-07-27,job-listing,1
https://www.searchsarkarinaukri.com/jobs/eastern-coalfields-limited-eastern-coalfields-limited-2026--3308,https://www.searchsarkarinaukri.com/sitemap-jobs.xml,2026-08-01,job-listing,1
https://www.searchsarkarinaukri.com/jobs/arogya-vibhag-pune-arogya-vibhag-pune-2026--3307,https://www.searchsarkarinaukri.com/sitemap-jobs.xml,2026-07-28,job-listing,1
https://www.searchsarkarinaukri.com/jobs/jnv-chhatrapati-sambhajinagar-jnv-chhatrapati-sambhajinagar-2026--3306,https://www.searchsarkarinaukri.com/sitemap-jobs.xml,2026-07-23,job-listing,1
https://www.searchsarkarinaukri.com/jobs/kendriya-vidyalaya-washim-kendriya-vidyalaya-washim-2026--3305,https://www.searchsarkarinaukri.com/sitemap-jobs.xml,2026-07-25,job-listing,1
https://www.searchsarkarinaukri.com/jobs/tata-memorial-centre-tata-memorial-centre-2026--3304,https://www.searchsarkarinaukri.com/sitemap-jobs.xml,2026-08-07,job-listing,1
https://www.searchsarkarinaukri.com/jobs/iips-mumbai-iips-mumbai-2026--3303,https://www.searchsarkarinaukri.com/sitemap-jobs.xml,2026-08-04,job-listing,1
https://www.searchsarkarinaukri.com/jobs/irel-india-limited-irel-india-limited-2026--3302,https://www.searchsarkarinaukri.com/sitemap-jobs.xml,2026-08-11,job-listing,1
https://www.searchsarkarinaukri.com/jobs/icsi-icsi-2026--3301,https://www.searchsarkarinaukri.com/sitemap-jobs.xml,2026-07-31,job-listing,1
https://www.searchsarkarinaukri.com/jobs/tifr-mumbai-tifr-mumbai-2026--3300,https://www.searchsarkarinaukri.com/sitemap-jobs.xml,2026-08-16,job-listing,1
https://www.searchsarkarinaukri.com/jobs/nit-goa-nit-goa-2026--3299,https://www.searchsarkarinaukri.com/sitemap-jobs.xml,2026-07-27,job-listing,1
https://www.searchsarkarinaukri.com/jobs/iit-goa-iit-goa-2026--3298,https://www.searchsarkarinaukri.com/sitemap-jobs.xml,2026-08-01,job-listing,1
https://www.searchsarkarinaukri.com/jobs/icsil-bharti-2026-details-icsil-bharti-2026-details-2026--3297,https://www.searchsarkarinaukri.com/sitemap-jobs.xml,2026-08-03,job-listing,1
https://www.searchsarkarinaukri.com/jobs/bcpl-deputy-manager-information-technology-recruitment-2026-apply-online-for-1-post--3296,https://www.searchsarkarinaukri.com/sitemap-jobs.xml,2026-07-20,job-listing,1
https://www.searchsarkarinaukri.com/jobs/bcpl-deputy-manager-human-resources-recruitment-2026-apply-online-for-1-post--3295,https://www.searchsarkarinaukri.com/sitemap-jobs.xml,2026-07-20,job-listing,1
https://www.searchsarkarinaukri.com/jobs/bcpl-deputy-manager-contract-procurement-recruitment-2026-apply-online-for-1-post--3294,https://www.searchsarkarinaukri.com/sitemap-jobs.xml,2026-07-20,job-listing,1
https://www.searchsarkarinaukri.com/jobs/bcpl-deputy-manager-finance-accounts-recruitment-2026-apply-online-for-1-post--3293,https://www.searchsarkarinaukri.com/sitemap-jobs.xml,2026-07-20,job-listing,1
https://www.searchsarkarinaukri.com/jobs/bcpl-deputy-manager-mechanical-recruitment-2026-apply-online-for-1-post--3292,https://www.searchsarkarinaukri.com/sitemap-jobs.xml,2026-07-20,job-listing,1
https://www.searchsarkarinaukri.com/jobs/bcpl-deputy-manager-instrumentation-recruitment-2026-apply-online-for-1-post--3291,https://www.searchsarkarinaukri.com/sitemap-jobs.xml,2026-07-20,job-listing,1
https://www.searchsarkarinaukri.com/jobs/bcpl-deputy-manager-electrical-recruitment-2026-apply-online-for-1-post--3290,https://www.searchsarkarinaukri.com/sitemap-jobs.xml,2026-07-20,job-listing,1
https://www.searchsarkarinaukri.com/jobs/bcpl-manager-human-resources-recruitment-2026-apply-online-for-1-post--3289,https://www.searchsarkarinaukri.com/sitemap-jobs.xml,2026-07-20,job-listing,1
https://www.searchsarkarinaukri.com/jobs/bcpl-manager-chemical-recruitment-2026-apply-online-for-2-posts--3288,https://www.searchsarkarinaukri.com/sitemap-jobs.xml,2026-07-20,job-listing,1
https://www.searchsarkarinaukri.com/jobs/bcpl-senior-manager-marketing-recruitment-2026-apply-online-for-1-post--3287,https://www.searchsarkarinaukri.com/sitemap-jobs.xml,2026-07-20,job-listing,1
https://www.searchsarkarinaukri.com/jobs/bcpl-senior-manager-mechanical-recruitment-2026-apply-online-for-1-post--3286,https://www.searchsarkarinaukri.com/sitemap-jobs.xml,2026-07-20,job-listing,1
https://www.searchsarkarinaukri.com/jobs/bcpl-senior-manager-finance-accounts-recruitment-2026-apply-online-for-1-post--3285,https://www.searchsarkarinaukri.com/sitemap-jobs.xml,2026-07-20,job-listing,1
https://www.searchsarkarinaukri.com/jobs/bcpl-senior-manager-chemical-recruitment-2026-apply-online-for-2-posts--3284,https://www.searchsarkarinaukri.com/sitemap-jobs.xml,2026-07-20,job-listing,1
https://www.searchsarkarinaukri.com/jobs/bcpl-chief-manager-human-resources-recruitment-2026-apply-online-for-1-post--3283,https://www.searchsarkarinaukri.com/sitemap-jobs.xml,2026-07-20,job-listing,1
https://www.searchsarkarinaukri.com/jobs/bcpl-senior-engineer-instrumentation-recruitment-2026-apply-online-for-1-post--3282,https://www.searchsarkarinaukri.com/sitemap-jobs.xml,2026-07-20,job-listing,1
https://www.searchsarkarinaukri.com/jobs/bcpl-senior-officer-finance-accounts-recruitment-2026-apply-online-for-1-post--3281,https://www.searchsarkarinaukri.com/sitemap-jobs.xml,2026-07-20,job-listing,1
https://www.searchsarkarinaukri.com/jobs/bcpl-senior-engineer-environment-recruitment-2026-apply-online-for-1-post--3280,https://www.searchsarkarinaukri.com/sitemap-jobs.xml,2026-07-20,job-listing,1
https://www.searchsarkarinaukri.com/jobs/bcpl-senior-officer-company-secretariat-recruitment-2026-apply-online-for-1-post--3279,https://www.searchsarkarinaukri.com/sitemap-jobs.xml,2026-07-20,job-listing,1
https://www.searchsarkarinaukri.com/jobs/bcpl-senior-engineer-chemical-recruitment-2026-apply-online-for-2-posts--3278,https://www.searchsarkarinaukri.com/sitemap-jobs.xml,2026-07-20,job-listing,1
https://www.searchsarkarinaukri.com/jobs/bcpl-chief-manager-fire-safety-recruitment-2026-apply-online-for-1-post--3277,https://www.searchsarkarinaukri.com/sitemap-jobs.xml,2026-07-20,job-listing,1
https://www.searchsarkarinaukri.com/jobs/bcpl-deputy-general-manager-fire-safety-recruitment-2026-apply-online-for-1-post--3276,https://www.searchsarkarinaukri.com/sitemap-jobs.xml,2026-07-20,job-listing,1
https://www.searchsarkarinaukri.com/jobs/bcpl-general-manager-chemical-recruitment-2026-apply-online-for-2-posts--3275,https://www.searchsarkarinaukri.com/sitemap-jobs.xml,2026-07-20,job-listing,1
https://www.searchsarkarinaukri.com/jobs/mo-finance-department-of-revenue-tax-policy-research-unit-recruitment-for-the-post-of-research-2026--3274,https://www.searchsarkarinaukri.com/sitemap-jobs.xml,2026-08-01,job-listing,1
https://www.searchsarkarinaukri.com/jobs/national-academy-of-defence-production-recruitment-for-the-post-of-library-2026--3273,https://www.searchsarkarinaukri.com/sitemap-jobs.xml,2026-07-25,job-listing,1
https://www.searchsarkarinaukri.com/jobs/lal-bahadur-shastri-national-academy-of-administration-lbsnaa-do-personnel-training-recruitment-for--3272,https://www.searchsarkarinaukri.com/sitemap-jobs.xml,2026-07-20,job-listing,1
https://www.searchsarkarinaukri.com/jobs/itat-itat-2026--3271,https://www.searchsarkarinaukri.com/sitemap-jobs.xml,2026-08-17,job-listing,1
https://www.searchsarkarinaukri.com/jobs/wcl-nagpur-wcl-nagpur-2026--3270,https://www.searchsarkarinaukri.com/sitemap-jobs.xml,2026-07-25,job-listing,1
https://www.searchsarkarinaukri.com/jobs/icar-central-institute-for-research-on-cotton-technology-apply-for-1-junior-research-fellow-2026--3269,https://www.searchsarkarinaukri.com/sitemap-jobs.xml,2026-08-01,job-listing,1
https://www.searchsarkarinaukri.com/jobs/lokmanya-tilak-municipal-medical-general-hospital-mumbai-lokmanya-tilak-municipal-medical-general-ho--3268,https://www.searchsarkarinaukri.com/sitemap-jobs.xml,2026-07-25,job-listing,1
https://www.searchsarkarinaukri.com/jobs/umed-maharashtra-state-rural-livelihood-mission-msrlm-umed-maharashtra-state-rural-livelihood-2026--3267,https://www.searchsarkarinaukri.com/sitemap-jobs.xml,2026-07-22,job-listing,1
https://www.searchsarkarinaukri.com/jobs/district-hospital-solapur-zilla-rugnalaya-solapur-recruitment-notification-district-hospital-solapur--3266,https://www.searchsarkarinaukri.com/sitemap-jobs.xml,2026-07-25,job-listing,1
https://www.searchsarkarinaukri.com/jobs/nagpur-municipal-corporation-nagpur-mahanagarpalika-nagpur-municipal-corporation-nagpur-mahanagarpal--3265,https://www.searchsarkarinaukri.com/sitemap-jobs.xml,2026-07-23,job-listing,1
https://www.searchsarkarinaukri.com/jobs/maharashtra-fisheries-development-corporation-mumbai-job-opening-at-maharashtra-fisheries-developmen--3264,https://www.searchsarkarinaukri.com/sitemap-jobs.xml,2026-07-24,job-listing,1
https://www.searchsarkarinaukri.com/jobs/job-2026--3263,https://www.searchsarkarinaukri.com/sitemap-jobs.xml,2026-07-23,job-listing,1
https://www.searchsarkarinaukri.com/jobs/job-2026--3262,https://www.searchsarkarinaukri.com/sitemap-jobs.xml,2026-08-08,job-listing,1
https://www.searchsarkarinaukri.com/jobs/esic-mumbai-esic-mumbai-2026--3261,https://www.searchsarkarinaukri.com/sitemap-jobs.xml,2026-07-27,job-listing,1
https://www.searchsarkarinaukri.com/jobs/krcl-krcl-2026--3260,https://www.searchsarkarinaukri.com/sitemap-jobs.xml,2026-07-25,job-listing,1
https://www.searchsarkarinaukri.com/jobs/income-tax-appellate-tribunal-income-tax-appellate-tribunal-2026--3259,https://www.searchsarkarinaukri.com/sitemap-jobs.xml,2026-08-17,job-listing,1
https://www.searchsarkarinaukri.com/jobs/ahmednagar-merchant-co-op-bank-ahmednagar-merchant-co-op-bank-2026--3258,https://www.searchsarkarinaukri.com/sitemap-jobs.xml,2026-07-27,job-listing,1
https://www.searchsarkarinaukri.com/jobs/mpsc-group-c-mpsc-group-c-2026--3257,https://www.searchsarkarinaukri.com/sitemap-jobs.xml,2026-08-04,job-listing,1
https://www.searchsarkarinaukri.com/jobs/isro-vssc-isro-vssc-2026--3256,https://www.searchsarkarinaukri.com/sitemap-jobs.xml,2026-07-26,job-listing,1
https://www.searchsarkarinaukri.com/jobs/sgbau-amravati-sgbau-amravati-2026--3255,https://www.searchsarkarinaukri.com/sitemap-jobs.xml,2026-08-02,job-listing,1
https://www.searchsarkarinaukri.com/jobs/institute-of-chartered-accountants-of-india-institute-of-chartered-accountants-of-india-2026--3254,https://www.searchsarkarinaukri.com/sitemap-jobs.xml,2026-08-01,job-listing,1
https://www.searchsarkarinaukri.com/jobs/gmc-chandrapur-gmc-chandrapur-2026--3253,https://www.searchsarkarinaukri.com/sitemap-jobs.xml,2026-07-28,job-listing,1
https://www.searchsarkarinaukri.com/jobs/rites-rites-2026--3252,https://www.searchsarkarinaukri.com/sitemap-jobs.xml,2026-08-18,job-listing,1
https://www.searchsarkarinaukri.com/jobs/bal-vikas-prakalp-mumbai-bal-vikas-prakalp-mumbai-2026--3251,https://www.searchsarkarinaukri.com/sitemap-jobs.xml,2026-07-28,job-listing,1
https://www.searchsarkarinaukri.com/jobs/kvs-ahilyanagar-kvs-ahilyanagar-2026--3250,https://www.searchsarkarinaukri.com/sitemap-jobs.xml,2026-07-24,job-listing,1
https://www.searchsarkarinaukri.com/jobs/government-medical-college-miraj-government-medical-college-miraj-2026--3249,https://www.searchsarkarinaukri.com/sitemap-jobs.xml,2026-07-21,job-listing,1
https://www.searchsarkarinaukri.com/jobs/afms-bsc-nursing-admission-afms-bsc-nursing-admission-2026--3248,https://www.searchsarkarinaukri.com/sitemap-jobs.xml,2026-08-01,job-listing,1
https://www.searchsarkarinaukri.com/jobs/mgims-wardha-mgims-wardha-2026--3247,https://www.searchsarkarinaukri.com/sitemap-jobs.xml,2026-08-08,job-listing,1
https://www.searchsarkarinaukri.com/jobs/kem-hospital-mumbai-kem-hospital-mumbai-2026--3246,https://www.searchsarkarinaukri.com/sitemap-jobs.xml,2026-07-23,job-listing,1
https://www.searchsarkarinaukri.com/jobs/steel-authority-of-india-limited-steel-authority-of-india-limited-2026--3245,https://www.searchsarkarinaukri.com/sitemap-jobs.xml,2026-07-19,job-listing,1
https://www.searchsarkarinaukri.com/jobs/all-india-institute-of-medical-sciences-nagpur-all-india-institute-of-medical-sciences-2026--3244,https://www.searchsarkarinaukri.com/sitemap-jobs.xml,2026-07-26,job-listing,1
https://www.searchsarkarinaukri.com/jobs/svnirtar-laboratory-technician-grade-i-recruitment-2026-apply-online-for-1-post--3243,https://www.searchsarkarinaukri.com/sitemap-jobs.xml,2026-07-18,job-listing,1
https://www.searchsarkarinaukri.com/jobs/svnirtar-radiographer-grade-i-recruitment-2026-apply-online-for-1-post--3242,https://www.searchsarkarinaukri.com/sitemap-jobs.xml,2026-07-18,job-listing,1
https://www.searchsarkarinaukri.com/jobs/svnirtar-senior-stenographer-recruitment-2026-apply-online-for-1-post--3241,https://www.searchsarkarinaukri.com/sitemap-jobs.xml,2026-07-18,job-listing,1
https://www.searchsarkarinaukri.com/jobs/svnirtar-speech-therapist-recruitment-2026-apply-online-for-1-post--3240,https://www.searchsarkarinaukri.com/sitemap-jobs.xml,2026-07-18,job-listing,1
https://www.searchsarkarinaukri.com/jobs/svnirtar-workshop-supervisor-cum-store-keeper-recruitment-2026-apply-online-for-1-post--3239,https://www.searchsarkarinaukri.com/sitemap-jobs.xml,2026-07-18,job-listing,1
https://www.searchsarkarinaukri.com/jobs/svnirtar-accountant-recruitment-2026-apply-online-for-1-post--3238,https://www.searchsarkarinaukri.com/sitemap-jobs.xml,2026-07-18,job-listing,1
https://www.searchsarkarinaukri.com/jobs/svnirtar-assistant-recruitment-2026-apply-online-for-1-post--3237,https://www.searchsarkarinaukri.com/sitemap-jobs.xml,2026-07-18,job-listing,1
https://www.searchsarkarinaukri.com/jobs/svnirtar-speech-pathologist-audiologist-grade-ii-recruitment-2026-apply-online-for-1-post--3236,https://www.searchsarkarinaukri.com/sitemap-jobs.xml,2026-07-18,job-listing,1
https://www.searchsarkarinaukri.com/jobs/svnirtar-special-educator-orientation-mobility-instructor-recruitment-2026-apply-online-for-1-post--3235,https://www.searchsarkarinaukri.com/sitemap-jobs.xml,2026-07-18,job-listing,1
https://www.searchsarkarinaukri.com/jobs/svnirtar-prosthetist-orthotist-recruitment-2026-apply-online-for-1-post--3234,https://www.searchsarkarinaukri.com/sitemap-jobs.xml,2026-07-18,job-listing,1
https://www.searchsarkarinaukri.com/jobs/svnirtar-rehabilitation-officer-recruitment-2026-apply-online-for-1-post--3233,https://www.searchsarkarinaukri.com/sitemap-jobs.xml,2026-07-18,job-listing,1
https://www.searchsarkarinaukri.com/jobs/svnirtar-lecturer-occupational-therapy-recruitment-2026-apply-online-for-1-post--3232,https://www.searchsarkarinaukri.com/sitemap-jobs.xml,2026-07-18,job-listing,1
https://www.searchsarkarinaukri.com/jobs/svnirtar-assistant-professor-special-education-recruitment-2026-apply-online-for-1-post--3231,https://www.searchsarkarinaukri.com/sitemap-jobs.xml,2026-07-18,job-listing,1
https://www.searchsarkarinaukri.com/jobs/svnirtar-associate-professor-clinical-psychology-recruitment-2026-apply-online-for-1-post--3230,https://www.searchsarkarinaukri.com/sitemap-jobs.xml,2026-07-18,job-listing,1
https://www.searchsarkarinaukri.com/jobs/svnirtar-associate-professor-speech-language-pathology-audiology-recruitment-2026-apply-online-for-1-post--3229,https://www.searchsarkarinaukri.com/sitemap-jobs.xml,2026-07-18,job-listing,1
https://www.searchsarkarinaukri.com/jobs/wii-scientific-administrative-assistant-field-worker-recruitment-2026-apply-online-for-3-posts--3228,https://www.searchsarkarinaukri.com/sitemap-jobs.xml,2026-07-18,job-listing,1
https://www.searchsarkarinaukri.com/jobs/wii-senior-project-associate-recruitment-2026-apply-online-for-1-post--3227,https://www.searchsarkarinaukri.com/sitemap-jobs.xml,2026-07-18,job-listing,1
https://www.searchsarkarinaukri.com/jobs/wii-project-associate-ii-recruitment-2026-apply-online-for-3-posts--3226,https://www.searchsarkarinaukri.com/sitemap-jobs.xml,2026-07-18,job-listing,1
https://www.searchsarkarinaukri.com/jobs/wii-project-associate-i-recruitment-2026-apply-online-for-4-posts--3225,https://www.searchsarkarinaukri.com/sitemap-jobs.xml,2026-07-18,job-listing,1
https://www.searchsarkarinaukri.com/jobs/wii-project-assistant-recruitment-2026-apply-online-for-6-posts--3224,https://www.searchsarkarinaukri.com/sitemap-jobs.xml,2026-07-18,job-listing,1
https://www.searchsarkarinaukri.com/jobs/wii-administrative-assistant-recruitment-2026-apply-online-for-2-posts--3223,https://www.searchsarkarinaukri.com/sitemap-jobs.xml,2026-07-18,job-listing,1
https://www.searchsarkarinaukri.com/jobs/wcl-assistant-foreman-electrical-recruitment-2026-apply-online-for-224-posts--3222,https://www.searchsarkarinaukri.com/sitemap-jobs.xml,2026-07-18,job-listing,1
https://www.searchsarkarinaukri.com/jobs/barc-mumbai-barc-mumbai-2026--3220,https://www.searchsarkarinaukri.com/sitemap-jobs.xml,2026-08-19,job-listing,1
https://www.searchsarkarinaukri.com/jobs/igcar-igcar-2026--3219,https://www.searchsarkarinaukri.com/sitemap-jobs.xml,2026-08-20,job-listing,1
https://www.searchsarkarinaukri.com/jobs/tata-memorial-hospital-mumbai-tata-memorial-hospital-mumbai-2026--3218,https://www.searchsarkarinaukri.com/sitemap-jobs.xml,2026-07-25,job-listing,1
https://www.searchsarkarinaukri.com/jobs/district-civil-hospital-solapur-district-civil-hospital-solapur-2026--3217,https://www.searchsarkarinaukri.com/sitemap-jobs.xml,2026-07-25,job-listing,1
https://www.searchsarkarinaukri.com/jobs/gmc-goa-gmc-goa-2026--3216,https://www.searchsarkarinaukri.com/sitemap-jobs.xml,2026-07-25,job-listing,1
https://www.searchsarkarinaukri.com/jobs/bank-of-baroda-bank-of-baroda-2026--3215,https://www.searchsarkarinaukri.com/sitemap-jobs.xml,2026-08-01,job-listing,1
https://www.searchsarkarinaukri.com/jobs/janata-sahakari-bank-kolhapur-janata-sahakari-bank-kolhapur-2026--3214,https://www.searchsarkarinaukri.com/sitemap-jobs.xml,2026-08-01,job-listing,1
https://www.searchsarkarinaukri.com/jobs/mpsc-group-c-services-combined-preliminary-examination-mpsc-group-c-services-combined-preliminary-20--3213,https://www.searchsarkarinaukri.com/sitemap-jobs.xml,2026-08-04,job-listing,1
https://www.searchsarkarinaukri.com/jobs/umed-msrlm-chandrapur-umed-msrlm-chandrapur-2026--3212,https://www.searchsarkarinaukri.com/sitemap-jobs.xml,2026-07-22,job-listing,1
https://www.searchsarkarinaukri.com/jobs/national-insurance-company-ltd-national-insurance-company-ltd-2026--3211,https://www.searchsarkarinaukri.com/sitemap-jobs.xml,2026-08-08,job-listing,1
https://www.searchsarkarinaukri.com/jobs/aiims-delhi-aiims-delhi-2026--3210,https://www.searchsarkarinaukri.com/sitemap-jobs.xml,2026-07-21,job-listing,1
https://www.searchsarkarinaukri.com/jobs/swami-ramanand-teerth-marathwada-university-nanded-swami-ramanand-teerth-marathwada-university-nande--3208,https://www.searchsarkarinaukri.com/sitemap-jobs.xml,2026-07-26,job-listing,1
https://www.searchsarkarinaukri.com/jobs/government-medical-college-jalna-job-openings-at-government-medical-college-2026--3207,https://www.searchsarkarinaukri.com/sitemap-jobs.xml,2026-07-31,job-listing,1
https://www.searchsarkarinaukri.com/jobs/arogya-vibhag-zilla-parishad-hingoli-job-openings-at-arogya-vibhag-zilla-2026--3206,https://www.searchsarkarinaukri.com/sitemap-jobs.xml,2026-07-28,job-listing,1
https://www.searchsarkarinaukri.com/jobs/debt-recovery-tribunal-nagpur-recruitment-notification-debt-recovery-tribunal-nagpur-2026--3205,https://www.searchsarkarinaukri.com/sitemap-jobs.xml,2026-07-29,job-listing,1
https://www.searchsarkarinaukri.com/jobs/maharashtra-social-justice-special-assistance-department-apply-for-6-chb-teacher-english-2026--3204,https://www.searchsarkarinaukri.com/sitemap-jobs.xml,2026-07-23,job-listing,1
https://www.searchsarkarinaukri.com/jobs/maharashtra-state-electricity-distribution-company-limited-msedcl-maharashtra-state-electricity-dist--3201,https://www.searchsarkarinaukri.com/sitemap-jobs.xml,2026-07-23,job-listing,1
https://www.searchsarkarinaukri.com/jobs/csir-national-chemical-laboratory-pune-job-opening-at-csir-national-2026--3200,https://www.searchsarkarinaukri.com/sitemap-jobs.xml,2026-08-03,job-listing,1
https://www.searchsarkarinaukri.com/jobs/ordnance-factory-hospital-bhandara-job-opening-at-ordnance-factory-hospital-2026--3199,https://www.searchsarkarinaukri.com/sitemap-jobs.xml,2026-07-24,job-listing,1
https://www.searchsarkarinaukri.com/jobs/navodaya-vidyalaya-samiti-nvs-pune-region-navodaya-vidyalaya-samiti-nvs-pune-region-2026--3198,https://www.searchsarkarinaukri.com/sitemap-jobs.xml,2026-07-21,job-listing,1
https://www.searchsarkarinaukri.com/jobs/nagpur-mahanagarpalika-nagpur-municipal-corporation-nagpur-mahanagarpalika-nagpur-municipal-corporat--3197,https://www.searchsarkarinaukri.com/sitemap-jobs.xml,2026-07-23,job-listing,1
https://www.searchsarkarinaukri.com/jobs/mrudu-and-jalsandharan-vibhag-department-of-soil-and-water-conservation-mrudu-and-jalsandharan-vibha--3196,https://www.searchsarkarinaukri.com/sitemap-jobs.xml,2026-07-25,job-listing,1
https://www.searchsarkarinaukri.com/jobs/cwc-young-professional-recruitment-2026-apply-online-for-6-posts--3195,https://www.searchsarkarinaukri.com/sitemap-jobs.xml,2026-07-17,job-listing,1
https://www.searchsarkarinaukri.com/jobs/ongc-graduate-trainee-recruitment-2026-apply-online-for-geologists-engineers-posts--3194,https://www.searchsarkarinaukri.com/sitemap-jobs.xml,2026-07-17,job-listing,1
https://www.searchsarkarinaukri.com/jobs/nclt-staff-car-driver-recruitment-2026-apply-offline-for-2-posts--3193,https://www.searchsarkarinaukri.com/sitemap-jobs.xml,2026-07-17,job-listing,1
https://www.searchsarkarinaukri.com/jobs/nclt-upper-division-clerk-recruitment-2026-apply-offline-for-3-posts--3192,https://www.searchsarkarinaukri.com/sitemap-jobs.xml,2026-07-17,job-listing,1
https://www.searchsarkarinaukri.com/jobs/nclt-record-assistant-recruitment-2026-apply-offline-for-8-posts--3191,https://www.searchsarkarinaukri.com/sitemap-jobs.xml,2026-07-17,job-listing,1
https://www.searchsarkarinaukri.com/jobs/nclt-cashier-recruitment-2026-apply-offline-for-1-post--3190,https://www.searchsarkarinaukri.com/sitemap-jobs.xml,2026-07-17,job-listing,1
https://www.searchsarkarinaukri.com/jobs/nclt-stenographer-grade-i-personal-assistant-recruitment-2026-apply-offline-for-7-posts--3189,https://www.searchsarkarinaukri.com/sitemap-jobs.xml,2026-07-17,job-listing,1
https://www.searchsarkarinaukri.com/jobs/nclt-assistant-recruitment-2026-apply-offline-for-14-posts--3188,https://www.searchsarkarinaukri.com/sitemap-jobs.xml,2026-07-17,job-listing,1
https://www.searchsarkarinaukri.com/jobs/nclt-senior-legal-assistant-recruitment-2026-apply-offline-for-20-posts--3187,https://www.searchsarkarinaukri.com/sitemap-jobs.xml,2026-07-17,job-listing,1
https://www.searchsarkarinaukri.com/jobs/nclt-private-secretary-recruitment-2026-apply-offline-for-23-posts--3186,https://www.searchsarkarinaukri.com/sitemap-jobs.xml,2026-07-17,job-listing,1
https://www.searchsarkarinaukri.com/jobs/nclt-court-officer-recruitment-2026-apply-offline-for-12-posts--3185,https://www.searchsarkarinaukri.com/sitemap-jobs.xml,2026-07-17,job-listing,1
https://www.searchsarkarinaukri.com/jobs/nclt-programmer-recruitment-2026-apply-offline-for-1-post--3184,https://www.searchsarkarinaukri.com/sitemap-jobs.xml,2026-07-17,job-listing,1
https://www.searchsarkarinaukri.com/jobs/nclt-assistant-registrar-recruitment-2026-apply-offline-for-2-posts--3183,https://www.searchsarkarinaukri.com/sitemap-jobs.xml,2026-07-17,job-listing,1
https://www.searchsarkarinaukri.com/jobs/nclt-deputy-registrar-recruitment-2026-apply-offline-for-6-posts--3182,https://www.searchsarkarinaukri.com/sitemap-jobs.xml,2026-07-17,job-listing,1
https://www.searchsarkarinaukri.com/jobs/nclt-joint-registrar-recruitment-2026-apply-offline-for-2-posts--3181,https://www.searchsarkarinaukri.com/sitemap-jobs.xml,2026-07-17,job-listing,1
https://www.searchsarkarinaukri.com/jobs/iit-kanpur-project-research-scientist-i-recruitment-2026--3180,https://www.searchsarkarinaukri.com/sitemap-jobs.xml,2026-07-17,job-listing,1
https://www.searchsarkarinaukri.com/jobs/icar-ivri-junior-research-fellow-recruitment-2026--3179,https://www.searchsarkarinaukri.com/sitemap-jobs.xml,2026-07-17,job-listing,1
https://www.searchsarkarinaukri.com/jobs/iit-hyderabad-research-associate-ii-recruitment-2026--3178,https://www.searchsarkarinaukri.com/sitemap-jobs.xml,2026-07-17,job-listing,1
https://www.searchsarkarinaukri.com/jobs/ukmssb-associate-professor-recruitment-2026-apply-online-for-46-posts--3177,https://www.searchsarkarinaukri.com/sitemap-jobs.xml,2026-07-17,job-listing,1
https://www.searchsarkarinaukri.com/jobs/ukmssb-professor-recruitment-2026-apply-online-for-8-posts--3176,https://www.searchsarkarinaukri.com/sitemap-jobs.xml,2026-07-17,job-listing,1
https://www.searchsarkarinaukri.com/jobs/nicl-assistant-recruitment-2026-apply-online-for-500-posts--3175,https://www.searchsarkarinaukri.com/sitemap-jobs.xml,2026-07-17,job-listing,1
https://www.searchsarkarinaukri.com/jobs/up-anganwadi-worker-recruitment-2026-apply-for-119-posts--3174,https://www.searchsarkarinaukri.com/sitemap-jobs.xml,2026-07-17,job-listing,1
https://www.searchsarkarinaukri.com/jobs/gokhale-institute-of-politics-and-economics-pune-gokhale-institute-of-politics-and-economics-2026--3173,https://www.searchsarkarinaukri.com/sitemap-jobs.xml,2026-07-21,job-listing,1
https://www.searchsarkarinaukri.com/jobs/nagpur-mahanagarpalika-nagpur-mahanagarpalika-2026--3172,https://www.searchsarkarinaukri.com/sitemap-jobs.xml,2026-07-23,job-listing,1
https://www.searchsarkarinaukri.com/jobs/sbi-mumbai-sbi-mumbai-2026--3171,https://www.searchsarkarinaukri.com/sitemap-jobs.xml,2026-07-22,job-listing,1
https://www.searchsarkarinaukri.com/jobs/shri-saibaba-sansthan-shri-saibaba-sansthan-2026--3170,https://www.searchsarkarinaukri.com/sitemap-jobs.xml,2026-08-15,job-listing,1
https://www.searchsarkarinaukri.com/jobs/water-and-conservation-department-water-and-conservation-department-2026--3169,https://www.searchsarkarinaukri.com/sitemap-jobs.xml,2026-07-27,job-listing,1
https://www.searchsarkarinaukri.com/jobs/nmmc-nmmc-2026--3168,https://www.searchsarkarinaukri.com/sitemap-jobs.xml,2026-07-25,job-listing,1
https://www.searchsarkarinaukri.com/jobs/lit-nagpur-lit-nagpur-2026--3167,https://www.searchsarkarinaukri.com/sitemap-jobs.xml,2026-07-18,job-listing,1
https://www.searchsarkarinaukri.com/jobs/nhm-sambhaji-nagar-nhm-sambhaji-nagar-2026--3166,https://www.searchsarkarinaukri.com/sitemap-jobs.xml,2026-07-25,job-listing,1
https://www.searchsarkarinaukri.com/jobs/engineering-projects-india-limited-engineering-projects-india-limited-2026--3165,https://www.searchsarkarinaukri.com/sitemap-jobs.xml,2026-08-06,job-listing,1
https://www.searchsarkarinaukri.com/jobs/indian-air-force-agniveer-indian-air-force-agniveer-2026--3164,https://www.searchsarkarinaukri.com/sitemap-jobs.xml,2026-08-03,job-listing,1
https://www.searchsarkarinaukri.com/jobs/tata-institute-of-social-sciences-tiss-mumbai-tata-institute-of-social-sciences-tiss-2026--3163,https://www.searchsarkarinaukri.com/sitemap-jobs.xml,2026-07-24,job-listing,1
https://www.searchsarkarinaukri.com/jobs/mrudu-and-jalsandharan-vibhag-department-of-soil-and-water-conservation-mumbai-mrudu-and-jalsandhara--3162,https://www.searchsarkarinaukri.com/sitemap-jobs.xml,2026-07-23,job-listing,1
https://www.searchsarkarinaukri.com/jobs/solapur-municipal-corporation-solapur-mahanagarpalika-recruitment-notification-solapur-municipal-cor--3161,https://www.searchsarkarinaukri.com/sitemap-jobs.xml,2026-07-18,job-listing,1
https://www.searchsarkarinaukri.com/jobs/maharashtra-institution-for-transformation-maha-mitra-recruitment-notification-maharashtra-instituti--3160,https://www.searchsarkarinaukri.com/sitemap-jobs.xml,2026-07-29,job-listing,1
https://www.searchsarkarinaukri.com/jobs/hindustan-petroleum-corporation-limited-recruitment-notification-hindustan-petroleum-corporation-lim--3159,https://www.searchsarkarinaukri.com/sitemap-jobs.xml,2026-08-01,job-listing,1
https://www.searchsarkarinaukri.com/jobs/shipping-corporation-of-india-limited-recruitment-notification-shipping-corporation-of-india-2026--3158,https://www.searchsarkarinaukri.com/sitemap-jobs.xml,2026-07-29,job-listing,1
https://www.searchsarkarinaukri.com/jobs/government-polytechnic-vikramgad-dist-palghar-government-polytechnic-vikramgad-dist-palghar-recruitm--3157,https://www.searchsarkarinaukri.com/sitemap-jobs.xml,2026-07-22,job-listing,1
https://www.searchsarkarinaukri.com/jobs/hpcl-graduate-apprentice-instrumentation-engineering-recruitment-2026--3155,https://www.searchsarkarinaukri.com/sitemap-jobs.xml,2026-07-16,job-listing,1
https://www.searchsarkarinaukri.com/jobs/hpcl-graduate-apprentice-electrical-engineering-recruitment-2026--3154,https://www.searchsarkarinaukri.com/sitemap-jobs.xml,2026-07-16,job-listing,1
https://www.searchsarkarinaukri.com/jobs/hpcl-graduate-apprentice-mechanical-engineering-recruitment-2026--3153,https://www.searchsarkarinaukri.com/sitemap-jobs.xml,2026-07-16,job-listing,1
https://www.searchsarkarinaukri.com/jobs/hpcl-graduate-apprentice-civil-engineering-recruitment-2026--3152,https://www.searchsarkarinaukri.com/sitemap-jobs.xml,2026-07-16,job-listing,1
https://www.searchsarkarinaukri.com/jobs/iit-indore-joint-research-fellow-recruitment-2026--3151,https://www.searchsarkarinaukri.com/sitemap-jobs.xml,2026-07-16,job-listing,1
https://www.searchsarkarinaukri.com/jobs/cmti-project-associate-i-recruitment-2026--3150,https://www.searchsarkarinaukri.com/sitemap-jobs.xml,2026-07-16,job-listing,1
https://www.searchsarkarinaukri.com/jobs/sbi-bank-medical-officer-recruitment-2026--3149,https://www.searchsarkarinaukri.com/sitemap-jobs.xml,2026-07-16,job-listing,1
https://www.searchsarkarinaukri.com/jobs/iaf-agniveervayu-musician-recruitment-2026--3148,https://www.searchsarkarinaukri.com/sitemap-jobs.xml,2026-07-16,job-listing,1
https://www.searchsarkarinaukri.com/jobs/indian-overseas-bank-apprentice-recruitment-2026--3147,https://www.searchsarkarinaukri.com/sitemap-jobs.xml,2026-07-16,job-listing,1
https://www.searchsarkarinaukri.com/jobs/icai-executive-officer-recruitment-2026--3146,https://www.searchsarkarinaukri.com/sitemap-jobs.xml,2026-07-16,job-listing,1
https://www.searchsarkarinaukri.com/jobs/rrc-central-railway-sports-quota-group-d-level-1-recruitment-2026--3145,https://www.searchsarkarinaukri.com/sitemap-jobs.xml,2026-07-16,job-listing,1
https://www.searchsarkarinaukri.com/jobs/rrc-central-railway-sports-quota-group-c-level-3-2-recruitment-2026--3144,https://www.searchsarkarinaukri.com/sitemap-jobs.xml,2026-07-16,job-listing,1
https://www.searchsarkarinaukri.com/jobs/rrc-central-railway-sports-quota-group-c-level-5-4-recruitment-2026--3143,https://www.searchsarkarinaukri.com/sitemap-jobs.xml,2026-07-16,job-listing,1
https://www.searchsarkarinaukri.com/jobs/nabfid-business-analyst-internal-audit-recruitment-2026--3142,https://www.searchsarkarinaukri.com/sitemap-jobs.xml,2026-07-16,job-listing,1
https://www.searchsarkarinaukri.com/jobs/nabfid-business-analyst-compliance-recruitment-2026--3141,https://www.searchsarkarinaukri.com/sitemap-jobs.xml,2026-07-16,job-listing,1
https://www.searchsarkarinaukri.com/jobs/nabfid-business-analyst-investment-treasury-recruitment-2026--3140,https://www.searchsarkarinaukri.com/sitemap-jobs.xml,2026-07-16,job-listing,1
https://www.searchsarkarinaukri.com/jobs/nabfid-business-analyst-accounts-recruitment-2026--3139,https://www.searchsarkarinaukri.com/sitemap-jobs.xml,2026-07-16,job-listing,1
https://www.searchsarkarinaukri.com/jobs/nabfid-business-analyst-risk-management-recruitment-2026--3138,https://www.searchsarkarinaukri.com/sitemap-jobs.xml,2026-07-16,job-listing,1
https://www.searchsarkarinaukri.com/jobs/nabfid-business-analyst-lending-project-finance-recruitment-2026--3137,https://www.searchsarkarinaukri.com/sitemap-jobs.xml,2026-07-16,job-listing,1
https://www.searchsarkarinaukri.com/jobs/cert-in-scientist-b-electronics-communication-recruitment-2026--3136,https://www.searchsarkarinaukri.com/sitemap-jobs.xml,2026-07-16,job-listing,1
https://www.searchsarkarinaukri.com/jobs/cert-in-scientist-b-data-science-artificial-intelligence-recruitment-2026--3135,https://www.searchsarkarinaukri.com/sitemap-jobs.xml,2026-07-16,job-listing,1
https://www.searchsarkarinaukri.com/jobs/cert-in-scientist-b-computer-science-recruitment-2026--3134,https://www.searchsarkarinaukri.com/sitemap-jobs.xml,2026-07-16,job-listing,1
https://www.searchsarkarinaukri.com/jobs/north-east-frontier-railway-north-east-frontier-railway-2026--3133,https://www.searchsarkarinaukri.com/sitemap-jobs.xml,2026-08-20,job-listing,1
https://www.searchsarkarinaukri.com/jobs/rrium-rrium-2026--3132,https://www.searchsarkarinaukri.com/sitemap-jobs.xml,2026-07-28,job-listing,1
https://www.searchsarkarinaukri.com/jobs/cicr-nagpur-cicr-nagpur-2026--3131,https://www.searchsarkarinaukri.com/sitemap-jobs.xml,2026-07-22,job-listing,1
https://www.searchsarkarinaukri.com/jobs/mahagenco-mahagenco-2026--3130,https://www.searchsarkarinaukri.com/sitemap-jobs.xml,2026-08-06,job-listing,1
https://www.searchsarkarinaukri.com/jobs/mahavitaran-jalgaon-bharti-2026-details-mahavitaran-jalgaon-bharti-2026-details-2026--3129,https://www.searchsarkarinaukri.com/sitemap-jobs.xml,2026-07-23,job-listing,1
https://www.searchsarkarinaukri.com/jobs/mahavitaran-bhusawal-bharti-2026-details-mahavitaran-bhusawal-bharti-2026-details-2026--3128,https://www.searchsarkarinaukri.com/sitemap-jobs.xml,2026-07-23,job-listing,1
https://www.searchsarkarinaukri.com/jobs/mahavitaran-raver-bharti-2026-details-mahavitaran-raver-bharti-2026-details-2026--3127,https://www.searchsarkarinaukri.com/sitemap-jobs.xml,2026-07-23,job-listing,1
https://www.searchsarkarinaukri.com/jobs/shaskiya-nivasi-shala-shaskiya-nivasi-shala-2026--3126,https://www.searchsarkarinaukri.com/sitemap-jobs.xml,2026-07-23,job-listing,1
https://www.searchsarkarinaukri.com/jobs/mahavitaran-pachora-bharti-2026-details-mahavitaran-pachora-bharti-2026-details-2026--3125,https://www.searchsarkarinaukri.com/sitemap-jobs.xml,2026-07-23,job-listing,1
https://www.searchsarkarinaukri.com/jobs/jnv-buldhana-jnv-buldhana-2026--3124,https://www.searchsarkarinaukri.com/sitemap-jobs.xml,2026-07-19,job-listing,1
https://www.searchsarkarinaukri.com/jobs/zp-hingoli-zp-hingoli-2026--3123,https://www.searchsarkarinaukri.com/sitemap-jobs.xml,2026-07-28,job-listing,1
https://www.searchsarkarinaukri.com/jobs/government-medical-college-jalna-government-medical-college-jalna-2026--3122,https://www.searchsarkarinaukri.com/sitemap-jobs.xml,2026-07-31,job-listing,1
https://www.searchsarkarinaukri.com/jobs/samaj-kalyan-vibhag-nagpur-samaj-kalyan-vibhag-nagpur-2026--3121,https://www.searchsarkarinaukri.com/sitemap-jobs.xml,2026-07-23,job-listing,1
https://www.searchsarkarinaukri.com/jobs/national-film-development-corporation-mumbai-national-film-development-corporation-mumbai-2026--3120,https://www.searchsarkarinaukri.com/sitemap-jobs.xml,2026-07-25,job-listing,1
https://www.searchsarkarinaukri.com/jobs/srtmun-srtmun-2026--3119,https://www.searchsarkarinaukri.com/sitemap-jobs.xml,2026-07-26,job-listing,1
https://www.searchsarkarinaukri.com/jobs/department-of-defence-production-department-of-defence-production-2026--3118,https://www.searchsarkarinaukri.com/sitemap-jobs.xml,2026-08-18,job-listing,1
https://www.searchsarkarinaukri.com/jobs/nhm-dharashiv-nhm-dharashiv-2026--3117,https://www.searchsarkarinaukri.com/sitemap-jobs.xml,2026-07-16,job-listing,1
https://www.searchsarkarinaukri.com/jobs/maha-housing-maha-housing-2026--3116,https://www.searchsarkarinaukri.com/sitemap-jobs.xml,2026-07-27,job-listing,1
https://www.searchsarkarinaukri.com/jobs/idbi-bank-manager-recruitment-2026--3115,https://www.searchsarkarinaukri.com/sitemap-jobs.xml,2026-07-15,job-listing,1
https://www.searchsarkarinaukri.com/jobs/idbi-bank-assistant-general-manager-recruitment-2026--3114,https://www.searchsarkarinaukri.com/sitemap-jobs.xml,2026-07-15,job-listing,1
https://www.searchsarkarinaukri.com/jobs/idbi-bank-deputy-general-manager-recruitment-2026--3113,https://www.searchsarkarinaukri.com/sitemap-jobs.xml,2026-07-15,job-listing,1
https://www.searchsarkarinaukri.com/jobs/kea-village-administrative-officer-kalyana-karnataka-recruitment-2026--3112,https://www.searchsarkarinaukri.com/sitemap-jobs.xml,2026-07-15,job-listing,1
https://www.searchsarkarinaukri.com/jobs/kea-village-administrative-officer-rpc-recruitment-2026--3111,https://www.searchsarkarinaukri.com/sitemap-jobs.xml,2026-07-15,job-listing,1
https://www.searchsarkarinaukri.com/jobs/rrb-section-controller-recruitment-2026--3110,https://www.searchsarkarinaukri.com/sitemap-jobs.xml,2026-07-15,job-listing,1
https://www.searchsarkarinaukri.com/jobs/nfr-katihar-division-tdh-workshop-apprentice-recruitment-2026--3109,https://www.searchsarkarinaukri.com/sitemap-jobs.xml,2026-07-15,job-listing,1
https://www.searchsarkarinaukri.com/jobs/trade-apprentice-data-entry-operator-skill-certificate-holders-recruitment-2026--3108,https://www.searchsarkarinaukri.com/sitemap-jobs.xml,2026-07-15,job-listing,1
https://www.searchsarkarinaukri.com/jobs/trade-apprentice-data-entry-operator-fresher-recruitment-2026--3107,https://www.searchsarkarinaukri.com/sitemap-jobs.xml,2026-07-15,job-listing,1
https://www.searchsarkarinaukri.com/jobs/trade-apprentice-accountant-recruitment-2026--3106,https://www.searchsarkarinaukri.com/sitemap-jobs.xml,2026-07-15,job-listing,1
https://www.searchsarkarinaukri.com/jobs/trade-apprentice-secretarial-assistant-new-delhi-recruitment-2026--3105,https://www.searchsarkarinaukri.com/sitemap-jobs.xml,2026-07-15,job-listing,1
https://www.searchsarkarinaukri.com/jobs/trade-apprentice-secretarial-assistant-panipat-recruitment-2026--3104,https://www.searchsarkarinaukri.com/sitemap-jobs.xml,2026-07-15,job-listing,1
https://www.searchsarkarinaukri.com/jobs/technician-apprentice-instrumentation-recruitment-2026--3103,https://www.searchsarkarinaukri.com/sitemap-jobs.xml,2026-07-15,job-listing,1
https://www.searchsarkarinaukri.com/jobs/technician-apprentice-electrical-recruitment-2026--3102,https://www.searchsarkarinaukri.com/sitemap-jobs.xml,2026-07-15,job-listing,1
https://www.searchsarkarinaukri.com/jobs/technician-apprentice-mechanical-recruitment-2026--3101,https://www.searchsarkarinaukri.com/sitemap-jobs.xml,2026-07-15,job-listing,1
https://www.searchsarkarinaukri.com/jobs/technician-apprentice-chemical-recruitment-2026--3100,https://www.searchsarkarinaukri.com/sitemap-jobs.xml,2026-07-15,job-listing,1
https://www.searchsarkarinaukri.com/jobs/trade-apprentice-fitter-recruitment-2026--3099,https://www.searchsarkarinaukri.com/sitemap-jobs.xml,2026-07-15,job-listing,1
https://www.searchsarkarinaukri.com/jobs/trade-apprentice-attendant-operator-chemical-plant-recruitment-2026--3098,https://www.searchsarkarinaukri.com/sitemap-jobs.xml,2026-07-15,job-listing,1
https://www.searchsarkarinaukri.com/jobs/sports-officer-recruitment-2026--3097,https://www.searchsarkarinaukri.com/sitemap-jobs.xml,2026-07-15,job-listing,1
https://www.searchsarkarinaukri.com/jobs/chief-sports-officer-recruitment-2026--3096,https://www.searchsarkarinaukri.com/sitemap-jobs.xml,2026-07-15,job-listing,1
https://www.searchsarkarinaukri.com/jobs/hindi-officer-recruitment-2026--3095,https://www.searchsarkarinaukri.com/sitemap-jobs.xml,2026-07-15,job-listing,1
https://www.searchsarkarinaukri.com/jobs/assistant-executive-engineer-recruitment-2026--3094,https://www.searchsarkarinaukri.com/sitemap-jobs.xml,2026-07-15,job-listing,1
https://www.searchsarkarinaukri.com/jobs/executive-engineer-recruitment-2026--3093,https://www.searchsarkarinaukri.com/sitemap-jobs.xml,2026-07-15,job-listing,1
https://www.searchsarkarinaukri.com/jobs/system-analyst-recruitment-2026--3092,https://www.searchsarkarinaukri.com/sitemap-jobs.xml,2026-07-15,job-listing,1
https://www.searchsarkarinaukri.com/jobs/esis-hospital-solapur-esis-hospital-solapur-2026--3091,https://www.searchsarkarinaukri.com/sitemap-jobs.xml,2026-07-16,job-listing,1
https://www.searchsarkarinaukri.com/jobs/tirupati-urban-bank-nagpur-tirupati-urban-bank-nagpur-2026--3090,https://www.searchsarkarinaukri.com/sitemap-jobs.xml,2026-07-21,job-listing,1
https://www.searchsarkarinaukri.com/jobs/tadoba-tiger-reserve-chandrapur-tadoba-tiger-reserve-chandrapur-2026--3089,https://www.searchsarkarinaukri.com/sitemap-jobs.xml,2026-08-01,job-listing,1
https://www.searchsarkarinaukri.com/jobs/government-polytechnic-vikramgad-government-polytechnic-vikramgad-2026--3088,https://www.searchsarkarinaukri.com/sitemap-jobs.xml,2026-07-22,job-listing,1
https://www.searchsarkarinaukri.com/jobs/sci-mumbai-sci-mumbai-2026--3087,https://www.searchsarkarinaukri.com/sitemap-jobs.xml,2026-07-29,job-listing,1
https://www.searchsarkarinaukri.com/jobs/hindustan-petroleum-corporation-limited-hindustan-petroleum-corporation-limited-2026--3086,https://www.searchsarkarinaukri.com/sitemap-jobs.xml,2026-08-01,job-listing,1
https://www.searchsarkarinaukri.com/jobs/mitra-mitra-2026--3085,https://www.searchsarkarinaukri.com/sitemap-jobs.xml,2026-07-29,job-listing,1
https://www.searchsarkarinaukri.com/jobs/trai-trai-2026--3084,https://www.searchsarkarinaukri.com/sitemap-jobs.xml,2026-08-04,job-listing,1
https://www.searchsarkarinaukri.com/jobs/iips-mumbai-iips-mumbai-2026--3083,https://www.searchsarkarinaukri.com/sitemap-jobs.xml,2026-07-24,job-listing,1
https://www.searchsarkarinaukri.com/jobs/tiss-mumbai-tiss-mumbai-2026--3082,https://www.searchsarkarinaukri.com/sitemap-jobs.xml,2026-07-27,job-listing,1
https://www.searchsarkarinaukri.com/jobs/government-polytechnic-ahmednagar-government-polytechnic-ahmednagar-2026--3081,https://www.searchsarkarinaukri.com/sitemap-jobs.xml,2026-07-17,job-listing,1
https://www.searchsarkarinaukri.com/jobs/janata-sahakari-bank-dharashiv-janata-sahakari-bank-dharashiv-2026--3080,https://www.searchsarkarinaukri.com/sitemap-jobs.xml,2026-07-24,job-listing,1
https://www.searchsarkarinaukri.com/jobs/bank-of-baroda-bank-of-baroda-2026--3079,https://www.searchsarkarinaukri.com/sitemap-jobs.xml,2026-07-24,job-listing,1
https://www.searchsarkarinaukri.com/jobs/iocl-iocl-2026--3078,https://www.searchsarkarinaukri.com/sitemap-jobs.xml,2026-08-13,job-listing,1
https://www.searchsarkarinaukri.com/jobs/ari-pune-ari-pune-2026--3077,https://www.searchsarkarinaukri.com/sitemap-jobs.xml,2026-07-21,job-listing,1
https://www.searchsarkarinaukri.com/jobs/mumbai-port-trust-mumbai-port-trust-2026--3076,https://www.searchsarkarinaukri.com/sitemap-jobs.xml,2026-07-15,job-listing,1
https://www.searchsarkarinaukri.com/jobs/nabfid-nabfid-2026--3075,https://www.searchsarkarinaukri.com/sitemap-jobs.xml,2026-08-05,job-listing,1
https://www.searchsarkarinaukri.com/jobs/solapur-mahanagarpalika-solapur-mahanagarpalika-2026--3074,https://www.searchsarkarinaukri.com/sitemap-jobs.xml,2026-07-18,job-listing,1
https://www.searchsarkarinaukri.com/jobs/indian-institute-of-technology-bombay-indian-institute-of-technology-bombay-2026--3073,https://www.searchsarkarinaukri.com/sitemap-jobs.xml,2026-07-31,job-listing,1
https://www.searchsarkarinaukri.com/jobs/neeri-nagpur-neeri-nagpur-2026--3072,https://www.searchsarkarinaukri.com/sitemap-jobs.xml,2026-07-21,job-listing,1
https://www.searchsarkarinaukri.com/jobs/visvesvaraya-national-institute-of-technology-nagpur-visvesvaraya-national-institute-of-technology-n--3071,https://www.searchsarkarinaukri.com/sitemap-jobs.xml,2026-07-16,job-listing,1
https://www.searchsarkarinaukri.com/jobs/indian-institute-of-science-education-and-research-pune-job-openings-at-indian-institute-of-2026--3069,https://www.searchsarkarinaukri.com/sitemap-jobs.xml,2026-07-24,job-listing,1
https://www.searchsarkarinaukri.com/jobs/ex-serviceman-contributory-health-scheme-echs-wardha-ex-serviceman-contributory-health-scheme-echs-w--3068,https://www.searchsarkarinaukri.com/sitemap-jobs.xml,2026-08-11,job-listing,1
https://www.searchsarkarinaukri.com/jobs/pm-shree-jawahar-navodaya-vidyalaya-babhulgaon-akola-pm-shree-jawahar-navodaya-vidyalaya-babhulgaon--3067,https://www.searchsarkarinaukri.com/sitemap-jobs.xml,2026-07-19,job-listing,1
https://www.searchsarkarinaukri.com/jobs/employees-state-insurance-society-hospital-solapur-apply-for-3-post-graduate-medical-2026--3066,https://www.searchsarkarinaukri.com/sitemap-jobs.xml,2026-07-16,job-listing,1
https://www.searchsarkarinaukri.com/jobs/tadoba-andhari-tiger-reserve-conservation-forest-department-chandrapur-tadoba-andhari-tiger-reserve--3065,https://www.searchsarkarinaukri.com/sitemap-jobs.xml,2026-08-01,job-listing,1
https://www.searchsarkarinaukri.com/jobs/national-ayush-mission-kolhapur-nam-kolhapur-recruitment-notification-national-ayush-mission-kolhapu--3064,https://www.searchsarkarinaukri.com/sitemap-jobs.xml,2026-07-19,job-listing,1
https://www.searchsarkarinaukri.com/jobs/senior-system-analyst-recruitment-2026--3063,https://www.searchsarkarinaukri.com/sitemap-jobs.xml,2026-07-14,job-listing,1
https://www.searchsarkarinaukri.com/jobs/principal-system-analyst-recruitment-2026--3062,https://www.searchsarkarinaukri.com/sitemap-jobs.xml,2026-07-14,job-listing,1
https://www.searchsarkarinaukri.com/jobs/assistant-librarian-recruitment-2026--3061,https://www.searchsarkarinaukri.com/sitemap-jobs.xml,2026-07-14,job-listing,1
https://www.searchsarkarinaukri.com/jobs/deputy-librarian-recruitment-2026--3060,https://www.searchsarkarinaukri.com/sitemap-jobs.xml,2026-07-14,job-listing,1
https://www.searchsarkarinaukri.com/jobs/librarian-recruitment-2026--3059,https://www.searchsarkarinaukri.com/sitemap-jobs.xml,2026-07-14,job-listing,1
https://www.searchsarkarinaukri.com/jobs/technical-officer-group-iii-recruitment-2026--3058,https://www.searchsarkarinaukri.com/sitemap-jobs.xml,2026-07-14,job-listing,1
https://www.searchsarkarinaukri.com/jobs/technical-officer-group-ii-recruitment-2026--3057,https://www.searchsarkarinaukri.com/sitemap-jobs.xml,2026-07-14,job-listing,1
https://www.searchsarkarinaukri.com/jobs/technical-officer-group-i-recruitment-2026--3056,https://www.searchsarkarinaukri.com/sitemap-jobs.xml,2026-07-14,job-listing,1
https://www.searchsarkarinaukri.com/jobs/senior-technical-officer-recruitment-2026--3055,https://www.searchsarkarinaukri.com/sitemap-jobs.xml,2026-07-14,job-listing,1
https://www.searchsarkarinaukri.com/jobs/assistant-registrar-recruitment-2026--3054,https://www.searchsarkarinaukri.com/sitemap-jobs.xml,2026-07-14,job-listing,1
https://www.searchsarkarinaukri.com/jobs/superintendent-legal-recruitment-2026--3053,https://www.searchsarkarinaukri.com/sitemap-jobs.xml,2026-07-14,job-listing,1
https://www.searchsarkarinaukri.com/jobs/junior-scientific-officer-toxicology-recruitment-2026--3052,https://www.searchsarkarinaukri.com/sitemap-jobs.xml,2026-07-14,job-listing,1
https://www.searchsarkarinaukri.com/jobs/entomologist-recruitment-2026--3051,https://www.searchsarkarinaukri.com/sitemap-jobs.xml,2026-07-14,job-listing,1
https://www.searchsarkarinaukri.com/jobs/deputy-assistant-director-entomology-recruitment-2026--3050,https://www.searchsarkarinaukri.com/sitemap-jobs.xml,2026-07-14,job-listing,1
https://www.searchsarkarinaukri.com/jobs/specialist-grade-iii-assistant-professor-surgical-gastroenterology-recruitment-2026--3049,https://www.searchsarkarinaukri.com/sitemap-jobs.xml,2026-07-14,job-listing,1
https://www.searchsarkarinaukri.com/jobs/specialist-grade-iii-assistant-professor-paediatric-cardiology-recruitment-2026--3048,https://www.searchsarkarinaukri.com/sitemap-jobs.xml,2026-07-14,job-listing,1
https://www.searchsarkarinaukri.com/jobs/specialist-grade-iii-assistant-professor-pulmonary-medicine-recruitment-2026--3047,https://www.searchsarkarinaukri.com/sitemap-jobs.xml,2026-07-14,job-listing,1
https://www.searchsarkarinaukri.com/jobs/specialist-grade-iii-assistant-professor-nuclear-medicine-recruitment-2026--3046,https://www.searchsarkarinaukri.com/sitemap-jobs.xml,2026-07-14,job-listing,1
https://www.searchsarkarinaukri.com/jobs/specialist-grade-iii-assistant-professor-neonatology-recruitment-2026--3045,https://www.searchsarkarinaukri.com/sitemap-jobs.xml,2026-07-14,job-listing,1
https://www.searchsarkarinaukri.com/jobs/specialist-grade-iii-assistant-professor-endocrinology-recruitment-2026--3044,https://www.searchsarkarinaukri.com/sitemap-jobs.xml,2026-07-14,job-listing,1
https://www.searchsarkarinaukri.com/jobs/specialist-grade-iii-assistant-professor-clinical-hematology-recruitment-2026--3043,https://www.searchsarkarinaukri.com/sitemap-jobs.xml,2026-07-14,job-listing,1
https://www.searchsarkarinaukri.com/jobs/prosecutor-recruitment-2026--3042,https://www.searchsarkarinaukri.com/sitemap-jobs.xml,2026-07-14,job-listing,1
https://www.searchsarkarinaukri.com/jobs/assistant-soil-chemist-recruitment-2026--3041,https://www.searchsarkarinaukri.com/sitemap-jobs.xml,2026-07-14,job-listing,1
https://www.searchsarkarinaukri.com/jobs/gpsc-gpsc-2026--3040,https://www.searchsarkarinaukri.com/sitemap-jobs.xml,2026-07-25,job-listing,1
https://www.searchsarkarinaukri.com/jobs/sangli-anganwadi-sangli-anganwadi-2026--3039,https://www.searchsarkarinaukri.com/sitemap-jobs.xml,2026-07-25,job-listing,1
https://www.searchsarkarinaukri.com/jobs/echs-wardha-echs-wardha-2026--3038,https://www.searchsarkarinaukri.com/sitemap-jobs.xml,2026-08-11,job-listing,1
https://www.searchsarkarinaukri.com/jobs/ycmou-ycmou-2026--3037,https://www.searchsarkarinaukri.com/sitemap-jobs.xml,2026-08-08,job-listing,1
https://www.searchsarkarinaukri.com/jobs/kendriya-vidyalaya-chhatrapati-sambhajinagar-kendriya-vidyalaya-chhatrapati-sambhajinagar-2026--3036,https://www.searchsarkarinaukri.com/sitemap-jobs.xml,2026-07-17,job-listing,1
https://www.searchsarkarinaukri.com/jobs/iiser-pune-iiser-pune-2026--3035,https://www.searchsarkarinaukri.com/sitemap-jobs.xml,2026-07-24,job-listing,1
https://www.searchsarkarinaukri.com/jobs/union-public-service-commission-union-public-service-commission-2026--3034,https://www.searchsarkarinaukri.com/sitemap-jobs.xml,2026-08-01,job-listing,1
https://www.searchsarkarinaukri.com/jobs/jnv-akola-jnv-akola-2026--3033,https://www.searchsarkarinaukri.com/sitemap-jobs.xml,2026-07-19,job-listing,1
https://www.searchsarkarinaukri.com/jobs/avnl-avnl-2026--3032,https://www.searchsarkarinaukri.com/sitemap-jobs.xml,2026-07-26,job-listing,1
https://www.searchsarkarinaukri.com/jobs/national-academy-of-defence-production-national-academy-of-defence-production-2026--3031,https://www.searchsarkarinaukri.com/sitemap-jobs.xml,2026-07-25,job-listing,1
https://www.searchsarkarinaukri.com/jobs/scea-pune-scea-pune-2026--3030,https://www.searchsarkarinaukri.com/sitemap-jobs.xml,2026-07-29,job-listing,1
https://www.searchsarkarinaukri.com/jobs/kendriya-vidyalaya-latur-kendriya-vidyalaya-latur-2026--3029,https://www.searchsarkarinaukri.com/sitemap-jobs.xml,2026-07-16,job-listing,1
https://www.searchsarkarinaukri.com/jobs/maharashtra-fire-service-maharashtra-fire-service-2026--3028,https://www.searchsarkarinaukri.com/sitemap-jobs.xml,2026-07-28,job-listing,1
https://www.searchsarkarinaukri.com/jobs/government-polytechnic-mumbai-government-polytechnic-mumbai-2026--3027,https://www.searchsarkarinaukri.com/sitemap-jobs.xml,2026-07-19,job-listing,1
https://www.searchsarkarinaukri.com/jobs/gac-nagpur-gac-nagpur-2026--3026,https://www.searchsarkarinaukri.com/sitemap-jobs.xml,2026-07-16,job-listing,1
https://www.searchsarkarinaukri.com/jobs/government-polytechnic-jalna-government-polytechnic-jalna-2026--3025,https://www.searchsarkarinaukri.com/sitemap-jobs.xml,2026-07-16,job-listing,1
https://www.searchsarkarinaukri.com/jobs/abmsp-pune-abmsp-pune-2026--3024,https://www.searchsarkarinaukri.com/sitemap-jobs.xml,2026-07-22,job-listing,1
https://www.searchsarkarinaukri.com/jobs/vnit-nagpur-vnit-nagpur-2026--3023,https://www.searchsarkarinaukri.com/sitemap-jobs.xml,2026-07-21,job-listing,1
https://www.searchsarkarinaukri.com/jobs/tiss-mumbai-tiss-mumbai-2026--3022,https://www.searchsarkarinaukri.com/sitemap-jobs.xml,2026-07-20,job-listing,1
https://www.searchsarkarinaukri.com/jobs/himachal-pradesh-public-service-commission-hppsc-hiring-constables--3021,https://www.searchsarkarinaukri.com/sitemap-jobs.xml,2026-07-14,job-listing,1
https://www.searchsarkarinaukri.com/jobs/idbi-bank-specialist-officer-so-recruitment-2026--3020,https://www.searchsarkarinaukri.com/sitemap-jobs.xml,2026-07-13,job-listing,1
https://www.searchsarkarinaukri.com/jobs/ssc-junior-secretariat-assistant-jsa-lower-division-clerk-ldc-recruitment-2026--3019,https://www.searchsarkarinaukri.com/sitemap-jobs.xml,2026-07-13,job-listing,1
https://www.searchsarkarinaukri.com/jobs/jssc-jilcce-recruitment-2026--3018,https://www.searchsarkarinaukri.com/sitemap-jobs.xml,2026-07-13,job-listing,1
https://www.searchsarkarinaukri.com/jobs/basu-associate-professor-assistant-professor-recruitment-2026--3017,https://www.searchsarkarinaukri.com/sitemap-jobs.xml,2026-07-13,job-listing,1
https://www.searchsarkarinaukri.com/jobs/igh-delhi-senior-resident-recruitment-2026--3016,https://www.searchsarkarinaukri.com/sitemap-jobs.xml,2026-07-13,job-listing,1
https://www.searchsarkarinaukri.com/jobs/npcil-stipendiary-trainee-technician-technician-trades-recruitment-2026--3015,https://www.searchsarkarinaukri.com/sitemap-jobs.xml,2026-07-13,job-listing,1
https://www.searchsarkarinaukri.com/jobs/npcil-stipendiary-trainee-technician-plant-operator-recruitment-2026--3014,https://www.searchsarkarinaukri.com/sitemap-jobs.xml,2026-07-13,job-listing,1
https://www.searchsarkarinaukri.com/jobs/avnl-consultant-recruitment-2026--3013,https://www.searchsarkarinaukri.com/sitemap-jobs.xml,2026-07-13,job-listing,1
https://www.searchsarkarinaukri.com/jobs/avnl-additional-general-manager-recruitment-2026--3012,https://www.searchsarkarinaukri.com/sitemap-jobs.xml,2026-07-13,job-listing,1
https://www.searchsarkarinaukri.com/jobs/avnl-deputy-general-manager-recruitment-2026--3011,https://www.searchsarkarinaukri.com/sitemap-jobs.xml,2026-07-13,job-listing,1
https://www.searchsarkarinaukri.com/jobs/avnl-senior-manager-recruitment-2026--3010,https://www.searchsarkarinaukri.com/sitemap-jobs.xml,2026-07-13,job-listing,1
https://www.searchsarkarinaukri.com/jobs/avnl-deputy-manager-recruitment-2026--3009,https://www.searchsarkarinaukri.com/sitemap-jobs.xml,2026-07-13,job-listing,1
https://www.searchsarkarinaukri.com/jobs/avnl-assistant-manager-recruitment-2026--3008,https://www.searchsarkarinaukri.com/sitemap-jobs.xml,2026-07-13,job-listing,1
https://www.searchsarkarinaukri.com/jobs/avnl-junior-manager-recruitment-2026--3007,https://www.searchsarkarinaukri.com/sitemap-jobs.xml,2026-07-13,job-listing,1
https://www.searchsarkarinaukri.com/jobs/avnl-junior-technician-recruitment-2026--3006,https://www.searchsarkarinaukri.com/sitemap-jobs.xml,2026-07-13,job-listing,1
https://www.searchsarkarinaukri.com/jobs/gmrc-deputy-general-manager-civil-safety-recruitment-2026--3005,https://www.searchsarkarinaukri.com/sitemap-jobs.xml,2026-07-13,job-listing,1
https://www.searchsarkarinaukri.com/jobs/gmrc-sr-dgm-dgm-civil-underground-tunnel-elevated-recruitment-2026--3004,https://www.searchsarkarinaukri.com/sitemap-jobs.xml,2026-07-13,job-listing,1
https://www.searchsarkarinaukri.com/jobs/gmrc-jgm-sr-dgm-dgm-civil-qa-qc-recruitment-2026--3003,https://www.searchsarkarinaukri.com/sitemap-jobs.xml,2026-07-13,job-listing,1
https://www.searchsarkarinaukri.com/jobs/gmrc-jgm-sr-dgm-dgm-civil-maintenance-recruitment-2026--3002,https://www.searchsarkarinaukri.com/sitemap-jobs.xml,2026-07-13,job-listing,1
https://www.searchsarkarinaukri.com/jobs/gmrc-general-manager-civil-maintenance-recruitment-2026--3001,https://www.searchsarkarinaukri.com/sitemap-jobs.xml,2026-07-13,job-listing,1
https://www.searchsarkarinaukri.com/jobs/gmrc-engineer-junior-grade-environment-recruitment-2026--3000,https://www.searchsarkarinaukri.com/sitemap-jobs.xml,2026-07-13,job-listing,1
https://www.searchsarkarinaukri.com/jobs/rrc-central-railway-rrc-central-railway-2026--2999,https://www.searchsarkarinaukri.com/sitemap-jobs.xml,2026-08-15,job-listing,1
https://www.searchsarkarinaukri.com/jobs/northern-coalfields-limited-northern-coalfields-limited-2026--2998,https://www.searchsarkarinaukri.com/sitemap-jobs.xml,2026-08-06,job-listing,1
https://www.searchsarkarinaukri.com/jobs/hasti-coop-bank-dhule-hasti-coop-bank-dhule-2026--2997,https://www.searchsarkarinaukri.com/sitemap-jobs.xml,2026-07-25,job-listing,1
https://www.searchsarkarinaukri.com/jobs/zilla-parishad-solapur-zilla-parishad-solapur-2026--2996,https://www.searchsarkarinaukri.com/sitemap-jobs.xml,2026-07-15,job-listing,1
https://www.searchsarkarinaukri.com/jobs/ncert-ncert-2026--2995,https://www.searchsarkarinaukri.com/sitemap-jobs.xml,2026-07-15,job-listing,1
https://www.searchsarkarinaukri.com/jobs/jnv-dhule-jnv-dhule-2026--2994,https://www.searchsarkarinaukri.com/sitemap-jobs.xml,2026-07-16,job-listing,1
https://www.searchsarkarinaukri.com/jobs/drt-nagpur-drt-nagpur-2026--2993,https://www.searchsarkarinaukri.com/sitemap-jobs.xml,2026-07-29,job-listing,1
https://www.searchsarkarinaukri.com/jobs/dhule-mahanagarpalika-dhule-mahanagarpalika-2026--2992,https://www.searchsarkarinaukri.com/sitemap-jobs.xml,2026-07-21,job-listing,1
https://www.searchsarkarinaukri.com/jobs/ict-mumbai-ict-mumbai-2026--2991,https://www.searchsarkarinaukri.com/sitemap-jobs.xml,2026-07-21,job-listing,1
https://www.searchsarkarinaukri.com/jobs/indian-institute-of-technology-bombay-indian-institute-of-technology-bombay-2026--2990,https://www.searchsarkarinaukri.com/sitemap-jobs.xml,2026-07-25,job-listing,1
https://www.searchsarkarinaukri.com/jobs/defence-institute-of-advanced-technology-pune-defence-institute-of-advanced-2026--2989,https://www.searchsarkarinaukri.com/sitemap-jobs.xml,2026-07-25,job-listing,1
https://www.searchsarkarinaukri.com/jobs/mohfw-mohfw-2026--2988,https://www.searchsarkarinaukri.com/sitemap-jobs.xml,2026-08-25,job-listing,1
https://www.searchsarkarinaukri.com/jobs/iips-mumbai-iips-mumbai-2026--2987,https://www.searchsarkarinaukri.com/sitemap-jobs.xml,2026-07-24,job-listing,1
https://www.searchsarkarinaukri.com/jobs/ibm-nagpur-ibm-nagpur-2026--2986,https://www.searchsarkarinaukri.com/sitemap-jobs.xml,2026-07-12,job-listing,1
https://www.searchsarkarinaukri.com/jobs/actrec-mumbai-actrec-mumbai-2026--2985,https://www.searchsarkarinaukri.com/sitemap-jobs.xml,2026-07-15,job-listing,1
https://www.searchsarkarinaukri.com/jobs/iit-goa-iit-goa-2026--2984,https://www.searchsarkarinaukri.com/sitemap-jobs.xml,2026-07-26,job-listing,1
https://www.searchsarkarinaukri.com/jobs/kk-wagh-education-society-nashik-kk-wagh-education-society-nashik-2026--2983,https://www.searchsarkarinaukri.com/sitemap-jobs.xml,2026-07-19,job-listing,1
https://www.searchsarkarinaukri.com/jobs/iiser-pune-iiser-pune-2026--2982,https://www.searchsarkarinaukri.com/sitemap-jobs.xml,2026-07-24,job-listing,1
https://www.searchsarkarinaukri.com/jobs/nio-goa-nio-goa-2026--2981,https://www.searchsarkarinaukri.com/sitemap-jobs.xml,2026-07-13,job-listing,1
https://www.searchsarkarinaukri.com/jobs/mumbai-metropolitan-region-development-authority-apply-for-1-director-operation-post-2026--2980,https://www.searchsarkarinaukri.com/sitemap-jobs.xml,2026-08-03,job-listing,1
https://www.searchsarkarinaukri.com/jobs/vasantrao-naik-marathwada-agricultural-university-parbhani-vasantrao-naik-marathwada-agricultural-un--2979,https://www.searchsarkarinaukri.com/sitemap-jobs.xml,2026-07-15,job-listing,1
https://www.searchsarkarinaukri.com/jobs/national-health-mission-nhm-jalgaon-national-health-mission-nhm-jalgaon-recruitment-2026--2978,https://www.searchsarkarinaukri.com/sitemap-jobs.xml,2026-07-17,job-listing,1
https://www.searchsarkarinaukri.com/jobs/government-college-of-engineering-jalgaon-government-college-of-engineering-jalgaon-2026-2026--2977,https://www.searchsarkarinaukri.com/sitemap-jobs.xml,2026-07-16,job-listing,1
https://www.searchsarkarinaukri.com/jobs/van-vibhag-nagpur-forest-department-mahaforest-nagpur-van-vibhag-nagpur-forest-department-mahaforest--2976,https://www.searchsarkarinaukri.com/sitemap-jobs.xml,2026-07-16,job-listing,1
https://www.searchsarkarinaukri.com/jobs/general-administration-department-gad-mumbai-job-opening-at-general-administration-department-2026--2975,https://www.searchsarkarinaukri.com/sitemap-jobs.xml,2026-07-24,job-listing,1
https://www.searchsarkarinaukri.com/jobs/bal-vikas-prakalp-ahilyanagar-integrated-child-development-services-scheme-project-bal-vikas-prakalp--2974,https://www.searchsarkarinaukri.com/sitemap-jobs.xml,2026-07-22,job-listing,1
https://www.searchsarkarinaukri.com/jobs/assistant-commissioner-social-welfare-gadchiroli-apply-for-5-higher-primary-and-2026--2973,https://www.searchsarkarinaukri.com/sitemap-jobs.xml,2026-07-15,job-listing,1
https://www.searchsarkarinaukri.com/jobs/tata-institute-of-social-sciences-tiss-mumbai-tata-institute-of-social-sciences-tiss-2026--2971,https://www.searchsarkarinaukri.com/sitemap-jobs.xml,2026-07-20,job-listing,1
https://www.searchsarkarinaukri.com/jobs/nabard-consultancy-services-nabcons-nabard-consultancy-services-nabcons-recruitment-2026-2026--2969,https://www.searchsarkarinaukri.com/sitemap-jobs.xml,2026-07-15,job-listing,1
https://www.searchsarkarinaukri.com/jobs/dr-balasaheb-sawant-konkan-krishi-vidyapeeth-dapoli-dr-balasaheb-sawant-konkan-krishi-vidyapeeth-202--2968,https://www.searchsarkarinaukri.com/sitemap-jobs.xml,2026-07-28,job-listing,1
https://www.searchsarkarinaukri.com/jobs/zilla-parishad-solapur-recruitment-notification-zilla-parishad-solapur-hiring-2026--2967,https://www.searchsarkarinaukri.com/sitemap-jobs.xml,2026-07-15,job-listing,1
https://www.searchsarkarinaukri.com/jobs/zilla-parishad-wardha-zilla-parishad-wardha-2026-recruitment-drive-2026--2966,https://www.searchsarkarinaukri.com/sitemap-jobs.xml,2026-07-16,job-listing,1
https://www.searchsarkarinaukri.com/jobs/government-polytechnic-miraj-job-opening-at-government-polytechnic-miraj-2026--2965,https://www.searchsarkarinaukri.com/sitemap-jobs.xml,2026-07-17,job-listing,1
https://www.searchsarkarinaukri.com/jobs/public-health-department-zilla-parishad-akola-job-opening-at-public-health-department-2026--2964,https://www.searchsarkarinaukri.com/sitemap-jobs.xml,2026-07-19,job-listing,1
https://www.searchsarkarinaukri.com/jobs/bal-vikas-prakalp-ahilyanagar-integrated-child-development-services-scheme-project-bal-vikas-prakalp--2963,https://www.searchsarkarinaukri.com/sitemap-jobs.xml,2026-07-23,job-listing,1
https://www.searchsarkarinaukri.com/jobs/gmrc-engineer-senior-grade-signalling-recruitment-2026--2962,https://www.searchsarkarinaukri.com/sitemap-jobs.xml,2026-07-11,job-listing,1
https://www.searchsarkarinaukri.com/jobs/gmrc-engineer-senior-grade-telecom-recruitment-2026--2961,https://www.searchsarkarinaukri.com/sitemap-jobs.xml,2026-07-11,job-listing,1
https://www.searchsarkarinaukri.com/jobs/gmrc-assistant-manager-platform-screen-door-recruitment-2026--2960,https://www.searchsarkarinaukri.com/sitemap-jobs.xml,2026-07-11,job-listing,1
https://www.searchsarkarinaukri.com/jobs/gmrc-assistant-manager-automatic-fare-collection-recruitment-2026--2959,https://www.searchsarkarinaukri.com/sitemap-jobs.xml,2026-07-11,job-listing,1
https://www.searchsarkarinaukri.com/jobs/gmrc-assistant-manager-signalling-recruitment-2026--2958,https://www.searchsarkarinaukri.com/sitemap-jobs.xml,2026-07-11,job-listing,1
https://www.searchsarkarinaukri.com/jobs/gmrc-manager-signalling-recruitment-2026--2957,https://www.searchsarkarinaukri.com/sitemap-jobs.xml,2026-07-11,job-listing,1
https://www.searchsarkarinaukri.com/jobs/clw-homeopathic-consultant-recruitment-2026--2956,https://www.searchsarkarinaukri.com/sitemap-jobs.xml,2026-07-11,job-listing,1
https://www.searchsarkarinaukri.com/jobs/rrb-technician-grade-iii-recruitment-2026--2955,https://www.searchsarkarinaukri.com/sitemap-jobs.xml,2026-07-11,job-listing,1
https://www.searchsarkarinaukri.com/jobs/rrb-technician-grade-i-signal-recruitment-2026--2954,https://www.searchsarkarinaukri.com/sitemap-jobs.xml,2026-07-11,job-listing,1
https://www.searchsarkarinaukri.com/jobs/indian-army-sscw-tech-recruitment-2026--2953,https://www.searchsarkarinaukri.com/sitemap-jobs.xml,2026-07-11,job-listing,1
https://www.searchsarkarinaukri.com/jobs/indian-army-ssc-tech-men-recruitment-2026--2952,https://www.searchsarkarinaukri.com/sitemap-jobs.xml,2026-07-11,job-listing,1
https://www.searchsarkarinaukri.com/jobs/ngel-assistant-engineer-re-recruitment-2026--2951,https://www.searchsarkarinaukri.com/sitemap-jobs.xml,2026-07-11,job-listing,1
https://www.searchsarkarinaukri.com/jobs/ngel-deputy-general-manager-re-recruitment-2026--2950,https://www.searchsarkarinaukri.com/sitemap-jobs.xml,2026-07-11,job-listing,1
https://www.searchsarkarinaukri.com/jobs/gipcl-senior-supervisor-supervisor-secretarial-recruitment-2026--2949,https://www.searchsarkarinaukri.com/sitemap-jobs.xml,2026-07-11,job-listing,1
https://www.searchsarkarinaukri.com/jobs/gipcl-supervisor-senior-assistant-admin-recruitment-2026--2948,https://www.searchsarkarinaukri.com/sitemap-jobs.xml,2026-07-11,job-listing,1
https://www.searchsarkarinaukri.com/jobs/gipcl-deputy-general-manager-finance-recruitment-2026--2947,https://www.searchsarkarinaukri.com/sitemap-jobs.xml,2026-07-11,job-listing,1
https://www.searchsarkarinaukri.com/jobs/ssc-junior-secretariat-assistant-jsa-lower-division-clerk-ldc-recruitment-2026--2946,https://www.searchsarkarinaukri.com/sitemap-jobs.xml,2026-07-11,job-listing,1
https://www.searchsarkarinaukri.com/jobs/ssc-senior-secretariat-assistant-ssa-recruitment-2026--2945,https://www.searchsarkarinaukri.com/sitemap-jobs.xml,2026-07-11,job-listing,1
https://www.searchsarkarinaukri.com/jobs/ssc-assistant-section-officer-aso-recruitment-2026--2944,https://www.searchsarkarinaukri.com/sitemap-jobs.xml,2026-07-11,job-listing,1
https://www.searchsarkarinaukri.com/jobs/ssc-aso-recruitment-2026-apply-online-for-341-assistant-section-officer-assistant-posts--2943,https://www.searchsarkarinaukri.com/sitemap-jobs.xml,2026-07-11,job-listing,1
https://www.searchsarkarinaukri.com/jobs/software-technology-parks-of-india-director-general-2026--2942,https://www.searchsarkarinaukri.com/sitemap-jobs.xml,2026-07-11,job-listing,1
https://www.searchsarkarinaukri.com/jobs/icar-central-marine-fisheries-research-institute-young-professional-ii-2026--2941,https://www.searchsarkarinaukri.com/sitemap-jobs.xml,2026-07-25,job-listing,1
https://www.searchsarkarinaukri.com/jobs/job-2026--2940,https://www.searchsarkarinaukri.com/sitemap-jobs.xml,2026-07-15,job-listing,1
https://www.searchsarkarinaukri.com/jobs/hindustan-aeronautics-limited-hindustan-aeronautics-limited-2026--2939,https://www.searchsarkarinaukri.com/sitemap-jobs.xml,2026-07-25,job-listing,1
https://www.searchsarkarinaukri.com/jobs/prasar-bharati-prasar-bharati-2026--2938,https://www.searchsarkarinaukri.com/sitemap-jobs.xml,2026-07-23,job-listing,1
https://www.searchsarkarinaukri.com/jobs/rites-rites-2026--2937,https://www.searchsarkarinaukri.com/sitemap-jobs.xml,2026-07-27,job-listing,1
https://www.searchsarkarinaukri.com/jobs/all-india-institute-of-medical-sciences-nagpur-all-india-institute-of-medical-sciences-2026--2936,https://www.searchsarkarinaukri.com/sitemap-jobs.xml,2026-07-23,job-listing,1
https://www.searchsarkarinaukri.com/jobs/government-polytechnic-miraj-government-polytechnic-miraj-2026--2935,https://www.searchsarkarinaukri.com/sitemap-jobs.xml,2026-07-17,job-listing,1
https://www.searchsarkarinaukri.com/jobs/gpsc-goa-gpsc-goa-2026--2934,https://www.searchsarkarinaukri.com/sitemap-jobs.xml,2026-07-25,job-listing,1
https://www.searchsarkarinaukri.com/jobs/idbi-bank-idbi-bank-2026--2933,https://www.searchsarkarinaukri.com/sitemap-jobs.xml,2026-07-27,job-listing,1
https://www.searchsarkarinaukri.com/jobs/anganwadi-ahilyanagar-anganwadi-ahilyanagar-2026--2932,https://www.searchsarkarinaukri.com/sitemap-jobs.xml,2026-07-23,job-listing,1
https://www.searchsarkarinaukri.com/jobs/sbi-mumbai-sbi-mumbai-2026--2931,https://www.searchsarkarinaukri.com/sitemap-jobs.xml,2026-07-15,job-listing,1
https://www.searchsarkarinaukri.com/jobs/nhm-sambhaji-nagar-nhm-sambhaji-nagar-2026--2930,https://www.searchsarkarinaukri.com/sitemap-jobs.xml,2026-07-25,job-listing,1
https://www.searchsarkarinaukri.com/jobs/recpdcl-recpdcl-2026--2929,https://www.searchsarkarinaukri.com/sitemap-jobs.xml,2026-07-22,job-listing,1
https://www.searchsarkarinaukri.com/jobs/kolhapur-mahanagarpalika-kolhapur-mahanagarpalika-2026--2928,https://www.searchsarkarinaukri.com/sitemap-jobs.xml,2026-08-01,job-listing,1
https://www.searchsarkarinaukri.com/jobs/arogya-vibhag-akola-arogya-vibhag-akola-2026--2927,https://www.searchsarkarinaukri.com/sitemap-jobs.xml,2026-07-19,job-listing,1
https://www.searchsarkarinaukri.com/jobs/defence-institute-of-advanced-technology-pune-defence-institute-of-advanced-2026--2926,https://www.searchsarkarinaukri.com/sitemap-jobs.xml,2026-07-16,job-listing,1
https://www.searchsarkarinaukri.com/jobs/dy-patil-vidyapeeth-pune-dy-patil-vidyapeeth-pune-2026--2925,https://www.searchsarkarinaukri.com/sitemap-jobs.xml,2026-07-20,job-listing,1
https://www.searchsarkarinaukri.com/jobs/dbskkv-dbskkv-2026--2924,https://www.searchsarkarinaukri.com/sitemap-jobs.xml,2026-07-28,job-listing,1
https://www.searchsarkarinaukri.com/jobs/land-ports-authority-of-india-land-ports-authority-of-2026--2923,https://www.searchsarkarinaukri.com/sitemap-jobs.xml,2026-08-08,job-listing,1
https://www.searchsarkarinaukri.com/jobs/pune-university-pune-university-2026--2922,https://www.searchsarkarinaukri.com/sitemap-jobs.xml,2026-07-16,job-listing,1
https://www.searchsarkarinaukri.com/jobs/nbt-nbt-2026--2921,https://www.searchsarkarinaukri.com/sitemap-jobs.xml,2026-07-25,job-listing,1
https://www.searchsarkarinaukri.com/jobs/nhm-wardha-nhm-wardha-2026--2920,https://www.searchsarkarinaukri.com/sitemap-jobs.xml,2026-07-16,job-listing,1
https://www.searchsarkarinaukri.com/jobs/modern-education-society-pune-modern-education-society-pune-2026--2919,https://www.searchsarkarinaukri.com/sitemap-jobs.xml,2026-07-16,job-listing,1
https://www.searchsarkarinaukri.com/jobs/nagarpanchayat-kuhi-nagarpanchayat-kuhi-2026--2918,https://www.searchsarkarinaukri.com/sitemap-jobs.xml,2026-07-15,job-listing,1
https://www.searchsarkarinaukri.com/jobs/khed-shikshak-prasark-mandal-khed-shikshak-prasark-mandal-2026--2917,https://www.searchsarkarinaukri.com/sitemap-jobs.xml,2026-07-22,job-listing,1
https://www.searchsarkarinaukri.com/jobs/tmb-data-scientist-recruitment-2026--2916,https://www.searchsarkarinaukri.com/sitemap-jobs.xml,2026-07-10,job-listing,1
https://www.searchsarkarinaukri.com/jobs/tmb-senior-relationship-manager-recruitment-2026--2915,https://www.searchsarkarinaukri.com/sitemap-jobs.xml,2026-07-10,job-listing,1
https://www.searchsarkarinaukri.com/jobs/rrc-ncr-apprentice-recruitment-2026-1853-posts--2914,https://www.searchsarkarinaukri.com/sitemap-jobs.xml,2026-07-10,job-listing,1
https://www.searchsarkarinaukri.com/jobs/beml-senior-manager-recruitment-2026--2913,https://www.searchsarkarinaukri.com/sitemap-jobs.xml,2026-07-10,job-listing,1
https://www.searchsarkarinaukri.com/jobs/beml-manager-recruitment-2026--2912,https://www.searchsarkarinaukri.com/sitemap-jobs.xml,2026-07-10,job-listing,1
https://www.searchsarkarinaukri.com/jobs/beml-assistant-manager-recruitment-2026--2911,https://www.searchsarkarinaukri.com/sitemap-jobs.xml,2026-07-10,job-listing,1
https://www.searchsarkarinaukri.com/jobs/beml-engineer-recruitment-2026--2910,https://www.searchsarkarinaukri.com/sitemap-jobs.xml,2026-07-10,job-listing,1
https://www.searchsarkarinaukri.com/jobs/ibps-specialist-officer-so-recruitment-2026--2909,https://www.searchsarkarinaukri.com/sitemap-jobs.xml,2026-07-10,job-listing,1
https://www.searchsarkarinaukri.com/jobs/ibps-po-management-trainee-recruitment-2026--2908,https://www.searchsarkarinaukri.com/sitemap-jobs.xml,2026-07-10,job-listing,1
https://www.searchsarkarinaukri.com/jobs/idbi-bank-manager-recruitment-2026-19-posts--2907,https://www.searchsarkarinaukri.com/sitemap-jobs.xml,2026-07-10,job-listing,1
https://www.searchsarkarinaukri.com/jobs/idbi-bank-deputy-general-manager-recruitment-2026-8-posts--2906,https://www.searchsarkarinaukri.com/sitemap-jobs.xml,2026-07-10,job-listing,1
https://www.searchsarkarinaukri.com/jobs/idbi-bank-assistant-general-manager-recruitment-2026-4-posts--2905,https://www.searchsarkarinaukri.com/sitemap-jobs.xml,2026-07-10,job-listing,1
https://www.searchsarkarinaukri.com/jobs/income-tax-mts-recruitment-2026-4-posts-sports-quota--2904,https://www.searchsarkarinaukri.com/sitemap-jobs.xml,2026-07-10,job-listing,1
https://www.searchsarkarinaukri.com/jobs/income-tax-stenographer-grade-ii-recruitment-2026-1-post-sports-quota--2903,https://www.searchsarkarinaukri.com/sitemap-jobs.xml,2026-07-10,job-listing,1
https://www.searchsarkarinaukri.com/jobs/income-tax-tax-assistant-recruitment-2026-7-posts-sports-quota--2902,https://www.searchsarkarinaukri.com/sitemap-jobs.xml,2026-07-10,job-listing,1
https://www.searchsarkarinaukri.com/jobs/indian-air-force-mts-recruitment-2026-6-posts--2901,https://www.searchsarkarinaukri.com/sitemap-jobs.xml,2026-07-10,job-listing,1
https://www.searchsarkarinaukri.com/jobs/indian-air-force-airmen-group-y-medical-assistant-pharmacist-recruitment-2026--2900,https://www.searchsarkarinaukri.com/sitemap-jobs.xml,2026-07-10,job-listing,1
https://www.searchsarkarinaukri.com/jobs/indian-air-force-airmen-group-y-medical-assistant-recruitment-2026--2899,https://www.searchsarkarinaukri.com/sitemap-jobs.xml,2026-07-10,job-listing,1
https://www.searchsarkarinaukri.com/jobs/indian-air-force-agniveervayu-intake-02-2027-recruitment-2026--2898,https://www.searchsarkarinaukri.com/sitemap-jobs.xml,2026-07-10,job-listing,1
https://www.searchsarkarinaukri.com/jobs/indian-army-68th-sscw-technical-recruitment-2026-30-posts--2897,https://www.searchsarkarinaukri.com/sitemap-jobs.xml,2026-07-10,job-listing,1
https://www.searchsarkarinaukri.com/jobs/indian-army-ssc-tech-68-men-recruitment-2026-350-posts--2896,https://www.searchsarkarinaukri.com/sitemap-jobs.xml,2026-07-10,job-listing,1
https://www.searchsarkarinaukri.com/jobs/indian-army-68th-sscw-technical-recruitment-2026-30-posts--2895,https://www.searchsarkarinaukri.com/sitemap-jobs.xml,2026-07-10,job-listing,1
https://www.searchsarkarinaukri.com/jobs/nagpur-mahanagarpalika-nagpur-mahanagarpalika-2026--2894,https://www.searchsarkarinaukri.com/sitemap-jobs.xml,2026-07-18,job-listing,1
https://www.searchsarkarinaukri.com/jobs/central-warehousing-corporation-central-warehousing-corporation-2026--2893,https://www.searchsarkarinaukri.com/sitemap-jobs.xml,2026-07-23,job-listing,1
https://www.searchsarkarinaukri.com/jobs/nbt-nbt-2026--2892,https://www.searchsarkarinaukri.com/sitemap-jobs.xml,2026-07-23,job-listing,1
https://www.searchsarkarinaukri.com/jobs/anganwadi-ahilyanagar-anganwadi-ahilyanagar-2026--2891,https://www.searchsarkarinaukri.com/sitemap-jobs.xml,2026-07-22,job-listing,1
https://www.searchsarkarinaukri.com/jobs/gad-mumbai-gad-mumbai-2026--2890,https://www.searchsarkarinaukri.com/sitemap-jobs.xml,2026-07-24,job-listing,1
https://www.searchsarkarinaukri.com/jobs/goa-krushi-mahavidyalay-goa-krushi-mahavidyalay-2026--2889,https://www.searchsarkarinaukri.com/sitemap-jobs.xml,2026-07-24,job-listing,1
https://www.searchsarkarinaukri.com/jobs/maha-mdd-mumbai-maha-mdd-mumbai-2026--2888,https://www.searchsarkarinaukri.com/sitemap-jobs.xml,2026-07-21,job-listing,1
https://www.searchsarkarinaukri.com/jobs/van-vibhag-nagpur-van-vibhag-nagpur-2026--2887,https://www.searchsarkarinaukri.com/sitemap-jobs.xml,2026-07-16,job-listing,1
https://www.searchsarkarinaukri.com/jobs/mhrb-mhrb-2026--2886,https://www.searchsarkarinaukri.com/sitemap-jobs.xml,2026-07-21,job-listing,1
https://www.searchsarkarinaukri.com/jobs/kvk-chha-sambhaji-nagar-kvk-chha-sambhaji-nagar-2026--2885,https://www.searchsarkarinaukri.com/sitemap-jobs.xml,2026-07-14,job-listing,1
https://www.searchsarkarinaukri.com/jobs/national-health-mission-jalgaon-national-health-mission-jalgaon-2026--2883,https://www.searchsarkarinaukri.com/sitemap-jobs.xml,2026-07-17,job-listing,1
https://www.searchsarkarinaukri.com/jobs/jnv-gadchiroli-jnv-gadchiroli-2026--2882,https://www.searchsarkarinaukri.com/sitemap-jobs.xml,2026-07-15,job-listing,1
https://www.searchsarkarinaukri.com/jobs/goa-university-goa-university-2026--2881,https://www.searchsarkarinaukri.com/sitemap-jobs.xml,2026-07-15,job-listing,1
https://www.searchsarkarinaukri.com/jobs/sgbau-amravati-sgbau-amravati-2026--2880,https://www.searchsarkarinaukri.com/sitemap-jobs.xml,2026-07-24,job-listing,1
https://www.searchsarkarinaukri.com/jobs/mmrda-mmrda-2026--2879,https://www.searchsarkarinaukri.com/sitemap-jobs.xml,2026-08-03,job-listing,1
https://www.searchsarkarinaukri.com/jobs/tiss-mumbai-tiss-mumbai-2026--2878,https://www.searchsarkarinaukri.com/sitemap-jobs.xml,2026-07-20,job-listing,1
https://www.searchsarkarinaukri.com/jobs/ncl-pune-ncl-pune-2026--2877,https://www.searchsarkarinaukri.com/sitemap-jobs.xml,2026-07-17,job-listing,1
https://www.searchsarkarinaukri.com/jobs/maha-waqf-maha-waqf-2026--2876,https://www.searchsarkarinaukri.com/sitemap-jobs.xml,2026-07-16,job-listing,1
https://www.searchsarkarinaukri.com/jobs/rcsm-agriculture-college-kolhapur-rcsm-agriculture-college-kolhapur-2026--2875,https://www.searchsarkarinaukri.com/sitemap-jobs.xml,2026-07-11,job-listing,1
https://www.searchsarkarinaukri.com/jobs/mpkv-mpkv-2026--2874,https://www.searchsarkarinaukri.com/sitemap-jobs.xml,2026-07-11,job-listing,1
https://www.searchsarkarinaukri.com/jobs/gmc-raigad-gmc-raigad-2026--2873,https://www.searchsarkarinaukri.com/sitemap-jobs.xml,2026-07-16,job-listing,1
https://www.searchsarkarinaukri.com/jobs/bharat-electronics-limited-bel-pune-unit-apply-for-5-havildar-security-posts-2026--2872,https://www.searchsarkarinaukri.com/sitemap-jobs.xml,2026-08-01,job-listing,1
https://www.searchsarkarinaukri.com/jobs/maharashtra-maritime-board-mmb-maharashtra-maritime-board-mmb-2026-recruitment-2026--2871,https://www.searchsarkarinaukri.com/sitemap-jobs.xml,2026-07-23,job-listing,1
https://www.searchsarkarinaukri.com/jobs/government-medical-college-jalgaon-recruitment-notification-government-medical-college-jalgaon-2026--2870,https://www.searchsarkarinaukri.com/sitemap-jobs.xml,2026-07-22,job-listing,1
https://www.searchsarkarinaukri.com/jobs/tadoba-andhari-tiger-reserve-conservation-forest-department-chandrapur-tadoba-andhari-tiger-reserve--2869,https://www.searchsarkarinaukri.com/sitemap-jobs.xml,2026-07-16,job-listing,1
https://www.searchsarkarinaukri.com/jobs/jilhadhikari-karyalay-washim-collector-office-washim-recruitment-notification-jilhadhikari-karyalay--2868,https://www.searchsarkarinaukri.com/sitemap-jobs.xml,2026-07-15,job-listing,1
https://www.searchsarkarinaukri.com/jobs/the-csc-e-governance-services-india-uidai-apply-for-1-aadhaar-supervisor-operator-2026--2867,https://www.searchsarkarinaukri.com/sitemap-jobs.xml,2026-08-21,job-listing,1
https://www.searchsarkarinaukri.com/jobs/cci-junior-assistant-recruitment-2026-80-posts--2866,https://www.searchsarkarinaukri.com/sitemap-jobs.xml,2026-07-09,job-listing,1
https://www.searchsarkarinaukri.com/jobs/cci-junior-commercial-executive-recruitment-2026-50-posts--2865,https://www.searchsarkarinaukri.com/sitemap-jobs.xml,2026-07-09,job-listing,1
https://www.searchsarkarinaukri.com/jobs/cci-management-trainee-accounts-recruitment-2026-8-posts--2864,https://www.searchsarkarinaukri.com/sitemap-jobs.xml,2026-07-09,job-listing,1
https://www.searchsarkarinaukri.com/jobs/cci-management-trainee-marketing-recruitment-2026-8-posts--2863,https://www.searchsarkarinaukri.com/sitemap-jobs.xml,2026-07-09,job-listing,1
https://www.searchsarkarinaukri.com/jobs/cci-assistant-manager-recruitment-2026-2-posts--2862,https://www.searchsarkarinaukri.com/sitemap-jobs.xml,2026-07-09,job-listing,1
https://www.searchsarkarinaukri.com/jobs/cwc-young-professional-recruitment-2026-6-posts--2861,https://www.searchsarkarinaukri.com/sitemap-jobs.xml,2026-07-09,job-listing,1
https://www.searchsarkarinaukri.com/jobs/aiims-capfims-assistant-professor-recruitment-2026-18-posts--2860,https://www.searchsarkarinaukri.com/sitemap-jobs.xml,2026-07-09,job-listing,1
https://www.searchsarkarinaukri.com/jobs/hal-barrackpore-iti-apprentice-recruitment-2026--2859,https://www.searchsarkarinaukri.com/sitemap-jobs.xml,2026-07-09,job-listing,1
https://www.searchsarkarinaukri.com/jobs/echs-ludhiana-recruitment-2026-33-medical-driver-other-posts--2858,https://www.searchsarkarinaukri.com/sitemap-jobs.xml,2026-07-09,job-listing,1
https://www.searchsarkarinaukri.com/jobs/bank-of-india-credit-officer-recruitment-2026-779-posts--2857,https://www.searchsarkarinaukri.com/sitemap-jobs.xml,2026-07-09,job-listing,1
https://www.searchsarkarinaukri.com/jobs/csir-central-mechanical-engineering-research-institute-recruitment-to-the-posts-of-technician-2026--2856,https://www.searchsarkarinaukri.com/sitemap-jobs.xml,2026-08-04,job-listing,1
https://www.searchsarkarinaukri.com/jobs/national-health-systems-resource-centre-senior-consultant-comprehensive-primary-healthcare-and-2026--2855,https://www.searchsarkarinaukri.com/sitemap-jobs.xml,2026-07-29,job-listing,1
https://www.searchsarkarinaukri.com/jobs/national-health-systems-resource-centre-senior-consultant-community-processes-nhsrc-2026--2854,https://www.searchsarkarinaukri.com/sitemap-jobs.xml,2026-07-29,job-listing,1
https://www.searchsarkarinaukri.com/jobs/icar-central-marine-fisheries-research-institute-young-professional-ii-2026--2853,https://www.searchsarkarinaukri.com/sitemap-jobs.xml,2026-07-21,job-listing,1
https://www.searchsarkarinaukri.com/jobs/national-health-systems-resource-centre-junior-consultant-knowledge-management-division-nhsrc-2026--2852,https://www.searchsarkarinaukri.com/sitemap-jobs.xml,2026-07-29,job-listing,1
https://www.searchsarkarinaukri.com/jobs/job-2026--2850,https://www.searchsarkarinaukri.com/sitemap-jobs.xml,2026-08-19,job-listing,1
https://www.searchsarkarinaukri.com/jobs/job-2026--2849,https://www.searchsarkarinaukri.com/sitemap-jobs.xml,2026-08-05,job-listing,1
https://www.searchsarkarinaukri.com/jobs/pdil-pdil-2026--2847,https://www.searchsarkarinaukri.com/sitemap-jobs.xml,2026-07-28,job-listing,1
https://www.searchsarkarinaukri.com/jobs/airports-authority-of-india-airports-authority-of-india-2026--2846,https://www.searchsarkarinaukri.com/sitemap-jobs.xml,2026-07-29,job-listing,1
https://www.searchsarkarinaukri.com/jobs/umed-msrlm-jalna-umed-msrlm-jalna-2026--2845,https://www.searchsarkarinaukri.com/sitemap-jobs.xml,2026-07-16,job-listing,1
https://www.searchsarkarinaukri.com/jobs/latur-anganwadi-latur-anganwadi-2026--2844,https://www.searchsarkarinaukri.com/sitemap-jobs.xml,2026-07-18,job-listing,1
https://www.searchsarkarinaukri.com/jobs/vidyanand-co-op-bank-ltd-solapur-vidyanand-co-op-bank-ltd-solapur-2026--2843,https://www.searchsarkarinaukri.com/sitemap-jobs.xml,2026-07-16,job-listing,1
https://www.searchsarkarinaukri.com/jobs/jnv-parbhani-jnv-parbhani-2026--2842,https://www.searchsarkarinaukri.com/sitemap-jobs.xml,2026-07-14,job-listing,1
https://www.searchsarkarinaukri.com/jobs/gmc-jalgaon-gmc-jalgaon-2026--2841,https://www.searchsarkarinaukri.com/sitemap-jobs.xml,2026-07-29,job-listing,1
https://www.searchsarkarinaukri.com/jobs/tadoba-tiger-reserve-chandrapur-tadoba-tiger-reserve-chandrapur-2026--2840,https://www.searchsarkarinaukri.com/sitemap-jobs.xml,2026-07-16,job-listing,1
https://www.searchsarkarinaukri.com/jobs/maharashtra-maritime-board-mumbai-maharashtra-maritime-board-mumbai-2026--2839,https://www.searchsarkarinaukri.com/sitemap-jobs.xml,2026-07-23,job-listing,1
https://www.searchsarkarinaukri.com/jobs/iit-goa-iit-goa-2026--2838,https://www.searchsarkarinaukri.com/sitemap-jobs.xml,2026-07-14,job-listing,1
https://www.searchsarkarinaukri.com/jobs/dhs-goa-dhs-goa-2026--2837,https://www.searchsarkarinaukri.com/sitemap-jobs.xml,2026-07-30,job-listing,1
https://www.searchsarkarinaukri.com/jobs/ncr-ncr-2026--2836,https://www.searchsarkarinaukri.com/sitemap-jobs.xml,2026-08-08,job-listing,1
https://www.searchsarkarinaukri.com/jobs/buldana-urban-co-op-society-buldana-urban-co-op-society-2026--2835,https://www.searchsarkarinaukri.com/sitemap-jobs.xml,2026-07-18,job-listing,1
https://www.searchsarkarinaukri.com/jobs/ict-mumbai-ict-mumbai-2026--2834,https://www.searchsarkarinaukri.com/sitemap-jobs.xml,2026-07-21,job-listing,1
https://www.searchsarkarinaukri.com/jobs/nmmc-nmmc-2026--2833,https://www.searchsarkarinaukri.com/sitemap-jobs.xml,2026-07-11,job-listing,1
https://www.searchsarkarinaukri.com/jobs/icar-iari-icar-iari-2026--2832,https://www.searchsarkarinaukri.com/sitemap-jobs.xml,2026-07-28,job-listing,1
https://www.searchsarkarinaukri.com/jobs/moef-moef-2026--2831,https://www.searchsarkarinaukri.com/sitemap-jobs.xml,2026-07-09,job-listing,1
https://www.searchsarkarinaukri.com/jobs/samaj-kalyan-gadchiroli-samaj-kalyan-gadchiroli-2026--2830,https://www.searchsarkarinaukri.com/sitemap-jobs.xml,2026-07-15,job-listing,1
https://www.searchsarkarinaukri.com/jobs/ahmednagar-merchant-co-op-bank-ahmednagar-merchant-co-op-bank-2026--2829,https://www.searchsarkarinaukri.com/sitemap-jobs.xml,2026-07-10,job-listing,1
https://www.searchsarkarinaukri.com/jobs/upsc-assistant-engineer-civil-recruitment-2026-11-posts--2828,https://www.searchsarkarinaukri.com/sitemap-jobs.xml,2026-07-08,job-listing,1
https://www.searchsarkarinaukri.com/jobs/upsc-aeronautical-officer-recruitment-2026-11-posts--2827,https://www.searchsarkarinaukri.com/sitemap-jobs.xml,2026-07-08,job-listing,1
https://www.searchsarkarinaukri.com/jobs/upsc-legal-officer-recruitment-2026-12-posts--2826,https://www.searchsarkarinaukri.com/sitemap-jobs.xml,2026-07-08,job-listing,1
https://www.searchsarkarinaukri.com/jobs/upsc-company-prosecutor-recruitment-2026-18-posts--2825,https://www.searchsarkarinaukri.com/sitemap-jobs.xml,2026-07-08,job-listing,1
https://www.searchsarkarinaukri.com/jobs/upsc-drug-inspector-recruitment-2026-186-postsv--2824,https://www.searchsarkarinaukri.com/sitemap-jobs.xml,2026-07-08,job-listing,1
https://www.searchsarkarinaukri.com/jobs/bank-of-india-credit-officer-recruitment-2026-779-posts--2823,https://www.searchsarkarinaukri.com/sitemap-jobs.xml,2026-07-08,job-listing,1
https://www.searchsarkarinaukri.com/jobs/hpcl-dgm-gm-cgm-sales-marketing-petrochemicals-recruitment-2026--2822,https://www.searchsarkarinaukri.com/sitemap-jobs.xml,2026-07-08,job-listing,1
https://www.searchsarkarinaukri.com/jobs/hpcl-economist-recruitment-2026-senior-manager-chief-manager-deputy-general-manager--2821,https://www.searchsarkarinaukri.com/sitemap-jobs.xml,2026-07-08,job-listing,1
https://www.searchsarkarinaukri.com/jobs/hpcl-chief-manager-deputy-general-manager-technical-services-recruitment-2026--2820,https://www.searchsarkarinaukri.com/sitemap-jobs.xml,2026-07-08,job-listing,1
https://www.searchsarkarinaukri.com/jobs/hpcl-assistant-manager-manager-projects-recruitment-2026--2819,https://www.searchsarkarinaukri.com/sitemap-jobs.xml,2026-07-08,job-listing,1
https://www.searchsarkarinaukri.com/jobs/icar-sugarcane-breeding-institute-senior-research-fellow-2026--2818,https://www.searchsarkarinaukri.com/sitemap-jobs.xml,2026-07-11,job-listing,1
https://www.searchsarkarinaukri.com/jobs/icar-sugarcane-breeding-institute-young-professional-i-2026--2817,https://www.searchsarkarinaukri.com/sitemap-jobs.xml,2026-07-14,job-listing,1
https://www.searchsarkarinaukri.com/jobs/icar-sugarcane-breeding-institute-junior-research-fellow-2026--2816,https://www.searchsarkarinaukri.com/sitemap-jobs.xml,2026-07-16,job-listing,1
https://www.searchsarkarinaukri.com/jobs/cochin-shipyard-ltd-vacancy-notification-for-selection-of-boat-2026--2815,https://www.searchsarkarinaukri.com/sitemap-jobs.xml,2026-07-23,job-listing,1
https://www.searchsarkarinaukri.com/jobs/agharkar-research-institute-project-associate-i-one-no-2026--2814,https://www.searchsarkarinaukri.com/sitemap-jobs.xml,2026-07-16,job-listing,1
https://www.searchsarkarinaukri.com/jobs/agharkar-research-institute-project-associate-i-agharkar-research-2026--2813,https://www.searchsarkarinaukri.com/sitemap-jobs.xml,2026-07-21,job-listing,1
https://www.searchsarkarinaukri.com/jobs/national-health-systems-resource-centre-lead-consultant-child-health-me-and-2026--2812,https://www.searchsarkarinaukri.com/sitemap-jobs.xml,2026-07-29,job-listing,1
https://www.searchsarkarinaukri.com/jobs/csir-institute-of-minerals-and-materials-technology-project-associate-csir-institute-of-minerals-202--2811,https://www.searchsarkarinaukri.com/sitemap-jobs.xml,2026-07-20,job-listing,1
https://www.searchsarkarinaukri.com/jobs/csir-ihbt-project-associate-pat-i-2026--2810,https://www.searchsarkarinaukri.com/sitemap-jobs.xml,2026-07-24,job-listing,1
https://www.searchsarkarinaukri.com/jobs/indian-overseas-bank-indian-overseas-bank-2026--2807,https://www.searchsarkarinaukri.com/sitemap-jobs.xml,2026-07-21,job-listing,1
https://www.searchsarkarinaukri.com/jobs/government-polytechnic-dhule-government-polytechnic-dhule-2026--2806,https://www.searchsarkarinaukri.com/sitemap-jobs.xml,2026-07-10,job-listing,1
https://www.searchsarkarinaukri.com/jobs/brahma-valley-college-nashik-brahma-valley-college-nashik-2026--2805,https://www.searchsarkarinaukri.com/sitemap-jobs.xml,2026-07-15,job-listing,1
https://www.searchsarkarinaukri.com/jobs/kadamba-transport-corporation-ltd-goa-kadamba-transport-corporation-ltd-goa-2026--2804,https://www.searchsarkarinaukri.com/sitemap-jobs.xml,2026-07-14,job-listing,1
https://www.searchsarkarinaukri.com/jobs/nhidcl-nhidcl-2026--2803,https://www.searchsarkarinaukri.com/sitemap-jobs.xml,2026-08-06,job-listing,1
https://www.searchsarkarinaukri.com/jobs/rayat-shikshan-sanstha-rayat-shikshan-sanstha-2026--2802,https://www.searchsarkarinaukri.com/sitemap-jobs.xml,2026-07-16,job-listing,1
https://www.searchsarkarinaukri.com/jobs/nuclear-power-corporation-of-india-limited-nuclear-power-corporation-of-india-limited-2026--2801,https://www.searchsarkarinaukri.com/sitemap-jobs.xml,2026-08-05,job-listing,1
https://www.searchsarkarinaukri.com/jobs/nhsrcl-nhsrcl-2026--2800,https://www.searchsarkarinaukri.com/sitemap-jobs.xml,2026-07-21,job-listing,1
https://www.searchsarkarinaukri.com/jobs/goa-sacs-goa-sacs-2026--2799,https://www.searchsarkarinaukri.com/sitemap-jobs.xml,2026-07-22,job-listing,1
https://www.searchsarkarinaukri.com/jobs/cotton-corporation-of-india-cotton-corporation-of-india-2026--2798,https://www.searchsarkarinaukri.com/sitemap-jobs.xml,2026-07-25,job-listing,1
https://www.searchsarkarinaukri.com/jobs/best-mumbai-best-mumbai-2026--2797,https://www.searchsarkarinaukri.com/sitemap-jobs.xml,2026-07-14,job-listing,1
https://www.searchsarkarinaukri.com/jobs/iiser-pune-iiser-pune-2026--2796,https://www.searchsarkarinaukri.com/sitemap-jobs.xml,2026-07-16,job-listing,1
https://www.searchsarkarinaukri.com/jobs/kvs-ahilyanagar-kvs-ahilyanagar-2026--2795,https://www.searchsarkarinaukri.com/sitemap-jobs.xml,2026-07-11,job-listing,1
https://www.searchsarkarinaukri.com/jobs/sgbau-amravati-sgbau-amravati-2026--2794,https://www.searchsarkarinaukri.com/sitemap-jobs.xml,2026-07-19,job-listing,1
https://www.searchsarkarinaukri.com/jobs/iim-mumbai-iim-mumbai-2026--2793,https://www.searchsarkarinaukri.com/sitemap-jobs.xml,2026-07-31,job-listing,1
https://www.searchsarkarinaukri.com/jobs/vidhi-nyay-vibhag-mumbai-vidhi-nyay-vibhag-mumbai-2026--2792,https://www.searchsarkarinaukri.com/sitemap-jobs.xml,2026-07-22,job-listing,1
https://www.searchsarkarinaukri.com/jobs/vnit-nagpur-vnit-nagpur-2026--2791,https://www.searchsarkarinaukri.com/sitemap-jobs.xml,2026-07-16,job-listing,1
https://www.searchsarkarinaukri.com/jobs/mafsu-nagpur-mafsu-nagpur-2026--2790,https://www.searchsarkarinaukri.com/sitemap-jobs.xml,2026-07-18,job-listing,1
https://www.searchsarkarinaukri.com/jobs/government-polytechnic-washim-government-polytechnic-washim-2026--2789,https://www.searchsarkarinaukri.com/sitemap-jobs.xml,2026-07-16,job-listing,1
https://www.searchsarkarinaukri.com/jobs/dbskkv-dbskkv-2026--2788,https://www.searchsarkarinaukri.com/sitemap-jobs.xml,2026-07-16,job-listing,1
https://www.searchsarkarinaukri.com/jobs/actrec-mumbai-actrec-mumbai-2026--2787,https://www.searchsarkarinaukri.com/sitemap-jobs.xml,2026-07-09,job-listing,1
https://www.searchsarkarinaukri.com/jobs/ict-mumbai-ict-mumbai-2026--2786,https://www.searchsarkarinaukri.com/sitemap-jobs.xml,2026-07-21,job-listing,1
https://www.searchsarkarinaukri.com/jobs/nhai-nhai-2026--2785,https://www.searchsarkarinaukri.com/sitemap-jobs.xml,2026-08-06,job-listing,1
https://www.searchsarkarinaukri.com/jobs/bprd-bprd-2026--2784,https://www.searchsarkarinaukri.com/sitemap-jobs.xml,2026-07-14,job-listing,1
https://www.searchsarkarinaukri.com/jobs/rayat-shikshan-sanstha-satara-rayat-shikshan-sanstha-satara-2026--2783,https://www.searchsarkarinaukri.com/sitemap-jobs.xml,2026-07-15,job-listing,1
https://www.searchsarkarinaukri.com/jobs/bal-vikas-prakalp-ahilyanagar-integrated-child-development-services-scheme-project-bal-vikas-prakalp--2782,https://www.searchsarkarinaukri.com/sitemap-jobs.xml,2026-07-18,job-listing,1
https://www.searchsarkarinaukri.com/jobs/navi-mumbai-municipal-corporation-nmmc-job-openings-at-navi-mumbai-municipal-2026--2781,https://www.searchsarkarinaukri.com/sitemap-jobs.xml,2026-07-11,job-listing,1
https://www.searchsarkarinaukri.com/jobs/maharashtra-ex-servicemen-corporation-limited-mesco-pune-job-openings-at-maharashtra-ex-servicemen-c--2780,https://www.searchsarkarinaukri.com/sitemap-jobs.xml,2026-07-21,job-listing,1
https://www.searchsarkarinaukri.com/jobs/brihanmumbai-electric-supply-and-transport-undertaking-brihanmumbai-electric-supply-and-transport-un--2779,https://www.searchsarkarinaukri.com/sitemap-jobs.xml,2026-07-09,job-listing,1
https://www.searchsarkarinaukri.com/jobs/maharashtra-state-electricity-distribution-company-limited-msedcl-maharashtra-state-electricity-dist--2778,https://www.searchsarkarinaukri.com/sitemap-jobs.xml,2026-07-14,job-listing,1
https://www.searchsarkarinaukri.com/jobs/security-guard-board-chandrapur-chandrapur-jilha-suraksha-rakshak-board-recruitment-notification-sec--2777,https://www.searchsarkarinaukri.com/sitemap-jobs.xml,2026-08-07,job-listing,1
https://www.searchsarkarinaukri.com/jobs/visvesvaraya-national-institute-of-technology-nagpur-visvesvaraya-national-institute-of-technology-n--2776,https://www.searchsarkarinaukri.com/sitemap-jobs.xml,2026-07-16,job-listing,1
https://www.searchsarkarinaukri.com/jobs/government-college-of-engineering-nagpur-government-college-of-engineering-nagpur-invites-2026--2775,https://www.searchsarkarinaukri.com/sitemap-jobs.xml,2026-07-10,job-listing,1
https://www.searchsarkarinaukri.com/jobs/maharashtra-animal-and-fisheries-science-university-job-openings-at-maharashtra-animal-and-2026--2774,https://www.searchsarkarinaukri.com/sitemap-jobs.xml,2026-07-18,job-listing,1
https://www.searchsarkarinaukri.com/jobs/pm-shri-kendriya-vidyalaya-no-1-2-and-3-ahmednagar-pm-shri-kendriya-vidyalaya-no-1-2026--2773,https://www.searchsarkarinaukri.com/sitemap-jobs.xml,2026-07-11,job-listing,1
https://www.searchsarkarinaukri.com/jobs/pm-shri-school-jawahar-navodaya-vidyalaya-washim-pm-shri-school-jawahar-navodaya-vidyalaya-2026--2772,https://www.searchsarkarinaukri.com/sitemap-jobs.xml,2026-07-14,job-listing,1
https://www.searchsarkarinaukri.com/jobs/umed-maharashtra-state-rural-livelihood-mission-msrlm-jalna-umed-maharashtra-state-rural-livelihood--2771,https://www.searchsarkarinaukri.com/sitemap-jobs.xml,2026-07-16,job-listing,1
https://www.searchsarkarinaukri.com/jobs/ekatmik-bal-vikas-seva-yojana-prakalp-dist-latur-job-openings-at-ekatmik-bal-vikas-2026--2770,https://www.searchsarkarinaukri.com/sitemap-jobs.xml,2026-07-18,job-listing,1
https://www.searchsarkarinaukri.com/jobs/hpcl-senior-officer-sales-recruitment-2026-52-posts--2769,https://www.searchsarkarinaukri.com/sitemap-jobs.xml,2026-07-07,job-listing,1
https://www.searchsarkarinaukri.com/jobs/hpcl-junior-executive-fire-safety-recruitment-2026-17-posts--2768,https://www.searchsarkarinaukri.com/sitemap-jobs.xml,2026-07-07,job-listing,1
https://www.searchsarkarinaukri.com/jobs/hpcl-recruitment-2026-junior-executive-chemical-37-posts--2767,https://www.searchsarkarinaukri.com/sitemap-jobs.xml,2026-07-07,job-listing,1
https://www.searchsarkarinaukri.com/jobs/pdil-graduate-engineer-diploma-engineer-recruitment-2026-153-posts--2766,https://www.searchsarkarinaukri.com/sitemap-jobs.xml,2026-07-07,job-listing,1
https://www.searchsarkarinaukri.com/jobs/nhidcl-associate-recruitment-2026-100-posts--2765,https://www.searchsarkarinaukri.com/sitemap-jobs.xml,2026-07-07,job-listing,1
https://www.searchsarkarinaukri.com/jobs/aai-ner-apprentice-recruitment-2026-95-posts--2764,https://www.searchsarkarinaukri.com/sitemap-jobs.xml,2026-07-07,job-listing,1
https://www.searchsarkarinaukri.com/jobs/punjab-and-haryana-high-court-clerk-recruitment-2026-1265-posts--2763,https://www.searchsarkarinaukri.com/sitemap-jobs.xml,2026-07-07,job-listing,1
https://www.searchsarkarinaukri.com/jobs/indian-overseas-bank-apprentice-recruitment-2026-750-posts--2762,https://www.searchsarkarinaukri.com/sitemap-jobs.xml,2026-07-07,job-listing,1
https://www.searchsarkarinaukri.com/jobs/csc-aadhaar-supervisor-operator-recruitment-2026-316-posts--2761,https://www.searchsarkarinaukri.com/sitemap-jobs.xml,2026-07-07,job-listing,1
https://www.searchsarkarinaukri.com/jobs/nhsrcl-technician-recruitment-2026-237-posts--2760,https://www.searchsarkarinaukri.com/sitemap-jobs.xml,2026-07-07,job-listing,1
https://www.searchsarkarinaukri.com/jobs/irctc-irctc-2026--2759,https://www.searchsarkarinaukri.com/sitemap-jobs.xml,2026-08-01,job-listing,1
https://www.searchsarkarinaukri.com/jobs/mahavitaran-nagpur-mahavitaran-nagpur-2026--2758,https://www.searchsarkarinaukri.com/sitemap-jobs.xml,2026-07-14,job-listing,1
https://www.searchsarkarinaukri.com/jobs/nmmc-nmmc-2026--2757,https://www.searchsarkarinaukri.com/sitemap-jobs.xml,2026-07-11,job-listing,1
https://www.searchsarkarinaukri.com/jobs/indian-army-ssc-tech-indian-army-ssc-tech-2026--2756,https://www.searchsarkarinaukri.com/sitemap-jobs.xml,2026-08-22,job-listing,1
https://www.searchsarkarinaukri.com/jobs/chandrapur-jilha-suraksha-rakshak-chandrapur-jilha-suraksha-rakshak-2026--2755,https://www.searchsarkarinaukri.com/sitemap-jobs.xml,2026-08-07,job-listing,1
https://www.searchsarkarinaukri.com/jobs/maharashtra-ex-servicemen-corporation-limited-maharashtra-ex-servicemen-corporation-limited-2026--2754,https://www.searchsarkarinaukri.com/sitemap-jobs.xml,2026-07-21,job-listing,1
https://www.searchsarkarinaukri.com/jobs/drdo-acem-nashik-drdo-acem-nashik-2026--2753,https://www.searchsarkarinaukri.com/sitemap-jobs.xml,2026-07-27,job-listing,1
https://www.searchsarkarinaukri.com/jobs/sainik-school-satara-sainik-school-satara-2026--2752,https://www.searchsarkarinaukri.com/sitemap-jobs.xml,2026-07-22,job-listing,1
https://www.searchsarkarinaukri.com/jobs/the-chandwad-merchants-co-op-bank-ltd-the-chandwad-merchants-co-op-bank-ltd-2026--2751,https://www.searchsarkarinaukri.com/sitemap-jobs.xml,2026-07-11,job-listing,1
https://www.searchsarkarinaukri.com/jobs/hindi-vishwavidyalaya-wardha-hindi-vishwavidyalaya-wardha-2026--2750,https://www.searchsarkarinaukri.com/sitemap-jobs.xml,2026-07-17,job-listing,1
https://www.searchsarkarinaukri.com/jobs/army-institute-of-technology-pune-army-institute-of-technology-pune-2026--2749,https://www.searchsarkarinaukri.com/sitemap-jobs.xml,2026-07-14,job-listing,1
https://www.searchsarkarinaukri.com/jobs/anganwadi-ahilyanagar-anganwadi-ahilyanagar-2026--2748,https://www.searchsarkarinaukri.com/sitemap-jobs.xml,2026-07-18,job-listing,1
https://www.searchsarkarinaukri.com/jobs/ministry-of-civil-aviation-ministry-of-civil-aviation-2026--2747,https://www.searchsarkarinaukri.com/sitemap-jobs.xml,2026-07-07,job-listing,1
https://www.searchsarkarinaukri.com/jobs/merc-mumbai-merc-mumbai-2026--2746,https://www.searchsarkarinaukri.com/sitemap-jobs.xml,2026-08-06,job-listing,1
https://www.searchsarkarinaukri.com/jobs/bharatiya-vidya-bhavan-bharatiya-vidya-bhavan-2026--2745,https://www.searchsarkarinaukri.com/sitemap-jobs.xml,2026-07-11,job-listing,1
https://www.searchsarkarinaukri.com/jobs/ministry-of-education-department-of-higher-education-ministry-of-education-department-2026--2744,https://www.searchsarkarinaukri.com/sitemap-jobs.xml,2026-08-20,job-listing,1
https://www.searchsarkarinaukri.com/jobs/finance-department-maharashtra-finance-department-maharashtra-2026--2743,https://www.searchsarkarinaukri.com/sitemap-jobs.xml,2026-07-21,job-listing,1
https://www.searchsarkarinaukri.com/jobs/cdsco-cdsco-2026--2742,https://www.searchsarkarinaukri.com/sitemap-jobs.xml,2026-07-07,job-listing,1
https://www.searchsarkarinaukri.com/jobs/ministry-of-cooperation-ministry-of-cooperation-2026--2741,https://www.searchsarkarinaukri.com/sitemap-jobs.xml,2026-07-11,job-listing,1
https://www.searchsarkarinaukri.com/jobs/indian-coast-guard-indian-coast-guard-2026--2740,https://www.searchsarkarinaukri.com/sitemap-jobs.xml,2026-08-18,job-listing,1
https://www.searchsarkarinaukri.com/jobs/north-east-frontier-railway-north-east-frontier-railway-2026--2739,https://www.searchsarkarinaukri.com/sitemap-jobs.xml,2026-08-14,job-listing,1
https://www.searchsarkarinaukri.com/jobs/upsc-medical-officer-research-officer-siddha-recruitment-2026-01-post--2738,https://www.searchsarkarinaukri.com/sitemap-jobs.xml,2026-07-06,job-listing,1
https://www.searchsarkarinaukri.com/jobs/upsc-recruitment-2026-joint-director-crops-development-directorate-06-posts--2737,https://www.searchsarkarinaukri.com/sitemap-jobs.xml,2026-07-06,job-listing,1
https://www.searchsarkarinaukri.com/jobs/csir-cmeri-recruitment-2026-project-associate-project-assistant-posts--2736,https://www.searchsarkarinaukri.com/sitemap-jobs.xml,2026-07-06,job-listing,1
https://www.searchsarkarinaukri.com/jobs/csir-tkdl-project-associate-i-recruitment-2026-5-posts--2735,https://www.searchsarkarinaukri.com/sitemap-jobs.xml,2026-07-06,job-listing,1
https://www.searchsarkarinaukri.com/jobs/sbi-specialist-cadre-officer-recruitment-2026--2734,https://www.searchsarkarinaukri.com/sitemap-jobs.xml,2026-07-06,job-listing,1
https://www.searchsarkarinaukri.com/jobs/lpai-recruitment-2026-63-various-posts-on-deputation--2733,https://www.searchsarkarinaukri.com/sitemap-jobs.xml,2026-07-06,job-listing,1
https://www.searchsarkarinaukri.com/jobs/ntpc-assistant-chemist-trainee-recruitment-2026--2732,https://www.searchsarkarinaukri.com/sitemap-jobs.xml,2026-07-06,job-listing,1
https://www.searchsarkarinaukri.com/jobs/ntpc-associate-recruitment-2026-hydro-function--2731,https://www.searchsarkarinaukri.com/sitemap-jobs.xml,2026-07-06,job-listing,1
https://www.searchsarkarinaukri.com/jobs/rbi-bank-s-medical-consultant-recruitment-2026--2730,https://www.searchsarkarinaukri.com/sitemap-jobs.xml,2026-07-06,job-listing,1
https://www.searchsarkarinaukri.com/jobs/rbi-consultant-site-engineer-recruitment-2026--2729,https://www.searchsarkarinaukri.com/sitemap-jobs.xml,2026-07-06,job-listing,1
https://www.searchsarkarinaukri.com/jobs/national-council-for-cooperative-training-ncct-recruitment-for-the-post-of-lecturers-2026--2725,https://www.searchsarkarinaukri.com/sitemap-jobs.xml,2026-07-13,job-listing,1
https://www.searchsarkarinaukri.com/jobs/naini-aerospace-limited-recruitment-for-the-post-of-operator-2026--2724,https://www.searchsarkarinaukri.com/sitemap-jobs.xml,2026-07-18,job-listing,1
https://www.searchsarkarinaukri.com/jobs/rashtriya-chemicals-and-fertilizers-limited-assistant-engineer-electrical-2026--2723,https://www.searchsarkarinaukri.com/sitemap-jobs.xml,2026-07-14,job-listing,1
https://www.searchsarkarinaukri.com/jobs/job-2026--2722,https://www.searchsarkarinaukri.com/sitemap-jobs.xml,2026-07-18,job-listing,1
https://www.searchsarkarinaukri.com/jobs/job-2026--2721,https://www.searchsarkarinaukri.com/sitemap-jobs.xml,2026-07-05,job-listing,1
https://www.searchsarkarinaukri.com/jobs/institute-of-chartered-accountants-of-india-institute-of-chartered-accountants-of-india-2026--2720,https://www.searchsarkarinaukri.com/sitemap-jobs.xml,2026-07-20,job-listing,1
https://www.searchsarkarinaukri.com/jobs/indian-navy-indian-navy-2026--2719,https://www.searchsarkarinaukri.com/sitemap-jobs.xml,2026-07-21,job-listing,1
https://www.searchsarkarinaukri.com/jobs/maha-metro-nagpur-maha-metro-nagpur-2026--2718,https://www.searchsarkarinaukri.com/sitemap-jobs.xml,2026-08-20,job-listing,1
https://www.searchsarkarinaukri.com/jobs/msamb-msamb-2026--2717,https://www.searchsarkarinaukri.com/sitemap-jobs.xml,2026-07-18,job-listing,1
https://www.searchsarkarinaukri.com/jobs/pune-district-education-association-pune-district-education-association-2026--2716,https://www.searchsarkarinaukri.com/sitemap-jobs.xml,2026-07-19,job-listing,1
https://www.searchsarkarinaukri.com/jobs/sgbau-amravati-sgbau-amravati-2026--2715,https://www.searchsarkarinaukri.com/sitemap-jobs.xml,2026-07-19,job-listing,1
https://www.searchsarkarinaukri.com/jobs/vishwas-co-op-bank-ltd-vishwas-co-op-bank-ltd-2026--2714,https://www.searchsarkarinaukri.com/sitemap-jobs.xml,2026-07-16,job-listing,1
https://www.searchsarkarinaukri.com/jobs/siddheshwar-urban-co-op-bank-siddheshwar-urban-co-op-bank-2026--2713,https://www.searchsarkarinaukri.com/sitemap-jobs.xml,2026-07-16,job-listing,1
https://www.searchsarkarinaukri.com/jobs/govt-polytechnic-jintur-govt-polytechnic-jintur-2026--2712,https://www.searchsarkarinaukri.com/sitemap-jobs.xml,2026-07-08,job-listing,1
https://www.searchsarkarinaukri.com/jobs/delhi-high-court-delhi-high-court-2026--2711,https://www.searchsarkarinaukri.com/sitemap-jobs.xml,2026-07-16,job-listing,1
https://www.searchsarkarinaukri.com/jobs/pune-police-pune-police-2026--2710,https://www.searchsarkarinaukri.com/sitemap-jobs.xml,2026-07-14,job-listing,1
https://www.searchsarkarinaukri.com/jobs/ihmcl-ihmcl-2026--2709,https://www.searchsarkarinaukri.com/sitemap-jobs.xml,2026-08-03,job-listing,1
https://www.searchsarkarinaukri.com/jobs/jilhadhikari-karyalay-dharashiv-jilhadhikari-karyalay-dharashiv-2026--2708,https://www.searchsarkarinaukri.com/sitemap-jobs.xml,2026-07-09,job-listing,1
https://www.searchsarkarinaukri.com/jobs/vasundhara-mahila-nagari-sahakari-bank-vasundhara-mahila-nagari-sahakari-bank-2026--2707,https://www.searchsarkarinaukri.com/sitemap-jobs.xml,2026-07-14,job-listing,1
https://www.searchsarkarinaukri.com/jobs/nashik-cambridge-school-nashik-cambridge-school-2026--2706,https://www.searchsarkarinaukri.com/sitemap-jobs.xml,2026-07-08,job-listing,1
https://www.searchsarkarinaukri.com/jobs/secr-nagpur-secr-nagpur-2026--2705,https://www.searchsarkarinaukri.com/sitemap-jobs.xml,2026-07-14,job-listing,1
https://www.searchsarkarinaukri.com/jobs/sambhaji-nagar-mahanagarpalika-sambhaji-nagar-mahanagarpalika-2026--2704,https://www.searchsarkarinaukri.com/sitemap-jobs.xml,2026-07-09,job-listing,1
https://www.searchsarkarinaukri.com/jobs/jspm-latur-jspm-latur-2026--2703,https://www.searchsarkarinaukri.com/sitemap-jobs.xml,2026-07-10,job-listing,1
https://www.searchsarkarinaukri.com/jobs/dcc-bank-jalna-dcc-bank-jalna-2026--2702,https://www.searchsarkarinaukri.com/sitemap-jobs.xml,2026-07-19,job-listing,1
https://www.searchsarkarinaukri.com/jobs/maharashtra-university-of-health-sciences-muhs-nashik-job-opening-at-maharashtra-university-of-2026--2701,https://www.searchsarkarinaukri.com/sitemap-jobs.xml,2026-07-07,job-listing,1
https://www.searchsarkarinaukri.com/jobs/maharashtra-state-institute-of-hotel-management-and-catering-technology-pune-maharashtra-state-insti--2700,https://www.searchsarkarinaukri.com/sitemap-jobs.xml,2026-07-10,job-listing,1
https://www.searchsarkarinaukri.com/jobs/national-health-mission-solapur-recruitment-notification-national-health-mission-solapur-2026--2699,https://www.searchsarkarinaukri.com/sitemap-jobs.xml,2026-07-09,job-listing,1
https://www.searchsarkarinaukri.com/jobs/chandrapur-city-municipal-corporation-chandrapur-city-municipal-corporation-invites-applications-202--2698,https://www.searchsarkarinaukri.com/sitemap-jobs.xml,2026-07-09,job-listing,1
https://www.searchsarkarinaukri.com/jobs/district-civil-hospital-alibag-raigad-job-openings-at-district-civil-hospital-2026--2697,https://www.searchsarkarinaukri.com/sitemap-jobs.xml,2026-07-18,job-listing,1
https://www.searchsarkarinaukri.com/jobs/solapur-science-center-solapur-vigyan-kendra-job-openings-at-solapur-science-center-2026--2696,https://www.searchsarkarinaukri.com/sitemap-jobs.xml,2026-07-16,job-listing,1
https://www.searchsarkarinaukri.com/jobs/mahatma-jyotirao-phule-jan-arogya-yojana-mjpjay-dharashiv-mahatma-jyotirao-phule-jan-arogya-yojana-2--2695,https://www.searchsarkarinaukri.com/sitemap-jobs.xml,2026-07-10,job-listing,1
https://www.searchsarkarinaukri.com/jobs/international-institute-for-population-sciences-mumbai-international-institute-for-population-scienc--2694,https://www.searchsarkarinaukri.com/sitemap-jobs.xml,2026-07-21,job-listing,1
https://www.searchsarkarinaukri.com/jobs/maharashtra-post-graduate-institute-of-medical-education-and-research-nashik-maharashtra-post-gradua--2693,https://www.searchsarkarinaukri.com/sitemap-jobs.xml,2026-07-11,job-listing,1
https://www.searchsarkarinaukri.com/jobs/government-medical-college-alibag-raigad-government-medical-college-alibag-raigad-2026--2692,https://www.searchsarkarinaukri.com/sitemap-jobs.xml,2026-07-11,job-listing,1
https://www.searchsarkarinaukri.com/jobs/chhatrapati-sambhaji-maharaj-government-medical-college-and-hospital-satara-chhatrapati-sambhaji-mah--2691,https://www.searchsarkarinaukri.com/sitemap-jobs.xml,2026-07-16,job-listing,1
https://www.searchsarkarinaukri.com/jobs/thane-mahanagarpalika-thane-municipal-corporation-apply-for-6-pharmaceutical-officer-pharmacist-2026--2690,https://www.searchsarkarinaukri.com/sitemap-jobs.xml,2026-07-10,job-listing,1
https://www.searchsarkarinaukri.com/jobs/south-east-central-railway-nagpur-job-openings-at-south-east-central-2026--2689,https://www.searchsarkarinaukri.com/sitemap-jobs.xml,2026-07-14,job-listing,1
https://www.searchsarkarinaukri.com/jobs/maharashtra-airport-development-company-limited-maharashtra-airport-development-company-limited-2026--2687,https://www.searchsarkarinaukri.com/sitemap-jobs.xml,2026-07-26,job-listing,1
https://www.searchsarkarinaukri.com/jobs/army-public-school-kamptee-army-public-school-kamptee-2026-recruitment-2026--2686,https://www.searchsarkarinaukri.com/sitemap-jobs.xml,2026-07-31,job-listing,1
https://www.searchsarkarinaukri.com/jobs/maharashtra-state-electricity-distribution-company-limited-msedcl-maharashtra-state-electricity-dist--2685,https://www.searchsarkarinaukri.com/sitemap-jobs.xml,2026-07-17,job-listing,1
https://www.searchsarkarinaukri.com/jobs/indian-army-bhartiya-sena-apply-for-sports-person-havildar-2026--2684,https://www.searchsarkarinaukri.com/sitemap-jobs.xml,2026-07-11,job-listing,1
https://www.searchsarkarinaukri.com/jobs/istrac-isro-technician-b-2026--2683,https://www.searchsarkarinaukri.com/sitemap-jobs.xml,2026-07-21,job-listing,1
https://www.searchsarkarinaukri.com/jobs/sir-central-food-technological-research-institute-engagement-to-project-associate-i-2026--2682,https://www.searchsarkarinaukri.com/sitemap-jobs.xml,2026-07-16,job-listing,1
https://www.searchsarkarinaukri.com/jobs/numaligarh-refinery-limited-director-technical-2026--2681,https://www.searchsarkarinaukri.com/sitemap-jobs.xml,2026-07-24,job-listing,1
https://www.searchsarkarinaukri.com/jobs/sir-central-food-technological-research-institute-engagement-to-project-associate-i-2026--2680,https://www.searchsarkarinaukri.com/sitemap-jobs.xml,2026-07-13,job-listing,1
https://www.searchsarkarinaukri.com/jobs/uidai-senior-accounts-officer-recruitment-2026--2679,https://www.searchsarkarinaukri.com/sitemap-jobs.xml,2026-07-04,job-listing,1
https://www.searchsarkarinaukri.com/jobs/uidai-accountant-recruitment-2026-deputation-basis--2678,https://www.searchsarkarinaukri.com/sitemap-jobs.xml,2026-07-04,job-listing,1
https://www.searchsarkarinaukri.com/jobs/uidai-deputy-director-recruitment-2026-deputation-basis--2677,https://www.searchsarkarinaukri.com/sitemap-jobs.xml,2026-07-04,job-listing,1
https://www.searchsarkarinaukri.com/jobs/sbi-probationary-officer-po-recruitment-2026--2676,https://www.searchsarkarinaukri.com/sitemap-jobs.xml,2026-07-04,job-listing,1
https://www.searchsarkarinaukri.com/jobs/sbi-bank-medical-officer-bmo-ii-recruitment-2026--2675,https://www.searchsarkarinaukri.com/sitemap-jobs.xml,2026-07-04,job-listing,1
https://www.searchsarkarinaukri.com/jobs/sbi-assistant-manager-law-deputy-manager-law-recruitment-2026--2674,https://www.searchsarkarinaukri.com/sitemap-jobs.xml,2026-07-04,job-listing,1
https://www.searchsarkarinaukri.com/jobs/goa-shipyard-limited-apprenticeship-recruitment-2026--2673,https://www.searchsarkarinaukri.com/sitemap-jobs.xml,2026-07-04,job-listing,1
https://www.searchsarkarinaukri.com/jobs/barc-non-dnb-junior-senior-resident-doctor-recruitment-2026--2671,https://www.searchsarkarinaukri.com/sitemap-jobs.xml,2026-07-04,job-listing,1
https://www.searchsarkarinaukri.com/jobs/barc-post-graduate-resident-medical-officer-pgrmo-senior-resident-recruitment-2026--2670,https://www.searchsarkarinaukri.com/sitemap-jobs.xml,2026-07-04,job-listing,1
https://www.searchsarkarinaukri.com/jobs/bhabha-atomic-research-centre-mumbai-general-duty-medical-officer-recruitment-2026--2669,https://www.searchsarkarinaukri.com/sitemap-jobs.xml,2026-07-04,job-listing,1
https://www.searchsarkarinaukri.com/jobs/army-public-school-kamptee-army-public-school-kamptee-2026--2668,https://www.searchsarkarinaukri.com/sitemap-jobs.xml,2026-07-08,job-listing,1
https://www.searchsarkarinaukri.com/jobs/nmrda-nagpur-nmrda-nagpur-2026--2667,https://www.searchsarkarinaukri.com/sitemap-jobs.xml,2026-07-09,job-listing,1
https://www.searchsarkarinaukri.com/jobs/union-public-service-commission-union-public-service-commission-2026--2666,https://www.searchsarkarinaukri.com/sitemap-jobs.xml,2026-08-01,job-listing,1
https://www.searchsarkarinaukri.com/jobs/hll-lifecare-ltd-hll-lifecare-ltd-2026--2665,https://www.searchsarkarinaukri.com/sitemap-jobs.xml,2026-07-16,job-listing,1
https://www.searchsarkarinaukri.com/jobs/dot-dot-2026--2664,https://www.searchsarkarinaukri.com/sitemap-jobs.xml,2026-07-11,job-listing,1
https://www.searchsarkarinaukri.com/jobs/madc-mumbai-madc-mumbai-2026--2663,https://www.searchsarkarinaukri.com/sitemap-jobs.xml,2026-07-26,job-listing,1
https://www.searchsarkarinaukri.com/jobs/rtmnu-nagpur-rtmnu-nagpur-2026--2662,https://www.searchsarkarinaukri.com/sitemap-jobs.xml,2026-07-18,job-listing,1
https://www.searchsarkarinaukri.com/jobs/national-investigation-agency-national-investigation-agency-2026--2661,https://www.searchsarkarinaukri.com/sitemap-jobs.xml,2026-07-22,job-listing,1
https://www.searchsarkarinaukri.com/jobs/gmc-satara-gmc-satara-2026--2660,https://www.searchsarkarinaukri.com/sitemap-jobs.xml,2026-07-16,job-listing,1
https://www.searchsarkarinaukri.com/jobs/district-hospital-raigad-district-hospital-raigad-2026--2659,https://www.searchsarkarinaukri.com/sitemap-jobs.xml,2026-07-18,job-listing,1
https://www.searchsarkarinaukri.com/jobs/gmc-raigad-gmc-raigad-2026--2658,https://www.searchsarkarinaukri.com/sitemap-jobs.xml,2026-07-11,job-listing,1
https://www.searchsarkarinaukri.com/jobs/ex-serviceman-contributory-health-scheme-ahilyanagar-ex-serviceman-contributory-health-scheme-ahilya--2657,https://www.searchsarkarinaukri.com/sitemap-jobs.xml,2026-07-10,job-listing,1
https://www.searchsarkarinaukri.com/jobs/mumbai-central-railway-mumbai-central-railway-2026--2656,https://www.searchsarkarinaukri.com/sitemap-jobs.xml,2026-07-22,job-listing,1
https://www.searchsarkarinaukri.com/jobs/bhel-bhel-2026--2655,https://www.searchsarkarinaukri.com/sitemap-jobs.xml,2026-07-16,job-listing,1
https://www.searchsarkarinaukri.com/jobs/maharashtra-human-rights-commission-maharashtra-human-rights-commission-2026--2654,https://www.searchsarkarinaukri.com/sitemap-jobs.xml,2026-07-10,job-listing,1
https://www.searchsarkarinaukri.com/jobs/iips-mumbai-iips-mumbai-2026--2653,https://www.searchsarkarinaukri.com/sitemap-jobs.xml,2026-07-21,job-listing,1
https://www.searchsarkarinaukri.com/jobs/all-india-institute-of-medical-sciences-nagpur-all-india-institute-of-medical-sciences-2026--2652,https://www.searchsarkarinaukri.com/sitemap-jobs.xml,2026-07-19,job-listing,1
https://www.searchsarkarinaukri.com/jobs/gp-arvi-gp-arvi-2026--2651,https://www.searchsarkarinaukri.com/sitemap-jobs.xml,2026-07-09,job-listing,1
https://www.searchsarkarinaukri.com/jobs/muhs-nashik-muhs-nashik-2026--2650,https://www.searchsarkarinaukri.com/sitemap-jobs.xml,2026-07-17,job-listing,1
https://www.searchsarkarinaukri.com/jobs/indian-army-indian-army-2026--2649,https://www.searchsarkarinaukri.com/sitemap-jobs.xml,2026-07-11,job-listing,1
https://www.searchsarkarinaukri.com/jobs/krushi-utpanna-bazar-samiti-wardha-krushi-utpanna-bazar-samiti-wardha-2026--2648,https://www.searchsarkarinaukri.com/sitemap-jobs.xml,2026-07-18,job-listing,1
https://www.searchsarkarinaukri.com/jobs/mumbai-suburban-mumbai-suburban-2026--2647,https://www.searchsarkarinaukri.com/sitemap-jobs.xml,2026-07-21,job-listing,1
https://www.searchsarkarinaukri.com/jobs/tiss-mumbai-tiss-mumbai-2026--2646,https://www.searchsarkarinaukri.com/sitemap-jobs.xml,2026-07-13,job-listing,1
https://www.searchsarkarinaukri.com/jobs/csir-central-drug-research-institute-lucknow-engagement-of-project-staff-2026--2645,https://www.searchsarkarinaukri.com/sitemap-jobs.xml,2026-07-17,job-listing,1
https://www.searchsarkarinaukri.com/jobs/hindustan-petroleum-corporation-limited-economist-2026--2644,https://www.searchsarkarinaukri.com/sitemap-jobs.xml,2026-07-21,job-listing,1
https://www.searchsarkarinaukri.com/jobs/steel-authority-of-india-ltd-director-personnel-2026--2643,https://www.searchsarkarinaukri.com/sitemap-jobs.xml,2026-07-23,job-listing,1
https://www.searchsarkarinaukri.com/jobs/hindustan-petroleum-corporation-limited-senior-officer-sales-2026--2642,https://www.searchsarkarinaukri.com/sitemap-jobs.xml,2026-07-21,job-listing,1
https://www.searchsarkarinaukri.com/jobs/hindustan-petroleum-corporation-limited-projects-2026--2641,https://www.searchsarkarinaukri.com/sitemap-jobs.xml,2026-07-21,job-listing,1
https://www.searchsarkarinaukri.com/jobs/hindustan-petroleum-corporation-limited-technical-services-speciality-chemicals-2026--2640,https://www.searchsarkarinaukri.com/sitemap-jobs.xml,2026-07-21,job-listing,1
https://www.searchsarkarinaukri.com/jobs/gail-india-limited-director-marketing-gail-india-limited-2026--2639,https://www.searchsarkarinaukri.com/sitemap-jobs.xml,2026-07-24,job-listing,1
https://www.searchsarkarinaukri.com/jobs/dlsa-gondia-dlsa-gondia-2026--2636,https://www.searchsarkarinaukri.com/sitemap-jobs.xml,2026-07-09,job-listing,1
https://www.searchsarkarinaukri.com/jobs/chandrapur-mahanagarpalika-chandrapur-mahanagarpalika-2026--2635,https://www.searchsarkarinaukri.com/sitemap-jobs.xml,2026-07-09,job-listing,1
https://www.searchsarkarinaukri.com/jobs/nirdpr-nirdpr-2026--2634,https://www.searchsarkarinaukri.com/sitemap-jobs.xml,2026-07-16,job-listing,1
https://www.searchsarkarinaukri.com/jobs/hindustan-petroleum-corporation-limited-hindustan-petroleum-corporation-limited-2026--2633,https://www.searchsarkarinaukri.com/sitemap-jobs.xml,2026-07-21,job-listing,1
https://www.searchsarkarinaukri.com/jobs/jnv-hingoli-jnv-hingoli-2026--2632,https://www.searchsarkarinaukri.com/sitemap-jobs.xml,2026-08-25,job-listing,1
https://www.searchsarkarinaukri.com/jobs/msc-bank-msc-bank-2026--2631,https://www.searchsarkarinaukri.com/sitemap-jobs.xml,2026-07-23,job-listing,1
https://www.searchsarkarinaukri.com/jobs/nhm-solapur-nhm-solapur-2026--2630,https://www.searchsarkarinaukri.com/sitemap-jobs.xml,2026-07-09,job-listing,1
https://www.searchsarkarinaukri.com/jobs/chme-society-nashik-chme-society-nashik-2026--2629,https://www.searchsarkarinaukri.com/sitemap-jobs.xml,2026-07-10,job-listing,1
https://www.searchsarkarinaukri.com/jobs/madgaon-nagarpalika-madgaon-nagarpalika-2026--2628,https://www.searchsarkarinaukri.com/sitemap-jobs.xml,2026-07-08,job-listing,1
https://www.searchsarkarinaukri.com/jobs/pfrda-pfrda-2026--2627,https://www.searchsarkarinaukri.com/sitemap-jobs.xml,2026-07-24,job-listing,1
https://www.searchsarkarinaukri.com/jobs/maharashtra-education-society-pune-maharashtra-education-society-pune-2026--2626,https://www.searchsarkarinaukri.com/sitemap-jobs.xml,2026-07-08,job-listing,1
https://www.searchsarkarinaukri.com/jobs/adivasi-vikas-vibhag-nagpur-adivasi-vikas-vibhag-nagpur-2026--2625,https://www.searchsarkarinaukri.com/sitemap-jobs.xml,2026-07-09,job-listing,1
https://www.searchsarkarinaukri.com/jobs/union-public-service-commission-union-public-service-commission-2026--2624,https://www.searchsarkarinaukri.com/sitemap-jobs.xml,2026-07-18,job-listing,1
https://www.searchsarkarinaukri.com/jobs/csl-csl-2026--2623,https://www.searchsarkarinaukri.com/sitemap-jobs.xml,2026-07-23,job-listing,1
https://www.searchsarkarinaukri.com/jobs/msihmct-pune-msihmct-pune-2026--2622,https://www.searchsarkarinaukri.com/sitemap-jobs.xml,2026-07-10,job-listing,1
https://www.searchsarkarinaukri.com/jobs/goa-university-goa-university-2026--2621,https://www.searchsarkarinaukri.com/sitemap-jobs.xml,2026-07-10,job-listing,1
https://www.searchsarkarinaukri.com/jobs/muhs-nashik-muhs-nashik-2026--2620,https://www.searchsarkarinaukri.com/sitemap-jobs.xml,2026-07-17,job-listing,1
https://www.searchsarkarinaukri.com/jobs/iiser-pune-iiser-pune-2026--2619,https://www.searchsarkarinaukri.com/sitemap-jobs.xml,2026-07-11,job-listing,1
https://www.searchsarkarinaukri.com/jobs/ministry-of-jal-shakti-ministry-of-jal-shakti-2026--2618,https://www.searchsarkarinaukri.com/sitemap-jobs.xml,2026-07-03,job-listing,1
https://www.searchsarkarinaukri.com/jobs/mjpjay-dharashiv-mjpjay-dharashiv-2026--2617,https://www.searchsarkarinaukri.com/sitemap-jobs.xml,2026-07-10,job-listing,1
https://www.searchsarkarinaukri.com/jobs/college-of-agriculture-naigaon-college-of-agriculture-naigaon-2026--2616,https://www.searchsarkarinaukri.com/sitemap-jobs.xml,2026-07-31,job-listing,1
https://www.searchsarkarinaukri.com/jobs/mazagon-dock-mazagon-dock-2026--2615,https://www.searchsarkarinaukri.com/sitemap-jobs.xml,2026-07-09,job-listing,1
https://www.searchsarkarinaukri.com/jobs/bsnl-bsnl-2026--2614,https://www.searchsarkarinaukri.com/sitemap-jobs.xml,2026-07-04,job-listing,1
https://www.searchsarkarinaukri.com/jobs/pcmc-pcmc-2026--2613,https://www.searchsarkarinaukri.com/sitemap-jobs.xml,2026-07-17,job-listing,1
https://www.searchsarkarinaukri.com/jobs/cochin-shipyard-ltd-scaffolder-trainee-for-csl-2026--2612,https://www.searchsarkarinaukri.com/sitemap-jobs.xml,2026-07-23,job-listing,1
https://www.searchsarkarinaukri.com/jobs/cochin-shipyard-ltd-safety-assistant-2026--2611,https://www.searchsarkarinaukri.com/sitemap-jobs.xml,2026-07-23,job-listing,1
https://www.searchsarkarinaukri.com/jobs/icar-nbpgr-project-scientist-iii-2026--2610,https://www.searchsarkarinaukri.com/sitemap-jobs.xml,2026-07-28,job-listing,1
https://www.searchsarkarinaukri.com/jobs/icar-nbpgr-field-worker-2026--2609,https://www.searchsarkarinaukri.com/sitemap-jobs.xml,2026-07-30,job-listing,1
https://www.searchsarkarinaukri.com/jobs/job-2026--2607,https://www.searchsarkarinaukri.com/sitemap-jobs.xml,2026-07-22,job-listing,1
https://www.searchsarkarinaukri.com/jobs/ibps-ibps-2026--2606,https://www.searchsarkarinaukri.com/sitemap-jobs.xml,2026-07-22,job-listing,1
https://www.searchsarkarinaukri.com/jobs/ibps-so-ibps-so-2026--2605,https://www.searchsarkarinaukri.com/sitemap-jobs.xml,2026-07-22,job-listing,1
https://www.searchsarkarinaukri.com/jobs/ibps-po-ibps-po-2026--2604,https://www.searchsarkarinaukri.com/sitemap-jobs.xml,2026-07-22,job-listing,1
https://www.searchsarkarinaukri.com/jobs/wcl-nagpur-wcl-nagpur-2026--2603,https://www.searchsarkarinaukri.com/sitemap-jobs.xml,2026-07-21,job-listing,1
https://www.searchsarkarinaukri.com/jobs/rites-rites-2026--2602,https://www.searchsarkarinaukri.com/sitemap-jobs.xml,2026-07-23,job-listing,1
https://www.searchsarkarinaukri.com/jobs/mns-bank-latur-mns-bank-latur-2026--2601,https://www.searchsarkarinaukri.com/sitemap-jobs.xml,2026-07-08,job-listing,1
https://www.searchsarkarinaukri.com/jobs/esic-pune-esic-pune-2026--2600,https://www.searchsarkarinaukri.com/sitemap-jobs.xml,2026-07-09,job-listing,1
https://www.searchsarkarinaukri.com/jobs/mpsc-group-c-mpsc-group-c-2026--2599,https://www.searchsarkarinaukri.com/sitemap-jobs.xml,2026-07-18,job-listing,1
https://www.searchsarkarinaukri.com/jobs/solapur-anganwadi-solapur-anganwadi-2026--2598,https://www.searchsarkarinaukri.com/sitemap-jobs.xml,2026-07-11,job-listing,1
https://www.searchsarkarinaukri.com/jobs/gp-parsik-sahakari-bank-ltd-gp-parsik-sahakari-bank-ltd-2026--2597,https://www.searchsarkarinaukri.com/sitemap-jobs.xml,2026-07-06,job-listing,1
https://www.searchsarkarinaukri.com/jobs/bro-bro-2026--2596,https://www.searchsarkarinaukri.com/sitemap-jobs.xml,2026-07-20,job-listing,1
https://www.searchsarkarinaukri.com/jobs/maharashtra-real-estate-regulatory-authority-maharashtra-real-estate-regulatory-authority-2026--2595,https://www.searchsarkarinaukri.com/sitemap-jobs.xml,2026-07-14,job-listing,1
https://www.searchsarkarinaukri.com/jobs/lit-nagpur-lit-nagpur-2026--2594,https://www.searchsarkarinaukri.com/sitemap-jobs.xml,2026-07-11,job-listing,1
https://www.searchsarkarinaukri.com/jobs/sangli-urban-co-op-bank-sangli-urban-co-op-bank-2026--2593,https://www.searchsarkarinaukri.com/sitemap-jobs.xml,2026-07-12,job-listing,1
https://www.searchsarkarinaukri.com/jobs/iocl-iocl-2026--2592,https://www.searchsarkarinaukri.com/sitemap-jobs.xml,2026-07-16,job-listing,1
https://www.searchsarkarinaukri.com/jobs/government-polytechnic-pune-government-polytechnic-pune-2026--2591,https://www.searchsarkarinaukri.com/sitemap-jobs.xml,2026-07-16,job-listing,1
https://www.searchsarkarinaukri.com/jobs/government-polytechnic-jalgaon-government-polytechnic-jalgaon-2026--2590,https://www.searchsarkarinaukri.com/sitemap-jobs.xml,2026-07-03,job-listing,1
https://www.searchsarkarinaukri.com/jobs/ict-mumbai-ict-mumbai-2026--2589,https://www.searchsarkarinaukri.com/sitemap-jobs.xml,2026-07-08,job-listing,1
https://www.searchsarkarinaukri.com/jobs/nhm-akola-nhm-akola-2026--2588,https://www.searchsarkarinaukri.com/sitemap-jobs.xml,2026-07-04,job-listing,1
https://www.searchsarkarinaukri.com/jobs/dbskkv-dbskkv-2026--2587,https://www.searchsarkarinaukri.com/sitemap-jobs.xml,2026-07-16,job-listing,1
https://www.searchsarkarinaukri.com/jobs/pm-shri-kendriya-vidyalaya-washim-pm-shri-kendriya-vidyalaya-washim-2026-2026--2586,https://www.searchsarkarinaukri.com/sitemap-jobs.xml,2026-07-05,job-listing,1
https://www.searchsarkarinaukri.com/jobs/center-for-development-of-advanced-computing-c-dac-job-openings-at-center-for-development-2026--2585,https://www.searchsarkarinaukri.com/sitemap-jobs.xml,2026-07-16,job-listing,1
https://www.searchsarkarinaukri.com/jobs/brihanmumbai-municipal-corporation-mcgm-recruitment-notification-brihanmumbai-municipal-corporation--2584,https://www.searchsarkarinaukri.com/sitemap-jobs.xml,2026-07-11,job-listing,1
https://www.searchsarkarinaukri.com/jobs/jalna-city-municipal-corporation-jcmc-jalna-city-municipal-corporation-jcmc-recruitment-2026--2583,https://www.searchsarkarinaukri.com/sitemap-jobs.xml,2026-07-03,job-listing,1
https://www.searchsarkarinaukri.com/jobs/kolhapur-patbandhare-vibhag-kolhapur-irrigation-department-apply-for-7-junior-engineer-electrical-20--2582,https://www.searchsarkarinaukri.com/sitemap-jobs.xml,2026-08-01,job-listing,1
https://www.searchsarkarinaukri.com/jobs/maharashtra-state-infrastructure-development-corporation-msidc-maharashtra-state-infrastructure-deve--2581,https://www.searchsarkarinaukri.com/sitemap-jobs.xml,2026-07-16,job-listing,1
https://www.searchsarkarinaukri.com/jobs/sangli-miraj-kupwad-city-municipal-corporation-recruitment-notification-sangli-miraj-kupwad-city-202--2580,https://www.searchsarkarinaukri.com/sitemap-jobs.xml,2026-07-14,job-listing,1
https://www.searchsarkarinaukri.com/jobs/railway-recruitment-board-rrb-recruitment-notification-railway-recruitment-board-rrb-2026--2579,https://www.searchsarkarinaukri.com/sitemap-jobs.xml,2026-07-30,job-listing,1
https://www.searchsarkarinaukri.com/jobs/dr-balasaheb-sawant-konkan-krishi-vidyapeeth-dapoli-dr-balasaheb-sawant-konkan-krishi-vidyapeeth-202--2578,https://www.searchsarkarinaukri.com/sitemap-jobs.xml,2026-07-16,job-listing,1
https://www.searchsarkarinaukri.com/jobs/employees-state-insurance-corporation-esic-apply-for-77-professor-associate-professor-2026--2577,https://www.searchsarkarinaukri.com/sitemap-jobs.xml,2026-07-16,job-listing,1
https://www.searchsarkarinaukri.com/jobs/maharashtra-real-estate-regulatory-authority-maharashtra-real-estate-regulatory-authority-2026-2026--2576,https://www.searchsarkarinaukri.com/sitemap-jobs.xml,2026-07-14,job-listing,1
https://www.searchsarkarinaukri.com/jobs/maharashtra-public-works-department-maha-pwd-apply-for-civil-engineer-electrical-engineer-2026--2575,https://www.searchsarkarinaukri.com/sitemap-jobs.xml,2026-07-16,job-listing,1
https://www.searchsarkarinaukri.com/jobs/ekatmik-bal-vikas-prakalp-solapur-integrated-child-development-services-scheme-project-job-openings--2574,https://www.searchsarkarinaukri.com/sitemap-jobs.xml,2026-07-11,job-listing,1
https://www.searchsarkarinaukri.com/jobs/arogya-vibhag-zilla-parishad-sindhudurg-recruitment-notification-arogya-vibhag-zilla-parishad-2026--2573,https://www.searchsarkarinaukri.com/sitemap-jobs.xml,2026-07-08,job-listing,1
https://www.searchsarkarinaukri.com/jobs/district-legal-services-authority-gondia-district-legal-services-authority-gondia-recruitment-2026--2572,https://www.searchsarkarinaukri.com/sitemap-jobs.xml,2026-07-09,job-listing,1
https://www.searchsarkarinaukri.com/jobs/bombay-high-court-bhc-bombay-high-court-bhc-2026-recruitment-2026--2571,https://www.searchsarkarinaukri.com/sitemap-jobs.xml,2026-07-12,job-listing,1
https://www.searchsarkarinaukri.com/jobs/pune-municipal-corporation-pmc-apply-for-114-mulani-junior-engineer-2026--2570,https://www.searchsarkarinaukri.com/sitemap-jobs.xml,2026-07-14,job-listing,1
https://www.searchsarkarinaukri.com/jobs/cochin-shipyard-ltd-auto-electrician-on-contract-basis-for-2026--2569,https://www.searchsarkarinaukri.com/sitemap-jobs.xml,2026-07-23,job-listing,1
https://www.searchsarkarinaukri.com/jobs/icar-central-institute-for-research-on-cattle-young-professional-ii-2026--2568,https://www.searchsarkarinaukri.com/sitemap-jobs.xml,2026-07-14,job-listing,1
https://www.searchsarkarinaukri.com/jobs/sports-authority-of-india-junior-engineer-sports-authority-of-2026--2567,https://www.searchsarkarinaukri.com/sitemap-jobs.xml,2026-07-11,job-listing,1
https://www.searchsarkarinaukri.com/jobs/tata-institute-of-fundamental-research-project-junior-engineer-b-civil-2026--2566,https://www.searchsarkarinaukri.com/sitemap-jobs.xml,2026-07-19,job-listing,1
https://www.searchsarkarinaukri.com/jobs/job-2026--2564,https://www.searchsarkarinaukri.com/sitemap-jobs.xml,2026-07-05,job-listing,1
https://www.searchsarkarinaukri.com/jobs/job-2026--2562,https://www.searchsarkarinaukri.com/sitemap-jobs.xml,2026-08-25,job-listing,1
https://www.searchsarkarinaukri.com/jobs/job-2026--2560,https://www.searchsarkarinaukri.com/sitemap-jobs.xml,2026-07-16,job-listing,1
https://www.searchsarkarinaukri.com/jobs/mes-pune-mes-pune-2026--2558,https://www.searchsarkarinaukri.com/sitemap-jobs.xml,2026-07-08,job-listing,1
https://www.searchsarkarinaukri.com/jobs/kendriya-vidyalaya-washim-kendriya-vidyalaya-washim-2026--2557,https://www.searchsarkarinaukri.com/sitemap-jobs.xml,2026-07-05,job-listing,1
https://www.searchsarkarinaukri.com/jobs/employees-state-insurance-society-mumbai-employees-state-insurance-society-2026--2556,https://www.searchsarkarinaukri.com/sitemap-jobs.xml,2026-07-02,job-listing,1
https://www.searchsarkarinaukri.com/jobs/jalna-mahanagarpalika-jalna-mahanagarpalika-2026--2555,https://www.searchsarkarinaukri.com/sitemap-jobs.xml,2026-07-03,job-listing,1
https://www.searchsarkarinaukri.com/jobs/jnv-buldhana-jnv-buldhana-2026--2554,https://www.searchsarkarinaukri.com/sitemap-jobs.xml,2026-07-04,job-listing,1
https://www.searchsarkarinaukri.com/jobs/msidc-msidc-2026--2553,https://www.searchsarkarinaukri.com/sitemap-jobs.xml,2026-07-16,job-listing,1
https://www.searchsarkarinaukri.com/jobs/kolhapur-patbandhare-vibhag-kolhapur-patbandhare-vibhag-2026--2552,https://www.searchsarkarinaukri.com/sitemap-jobs.xml,2026-08-01,job-listing,1
https://www.searchsarkarinaukri.com/jobs/sgbau-amravati-sgbau-amravati-2026--2551,https://www.searchsarkarinaukri.com/sitemap-jobs.xml,2026-07-15,job-listing,1
https://www.searchsarkarinaukri.com/jobs/sangli-mahanagarpalika-bharti-2026-smkm-sangli-mahanagarpalika-bharti-2026-2026--2550,https://www.searchsarkarinaukri.com/sitemap-jobs.xml,2026-07-14,job-listing,1
https://www.searchsarkarinaukri.com/jobs/ahmednagar-merchant-co-op-bank-ltd-ahmednagar-merchant-co-op-bank-ltd-2026--2549,https://www.searchsarkarinaukri.com/sitemap-jobs.xml,2026-07-10,job-listing,1
https://www.searchsarkarinaukri.com/jobs/maharashtra-maritime-board-mumbai-maharashtra-maritime-board-mumbai-2026--2548,https://www.searchsarkarinaukri.com/sitemap-jobs.xml,2026-07-16,job-listing,1
https://www.searchsarkarinaukri.com/jobs/bharati-vidyapeeth-pune-bharati-vidyapeeth-pune-2026--2547,https://www.searchsarkarinaukri.com/sitemap-jobs.xml,2026-07-10,job-listing,1
https://www.searchsarkarinaukri.com/jobs/iim-mumbai-iim-mumbai-2026--2546,https://www.searchsarkarinaukri.com/sitemap-jobs.xml,2026-07-15,job-listing,1
https://www.searchsarkarinaukri.com/jobs/srtmun-srtmun-2026--2545,https://www.searchsarkarinaukri.com/sitemap-jobs.xml,2026-07-16,job-listing,1
https://www.searchsarkarinaukri.com/jobs/maha-tourism-maha-tourism-2026--2544,https://www.searchsarkarinaukri.com/sitemap-jobs.xml,2026-07-21,job-listing,1
https://www.searchsarkarinaukri.com/jobs/cdac-mumbai-cdac-mumbai-2026--2543,https://www.searchsarkarinaukri.com/sitemap-jobs.xml,2026-07-08,job-listing,1
https://www.searchsarkarinaukri.com/jobs/cdac-pune-cdac-pune-2026--2542,https://www.searchsarkarinaukri.com/sitemap-jobs.xml,2026-07-08,job-listing,1
https://www.searchsarkarinaukri.com/jobs/sangli-urban-co-op-bank-sangli-urban-co-op-bank-2026--2541,https://www.searchsarkarinaukri.com/sitemap-jobs.xml,2026-07-10,job-listing,1
https://www.searchsarkarinaukri.com/jobs/nift-nift-2026--2540,https://www.searchsarkarinaukri.com/sitemap-jobs.xml,2026-07-11,job-listing,1
https://www.searchsarkarinaukri.com/jobs/national-thermal-power-corporation-limited-national-thermal-power-corporation-limited-2026--2539,https://www.searchsarkarinaukri.com/sitemap-jobs.xml,2026-07-11,job-listing,1
https://www.searchsarkarinaukri.com/jobs/dy-patil-college-of-engineering-dy-patil-college-of-engineering-2026--2538,https://www.searchsarkarinaukri.com/sitemap-jobs.xml,2026-07-02,job-listing,1
https://www.searchsarkarinaukri.com/jobs/jawaharlal-nehru-port-authority-jawaharlal-nehru-port-authority-2026--2537,https://www.searchsarkarinaukri.com/sitemap-jobs.xml,2026-07-26,job-listing,1
https://www.searchsarkarinaukri.com/jobs/tmc-mumbai-tmc-mumbai-2026--2536,https://www.searchsarkarinaukri.com/sitemap-jobs.xml,2026-07-09,job-listing,1
https://www.searchsarkarinaukri.com/jobs/rbi-rbi-2026--2535,https://www.searchsarkarinaukri.com/sitemap-jobs.xml,2026-07-21,job-listing,1
https://www.searchsarkarinaukri.com/jobs/ngel-ngel-2026--2534,https://www.searchsarkarinaukri.com/sitemap-jobs.xml,2026-08-21,job-listing,1
https://www.searchsarkarinaukri.com/jobs/bamu-aurangabad-bamu-aurangabad-2026--2533,https://www.searchsarkarinaukri.com/sitemap-jobs.xml,2026-07-16,job-listing,1
https://www.searchsarkarinaukri.com/jobs/all-india-institute-of-speech-and-hearing-clinical-psychologist-grade-ii-2026--2532,https://www.searchsarkarinaukri.com/sitemap-jobs.xml,2026-06-30,job-listing,1
https://www.searchsarkarinaukri.com/jobs/all-india-institute-of-speech-and-hearing-occupational-therapist-2026--2531,https://www.searchsarkarinaukri.com/sitemap-jobs.xml,2026-06-30,job-listing,1
https://www.searchsarkarinaukri.com/jobs/all-india-institute-of-speech-and-hearing-physiotherapist-2026--2530,https://www.searchsarkarinaukri.com/sitemap-jobs.xml,2026-06-30,job-listing,1
https://www.searchsarkarinaukri.com/jobs/all-india-institute-of-speech-and-hearing-executive-assistant-grade-ii-2026--2529,https://www.searchsarkarinaukri.com/sitemap-jobs.xml,2026-06-30,job-listing,1
https://www.searchsarkarinaukri.com/jobs/all-india-institute-of-speech-and-hearing-multi-rehabilitation-worker-2026--2528,https://www.searchsarkarinaukri.com/sitemap-jobs.xml,2026-06-30,job-listing,1
https://www.searchsarkarinaukri.com/jobs/norrth-eastern-electric-power-corporation-executive-erp-2026--2527,https://www.searchsarkarinaukri.com/sitemap-jobs.xml,2026-07-14,job-listing,1
https://www.searchsarkarinaukri.com/jobs/norrth-eastern-electric-power-corporation-executive-hr-corporate-communication-2026--2526,https://www.searchsarkarinaukri.com/sitemap-jobs.xml,2026-07-14,job-listing,1
https://www.searchsarkarinaukri.com/jobs/norrth-eastern-electric-power-corporation-executive-security-2026--2525,https://www.searchsarkarinaukri.com/sitemap-jobs.xml,2026-07-14,job-listing,1
https://www.searchsarkarinaukri.com/jobs/norrth-eastern-electric-power-corporation-executive-law-2026--2524,https://www.searchsarkarinaukri.com/sitemap-jobs.xml,2026-07-14,job-listing,1
https://www.searchsarkarinaukri.com/jobs/norrth-eastern-electric-power-corporation-executive-safety-2026--2523,https://www.searchsarkarinaukri.com/sitemap-jobs.xml,2026-07-14,job-listing,1
https://www.searchsarkarinaukri.com/jobs/norrth-eastern-electric-power-corporation-executive-finance-2026--2522,https://www.searchsarkarinaukri.com/sitemap-jobs.xml,2026-07-14,job-listing,1
https://www.searchsarkarinaukri.com/jobs/norrth-eastern-electric-power-corporation-executive-medical-2026--2521,https://www.searchsarkarinaukri.com/sitemap-jobs.xml,2026-07-14,job-listing,1
https://www.searchsarkarinaukri.com/jobs/rites-limited-assistant-manager-2026--2520,https://www.searchsarkarinaukri.com/sitemap-jobs.xml,2026-07-23,job-listing,1
https://www.searchsarkarinaukri.com/jobs/job-2026--2518,https://www.searchsarkarinaukri.com/sitemap-jobs.xml,2026-07-21,job-listing,1
https://www.searchsarkarinaukri.com/jobs/ministry-of-civil-aviation-ministry-of-civil-aviation-2026--2517,https://www.searchsarkarinaukri.com/sitemap-jobs.xml,2026-06-30,job-listing,1
https://www.searchsarkarinaukri.com/jobs/iahe-iahe-2026--2516,https://www.searchsarkarinaukri.com/sitemap-jobs.xml,2026-07-16,job-listing,1
https://www.searchsarkarinaukri.com/jobs/icm-pune-icm-pune-2026--2515,https://www.searchsarkarinaukri.com/sitemap-jobs.xml,2026-07-14,job-listing,1
https://www.searchsarkarinaukri.com/jobs/legislative-department-legislative-department-2026--2514,https://www.searchsarkarinaukri.com/sitemap-jobs.xml,2026-07-22,job-listing,1
https://www.searchsarkarinaukri.com/jobs/jnv-nandurbar-jnv-nandurbar-2026--2513,https://www.searchsarkarinaukri.com/sitemap-jobs.xml,2026-07-04,job-listing,1
https://www.searchsarkarinaukri.com/jobs/indrayani-co-op-bank-indrayani-co-op-bank-2026--2512,https://www.searchsarkarinaukri.com/sitemap-jobs.xml,2026-07-13,job-listing,1
https://www.searchsarkarinaukri.com/jobs/kendriya-vidyalaya-pune-kendriya-vidyalaya-pune-2026--2511,https://www.searchsarkarinaukri.com/sitemap-jobs.xml,2026-07-05,job-listing,1
https://www.searchsarkarinaukri.com/jobs/drdo-deocsid-drdo-deocsid-2026--2510,https://www.searchsarkarinaukri.com/sitemap-jobs.xml,2026-08-02,job-listing,1
https://www.searchsarkarinaukri.com/jobs/biyani-military-school-bhusawal-biyani-military-school-bhusawal-2026--2509,https://www.searchsarkarinaukri.com/sitemap-jobs.xml,2026-07-09,job-listing,1
https://www.searchsarkarinaukri.com/jobs/prasar-bharati-prasar-bharati-2026--2508,https://www.searchsarkarinaukri.com/sitemap-jobs.xml,2026-07-11,job-listing,1
https://www.searchsarkarinaukri.com/jobs/bank-of-baroda-bank-of-baroda-2026--2507,https://www.searchsarkarinaukri.com/sitemap-jobs.xml,2026-07-11,job-listing,1
https://www.searchsarkarinaukri.com/jobs/sangli-mahanagarpalika-bharti-2026-smkm-sangli-mahanagarpalika-bharti-2026-2026--2506,https://www.searchsarkarinaukri.com/sitemap-jobs.xml,2026-07-13,job-listing,1
https://www.searchsarkarinaukri.com/jobs/afs-nagpur-afs-nagpur-2026--2505,https://www.searchsarkarinaukri.com/sitemap-jobs.xml,2026-07-03,job-listing,1
https://www.searchsarkarinaukri.com/jobs/moef-moef-2026--2504,https://www.searchsarkarinaukri.com/sitemap-jobs.xml,2026-06-30,job-listing,1
https://www.searchsarkarinaukri.com/jobs/maharashtra-education-society-pune-maharashtra-education-society-pune-2026--2503,https://www.searchsarkarinaukri.com/sitemap-jobs.xml,2026-07-08,job-listing,1
https://www.searchsarkarinaukri.com/jobs/ministry-of-jal-shakti-ministry-of-jal-shakti-2026--2502,https://www.searchsarkarinaukri.com/sitemap-jobs.xml,2026-08-16,job-listing,1
https://www.searchsarkarinaukri.com/jobs/rcsm-agriculture-college-kolhapur-rcsm-agriculture-college-kolhapur-2026--2501,https://www.searchsarkarinaukri.com/sitemap-jobs.xml,2026-07-07,job-listing,1
https://www.searchsarkarinaukri.com/jobs/mpkv-mpkv-2026--2500,https://www.searchsarkarinaukri.com/sitemap-jobs.xml,2026-07-11,job-listing,1
https://www.searchsarkarinaukri.com/jobs/icar-iari-icar-iari-2026--2499,https://www.searchsarkarinaukri.com/sitemap-jobs.xml,2026-07-02,job-listing,1
https://www.searchsarkarinaukri.com/jobs/iit-dharwad-iit-dharwad-2026--2498,https://www.searchsarkarinaukri.com/sitemap-jobs.xml,2026-07-14,job-listing,1
https://www.searchsarkarinaukri.com/jobs/idtrs-pune-idtrs-pune-2026--2497,https://www.searchsarkarinaukri.com/sitemap-jobs.xml,2026-07-05,job-listing,1
https://www.searchsarkarinaukri.com/jobs/nio-goa-nio-goa-2026--2496,https://www.searchsarkarinaukri.com/sitemap-jobs.xml,2026-07-07,job-listing,1
https://www.searchsarkarinaukri.com/jobs/neeri-nagpur-neeri-nagpur-2026--2495,https://www.searchsarkarinaukri.com/sitemap-jobs.xml,2026-07-10,job-listing,1
https://www.searchsarkarinaukri.com/jobs/nbt-nbt-2026--2494,https://www.searchsarkarinaukri.com/sitemap-jobs.xml,2026-07-04,job-listing,1
https://www.searchsarkarinaukri.com/jobs/boi-boi-2026--2493,https://www.searchsarkarinaukri.com/sitemap-jobs.xml,2026-07-21,job-listing,1
https://www.searchsarkarinaukri.com/jobs/seepz-mumbai-seepz-mumbai-2026--2492,https://www.searchsarkarinaukri.com/sitemap-jobs.xml,2026-07-01,job-listing,1
https://www.searchsarkarinaukri.com/jobs/nuclear-power-corporation-of-india-limited-nuclear-power-corporation-of-india-limited-2026--2491,https://www.searchsarkarinaukri.com/sitemap-jobs.xml,2026-07-01,job-listing,1
https://www.searchsarkarinaukri.com/jobs/csir-national-environmental-engineering-research-institute-recruitment-notification-csir-national-en--2490,https://www.searchsarkarinaukri.com/sitemap-jobs.xml,2026-07-10,job-listing,1
https://www.searchsarkarinaukri.com/jobs/csc-e-governance-services-india-ltd-csc-e-governance-services-india-ltd-recruitment-2026--2489,https://www.searchsarkarinaukri.com/sitemap-jobs.xml,2026-08-21,job-listing,1
https://www.searchsarkarinaukri.com/jobs/tata-institute-of-social-sciences-tiss-recruitment-notification-tata-institute-of-social-2026--2488,https://www.searchsarkarinaukri.com/sitemap-jobs.xml,2026-07-06,job-listing,1
https://www.searchsarkarinaukri.com/jobs/advanced-centre-for-treatment-research-and-education-in-cancer-actrec-advanced-centre-for-treatment--2487,https://www.searchsarkarinaukri.com/sitemap-jobs.xml,2026-07-09,job-listing,1
https://www.searchsarkarinaukri.com/jobs/district-collector-office-washim-district-collector-office-washim-recruitment-2026-2026--2486,https://www.searchsarkarinaukri.com/sitemap-jobs.xml,2026-07-02,job-listing,1
https://www.searchsarkarinaukri.com/jobs/cendect-krishi-vigyan-kendra-recruitment-for-the-post-of-senior-2026--2485,https://www.searchsarkarinaukri.com/sitemap-jobs.xml,2026-07-12,job-listing,1
https://www.searchsarkarinaukri.com/jobs/sainik-school-nagrota-jammu-recruitment-for-the-post-of-tgt-2026--2484,https://www.searchsarkarinaukri.com/sitemap-jobs.xml,2026-07-12,job-listing,1
https://www.searchsarkarinaukri.com/jobs/national-academy-of-defence-production-recruitment-for-the-post-of-instructional-2026--2483,https://www.searchsarkarinaukri.com/sitemap-jobs.xml,2026-07-05,job-listing,1
https://www.searchsarkarinaukri.com/jobs/rashtriya-chemicals-and-fertilizers-limited-sr-manager-cc-lab-2026--2482,https://www.searchsarkarinaukri.com/sitemap-jobs.xml,2026-07-14,job-listing,1
https://www.searchsarkarinaukri.com/jobs/rashtriya-chemicals-and-fertilizers-limited-officer-legal-2026--2481,https://www.searchsarkarinaukri.com/sitemap-jobs.xml,2026-07-14,job-listing,1
https://www.searchsarkarinaukri.com/jobs/rashtriya-chemicals-and-fertilizers-limited-senior-engineer-civil-2026--2480,https://www.searchsarkarinaukri.com/sitemap-jobs.xml,2026-07-14,job-listing,1
https://www.searchsarkarinaukri.com/jobs/job-2026--2479,https://www.searchsarkarinaukri.com/sitemap-jobs.xml,2026-07-15,job-listing,1
https://www.searchsarkarinaukri.com/jobs/central-bank-of-india-amravati-central-bank-of-india-amravati-2026--2478,https://www.searchsarkarinaukri.com/sitemap-jobs.xml,2026-07-10,job-listing,1
https://www.searchsarkarinaukri.com/jobs/ministry-of-ports-shipping-and-waterways-ministry-of-ports-shipping-2026--2477,https://www.searchsarkarinaukri.com/sitemap-jobs.xml,2026-07-27,job-listing,1
https://www.searchsarkarinaukri.com/jobs/becil-becil-2026--2476,https://www.searchsarkarinaukri.com/sitemap-jobs.xml,2026-07-11,job-listing,1
https://www.searchsarkarinaukri.com/jobs/ncpor-goa-ncpor-goa-2026--2475,https://www.searchsarkarinaukri.com/sitemap-jobs.xml,2026-07-10,job-listing,1
https://www.searchsarkarinaukri.com/jobs/isro-istrac-isro-istrac-2026--2474,https://www.searchsarkarinaukri.com/sitemap-jobs.xml,2026-07-21,job-listing,1
https://www.searchsarkarinaukri.com/jobs/tifr-mumbai-tifr-mumbai-2026--2473,https://www.searchsarkarinaukri.com/sitemap-jobs.xml,2026-07-19,job-listing,1
https://www.searchsarkarinaukri.com/jobs/iit-kharagpur-iit-kharagpur-2026--2472,https://www.searchsarkarinaukri.com/sitemap-jobs.xml,2026-07-17,job-listing,1
https://www.searchsarkarinaukri.com/jobs/territorial-army-territorial-army-2026--2471,https://www.searchsarkarinaukri.com/sitemap-jobs.xml,2026-08-09,job-listing,1
https://www.searchsarkarinaukri.com/jobs/maeer-mit-maeer-mit-2026--2470,https://www.searchsarkarinaukri.com/sitemap-jobs.xml,2026-07-04,job-listing,1
https://www.searchsarkarinaukri.com/jobs/ministry-of-ayush-ministry-of-ayush-2026--2469,https://www.searchsarkarinaukri.com/sitemap-jobs.xml,2026-07-31,job-listing,1
https://www.searchsarkarinaukri.com/jobs/nmu-jalgaon-nmu-jalgaon-2026--2468,https://www.searchsarkarinaukri.com/sitemap-jobs.xml,2026-07-01,job-listing,1
https://www.searchsarkarinaukri.com/jobs/ict-mumbai-ict-mumbai-2026--2467,https://www.searchsarkarinaukri.com/sitemap-jobs.xml,2026-07-07,job-listing,1
https://www.searchsarkarinaukri.com/jobs/ndma-ndma-2026--2466,https://www.searchsarkarinaukri.com/sitemap-jobs.xml,2026-07-01,job-listing,1
https://www.searchsarkarinaukri.com/jobs/dharampeth-science-college-nagpur-dharampeth-science-college-nagpur-2026--2465,https://www.searchsarkarinaukri.com/sitemap-jobs.xml,2026-07-07,job-listing,1
https://www.searchsarkarinaukri.com/jobs/rail-vikas-nigam-limited-rail-vikas-nigam-limited-2026--2464,https://www.searchsarkarinaukri.com/sitemap-jobs.xml,2026-07-15,job-listing,1
https://www.searchsarkarinaukri.com/jobs/bharati-vidyapeeth-pune-bharati-vidyapeeth-pune-2026--2463,https://www.searchsarkarinaukri.com/sitemap-jobs.xml,2026-06-30,job-listing,1
https://www.searchsarkarinaukri.com/jobs/barc-mumbai-barc-mumbai-2026--2462,https://www.searchsarkarinaukri.com/sitemap-jobs.xml,2026-07-10,job-listing,1
https://www.searchsarkarinaukri.com/jobs/district-court-latur-district-court-latur-2026--2461,https://www.searchsarkarinaukri.com/sitemap-jobs.xml,2026-07-03,job-listing,1
https://www.searchsarkarinaukri.com/jobs/defence-institute-of-advanced-technology-pune-defence-institute-of-advanced-2026--2460,https://www.searchsarkarinaukri.com/sitemap-jobs.xml,2026-07-14,job-listing,1
https://www.searchsarkarinaukri.com/jobs/hci-hci-2026--2459,https://www.searchsarkarinaukri.com/sitemap-jobs.xml,2026-07-02,job-listing,1
https://www.searchsarkarinaukri.com/jobs/shri-saikrupa-kisan-education-society-shri-saikrupa-kisan-education-society-2026--2458,https://www.searchsarkarinaukri.com/sitemap-jobs.xml,2026-07-07,job-listing,1
https://www.searchsarkarinaukri.com/jobs/bank-of-baroda-bank-of-baroda-2026--2457,https://www.searchsarkarinaukri.com/sitemap-jobs.xml,2026-07-11,job-listing,1
https://www.searchsarkarinaukri.com/jobs/union-public-service-commission-union-public-service-commission-2026--2456,https://www.searchsarkarinaukri.com/sitemap-jobs.xml,2026-07-11,job-listing,1
https://www.searchsarkarinaukri.com/jobs/national-insurance-academy-pune-national-insurance-academy-pune-invites-applications-2026--2455,https://www.searchsarkarinaukri.com/sitemap-jobs.xml,2026-07-16,job-listing,1
https://www.searchsarkarinaukri.com/jobs/university-of-mumbai-university-of-mumbai-2026-recruitment-drive-2026--2454,https://www.searchsarkarinaukri.com/sitemap-jobs.xml,2026-07-05,job-listing,1
https://www.searchsarkarinaukri.com/jobs/national-health-mission-mumbai-apply-for-1-project-director-ems-2026--2453,https://www.searchsarkarinaukri.com/sitemap-jobs.xml,2026-06-30,job-listing,1
https://www.searchsarkarinaukri.com/jobs/dbskkv-dbskkv-2026--2452,https://www.searchsarkarinaukri.com/sitemap-jobs.xml,2026-07-14,job-listing,1
https://www.searchsarkarinaukri.com/jobs/general-hospital-nagpur-general-hospital-nagpur-2026--2451,https://www.searchsarkarinaukri.com/sitemap-jobs.xml,2026-07-14,job-listing,1
https://www.searchsarkarinaukri.com/jobs/sahyadri-sahakari-bank-mumbai-sahyadri-sahakari-bank-mumbai-2026--2450,https://www.searchsarkarinaukri.com/sitemap-jobs.xml,2026-07-11,job-listing,1
https://www.searchsarkarinaukri.com/jobs/ahmednagar-merchant-co-op-bank-ltd-ahmednagar-merchant-co-op-bank-ltd-2026--2449,https://www.searchsarkarinaukri.com/sitemap-jobs.xml,2026-07-06,job-listing,1
https://www.searchsarkarinaukri.com/jobs/mazi-sainik-mazi-sainik-2026--2448,https://www.searchsarkarinaukri.com/sitemap-jobs.xml,2026-07-07,job-listing,1
https://www.searchsarkarinaukri.com/jobs/mahavitaran-ahilyanagar-mahavitaran-ahilyanagar-2026--2447,https://www.searchsarkarinaukri.com/sitemap-jobs.xml,2026-07-07,job-listing,1
https://www.searchsarkarinaukri.com/jobs/mahavitaran-shrirampur-mahavitaran-shrirampur-2026--2446,https://www.searchsarkarinaukri.com/sitemap-jobs.xml,2026-07-07,job-listing,1
https://www.searchsarkarinaukri.com/jobs/sbi-mumbai-sbi-mumbai-2026--2445,https://www.searchsarkarinaukri.com/sitemap-jobs.xml,2026-07-15,job-listing,1
https://www.searchsarkarinaukri.com/jobs/mahavitaran-sangamner-mahavitaran-sangamner-2026--2444,https://www.searchsarkarinaukri.com/sitemap-jobs.xml,2026-07-07,job-listing,1
https://www.searchsarkarinaukri.com/jobs/government-polytechnic-latur-government-polytechnic-latur-2026--2443,https://www.searchsarkarinaukri.com/sitemap-jobs.xml,2026-07-03,job-listing,1
https://www.searchsarkarinaukri.com/jobs/grwp-tasgaon-grwp-tasgaon-2026--2442,https://www.searchsarkarinaukri.com/sitemap-jobs.xml,2026-07-04,job-listing,1
https://www.searchsarkarinaukri.com/jobs/civil-hospital-thane-civil-hospital-thane-2026--2441,https://www.searchsarkarinaukri.com/sitemap-jobs.xml,2026-07-11,job-listing,1
https://www.searchsarkarinaukri.com/jobs/nhm-sambhaji-nagar-nhm-sambhaji-nagar-2026--2440,https://www.searchsarkarinaukri.com/sitemap-jobs.xml,2026-07-03,job-listing,1
https://www.searchsarkarinaukri.com/jobs/chandrapur-forest-academy-chandrapur-forest-academy-2026--2439,https://www.searchsarkarinaukri.com/sitemap-jobs.xml,2026-06-29,job-listing,1
https://www.searchsarkarinaukri.com/jobs/district-hospital-raigad-district-hospital-raigad-2026--2438,https://www.searchsarkarinaukri.com/sitemap-jobs.xml,2026-07-14,job-listing,1
https://www.searchsarkarinaukri.com/jobs/ssc-ssa-udc-ldce-ssc-ssa-udc-ldce-2026--2437,https://www.searchsarkarinaukri.com/sitemap-jobs.xml,2026-07-17,job-listing,1
https://www.searchsarkarinaukri.com/jobs/bank-of-baroda-bank-of-baroda-2026--2436,https://www.searchsarkarinaukri.com/sitemap-jobs.xml,2026-07-07,job-listing,1
https://www.searchsarkarinaukri.com/jobs/lic-mumbai-lic-mumbai-2026--2435,https://www.searchsarkarinaukri.com/sitemap-jobs.xml,2026-07-16,job-listing,1
https://www.searchsarkarinaukri.com/jobs/rites-rites-2026--2434,https://www.searchsarkarinaukri.com/sitemap-jobs.xml,2026-07-23,job-listing,1
https://www.searchsarkarinaukri.com/jobs/dr-d-y-patil-unitech-society-pune-dr-d-y-patil-unitech-society-2026--2433,https://www.searchsarkarinaukri.com/sitemap-jobs.xml,2026-07-03,job-listing,1
https://www.searchsarkarinaukri.com/jobs/jilhadhikari-karyalay-washim-collector-office-washim-recruitment-notification-jilhadhikari-karyalay--2432,https://www.searchsarkarinaukri.com/sitemap-jobs.xml,2026-07-02,job-listing,1
https://www.searchsarkarinaukri.com/jobs/zilla-parishad-nashik-job-opening-at-zilla-parishad-nashik-2026--2431,https://www.searchsarkarinaukri.com/sitemap-jobs.xml,2026-07-09,job-listing,1
https://www.searchsarkarinaukri.com/jobs/government-medical-college-and-hospital-nagpur-apply-for-1-medical-officer-post-2026--2430,https://www.searchsarkarinaukri.com/sitemap-jobs.xml,2026-06-29,job-listing,1
https://www.searchsarkarinaukri.com/jobs/maharashtra-bamboo-vikas-mandal-nagpur-maharashtra-bamboo-vikas-mandal-nagpur-invites-2026--2429,https://www.searchsarkarinaukri.com/sitemap-jobs.xml,2026-07-03,job-listing,1
https://www.searchsarkarinaukri.com/jobs/national-health-mission-nagpur-job-openings-at-national-health-mission-2026--2428,https://www.searchsarkarinaukri.com/sitemap-jobs.xml,2026-07-09,job-listing,1
https://www.searchsarkarinaukri.com/jobs/maharashtra-state-infrastructure-development-corporation-msidc-maharashtra-state-infrastructure-deve--2426,https://www.searchsarkarinaukri.com/sitemap-jobs.xml,2026-07-11,job-listing,1
https://www.searchsarkarinaukri.com/jobs/navodaya-vidyalaya-samiti-nvs-pune-region-navodaya-vidyalaya-samiti-nvs-pune-region-2026--2425,https://www.searchsarkarinaukri.com/sitemap-jobs.xml,2026-07-02,job-listing,1
https://www.searchsarkarinaukri.com/jobs/pm-shri-school-jawahar-navodaya-vidyalaya-solapur-job-openings-at-pm-shri-school-2026--2424,https://www.searchsarkarinaukri.com/sitemap-jobs.xml,2026-07-03,job-listing,1
https://www.searchsarkarinaukri.com/jobs/central-institute-of-petrochemicals-engineering-and-technology-cipet-chandrapur-central-institute-of--2423,https://www.searchsarkarinaukri.com/sitemap-jobs.xml,2026-07-08,job-listing,1
https://www.searchsarkarinaukri.com/jobs/rashtriya-chemicals-and-fertilizers-limited-job-openings-at-rashtriya-chemicals-and-2026--2422,https://www.searchsarkarinaukri.com/sitemap-jobs.xml,2026-07-14,job-listing,1
https://www.searchsarkarinaukri.com/jobs/international-institute-for-population-sciences-iips-mumbai-international-institute-for-population-s--2421,https://www.searchsarkarinaukri.com/sitemap-jobs.xml,2026-06-30,job-listing,1
https://www.searchsarkarinaukri.com/jobs/thane-mahanagarpalika-thane-municipal-corporation-apply-for-67-specialist-and-resident-2026--2420,https://www.searchsarkarinaukri.com/sitemap-jobs.xml,2026-07-04,job-listing,1
https://www.searchsarkarinaukri.com/jobs/government-college-of-engineering-karad-job-opening-at-government-college-of-2026--2419,https://www.searchsarkarinaukri.com/sitemap-jobs.xml,2026-07-01,job-listing,1
https://www.searchsarkarinaukri.com/jobs/nawegaon-nagzira-tiger-reserve-forest-department-nawegaon-nagzira-tiger-reserve-forest-department-20--2418,https://www.searchsarkarinaukri.com/sitemap-jobs.xml,2026-07-01,job-listing,1
https://www.searchsarkarinaukri.com/jobs/maharashtra-public-service-commission-apply-for-2619-industries-inspector-technical-2026--2417,https://www.searchsarkarinaukri.com/sitemap-jobs.xml,2026-07-18,job-listing,1
https://www.searchsarkarinaukri.com/jobs/civil-hospital-thane-samannya-rignalaya-thane-civil-hospital-thane-samannya-rignalaya-thane-2026--2416,https://www.searchsarkarinaukri.com/sitemap-jobs.xml,2026-07-11,job-listing,1
https://www.searchsarkarinaukri.com/jobs/national-health-mission-chhatrapati-sambhajinagar-job-openings-at-national-health-mission-2026--2415,https://www.searchsarkarinaukri.com/sitemap-jobs.xml,2026-07-03,job-listing,1
https://www.searchsarkarinaukri.com/jobs/life-insurance-corporation-of-india-life-insurance-corporation-of-india-invites-2026--2414,https://www.searchsarkarinaukri.com/sitemap-jobs.xml,2026-07-16,job-listing,1
https://www.searchsarkarinaukri.com/jobs/maharashtra-state-electricity-distribution-company-limited-msedcl-maharashtra-state-electricity-dist--2413,https://www.searchsarkarinaukri.com/sitemap-jobs.xml,2026-07-07,job-listing,1
https://www.searchsarkarinaukri.com/jobs/dr-balasaheb-sawant-konkan-krishi-vidyapeeth-dapoli-dr-balasaheb-sawant-konkan-krishi-vidyapeeth-202--2412,https://www.searchsarkarinaukri.com/sitemap-jobs.xml,2026-07-14,job-listing,1
https://www.searchsarkarinaukri.com/jobs/district-civil-hospital-alibag-raigad-job-opening-at-district-civil-hospital-2026--2411,https://www.searchsarkarinaukri.com/sitemap-jobs.xml,2026-07-14,job-listing,1
https://www.searchsarkarinaukri.com/jobs/national-fertilizers-ltd-director-technical-2026--2410,https://www.searchsarkarinaukri.com/sitemap-jobs.xml,2026-07-16,job-listing,1
https://www.searchsarkarinaukri.com/jobs/rashtriya-chemicals-and-fertilizers-limited-officer-finance-2026--2409,https://www.searchsarkarinaukri.com/sitemap-jobs.xml,2026-07-14,job-listing,1
https://www.searchsarkarinaukri.com/jobs/rashtriya-chemicals-and-fertilizers-limited-officer-hr-2026--2408,https://www.searchsarkarinaukri.com/sitemap-jobs.xml,2026-07-14,job-listing,1
https://www.searchsarkarinaukri.com/jobs/sir-central-food-technological-research-institute-engagement-to-project-associate-i-2026--2407,https://www.searchsarkarinaukri.com/sitemap-jobs.xml,2026-07-08,job-listing,1
https://www.searchsarkarinaukri.com/jobs/rashtriya-chemicals-and-fertilizers-limited-officer-medical-2026--2406,https://www.searchsarkarinaukri.com/sitemap-jobs.xml,2026-07-14,job-listing,1
https://www.searchsarkarinaukri.com/jobs/maha-bamboo-nagpur-maha-bamboo-nagpur-2026--2405,https://www.searchsarkarinaukri.com/sitemap-jobs.xml,2026-07-03,job-listing,1
https://www.searchsarkarinaukri.com/jobs/drdo-cvrde-drdo-cvrde-2026--2404,https://www.searchsarkarinaukri.com/sitemap-jobs.xml,2026-08-17,job-listing,1
https://www.searchsarkarinaukri.com/jobs/cipet-cipet-2026--2403,https://www.searchsarkarinaukri.com/sitemap-jobs.xml,2026-07-08,job-listing,1
https://www.searchsarkarinaukri.com/jobs/bel-bel-2026--2402,https://www.searchsarkarinaukri.com/sitemap-jobs.xml,2026-07-09,job-listing,1
https://www.searchsarkarinaukri.com/jobs/msidc-msidc-2026--2401,https://www.searchsarkarinaukri.com/sitemap-jobs.xml,2026-07-11,job-listing,1
https://www.searchsarkarinaukri.com/jobs/shikshak-sahakari-bank-nagpur-shikshak-sahakari-bank-nagpur-2026--2400,https://www.searchsarkarinaukri.com/sitemap-jobs.xml,2026-07-02,job-listing,1
https://www.searchsarkarinaukri.com/jobs/maharashtra-education-society-pune-maharashtra-education-society-pune-2026--2399,https://www.searchsarkarinaukri.com/sitemap-jobs.xml,2026-07-02,job-listing,1
https://www.searchsarkarinaukri.com/jobs/cantonment-board-dehu-road-cantonment-board-dehu-road-2026--2398,https://www.searchsarkarinaukri.com/sitemap-jobs.xml,2026-07-04,job-listing,1
https://www.searchsarkarinaukri.com/jobs/nit-goa-nit-goa-2026--2397,https://www.searchsarkarinaukri.com/sitemap-jobs.xml,2026-07-16,job-listing,1
https://www.searchsarkarinaukri.com/jobs/iim-mumbai-iim-mumbai-2026--2396,https://www.searchsarkarinaukri.com/sitemap-jobs.xml,2026-07-15,job-listing,1
https://www.searchsarkarinaukri.com/jobs/jnv-solapur-jnv-solapur-2026--2395,https://www.searchsarkarinaukri.com/sitemap-jobs.xml,2026-07-03,job-listing,1
https://www.searchsarkarinaukri.com/jobs/dmrc-dmrc-2026--2394,https://www.searchsarkarinaukri.com/sitemap-jobs.xml,2026-07-11,job-listing,1
https://www.searchsarkarinaukri.com/jobs/iips-mumbai-iips-mumbai-2026--2393,https://www.searchsarkarinaukri.com/sitemap-jobs.xml,2026-06-30,job-listing,1
https://www.searchsarkarinaukri.com/jobs/rcfl-mumbai-rcfl-mumbai-2026--2392,https://www.searchsarkarinaukri.com/sitemap-jobs.xml,2026-08-01,job-listing,1
https://www.searchsarkarinaukri.com/jobs/wcd-goa-wcd-goa-2026--2391,https://www.searchsarkarinaukri.com/sitemap-jobs.xml,2026-07-25,job-listing,1
https://www.searchsarkarinaukri.com/jobs/employees-provident-fund-organization-employees-provident-fund-organization-2026--2390,https://www.searchsarkarinaukri.com/sitemap-jobs.xml,2026-07-31,job-listing,1
https://www.searchsarkarinaukri.com/jobs/nvs-pune-nvs-pune-2026--2389,https://www.searchsarkarinaukri.com/sitemap-jobs.xml,2026-07-21,job-listing,1
https://www.searchsarkarinaukri.com/jobs/gokhale-institute-of-politics-and-economics-pune-gokhale-institute-of-politics-and-economics-2026--2388,https://www.searchsarkarinaukri.com/sitemap-jobs.xml,2026-07-16,job-listing,1
https://www.searchsarkarinaukri.com/jobs/jaywant-shikshan-prasarak-mandal-pune-jaywant-shikshan-prasarak-mandal-pune-2026--2387,https://www.searchsarkarinaukri.com/sitemap-jobs.xml,2026-06-29,job-listing,1
https://www.searchsarkarinaukri.com/jobs/mpsc-group-c-services-combined-preliminary-examination-mpsc-group-c-services-combined-preliminary-20--2386,https://www.searchsarkarinaukri.com/sitemap-jobs.xml,2026-07-18,job-listing,1
https://www.searchsarkarinaukri.com/jobs/iiser-pune-iiser-pune-2026--2385,https://www.searchsarkarinaukri.com/sitemap-jobs.xml,2026-07-09,job-listing,1
https://www.searchsarkarinaukri.com/jobs/nawegaon-nagzira-tiger-reserve-gondia-nawegaon-nagzira-tiger-reserve-gondia-2026--2384,https://www.searchsarkarinaukri.com/sitemap-jobs.xml,2026-07-01,job-listing,1
https://www.searchsarkarinaukri.com/jobs/krcl-krcl-2026--2383,https://www.searchsarkarinaukri.com/sitemap-jobs.xml,2026-07-07,job-listing,1
https://www.searchsarkarinaukri.com/jobs/aiims-delhi-aiims-delhi-2026--2382,https://www.searchsarkarinaukri.com/sitemap-jobs.xml,2026-07-19,job-listing,1
https://www.searchsarkarinaukri.com/jobs/maratha-vidya-prasarak-samaj-nashik-maratha-vidya-prasarak-samaj-nashik-2026--2381,https://www.searchsarkarinaukri.com/sitemap-jobs.xml,2026-06-29,job-listing,1
https://www.searchsarkarinaukri.com/jobs/gce-karad-gce-karad-2026--2380,https://www.searchsarkarinaukri.com/sitemap-jobs.xml,2026-07-01,job-listing,1
https://www.searchsarkarinaukri.com/jobs/mhrb-mhrb-2026--2379,https://www.searchsarkarinaukri.com/sitemap-jobs.xml,2026-07-07,job-listing,1
https://www.searchsarkarinaukri.com/jobs/nhm-nagpur-nhm-nagpur-2026--2378,https://www.searchsarkarinaukri.com/sitemap-jobs.xml,2026-07-09,job-listing,1
https://www.searchsarkarinaukri.com/jobs/mpsc-group-c-mpsc-group-c-2026--2377,https://www.searchsarkarinaukri.com/sitemap-jobs.xml,2026-07-18,job-listing,1
https://www.searchsarkarinaukri.com/jobs/wcd-delhi-wcd-delhi-2026--2376,https://www.searchsarkarinaukri.com/sitemap-jobs.xml,2026-06-29,job-listing,1
https://www.searchsarkarinaukri.com/jobs/staff-selection-commission-staff-selection-commission-2026--2375,https://www.searchsarkarinaukri.com/sitemap-jobs.xml,2026-06-29,job-listing,1
https://www.searchsarkarinaukri.com/jobs/icar-ndri-deemed-university-contractual-position-of-young-professional-i-2026--2374,https://www.searchsarkarinaukri.com/sitemap-jobs.xml,2026-07-08,job-listing,1
https://www.searchsarkarinaukri.com/jobs/icar-ndri-deemed-university-contractual-position-of-young-professional-ii-2026--2373,https://www.searchsarkarinaukri.com/sitemap-jobs.xml,2026-07-14,job-listing,1
https://www.searchsarkarinaukri.com/jobs/icar-ndri-deemed-university-contractual-position-of-young-professional-ii-2026--2372,https://www.searchsarkarinaukri.com/sitemap-jobs.xml,2026-07-15,job-listing,1
https://www.searchsarkarinaukri.com/jobs/council-of-scientific-amp-industrial-research-csir-recruitment-of-assistant-section-officer-from-202--2371,https://www.searchsarkarinaukri.com/sitemap-jobs.xml,2026-07-14,job-listing,1
https://www.searchsarkarinaukri.com/jobs/icar-atari-kanpur-young-professional-i-legal-2026--2370,https://www.searchsarkarinaukri.com/sitemap-jobs.xml,2026-07-02,job-listing,1
https://www.searchsarkarinaukri.com/jobs/icar-atari-kanpur-young-professional-i-ffp-2026--2369,https://www.searchsarkarinaukri.com/sitemap-jobs.xml,2026-07-02,job-listing,1
https://www.searchsarkarinaukri.com/jobs/job-2026--2368,https://www.searchsarkarinaukri.com/sitemap-jobs.xml,2026-07-11,job-listing,1
https://www.searchsarkarinaukri.com/jobs/job-2026--2367,https://www.searchsarkarinaukri.com/sitemap-jobs.xml,2026-07-06,job-listing,1
https://www.searchsarkarinaukri.com/jobs/job-2026--2366,https://www.searchsarkarinaukri.com/sitemap-jobs.xml,2026-06-30,job-listing,1
https://www.searchsarkarinaukri.com/jobs/cife-mumbai-cife-mumbai-2026--2365,https://www.searchsarkarinaukri.com/sitemap-jobs.xml,2026-07-03,job-listing,1
https://www.searchsarkarinaukri.com/jobs/neeri-nagpur-neeri-nagpur-2026--2364,https://www.searchsarkarinaukri.com/sitemap-jobs.xml,2026-06-30,job-listing,1
https://www.searchsarkarinaukri.com/jobs/bhabha-atomic-research-centre-mumbai-bhabha-atomic-research-centre-mumbai-2026--2363,https://www.searchsarkarinaukri.com/sitemap-jobs.xml,2026-07-09,job-listing,1
https://www.searchsarkarinaukri.com/jobs/nhm-mumbai-nhm-mumbai-2026--2362,https://www.searchsarkarinaukri.com/sitemap-jobs.xml,2026-06-30,job-listing,1
https://www.searchsarkarinaukri.com/jobs/drdo-deal-drdo-deal-2026--2361,https://www.searchsarkarinaukri.com/sitemap-jobs.xml,2026-07-23,job-listing,1
https://www.searchsarkarinaukri.com/jobs/neepco-neepco-2026--2360,https://www.searchsarkarinaukri.com/sitemap-jobs.xml,2026-07-14,job-listing,1
https://www.searchsarkarinaukri.com/jobs/jilhadhikari-karyalay-washim-jilhadhikari-karyalay-washim-2026--2359,https://www.searchsarkarinaukri.com/sitemap-jobs.xml,2026-07-15,job-listing,1
https://www.searchsarkarinaukri.com/jobs/chikhaldara-nagarparishad-chikhaldara-nagarparishad-2026--2358,https://www.searchsarkarinaukri.com/sitemap-jobs.xml,2026-07-01,job-listing,1
https://www.searchsarkarinaukri.com/jobs/indian-air-force-indian-air-force-2026--2357,https://www.searchsarkarinaukri.com/sitemap-jobs.xml,2026-07-28,job-listing,1
https://www.searchsarkarinaukri.com/jobs/prerna-education-society-nagpur-prerna-education-society-nagpur-2026--2356,https://www.searchsarkarinaukri.com/sitemap-jobs.xml,2026-07-01,job-listing,1
https://www.searchsarkarinaukri.com/jobs/kdmc-transport-department-kdmc-transport-department-2026--2355,https://www.searchsarkarinaukri.com/sitemap-jobs.xml,2026-07-07,job-listing,1
https://www.searchsarkarinaukri.com/jobs/mumbai-metropolitan-region-slum-rehabilitation-authorities-mumbai-metropolitan-region-slum-rehabilit--2354,https://www.searchsarkarinaukri.com/sitemap-jobs.xml,2026-07-01,job-listing,1
https://www.searchsarkarinaukri.com/jobs/state-bank-of-india-state-bank-of-india-2026--2353,https://www.searchsarkarinaukri.com/sitemap-jobs.xml,2026-07-15,job-listing,1
https://www.searchsarkarinaukri.com/jobs/murgaon-education-society-goa-murgaon-education-society-goa-2026--2352,https://www.searchsarkarinaukri.com/sitemap-jobs.xml,2026-07-04,job-listing,1
https://www.searchsarkarinaukri.com/jobs/actrec-mumbai-actrec-mumbai-2026--2351,https://www.searchsarkarinaukri.com/sitemap-jobs.xml,2026-07-04,job-listing,1
https://www.searchsarkarinaukri.com/jobs/satara-college-of-pharmacy-satara-college-of-pharmacy-2026--2350,https://www.searchsarkarinaukri.com/sitemap-jobs.xml,2026-06-29,job-listing,1
https://www.searchsarkarinaukri.com/jobs/svkms-college-of-engineering-shirpur-svkms-college-of-engineering-shirpur-2026--2349,https://www.searchsarkarinaukri.com/sitemap-jobs.xml,2026-06-29,job-listing,1
https://www.searchsarkarinaukri.com/jobs/icsi-icsi-2026--2348,https://www.searchsarkarinaukri.com/sitemap-jobs.xml,2026-07-01,job-listing,1
https://www.searchsarkarinaukri.com/jobs/ministry-of-jal-shakti-ministry-of-jal-shakti-2026--2347,https://www.searchsarkarinaukri.com/sitemap-jobs.xml,2026-08-04,job-listing,1
https://www.searchsarkarinaukri.com/jobs/gmc-nagpur-gmc-nagpur-2026--2346,https://www.searchsarkarinaukri.com/sitemap-jobs.xml,2026-06-30,job-listing,1
https://www.searchsarkarinaukri.com/jobs/national-insurance-academy-pune-national-insurance-academy-pune-2026--2345,https://www.searchsarkarinaukri.com/sitemap-jobs.xml,2026-07-16,job-listing,1
https://www.searchsarkarinaukri.com/jobs/shahaji-law-college-kolhapur-shahaji-law-college-kolhapur-2026--2344,https://www.searchsarkarinaukri.com/sitemap-jobs.xml,2026-06-30,job-listing,1
https://www.searchsarkarinaukri.com/jobs/engineering-projects-india-limited-engineering-projects-india-limited-2026--2343,https://www.searchsarkarinaukri.com/sitemap-jobs.xml,2026-07-07,job-listing,1
https://www.searchsarkarinaukri.com/jobs/iim-mumbai-iim-mumbai-2026--2342,https://www.searchsarkarinaukri.com/sitemap-jobs.xml,2026-07-15,job-listing,1
https://www.searchsarkarinaukri.com/jobs/fddi-fddi-2026--2341,https://www.searchsarkarinaukri.com/sitemap-jobs.xml,2026-07-10,job-listing,1
https://www.searchsarkarinaukri.com/jobs/indian-institute-of-geomagnetism-mumbai-indian-institute-of-geomagnetism-mumbai-2026--2340,https://www.searchsarkarinaukri.com/sitemap-jobs.xml,2026-07-27,job-listing,1
https://www.searchsarkarinaukri.com/jobs/national-thermal-power-corporation-limited-national-thermal-power-corporation-limited-2026--2339,https://www.searchsarkarinaukri.com/sitemap-jobs.xml,2026-07-11,job-listing,1
https://www.searchsarkarinaukri.com/jobs/nit-goa-nit-goa-2026--2338,https://www.searchsarkarinaukri.com/sitemap-jobs.xml,2026-07-16,job-listing,1
https://www.searchsarkarinaukri.com/jobs/college-of-engineering-and-technology-chhsambhajinagar-college-of-engineering-and-2026--2337,https://www.searchsarkarinaukri.com/sitemap-jobs.xml,2026-06-29,job-listing,1
https://www.searchsarkarinaukri.com/jobs/rayat-shikshan-sanstha-satara-rayat-shikshan-sanstha-satara-2026--2336,https://www.searchsarkarinaukri.com/sitemap-jobs.xml,2026-06-30,job-listing,1
https://www.searchsarkarinaukri.com/jobs/visvesvaraya-national-institute-of-technology-nagpur-visvesvaraya-national-institute-of-technology-n--2335,https://www.searchsarkarinaukri.com/sitemap-jobs.xml,2026-07-14,job-listing,1
https://www.searchsarkarinaukri.com/jobs/tata-institute-of-fundamental-research-mumbai-job-openings-at-tata-institute-of-2026--2333,https://www.searchsarkarinaukri.com/sitemap-jobs.xml,2026-07-11,job-listing,1
https://www.searchsarkarinaukri.com/jobs/kalyan-dombivli-municipal-corporation-kdmc-kalyan-dombivli-municipal-corporation-kdmc-recruitment-20--2332,https://www.searchsarkarinaukri.com/sitemap-jobs.xml,2026-07-03,job-listing,1
https://www.searchsarkarinaukri.com/jobs/thane-mahanagarpalika-thane-municipal-corporation-apply-for-9-resident-medical-officer-2026--2331,https://www.searchsarkarinaukri.com/sitemap-jobs.xml,2026-06-30,job-listing,1
https://www.searchsarkarinaukri.com/jobs/air-force-school-pune-afs-pune-recruitment-notification-air-force-school-pune-2026--2330,https://www.searchsarkarinaukri.com/sitemap-jobs.xml,2026-07-06,job-listing,1
https://www.searchsarkarinaukri.com/jobs/maharashtra-resident-commissioner-office-maharashtra-sadan-maharashtra-resident-commissioner-office--2329,https://www.searchsarkarinaukri.com/sitemap-jobs.xml,2026-07-06,job-listing,1
https://www.searchsarkarinaukri.com/jobs/maharashtra-ex-servicemen-corporation-limited-mesco-job-openings-at-maharashtra-ex-servicemen-corpor--2328,https://www.searchsarkarinaukri.com/sitemap-jobs.xml,2026-07-07,job-listing,1
https://www.searchsarkarinaukri.com/jobs/krishi-vigyan-kendra-wardha-recruitment-notification-krishi-vigyan-kendra-wardha-2026--2327,https://www.searchsarkarinaukri.com/sitemap-jobs.xml,2026-06-29,job-listing,1
https://www.searchsarkarinaukri.com/jobs/pm-shri-kendriya-vidyalaya-kamptee-pm-shri-kendriya-vidyalaya-kamptee-2026-2026--2326,https://www.searchsarkarinaukri.com/sitemap-jobs.xml,2026-06-30,job-listing,1
https://www.searchsarkarinaukri.com/jobs/bhabha-atomic-research-centre-hospital-bhabha-atomic-research-centre-hospital-invites-2026--2325,https://www.searchsarkarinaukri.com/sitemap-jobs.xml,2026-08-19,job-listing,1
https://www.searchsarkarinaukri.com/jobs/yantra-india-limited-secretarial-assistant-2026--2324,https://www.searchsarkarinaukri.com/sitemap-jobs.xml,2026-07-05,job-listing,1
https://www.searchsarkarinaukri.com/jobs/central-airmen-selection-board-indian-air-force-airmen-2026--2323,https://www.searchsarkarinaukri.com/sitemap-jobs.xml,2026-07-27,job-listing,1
https://www.searchsarkarinaukri.com/jobs/icar-central-marine-fisheries-research-institute-young-professional-i-2026--2322,https://www.searchsarkarinaukri.com/sitemap-jobs.xml,2026-07-10,job-listing,1
https://www.searchsarkarinaukri.com/jobs/job-2026--2321,https://www.searchsarkarinaukri.com/sitemap-jobs.xml,2026-07-09,job-listing,1
https://www.searchsarkarinaukri.com/jobs/job-2026--2319,https://www.searchsarkarinaukri.com/sitemap-jobs.xml,2026-07-11,job-listing,1
https://www.searchsarkarinaukri.com/jobs/tiss-mumbai-tiss-mumbai-2026--2318,https://www.searchsarkarinaukri.com/sitemap-jobs.xml,2026-07-01,job-listing,1
https://www.searchsarkarinaukri.com/jobs/esis-hospital-solapur-esis-hospital-solapur-2026--2317,https://www.searchsarkarinaukri.com/sitemap-jobs.xml,2026-06-29,job-listing,1
https://www.searchsarkarinaukri.com/jobs/kendriya-vidyalaya-goa-kendriya-vidyalaya-goa-2026--2316,https://www.searchsarkarinaukri.com/sitemap-jobs.xml,2026-06-29,job-listing,1
https://www.searchsarkarinaukri.com/jobs/mscc-mscc-2026--2315,https://www.searchsarkarinaukri.com/sitemap-jobs.xml,2026-07-08,job-listing,1
https://www.searchsarkarinaukri.com/jobs/bank-of-maharashtra-bank-of-maharashtra-2026--2314,https://www.searchsarkarinaukri.com/sitemap-jobs.xml,2026-07-11,job-listing,1
https://www.searchsarkarinaukri.com/jobs/all-india-institute-of-medical-sciences-nagpur-all-india-institute-of-medical-sciences-2026--2313,https://www.searchsarkarinaukri.com/sitemap-jobs.xml,2026-07-19,job-listing,1
https://www.searchsarkarinaukri.com/jobs/ccrh-ccrh-2026--2312,https://www.searchsarkarinaukri.com/sitemap-jobs.xml,2026-07-29,job-listing,1
https://www.searchsarkarinaukri.com/jobs/kvs-solapur-kvs-solapur-2026--2311,https://www.searchsarkarinaukri.com/sitemap-jobs.xml,2026-06-29,job-listing,1
https://www.searchsarkarinaukri.com/jobs/bel-bel-2026--2310,https://www.searchsarkarinaukri.com/sitemap-jobs.xml,2026-07-09,job-listing,1
https://www.searchsarkarinaukri.com/jobs/sbi-mumbai-sbi-mumbai-2026--2309,https://www.searchsarkarinaukri.com/sitemap-jobs.xml,2026-07-09,job-listing,1
https://www.searchsarkarinaukri.com/jobs/boi-boi-2026--2308,https://www.searchsarkarinaukri.com/sitemap-jobs.xml,2026-07-01,job-listing,1
https://www.searchsarkarinaukri.com/jobs/bhagini-nivedita-sahakari-bank-pune-bhagini-nivedita-sahakari-bank-pune-2026--2307,https://www.searchsarkarinaukri.com/sitemap-jobs.xml,2026-07-03,job-listing,1
https://www.searchsarkarinaukri.com/jobs/rayat-shikshan-sanstha-satara-rayat-shikshan-sanstha-satara-2026--2306,https://www.searchsarkarinaukri.com/sitemap-jobs.xml,2026-06-30,job-listing,1
https://www.searchsarkarinaukri.com/jobs/bharatiya-vidya-bhavan-bharatiya-vidya-bhavan-2026--2305,https://www.searchsarkarinaukri.com/sitemap-jobs.xml,2026-07-08,job-listing,1
https://www.searchsarkarinaukri.com/jobs/secr-nagpur-secr-nagpur-2026--2304,https://www.searchsarkarinaukri.com/sitemap-jobs.xml,2026-07-03,job-listing,1
https://www.searchsarkarinaukri.com/jobs/ankurgeca-ankurgeca-2026--2303,https://www.searchsarkarinaukri.com/sitemap-jobs.xml,2026-07-08,job-listing,1
https://www.searchsarkarinaukri.com/jobs/csir-csir-2026--2302,https://www.searchsarkarinaukri.com/sitemap-jobs.xml,2026-07-14,job-listing,1
https://www.searchsarkarinaukri.com/jobs/iiser-pune-iiser-pune-2026--2301,https://www.searchsarkarinaukri.com/sitemap-jobs.xml,2026-07-01,job-listing,1
https://www.searchsarkarinaukri.com/jobs/mnre-mnre-2026--2300,https://www.searchsarkarinaukri.com/sitemap-jobs.xml,2026-07-09,job-listing,1
https://www.searchsarkarinaukri.com/jobs/national-bureau-of-plant-genetic-resources-national-bureau-of-plant-genetic-resources-2026--2299,https://www.searchsarkarinaukri.com/sitemap-jobs.xml,2026-07-21,job-listing,1
https://www.searchsarkarinaukri.com/jobs/central-bank-of-india-central-bank-of-india-2026--2298,https://www.searchsarkarinaukri.com/sitemap-jobs.xml,2026-06-29,job-listing,1
https://www.searchsarkarinaukri.com/jobs/sgnp-borivali-sgnp-borivali-2026--2297,https://www.searchsarkarinaukri.com/sitemap-jobs.xml,2026-08-18,job-listing,1
https://www.searchsarkarinaukri.com/jobs/rrb-section-controller-rrb-section-controller-2026--2296,https://www.searchsarkarinaukri.com/sitemap-jobs.xml,2026-07-22,job-listing,1
https://www.searchsarkarinaukri.com/jobs/indian-navy-ssc-officer-indian-navy-ssc-officer-2026--2295,https://www.searchsarkarinaukri.com/sitemap-jobs.xml,2026-07-28,job-listing,1
https://www.searchsarkarinaukri.com/jobs/icar-nbpgr-young-professional-i-2026--2294,https://www.searchsarkarinaukri.com/sitemap-jobs.xml,2026-07-20,job-listing,1
https://www.searchsarkarinaukri.com/jobs/icar-nbpgr-project-assistant-icar-nbpgr-2026--2293,https://www.searchsarkarinaukri.com/sitemap-jobs.xml,2026-07-20,job-listing,1
https://www.searchsarkarinaukri.com/jobs/icar-nbpgr-project-scientist-iii-2026--2292,https://www.searchsarkarinaukri.com/sitemap-jobs.xml,2026-07-20,job-listing,1
https://www.searchsarkarinaukri.com/jobs/icar-nbpgr-field-worker-2026--2291,https://www.searchsarkarinaukri.com/sitemap-jobs.xml,2026-07-20,job-listing,1
https://www.searchsarkarinaukri.com/jobs/beml-limited-recruitment-of-non-executives-on-tenure-2026--2290,https://www.searchsarkarinaukri.com/sitemap-jobs.xml,2026-07-11,job-listing,1
https://www.searchsarkarinaukri.com/jobs/tata-institute-of-fundamental-research-clerk-trainee-2026--2289,https://www.searchsarkarinaukri.com/sitemap-jobs.xml,2026-07-11,job-listing,1
https://www.searchsarkarinaukri.com/jobs/beml-limited-recruitment-of-executives-2026--2288,https://www.searchsarkarinaukri.com/sitemap-jobs.xml,2026-06-29,job-listing,1
https://www.searchsarkarinaukri.com/jobs/maharashtra-ex-servicemen-corporation-limited-maharashtra-ex-servicemen-corporation-limited-2026--2286,https://www.searchsarkarinaukri.com/sitemap-jobs.xml,2026-07-07,job-listing,1
https://www.searchsarkarinaukri.com/jobs/bombay-high-court-bombay-high-court-2026--2285,https://www.searchsarkarinaukri.com/sitemap-jobs.xml,2026-07-12,job-listing,1
https://www.searchsarkarinaukri.com/jobs/kendriya-vidyalaya-kamptee-kendriya-vidyalaya-kamptee-2026--2284,https://www.searchsarkarinaukri.com/sitemap-jobs.xml,2026-06-30,job-listing,1
https://www.searchsarkarinaukri.com/jobs/beml-ltd-beml-ltd-2026--2283,https://www.searchsarkarinaukri.com/sitemap-jobs.xml,2026-07-11,job-listing,1
https://www.searchsarkarinaukri.com/jobs/echs-goa-echs-goa-2026--2282,https://www.searchsarkarinaukri.com/sitemap-jobs.xml,2026-07-21,job-listing,1
https://www.searchsarkarinaukri.com/jobs/hll-lifecare-ltd-hll-lifecare-ltd-2026--2281,https://www.searchsarkarinaukri.com/sitemap-jobs.xml,2026-06-29,job-listing,1
https://www.searchsarkarinaukri.com/jobs/maharashtra-sadan-maharashtra-sadan-2026--2280,https://www.searchsarkarinaukri.com/sitemap-jobs.xml,2026-07-10,job-listing,1
https://www.searchsarkarinaukri.com/jobs/army-law-college-pune-army-law-college-pune-2026--2279,https://www.searchsarkarinaukri.com/sitemap-jobs.xml,2026-07-21,job-listing,1
https://www.searchsarkarinaukri.com/jobs/hemrl-pune-hemrl-pune-2026--2278,https://www.searchsarkarinaukri.com/sitemap-jobs.xml,2026-07-16,job-listing,1
https://www.searchsarkarinaukri.com/jobs/nav-sahyadri-charitable-trust-pune-nav-sahyadri-charitable-trust-pune-2026--2277,https://www.searchsarkarinaukri.com/sitemap-jobs.xml,2026-06-29,job-listing,1
https://www.searchsarkarinaukri.com/jobs/spicer-adventist-university-pune-spicer-adventist-university-pune-2026--2276,https://www.searchsarkarinaukri.com/sitemap-jobs.xml,2026-07-23,job-listing,1
https://www.searchsarkarinaukri.com/jobs/mahapareshan-raigad-mahapareshan-raigad-2026--2275,https://www.searchsarkarinaukri.com/sitemap-jobs.xml,2026-07-11,job-listing,1
https://www.searchsarkarinaukri.com/jobs/dy-patil-law-college-pune-dy-patil-law-college-pune-2026--2274,https://www.searchsarkarinaukri.com/sitemap-jobs.xml,2026-06-29,job-listing,1
https://www.searchsarkarinaukri.com/jobs/iiser-pune-iiser-pune-2026--2273,https://www.searchsarkarinaukri.com/sitemap-jobs.xml,2026-07-01,job-listing,1
https://www.searchsarkarinaukri.com/jobs/yashwantrao-chavan-mahavidyalaya-sangli-yashwantrao-chavan-mahavidyalaya-sangli-2026--2272,https://www.searchsarkarinaukri.com/sitemap-jobs.xml,2026-07-01,job-listing,1
https://www.searchsarkarinaukri.com/jobs/kendriya-vidyalaya-pune-kendriya-vidyalaya-pune-2026--2271,https://www.searchsarkarinaukri.com/sitemap-jobs.xml,2026-06-29,job-listing,1
https://www.searchsarkarinaukri.com/jobs/jnv-jalna-jnv-jalna-2026--2270,https://www.searchsarkarinaukri.com/sitemap-jobs.xml,2026-07-23,job-listing,1
https://www.searchsarkarinaukri.com/jobs/icsi-icsi-2026--2269,https://www.searchsarkarinaukri.com/sitemap-jobs.xml,2026-07-01,job-listing,1
https://www.searchsarkarinaukri.com/jobs/dfsl-mumbai-dfsl-mumbai-2026--2268,https://www.searchsarkarinaukri.com/sitemap-jobs.xml,2026-07-09,job-listing,1
https://www.searchsarkarinaukri.com/jobs/new-india-assurance-new-india-assurance-2026--2267,https://www.searchsarkarinaukri.com/sitemap-jobs.xml,2026-07-07,job-listing,1
https://www.searchsarkarinaukri.com/jobs/nift-nift-2026--2266,https://www.searchsarkarinaukri.com/sitemap-jobs.xml,2026-07-11,job-listing,1
https://www.searchsarkarinaukri.com/jobs/msp-mandal-chh-sambhajinagar-msp-mandal-chh-sambhajinagar-2026--2265,https://www.searchsarkarinaukri.com/sitemap-jobs.xml,2026-06-29,job-listing,1
https://www.searchsarkarinaukri.com/jobs/all-india-institute-of-medical-sciences-nagpur-all-india-institute-of-medical-sciences-2026--2264,https://www.searchsarkarinaukri.com/sitemap-jobs.xml,2026-07-19,job-listing,1
https://www.searchsarkarinaukri.com/jobs/tiss-mumbai-tiss-mumbai-2026--2263,https://www.searchsarkarinaukri.com/sitemap-jobs.xml,2026-07-01,job-listing,1
https://www.searchsarkarinaukri.com/jobs/deccan-education-society-deccan-education-society-2026--2262,https://www.searchsarkarinaukri.com/sitemap-jobs.xml,2026-06-30,job-listing,1
https://www.searchsarkarinaukri.com/jobs/kadamba-transport-corporation-ltd-goa-kadamba-transport-corporation-ltd-goa-2026--2261,https://www.searchsarkarinaukri.com/sitemap-jobs.xml,2026-07-05,job-listing,1
https://www.searchsarkarinaukri.com/jobs/sangli-dcc-bank-sangli-dcc-bank-2026--2260,https://www.searchsarkarinaukri.com/sitemap-jobs.xml,2026-07-09,job-listing,1
https://www.searchsarkarinaukri.com/jobs/avnl-avnl-2026--2259,https://www.searchsarkarinaukri.com/sitemap-jobs.xml,2026-07-07,job-listing,1
https://www.searchsarkarinaukri.com/jobs/northern-coalfields-limited-northern-coalfields-limited-2026--2258,https://www.searchsarkarinaukri.com/sitemap-jobs.xml,2026-06-29,job-listing,1
https://www.searchsarkarinaukri.com/jobs/aiims-delhi-aiims-delhi-2026--2257,https://www.searchsarkarinaukri.com/sitemap-jobs.xml,2026-07-15,job-listing,1
https://www.searchsarkarinaukri.com/jobs/shahaji-law-college-kolhapur-shahaji-law-college-kolhapur-2026--2256,https://www.searchsarkarinaukri.com/sitemap-jobs.xml,2026-06-30,job-listing,1
https://www.searchsarkarinaukri.com/jobs/nmmc-nmmc-2026--2254,https://www.searchsarkarinaukri.com/sitemap-jobs.xml,2026-07-08,job-listing,1
https://www.searchsarkarinaukri.com/jobs/mahavitaran-chandrapur-mahavitaran-chandrapur-2026--2253,https://www.searchsarkarinaukri.com/sitemap-jobs.xml,2026-07-01,job-listing,1
https://www.searchsarkarinaukri.com/jobs/dhe-goa-dhe-goa-2026--2252,https://www.searchsarkarinaukri.com/sitemap-jobs.xml,2026-07-06,job-listing,1
https://www.searchsarkarinaukri.com/jobs/air-force-school-pune-air-force-school-pune-2026--2251,https://www.searchsarkarinaukri.com/sitemap-jobs.xml,2026-07-06,job-listing,1
https://www.searchsarkarinaukri.com/jobs/godavari-laxmi-bank-godavari-laxmi-bank-2026--2250,https://www.searchsarkarinaukri.com/sitemap-jobs.xml,2026-06-29,job-listing,1
https://www.searchsarkarinaukri.com/jobs/nmc-bank-nanded-nmc-bank-nanded-2026--2249,https://www.searchsarkarinaukri.com/sitemap-jobs.xml,2026-07-01,job-listing,1
https://www.searchsarkarinaukri.com/jobs/maharashtra-gramin-bank-maharashtra-gramin-bank-2026--2248,https://www.searchsarkarinaukri.com/sitemap-jobs.xml,2026-06-29,job-listing,1
https://www.searchsarkarinaukri.com/jobs/pune-district-education-association-pune-district-education-association-2026--2247,https://www.searchsarkarinaukri.com/sitemap-jobs.xml,2026-06-29,job-listing,1
https://www.searchsarkarinaukri.com/jobs/jusb-bank-jusb-bank-2026--2246,https://www.searchsarkarinaukri.com/sitemap-jobs.xml,2026-06-29,job-listing,1
https://www.searchsarkarinaukri.com/jobs/tifr-mumbai-tifr-mumbai-2026--2245,https://www.searchsarkarinaukri.com/sitemap-jobs.xml,2026-07-16,job-listing,1
https://www.searchsarkarinaukri.com/jobs/iiser-pune-iiser-pune-2026--2244,https://www.searchsarkarinaukri.com/sitemap-jobs.xml,2026-06-30,job-listing,1
https://www.searchsarkarinaukri.com/jobs/iips-mumbai-iips-mumbai-2026--2243,https://www.searchsarkarinaukri.com/sitemap-jobs.xml,2026-06-29,job-listing,1
https://www.searchsarkarinaukri.com/jobs/bharatiya-vidya-bhavans-mumbai-bharatiya-vidya-bhavans-mumbai-2026--2242,https://www.searchsarkarinaukri.com/sitemap-jobs.xml,2026-06-29,job-listing,1
https://www.searchsarkarinaukri.com/jobs/pawan-hans-limited-pawan-hans-limited-2026--2241,https://www.searchsarkarinaukri.com/sitemap-jobs.xml,2026-07-11,job-listing,1
https://www.searchsarkarinaukri.com/jobs/indian-maritime-university-indian-maritime-university-2026--2240,https://www.searchsarkarinaukri.com/sitemap-jobs.xml,2026-08-23,job-listing,1
https://www.searchsarkarinaukri.com/jobs/vnit-nagpur-vnit-nagpur-2026--2239,https://www.searchsarkarinaukri.com/sitemap-jobs.xml,2026-07-14,job-listing,1
https://www.searchsarkarinaukri.com/jobs/ncl-pune-ncl-pune-2026--2238,https://www.searchsarkarinaukri.com/sitemap-jobs.xml,2026-06-29,job-listing,1
https://www.searchsarkarinaukri.com/jobs/north-east-frontier-railway-north-east-frontier-railway-2026--2237,https://www.searchsarkarinaukri.com/sitemap-jobs.xml,2026-07-20,job-listing,1
https://www.searchsarkarinaukri.com/jobs/nuhm-kdmc-nuhm-kdmc-2026--2236,https://www.searchsarkarinaukri.com/sitemap-jobs.xml,2026-08-20,job-listing,1
https://www.searchsarkarinaukri.com/jobs/icar-nbsslup-icar-nbsslup-2026--2235,https://www.searchsarkarinaukri.com/sitemap-jobs.xml,2026-07-03,job-listing,1
https://www.searchsarkarinaukri.com/jobs/ari-pune-ari-pune-2026--2234,https://www.searchsarkarinaukri.com/sitemap-jobs.xml,2026-07-01,job-listing,1
https://www.searchsarkarinaukri.com/jobs/savitribai-phule-mahila-mahavidyalaya-savitribai-phule-mahila-mahavidyalaya-2026--2233,https://www.searchsarkarinaukri.com/sitemap-jobs.xml,2026-06-29,job-listing,1
https://www.searchsarkarinaukri.com/jobs/yantra-india-limited-yantra-india-limited-2026--2232,https://www.searchsarkarinaukri.com/sitemap-jobs.xml,2026-07-04,job-listing,1
https://www.searchsarkarinaukri.com/jobs/shivaji-education-society-amravati-shivaji-education-society-amravati-2026--2231,https://www.searchsarkarinaukri.com/sitemap-jobs.xml,2026-06-29,job-listing,1
https://www.searchsarkarinaukri.com/jobs/krcl-krcl-2026--2230,https://www.searchsarkarinaukri.com/sitemap-jobs.xml,2026-06-30,job-listing,1
https://www.searchsarkarinaukri.com/jobs/cantonment-board-dehu-road-cantonment-board-dehu-road-2026--2229,https://www.searchsarkarinaukri.com/sitemap-jobs.xml,2026-06-29,job-listing,1
https://www.searchsarkarinaukri.com/jobs/latthe-education-society-sangli-latthe-education-society-sangli-2026--2228,https://www.searchsarkarinaukri.com/sitemap-jobs.xml,2026-06-30,job-listing,1
https://www.searchsarkarinaukri.com/jobs/nkgsb-co-op-bank-nkgsb-co-op-bank-2026--2227,https://www.searchsarkarinaukri.com/sitemap-jobs.xml,2026-06-29,job-listing,1
https://www.searchsarkarinaukri.com/jobs/nit-goa-nit-goa-2026--2226,https://www.searchsarkarinaukri.com/sitemap-jobs.xml,2026-07-16,job-listing,1
https://www.searchsarkarinaukri.com/jobs/krishi-vigyan-kendra-wardha-krishi-vigyan-kendra-wardha-2026--2225,https://www.searchsarkarinaukri.com/sitemap-jobs.xml,2026-06-29,job-listing,1
https://www.searchsarkarinaukri.com/jobs/spices-board-spices-board-2026--2224,https://www.searchsarkarinaukri.com/sitemap-jobs.xml,2026-07-16,job-listing,1
https://www.searchsarkarinaukri.com/jobs/actrec-mumbai-actrec-mumbai-2026--2223,https://www.searchsarkarinaukri.com/sitemap-jobs.xml,2026-07-01,job-listing,1
https://www.searchsarkarinaukri.com/jobs/msc-bank-msc-bank-2026--2222,https://www.searchsarkarinaukri.com/sitemap-jobs.xml,2026-07-11,job-listing,1
https://www.searchsarkarinaukri.com/jobs/icsil-bharti-2026-details-icsil-bharti-2026-details-2026--2221,https://www.searchsarkarinaukri.com/sitemap-jobs.xml,2026-06-29,job-listing,1
https://www.searchsarkarinaukri.com/jobs/kendriya-vidyalaya-ordnance-factory-varangaon-kendriya-vidyalaya-ordnance-factory-varangaon-invites--2220,https://www.searchsarkarinaukri.com/sitemap-jobs.xml,2026-06-29,job-listing,1
https://www.searchsarkarinaukri.com/jobs/thane-mahanagarpalika-thane-municipal-corporation-apply-for-11-medical-officer-mbbsbams-2026--2219,https://www.searchsarkarinaukri.com/sitemap-jobs.xml,2026-06-29,job-listing,1
https://www.searchsarkarinaukri.com/jobs/brihanmumbai-municipal-corporations-lokmanya-tilak-municipal-general-hospital-job-openings-at-brihan--2218,https://www.searchsarkarinaukri.com/sitemap-jobs.xml,2026-06-29,job-listing,1
https://www.searchsarkarinaukri.com/jobs/maharashtra-employees-state-insurance-society-hospital-thane-maharashtra-employees-state-insurance-s--2217,https://www.searchsarkarinaukri.com/sitemap-jobs.xml,2026-06-29,job-listing,1
https://www.searchsarkarinaukri.com/jobs/agharkar-research-institute-ari-pune-agharkar-research-institute-ari-pune-invites-2026--2216,https://www.searchsarkarinaukri.com/sitemap-jobs.xml,2026-07-01,job-listing,1
https://www.searchsarkarinaukri.com/jobs/regional-ayurveda-research-institute-for-mother-and-child-health-nagpur-regional-ayurveda-research-i--2215,https://www.searchsarkarinaukri.com/sitemap-jobs.xml,2026-06-29,job-listing,1
https://www.searchsarkarinaukri.com/jobs/ordnance-factory-hospital-dehuroad-pune-job-opening-at-ordnance-factory-hospital-2026--2214,https://www.searchsarkarinaukri.com/sitemap-jobs.xml,2026-07-04,job-listing,1
https://www.searchsarkarinaukri.com/jobs/institute-of-chemical-technology-mumbai-apply-for-2-research-assistant-posts-2026--2213,https://www.searchsarkarinaukri.com/sitemap-jobs.xml,2026-07-14,job-listing,1
https://www.searchsarkarinaukri.com/jobs/icmr-national-institute-of-translational-virology-and-aids-research-institute-recruitment-notificati--2212,https://www.searchsarkarinaukri.com/sitemap-jobs.xml,2026-07-01,job-listing,1
https://www.searchsarkarinaukri.com/jobs/zonal-agricultural-research-station-kolhapur-mpkv-job-opening-at-zonal-agricultural-research-2026--2211,https://www.searchsarkarinaukri.com/sitemap-jobs.xml,2026-07-08,job-listing,1
https://www.searchsarkarinaukri.com/jobs/pune-metropolitan-region-development-authority-job-openings-at-pune-metropolitan-region-2026--2210,https://www.searchsarkarinaukri.com/sitemap-jobs.xml,2026-06-29,job-listing,1
https://www.searchsarkarinaukri.com/jobs/air-force-school-devlali-nashik-air-force-school-devlali-nashik-2026-2026--2209,https://www.searchsarkarinaukri.com/sitemap-jobs.xml,2026-06-29,job-listing,1
https://www.searchsarkarinaukri.com/jobs/ex-serviceman-contributory-health-scheme-echs-ahilyanagar-recruitment-notification-ex-serviceman-con--2208,https://www.searchsarkarinaukri.com/sitemap-jobs.xml,2026-07-10,job-listing,1
https://www.searchsarkarinaukri.com/jobs/kolhapur-municipal-corporation-kmc-kolhapur-municipal-corporation-kmc-recruitment-2026-2026--2207,https://www.searchsarkarinaukri.com/sitemap-jobs.xml,2026-07-03,job-listing,1
https://www.searchsarkarinaukri.com/jobs/navi-mumbai-municipal-corporation-nmmc-job-openings-at-navi-mumbai-municipal-2026--2206,https://www.searchsarkarinaukri.com/sitemap-jobs.xml,2026-07-04,job-listing,1
https://www.searchsarkarinaukri.com/jobs/pm-shri-school-jawahar-navodaya-vidyalaya-palghar-pm-shri-school-jawahar-navodaya-vidyalaya-2026--2205,https://www.searchsarkarinaukri.com/sitemap-jobs.xml,2026-06-29,job-listing,1
https://www.searchsarkarinaukri.com/jobs/pm-shri-jawahar-navodaya-vidyalaya-wardha-pm-shri-jawahar-navodaya-vidyalaya-wardha-2026--2204,https://www.searchsarkarinaukri.com/sitemap-jobs.xml,2026-06-29,job-listing,1
https://www.searchsarkarinaukri.com/jobs/chandrapur-city-municipal-corporation-chandrapur-city-municipal-corporation-invites-applications-202--2203,https://www.searchsarkarinaukri.com/sitemap-jobs.xml,2026-06-30,job-listing,1
https://www.searchsarkarinaukri.com/jobs/homi-bhabha-centre-for-science-education-tata-institute-of-fundamental-research-homi-bhabha-centre-f--2202,https://www.searchsarkarinaukri.com/sitemap-jobs.xml,2026-07-12,job-listing,1
https://www.searchsarkarinaukri.com/jobs/satish-dhawan-space-centre-shar-trained-graduate-teacher-2026--2198,https://www.searchsarkarinaukri.com/sitemap-jobs.xml,2026-07-08,job-listing,1
https://www.searchsarkarinaukri.com/jobs/satish-dhawan-space-centre-shar-primary-teacher-2026--2197,https://www.searchsarkarinaukri.com/sitemap-jobs.xml,2026-07-08,job-listing,1
https://www.searchsarkarinaukri.com/jobs/icar-central-marine-fisheries-research-institute-junior-research-fellow-2026--2196,https://www.searchsarkarinaukri.com/sitemap-jobs.xml,2026-07-04,job-listing,1
https://www.searchsarkarinaukri.com/jobs/icar-central-marine-fisheries-research-institute-junior-research-fellow-2026--2195,https://www.searchsarkarinaukri.com/sitemap-jobs.xml,2026-07-01,job-listing,1
https://www.searchsarkarinaukri.com/jobs/icar-central-marine-fisheries-research-institute-project-assistant-icar-central-marine-fisheries-202--2194,https://www.searchsarkarinaukri.com/sitemap-jobs.xml,2026-07-01,job-listing,1
https://www.searchsarkarinaukri.com/jobs/job-2026--2193,https://www.searchsarkarinaukri.com/sitemap-jobs.xml,2026-06-29,job-listing,1
https://www.searchsarkarinaukri.com/jobs/chandrapur-mahanagarpalika-chandrapur-mahanagarpalika-2026--2192,https://www.searchsarkarinaukri.com/sitemap-jobs.xml,2026-06-30,job-listing,1
https://www.searchsarkarinaukri.com/jobs/ggmc-mumbai-ggmc-mumbai-2026--2191,https://www.searchsarkarinaukri.com/sitemap-jobs.xml,2026-06-29,job-listing,1
https://www.searchsarkarinaukri.com/jobs/tifr-mumbai-tifr-mumbai-2026--2190,https://www.searchsarkarinaukri.com/sitemap-jobs.xml,2026-07-16,job-listing,1
https://www.searchsarkarinaukri.com/jobs/kolhapur-mahanagarpalika-kolhapur-mahanagarpalika-2026--2189,https://www.searchsarkarinaukri.com/sitemap-jobs.xml,2026-07-03,job-listing,1
https://www.searchsarkarinaukri.com/jobs/bel-bel-2026--2188,https://www.searchsarkarinaukri.com/sitemap-jobs.xml,2026-07-05,job-listing,1
https://www.searchsarkarinaukri.com/jobs/army-public-school-ahilyanagar-army-public-school-ahilyanagar-2026--2187,https://www.searchsarkarinaukri.com/sitemap-jobs.xml,2026-07-05,job-listing,1
https://www.searchsarkarinaukri.com/jobs/echs-ahmednagar-echs-ahmednagar-2026--2186,https://www.searchsarkarinaukri.com/sitemap-jobs.xml,2026-07-10,job-listing,1
https://www.searchsarkarinaukri.com/jobs/kk-wagh-education-society-nashik-kk-wagh-education-society-nashik-2026--2185,https://www.searchsarkarinaukri.com/sitemap-jobs.xml,2026-06-29,job-listing,1
https://www.searchsarkarinaukri.com/jobs/nit-goa-nit-goa-2026--2184,https://www.searchsarkarinaukri.com/sitemap-jobs.xml,2026-07-16,job-listing,1
https://www.searchsarkarinaukri.com/jobs/dbskkv-dbskkv-2026--2183,https://www.searchsarkarinaukri.com/sitemap-jobs.xml,2026-07-02,job-listing,1
https://www.searchsarkarinaukri.com/jobs/afs-deolali-afs-deolali-2026--2182,https://www.searchsarkarinaukri.com/sitemap-jobs.xml,2026-06-29,job-listing,1
https://www.searchsarkarinaukri.com/jobs/mjpjay-mumbai-mjpjay-mumbai-2026--2181,https://www.searchsarkarinaukri.com/sitemap-jobs.xml,2026-07-30,job-listing,1
https://www.searchsarkarinaukri.com/jobs/nio-goa-nio-goa-2026--2180,https://www.searchsarkarinaukri.com/sitemap-jobs.xml,2026-07-07,job-listing,1
https://www.searchsarkarinaukri.com/jobs/ict-mumbai-ict-mumbai-2026--2179,https://www.searchsarkarinaukri.com/sitemap-jobs.xml,2026-07-07,job-listing,1
https://www.searchsarkarinaukri.com/jobs/icmr-nitvar-icmr-nitvar-2026--2178,https://www.searchsarkarinaukri.com/sitemap-jobs.xml,2026-07-01,job-listing,1
https://www.searchsarkarinaukri.com/jobs/nmmc-nmmc-2026--2177,https://www.searchsarkarinaukri.com/sitemap-jobs.xml,2026-07-04,job-listing,1
https://www.searchsarkarinaukri.com/jobs/engineering-projects-india-limited-engineering-projects-india-limited-2026--2176,https://www.searchsarkarinaukri.com/sitemap-jobs.xml,2026-07-07,job-listing,1
https://www.searchsarkarinaukri.com/jobs/dhule-mahanagarpalika-dhule-mahanagarpalika-2026--2175,https://www.searchsarkarinaukri.com/sitemap-jobs.xml,2026-06-29,job-listing,1
https://www.searchsarkarinaukri.com/jobs/zars-kolhapur-zars-kolhapur-2026--2174,https://www.searchsarkarinaukri.com/sitemap-jobs.xml,2026-07-08,job-listing,1
https://www.searchsarkarinaukri.com/jobs/deendayal-port-trust-deendayal-port-trust-2026--2173,https://www.searchsarkarinaukri.com/sitemap-jobs.xml,2026-07-03,job-listing,1
https://www.searchsarkarinaukri.com/jobs/jawahar-navodaya-vidyalaya-kolhapur-jawahar-navodaya-vidyalaya-kolhapur-2026--2172,https://www.searchsarkarinaukri.com/sitemap-jobs.xml,2026-07-23,job-listing,1
https://www.searchsarkarinaukri.com/jobs/college-of-agriculture-karad-college-of-agriculture-karad-2026--2171,https://www.searchsarkarinaukri.com/sitemap-jobs.xml,2026-06-29,job-listing,1
https://www.searchsarkarinaukri.com/jobs/drdo-dysl-qt-drdo-dysl-qt-2026--2170,https://www.searchsarkarinaukri.com/sitemap-jobs.xml,2026-07-16,job-listing,1
https://www.searchsarkarinaukri.com/jobs/college-of-food-technology-sangli-college-of-food-technology-2026--2169,https://www.searchsarkarinaukri.com/sitemap-jobs.xml,2026-07-13,job-listing,1
https://www.searchsarkarinaukri.com/jobs/vnit-nagpur-vnit-nagpur-2026--2168,https://www.searchsarkarinaukri.com/sitemap-jobs.xml,2026-06-29,job-listing,1
https://www.searchsarkarinaukri.com/jobs/depwd-depwd-2026--2167,https://www.searchsarkarinaukri.com/sitemap-jobs.xml,2026-08-02,job-listing,1
https://www.searchsarkarinaukri.com/jobs/iiit-nagpur-iiit-nagpur-2026--2166,https://www.searchsarkarinaukri.com/sitemap-jobs.xml,2026-06-29,job-listing,1
https://www.searchsarkarinaukri.com/jobs/dy-patil-group-dy-patil-group-2026--2165,https://www.searchsarkarinaukri.com/sitemap-jobs.xml,2026-06-29,job-listing,1
https://www.searchsarkarinaukri.com/jobs/pmrda-pmrda-2026--2164,https://www.searchsarkarinaukri.com/sitemap-jobs.xml,2026-06-29,job-listing,1
https://www.searchsarkarinaukri.com/jobs/homi-bhabha-centre-for-science-education-homi-bhabha-centre-for-2026--2163,https://www.searchsarkarinaukri.com/sitemap-jobs.xml,2026-07-12,job-listing,1
https://www.searchsarkarinaukri.com/jobs/cpcb-cpcb-2026--2162,https://www.searchsarkarinaukri.com/sitemap-jobs.xml,2026-07-10,job-listing,1
https://www.searchsarkarinaukri.com/jobs/indian-council-of-medical-research-director-indian-council-of-medical-2026--2161,https://www.searchsarkarinaukri.com/sitemap-jobs.xml,2026-07-21,job-listing,1
https://www.searchsarkarinaukri.com/jobs/csir-central-building-research-institute-project-staff-2026--2160,https://www.searchsarkarinaukri.com/sitemap-jobs.xml,2026-07-08,job-listing,1
https://www.searchsarkarinaukri.com/jobs/job-2026--2159,https://www.searchsarkarinaukri.com/sitemap-jobs.xml,2026-07-08,job-listing,1
https://www.searchsarkarinaukri.com/jobs/ari-pune-ari-pune-2026--2158,https://www.searchsarkarinaukri.com/sitemap-jobs.xml,2026-07-01,job-listing,1
https://www.searchsarkarinaukri.com/jobs/irctc-irctc-2026--2157,https://www.searchsarkarinaukri.com/sitemap-jobs.xml,2026-07-15,job-listing,1
https://www.searchsarkarinaukri.com/jobs/delhi-university-delhi-university-2026--2156,https://www.searchsarkarinaukri.com/sitemap-jobs.xml,2026-07-06,job-listing,1
https://www.searchsarkarinaukri.com/jobs/ordnance-factory-dehu-road-ordnance-factory-dehu-road-2026--2155,https://www.searchsarkarinaukri.com/sitemap-jobs.xml,2026-08-22,job-listing,1
https://www.searchsarkarinaukri.com/jobs/jnv-satara-jnv-satara-2026--2154,https://www.searchsarkarinaukri.com/sitemap-jobs.xml,2026-06-29,job-listing,1
https://www.searchsarkarinaukri.com/jobs/esis-thane-esis-thane-2026--2153,https://www.searchsarkarinaukri.com/sitemap-jobs.xml,2026-06-29,job-listing,1
https://www.searchsarkarinaukri.com/jobs/kendriya-vidyalaya-of-varangaon-kendriya-vidyalaya-of-varangaon-2026--2152,https://www.searchsarkarinaukri.com/sitemap-jobs.xml,2026-06-29,job-listing,1
https://www.searchsarkarinaukri.com/jobs/jnv-ahilyanagar-jnv-ahilyanagar-2026--2151,https://www.searchsarkarinaukri.com/sitemap-jobs.xml,2026-06-30,job-listing,1
https://www.searchsarkarinaukri.com/jobs/govt-college-of-education-sambhajinagar-govt-college-of-education-sambhajinagar-2026--2150,https://www.searchsarkarinaukri.com/sitemap-jobs.xml,2026-06-30,job-listing,1
https://www.searchsarkarinaukri.com/jobs/maharashtra-education-society-pune-maharashtra-education-society-pune-2026--2149,https://www.searchsarkarinaukri.com/sitemap-jobs.xml,2026-06-29,job-listing,1
https://www.searchsarkarinaukri.com/jobs/directorate-of-education-daman-directorate-of-education-daman-2026--2148,https://www.searchsarkarinaukri.com/sitemap-jobs.xml,2026-07-02,job-listing,1
https://www.searchsarkarinaukri.com/jobs/patan-urban-co-op-bank-satara-patan-urban-co-op-bank-satara-2026--2147,https://www.searchsarkarinaukri.com/sitemap-jobs.xml,2026-06-29,job-listing,1
https://www.searchsarkarinaukri.com/jobs/aiims-delhi-aiims-delhi-2026--2146,https://www.searchsarkarinaukri.com/sitemap-jobs.xml,2026-06-29,job-listing,1
https://www.searchsarkarinaukri.com/jobs/mumbai-metropolitan-region-slum-rehabilitation-authorities-mumbai-metropolitan-region-slum-rehabilit--2145,https://www.searchsarkarinaukri.com/sitemap-jobs.xml,2026-06-29,job-listing,1
https://www.searchsarkarinaukri.com/jobs/rarimch-nagpur-rarimch-nagpur-2026--2144,https://www.searchsarkarinaukri.com/sitemap-jobs.xml,2026-06-29,job-listing,1
https://www.searchsarkarinaukri.com/jobs/command-hospital-pune-command-hospital-pune-2026--2143,https://www.searchsarkarinaukri.com/sitemap-jobs.xml,2026-06-29,job-listing,1
https://www.searchsarkarinaukri.com/jobs/sies-college-mumbai-sies-college-mumbai-2026--2142,https://www.searchsarkarinaukri.com/sitemap-jobs.xml,2026-07-03,job-listing,1
https://www.searchsarkarinaukri.com/jobs/federal-bank-federal-bank-2026--2141,https://www.searchsarkarinaukri.com/sitemap-jobs.xml,2026-06-29,job-listing,1
https://www.searchsarkarinaukri.com/jobs/icsil-bharti-2026-details-icsil-bharti-2026-details-2026--2140,https://www.searchsarkarinaukri.com/sitemap-jobs.xml,2026-06-29,job-listing,1
https://www.searchsarkarinaukri.com/jobs/bmc-lokmanya-tilak-hospital-bmc-lokmanya-tilak-hospital-2026--2139,https://www.searchsarkarinaukri.com/sitemap-jobs.xml,2026-08-22,job-listing,1
https://www.searchsarkarinaukri.com/jobs/edcil-edcil-2026--2138,https://www.searchsarkarinaukri.com/sitemap-jobs.xml,2026-06-29,job-listing,1
https://www.searchsarkarinaukri.com/jobs/centre-for-development-of-telematics-centre-for-development-of-telematics-2026--2137,https://www.searchsarkarinaukri.com/sitemap-jobs.xml,2026-07-20,job-listing,1
https://www.searchsarkarinaukri.com/jobs/rail-vikas-nigam-limited-rail-vikas-nigam-limited-2026--2136,https://www.searchsarkarinaukri.com/sitemap-jobs.xml,2026-07-15,job-listing,1
https://www.searchsarkarinaukri.com/jobs/coal-india-coal-india-2026--2135,https://www.searchsarkarinaukri.com/sitemap-jobs.xml,2026-06-29,job-listing,1
https://www.searchsarkarinaukri.com/jobs/dnc-nagpur-dnc-nagpur-2026--2134,https://www.searchsarkarinaukri.com/sitemap-jobs.xml,2026-06-29,job-listing,1
https://www.searchsarkarinaukri.com/jobs/iips-mumbai-iips-mumbai-2026--2133,https://www.searchsarkarinaukri.com/sitemap-jobs.xml,2026-06-29,job-listing,1
https://www.searchsarkarinaukri.com/jobs/indian-air-force-agniveer-indian-air-force-agniveer-2026--2132,https://www.searchsarkarinaukri.com/sitemap-jobs.xml,2026-07-27,job-listing,1
https://www.searchsarkarinaukri.com/jobs/indian-air-force-indian-air-force-2026--2131,https://www.searchsarkarinaukri.com/sitemap-jobs.xml,2026-07-27,job-listing,1
https://www.searchsarkarinaukri.com/jobs/indian-navy-indian-navy-2026--2130,https://www.searchsarkarinaukri.com/sitemap-jobs.xml,2026-06-30,job-listing,1
https://www.searchsarkarinaukri.com/jobs/pahca-ahilyanagar-pahca-ahilyanagar-2026--2129,https://www.searchsarkarinaukri.com/sitemap-jobs.xml,2026-06-29,job-listing,1
https://www.searchsarkarinaukri.com/jobs/kendriya-vidyalaya-goa-kendriya-vidyalaya-goa-2026--2128,https://www.searchsarkarinaukri.com/sitemap-jobs.xml,2026-06-29,job-listing,1
https://www.searchsarkarinaukri.com/jobs/msc-bank-msc-bank-2026--2127,https://www.searchsarkarinaukri.com/sitemap-jobs.xml,2026-07-09,job-listing,1
https://www.searchsarkarinaukri.com/jobs/vitthalrao-patil-mahavidyalaya-kolhapur-vitthalrao-patil-mahavidyalaya-kolhapur-2026--2126,https://www.searchsarkarinaukri.com/sitemap-jobs.xml,2026-06-29,job-listing,1
https://www.searchsarkarinaukri.com/jobs/sbi-po-sbi-po-2026--2125,https://www.searchsarkarinaukri.com/sitemap-jobs.xml,2026-07-09,job-listing,1
https://www.searchsarkarinaukri.com/jobs/maharashtra-public-service-commission-maharashtra-public-service-commission-recruitment-2026-2026--2124,https://www.searchsarkarinaukri.com/sitemap-jobs.xml,2026-07-08,job-listing,1
https://www.searchsarkarinaukri.com/jobs/reserve-bank-of-india-recruitment-notification-reserve-bank-of-india-2026--2123,https://www.searchsarkarinaukri.com/sitemap-jobs.xml,2026-07-07,job-listing,1
https://www.searchsarkarinaukri.com/jobs/macs-agharkar-research-institute-ari-pune-recruitment-notification-macs-agharkar-research-institute--2122,https://www.searchsarkarinaukri.com/sitemap-jobs.xml,2026-07-01,job-listing,1
https://www.searchsarkarinaukri.com/jobs/ordnance-factory-chanda-ofch-munitions-india-limited-ordnance-factory-chanda-ofch-munitions-india-20--2121,https://www.searchsarkarinaukri.com/sitemap-jobs.xml,2026-07-10,job-listing,1
https://www.searchsarkarinaukri.com/jobs/bank-of-baroda-bank-of-baroda-2026-recruitment-drive-2026--2120,https://www.searchsarkarinaukri.com/sitemap-jobs.xml,2026-07-07,job-listing,1
https://www.searchsarkarinaukri.com/jobs/advanced-centre-for-treatment-research-and-education-in-cancer-tmc-actrec-advanced-centre-for-treatm--2119,https://www.searchsarkarinaukri.com/sitemap-jobs.xml,2026-08-03,job-listing,1
https://www.searchsarkarinaukri.com/jobs/drdo-young-scientist-laboratory-quantum-technologies-dysl-qt-apply-for-2-jrf-electronics-posts-2026--2118,https://www.searchsarkarinaukri.com/sitemap-jobs.xml,2026-07-16,job-listing,1
https://www.searchsarkarinaukri.com/jobs/international-institute-for-population-sciences-mumbai-international-institute-for-population-scienc--2117,https://www.searchsarkarinaukri.com/sitemap-jobs.xml,2026-06-29,job-listing,1
https://www.searchsarkarinaukri.com/jobs/pm-shri-kendriya-vidyalaya-bhandup-mumbai-pm-shri-kendriya-vidyalaya-bhandup-mumbai-2026--2116,https://www.searchsarkarinaukri.com/sitemap-jobs.xml,2026-06-29,job-listing,1
https://www.searchsarkarinaukri.com/jobs/cantonment-board-kamptee-nagpur-job-openings-at-cantonment-board-kamptee-2026--2115,https://www.searchsarkarinaukri.com/sitemap-jobs.xml,2026-07-07,job-listing,1
https://www.searchsarkarinaukri.com/jobs/maharashtra-employees-state-insurance-society-hospital-nashik-apply-for-43-full-timepart-time-2026--2114,https://www.searchsarkarinaukri.com/sitemap-jobs.xml,2026-07-11,job-listing,1
https://www.searchsarkarinaukri.com/jobs/maharashtra-public-service-commission-maharashtra-public-service-commission-2026-recruitment-2026--2112,https://www.searchsarkarinaukri.com/sitemap-jobs.xml,2026-07-08,job-listing,1
https://www.searchsarkarinaukri.com/jobs/tata-institute-of-social-sciences-tiss-mumbai-tata-institute-of-social-sciences-tiss-2026--2111,https://www.searchsarkarinaukri.com/sitemap-jobs.xml,2026-07-01,job-listing,1
https://www.searchsarkarinaukri.com/jobs/national-bank-for-agriculture-rural-development-national-bank-for-agriculture-rural-2026--2110,https://www.searchsarkarinaukri.com/sitemap-jobs.xml,2026-07-07,job-listing,1
https://www.searchsarkarinaukri.com/jobs/tata-institute-of-fundamental-research-mumbai-job-openings-at-tata-institute-of-2026--2109,https://www.searchsarkarinaukri.com/sitemap-jobs.xml,2026-07-05,job-listing,1
https://www.searchsarkarinaukri.com/jobs/the-new-india-assurance-co-ltd-niacl-mumbai-the-new-india-assurance-co-ltd-2026--2107,https://www.searchsarkarinaukri.com/sitemap-jobs.xml,2026-07-07,job-listing,1
https://www.searchsarkarinaukri.com/jobs/pm-shri-school-jawahar-navodaya-vidyalaya-tuljapur-dharashiv-pm-shri-school-jawahar-navodaya-vidyala--2106,https://www.searchsarkarinaukri.com/sitemap-jobs.xml,2026-06-30,job-listing,1
https://www.searchsarkarinaukri.com/jobs/sainik-school-chandrapur-job-openings-at-sainik-school-chandrapur-2026--2105,https://www.searchsarkarinaukri.com/sitemap-jobs.xml,2026-07-06,job-listing,1
https://www.searchsarkarinaukri.com/jobs/bombay-high-court-bhc-bombay-high-court-bhc-invites-applications-2026--2103,https://www.searchsarkarinaukri.com/sitemap-jobs.xml,2026-08-13,job-listing,1
https://www.searchsarkarinaukri.com/jobs/bharatratna-atalbihari-vajpayee-medical-college-and-hospital-pune-bharatratna-atalbihari-vajpayee-me--2102,https://www.searchsarkarinaukri.com/sitemap-jobs.xml,2026-06-29,job-listing,1
https://www.searchsarkarinaukri.com/jobs/tata-institute-of-fundamental-research-administrative-assistant-b-2026--2101,https://www.searchsarkarinaukri.com/sitemap-jobs.xml,2026-07-05,job-listing,1
https://www.searchsarkarinaukri.com/jobs/tata-institute-of-fundamental-research-supervisor-cosmetics-maintenance-2026--2100,https://www.searchsarkarinaukri.com/sitemap-jobs.xml,2026-07-05,job-listing,1
https://www.searchsarkarinaukri.com/jobs/tata-institute-of-fundamental-research-tradesman-b-plumber-2026--2099,https://www.searchsarkarinaukri.com/sitemap-jobs.xml,2026-07-05,job-listing,1
https://www.searchsarkarinaukri.com/jobs/tata-institute-of-fundamental-research-tradesman-b-welder-2026--2098,https://www.searchsarkarinaukri.com/sitemap-jobs.xml,2026-07-05,job-listing,1
https://www.searchsarkarinaukri.com/jobs/tata-institute-of-fundamental-research-tradesman-b-electrician-2026--2097,https://www.searchsarkarinaukri.com/sitemap-jobs.xml,2026-07-05,job-listing,1
https://www.searchsarkarinaukri.com/jobs/tata-institute-of-fundamental-research-tradesman-b-technician-mechatronics-2026--2096,https://www.searchsarkarinaukri.com/sitemap-jobs.xml,2026-07-05,job-listing,1
https://www.searchsarkarinaukri.com/jobs/tata-institute-of-fundamental-research-laboratory-assistant-b-2026--2095,https://www.searchsarkarinaukri.com/sitemap-jobs.xml,2026-07-05,job-listing,1
https://www.searchsarkarinaukri.com/jobs/indian-agricultural-statistics-research-institute-recruitment-of-young-professional-ii-2026--2094,https://www.searchsarkarinaukri.com/sitemap-jobs.xml,2026-07-02,job-listing,1
https://www.searchsarkarinaukri.com/jobs/tata-institute-of-fundamental-research-clerk-a-2026--2093,https://www.searchsarkarinaukri.com/sitemap-jobs.xml,2026-07-05,job-listing,1
https://www.searchsarkarinaukri.com/jobs/tata-institute-of-fundamental-research-work-assistant-auxiliary-2026--2092,https://www.searchsarkarinaukri.com/sitemap-jobs.xml,2026-07-05,job-listing,1
https://www.searchsarkarinaukri.com/jobs/tata-institute-of-fundamental-research-work-assistant-technical-air-conditioning-2026--2091,https://www.searchsarkarinaukri.com/sitemap-jobs.xml,2026-07-05,job-listing,1
https://www.searchsarkarinaukri.com/jobs/tata-institute-of-fundamental-research-work-assistant-technical-painter-2026--2090,https://www.searchsarkarinaukri.com/sitemap-jobs.xml,2026-07-05,job-listing,1
https://www.searchsarkarinaukri.com/jobs/tata-institute-of-fundamental-research-work-assistant-technical-plumber-2026--2089,https://www.searchsarkarinaukri.com/sitemap-jobs.xml,2026-07-05,job-listing,1
https://www.searchsarkarinaukri.com/jobs/tata-institute-of-fundamental-research-work-assistant-technical-fitter-2026--2088,https://www.searchsarkarinaukri.com/sitemap-jobs.xml,2026-07-05,job-listing,1
https://www.searchsarkarinaukri.com/jobs/tata-institute-of-fundamental-research-security-guard-2026--2087,https://www.searchsarkarinaukri.com/sitemap-jobs.xml,2026-07-05,job-listing,1
https://www.searchsarkarinaukri.com/jobs/tata-institute-of-fundamental-research-project-administrative-assistant-b-2026--2086,https://www.searchsarkarinaukri.com/sitemap-jobs.xml,2026-07-05,job-listing,1
https://www.searchsarkarinaukri.com/jobs/the-cotton-corporation-of-india-ltd-director-marketing-2026--2085,https://www.searchsarkarinaukri.com/sitemap-jobs.xml,2026-07-09,job-listing,1
https://www.searchsarkarinaukri.com/jobs/bharatratna-atalbihari-vajpayee-medical-college-and-hospital-bharatratna-atalbihari-vajpayee-medical--2083,https://www.searchsarkarinaukri.com/sitemap-jobs.xml,2026-06-29,job-listing,1
https://www.searchsarkarinaukri.com/jobs/esis-nashik-esis-nashik-2026--2082,https://www.searchsarkarinaukri.com/sitemap-jobs.xml,2026-07-11,job-listing,1
https://www.searchsarkarinaukri.com/jobs/maharashtra-remote-sensing-application-center-maharashtra-remote-sensing-application-center-2026--2081,https://www.searchsarkarinaukri.com/sitemap-jobs.xml,2026-08-11,job-listing,1
https://www.searchsarkarinaukri.com/jobs/mpsc-group-b-mpsc-group-b-2026--2080,https://www.searchsarkarinaukri.com/sitemap-jobs.xml,2026-07-08,job-listing,1
https://www.searchsarkarinaukri.com/jobs/wai-urban-co-op-bank-wai-urban-co-op-bank-2026--2079,https://www.searchsarkarinaukri.com/sitemap-jobs.xml,2026-06-29,job-listing,1
https://www.searchsarkarinaukri.com/jobs/national-aerospace-laboratory-national-aerospace-laboratory-2026--2078,https://www.searchsarkarinaukri.com/sitemap-jobs.xml,2026-06-30,job-listing,1
https://www.searchsarkarinaukri.com/jobs/warna-university-kolhapur-warna-university-kolhapur-2026--2077,https://www.searchsarkarinaukri.com/sitemap-jobs.xml,2026-07-04,job-listing,1
https://www.searchsarkarinaukri.com/jobs/shri-saibaba-sansthan-shri-saibaba-sansthan-2026--2076,https://www.searchsarkarinaukri.com/sitemap-jobs.xml,2026-07-07,job-listing,1
https://www.searchsarkarinaukri.com/jobs/pm-shri-jnv-sangli-pm-shri-jnv-sangli-2026--2075,https://www.searchsarkarinaukri.com/sitemap-jobs.xml,2026-06-30,job-listing,1
https://www.searchsarkarinaukri.com/jobs/shri-venkatesh-multistate-co-op-credit-society-pune-shri-venkatesh-multistate-co-op-credit-society-2--2074,https://www.searchsarkarinaukri.com/sitemap-jobs.xml,2026-06-29,job-listing,1
https://www.searchsarkarinaukri.com/jobs/bhel-bhel-2026--2073,https://www.searchsarkarinaukri.com/sitemap-jobs.xml,2026-07-01,job-listing,1
https://www.searchsarkarinaukri.com/jobs/defence-institute-of-advanced-technology-pune-defence-institute-of-advanced-2026--2072,https://www.searchsarkarinaukri.com/sitemap-jobs.xml,2026-06-29,job-listing,1
https://www.searchsarkarinaukri.com/jobs/bombay-high-court-bombay-high-court-2026--2071,https://www.searchsarkarinaukri.com/sitemap-jobs.xml,2026-07-07,job-listing,1
https://www.searchsarkarinaukri.com/jobs/sainik-school-chandrapur-sainik-school-chandrapur-2026--2070,https://www.searchsarkarinaukri.com/sitemap-jobs.xml,2026-07-06,job-listing,1
https://www.searchsarkarinaukri.com/jobs/camp-education-society-pune-camp-education-society-pune-2026--2069,https://www.searchsarkarinaukri.com/sitemap-jobs.xml,2026-06-29,job-listing,1
https://www.searchsarkarinaukri.com/jobs/tiss-mumbai-tiss-mumbai-2026--2068,https://www.searchsarkarinaukri.com/sitemap-jobs.xml,2026-07-01,job-listing,1
https://www.searchsarkarinaukri.com/jobs/ex-serviceman-contributory-health-scheme-ex-serviceman-contributory-health-scheme-2026--2067,https://www.searchsarkarinaukri.com/sitemap-jobs.xml,2026-07-01,job-listing,1
https://www.searchsarkarinaukri.com/jobs/ministry-of-external-affairs-ministry-of-external-affairs-2026--2066,https://www.searchsarkarinaukri.com/sitemap-jobs.xml,2026-07-18,job-listing,1
https://www.searchsarkarinaukri.com/jobs/iit-goa-iit-goa-2026--2065,https://www.searchsarkarinaukri.com/sitemap-jobs.xml,2026-07-06,job-listing,1
https://www.searchsarkarinaukri.com/jobs/tifr-mumbai-tifr-mumbai-2026--2064,https://www.searchsarkarinaukri.com/sitemap-jobs.xml,2026-07-16,job-listing,1
https://www.searchsarkarinaukri.com/jobs/iips-mumbai-iips-mumbai-2026--2063,https://www.searchsarkarinaukri.com/sitemap-jobs.xml,2026-06-29,job-listing,1
https://www.searchsarkarinaukri.com/jobs/nio-goa-nio-goa-2026--2062,https://www.searchsarkarinaukri.com/sitemap-jobs.xml,2026-06-29,job-listing,1
https://www.searchsarkarinaukri.com/jobs/nabfid-nabfid-2026--2061,https://www.searchsarkarinaukri.com/sitemap-jobs.xml,2026-07-07,job-listing,1
https://www.searchsarkarinaukri.com/jobs/iim-mumbai-iim-mumbai-2026--2060,https://www.searchsarkarinaukri.com/sitemap-jobs.xml,2026-07-07,job-listing,1
https://www.searchsarkarinaukri.com/jobs/rail-vikas-nigam-limited-rail-vikas-nigam-limited-2026--2059,https://www.searchsarkarinaukri.com/sitemap-jobs.xml,2026-07-08,job-listing,1
https://www.searchsarkarinaukri.com/jobs/ordnance-factory-chanda-ordnance-factory-chanda-2026--2058,https://www.searchsarkarinaukri.com/sitemap-jobs.xml,2026-07-10,job-listing,1
https://www.searchsarkarinaukri.com/jobs/garti-nashik-garti-nashik-2026--2057,https://www.searchsarkarinaukri.com/sitemap-jobs.xml,2026-07-02,job-listing,1
https://www.searchsarkarinaukri.com/jobs/bank-of-baroda-bank-of-baroda-2026--2056,https://www.searchsarkarinaukri.com/sitemap-jobs.xml,2026-07-07,job-listing,1
https://www.searchsarkarinaukri.com/jobs/new-india-assurance-new-india-assurance-2026--2055,https://www.searchsarkarinaukri.com/sitemap-jobs.xml,2026-07-07,job-listing,1
https://www.searchsarkarinaukri.com/jobs/national-commission-for-women-national-commission-for-women-2026--2054,https://www.searchsarkarinaukri.com/sitemap-jobs.xml,2026-06-29,job-listing,1
https://www.searchsarkarinaukri.com/jobs/tata-institute-of-fundamental-research-scientific-officer-c-2026--2053,https://www.searchsarkarinaukri.com/sitemap-jobs.xml,2026-07-06,job-listing,1
https://www.searchsarkarinaukri.com/jobs/tata-institute-of-fundamental-research-scientific-officer-c-2026--2052,https://www.searchsarkarinaukri.com/sitemap-jobs.xml,2026-07-05,job-listing,1
https://www.searchsarkarinaukri.com/jobs/indian-council-of-agricultural-research-young-professional-ii-2026--2051,https://www.searchsarkarinaukri.com/sitemap-jobs.xml,2026-07-03,job-listing,1
https://www.searchsarkarinaukri.com/jobs/indian-council-of-agricultural-research-young-professional-ii-2026--2050,https://www.searchsarkarinaukri.com/sitemap-jobs.xml,2026-07-08,job-listing,1
https://www.searchsarkarinaukri.com/jobs/tata-institute-of-fundamental-research-junior-engineer-b-2026--2049,https://www.searchsarkarinaukri.com/sitemap-jobs.xml,2026-07-05,job-listing,1
https://www.searchsarkarinaukri.com/jobs/tata-institute-of-fundamental-research-scientific-assistant-b-2026--2048,https://www.searchsarkarinaukri.com/sitemap-jobs.xml,2026-07-05,job-listing,1
https://www.searchsarkarinaukri.com/jobs/indian-agricultural-statistics-research-institute-young-professional-i-2026--2047,https://www.searchsarkarinaukri.com/sitemap-jobs.xml,2026-06-29,job-listing,1
https://www.searchsarkarinaukri.com/jobs/norrth-eastern-electric-power-corporation-junior-engineer-mechanical-2026--2046,https://www.searchsarkarinaukri.com/sitemap-jobs.xml,2026-06-29,job-listing,1
https://www.searchsarkarinaukri.com/jobs/mumbai-port-trust-mumbai-port-trust-2026--2045,https://www.searchsarkarinaukri.com/sitemap-jobs.xml,2026-07-10,job-listing,1
https://www.searchsarkarinaukri.com/jobs/nabcons-nabcons-2026--2044,https://www.searchsarkarinaukri.com/sitemap-jobs.xml,2026-06-29,job-listing,1
https://www.searchsarkarinaukri.com/jobs/cantonment-board-kamptee-cantonment-board-kamptee-2026--2043,https://www.searchsarkarinaukri.com/sitemap-jobs.xml,2026-07-07,job-listing,1
https://www.searchsarkarinaukri.com/jobs/kendriya-vidyalaya-bhandup-mumbai-kendriya-vidyalaya-bhandup-mumbai-2026--2042,https://www.searchsarkarinaukri.com/sitemap-jobs.xml,2026-06-29,job-listing,1
https://www.searchsarkarinaukri.com/jobs/nehru-science-centre-mumbai-nehru-science-centre-mumbai-2026--2041,https://www.searchsarkarinaukri.com/sitemap-jobs.xml,2026-06-29,job-listing,1
https://www.searchsarkarinaukri.com/jobs/prasar-bharati-prasar-bharati-2026--2040,https://www.searchsarkarinaukri.com/sitemap-jobs.xml,2026-07-08,job-listing,1
https://www.searchsarkarinaukri.com/jobs/bel-bel-2026--2039,https://www.searchsarkarinaukri.com/sitemap-jobs.xml,2026-07-01,job-listing,1
https://www.searchsarkarinaukri.com/jobs/cris-cris-2026--2038,https://www.searchsarkarinaukri.com/sitemap-jobs.xml,2026-06-29,job-listing,1
https://www.searchsarkarinaukri.com/jobs/bharati-vidyapeeth-pune-bharati-vidyapeeth-pune-2026--2037,https://www.searchsarkarinaukri.com/sitemap-jobs.xml,2026-07-01,job-listing,1
https://www.searchsarkarinaukri.com/jobs/hbt-clinic-mumbai-hbt-clinic-mumbai-2026--2036,https://www.searchsarkarinaukri.com/sitemap-jobs.xml,2026-06-29,job-listing,1
https://www.searchsarkarinaukri.com/jobs/rbi-rbi-2026--2035,https://www.searchsarkarinaukri.com/sitemap-jobs.xml,2026-07-07,job-listing,1
https://www.searchsarkarinaukri.com/jobs/nift-nift-2026--2034,https://www.searchsarkarinaukri.com/sitemap-jobs.xml,2026-07-01,job-listing,1
https://www.searchsarkarinaukri.com/jobs/eil-eil-2026--2033,https://www.searchsarkarinaukri.com/sitemap-jobs.xml,2026-07-01,job-listing,1
https://www.searchsarkarinaukri.com/jobs/gasca-aurangabad-gasca-aurangabad-2026--2032,https://www.searchsarkarinaukri.com/sitemap-jobs.xml,2026-06-29,job-listing,1
https://www.searchsarkarinaukri.com/jobs/cicl-nagpur-cicl-nagpur-2026--2031,https://www.searchsarkarinaukri.com/sitemap-jobs.xml,2026-07-01,job-listing,1
https://www.searchsarkarinaukri.com/jobs/dgft-dgft-2026--2030,https://www.searchsarkarinaukri.com/sitemap-jobs.xml,2026-06-29,job-listing,1
https://www.searchsarkarinaukri.com/jobs/tiss-mumbai-tiss-mumbai-2026--2029,https://www.searchsarkarinaukri.com/sitemap-jobs.xml,2026-06-29,job-listing,1
https://www.searchsarkarinaukri.com/jobs/exim-bank-exim-bank-2026--2028,https://www.searchsarkarinaukri.com/sitemap-jobs.xml,2026-06-29,job-listing,1
https://www.searchsarkarinaukri.com/jobs/gondia-education-society-gondia-education-society-2026--2027,https://www.searchsarkarinaukri.com/sitemap-jobs.xml,2026-06-29,job-listing,1
https://www.searchsarkarinaukri.com/jobs/ministry-of-jal-shakti-ministry-of-jal-shakti-2026--2026,https://www.searchsarkarinaukri.com/sitemap-jobs.xml,2026-08-16,job-listing,1
https://www.searchsarkarinaukri.com/jobs/maharashtra-education-society-pune-maharashtra-education-society-pune-2026--2025,https://www.searchsarkarinaukri.com/sitemap-jobs.xml,2026-06-29,job-listing,1
https://www.searchsarkarinaukri.com/jobs/mpsc-group-c-mpsc-group-c-2026--2024,https://www.searchsarkarinaukri.com/sitemap-jobs.xml,2026-07-08,job-listing,1
https://www.searchsarkarinaukri.com/jobs/ari-pune-ari-pune-2026--2023,https://www.searchsarkarinaukri.com/sitemap-jobs.xml,2026-07-01,job-listing,1
https://www.searchsarkarinaukri.com/jobs/tmc-mumbai-tmc-mumbai-2026--2022,https://www.searchsarkarinaukri.com/sitemap-jobs.xml,2026-07-02,job-listing,1
https://www.searchsarkarinaukri.com/jobs/mgm-college-of-computer-science-and-it-mgm-college-of-computer-2026--2021,https://www.searchsarkarinaukri.com/sitemap-jobs.xml,2026-06-29,job-listing,1
https://www.searchsarkarinaukri.com/jobs/ordnance-factory-chanda-ordnance-factory-chanda-2026--2020,https://www.searchsarkarinaukri.com/sitemap-jobs.xml,2026-07-16,job-listing,1
https://www.searchsarkarinaukri.com/jobs/cantonment-board-deolali-cb-deolali-job-openings-at-cantonment-board-deolali-2026--2019,https://www.searchsarkarinaukri.com/sitemap-jobs.xml,2026-06-29,job-listing,1
https://www.searchsarkarinaukri.com/jobs/vasai-virar-city-municipal-corporation-vvcmc-vasai-virar-city-municipal-corporation-vvcmc-2026--2018,https://www.searchsarkarinaukri.com/sitemap-jobs.xml,2026-06-29,job-listing,1
https://www.searchsarkarinaukri.com/jobs/dr-balasaheb-sawant-konkan-krishi-vidyapeeth-dapoli-dr-balasaheb-sawant-konkan-krishi-vidyapeeth-202--2017,https://www.searchsarkarinaukri.com/sitemap-jobs.xml,2026-06-29,job-listing,1
https://www.searchsarkarinaukri.com/jobs/tata-institute-of-fundamental-research-mumbai-job-openings-at-tata-institute-of-2026--2016,https://www.searchsarkarinaukri.com/sitemap-jobs.xml,2026-07-05,job-listing,1
https://www.searchsarkarinaukri.com/jobs/nabard-consultancy-services-nabcons-nabard-consultancy-services-nabcons-recruitment-2026-2026--2015,https://www.searchsarkarinaukri.com/sitemap-jobs.xml,2026-06-29,job-listing,1
https://www.searchsarkarinaukri.com/jobs/indian-institute-of-science-education-and-research-pune-job-openings-at-indian-institute-of-2026--2014,https://www.searchsarkarinaukri.com/sitemap-jobs.xml,2026-06-29,job-listing,1
https://www.searchsarkarinaukri.com/jobs/national-centre-of-radio-astrophysics-pune-recruitment-notification-national-centre-of-radio-2026--2013,https://www.searchsarkarinaukri.com/sitemap-jobs.xml,2026-07-01,job-listing,1
https://www.searchsarkarinaukri.com/jobs/drdo-young-scientist-laboratory-quantum-technologies-drdo-dysl-qt-apply-for-3-junior-research-fellow--2012,https://www.searchsarkarinaukri.com/sitemap-jobs.xml,2026-07-13,job-listing,1
https://www.searchsarkarinaukri.com/jobs/department-of-sainik-welfare-maharashtra-state-job-openings-at-department-of-sainik-2026--2011,https://www.searchsarkarinaukri.com/sitemap-jobs.xml,2026-06-29,job-listing,1
https://www.searchsarkarinaukri.com/jobs/government-college-of-engineering-chhatrapati-sambhajinagar-government-college-of-engineering-chhatr--2010,https://www.searchsarkarinaukri.com/sitemap-jobs.xml,2026-06-29,job-listing,1
https://www.searchsarkarinaukri.com/jobs/maha-mumbai-metro-operation-corporation-limited-apply-for-1-officer-on-special-2026--2009,https://www.searchsarkarinaukri.com/sitemap-jobs.xml,2026-07-15,job-listing,1
https://www.searchsarkarinaukri.com/jobs/csir-innovation-complex-mumbai-csir-icm-job-openings-at-csir-innovation-complex-mumbai-2026--2008,https://www.searchsarkarinaukri.com/sitemap-jobs.xml,2026-07-01,job-listing,1
https://www.searchsarkarinaukri.com/jobs/dr-panjabrao-deshmukh-krishi-vidyapeeth-akola-dr-panjabrao-deshmukh-krishi-vidyapeeth-akola-2026--2007,https://www.searchsarkarinaukri.com/sitemap-jobs.xml,2026-07-01,job-listing,1
https://www.searchsarkarinaukri.com/jobs/ms-navjeevan-lokvikas-sanstha-virar-receptionist-cum-counselor-2026--2005,https://www.searchsarkarinaukri.com/sitemap-jobs.xml,2026-07-01,job-listing,1
https://www.searchsarkarinaukri.com/jobs/csir-cimfr-recruitment-of-part-time-doctor-2026--2004,https://www.searchsarkarinaukri.com/sitemap-jobs.xml,2026-06-30,job-listing,1
https://www.searchsarkarinaukri.com/jobs/csir-central-building-research-institute-part-time-doctor-allopathic-system-2026--2003,https://www.searchsarkarinaukri.com/sitemap-jobs.xml,2026-07-01,job-listing,1
https://www.searchsarkarinaukri.com/jobs/isro-isro-2026--2002,https://www.searchsarkarinaukri.com/sitemap-jobs.xml,2026-07-12,job-listing,1
https://www.searchsarkarinaukri.com/jobs/job-2026--2001,https://www.searchsarkarinaukri.com/sitemap-jobs.xml,2026-06-29,job-listing,1
https://www.searchsarkarinaukri.com/jobs/job-2026--2000,https://www.searchsarkarinaukri.com/sitemap-jobs.xml,2026-08-25,job-listing,1
https://www.searchsarkarinaukri.com/jobs/jnv-goa-jnv-goa-2026--1999,https://www.searchsarkarinaukri.com/sitemap-jobs.xml,2026-06-29,job-listing,1
https://www.searchsarkarinaukri.com/jobs/goa-university-goa-university-2026--1998,https://www.searchsarkarinaukri.com/sitemap-jobs.xml,2026-06-29,job-listing,1
https://www.searchsarkarinaukri.com/jobs/csir-icm-csir-icm-2026--1997,https://www.searchsarkarinaukri.com/sitemap-jobs.xml,2026-07-01,job-listing,1
https://www.searchsarkarinaukri.com/jobs/drdo-lrde-bharti-2026-details-drdo-lrde-bharti-2026-2026--1996,https://www.searchsarkarinaukri.com/sitemap-jobs.xml,2026-07-02,job-listing,1
https://www.searchsarkarinaukri.com/jobs/sndt-women-university-mumbai-sndt-women-university-mumbai-2026--1995,https://www.searchsarkarinaukri.com/sitemap-jobs.xml,2026-06-29,job-listing,1
https://www.searchsarkarinaukri.com/jobs/wcd-daman-wcd-daman-2026--1994,https://www.searchsarkarinaukri.com/sitemap-jobs.xml,2026-06-29,job-listing,1
https://www.searchsarkarinaukri.com/jobs/mmrda-mmrda-2026--1993,https://www.searchsarkarinaukri.com/sitemap-jobs.xml,2026-07-15,job-listing,1
https://www.searchsarkarinaukri.com/jobs/shirpur-education-society-shirpur-education-society-2026--1992,https://www.searchsarkarinaukri.com/sitemap-jobs.xml,2026-06-29,job-listing,1
https://www.searchsarkarinaukri.com/jobs/hal-nashik-hal-nashik-2026--1991,https://www.searchsarkarinaukri.com/sitemap-jobs.xml,2026-06-29,job-listing,1
https://www.searchsarkarinaukri.com/jobs/nit-goa-nit-goa-2026--1990,https://www.searchsarkarinaukri.com/sitemap-jobs.xml,2026-07-16,job-listing,1
https://www.searchsarkarinaukri.com/jobs/central-bureau-of-investigation-central-bureau-of-investigation-2026--1989,https://www.searchsarkarinaukri.com/sitemap-jobs.xml,2026-07-01,job-listing,1
https://www.searchsarkarinaukri.com/jobs/shri-shahu-shikshan-prasarak-mandal-shri-shahu-shikshan-prasarak-mandal-2026--1988,https://www.searchsarkarinaukri.com/sitemap-jobs.xml,2026-06-29,job-listing,1
https://www.searchsarkarinaukri.com/jobs/sainik-kalyan-vibhag-sainik-kalyan-vibhag-2026--1987,https://www.searchsarkarinaukri.com/sitemap-jobs.xml,2026-06-29,job-listing,1
https://www.searchsarkarinaukri.com/jobs/tmc-mumbai-tmc-mumbai-2026--1986,https://www.searchsarkarinaukri.com/sitemap-jobs.xml,2026-07-01,job-listing,1
https://www.searchsarkarinaukri.com/jobs/tiss-mumbai-tiss-mumbai-2026--1985,https://www.searchsarkarinaukri.com/sitemap-jobs.xml,2026-06-29,job-listing,1
https://www.searchsarkarinaukri.com/jobs/government-college-of-engineering-chhatrapati-sambhajinagar-government-college-of-engineering-chhatr--1984,https://www.searchsarkarinaukri.com/sitemap-jobs.xml,2026-07-08,job-listing,1
https://www.searchsarkarinaukri.com/jobs/nagpur-veterinary-college-nagpur-veterinary-college-2026--1983,https://www.searchsarkarinaukri.com/sitemap-jobs.xml,2026-06-29,job-listing,1
https://www.searchsarkarinaukri.com/jobs/indian-meteorological-department-indian-meteorological-department-2026--1982,https://www.searchsarkarinaukri.com/sitemap-jobs.xml,2026-07-18,job-listing,1
https://www.searchsarkarinaukri.com/jobs/iiser-pune-iiser-pune-2026--1981,https://www.searchsarkarinaukri.com/sitemap-jobs.xml,2026-06-29,job-listing,1
https://www.searchsarkarinaukri.com/jobs/serious-fraud-investigation-office-serious-fraud-investigation-office-2026--1980,https://www.searchsarkarinaukri.com/sitemap-jobs.xml,2026-07-31,job-listing,1
https://www.searchsarkarinaukri.com/jobs/art-academy-goa-art-academy-goa-2026--1979,https://www.searchsarkarinaukri.com/sitemap-jobs.xml,2026-07-02,job-listing,1
https://www.searchsarkarinaukri.com/jobs/cam-mumbai-cam-mumbai-2026--1978,https://www.searchsarkarinaukri.com/sitemap-jobs.xml,2026-08-12,job-listing,1
https://www.searchsarkarinaukri.com/jobs/iit-kharagpur-iit-kharagpur-2026--1977,https://www.searchsarkarinaukri.com/sitemap-jobs.xml,2026-07-01,job-listing,1
https://www.searchsarkarinaukri.com/jobs/repco-bank-repco-bank-2026--1976,https://www.searchsarkarinaukri.com/sitemap-jobs.xml,2026-07-07,job-listing,1
https://www.searchsarkarinaukri.com/jobs/panjabrao-deshmukh-krishi-vidyapeeth-akola-panjabrao-deshmukh-krishi-vidyapeeth-akola-2026--1975,https://www.searchsarkarinaukri.com/sitemap-jobs.xml,2026-07-01,job-listing,1
https://www.searchsarkarinaukri.com/jobs/ministry-of-jal-shakti-ministry-of-jal-shakti-2026--1974,https://www.searchsarkarinaukri.com/sitemap-jobs.xml,2026-07-10,job-listing,1
https://www.searchsarkarinaukri.com/jobs/nhsrcl-nhsrcl-2026--1973,https://www.searchsarkarinaukri.com/sitemap-jobs.xml,2026-07-15,job-listing,1
https://www.searchsarkarinaukri.com/jobs/rayat-shikshan-sanstha-satara-rayat-shikshan-sanstha-satara-2026--1972,https://www.searchsarkarinaukri.com/sitemap-jobs.xml,2026-06-29,job-listing,1
https://www.searchsarkarinaukri.com/jobs/rbi-rbi-2026--1971,https://www.searchsarkarinaukri.com/sitemap-jobs.xml,2026-06-29,job-listing,1
https://www.searchsarkarinaukri.com/jobs/bel-bel-2026--1970,https://www.searchsarkarinaukri.com/sitemap-jobs.xml,2026-06-29,job-listing,1
https://www.searchsarkarinaukri.com/jobs/echs-mumbai-echs-mumbai-2026--1969,https://www.searchsarkarinaukri.com/sitemap-jobs.xml,2026-06-29,job-listing,1
https://www.searchsarkarinaukri.com/jobs/digital-india-digital-india-2026--1968,https://www.searchsarkarinaukri.com/sitemap-jobs.xml,2026-06-29,job-listing,1
https://www.searchsarkarinaukri.com/jobs/punjab-and-sind-bank-punjab-and-sind-bank-2026--1967,https://www.searchsarkarinaukri.com/sitemap-jobs.xml,2026-06-29,job-listing,1
https://www.searchsarkarinaukri.com/jobs/esis-thane-esis-thane-2026--1966,https://www.searchsarkarinaukri.com/sitemap-jobs.xml,2026-06-29,job-listing,1
https://www.searchsarkarinaukri.com/jobs/national-thermal-power-corporation-limited-national-thermal-power-corporation-limited-2026--1965,https://www.searchsarkarinaukri.com/sitemap-jobs.xml,2026-06-29,job-listing,1
https://www.searchsarkarinaukri.com/jobs/rari-pune-rari-pune-2026--1964,https://www.searchsarkarinaukri.com/sitemap-jobs.xml,2026-06-29,job-listing,1
https://www.searchsarkarinaukri.com/jobs/dbskkv-dbskkv-2026--1963,https://www.searchsarkarinaukri.com/sitemap-jobs.xml,2026-06-29,job-listing,1
https://www.searchsarkarinaukri.com/jobs/maha-waqf-maha-waqf-2026--1962,https://www.searchsarkarinaukri.com/sitemap-jobs.xml,2026-07-01,job-listing,1
https://www.searchsarkarinaukri.com/jobs/all-india-institute-of-medical-sciences-nagpur-all-india-institute-of-medical-sciences-2026--1961,https://www.searchsarkarinaukri.com/sitemap-jobs.xml,2026-07-08,job-listing,1
https://www.searchsarkarinaukri.com/jobs/tifr-mumbai-tifr-mumbai-2026--1960,https://www.searchsarkarinaukri.com/sitemap-jobs.xml,2026-07-05,job-listing,1
https://www.searchsarkarinaukri.com/jobs/ict-mumbai-ict-mumbai-2026--1959,https://www.searchsarkarinaukri.com/sitemap-jobs.xml,2026-07-07,job-listing,1
https://www.searchsarkarinaukri.com/jobs/vasai-virar-mahanagarpalika-vasai-virar-mahanagarpalika-2026--1958,https://www.searchsarkarinaukri.com/sitemap-jobs.xml,2026-06-29,job-listing,1
https://www.searchsarkarinaukri.com/jobs/mumbai-university-mumbai-university-2026--1957,https://www.searchsarkarinaukri.com/sitemap-jobs.xml,2026-06-29,job-listing,1
https://www.searchsarkarinaukri.com/jobs/tirupati-urban-bank-nagpur-tirupati-urban-bank-nagpur-2026--1956,https://www.searchsarkarinaukri.com/sitemap-jobs.xml,2026-06-29,job-listing,1
https://www.searchsarkarinaukri.com/jobs/shivaji-education-society-amravati-shivaji-education-society-amravati-2026--1955,https://www.searchsarkarinaukri.com/sitemap-jobs.xml,2026-06-29,job-listing,1
https://www.searchsarkarinaukri.com/jobs/union-public-service-commission-union-public-service-commission-2026--1954,https://www.searchsarkarinaukri.com/sitemap-jobs.xml,2026-07-04,job-listing,1
https://www.searchsarkarinaukri.com/jobs/deolali-cantonment-board-deolali-cantonment-board-2026--1953,https://www.searchsarkarinaukri.com/sitemap-jobs.xml,2026-06-29,job-listing,1
https://www.searchsarkarinaukri.com/jobs/ncra-pune-ncra-pune-2026--1952,https://www.searchsarkarinaukri.com/sitemap-jobs.xml,2026-07-01,job-listing,1
https://www.searchsarkarinaukri.com/jobs/indian-council-of-philosophical-research-indian-council-of-philosophical-research-2026--1951,https://www.searchsarkarinaukri.com/sitemap-jobs.xml,2026-06-29,job-listing,1
https://www.searchsarkarinaukri.com/jobs/cabinet-secretariat-cabinet-secretariat-2026--1950,https://www.searchsarkarinaukri.com/sitemap-jobs.xml,2026-07-13,job-listing,1
https://www.searchsarkarinaukri.com/jobs/idsp-idsp-2026--1949,https://www.searchsarkarinaukri.com/sitemap-jobs.xml,2026-07-01,job-listing,1
https://www.searchsarkarinaukri.com/jobs/rayat-shikshan-sanstha-satara-rayat-shikshan-sanstha-satara-2026--1948,https://www.searchsarkarinaukri.com/sitemap-jobs.xml,2026-06-29,job-listing,1
https://www.searchsarkarinaukri.com/jobs/anjuman-college-of-engineering-and-technology-anjuman-college-of-engineering-and-technology-2026--1947,https://www.searchsarkarinaukri.com/sitemap-jobs.xml,2026-06-29,job-listing,1
https://www.searchsarkarinaukri.com/jobs/ccrum-ccrum-2026--1946,https://www.searchsarkarinaukri.com/sitemap-jobs.xml,2026-08-01,job-listing,1
https://www.searchsarkarinaukri.com/jobs/shree-vile-parle-kelavani-mandal-shree-vile-parle-kelavani-mandal-2026--1945,https://www.searchsarkarinaukri.com/sitemap-jobs.xml,2026-06-29,job-listing,1
https://www.searchsarkarinaukri.com/jobs/panjabrao-deshmukh-krishi-vidyapeeth-akola-panjabrao-deshmukh-krishi-vidyapeeth-akola-2026--1944,https://www.searchsarkarinaukri.com/sitemap-jobs.xml,2026-07-01,job-listing,1
https://www.searchsarkarinaukri.com/jobs/kamla-nehru-mahavidyalaya-nagpur-kamla-nehru-mahavidyalaya-nagpur-2026--1943,https://www.searchsarkarinaukri.com/sitemap-jobs.xml,2026-06-29,job-listing,1
https://www.searchsarkarinaukri.com/jobs/tiss-mumbai-tiss-mumbai-2026--1942,https://www.searchsarkarinaukri.com/sitemap-jobs.xml,2026-06-29,job-listing,1
https://www.searchsarkarinaukri.com/jobs/kolhapur-mahanagarpalika-kolhapur-mahanagarpalika-2026--1941,https://www.searchsarkarinaukri.com/sitemap-jobs.xml,2026-06-29,job-listing,1
https://www.searchsarkarinaukri.com/jobs/national-health-mission-kolhapur-national-health-mission-kolhapur-2026--1940,https://www.searchsarkarinaukri.com/sitemap-jobs.xml,2026-06-30,job-listing,1
https://www.searchsarkarinaukri.com/jobs/pm-shri-school-jawahar-navodaya-vidyalaya-washim-recruitment-notification-pm-shri-school-jawahar-202--1939,https://www.searchsarkarinaukri.com/sitemap-jobs.xml,2026-06-29,job-listing,1
https://www.searchsarkarinaukri.com/jobs/maharashtra-employees-state-insurance-society-msesis-hospital-apply-for-2-dental-surgeon-2026--1938,https://www.searchsarkarinaukri.com/sitemap-jobs.xml,2026-06-29,job-listing,1
https://www.searchsarkarinaukri.com/jobs/maharashtra-state-electricity-board-holding-company-ltd-recruitment-notification-maharashtra-state-e--1937,https://www.searchsarkarinaukri.com/sitemap-jobs.xml,2026-07-01,job-listing,1
https://www.searchsarkarinaukri.com/jobs/maharashtra-university-of-health-sciences-nashik-job-openings-at-maharashtra-university-of-2026--1936,https://www.searchsarkarinaukri.com/sitemap-jobs.xml,2026-06-29,job-listing,1
https://www.searchsarkarinaukri.com/jobs/maharashtra-state-electricity-distribution-company-ltd-msedcl-maharashtra-state-electricity-distribu--1935,https://www.searchsarkarinaukri.com/sitemap-jobs.xml,2026-07-01,job-listing,1
https://www.searchsarkarinaukri.com/jobs/sjvn-limited-chairman-and-managing-director-2026--1934,https://www.searchsarkarinaukri.com/sitemap-jobs.xml,2026-07-11,job-listing,1
https://www.searchsarkarinaukri.com/jobs/ntpc-ntpc-2026--1933,https://www.searchsarkarinaukri.com/sitemap-jobs.xml,2026-06-29,job-listing,1
https://www.searchsarkarinaukri.com/jobs/job-2026--1932,https://www.searchsarkarinaukri.com/sitemap-jobs.xml,2026-08-23,job-listing,1
https://www.searchsarkarinaukri.com/jobs/job-2026--1931,https://www.searchsarkarinaukri.com/sitemap-jobs.xml,2026-06-29,job-listing,1
https://www.searchsarkarinaukri.com/jobs/ari-pune-ari-pune-2026--1930,https://www.searchsarkarinaukri.com/sitemap-jobs.xml,2026-06-29,job-listing,1
https://www.searchsarkarinaukri.com/jobs/iiser-pune-iiser-pune-2026--1929,https://www.searchsarkarinaukri.com/sitemap-jobs.xml,2026-06-29,job-listing,1
https://www.searchsarkarinaukri.com/jobs/icar-iari-icar-iari-2026--1928,https://www.searchsarkarinaukri.com/sitemap-jobs.xml,2026-06-30,job-listing,1
https://www.searchsarkarinaukri.com/jobs/nfsu-nfsu-2026--1927,https://www.searchsarkarinaukri.com/sitemap-jobs.xml,2026-08-25,job-listing,1
https://www.searchsarkarinaukri.com/jobs/drapj-abdul-kalam-gov-college-drapj-abdul-kalam-gov-college-2026--1926,https://www.searchsarkarinaukri.com/sitemap-jobs.xml,2026-07-19,job-listing,1
https://www.searchsarkarinaukri.com/jobs/department-of-health-family-welfare-daman-department-of-health-family-welfare-2026--1925,https://www.searchsarkarinaukri.com/sitemap-jobs.xml,2026-07-10,job-listing,1
https://www.searchsarkarinaukri.com/jobs/nirdpr-nirdpr-2026--1924,https://www.searchsarkarinaukri.com/sitemap-jobs.xml,2026-06-29,job-listing,1
https://www.searchsarkarinaukri.com/jobs/the-baramati-sahakari-bank-the-baramati-sahakari-bank-2026--1923,https://www.searchsarkarinaukri.com/sitemap-jobs.xml,2026-06-29,job-listing,1
https://www.searchsarkarinaukri.com/jobs/jnv-washim-jnv-washim-2026--1922,https://www.searchsarkarinaukri.com/sitemap-jobs.xml,2026-07-29,job-listing,1
https://www.searchsarkarinaukri.com/jobs/krcl-krcl-2026--1921,https://www.searchsarkarinaukri.com/sitemap-jobs.xml,2026-06-29,job-listing,1
https://www.searchsarkarinaukri.com/jobs/pm-shri-school-jnv-yavatmal-pm-shri-school-jnv-yavatmal-2026--1920,https://www.searchsarkarinaukri.com/sitemap-jobs.xml,2026-07-30,job-listing,1
https://www.searchsarkarinaukri.com/jobs/national-bank-for-agriculture-and-rural-development-sis-national-bank-for-agriculture-and-rural-2026--1919,https://www.searchsarkarinaukri.com/sitemap-jobs.xml,2026-07-24,job-listing,1
https://www.searchsarkarinaukri.com/jobs/mahavitaran-mahavitaran-2026--1918,https://www.searchsarkarinaukri.com/sitemap-jobs.xml,2026-08-13,job-listing,1
https://www.searchsarkarinaukri.com/jobs/nbt-nbt-2026--1917,https://www.searchsarkarinaukri.com/sitemap-jobs.xml,2026-06-29,job-listing,1
https://www.searchsarkarinaukri.com/jobs/fabtech-credit-society-fabtech-credit-society-2026--1916,https://www.searchsarkarinaukri.com/sitemap-jobs.xml,2026-06-29,job-listing,1
https://www.searchsarkarinaukri.com/jobs/msapl-msapl-2026--1915,https://www.searchsarkarinaukri.com/sitemap-jobs.xml,2026-07-01,job-listing,1
https://www.searchsarkarinaukri.com/jobs/muhs-nashik-muhs-nashik-2026--1914,https://www.searchsarkarinaukri.com/sitemap-jobs.xml,2026-06-29,job-listing,1
https://www.searchsarkarinaukri.com/jobs/tiss-mumbai-tiss-mumbai-2026--1913,https://www.searchsarkarinaukri.com/sitemap-jobs.xml,2026-06-29,job-listing,1
https://www.searchsarkarinaukri.com/jobs/gpsc-goa-gpsc-goa-2026--1912,https://www.searchsarkarinaukri.com/sitemap-jobs.xml,2026-06-29,job-listing,1
https://www.searchsarkarinaukri.com/jobs/solapur-janata-sahakari-bank-solapur-janata-sahakari-bank-2026--1911,https://www.searchsarkarinaukri.com/sitemap-jobs.xml,2026-06-29,job-listing,1
https://www.searchsarkarinaukri.com/jobs/central-bank-of-india-central-bank-of-india-2026--1910,https://www.searchsarkarinaukri.com/sitemap-jobs.xml,2026-06-29,job-listing,1
https://www.searchsarkarinaukri.com/jobs/arogya-vibhag-nashik-arogya-vibhag-nashik-2026--1909,https://www.searchsarkarinaukri.com/sitemap-jobs.xml,2026-06-29,job-listing,1
https://www.searchsarkarinaukri.com/jobs/hindustan-shipyard-ltd-manager-hr-2026--1908,https://www.searchsarkarinaukri.com/sitemap-jobs.xml,2026-06-29,job-listing,1
https://www.searchsarkarinaukri.com/jobs/hindustan-shipyard-ltd-deputy-manager-technical-2026--1907,https://www.searchsarkarinaukri.com/sitemap-jobs.xml,2026-06-29,job-listing,1
https://www.searchsarkarinaukri.com/jobs/hindustan-shipyard-ltd-project-superintendent-technical-2026--1906,https://www.searchsarkarinaukri.com/sitemap-jobs.xml,2026-06-29,job-listing,1
https://www.searchsarkarinaukri.com/jobs/job-2026--1905,https://www.searchsarkarinaukri.com/sitemap-jobs.xml,2026-06-29,job-listing,1
https://www.searchsarkarinaukri.com/jobs/bhartiya-gramin-punarrachana-sanstha-chhatrapati-sambhajinagar-bhartiya-gramin-punarrachana-sanstha--1904,https://www.searchsarkarinaukri.com/sitemap-jobs.xml,2026-06-29,job-listing,1
https://www.searchsarkarinaukri.com/jobs/ncl-pune-ncl-pune-2026--1903,https://www.searchsarkarinaukri.com/sitemap-jobs.xml,2026-06-29,job-listing,1
https://www.searchsarkarinaukri.com/jobs/wcl-nagpur-wcl-nagpur-2026--1902,https://www.searchsarkarinaukri.com/sitemap-jobs.xml,2026-06-29,job-listing,1
https://www.searchsarkarinaukri.com/jobs/maha-waqf-maha-waqf-2026--1901,https://www.searchsarkarinaukri.com/sitemap-jobs.xml,2026-06-29,job-listing,1
https://www.searchsarkarinaukri.com/jobs/deccan-bank-mumbai-deccan-bank-mumbai-2026--1900,https://www.searchsarkarinaukri.com/sitemap-jobs.xml,2026-06-29,job-listing,1
https://www.searchsarkarinaukri.com/jobs/nhsrcl-nhsrcl-2026--1899,https://www.searchsarkarinaukri.com/sitemap-jobs.xml,2026-07-10,job-listing,1
https://www.searchsarkarinaukri.com/jobs/airports-economic-regulatory-authority-of-india-airports-economic-regulatory-authority-of-india-2026--1898,https://www.searchsarkarinaukri.com/sitemap-jobs.xml,2026-07-09,job-listing,1
https://www.searchsarkarinaukri.com/jobs/central-sanskrit-university-central-sanskrit-university-2026--1897,https://www.searchsarkarinaukri.com/sitemap-jobs.xml,2026-07-25,job-listing,1
https://www.searchsarkarinaukri.com/jobs/all-india-institute-of-medical-sciences-nagpur-all-india-institute-of-medical-sciences-2026--1896,https://www.searchsarkarinaukri.com/sitemap-jobs.xml,2026-07-01,job-listing,1
https://www.searchsarkarinaukri.com/jobs/kolhapur-mahanagarpalika-kolhapur-mahanagarpalika-2026--1895,https://www.searchsarkarinaukri.com/sitemap-jobs.xml,2026-06-29,job-listing,1
https://www.searchsarkarinaukri.com/jobs/artificial-limb-centre-pune-artificial-limb-centre-pune-2026--1894,https://www.searchsarkarinaukri.com/sitemap-jobs.xml,2026-07-07,job-listing,1
https://www.searchsarkarinaukri.com/jobs/icar-circot-mumbai-icar-circot-mumbai-2026--1893,https://www.searchsarkarinaukri.com/sitemap-jobs.xml,2026-08-04,job-listing,1
https://www.searchsarkarinaukri.com/jobs/tcil-tcil-2026--1892,https://www.searchsarkarinaukri.com/sitemap-jobs.xml,2026-07-01,job-listing,1
https://www.searchsarkarinaukri.com/jobs/dmrc-dmrc-2026--1891,https://www.searchsarkarinaukri.com/sitemap-jobs.xml,2026-06-29,job-listing,1
https://www.searchsarkarinaukri.com/jobs/drdo-arde-drdo-arde-2026--1890,https://www.searchsarkarinaukri.com/sitemap-jobs.xml,2026-07-06,job-listing,1
https://www.searchsarkarinaukri.com/jobs/brihanmumbai-mahanagarpalika-corporation-brihanmumbai-mahanagarpalika-corporation-2026--1889,https://www.searchsarkarinaukri.com/sitemap-jobs.xml,2026-08-23,job-listing,1
https://www.searchsarkarinaukri.com/jobs/maha-tourism-maha-tourism-2026--1888,https://www.searchsarkarinaukri.com/sitemap-jobs.xml,2026-06-29,job-listing,1
https://www.searchsarkarinaukri.com/jobs/south-east-central-railway-south-east-central-railway-2026--1887,https://www.searchsarkarinaukri.com/sitemap-jobs.xml,2026-06-29,job-listing,1
https://www.searchsarkarinaukri.com/jobs/asrb-asrb-2026--1886,https://www.searchsarkarinaukri.com/sitemap-jobs.xml,2026-07-09,job-listing,1
https://www.searchsarkarinaukri.com/jobs/government-institute-of-forensic-science-chhatrapati-sambhajinagar-government-institute-of-forensic--1885,https://www.searchsarkarinaukri.com/sitemap-jobs.xml,2026-06-29,job-listing,1
https://www.searchsarkarinaukri.com/jobs/mgims-wardha-mgims-wardha-2026--1884,https://www.searchsarkarinaukri.com/sitemap-jobs.xml,2026-07-01,job-listing,1
https://www.searchsarkarinaukri.com/jobs/mumbai-port-trust-mumbai-port-trust-2026--1883,https://www.searchsarkarinaukri.com/sitemap-jobs.xml,2026-07-10,job-listing,1
https://www.searchsarkarinaukri.com/jobs/indian-law-society-pune-indian-law-society-pune-2026--1882,https://www.searchsarkarinaukri.com/sitemap-jobs.xml,2026-06-29,job-listing,1
https://www.searchsarkarinaukri.com/jobs/dr-panjabrao-deshmukh-memorial-education-society-dr-panjabrao-deshmukh-memorial-education-society-20--1881,https://www.searchsarkarinaukri.com/sitemap-jobs.xml,2026-06-29,job-listing,1
https://www.searchsarkarinaukri.com/jobs/msc-bank-msc-bank-2026--1880,https://www.searchsarkarinaukri.com/sitemap-jobs.xml,2026-07-02,job-listing,1
https://www.searchsarkarinaukri.com/jobs/mazagon-dock-mazagon-dock-2026--1879,https://www.searchsarkarinaukri.com/sitemap-jobs.xml,2026-07-02,job-listing,1
https://www.searchsarkarinaukri.com/jobs/indian-army-tes-indian-army-tes-2026--1878,https://www.searchsarkarinaukri.com/sitemap-jobs.xml,2026-06-29,job-listing,1
https://www.searchsarkarinaukri.com/jobs/nfl-nfl-2026--1877,https://www.searchsarkarinaukri.com/sitemap-jobs.xml,2026-06-29,job-listing,1
https://www.searchsarkarinaukri.com/jobs/union-public-service-commission-union-public-service-commission-2026--1876,https://www.searchsarkarinaukri.com/sitemap-jobs.xml,2026-06-29,job-listing,1
https://www.searchsarkarinaukri.com/jobs/tata-institute-of-fundamental-research-mumbai-apply-for-5-project-assistant-project-2026--1875,https://www.searchsarkarinaukri.com/sitemap-jobs.xml,2026-07-01,job-listing,1
https://www.searchsarkarinaukri.com/jobs/employees-state-insurance-society-hospital-kolhapur-apply-for-17-contractual-medical-officer-2026--1874,https://www.searchsarkarinaukri.com/sitemap-jobs.xml,2026-06-29,job-listing,1
https://www.searchsarkarinaukri.com/jobs/thane-mahanagarpalika-thane-municipal-corporation-apply-for-11-gynecologist-posts-at-2026--1873,https://www.searchsarkarinaukri.com/sitemap-jobs.xml,2026-06-29,job-listing,1
https://www.searchsarkarinaukri.com/jobs/nagpur-municipal-corporation-nagpur-mahanagarpalika-nagpur-municipal-corporation-nagpur-mahanagarpal--1872,https://www.searchsarkarinaukri.com/sitemap-jobs.xml,2026-06-29,job-listing,1
https://www.searchsarkarinaukri.com/jobs/tata-memorial-center-tmc-mumbai-tata-memorial-center-tmc-mumbai-invites-2026--1871,https://www.searchsarkarinaukri.com/sitemap-jobs.xml,2026-06-29,job-listing,1
https://www.searchsarkarinaukri.com/jobs/csir-national-chemical-laboratory-pune-job-openings-at-csir-national-2026--1870,https://www.searchsarkarinaukri.com/sitemap-jobs.xml,2026-06-29,job-listing,1
https://www.searchsarkarinaukri.com/jobs/mahatma-gandhi-institute-of-medical-sciences-sevagram-mahatma-gandhi-institute-of-medical-sciences-2--1869,https://www.searchsarkarinaukri.com/sitemap-jobs.xml,2026-06-29,job-listing,1
https://www.searchsarkarinaukri.com/jobs/government-institute-of-forensic-science-chhatrapati-sambhajinagar-job-openings-at-government-instit--1868,https://www.searchsarkarinaukri.com/sitemap-jobs.xml,2026-06-29,job-listing,1
https://www.searchsarkarinaukri.com/jobs/tourism-and-cultural-affairs-department-government-of-maharashtra-recruitment-notification-tourism-a--1867,https://www.searchsarkarinaukri.com/sitemap-jobs.xml,2026-06-29,job-listing,1
https://www.searchsarkarinaukri.com/jobs/mumbai-port-authority-mbpa-recruitment-notification-mumbai-port-authority-mbpa-2026--1866,https://www.searchsarkarinaukri.com/sitemap-jobs.xml,2026-07-10,job-listing,1
https://www.searchsarkarinaukri.com/jobs/western-coalfields-limited-western-coalfields-limited-2026-recruitment-drive-2026--1865,https://www.searchsarkarinaukri.com/sitemap-jobs.xml,2026-06-29,job-listing,1
https://www.searchsarkarinaukri.com/jobs/agharkar-research-institute-pune-agharkar-research-institute-pune-invites-applications-2026--1864,https://www.searchsarkarinaukri.com/sitemap-jobs.xml,2026-06-29,job-listing,1
https://www.searchsarkarinaukri.com/jobs/dgepo-managing-director-2026--1863,https://www.searchsarkarinaukri.com/sitemap-jobs.xml,2026-06-29,job-listing,1
https://www.searchsarkarinaukri.com/jobs/icar-central-marine-fisheries-research-institute-young-professional-i-2026--1862,https://www.searchsarkarinaukri.com/sitemap-jobs.xml,2026-06-29,job-listing,1
https://www.searchsarkarinaukri.com/jobs/national-academy-of-agricultural-research-mangement-young-professional-two-2026--1861,https://www.searchsarkarinaukri.com/sitemap-jobs.xml,2026-07-01,job-listing,1
https://www.searchsarkarinaukri.com/jobs/job-2026--1860,https://www.searchsarkarinaukri.com/sitemap-jobs.xml,2026-07-10,job-listing,1
https://www.searchsarkarinaukri.com/jobs/job-2026--1859,https://www.searchsarkarinaukri.com/sitemap-jobs.xml,2026-07-11,job-listing,1
https://www.searchsarkarinaukri.com/jobs/job-2026--1858,https://www.searchsarkarinaukri.com/sitemap-jobs.xml,2026-07-02,job-listing,1
https://www.searchsarkarinaukri.com/jobs/csir-indian-institute-of-chemical-biology-engagement-of-project-personnel-at-csir-iicb-2026--1857,https://www.searchsarkarinaukri.com/sitemap-jobs.xml,2026-06-29,job-listing,1
https://www.searchsarkarinaukri.com/jobs/gokhale-institute-of-politics-and-economics-pune-gokhale-institute-of-politics-and-economics-2026--1856,https://www.searchsarkarinaukri.com/sitemap-jobs.xml,2026-06-29,job-listing,1
https://www.searchsarkarinaukri.com/jobs/army-institute-of-technology-pune-army-institute-of-technology-pune-2026--1855,https://www.searchsarkarinaukri.com/sitemap-jobs.xml,2026-06-29,job-listing,1
https://www.searchsarkarinaukri.com/jobs/thane-mahanagarpalika-thane-mahanagarpalika-2026--1854,https://www.searchsarkarinaukri.com/sitemap-jobs.xml,2026-08-25,job-listing,1
https://www.searchsarkarinaukri.com/jobs/dr-ambedkar-law-college-chhatrapati-sambhajinagar-dr-ambedkar-law-college-chhatrapati-sambhajinagar--1853,https://www.searchsarkarinaukri.com/sitemap-jobs.xml,2026-06-29,job-listing,1
https://www.searchsarkarinaukri.com/jobs/nagpur-mahanagarpalika-nagpur-mahanagarpalika-2026--1852,https://www.searchsarkarinaukri.com/sitemap-jobs.xml,2026-06-29,job-listing,1
https://www.searchsarkarinaukri.com/jobs/iucaa-pune-iucaa-pune-2026--1851,https://www.searchsarkarinaukri.com/sitemap-jobs.xml,2026-06-29,job-listing,1
https://www.searchsarkarinaukri.com/jobs/shirpur-peoples-bank-shirpur-peoples-bank-2026--1850,https://www.searchsarkarinaukri.com/sitemap-jobs.xml,2026-06-29,job-listing,1
https://www.searchsarkarinaukri.com/jobs/vishwas-co-op-bank-ltd-vishwas-co-op-bank-ltd-2026--1849,https://www.searchsarkarinaukri.com/sitemap-jobs.xml,2026-06-29,job-listing,1
https://www.searchsarkarinaukri.com/jobs/isro-sac-isro-sac-2026--1848,https://www.searchsarkarinaukri.com/sitemap-jobs.xml,2026-07-04,job-listing,1
https://www.searchsarkarinaukri.com/jobs/coep-pune-coep-pune-2026--1847,https://www.searchsarkarinaukri.com/sitemap-jobs.xml,2026-06-29,job-listing,1
https://www.searchsarkarinaukri.com/jobs/mahaegs-mumbai-mahaegs-mumbai-2026--1846,https://www.searchsarkarinaukri.com/sitemap-jobs.xml,2026-06-29,job-listing,1
https://www.searchsarkarinaukri.com/jobs/deendayal-port-trust-deendayal-port-trust-2026--1845,https://www.searchsarkarinaukri.com/sitemap-jobs.xml,2026-07-03,job-listing,1
https://www.searchsarkarinaukri.com/jobs/sndt-women-university-mumbai-sndt-women-university-mumbai-2026--1844,https://www.searchsarkarinaukri.com/sitemap-jobs.xml,2026-06-29,job-listing,1
https://www.searchsarkarinaukri.com/jobs/esic-kolhapur-esic-kolhapur-2026--1843,https://www.searchsarkarinaukri.com/sitemap-jobs.xml,2026-06-29,job-listing,1
https://www.searchsarkarinaukri.com/jobs/hbsu-mumbai-hbsu-mumbai-2026--1842,https://www.searchsarkarinaukri.com/sitemap-jobs.xml,2026-06-29,job-listing,1
https://www.searchsarkarinaukri.com/jobs/bhartiya-gramin-punerrachana-sanstha-chhatrapati-sambhajinagar-bhartiya-gramin-punerrachana-sanstha--1841,https://www.searchsarkarinaukri.com/sitemap-jobs.xml,2026-06-29,job-listing,1
https://www.searchsarkarinaukri.com/jobs/esic-goa-esic-goa-2026--1840,https://www.searchsarkarinaukri.com/sitemap-jobs.xml,2026-06-29,job-listing,1
https://www.searchsarkarinaukri.com/jobs/prerna-education-society-nagpur-prerna-education-society-nagpur-2026--1839,https://www.searchsarkarinaukri.com/sitemap-jobs.xml,2026-06-29,job-listing,1
https://www.searchsarkarinaukri.com/jobs/ecil-ecil-2026--1838,https://www.searchsarkarinaukri.com/sitemap-jobs.xml,2026-06-29,job-listing,1
https://www.searchsarkarinaukri.com/jobs/tiss-mumbai-tiss-mumbai-2026--1837,https://www.searchsarkarinaukri.com/sitemap-jobs.xml,2026-06-29,job-listing,1
https://www.searchsarkarinaukri.com/jobs/yashwantrao-chavan-college-kolhapur-yashwantrao-chavan-college-kolhapur-2026--1836,https://www.searchsarkarinaukri.com/sitemap-jobs.xml,2026-06-29,job-listing,1
https://www.searchsarkarinaukri.com/jobs/jankalyan-nagari-sahakari-patsanstha-karad-jankalyan-nagari-sahakari-patsanstha-karad-2026--1835,https://www.searchsarkarinaukri.com/sitemap-jobs.xml,2026-07-01,job-listing,1
https://www.searchsarkarinaukri.com/jobs/tifr-mumbai-tifr-mumbai-2026--1834,https://www.searchsarkarinaukri.com/sitemap-jobs.xml,2026-07-01,job-listing,1
https://www.searchsarkarinaukri.com/jobs/ministry-of-education-department-of-higher-education-ministry-of-education-department-of-higher-2026--1833,https://www.searchsarkarinaukri.com/sitemap-jobs.xml,2026-07-10,job-listing,1
https://www.searchsarkarinaukri.com/jobs/ncrtc-ncrtc-2026--1832,https://www.searchsarkarinaukri.com/sitemap-jobs.xml,2026-07-11,job-listing,1
https://www.searchsarkarinaukri.com/jobs/secondary-training-college-mumbai-secondary-training-college-mumbai-2026--1831,https://www.searchsarkarinaukri.com/sitemap-jobs.xml,2026-06-29,job-listing,1
https://www.searchsarkarinaukri.com/jobs/ncl-pune-ncl-pune-2026--1830,https://www.searchsarkarinaukri.com/sitemap-jobs.xml,2026-06-29,job-listing,1
https://www.searchsarkarinaukri.com/jobs/mgmcen-nanded-mgmcen-nanded-2026--1829,https://www.searchsarkarinaukri.com/sitemap-jobs.xml,2026-06-29,job-listing,1
https://www.searchsarkarinaukri.com/jobs/upsc-nda-upsc-nda-2026--1828,https://www.searchsarkarinaukri.com/sitemap-jobs.xml,2026-06-29,job-listing,1
https://www.searchsarkarinaukri.com/jobs/upsc-cds-upsc-cds-2026--1827,https://www.searchsarkarinaukri.com/sitemap-jobs.xml,2026-06-29,job-listing,1
https://www.searchsarkarinaukri.com/jobs/gmc-goa-gmc-goa-2026--1826,https://www.searchsarkarinaukri.com/sitemap-jobs.xml,2026-06-29,job-listing,1
https://www.searchsarkarinaukri.com/jobs/army-tgc-144-army-tgc-144-2026--1825,https://www.searchsarkarinaukri.com/sitemap-jobs.xml,2026-06-29,job-listing,1
https://www.searchsarkarinaukri.com/jobs/kamgar-vibhag-kamgar-vibhag-2026--1824,https://www.searchsarkarinaukri.com/sitemap-jobs.xml,2026-06-29,job-listing,1
https://www.searchsarkarinaukri.com/jobs/state-bank-of-india-state-bank-of-india-2026--1823,https://www.searchsarkarinaukri.com/sitemap-jobs.xml,2026-06-29,job-listing,1
https://www.searchsarkarinaukri.com/jobs/sports-authority-of-india-high-performance-coach-on-lpd-minus-2026--1822,https://www.searchsarkarinaukri.com/sitemap-jobs.xml,2026-07-01,job-listing,1
https://www.searchsarkarinaukri.com/jobs/hindustan-copper-ltd-online-applications-from-experienced-personnel-for-2026--1821,https://www.searchsarkarinaukri.com/sitemap-jobs.xml,2026-06-29,job-listing,1
https://www.searchsarkarinaukri.com/jobs/national-skill-development-corporation-marketing-executive-2026--1820,https://www.searchsarkarinaukri.com/sitemap-jobs.xml,2026-06-29,job-listing,1
https://www.searchsarkarinaukri.com/jobs/international-centre-for-theoretical-sciences-icts-tata-institute-of-fundamental-research-tifr-clerk--1819,https://www.searchsarkarinaukri.com/sitemap-jobs.xml,2026-06-29,job-listing,1
https://www.searchsarkarinaukri.com/jobs/hindustan-aeronautics-limited-director-operations-2026--1818,https://www.searchsarkarinaukri.com/sitemap-jobs.xml,2026-07-01,job-listing,1
https://www.searchsarkarinaukri.com/jobs/job-2026--1817,https://www.searchsarkarinaukri.com/sitemap-jobs.xml,2026-06-29,job-listing,1
https://www.searchsarkarinaukri.com/jobs/job-2026--1816,https://www.searchsarkarinaukri.com/sitemap-jobs.xml,2026-06-29,job-listing,1
https://www.searchsarkarinaukri.com/jobs/job-2026--1815,https://www.searchsarkarinaukri.com/sitemap-jobs.xml,2026-06-29,job-listing,1
https://www.searchsarkarinaukri.com/jobs/mehsana-urban-co-operative-bank-mehsana-urban-co-operative-bank-2026--1814,https://www.searchsarkarinaukri.com/sitemap-jobs.xml,2026-06-29,job-listing,1
https://www.searchsarkarinaukri.com/jobs/government-college-of-education-government-college-of-education-2026--1813,https://www.searchsarkarinaukri.com/sitemap-jobs.xml,2026-06-29,job-listing,1
https://www.searchsarkarinaukri.com/jobs/goa-university-goa-university-2026--1812,https://www.searchsarkarinaukri.com/sitemap-jobs.xml,2026-06-29,job-listing,1
https://www.searchsarkarinaukri.com/jobs/icsi-icsi-2026--1811,https://www.searchsarkarinaukri.com/sitemap-jobs.xml,2026-06-29,job-listing,1
https://www.searchsarkarinaukri.com/jobs/nuhm-navi-mumbai-nuhm-navi-mumbai-2026--1810,https://www.searchsarkarinaukri.com/sitemap-jobs.xml,2026-08-06,job-listing,1
https://www.searchsarkarinaukri.com/jobs/pavana-sahakari-bank-pune-pavana-sahakari-bank-pune-2026--1809,https://www.searchsarkarinaukri.com/sitemap-jobs.xml,2026-06-29,job-listing,1
https://www.searchsarkarinaukri.com/jobs/bhonsala-sainik-school-bhonsala-sainik-school-2026--1808,https://www.searchsarkarinaukri.com/sitemap-jobs.xml,2026-06-29,job-listing,1
https://www.searchsarkarinaukri.com/jobs/shalini-sahakari-bank-shalini-sahakari-bank-2026--1807,https://www.searchsarkarinaukri.com/sitemap-jobs.xml,2026-07-01,job-listing,1
https://www.searchsarkarinaukri.com/jobs/pfrda-pfrda-2026--1806,https://www.searchsarkarinaukri.com/sitemap-jobs.xml,2026-07-11,job-listing,1
https://www.searchsarkarinaukri.com/jobs/msce-pune-msce-pune-2026--1805,https://www.searchsarkarinaukri.com/sitemap-jobs.xml,2026-06-29,job-listing,1
https://www.searchsarkarinaukri.com/jobs/shivaji-university-kolhapur-shivaji-university-kolhapur-2026--1804,https://www.searchsarkarinaukri.com/sitemap-jobs.xml,2026-07-01,job-listing,1
https://www.searchsarkarinaukri.com/jobs/yuva-gramin-vikas-sanstha-kolhapur-yuva-gramin-vikas-sanstha-kolhapur-2026--1803,https://www.searchsarkarinaukri.com/sitemap-jobs.xml,2026-06-29,job-listing,1
https://www.searchsarkarinaukri.com/jobs/delhi-subordinate-services-selection-board-delhi-subordinate-services-selection-board-2026--1802,https://www.searchsarkarinaukri.com/sitemap-jobs.xml,2026-07-16,job-listing,1
https://www.searchsarkarinaukri.com/jobs/dfccil-dfccil-2026--1801,https://www.searchsarkarinaukri.com/sitemap-jobs.xml,2026-07-08,job-listing,1
https://www.searchsarkarinaukri.com/jobs/national-health-mission-dhule-national-health-mission-dhule-2026--1800,https://www.searchsarkarinaukri.com/sitemap-jobs.xml,2026-06-29,job-listing,1
https://www.searchsarkarinaukri.com/jobs/latur-police-patil-latur-police-patil-2026--1799,https://www.searchsarkarinaukri.com/sitemap-jobs.xml,2026-06-29,job-listing,1
https://www.searchsarkarinaukri.com/jobs/k-j-somaiya-college-ahilyanagar-k-j-somaiya-college-ahilyanagar-2026--1798,https://www.searchsarkarinaukri.com/sitemap-jobs.xml,2026-06-29,job-listing,1
https://www.searchsarkarinaukri.com/jobs/ftii-pune-ftii-pune-2026--1797,https://www.searchsarkarinaukri.com/sitemap-jobs.xml,2026-06-29,job-listing,1
https://www.searchsarkarinaukri.com/jobs/nalco-nalco-2026--1796,https://www.searchsarkarinaukri.com/sitemap-jobs.xml,2026-06-29,job-listing,1
https://www.searchsarkarinaukri.com/jobs/aiims-delhi-aiims-delhi-2026--1795,https://www.searchsarkarinaukri.com/sitemap-jobs.xml,2026-06-29,job-listing,1
https://www.searchsarkarinaukri.com/jobs/maharashtra-state-road-transport-corporation-msrtc-maharashtra-state-road-transport-corporation-msrt--1794,https://www.searchsarkarinaukri.com/sitemap-jobs.xml,2026-06-29,job-listing,1
https://www.searchsarkarinaukri.com/jobs/government-law-college-mumbai-government-law-college-mumbai-invites-applications-2026--1793,https://www.searchsarkarinaukri.com/sitemap-jobs.xml,2026-06-29,job-listing,1
https://www.searchsarkarinaukri.com/jobs/navi-mumbai-mahanagarpalika-navi-mumbai-municipal-corporation-job-openings-at-navi-mumbai-mahanagarp--1792,https://www.searchsarkarinaukri.com/sitemap-jobs.xml,2026-06-29,job-listing,1
https://www.searchsarkarinaukri.com/jobs/zilha-parishad-kolhapur-job-opening-at-zilha-parishad-kolhapur-2026--1791,https://www.searchsarkarinaukri.com/sitemap-jobs.xml,2026-06-29,job-listing,1
https://www.searchsarkarinaukri.com/jobs/international-institute-for-population-sciences-mumbai-international-institute-for-population-scienc--1790,https://www.searchsarkarinaukri.com/sitemap-jobs.xml,2026-06-29,job-listing,1
https://www.searchsarkarinaukri.com/jobs/inter-university-centre-for-astronomy-and-astrophysics-job-opening-at-inter-university-centre-for-20--1789,https://www.searchsarkarinaukri.com/sitemap-jobs.xml,2026-06-29,job-listing,1
https://www.searchsarkarinaukri.com/jobs/tata-institute-of-social-sciences-tiss-mumbai-tata-institute-of-social-sciences-tiss-2026--1788,https://www.searchsarkarinaukri.com/sitemap-jobs.xml,2026-06-29,job-listing,1
https://www.searchsarkarinaukri.com/jobs/national-health-mission-zilla-parishad-dhule-apply-for-yoga-instructor-post-at-2026--1787,https://www.searchsarkarinaukri.com/sitemap-jobs.xml,2026-06-29,job-listing,1
https://www.searchsarkarinaukri.com/jobs/pm-shri-kendriya-vidyalaya-diat-girinagar-pune-pm-shri-kendriya-vidyalaya-diat-girinagar-2026--1786,https://www.searchsarkarinaukri.com/sitemap-jobs.xml,2026-06-29,job-listing,1
https://www.searchsarkarinaukri.com/jobs/pm-shri-kendriya-vidyalaya-diat-girinagar-pune-pm-shri-kendriya-vidyalaya-diat-girinagar-2026--1785,https://www.searchsarkarinaukri.com/sitemap-jobs.xml,2026-06-29,job-listing,1
https://www.searchsarkarinaukri.com/jobs/western-coalfields-limited-western-coalfields-limited-recruitment-2026-2026--1784,https://www.searchsarkarinaukri.com/sitemap-jobs.xml,2026-06-29,job-listing,1
https://www.searchsarkarinaukri.com/jobs/tata-institute-of-social-sciences-tiss-apply-for-1-senior-research-officer-2026--1783,https://www.searchsarkarinaukri.com/sitemap-jobs.xml,2026-06-29,job-listing,1
https://www.searchsarkarinaukri.com/jobs/advanced-centre-for-treatment-research-and-education-in-cancer-actrec-advanced-centre-for-treatment--1782,https://www.searchsarkarinaukri.com/sitemap-jobs.xml,2026-06-29,job-listing,1
https://www.searchsarkarinaukri.com/jobs/ex-servicemen-contributory-health-scheme-echs-pune-apply-for-3-medical-officer-and-2026--1781,https://www.searchsarkarinaukri.com/sitemap-jobs.xml,2026-06-29,job-listing,1
https://www.searchsarkarinaukri.com/jobs/international-institute-for-population-sciences-iips-international-institute-for-population-sciences--1780,https://www.searchsarkarinaukri.com/sitemap-jobs.xml,2026-06-29,job-listing,1
https://www.searchsarkarinaukri.com/jobs/international-institute-for-population-sciences-iips-international-institute-for-population-sciences--1779,https://www.searchsarkarinaukri.com/sitemap-jobs.xml,2026-06-29,job-listing,1
https://www.searchsarkarinaukri.com/jobs/akola-urban-cooperative-bank-recruitment-notification-akola-urban-cooperative-bank-2026--1778,https://www.searchsarkarinaukri.com/sitemap-jobs.xml,2026-06-29,job-listing,1
https://www.searchsarkarinaukri.com/jobs/dr-panjabrao-deshmukh-krishi-vidyapeeth-akola-dr-panjabrao-deshmukh-krishi-vidyapeeth-akola-2026--1777,https://www.searchsarkarinaukri.com/sitemap-jobs.xml,2026-06-29,job-listing,1
https://www.searchsarkarinaukri.com/jobs/icar-national-bureau-of-soil-survey-and-land-use-planning-icar-national-bureau-of-soil-survey-and-20--1776,https://www.searchsarkarinaukri.com/sitemap-jobs.xml,2026-07-01,job-listing,1
https://www.searchsarkarinaukri.com/jobs/indian-institute-of-science-education-and-research-pune-job-openings-at-indian-institute-of-2026--1775,https://www.searchsarkarinaukri.com/sitemap-jobs.xml,2026-06-29,job-listing,1
https://www.searchsarkarinaukri.com/jobs/the-institute-of-company-secretaries-of-india-icsi-job-openings-at-the-institute-of-2026--1774,https://www.searchsarkarinaukri.com/sitemap-jobs.xml,2026-06-29,job-listing,1
https://www.searchsarkarinaukri.com/jobs/ex-serviceman-contributory-health-scheme-echs-chhatrapati-sambhajinagar-recruitment-notification-ex--1773,https://www.searchsarkarinaukri.com/sitemap-jobs.xml,2026-07-01,job-listing,1
https://www.searchsarkarinaukri.com/jobs/maharashtra-institution-for-transformation-mitra-recruitment-notification-maharashtra-institution-fo--1772,https://www.searchsarkarinaukri.com/sitemap-jobs.xml,2026-06-29,job-listing,1
https://www.searchsarkarinaukri.com/jobs/csir-national-environmental-engineering-research-institute-nagpur-job-openings-at-csir-national-2026--1771,https://www.searchsarkarinaukri.com/sitemap-jobs.xml,2026-06-29,job-listing,1
https://www.searchsarkarinaukri.com/jobs/defence-institute-of-advanced-technology-pune-job-openings-at-defence-institute-of-2026--1770,https://www.searchsarkarinaukri.com/sitemap-jobs.xml,2026-06-29,job-listing,1
https://www.searchsarkarinaukri.com/jobs/pune-municipal-corporation-pmc-apply-for-13-senior-database-engineer-2026--1769,https://www.searchsarkarinaukri.com/sitemap-jobs.xml,2026-06-29,job-listing,1
https://www.searchsarkarinaukri.com/jobs/debts-recovery-appellate-tribunal-mumbai-debts-recovery-appellate-tribunal-mumbai-2026-2026--1768,https://www.searchsarkarinaukri.com/sitemap-jobs.xml,2026-06-29,job-listing,1
https://www.searchsarkarinaukri.com/jobs/staff-selection-commission-apply-for-376-senior-secretariat-assistant-2026--1767,https://www.searchsarkarinaukri.com/sitemap-jobs.xml,2026-06-29,job-listing,1
https://www.searchsarkarinaukri.com/jobs/csir-national-physical-laboratory-to-assist-the-scientific-and-technical-2026--1766,https://www.searchsarkarinaukri.com/sitemap-jobs.xml,2026-07-01,job-listing,1
https://www.searchsarkarinaukri.com/jobs/department-of-commerce-department-of-commerce-2026--1765,https://www.searchsarkarinaukri.com/sitemap-jobs.xml,2026-07-05,job-listing,1
https://www.searchsarkarinaukri.com/jobs/cebs-mumbai-cebs-mumbai-2026--1764,https://www.searchsarkarinaukri.com/sitemap-jobs.xml,2026-07-16,job-listing,1
https://www.searchsarkarinaukri.com/jobs/maharashtra-institute-of-pharmacy-maharashtra-institute-of-pharmacy-2026--1763,https://www.searchsarkarinaukri.com/sitemap-jobs.xml,2026-06-29,job-listing,1
https://www.searchsarkarinaukri.com/jobs/rail-vikas-nigam-limited-rail-vikas-nigam-limited-2026--1762,https://www.searchsarkarinaukri.com/sitemap-jobs.xml,2026-07-02,job-listing,1
https://www.searchsarkarinaukri.com/jobs/nhm-nagpur-nhm-nagpur-2026--1761,https://www.searchsarkarinaukri.com/sitemap-jobs.xml,2026-06-29,job-listing,1
https://www.searchsarkarinaukri.com/jobs/sameer-mumbai-sameer-mumbai-2026--1760,https://www.searchsarkarinaukri.com/sitemap-jobs.xml,2026-06-29,job-listing,1
https://www.searchsarkarinaukri.com/jobs/bamu-aurangabad-bamu-aurangabad-2026--1759,https://www.searchsarkarinaukri.com/sitemap-jobs.xml,2026-06-29,job-listing,1
https://www.searchsarkarinaukri.com/jobs/nkgsb-co-op-bank-nkgsb-co-op-bank-2026--1758,https://www.searchsarkarinaukri.com/sitemap-jobs.xml,2026-06-29,job-listing,1
https://www.searchsarkarinaukri.com/jobs/shivpratap-nagari-co-op-credit-society-shivpratap-nagari-co-op-credit-society-2026--1757,https://www.searchsarkarinaukri.com/sitemap-jobs.xml,2026-06-29,job-listing,1
https://www.searchsarkarinaukri.com/jobs/nagpur-nagarik-sahakari-bank-nagpur-nagarik-sahakari-bank-2026--1756,https://www.searchsarkarinaukri.com/sitemap-jobs.xml,2026-06-29,job-listing,1
https://www.searchsarkarinaukri.com/jobs/rayat-shikshan-sanstha-satara-rayat-shikshan-sanstha-satara-2026--1755,https://www.searchsarkarinaukri.com/sitemap-jobs.xml,2026-06-29,job-listing,1
https://www.searchsarkarinaukri.com/jobs/panjabrao-deshmukh-krishi-vidyapeeth-akola-panjabrao-deshmukh-krishi-vidyapeeth-akola-2026--1754,https://www.searchsarkarinaukri.com/sitemap-jobs.xml,2026-06-29,job-listing,1
https://www.searchsarkarinaukri.com/jobs/jspm-latur-jspm-latur-2026--1753,https://www.searchsarkarinaukri.com/sitemap-jobs.xml,2026-06-29,job-listing,1
https://www.searchsarkarinaukri.com/jobs/nit-nagpur-nit-nagpur-2026--1752,https://www.searchsarkarinaukri.com/sitemap-jobs.xml,2026-06-29,job-listing,1
https://www.searchsarkarinaukri.com/jobs/staff-selection-commission-staff-selection-commission-2026--1751,https://www.searchsarkarinaukri.com/sitemap-jobs.xml,2026-06-29,job-listing,1
https://www.searchsarkarinaukri.com/jobs/rrb-alp-rrb-alp-2026--1750,https://www.searchsarkarinaukri.com/sitemap-jobs.xml,2026-06-29,job-listing,1
https://www.searchsarkarinaukri.com/jobs/neeri-nagpur-neeri-nagpur-2026--1749,https://www.searchsarkarinaukri.com/sitemap-jobs.xml,2026-06-29,job-listing,1
https://www.searchsarkarinaukri.com/jobs/balmer-lawrie-company-balmer-lawrie-company-2026--1748,https://www.searchsarkarinaukri.com/sitemap-jobs.xml,2026-06-29,job-listing,1
https://www.searchsarkarinaukri.com/jobs/bharati-vidyapeeth-pune-bharati-vidyapeeth-pune-2026--1747,https://www.searchsarkarinaukri.com/sitemap-jobs.xml,2026-06-29,job-listing,1
https://www.searchsarkarinaukri.com/jobs/mitl-mumbai-mitl-mumbai-2026--1746,https://www.searchsarkarinaukri.com/sitemap-jobs.xml,2026-06-29,job-listing,1
https://www.searchsarkarinaukri.com/jobs/mitra-mitra-2026--1745,https://www.searchsarkarinaukri.com/sitemap-jobs.xml,2026-06-29,job-listing,1
https://www.searchsarkarinaukri.com/jobs/high-explosives-factory-khadki-pune-high-explosives-factory-khadki-pune-2026--1744,https://www.searchsarkarinaukri.com/sitemap-jobs.xml,2026-06-29,job-listing,1
https://www.searchsarkarinaukri.com/jobs/trai-trai-2026--1743,https://www.searchsarkarinaukri.com/sitemap-jobs.xml,2026-06-30,job-listing,1
https://www.searchsarkarinaukri.com/jobs/maharashtra-mahavidyalaya-nilanga-maharashtra-mahavidyalaya-nilanga-2026--1742,https://www.searchsarkarinaukri.com/sitemap-jobs.xml,2026-06-29,job-listing,1
https://www.searchsarkarinaukri.com/jobs/actrec-mumbai-actrec-mumbai-2026--1741,https://www.searchsarkarinaukri.com/sitemap-jobs.xml,2026-06-29,job-listing,1
https://www.searchsarkarinaukri.com/jobs/pharate-patil-ayurvedic-medical-college-pharate-patil-ayurvedic-medical-college-2026--1740,https://www.searchsarkarinaukri.com/sitemap-jobs.xml,2026-06-29,job-listing,1
https://www.searchsarkarinaukri.com/jobs/tmc-mumbai-tmc-mumbai-2026--1739,https://www.searchsarkarinaukri.com/sitemap-jobs.xml,2026-06-29,job-listing,1
https://www.searchsarkarinaukri.com/jobs/hq-southern-command-pune-hq-southern-command-pune-2026--1738,https://www.searchsarkarinaukri.com/sitemap-jobs.xml,2026-07-07,job-listing,1
https://www.searchsarkarinaukri.com/jobs/drdo-drde-drdo-drde-2026--1737,https://www.searchsarkarinaukri.com/sitemap-jobs.xml,2026-06-29,job-listing,1
https://www.searchsarkarinaukri.com/jobs/national-crafts-museum-hastkala-academy-national-crafts-museum-hastkala-academy-2026--1736,https://www.searchsarkarinaukri.com/sitemap-jobs.xml,2026-06-29,job-listing,1
https://www.searchsarkarinaukri.com/jobs/echs-chha-sambhajinagar-echs-chha-sambhajinagar-2026--1735,https://www.searchsarkarinaukri.com/sitemap-jobs.xml,2026-07-01,job-listing,1
https://www.searchsarkarinaukri.com/jobs/niti-aayog-niti-aayog-2026--1734,https://www.searchsarkarinaukri.com/sitemap-jobs.xml,2026-07-08,job-listing,1
https://www.searchsarkarinaukri.com/jobs/maharashtra-education-society-pune-maharashtra-education-society-pune-2026--1733,https://www.searchsarkarinaukri.com/sitemap-jobs.xml,2026-06-29,job-listing,1
https://www.searchsarkarinaukri.com/jobs/rrap-cari-mumbai-rrap-cari-mumbai-2026--1732,https://www.searchsarkarinaukri.com/sitemap-jobs.xml,2026-06-29,job-listing,1
https://www.searchsarkarinaukri.com/jobs/mumbai-port-trust-mumbai-port-trust-2026--1731,https://www.searchsarkarinaukri.com/sitemap-jobs.xml,2026-07-07,job-listing,1
https://www.searchsarkarinaukri.com/jobs/central-vigilance-commission-central-vigilance-commission-2026--1730,https://www.searchsarkarinaukri.com/sitemap-jobs.xml,2026-07-26,job-listing,1
https://www.searchsarkarinaukri.com/jobs/kendriya-vidyalaya-pune-kendriya-vidyalaya-pune-2026--1729,https://www.searchsarkarinaukri.com/sitemap-jobs.xml,2026-06-29,job-listing,1
https://www.searchsarkarinaukri.com/jobs/deccan-education-society-deccan-education-society-2026--1728,https://www.searchsarkarinaukri.com/sitemap-jobs.xml,2026-06-29,job-listing,1
https://www.searchsarkarinaukri.com/jobs/drt-drt-2026--1727,https://www.searchsarkarinaukri.com/sitemap-jobs.xml,2026-06-29,job-listing,1
https://www.searchsarkarinaukri.com/jobs/secl-secl-2026--1726,https://www.searchsarkarinaukri.com/sitemap-jobs.xml,2026-07-02,job-listing,1
https://www.searchsarkarinaukri.com/jobs/tata-memorial-centre-tata-memorial-centre-2026--1725,https://www.searchsarkarinaukri.com/sitemap-jobs.xml,2026-06-29,job-listing,1
https://www.searchsarkarinaukri.com/jobs/shri-saibaba-sansthan-shri-saibaba-sansthan-2026--1724,https://www.searchsarkarinaukri.com/sitemap-jobs.xml,2026-06-29,job-listing,1
https://www.searchsarkarinaukri.com/jobs/securities-and-exchange-board-of-india-securities-and-exchange-board-2026--1723,https://www.searchsarkarinaukri.com/sitemap-jobs.xml,2026-07-01,job-listing,1
https://www.searchsarkarinaukri.com/jobs/ministry-of-ayush-ministry-of-ayush-2026--1722,https://www.searchsarkarinaukri.com/sitemap-jobs.xml,2026-07-31,job-listing,1
https://www.searchsarkarinaukri.com/jobs/nit-nashik-nit-nashik-2026--1721,https://www.searchsarkarinaukri.com/sitemap-jobs.xml,2026-06-29,job-listing,1
https://www.searchsarkarinaukri.com/jobs/esic-esic-2026--1720,https://www.searchsarkarinaukri.com/sitemap-jobs.xml,2026-07-28,job-listing,1
https://www.searchsarkarinaukri.com/jobs/sbi-apprentice-sbi-apprentice-2026--1719,https://www.searchsarkarinaukri.com/sitemap-jobs.xml,2026-06-29,job-listing,1
https://www.searchsarkarinaukri.com/jobs/upsc-nda-upsc-nda-2026--1718,https://www.searchsarkarinaukri.com/sitemap-jobs.xml,2026-06-29,job-listing,1
https://www.searchsarkarinaukri.com/jobs/upsc-cds-upsc-cds-2026--1717,https://www.searchsarkarinaukri.com/sitemap-jobs.xml,2026-06-29,job-listing,1
https://www.searchsarkarinaukri.com/jobs/pune-peoples-bank-pune-peoples-bank-2026--1716,https://www.searchsarkarinaukri.com/sitemap-jobs.xml,2026-06-29,job-listing,1
https://www.searchsarkarinaukri.com/jobs/iips-mumbai-iips-mumbai-2026--1715,https://www.searchsarkarinaukri.com/sitemap-jobs.xml,2026-06-29,job-listing,1
https://www.searchsarkarinaukri.com/jobs/northern-coalfields-limited-northern-coalfields-limited-2026--1714,https://www.searchsarkarinaukri.com/sitemap-jobs.xml,2026-06-29,job-listing,1
https://www.searchsarkarinaukri.com/jobs/national-ayush-mission-national-ayush-mission-2026--1713,https://www.searchsarkarinaukri.com/sitemap-jobs.xml,2026-06-29,job-listing,1
https://www.searchsarkarinaukri.com/jobs/ccari-goa-ccari-goa-2026--1712,https://www.searchsarkarinaukri.com/sitemap-jobs.xml,2026-06-29,job-listing,1
https://www.searchsarkarinaukri.com/jobs/deendayal-port-trust-deendayal-port-trust-2026--1711,https://www.searchsarkarinaukri.com/sitemap-jobs.xml,2026-06-29,job-listing,1
https://www.searchsarkarinaukri.com/jobs/glc-mumbai-glc-mumbai-2026--1710,https://www.searchsarkarinaukri.com/sitemap-jobs.xml,2026-06-29,job-listing,1
https://www.searchsarkarinaukri.com/jobs/pune-mahanagarpalika-pune-mahanagarpalika-2026--1709,https://www.searchsarkarinaukri.com/sitemap-jobs.xml,2026-08-12,job-listing,1
https://www.searchsarkarinaukri.com/jobs/rajkot-nagarik-sahakari-bank-rajkot-nagarik-sahakari-bank-2026--1708,https://www.searchsarkarinaukri.com/sitemap-jobs.xml,2026-06-29,job-listing,1
https://www.searchsarkarinaukri.com/jobs/ict-mumbai-ict-mumbai-2026--1707,https://www.searchsarkarinaukri.com/sitemap-jobs.xml,2026-07-07,job-listing,1
https://www.searchsarkarinaukri.com/jobs/hindustan-aeronautics-limited-hindustan-aeronautics-limited-2026--1706,https://www.searchsarkarinaukri.com/sitemap-jobs.xml,2026-06-29,job-listing,1
https://www.searchsarkarinaukri.com/jobs/job-2026--1705,https://www.searchsarkarinaukri.com/sitemap-jobs.xml,2026-06-29,job-listing,1
https://www.searchsarkarinaukri.com/jobs/bob-capital-markets-ltd-bobcaps-bobcaps-recruitment-2026-business-development-2026--1684,https://www.searchsarkarinaukri.com/sitemap-jobs.xml,2026-06-29,job-listing,1
https://www.searchsarkarinaukri.com/jobs/hll-lifecare-limited-hll-lifecare-recruitment-2026-146-2026--1683,https://www.searchsarkarinaukri.com/sitemap-jobs.xml,2026-06-29,job-listing,1
https://www.searchsarkarinaukri.com/jobs/mumbai-port-authority-mbpa-medical-department-mumbai-port-authority-recruitment-2026-2026--1682,https://www.searchsarkarinaukri.com/sitemap-jobs.xml,2026-06-30,job-listing,1
https://www.searchsarkarinaukri.com/jobs/indira-gandhi-institute-of-development-research-igidr-igidr-recruitment-2026-12-non-teaching-2026--1681,https://www.searchsarkarinaukri.com/sitemap-jobs.xml,2026-06-29,job-listing,1
https://www.searchsarkarinaukri.com/jobs/rashtriya-chemicals-and-fertilizers-limited-rcf-recruitment-2026-46-honorary-2026--1680,https://www.searchsarkarinaukri.com/sitemap-jobs.xml,2026-08-01,job-listing,1
https://www.searchsarkarinaukri.com/jobs/brihanmumbai-municipal-corporation-bmc-bmc-recruitment-2026-7-medical-2026--1679,https://www.searchsarkarinaukri.com/sitemap-jobs.xml,2026-06-29,job-listing,1
https://www.searchsarkarinaukri.com/jobs/national-institute-of-translational-virology-and-aids-research-icmr-nitvar-icmr-nitvar-recruitment-2--1678,https://www.searchsarkarinaukri.com/sitemap-jobs.xml,2026-06-29,job-listing,1
https://www.searchsarkarinaukri.com/jobs/mumbai-port-authority-mbpa-mumbai-port-authority-recruitment-2026-2026--1677,https://www.searchsarkarinaukri.com/sitemap-jobs.xml,2026-06-29,job-listing,1
https://www.searchsarkarinaukri.com/jobs/tata-institute-of-social-sciences-tiss-tiss-recruitment-2026-3-research-2026--1676,https://www.searchsarkarinaukri.com/sitemap-jobs.xml,2026-06-29,job-listing,1
https://www.searchsarkarinaukri.com/jobs/tata-institute-of-social-sciences-tiss-tiss-recruitment-2026-6-project-2026--1675,https://www.searchsarkarinaukri.com/sitemap-jobs.xml,2026-06-29,job-listing,1
https://www.searchsarkarinaukri.com/jobs/tata-institute-of-social-sciences-tiss-tiss-recruitment-2026-1-academic-2026--1674,https://www.searchsarkarinaukri.com/sitemap-jobs.xml,2026-06-29,job-listing,1
https://www.searchsarkarinaukri.com/jobs/tata-memorial-centre-tmc-recruitment-2026-1-clinical-2026--1673,https://www.searchsarkarinaukri.com/sitemap-jobs.xml,2026-06-29,job-listing,1
https://www.searchsarkarinaukri.com/jobs/csir-national-environmental-engineering-research-institute-csir-neeri-recruitment-2026-1-project-202--1672,https://www.searchsarkarinaukri.com/sitemap-jobs.xml,2026-06-29,job-listing,1
https://www.searchsarkarinaukri.com/jobs/national-environmental-engineering-research-institute-csir-neeri-recruitment-2026-1-2026--1671,https://www.searchsarkarinaukri.com/sitemap-jobs.xml,2026-06-29,job-listing,1
https://www.searchsarkarinaukri.com/jobs/ex-serviceman-contributory-health-scheme-echs-mumbai-echs-mumbai-recruitment-2026-10-2026--1670,https://www.searchsarkarinaukri.com/sitemap-jobs.xml,2026-06-29,job-listing,1
https://www.searchsarkarinaukri.com/jobs/maharashtra-state-electricity-transmission-company-ltd-mahapareshan-msetcl-chandrapur-recruitment-20--1669,https://www.searchsarkarinaukri.com/sitemap-jobs.xml,2026-06-29,job-listing,1
https://www.searchsarkarinaukri.com/jobs/tourism-and-cultural-affairs-department-government-of-maharashtra-tourism-and-cultural-affairs-dept--1668,https://www.searchsarkarinaukri.com/sitemap-jobs.xml,2026-06-29,job-listing,1
https://www.searchsarkarinaukri.com/jobs/visvesvaraya-national-institute-of-technology-nagpur-vnit-nagpur-recruitment-2026-02-2026--1667,https://www.searchsarkarinaukri.com/sitemap-jobs.xml,2026-06-29,job-listing,1
https://www.searchsarkarinaukri.com/jobs/mumbai-port-authority-mbpa-mumbai-port-authority-recruitment-2026-2026--1666,https://www.searchsarkarinaukri.com/sitemap-jobs.xml,2026-06-30,job-listing,1
https://www.searchsarkarinaukri.com/jobs/rashtriya-chemicals-and-fertilizers-limited-mumbai-rcfl-mumbai-recruitment-2026-46-2026--1665,https://www.searchsarkarinaukri.com/sitemap-jobs.xml,2026-08-01,job-listing,1
https://www.searchsarkarinaukri.com/jobs/tuberculosis-hospital-group-sewri-mumbai-tb-hospital-sewri-recruitment-2026-2026--1664,https://www.searchsarkarinaukri.com/sitemap-jobs.xml,2026-06-29,job-listing,1
https://www.searchsarkarinaukri.com/jobs/indian-port-rail-ropeway-corporation-limited-iprcl-recruitment-2026-02-chief-2026--1663,https://www.searchsarkarinaukri.com/sitemap-jobs.xml,2026-06-29,job-listing,1
https://www.searchsarkarinaukri.com/jobs/thane-mahanagarpalika-thane-municipal-corporation-thane-municipal-corporation-recruitment-2026-2026--1662,https://www.searchsarkarinaukri.com/sitemap-jobs.xml,2026-06-29,job-listing,1
https://www.searchsarkarinaukri.com/jobs/bramhapuri-forest-division-chandrapur-bramhapuri-forest-division-recruitment-2026-2026--1661,https://www.searchsarkarinaukri.com/sitemap-jobs.xml,2026-06-29,job-listing,1
https://www.searchsarkarinaukri.com/jobs/animal-welfare-board-of-india-mo-fisheries-animal-husbandry-dairying-recruitment-for-the-post-of-ste--1660,https://www.searchsarkarinaukri.com/sitemap-jobs.xml,2026-06-29,job-listing,1
https://www.searchsarkarinaukri.com/jobs/lal-bahadur-shastri-national-academy-of-administration-lbsnaa-deputation-for-the-post-of-administrat--1659,https://www.searchsarkarinaukri.com/sitemap-jobs.xml,2026-06-29,job-listing,1
https://www.searchsarkarinaukri.com/jobs/national-disaster-management-authority-deputation-for-the-post-of-senior-2026--1658,https://www.searchsarkarinaukri.com/sitemap-jobs.xml,2026-06-29,job-listing,1
https://www.searchsarkarinaukri.com/jobs/national-disaster-management-authority-deputation-for-the-post-of-senior-2026--1657,https://www.searchsarkarinaukri.com/sitemap-jobs.xml,2026-06-29,job-listing,1
https://www.searchsarkarinaukri.com/jobs/national-disaster-management-authority-deputation-for-the-post-of-senior-2026--1656,https://www.searchsarkarinaukri.com/sitemap-jobs.xml,2026-06-29,job-listing,1
https://www.searchsarkarinaukri.com/jobs/national-disaster-management-authority-deputation-for-the-post-of-senior-2026--1655,https://www.searchsarkarinaukri.com/sitemap-jobs.xml,2026-06-29,job-listing,1
https://www.searchsarkarinaukri.com/jobs/national-disaster-management-authority-deputation-for-the-post-of-consultant-2026--1654,https://www.searchsarkarinaukri.com/sitemap-jobs.xml,2026-06-29,job-listing,1
https://www.searchsarkarinaukri.com/jobs/nalco-national-aluminium-company-limited-recruitment-for-the-post-of-non-2026--1653,https://www.searchsarkarinaukri.com/sitemap-jobs.xml,2026-06-29,job-listing,1
https://www.searchsarkarinaukri.com/jobs/national-disaster-management-authority-deputation-for-the-post-of-senior-2026--1652,https://www.searchsarkarinaukri.com/sitemap-jobs.xml,2026-07-01,job-listing,1
https://www.searchsarkarinaukri.com/jobs/national-commission-for-minorities-educational-institutions-recruitment-for-the-post-of-deputy-2026--1651,https://www.searchsarkarinaukri.com/sitemap-jobs.xml,2026-08-07,job-listing,1
https://www.searchsarkarinaukri.com/jobs/sainik-school-ambikapur-recruitment-for-the-post-of-trained-2026--1650,https://www.searchsarkarinaukri.com/sitemap-jobs.xml,2026-06-29,job-listing,1
https://www.searchsarkarinaukri.com/jobs/national-power-training-institute-recruitment-for-the-post-of-consultant-2026--1649,https://www.searchsarkarinaukri.com/sitemap-jobs.xml,2026-06-29,job-listing,1
https://www.searchsarkarinaukri.com/jobs/job-2026--1647,https://www.searchsarkarinaukri.com/sitemap-jobs.xml,2026-08-13,job-listing,1
https://www.searchsarkarinaukri.com/jobs/bsnl-bsnl-2026--1646,https://www.searchsarkarinaukri.com/sitemap-jobs.xml,2026-06-29,job-listing,1
https://www.searchsarkarinaukri.com/jobs/job-2026--1645,https://www.searchsarkarinaukri.com/sitemap-jobs.xml,2026-06-29,job-listing,1
https://www.searchsarkarinaukri.com/jobs/indian-council-of-medical-research-scientific-positions-2026--1644,https://www.searchsarkarinaukri.com/sitemap-jobs.xml,2026-07-11,job-listing,1
https://www.searchsarkarinaukri.com/jobs/mecon-limited-recruitment-of-experienced-personnel-in-the-2026--1643,https://www.searchsarkarinaukri.com/sitemap-jobs.xml,2026-06-29,job-listing,1
https://www.searchsarkarinaukri.com/jobs/csir-cimfr-recruitment-of-project-staffs-2026--1642,https://www.searchsarkarinaukri.com/sitemap-jobs.xml,2026-06-29,job-listing,1
https://www.searchsarkarinaukri.com/jobs/sir-central-food-technological-research-institute-engagement-to-project-associate-i-2026--1637,https://www.searchsarkarinaukri.com/sitemap-jobs.xml,2026-06-29,job-listing,1
https://www.searchsarkarinaukri.com/jobs/cdac-cdac-2026--1636,https://www.searchsarkarinaukri.com/sitemap-jobs.xml,2026-06-29,job-listing,1
https://www.searchsarkarinaukri.com/jobs/job-2026--1635,https://www.searchsarkarinaukri.com/sitemap-jobs.xml,2026-06-29,job-listing,1
https://www.searchsarkarinaukri.com/jobs/job-2026--1634,https://www.searchsarkarinaukri.com/sitemap-jobs.xml,2026-07-16,job-listing,1
https://www.searchsarkarinaukri.com/jobs/icar-nbpgr-project-associate-i-icar-nbpgr-2026--1633,https://www.searchsarkarinaukri.com/sitemap-jobs.xml,2026-06-29,job-listing,1
https://www.searchsarkarinaukri.com/jobs/job-2026--1632,https://www.searchsarkarinaukri.com/sitemap-jobs.xml,2026-07-08,job-listing,1
https://www.searchsarkarinaukri.com/jobs/job-2026--1631,https://www.searchsarkarinaukri.com/sitemap-jobs.xml,2026-06-29,job-listing,1
https://www.searchsarkarinaukri.com/jobs/indian-agricultural-statistics-research-institute-hiring-contractual-staff-2026--1630,https://www.searchsarkarinaukri.com/sitemap-jobs.xml,2026-06-29,job-listing,1
https://www.searchsarkarinaukri.com/jobs/indian-institute-of-astrophysics-upper-division-clerk-2026--1629,https://www.searchsarkarinaukri.com/sitemap-jobs.xml,2026-06-30,job-listing,1
https://www.searchsarkarinaukri.com/jobs/balmer-lawrie-and-company-limited-junior-officer-or-officer-commercial-2026--1627,https://www.searchsarkarinaukri.com/sitemap-jobs.xml,2026-06-29,job-listing,1
https://www.searchsarkarinaukri.com/jobs/icar-sugarcane-breeding-institute-young-professional-i-2026--1626,https://www.searchsarkarinaukri.com/sitemap-jobs.xml,2026-06-29,job-listing,1
https://www.searchsarkarinaukri.com/jobs/icar-sugarcane-breeding-institute-young-professional-ii-2026--1625,https://www.searchsarkarinaukri.com/sitemap-jobs.xml,2026-06-29,job-listing,1
https://www.searchsarkarinaukri.com/jobs/icar-sugarcane-breeding-institute-skilled-worker-2026--1623,https://www.searchsarkarinaukri.com/sitemap-jobs.xml,2026-06-29,job-listing,1
https://www.searchsarkarinaukri.com/jobs/harish-chandra-research-institute-project-assistant-harish-chandra-research-institute-2026--1622,https://www.searchsarkarinaukri.com/sitemap-jobs.xml,2026-07-01,job-listing,1
https://www.searchsarkarinaukri.com/jobs/harish-chandra-research-institute-project-supevisor-2026--1621,https://www.searchsarkarinaukri.com/sitemap-jobs.xml,2026-07-01,job-listing,1
https://www.searchsarkarinaukri.com/jobs/indian-council-of-forestry-research-amp-education-icfre-financial-advisor-2026--1620,https://www.searchsarkarinaukri.com/sitemap-jobs.xml,2026-07-16,job-listing,1
https://www.searchsarkarinaukri.com/jobs/harish-chandra-research-institute-project-system-manager-2026--1619,https://www.searchsarkarinaukri.com/sitemap-jobs.xml,2026-07-01,job-listing,1
https://www.searchsarkarinaukri.com/jobs/rashtriya-chemicals-and-fertilizers-limited-director-technical-2026--1618,https://www.searchsarkarinaukri.com/sitemap-jobs.xml,2026-06-29,job-listing,1
https://www.searchsarkarinaukri.com/jobs/job-2026--1617,https://www.searchsarkarinaukri.com/sitemap-jobs.xml,2026-06-29,job-listing,1
https://www.searchsarkarinaukri.com/jobs/balmer-lawrie-and-company-limited-assistant-manager-sales-private-2026--1616,https://www.searchsarkarinaukri.com/sitemap-jobs.xml,2026-06-29,job-listing,1
https://www.searchsarkarinaukri.com/jobs/balmer-lawrie-and-company-limited-assistant-manager-mice-govt-and-psu-2026--1615,https://www.searchsarkarinaukri.com/sitemap-jobs.xml,2026-06-29,job-listing,1
https://www.searchsarkarinaukri.com/jobs/balmer-lawrie-and-company-limited-officer-mice-operations-2026--1614,https://www.searchsarkarinaukri.com/sitemap-jobs.xml,2026-06-29,job-listing,1
https://www.searchsarkarinaukri.com/jobs/balmer-lawrie-and-company-limited-officer-commerical-corporate-2026--1613,https://www.searchsarkarinaukri.com/sitemap-jobs.xml,2026-06-29,job-listing,1
https://www.searchsarkarinaukri.com/jobs/balmer-lawrie-and-company-limited-manager-creative-and-design-2026--1612,https://www.searchsarkarinaukri.com/sitemap-jobs.xml,2026-06-29,job-listing,1
https://www.searchsarkarinaukri.com/jobs/balmer-lawrie-and-company-limited-junior-officer-collections-2026--1609,https://www.searchsarkarinaukri.com/sitemap-jobs.xml,2026-06-29,job-listing,1
https://www.searchsarkarinaukri.com/jobs/balmer-lawrie-and-company-limited-officer-it-2026--1608,https://www.searchsarkarinaukri.com/sitemap-jobs.xml,2026-06-29,job-listing,1
https://www.searchsarkarinaukri.com/jobs/balmer-lawrie-and-company-limited-manager-s-and-m-private-customer-2026--1607,https://www.searchsarkarinaukri.com/sitemap-jobs.xml,2026-06-29,job-listing,1
https://www.searchsarkarinaukri.com/jobs/balmer-lawrie-and-company-limited-manager-key-account-manager-2026--1606,https://www.searchsarkarinaukri.com/sitemap-jobs.xml,2026-06-29,job-listing,1
https://www.searchsarkarinaukri.com/jobs/balmer-lawrie-and-company-limited-deputy-manager-key-account-manager-2026--1605,https://www.searchsarkarinaukri.com/sitemap-jobs.xml,2026-06-29,job-listing,1
https://www.searchsarkarinaukri.com/jobs/balmer-lawrie-and-company-limited-assistant-manager-a-and-f-2026--1604,https://www.searchsarkarinaukri.com/sitemap-jobs.xml,2026-06-29,job-listing,1
https://www.searchsarkarinaukri.com/jobs/balmer-lawrie-and-company-limited-officer-travel-chartered-2026--1603,https://www.searchsarkarinaukri.com/sitemap-jobs.xml,2026-06-29,job-listing,1
https://www.searchsarkarinaukri.com/jobs/balmer-lawrie-and-company-limited-officer-commercial-2026--1602,https://www.searchsarkarinaukri.com/sitemap-jobs.xml,2026-06-29,job-listing,1
https://www.searchsarkarinaukri.com/jobs/balmer-lawrie-and-company-limited-assistant-manager-commercial-2026--1601,https://www.searchsarkarinaukri.com/sitemap-jobs.xml,2026-06-29,job-listing,1
https://www.searchsarkarinaukri.com/jobs/balmer-lawrie-and-company-limited-assistant-manager-travel-2026--1599,https://www.searchsarkarinaukri.com/sitemap-jobs.xml,2026-06-29,job-listing,1
https://www.searchsarkarinaukri.com/jobs/balmer-lawrie-and-company-limited-officer-travel-2026--1598,https://www.searchsarkarinaukri.com/sitemap-jobs.xml,2026-06-29,job-listing,1
https://www.searchsarkarinaukri.com/jobs/balmer-lawrie-and-company-limited-officer-ticketing-mice-2026--1597,https://www.searchsarkarinaukri.com/sitemap-jobs.xml,2026-06-29,job-listing,1
https://www.searchsarkarinaukri.com/jobs/drdo-drdo-2026--1596,https://www.searchsarkarinaukri.com/sitemap-jobs.xml,2026-06-29,job-listing,1
https://www.searchsarkarinaukri.com/jobs/nfl-nfl-2026--1595,https://www.searchsarkarinaukri.com/sitemap-jobs.xml,2026-06-29,job-listing,1
https://www.searchsarkarinaukri.com/jobs/cochin-shipyard-ltd-driver-staff-car-on-contract-basis-2026--1594,https://www.searchsarkarinaukri.com/sitemap-jobs.xml,2026-06-29,job-listing,1
https://www.searchsarkarinaukri.com/jobs/job-2026--1593,https://www.searchsarkarinaukri.com/sitemap-jobs.xml,2026-06-29,job-listing,1
https://www.searchsarkarinaukri.com/jobs/job-2026--1592,https://www.searchsarkarinaukri.com/sitemap-jobs.xml,2026-06-29,job-listing,1
https://www.searchsarkarinaukri.com/jobs/sports-authority-of-india-assistant-coach-on-deputation-2026--1590,https://www.searchsarkarinaukri.com/sitemap-jobs.xml,2026-06-29,job-listing,1
https://www.searchsarkarinaukri.com/jobs/csir-national-institute-of-oceanography-project-scientist-ii-2026--1585,https://www.searchsarkarinaukri.com/sitemap-jobs.xml,2026-06-29,job-listing,1
https://www.searchsarkarinaukri.com/jobs/national-health-systems-resource-centre-consultant-community-processes-comprehensive-primary-healthc--1581,https://www.searchsarkarinaukri.com/sitemap-jobs.xml,2026-06-29,job-listing,1
https://www.searchsarkarinaukri.com/jobs/job-2026--1580,https://www.searchsarkarinaukri.com/sitemap-jobs.xml,2026-06-29,job-listing,1
https://www.searchsarkarinaukri.com/jobs/rashtriya-ispat-nigam-ltd-director-personnel-2026--1579,https://www.searchsarkarinaukri.com/sitemap-jobs.xml,2026-06-29,job-listing,1
https://www.searchsarkarinaukri.com/jobs/job-2026--1578,https://www.searchsarkarinaukri.com/sitemap-jobs.xml,2026-06-29,job-listing,1
https://www.searchsarkarinaukri.com/jobs/sai-sai-2026--1577,https://www.searchsarkarinaukri.com/sitemap-jobs.xml,2026-08-05,job-listing,1
https://www.searchsarkarinaukri.com/jobs/bsnl-bsnl-2026--1576,https://www.searchsarkarinaukri.com/sitemap-jobs.xml,2026-07-04,job-listing,1
https://www.searchsarkarinaukri.com/jobs/csir-national-institute-of-oceanography-project-associate-i-csir-national-institute-2026--1574,https://www.searchsarkarinaukri.com/sitemap-jobs.xml,2026-06-29,job-listing,1
https://www.searchsarkarinaukri.com/jobs/csir-ccmb-technician-driver-and-technical-officer-2026--1573,https://www.searchsarkarinaukri.com/sitemap-jobs.xml,2026-06-29,job-listing,1
https://www.searchsarkarinaukri.com/jobs/yantra-india-limited-company-secretary-2026--1572,https://www.searchsarkarinaukri.com/sitemap-jobs.xml,2026-06-29,job-listing,1
https://www.searchsarkarinaukri.com/jobs/steel-authority-of-india-ltd-director-finance-sail-2026--1571,https://www.searchsarkarinaukri.com/sitemap-jobs.xml,2026-06-29,job-listing,1
https://www.searchsarkarinaukri.com/jobs/job-2026--1570,https://www.searchsarkarinaukri.com/sitemap-jobs.xml,2026-06-29,job-listing,1
https://www.searchsarkarinaukri.com/jobs/job-2026--1569,https://www.searchsarkarinaukri.com/sitemap-jobs.xml,2026-06-29,job-listing,1
https://www.searchsarkarinaukri.com/jobs/job-2026--1568,https://www.searchsarkarinaukri.com/sitemap-jobs.xml,2026-06-29,job-listing,1
https://www.searchsarkarinaukri.com/jobs/job-2026--1567,https://www.searchsarkarinaukri.com/sitemap-jobs.xml,2026-06-29,job-listing,1
https://www.searchsarkarinaukri.com/jobs/job-2026--1565,https://www.searchsarkarinaukri.com/sitemap-jobs.xml,2026-06-29,job-listing,1
https://www.searchsarkarinaukri.com/jobs/job-2026--1564,https://www.searchsarkarinaukri.com/sitemap-jobs.xml,2026-07-01,job-listing,1
https://www.searchsarkarinaukri.com/jobs/national-backwad-classes-finance-and-development-corporation-managing-director-2026--1563,https://www.searchsarkarinaukri.com/sitemap-jobs.xml,2026-06-29,job-listing,1
https://www.searchsarkarinaukri.com/jobs/the-fertilisers-and-chemicals-travancore-limited-director-finance-2026--1562,https://www.searchsarkarinaukri.com/sitemap-jobs.xml,2026-06-29,job-listing,1
https://www.searchsarkarinaukri.com/jobs/rites-limited-civil-engineer-2026--1561,https://www.searchsarkarinaukri.com/sitemap-jobs.xml,2026-06-29,job-listing,1
https://www.searchsarkarinaukri.com/jobs/aero-plast-ltd-fresher-2026--1560,https://www.searchsarkarinaukri.com/sitemap-jobs.xml,2026-08-25,job-listing,1
https://www.searchsarkarinaukri.com/jobs/exim-exim-2026--1559,https://www.searchsarkarinaukri.com/sitemap-jobs.xml,2026-06-29,job-listing,1
https://www.searchsarkarinaukri.com/jobs/nia-2026--1558,https://www.searchsarkarinaukri.com/sitemap-jobs.xml,2026-06-29,job-listing,1
https://www.searchsarkarinaukri.com/jobs/sail-sail-2026--1557,https://www.searchsarkarinaukri.com/sitemap-jobs.xml,2026-06-29,job-listing,1
https://www.searchsarkarinaukri.com/jobs/tata-institute-of-fundamental-research-administrative-officer-c-2026--1556,https://www.searchsarkarinaukri.com/sitemap-jobs.xml,2026-06-29,job-listing,1
https://www.searchsarkarinaukri.com/jobs/balmer-lawrie-and-company-limited-executive-trainee-2026--1554,https://www.searchsarkarinaukri.com/sitemap-jobs.xml,2026-06-29,job-listing,1
https://www.searchsarkarinaukri.com/jobs/national-institute-of-design-assam-senior-assistant-finance-and-accounts-2026--1553,https://www.searchsarkarinaukri.com/sitemap-jobs.xml,2026-06-29,job-listing,1
https://www.searchsarkarinaukri.com/jobs/job-2026--1552,https://www.searchsarkarinaukri.com/sitemap-jobs.xml,2026-06-29,job-listing,1
https://www.searchsarkarinaukri.com/jobs/job-2026--1550,https://www.searchsarkarinaukri.com/sitemap-jobs.xml,2026-06-29,job-listing,1
https://www.searchsarkarinaukri.com/jobs/navy-navy-2026--1549,https://www.searchsarkarinaukri.com/sitemap-jobs.xml,2026-06-29,job-listing,1
https://www.searchsarkarinaukri.com/jobs/job-2026--1539,https://www.searchsarkarinaukri.com/sitemap-jobs.xml,2026-06-29,job-listing,1
https://www.searchsarkarinaukri.com/jobs/job-2026--1538,https://www.searchsarkarinaukri.com/sitemap-jobs.xml,2026-06-29,job-listing,1
https://www.searchsarkarinaukri.com/jobs/job-2026--1537,https://www.searchsarkarinaukri.com/sitemap-jobs.xml,2026-06-29,job-listing,1
https://www.searchsarkarinaukri.com/jobs/job-2026--1536,https://www.searchsarkarinaukri.com/sitemap-jobs.xml,2026-06-29,job-listing,1
https://www.searchsarkarinaukri.com/jobs/csir-ccmb-technician-2026--1531,https://www.searchsarkarinaukri.com/sitemap-jobs.xml,2026-06-29,job-listing,1
https://www.searchsarkarinaukri.com/jobs/csir-ccmb-driver-2026--1530,https://www.searchsarkarinaukri.com/sitemap-jobs.xml,2026-06-29,job-listing,1
https://www.searchsarkarinaukri.com/jobs/csir-ccmb-technical-officer-2026--1529,https://www.searchsarkarinaukri.com/sitemap-jobs.xml,2026-06-29,job-listing,1
https://www.searchsarkarinaukri.com/jobs/national-health-systems-resource-centre-principal-team-lead-information-technology-division-2026--1528,https://www.searchsarkarinaukri.com/sitemap-jobs.xml,2026-06-29,job-listing,1
https://www.searchsarkarinaukri.com/jobs/national-fertilizers-ltd-recruitment-of-field-representative-ndsc-center-2026--1527,https://www.searchsarkarinaukri.com/sitemap-jobs.xml,2026-06-29,job-listing,1
https://www.searchsarkarinaukri.com/jobs/job-2026--1526,https://www.searchsarkarinaukri.com/sitemap-jobs.xml,2026-06-29,job-listing,1
https://www.searchsarkarinaukri.com/jobs/job-2026--1525,https://www.searchsarkarinaukri.com/sitemap-jobs.xml,2026-06-29,job-listing,1
https://www.searchsarkarinaukri.com/jobs/job-2026--1524,https://www.searchsarkarinaukri.com/sitemap-jobs.xml,2026-06-29,job-listing,1
https://www.searchsarkarinaukri.com/jobs/ms-navjeevan-lokvikas-sanstha-virar-receptionist-cum-counsellor-2026--1523,https://www.searchsarkarinaukri.com/sitemap-jobs.xml,2026-06-29,job-listing,1
https://www.searchsarkarinaukri.com/jobs/ms-navjeevan-lokvikas-sanstha-virar-mobilizer-2026--1522,https://www.searchsarkarinaukri.com/sitemap-jobs.xml,2026-06-29,job-listing,1
https://www.searchsarkarinaukri.com/jobs/ms-navjeevan-lokvikas-sanstha-virar-soft-skill-trainer-2026--1521,https://www.searchsarkarinaukri.com/sitemap-jobs.xml,2026-06-29,job-listing,1
https://www.searchsarkarinaukri.com/jobs/national-research-development-coporation-chairman-and-managing-director-2026--1519,https://www.searchsarkarinaukri.com/sitemap-jobs.xml,2026-08-22,job-listing,1
https://www.searchsarkarinaukri.com/jobs/job-2026--1518,https://www.searchsarkarinaukri.com/sitemap-jobs.xml,2026-06-29,job-listing,1
https://www.searchsarkarinaukri.com/jobs/bro-bro-2026--1517,https://www.searchsarkarinaukri.com/sitemap-jobs.xml,2026-07-05,job-listing,1
https://www.searchsarkarinaukri.com/jobs/job-2026--1516,https://www.searchsarkarinaukri.com/sitemap-jobs.xml,2026-06-29,job-listing,1
https://www.searchsarkarinaukri.com/jobs/job-2026--1513,https://www.searchsarkarinaukri.com/sitemap-jobs.xml,2026-06-29,job-listing,1
https://www.searchsarkarinaukri.com/jobs/job-2026--1512,https://www.searchsarkarinaukri.com/sitemap-jobs.xml,2026-07-15,job-listing,1
https://www.searchsarkarinaukri.com/jobs/job-2026--1510,https://www.searchsarkarinaukri.com/sitemap-jobs.xml,2026-06-29,job-listing,1
https://www.searchsarkarinaukri.com/jobs/job-2026--1509,https://www.searchsarkarinaukri.com/sitemap-jobs.xml,2026-06-29,job-listing,1
https://www.searchsarkarinaukri.com/jobs/job-2026--1507,https://www.searchsarkarinaukri.com/sitemap-jobs.xml,2026-06-29,job-listing,1
https://www.searchsarkarinaukri.com/jobs/job-2026--1505,https://www.searchsarkarinaukri.com/sitemap-jobs.xml,2026-06-29,job-listing,1
https://www.searchsarkarinaukri.com/jobs/job-2026--1504,https://www.searchsarkarinaukri.com/sitemap-jobs.xml,2026-06-29,job-listing,1
https://www.searchsarkarinaukri.com/jobs/job-2026--1502,https://www.searchsarkarinaukri.com/sitemap-jobs.xml,2026-06-29,job-listing,1
https://www.searchsarkarinaukri.com/jobs/job-2026--1501,https://www.searchsarkarinaukri.com/sitemap-jobs.xml,2026-06-29,job-listing,1
https://www.searchsarkarinaukri.com/jobs/rrb-rrb-2026--1500,https://www.searchsarkarinaukri.com/sitemap-jobs.xml,2026-07-30,job-listing,1
https://www.searchsarkarinaukri.com/jobs/icar-central-institute-for-research-on-cattle-senior-research-fellow-2026--1490,https://www.searchsarkarinaukri.com/sitemap-jobs.xml,2026-06-29,job-listing,1
https://www.searchsarkarinaukri.com/jobs/icar-central-institute-for-research-on-cattle-field-assistant-2026--1489,https://www.searchsarkarinaukri.com/sitemap-jobs.xml,2026-06-29,job-listing,1
https://www.searchsarkarinaukri.com/jobs/sports-authority-of-india-dean-on-lpd-minus-pension-2026--1485,https://www.searchsarkarinaukri.com/sitemap-jobs.xml,2026-06-29,job-listing,1
https://www.searchsarkarinaukri.com/jobs/union-public-service-commission-national-defence-academy-and-naval-academy-2026--1484,https://www.searchsarkarinaukri.com/sitemap-jobs.xml,2026-06-29,job-listing,1
https://www.searchsarkarinaukri.com/jobs/union-public-service-commission-combined-defence-services-examination-ii-2026-2026--1483,https://www.searchsarkarinaukri.com/sitemap-jobs.xml,2026-06-29,job-listing,1
https://www.searchsarkarinaukri.com/jobs/job-2026--1481,https://www.searchsarkarinaukri.com/sitemap-jobs.xml,2026-06-29,job-listing,1
https://www.searchsarkarinaukri.com/jobs/job-2026--1480,https://www.searchsarkarinaukri.com/sitemap-jobs.xml,2026-07-15,job-listing,1
https://www.searchsarkarinaukri.com/jobs/icar-sugarcane-breeding-institute-young-professional-ii-2026--1472,https://www.searchsarkarinaukri.com/sitemap-jobs.xml,2026-06-29,job-listing,1
https://www.searchsarkarinaukri.com/jobs/csir-cimfr-technician-2026--1471,https://www.searchsarkarinaukri.com/sitemap-jobs.xml,2026-06-29,job-listing,1
https://www.searchsarkarinaukri.com/jobs/ongc-ongc-announces-recruitment-for-experienced-civil-2026--1470,https://www.searchsarkarinaukri.com/sitemap-jobs.xml,2026-06-29,job-listing,1
https://www.searchsarkarinaukri.com/jobs/dmrc-dmrc-announces-recruitment-for-non-executives-for-2026--1469,https://www.searchsarkarinaukri.com/sitemap-jobs.xml,2026-06-29,job-listing,1
https://www.searchsarkarinaukri.com/jobs/bel-bel-announces-recruitment-for-340-probationary-2026--1468,https://www.searchsarkarinaukri.com/sitemap-jobs.xml,2026-06-29,job-listing,1
https://www.searchsarkarinaukri.com/jobs/jawaharlal-nehru-port-authority-jawaharlal-nehru-port-authority-announces-recruitment-2026--1464,https://www.searchsarkarinaukri.com/sitemap-jobs.xml,2026-06-29,job-listing,1
https://www.searchsarkarinaukri.com/jobs/cdac-cdac-announces-recruitment-opportunities-for-2026--1463,https://www.searchsarkarinaukri.com/sitemap-jobs.xml,2026-06-29,job-listing,1
https://www.searchsarkarinaukri.com/jobs/nhb-nhb-announces-recruitment-for-regular-contractual-2026--1462,https://www.searchsarkarinaukri.com/sitemap-jobs.xml,2026-06-29,job-listing,1
https://www.searchsarkarinaukri.com/jobs/acsir-recruitment-2025-for-16-admin-acsir-recruitment-2025-for-16-admin-2026--1461,https://www.searchsarkarinaukri.com/sitemap-jobs.xml,2026-06-29,job-listing,1
https://www.searchsarkarinaukri.com/jobs/border-roads-organisation-border-roads-organisation-announces-542-vacancies-2026--1459,https://www.searchsarkarinaukri.com/sitemap-jobs.xml,2026-06-29,job-listing,1
https://www.searchsarkarinaukri.com/jobs/aecs-mumbai-aecs-mumbai-announces-recruitment-for-contract-2026--1458,https://www.searchsarkarinaukri.com/sitemap-jobs.xml,2026-06-29,job-listing,1
https://www.searchsarkarinaukri.com/jobs/lbsnaa-mussoorie-lbsnaa-mussoorie-announces-recruitment-for-teaching-2026--1457,https://www.searchsarkarinaukri.com/sitemap-jobs.xml,2026-06-29,job-listing,1
https://www.searchsarkarinaukri.com/jobs/ccrh-ccrh-announces-recruitment-for-33-research-2026--1455,https://www.searchsarkarinaukri.com/sitemap-jobs.xml,2026-06-29,job-listing,1
https://www.searchsarkarinaukri.com/jobs/mahatma-gandhi-antarrashtriya-hindi-vishwavidyalaya-mahatma-gandhi-antarrashtriya-hindi-vishwavidyal--1454,https://www.searchsarkarinaukri.com/sitemap-jobs.xml,2026-06-29,job-listing,1
https://www.searchsarkarinaukri.com/jobs/job-2026--1450,https://www.searchsarkarinaukri.com/sitemap-jobs.xml,2026-06-29,job-listing,1
https://www.searchsarkarinaukri.com/jobs/job-2026--1449,https://www.searchsarkarinaukri.com/sitemap-jobs.xml,2026-06-29,job-listing,1
https://www.searchsarkarinaukri.com/jobs/job-2026--1447,https://www.searchsarkarinaukri.com/sitemap-jobs.xml,2026-06-29,job-listing,1
https://www.searchsarkarinaukri.com/jobs/job-2026--1446,https://www.searchsarkarinaukri.com/sitemap-jobs.xml,2026-06-29,job-listing,1
https://www.searchsarkarinaukri.com/jobs/union-public-service-commission-civil-services-preliminary-examination-2025-2026--1445,https://www.searchsarkarinaukri.com/sitemap-jobs.xml,2026-06-29,job-listing,1
https://www.searchsarkarinaukri.com/jobs/union-public-service-commission-indian-forest-service-preliminary-examination-2025-2026--1444,https://www.searchsarkarinaukri.com/sitemap-jobs.xml,2026-06-29,job-listing,1
https://www.searchsarkarinaukri.com/jobs/union-public-service-commission-central-armed-police-forces-acs-examination-2026--1443,https://www.searchsarkarinaukri.com/sitemap-jobs.xml,2026-06-29,job-listing,1
https://www.searchsarkarinaukri.com/jobs/union-public-service-commission-combined-defence-services-examination-ii-2025-2026--1442,https://www.searchsarkarinaukri.com/sitemap-jobs.xml,2026-06-29,job-listing,1
https://www.searchsarkarinaukri.com/jobs/union-public-service-commission-national-defence-academy-and-naval-academy-2026--1441,https://www.searchsarkarinaukri.com/sitemap-jobs.xml,2026-06-29,job-listing,1
https://www.searchsarkarinaukri.com/jobs/union-public-service-commission-civil-services-main-examination-2025-2026--1440,https://www.searchsarkarinaukri.com/sitemap-jobs.xml,2026-06-29,job-listing,1
https://www.searchsarkarinaukri.com/jobs/union-public-service-commission-indian-forest-service-main-examination-2025-2026--1439,https://www.searchsarkarinaukri.com/sitemap-jobs.xml,2026-06-29,job-listing,1
https://www.searchsarkarinaukri.com/jobs/union-public-service-commission-engineering-services-preliminary-examination-2026-2026--1438,https://www.searchsarkarinaukri.com/sitemap-jobs.xml,2026-06-29,job-listing,1
https://www.searchsarkarinaukri.com/jobs/union-public-service-commission-cisf-acexe-ldce-2026-2026--1437,https://www.searchsarkarinaukri.com/sitemap-jobs.xml,2026-06-29,job-listing,1
https://www.searchsarkarinaukri.com/jobs/union-public-service-commission-national-defence-academy-and-naval-academy-2026--1436,https://www.searchsarkarinaukri.com/sitemap-jobs.xml,2026-06-29,job-listing,1
https://www.searchsarkarinaukri.com/jobs/union-public-service-commission-combined-defence-services-examination-i-2026-2026--1435,https://www.searchsarkarinaukri.com/sitemap-jobs.xml,2026-06-29,job-listing,1
https://www.searchsarkarinaukri.com/jobs/union-public-service-commission-civil-services-preliminary-examination-2026-2026--1434,https://www.searchsarkarinaukri.com/sitemap-jobs.xml,2026-06-29,job-listing,1
https://www.searchsarkarinaukri.com/jobs/union-public-service-commission-indian-forest-service-preliminary-examination-2026-2026--1433,https://www.searchsarkarinaukri.com/sitemap-jobs.xml,2026-06-29,job-listing,1
https://www.searchsarkarinaukri.com/jobs/union-public-service-commission-indian-economic-service-indian-statistical-2026--1432,https://www.searchsarkarinaukri.com/sitemap-jobs.xml,2026-06-29,job-listing,1
https://www.searchsarkarinaukri.com/jobs/union-public-service-commission-central-armed-police-forces-acs-examination-2026--1431,https://www.searchsarkarinaukri.com/sitemap-jobs.xml,2026-06-29,job-listing,1
https://www.searchsarkarinaukri.com/jobs/union-public-service-commission-civil-services-examination-2025-2026--1430,https://www.searchsarkarinaukri.com/sitemap-jobs.xml,2026-06-29,job-listing,1
https://www.searchsarkarinaukri.com/jobs/union-public-service-commission-combined-medical-services-examination-2026-2026--1429,https://www.searchsarkarinaukri.com/sitemap-jobs.xml,2026-06-29,job-listing,1
https://www.searchsarkarinaukri.com/jobs/union-public-service-commission-engineering-services-main-examination-2026-2026--1428,https://www.searchsarkarinaukri.com/sitemap-jobs.xml,2026-06-29,job-listing,1
https://www.searchsarkarinaukri.com/jobs/union-public-service-commission-indian-forest-service-examination-2025-2026--1427,https://www.searchsarkarinaukri.com/sitemap-jobs.xml,2026-06-29,job-listing,1
https://www.searchsarkarinaukri.com/jobs/railway-recruitment-board-rrb-alp-technicians-recruitment-2018-2026--1426,https://www.searchsarkarinaukri.com/sitemap-jobs.xml,2026-06-29,job-listing,1
https://www.searchsarkarinaukri.com/jobs/railway-recruitment-board-rrb-paylevel-1-group-d-posts-recruitment-2026--1425,https://www.searchsarkarinaukri.com/sitemap-jobs.xml,2026-06-29,job-listing,1
https://www.searchsarkarinaukri.com/jobs/railway-recruitment-board-rrb-je-dms-cma-posts-2026--1424,https://www.searchsarkarinaukri.com/sitemap-jobs.xml,2026-06-29,job-listing,1
https://www.searchsarkarinaukri.com/jobs/railway-recruitment-board-rrb-ntpc-non-technical-popular-categories-2026--1423,https://www.searchsarkarinaukri.com/sitemap-jobs.xml,2026-06-29,job-listing,1
https://www.searchsarkarinaukri.com/jobs/railway-recruitment-board-rrb-paramedical-posts-recruitment-2019-cen-022019-2026--1422,https://www.searchsarkarinaukri.com/sitemap-jobs.xml,2026-06-29,job-listing,1
https://www.searchsarkarinaukri.com/jobs/railway-recruitment-board-rrb-ministerial-isolated-category-posts-2026--1421,https://www.searchsarkarinaukri.com/sitemap-jobs.xml,2026-06-29,job-listing,1
https://www.searchsarkarinaukri.com/jobs/railway-recruitment-board-rrb-assistant-loco-pilot-recruitment-2024-cen-012024-2026--1420,https://www.searchsarkarinaukri.com/sitemap-jobs.xml,2026-06-29,job-listing,1
https://www.searchsarkarinaukri.com/jobs/railway-recruitment-board-rrb-technicians-recruitment-2024-cen-022024-2026--1419,https://www.searchsarkarinaukri.com/sitemap-jobs.xml,2026-06-29,job-listing,1
https://www.searchsarkarinaukri.com/jobs/railway-recruitment-board-rrb-je-dms-cma-2026--1418,https://www.searchsarkarinaukri.com/sitemap-jobs.xml,2026-06-29,job-listing,1
https://www.searchsarkarinaukri.com/jobs/railway-recruitment-board-rrb-paramedical-posts-recruitment-2024-cen-042024-2026--1417,https://www.searchsarkarinaukri.com/sitemap-jobs.xml,2026-06-29,job-listing,1
https://www.searchsarkarinaukri.com/jobs/railway-recruitment-board-rrb-ntpc-graduate-posts-recruitment-2024-cen-052024-2026--1416,https://www.searchsarkarinaukri.com/sitemap-jobs.xml,2026-06-29,job-listing,1
https://www.searchsarkarinaukri.com/jobs/railway-recruitment-board-rrb-ntpc-undergraduate-posts-recruitment-2024-cen-062024-2026--1415,https://www.searchsarkarinaukri.com/sitemap-jobs.xml,2026-06-29,job-listing,1
https://www.searchsarkarinaukri.com/jobs/railway-recruitment-board-rrb-ministerial-isolated-category-posts-2026--1414,https://www.searchsarkarinaukri.com/sitemap-jobs.xml,2026-06-29,job-listing,1
https://www.searchsarkarinaukri.com/jobs/railway-recruitment-board-rrb-pay-level-1-group-d-posts-2026--1413,https://www.searchsarkarinaukri.com/sitemap-jobs.xml,2026-06-29,job-listing,1
https://www.searchsarkarinaukri.com/jobs/railway-recruitment-board-rrb-assistant-loco-pilot-recruitment-2025-cen-012025-2026--1412,https://www.searchsarkarinaukri.com/sitemap-jobs.xml,2026-06-29,job-listing,1
https://www.searchsarkarinaukri.com/jobs/railway-recruitment-board-rrb-technicians-recruitment-2025-cen-022025-2026--1411,https://www.searchsarkarinaukri.com/sitemap-jobs.xml,2026-06-29,job-listing,1
https://www.searchsarkarinaukri.com/jobs/railway-recruitment-board-rrb-paramedical-posts-recruitment-2025-cen-032025-2026--1410,https://www.searchsarkarinaukri.com/sitemap-jobs.xml,2026-06-29,job-listing,1
https://www.searchsarkarinaukri.com/jobs/railway-recruitment-board-rrb-section-controller-recruitment-2025-cen-042025-2026--1409,https://www.searchsarkarinaukri.com/sitemap-jobs.xml,2026-06-29,job-listing,1
https://www.searchsarkarinaukri.com/jobs/railway-recruitment-board-rrb-je-dms-cma-2026--1408,https://www.searchsarkarinaukri.com/sitemap-jobs.xml,2026-06-29,job-listing,1
https://www.searchsarkarinaukri.com/jobs/railway-recruitment-board-rrb-ntpc-graduate-posts-recruitment-2025-cen-062025-2026--1407,https://www.searchsarkarinaukri.com/sitemap-jobs.xml,2026-06-29,job-listing,1
https://www.searchsarkarinaukri.com/jobs/railway-recruitment-board-rrb-ntpc-undergraduate-posts-recruitment-2025-cen-072025-2026--1406,https://www.searchsarkarinaukri.com/sitemap-jobs.xml,2026-06-29,job-listing,1
https://www.searchsarkarinaukri.com/jobs/railway-recruitment-board-rrb-isolated-category-posts-recruitment-2025-2026--1405,https://www.searchsarkarinaukri.com/sitemap-jobs.xml,2026-06-29,job-listing,1
https://www.searchsarkarinaukri.com/jobs/railway-recruitment-board-rrb-pay-level-1-group-d-posts-2026--1404,https://www.searchsarkarinaukri.com/sitemap-jobs.xml,2026-06-29,job-listing,1
https://www.searchsarkarinaukri.com/jobs/railway-recruitment-board-rrb-assistant-loco-pilot-recruitment-2026-cen-012026-2026--1403,https://www.searchsarkarinaukri.com/sitemap-jobs.xml,2026-06-29,job-listing,1
https://www.searchsarkarinaukri.com/jobs/union-public-service-commission-combined-geo-scientist-preliminary-examination-2026-2026--1402,https://www.searchsarkarinaukri.com/sitemap-jobs.xml,2026-06-29,job-listing,1
https://www.searchsarkarinaukri.com/jobs/union-public-service-commission-combined-section-officers-grade-b-ldce-2025-2026--1401,https://www.searchsarkarinaukri.com/sitemap-jobs.xml,2026-06-29,job-listing,1
https://www.searchsarkarinaukri.com/jobs/union-public-service-commission-combined-geo-scientist-main-examination-2026-2026--1400,https://www.searchsarkarinaukri.com/sitemap-jobs.xml,2026-06-29,job-listing,1
https://www.searchsarkarinaukri.com/jobs/csir-national-institute-for-interdisciplinary-science-and-technology-multi-tasking-staff-2026--1398,https://www.searchsarkarinaukri.com/sitemap-jobs.xml,2026-06-29,job-listing,1
https://www.searchsarkarinaukri.com/jobs/national-centre-for-cold-chain-development-young-professional-operations-2026--1396,https://www.searchsarkarinaukri.com/sitemap-jobs.xml,2026-06-29,job-listing,1
https://www.searchsarkarinaukri.com/jobs/job-2026--1391,https://www.searchsarkarinaukri.com/sitemap-jobs.xml,2026-06-29,job-listing,1
https://www.searchsarkarinaukri.com/jobs/directorate-of-lighthouses-amp-lightships-navigational-assistant-grade-iii-2026--1385,https://www.searchsarkarinaukri.com/sitemap-jobs.xml,2026-06-29,job-listing,1
https://www.searchsarkarinaukri.com/jobs/national-dope-testing-laboratory-scientist-e-national-dope-testing-2026--1384,https://www.searchsarkarinaukri.com/sitemap-jobs.xml,2026-06-29,job-listing,1
https://www.searchsarkarinaukri.com/jobs/sports-authority-of-india-senior-translation-officer-2026--1383,https://www.searchsarkarinaukri.com/sitemap-jobs.xml,2026-06-29,job-listing,1
https://www.searchsarkarinaukri.com/jobs/sports-authority-of-india-dd-on-deputation-2026--1381,https://www.searchsarkarinaukri.com/sitemap-jobs.xml,2026-06-29,job-listing,1
https://www.searchsarkarinaukri.com/jobs/national-textile-corporation-ltd-chairman-and-managing-director-ntcl-2026--1380,https://www.searchsarkarinaukri.com/sitemap-jobs.xml,2026-06-29,job-listing,1
https://www.searchsarkarinaukri.com/jobs/the-shipping-corporation-of-india-limited-secretarial-officer-2026--1378,https://www.searchsarkarinaukri.com/sitemap-jobs.xml,2026-06-29,job-listing,1
https://www.searchsarkarinaukri.com/jobs/indian-council-of-medical-research-director-indian-council-of-medical-2026--1376,https://www.searchsarkarinaukri.com/sitemap-jobs.xml,2026-06-29,job-listing,1
https://www.searchsarkarinaukri.com/jobs/power-grid-corporation-of-india-ltd-officer-trainee-company-secretary-2026--1375,https://www.searchsarkarinaukri.com/sitemap-jobs.xml,2026-06-29,job-listing,1
https://www.searchsarkarinaukri.com/jobs/icar-directorate-of-medicinal-and-aromatic-plants-research-young-professional-ii-2026--1374,https://www.searchsarkarinaukri.com/sitemap-jobs.xml,2026-06-29,job-listing,1
https://www.searchsarkarinaukri.com/jobs/dgepo-consultant-research-officer-finance-2026--1373,https://www.searchsarkarinaukri.com/sitemap-jobs.xml,2026-06-29,job-listing,1
https://www.searchsarkarinaukri.com/jobs/indian-council-of-agricultural-research-research-assistant-2026--1372,https://www.searchsarkarinaukri.com/sitemap-jobs.xml,2026-06-29,job-listing,1
https://www.searchsarkarinaukri.com/jobs/indian-council-of-agricultural-research-research-assistant-2026--1371,https://www.searchsarkarinaukri.com/sitemap-jobs.xml,2026-06-29,job-listing,1
https://www.searchsarkarinaukri.com/jobs/bharat-heavy-electricals-ltd-chairman-and-managing-director-2026--1370,https://www.searchsarkarinaukri.com/sitemap-jobs.xml,2026-06-29,job-listing,1
https://www.searchsarkarinaukri.com/jobs/the-braithwaite-burn-and-jessop-construction-company-limited-chairman-and-managing-director-2026--1369,https://www.searchsarkarinaukri.com/sitemap-jobs.xml,2026-06-29,job-listing,1
https://www.searchsarkarinaukri.com/jobs/ernet-india-junior-scientific-officer-2026--1365,https://www.searchsarkarinaukri.com/sitemap-jobs.xml,2026-06-29,job-listing,1
https://www.searchsarkarinaukri.com/jobs/ernet-india-technical-assistant-2026--1364,https://www.searchsarkarinaukri.com/sitemap-jobs.xml,2026-06-29,job-listing,1
https://www.searchsarkarinaukri.com/jobs/cochin-shipyard-limited-manager-mechanical-2026--1362,https://www.searchsarkarinaukri.com/sitemap-jobs.xml,2026-06-29,job-listing,1
https://www.searchsarkarinaukri.com/jobs/ernet-india-personal-assistant-2026--1361,https://www.searchsarkarinaukri.com/sitemap-jobs.xml,2026-06-29,job-listing,1
https://www.searchsarkarinaukri.com/jobs/sir-central-food-technological-research-institute-engagement-to-project-associate-ii-2026--1359,https://www.searchsarkarinaukri.com/sitemap-jobs.xml,2026-06-29,job-listing,1
https://www.searchsarkarinaukri.com/jobs/national-health-systems-resource-centre-junior-consultant-nha-cell-bop-2026--1343,https://www.searchsarkarinaukri.com/sitemap-jobs.xml,2026-06-29,job-listing,1
https://www.searchsarkarinaukri.com/jobs/icar-central-institute-for-research-on-cattle-part-time-medical-officer-2026--1338,https://www.searchsarkarinaukri.com/sitemap-jobs.xml,2026-06-29,job-listing,1
https://www.searchsarkarinaukri.com/jobs/balmer-lawrie-and-company-limited-deputy-manager-hr-2026--1322,https://www.searchsarkarinaukri.com/sitemap-jobs.xml,2026-06-29,job-listing,1
https://www.searchsarkarinaukri.com/jobs/balmer-lawrie-and-company-limited-deputy-manager-marketing-2026--1317,https://www.searchsarkarinaukri.com/sitemap-jobs.xml,2026-06-29,job-listing,1
https://www.searchsarkarinaukri.com/jobs/balmer-lawrie-and-company-limited-assistant-manager-commercial-2026--1313,https://www.searchsarkarinaukri.com/sitemap-jobs.xml,2026-06-29,job-listing,1
https://www.searchsarkarinaukri.com/jobs/balmer-lawrie-and-company-limited-assistant-manager-fico-functional-2026--1312,https://www.searchsarkarinaukri.com/sitemap-jobs.xml,2026-06-29,job-listing,1
https://www.searchsarkarinaukri.com/jobs/balmer-lawrie-and-company-limited-assistant-manager-sales-and-marketing-2026--1310,https://www.searchsarkarinaukri.com/sitemap-jobs.xml,2026-06-29,job-listing,1
https://www.searchsarkarinaukri.com/jobs/balmer-lawrie-and-company-limited-officer-commercial-2026--1309,https://www.searchsarkarinaukri.com/sitemap-jobs.xml,2026-06-29,job-listing,1
https://www.searchsarkarinaukri.com/jobs/balmer-lawrie-and-company-limited-officer-sales-and-marketing-2026--1304,https://www.searchsarkarinaukri.com/sitemap-jobs.xml,2026-06-29,job-listing,1
https://www.searchsarkarinaukri.com/jobs/balmer-lawrie-and-company-limited-junior-officer-accounts-and-finance-2026--1299,https://www.searchsarkarinaukri.com/sitemap-jobs.xml,2026-06-29,job-listing,1
https://www.searchsarkarinaukri.com/jobs/csir-iiim-jammu-project-assistant-ii-csir-iiim-jammu-2026--1297,https://www.searchsarkarinaukri.com/sitemap-jobs.xml,2026-06-29,job-listing,1
https://www.searchsarkarinaukri.com/jobs/balmer-lawrie-and-company-limited-junior-officer-electrical-and-maintenance-2026--1295,https://www.searchsarkarinaukri.com/sitemap-jobs.xml,2026-06-29,job-listing,1
https://www.searchsarkarinaukri.com/jobs/balmer-lawrie-and-company-limited-chief-operating-officer-travel-and-vacations-2026--1294,https://www.searchsarkarinaukri.com/sitemap-jobs.xml,2026-06-29,job-listing,1
https://www.searchsarkarinaukri.com/jobs/balmer-lawrie-and-company-limited-chief-technology-officer-travel-and-vacations-2026--1293,https://www.searchsarkarinaukri.com/sitemap-jobs.xml,2026-06-29,job-listing,1
https://www.searchsarkarinaukri.com/jobs/national-health-systems-resource-centre-lead-consultant-knowledge-management-division-2026--1292,https://www.searchsarkarinaukri.com/sitemap-jobs.xml,2026-06-29,job-listing,1
https://www.searchsarkarinaukri.com/jobs/national-textile-corporation-ltd-director-finance-ntcl-2026--1291,https://www.searchsarkarinaukri.com/sitemap-jobs.xml,2026-06-29,job-listing,1
https://www.searchsarkarinaukri.com/jobs/csir-iiim-jammu-security-assistant-2026--1290,https://www.searchsarkarinaukri.com/sitemap-jobs.xml,2026-06-29,job-listing,1
https://www.searchsarkarinaukri.com/jobs/csir-central-road-research-institute-research-intern-csir-central-road-2026--1289,https://www.searchsarkarinaukri.com/sitemap-jobs.xml,2026-06-29,job-listing,1
https://www.searchsarkarinaukri.com/jobs/job-2026--1128,https://www.searchsarkarinaukri.com/sitemap-jobs.xml,2026-06-29,job-listing,1
https://www.searchsarkarinaukri.com/jobs/job-2026--1123,https://www.searchsarkarinaukri.com/sitemap-jobs.xml,2026-06-29,job-listing,1
https://www.searchsarkarinaukri.com/jobs/job-2026--1120,https://www.searchsarkarinaukri.com/sitemap-jobs.xml,2026-06-29,job-listing,1
https://www.searchsarkarinaukri.com/jobs/job-2026--1118,https://www.searchsarkarinaukri.com/sitemap-jobs.xml,2026-06-29,job-listing,1
https://www.searchsarkarinaukri.com/jobs/job-2026--1115,https://www.searchsarkarinaukri.com/sitemap-jobs.xml,2026-07-10,job-listing,1
https://www.searchsarkarinaukri.com/jobs/job-2026--1114,https://www.searchsarkarinaukri.com/sitemap-jobs.xml,2026-06-29,job-listing,1
https://www.searchsarkarinaukri.com/jobs/army-army-2026--1112,https://www.searchsarkarinaukri.com/sitemap-jobs.xml,2026-06-29,job-listing,1
https://www.searchsarkarinaukri.com/jobs/job-2026--1111,https://www.searchsarkarinaukri.com/sitemap-jobs.xml,2026-06-29,job-listing,1
https://www.searchsarkarinaukri.com/jobs/job-2026--1109,https://www.searchsarkarinaukri.com/sitemap-jobs.xml,2026-06-29,job-listing,1
https://www.searchsarkarinaukri.com/jobs/nhai-2026--1108,https://www.searchsarkarinaukri.com/sitemap-jobs.xml,2026-08-22,job-listing,1
https://www.searchsarkarinaukri.com/jobs/job-2026--1107,https://www.searchsarkarinaukri.com/sitemap-jobs.xml,2026-06-30,job-listing,1
https://www.searchsarkarinaukri.com/jobs/job-2026--1106,https://www.searchsarkarinaukri.com/sitemap-jobs.xml,2026-06-29,job-listing,1
https://www.searchsarkarinaukri.com/jobs/job-2026--1105,https://www.searchsarkarinaukri.com/sitemap-jobs.xml,2026-06-29,job-listing,1
https://www.searchsarkarinaukri.com/jobs/job-2026--1103,https://www.searchsarkarinaukri.com/sitemap-jobs.xml,2026-06-29,job-listing,1
https://www.searchsarkarinaukri.com/jobs/job-2026--1102,https://www.searchsarkarinaukri.com/sitemap-jobs.xml,2026-06-29,job-listing,1
https://www.searchsarkarinaukri.com/jobs/job-2026--1098,https://www.searchsarkarinaukri.com/sitemap-jobs.xml,2026-06-29,job-listing,1
https://www.searchsarkarinaukri.com/jobs/job-2026--1095,https://www.searchsarkarinaukri.com/sitemap-jobs.xml,2026-06-29,job-listing,1
https://www.searchsarkarinaukri.com/jobs/job-2026--1093,https://www.searchsarkarinaukri.com/sitemap-jobs.xml,2026-06-29,job-listing,1
https://www.searchsarkarinaukri.com/jobs/job-2026--1092,https://www.searchsarkarinaukri.com/sitemap-jobs.xml,2026-06-29,job-listing,1
https://www.searchsarkarinaukri.com/jobs/job-2026--1091,https://www.searchsarkarinaukri.com/sitemap-jobs.xml,2026-06-29,job-listing,1
https://www.searchsarkarinaukri.com/jobs/job-2026--1084,https://www.searchsarkarinaukri.com/sitemap-jobs.xml,2026-06-29,job-listing,1
https://www.searchsarkarinaukri.com/jobs/job-2026--1079,https://www.searchsarkarinaukri.com/sitemap-jobs.xml,2026-06-29,job-listing,1
https://www.searchsarkarinaukri.com/jobs/icar-icar-2026--1074,https://www.searchsarkarinaukri.com/sitemap-jobs.xml,2026-07-01,job-listing,1
https://www.searchsarkarinaukri.com/jobs/job-2026--1073,https://www.searchsarkarinaukri.com/sitemap-jobs.xml,2026-06-29,job-listing,1
https://www.searchsarkarinaukri.com/jobs/job--1046,https://www.searchsarkarinaukri.com/sitemap-jobs.xml,2026-06-29,job-listing,1
https://www.searchsarkarinaukri.com/jobs/job--1043,https://www.searchsarkarinaukri.com/sitemap-jobs.xml,2026-06-29,job-listing,1
https://www.searchsarkarinaukri.com/jobs/job--1042,https://www.searchsarkarinaukri.com/sitemap-jobs.xml,2026-06-29,job-listing,1
https://www.searchsarkarinaukri.com/jobs/job--1041,https://www.searchsarkarinaukri.com/sitemap-jobs.xml,2026-06-29,job-listing,1
https://www.searchsarkarinaukri.com/jobs/job--1039,https://www.searchsarkarinaukri.com/sitemap-jobs.xml,2026-06-29,job-listing,1
https://www.searchsarkarinaukri.com/jobs/job--1038,https://www.searchsarkarinaukri.com/sitemap-jobs.xml,2026-06-29,job-listing,1
https://www.searchsarkarinaukri.com/jobs/job--1037,https://www.searchsarkarinaukri.com/sitemap-jobs.xml,2026-06-29,job-listing,1
https://www.searchsarkarinaukri.com/jobs/job--1034,https://www.searchsarkarinaukri.com/sitemap-jobs.xml,2026-06-29,job-listing,1
https://www.searchsarkarinaukri.com/jobs/job--1033,https://www.searchsarkarinaukri.com/sitemap-jobs.xml,2026-06-29,job-listing,1
https://www.searchsarkarinaukri.com/jobs/job--1032,https://www.searchsarkarinaukri.com/sitemap-jobs.xml,2026-08-21,job-listing,1
https://www.searchsarkarinaukri.com/jobs/job--1031,https://www.searchsarkarinaukri.com/sitemap-jobs.xml,2026-06-29,job-listing,1
https://www.searchsarkarinaukri.com/jobs/job--1030,https://www.searchsarkarinaukri.com/sitemap-jobs.xml,2026-06-29,job-listing,1
https://www.searchsarkarinaukri.com/jobs/job--1029,https://www.searchsarkarinaukri.com/sitemap-jobs.xml,2026-06-29,job-listing,1
https://www.searchsarkarinaukri.com/jobs/crpf--1028,https://www.searchsarkarinaukri.com/sitemap-jobs.xml,2026-06-29,job-listing,1
https://www.searchsarkarinaukri.com/jobs/job--1027,https://www.searchsarkarinaukri.com/sitemap-jobs.xml,2026-06-29,job-listing,1
https://www.searchsarkarinaukri.com/jobs/job--1026,https://www.searchsarkarinaukri.com/sitemap-jobs.xml,2026-06-29,job-listing,1
https://www.searchsarkarinaukri.com/jobs/job--1025,https://www.searchsarkarinaukri.com/sitemap-jobs.xml,2026-06-29,job-listing,1
https://www.searchsarkarinaukri.com/jobs/job--1024,https://www.searchsarkarinaukri.com/sitemap-jobs.xml,2026-06-29,job-listing,1
https://www.searchsarkarinaukri.com/jobs/job--1023,https://www.searchsarkarinaukri.com/sitemap-jobs.xml,2026-06-29,job-listing,1
https://www.searchsarkarinaukri.com/jobs/job--1022,https://www.searchsarkarinaukri.com/sitemap-jobs.xml,2026-08-11,job-listing,1
https://www.searchsarkarinaukri.com/jobs/job--1021,https://www.searchsarkarinaukri.com/sitemap-jobs.xml,2026-06-29,job-listing,1
https://www.searchsarkarinaukri.com/jobs/job--1019,https://www.searchsarkarinaukri.com/sitemap-jobs.xml,2026-06-29,job-listing,1
https://www.searchsarkarinaukri.com/jobs/job--1018,https://www.searchsarkarinaukri.com/sitemap-jobs.xml,2026-06-29,job-listing,1
https://www.searchsarkarinaukri.com/jobs/ssc--1017,https://www.searchsarkarinaukri.com/sitemap-jobs.xml,2026-06-29,job-listing,1
https://www.searchsarkarinaukri.com/jobs/job--1016,https://www.searchsarkarinaukri.com/sitemap-jobs.xml,2026-06-29,job-listing,1
https://www.searchsarkarinaukri.com/jobs/job--1015,https://www.searchsarkarinaukri.com/sitemap-jobs.xml,2026-06-29,job-listing,1
https://www.searchsarkarinaukri.com/jobs/job--997,https://www.searchsarkarinaukri.com/sitemap-jobs.xml,2026-06-29,job-listing,1
https://www.searchsarkarinaukri.com/jobs/nhm--996,https://www.searchsarkarinaukri.com/sitemap-jobs.xml,2026-06-29,job-listing,1
https://www.searchsarkarinaukri.com/jobs/job--982,https://www.searchsarkarinaukri.com/sitemap-jobs.xml,2026-06-29,job-listing,1
https://www.searchsarkarinaukri.com/jobs/cjjd-jmfc--981,https://www.searchsarkarinaukri.com/sitemap-jobs.xml,2026-08-11,job-listing,1
https://www.searchsarkarinaukri.com/jobs/job--980,https://www.searchsarkarinaukri.com/sitemap-jobs.xml,2026-08-01,job-listing,1
https://www.searchsarkarinaukri.com/jobs/relationship-manager--978,https://www.searchsarkarinaukri.com/sitemap-jobs.xml,2026-06-29,job-listing,1
https://www.searchsarkarinaukri.com/jobs/bde--977,https://www.searchsarkarinaukri.com/sitemap-jobs.xml,2026-06-29,job-listing,1
https://www.searchsarkarinaukri.com/jobs/senior-consultant--973,https://www.searchsarkarinaukri.com/sitemap-jobs.xml,2026-06-29,job-listing,1
https://www.searchsarkarinaukri.com/jobs-in-mumbai,https://www.searchsarkarinaukri.com/sitemap-locations.xml,,location,1
https://www.searchsarkarinaukri.com/jobs-in-delhi,https://www.searchsarkarinaukri.com/sitemap-locations.xml,,location,1
https://www.searchsarkarinaukri.com/jobs-in-pune,https://www.searchsarkarinaukri.com/sitemap-locations.xml,,location,1
https://www.searchsarkarinaukri.com/jobs-in-nagpur,https://www.searchsarkarinaukri.com/sitemap-locations.xml,,location,1
https://www.searchsarkarinaukri.com/jobs-in-uttar-pradesh,https://www.searchsarkarinaukri.com/sitemap-locations.xml,,location,1
https://www.searchsarkarinaukri.com/jobs-in-bangalore,https://www.searchsarkarinaukri.com/sitemap-locations.xml,,location,1
https://www.searchsarkarinaukri.com/jobs-in-karnataka,https://www.searchsarkarinaukri.com/sitemap-locations.xml,,location,1
https://www.searchsarkarinaukri.com/jobs-in-chennai,https://www.searchsarkarinaukri.com/sitemap-locations.xml,,location,1
https://www.searchsarkarinaukri.com/jobs-in-kolkata,https://www.searchsarkarinaukri.com/sitemap-locations.xml,,location,1
https://www.searchsarkarinaukri.com/jobs-in-tamil-nadu,https://www.searchsarkarinaukri.com/sitemap-locations.xml,,location,1
https://www.searchsarkarinaukri.com/jobs-in-rajasthan,https://www.searchsarkarinaukri.com/sitemap-locations.xml,,location,1
https://www.searchsarkarinaukri.com/jobs-in-ahmedabad,https://www.searchsarkarinaukri.com/sitemap-locations.xml,,location,1
https://www.searchsarkarinaukri.com/jobs-in-bihar,https://www.searchsarkarinaukri.com/sitemap-locations.xml,,location,1
https://www.searchsarkarinaukri.com/jobs-in-lucknow,https://www.searchsarkarinaukri.com/sitemap-locations.xml,,location,1
https://www.searchsarkarinaukri.com/jobs-in-telangana,https://www.searchsarkarinaukri.com/sitemap-locations.xml,,location,1
https://www.searchsarkarinaukri.com/jobs-in-kanpur,https://www.searchsarkarinaukri.com/sitemap-locations.xml,,location,1
https://www.searchsarkarinaukri.com/jobs-in-kerala,https://www.searchsarkarinaukri.com/sitemap-locations.xml,,location,1
https://www.searchsarkarinaukri.com/jobs-in-nashik,https://www.searchsarkarinaukri.com/sitemap-locations.xml,,location,1
https://www.searchsarkarinaukri.com/jobs-in-odisha,https://www.searchsarkarinaukri.com/sitemap-locations.xml,,location,1
https://www.searchsarkarinaukri.com/jobs-in-punjab,https://www.searchsarkarinaukri.com/sitemap-locations.xml,,location,1
https://www.searchsarkarinaukri.com/jobs-in-haryana,https://www.searchsarkarinaukri.com/sitemap-locations.xml,,location,1
https://www.searchsarkarinaukri.com/jobs-in-uttarakhand,https://www.searchsarkarinaukri.com/sitemap-locations.xml,,location,1
https://www.searchsarkarinaukri.com/jobs-in-himachal-pradesh,https://www.searchsarkarinaukri.com/sitemap-locations.xml,,location,1
https://www.searchsarkarinaukri.com/jobs-in-patna,https://www.searchsarkarinaukri.com/sitemap-locations.xml,,location,1
https://www.searchsarkarinaukri.com/jobs-in-chhattisgarh,https://www.searchsarkarinaukri.com/sitemap-locations.xml,,location,1
https://www.searchsarkarinaukri.com/jobs-in-jammu-kashmir,https://www.searchsarkarinaukri.com/sitemap-locations.xml,,location,1
https://www.searchsarkarinaukri.com/jobs-in-chandigarh,https://www.searchsarkarinaukri.com/sitemap-locations.xml,,location,1
https://www.searchsarkarinaukri.com/jobs-in-mysore,https://www.searchsarkarinaukri.com/sitemap-locations.xml,,location,1
https://www.searchsarkarinaukri.com/jobs-in-bhubaneswar,https://www.searchsarkarinaukri.com/sitemap-locations.xml,,location,1
https://www.searchsarkarinaukri.com/10th-pass-government-jobs,https://www.searchsarkarinaukri.com/sitemap-qualifications.xml,,qualification,1
https://www.searchsarkarinaukri.com/12th-pass-government-jobs,https://www.searchsarkarinaukri.com/sitemap-qualifications.xml,,qualification,1
https://www.searchsarkarinaukri.com/iti-government-jobs,https://www.searchsarkarinaukri.com/sitemap-qualifications.xml,,qualification,1
https://www.searchsarkarinaukri.com/diploma-government-jobs,https://www.searchsarkarinaukri.com/sitemap-qualifications.xml,,qualification,1
https://www.searchsarkarinaukri.com/graduate-government-jobs,https://www.searchsarkarinaukri.com/sitemap-qualifications.xml,,qualification,1
https://www.searchsarkarinaukri.com/post-graduate-government-jobs,https://www.searchsarkarinaukri.com/sitemap-qualifications.xml,,other,1
https://www.searchsarkarinaukri.com/engineer-government-jobs,https://www.searchsarkarinaukri.com/sitemap-qualifications.xml,,other,1
https://www.searchsarkarinaukri.com/engineering-government-jobs,https://www.searchsarkarinaukri.com/sitemap-qualifications.xml,,other,1
https://www.searchsarkarinaukri.com/mbbs-medical-government-jobs,https://www.searchsarkarinaukri.com/sitemap-qualifications.xml,,other,1
https://www.searchsarkarinaukri.com/nursing-government-jobs,https://www.searchsarkarinaukri.com/sitemap-qualifications.xml,,other,1
https://www.searchsarkarinaukri.com/department/upsc,https://www.searchsarkarinaukri.com/sitemap-departments.xml,,department,1
https://www.searchsarkarinaukri.com/department/railway-rrb,https://www.searchsarkarinaukri.com/sitemap-departments.xml,,department,1
https://www.searchsarkarinaukri.com/department/ibps,https://www.searchsarkarinaukri.com/sitemap-departments.xml,,department,1
https://www.searchsarkarinaukri.com/department/sbi,https://www.searchsarkarinaukri.com/sitemap-departments.xml,,department,1
https://www.searchsarkarinaukri.com/department/maharashtra-police,https://www.searchsarkarinaukri.com/sitemap-departments.xml,,department,1
https://www.searchsarkarinaukri.com/department/bpsc,https://www.searchsarkarinaukri.com/sitemap-departments.xml,,department,1
https://www.searchsarkarinaukri.com/department/isro,https://www.searchsarkarinaukri.com/sitemap-departments.xml,,department,1
https://www.searchsarkarinaukri.com/department/drdo,https://www.searchsarkarinaukri.com/sitemap-departments.xml,,department,1
https://www.searchsarkarinaukri.com/department/itbp,https://www.searchsarkarinaukri.com/sitemap-departments.xml,,department,1
https://www.searchsarkarinaukri.com/department/lic,https://www.searchsarkarinaukri.com/sitemap-departments.xml,,department,1
https://www.searchsarkarinaukri.com/department/ntpc,https://www.searchsarkarinaukri.com/sitemap-departments.xml,,department,1
https://www.searchsarkarinaukri.com/department/bhel,https://www.searchsarkarinaukri.com/sitemap-departments.xml,,department,1
https://www.searchsarkarinaukri.com/10th-pass-jobs-in-delhi,https://www.searchsarkarinaukri.com/sitemap-cross-filter.xml,,other,1
https://www.searchsarkarinaukri.com/10th-pass-jobs-in-uttar-pradesh,https://www.searchsarkarinaukri.com/sitemap-cross-filter.xml,,other,1
https://www.searchsarkarinaukri.com/10th-pass-jobs-in-rajasthan,https://www.searchsarkarinaukri.com/sitemap-cross-filter.xml,,other,1
https://www.searchsarkarinaukri.com/10th-pass-jobs-in-kerala,https://www.searchsarkarinaukri.com/sitemap-cross-filter.xml,,other,1
https://www.searchsarkarinaukri.com/10th-pass-jobs-in-punjab,https://www.searchsarkarinaukri.com/sitemap-cross-filter.xml,,other,1
https://www.searchsarkarinaukri.com/10th-pass-jobs-in-haryana,https://www.searchsarkarinaukri.com/sitemap-cross-filter.xml,,other,1
https://www.searchsarkarinaukri.com/10th-pass-jobs-in-pune,https://www.searchsarkarinaukri.com/sitemap-cross-filter.xml,,other,1
https://www.searchsarkarinaukri.com/10th-pass-jobs-in-chandigarh,https://www.searchsarkarinaukri.com/sitemap-cross-filter.xml,,other,1
https://www.searchsarkarinaukri.com/12th-pass-jobs-in-delhi,https://www.searchsarkarinaukri.com/sitemap-cross-filter.xml,,other,1
https://www.searchsarkarinaukri.com/12th-pass-jobs-in-uttar-pradesh,https://www.searchsarkarinaukri.com/sitemap-cross-filter.xml,,other,1
https://www.searchsarkarinaukri.com/12th-pass-jobs-in-rajasthan,https://www.searchsarkarinaukri.com/sitemap-cross-filter.xml,,other,1
https://www.searchsarkarinaukri.com/12th-pass-jobs-in-telangana,https://www.searchsarkarinaukri.com/sitemap-cross-filter.xml,,other,1
https://www.searchsarkarinaukri.com/12th-pass-jobs-in-chandigarh,https://www.searchsarkarinaukri.com/sitemap-cross-filter.xml,,other,1
https://www.searchsarkarinaukri.com/iti-jobs-in-delhi,https://www.searchsarkarinaukri.com/sitemap-cross-filter.xml,,other,1
https://www.searchsarkarinaukri.com/iti-jobs-in-uttar-pradesh,https://www.searchsarkarinaukri.com/sitemap-cross-filter.xml,,other,1
https://www.searchsarkarinaukri.com/iti-jobs-in-rajasthan,https://www.searchsarkarinaukri.com/sitemap-cross-filter.xml,,other,1
https://www.searchsarkarinaukri.com/iti-jobs-in-odisha,https://www.searchsarkarinaukri.com/sitemap-cross-filter.xml,,other,1
https://www.searchsarkarinaukri.com/iti-jobs-in-punjab,https://www.searchsarkarinaukri.com/sitemap-cross-filter.xml,,other,1
https://www.searchsarkarinaukri.com/iti-jobs-in-haryana,https://www.searchsarkarinaukri.com/sitemap-cross-filter.xml,,other,1
https://www.searchsarkarinaukri.com/iti-jobs-in-mumbai,https://www.searchsarkarinaukri.com/sitemap-cross-filter.xml,,other,1
https://www.searchsarkarinaukri.com/iti-jobs-in-pune,https://www.searchsarkarinaukri.com/sitemap-cross-filter.xml,,other,1
https://www.searchsarkarinaukri.com/iti-jobs-in-nashik,https://www.searchsarkarinaukri.com/sitemap-cross-filter.xml,,other,1
https://www.searchsarkarinaukri.com/iti-jobs-in-chandigarh,https://www.searchsarkarinaukri.com/sitemap-cross-filter.xml,,other,1
https://www.searchsarkarinaukri.com/diploma-jobs-in-delhi,https://www.searchsarkarinaukri.com/sitemap-cross-filter.xml,,other,1
https://www.searchsarkarinaukri.com/diploma-jobs-in-uttar-pradesh,https://www.searchsarkarinaukri.com/sitemap-cross-filter.xml,,other,1
https://www.searchsarkarinaukri.com/diploma-jobs-in-rajasthan,https://www.searchsarkarinaukri.com/sitemap-cross-filter.xml,,other,1
https://www.searchsarkarinaukri.com/diploma-jobs-in-kerala,https://www.searchsarkarinaukri.com/sitemap-cross-filter.xml,,other,1
https://www.searchsarkarinaukri.com/diploma-jobs-in-odisha,https://www.searchsarkarinaukri.com/sitemap-cross-filter.xml,,other,1
https://www.searchsarkarinaukri.com/diploma-jobs-in-punjab,https://www.searchsarkarinaukri.com/sitemap-cross-filter.xml,,other,1
https://www.searchsarkarinaukri.com/diploma-jobs-in-haryana,https://www.searchsarkarinaukri.com/sitemap-cross-filter.xml,,other,1
https://www.searchsarkarinaukri.com/diploma-jobs-in-mumbai,https://www.searchsarkarinaukri.com/sitemap-cross-filter.xml,,other,1
https://www.searchsarkarinaukri.com/diploma-jobs-in-pune,https://www.searchsarkarinaukri.com/sitemap-cross-filter.xml,,other,1
https://www.searchsarkarinaukri.com/diploma-jobs-in-nashik,https://www.searchsarkarinaukri.com/sitemap-cross-filter.xml,,other,1
https://www.searchsarkarinaukri.com/diploma-jobs-in-chandigarh,https://www.searchsarkarinaukri.com/sitemap-cross-filter.xml,,other,1
https://www.searchsarkarinaukri.com/graduate-jobs-in-delhi,https://www.searchsarkarinaukri.com/sitemap-cross-filter.xml,,other,1
https://www.searchsarkarinaukri.com/graduate-jobs-in-uttar-pradesh,https://www.searchsarkarinaukri.com/sitemap-cross-filter.xml,,other,1
https://www.searchsarkarinaukri.com/graduate-jobs-in-rajasthan,https://www.searchsarkarinaukri.com/sitemap-cross-filter.xml,,other,1
https://www.searchsarkarinaukri.com/graduate-jobs-in-bihar,https://www.searchsarkarinaukri.com/sitemap-cross-filter.xml,,other,1
https://www.searchsarkarinaukri.com/graduate-jobs-in-odisha,https://www.searchsarkarinaukri.com/sitemap-cross-filter.xml,,other,1
https://www.searchsarkarinaukri.com/graduate-jobs-in-punjab,https://www.searchsarkarinaukri.com/sitemap-cross-filter.xml,,other,1
https://www.searchsarkarinaukri.com/graduate-jobs-in-haryana,https://www.searchsarkarinaukri.com/sitemap-cross-filter.xml,,other,1
https://www.searchsarkarinaukri.com/graduate-jobs-in-mumbai,https://www.searchsarkarinaukri.com/sitemap-cross-filter.xml,,other,1
https://www.searchsarkarinaukri.com/graduate-jobs-in-pune,https://www.searchsarkarinaukri.com/sitemap-cross-filter.xml,,other,1
https://www.searchsarkarinaukri.com/graduate-jobs-in-nagpur,https://www.searchsarkarinaukri.com/sitemap-cross-filter.xml,,other,1
https://www.searchsarkarinaukri.com/graduate-jobs-in-chennai,https://www.searchsarkarinaukri.com/sitemap-cross-filter.xml,,other,1
https://www.searchsarkarinaukri.com/graduate-jobs-in-kolkata,https://www.searchsarkarinaukri.com/sitemap-cross-filter.xml,,other,1
https://www.searchsarkarinaukri.com/graduate-jobs-in-lucknow,https://www.searchsarkarinaukri.com/sitemap-cross-filter.xml,,other,1
https://www.searchsarkarinaukri.com/graduate-jobs-in-nashik,https://www.searchsarkarinaukri.com/sitemap-cross-filter.xml,,other,1
https://www.searchsarkarinaukri.com/graduate-jobs-in-patna,https://www.searchsarkarinaukri.com/sitemap-cross-filter.xml,,other,1
https://www.searchsarkarinaukri.com/graduate-jobs-in-chandigarh,https://www.searchsarkarinaukri.com/sitemap-cross-filter.xml,,other,1
https://www.searchsarkarinaukri.com/graduate-jobs-in-bhubaneswar,https://www.searchsarkarinaukri.com/sitemap-cross-filter.xml,,other,1
https://www.searchsarkarinaukri.com/post-graduate-jobs-in-delhi,https://www.searchsarkarinaukri.com/sitemap-cross-filter.xml,,other,1
https://www.searchsarkarinaukri.com/post-graduate-jobs-in-uttar-pradesh,https://www.searchsarkarinaukri.com/sitemap-cross-filter.xml,,other,1
https://www.searchsarkarinaukri.com/post-graduate-jobs-in-rajasthan,https://www.searchsarkarinaukri.com/sitemap-cross-filter.xml,,other,1
https://www.searchsarkarinaukri.com/post-graduate-jobs-in-bihar,https://www.searchsarkarinaukri.com/sitemap-cross-filter.xml,,other,1
https://www.searchsarkarinaukri.com/post-graduate-jobs-in-kerala,https://www.searchsarkarinaukri.com/sitemap-cross-filter.xml,,other,1
https://www.searchsarkarinaukri.com/post-graduate-jobs-in-odisha,https://www.searchsarkarinaukri.com/sitemap-cross-filter.xml,,other,1
https://www.searchsarkarinaukri.com/post-graduate-jobs-in-punjab,https://www.searchsarkarinaukri.com/sitemap-cross-filter.xml,,other,1
https://www.searchsarkarinaukri.com/post-graduate-jobs-in-haryana,https://www.searchsarkarinaukri.com/sitemap-cross-filter.xml,,other,1
https://www.searchsarkarinaukri.com/post-graduate-jobs-in-mumbai,https://www.searchsarkarinaukri.com/sitemap-cross-filter.xml,,other,1
https://www.searchsarkarinaukri.com/post-graduate-jobs-in-pune,https://www.searchsarkarinaukri.com/sitemap-cross-filter.xml,,other,1
https://www.searchsarkarinaukri.com/post-graduate-jobs-in-nagpur,https://www.searchsarkarinaukri.com/sitemap-cross-filter.xml,,other,1
https://www.searchsarkarinaukri.com/post-graduate-jobs-in-bangalore,https://www.searchsarkarinaukri.com/sitemap-cross-filter.xml,,other,1
https://www.searchsarkarinaukri.com/post-graduate-jobs-in-chennai,https://www.searchsarkarinaukri.com/sitemap-cross-filter.xml,,other,1
https://www.searchsarkarinaukri.com/post-graduate-jobs-in-kolkata,https://www.searchsarkarinaukri.com/sitemap-cross-filter.xml,,other,1
https://www.searchsarkarinaukri.com/post-graduate-jobs-in-lucknow,https://www.searchsarkarinaukri.com/sitemap-cross-filter.xml,,other,1
https://www.searchsarkarinaukri.com/post-graduate-jobs-in-kanpur,https://www.searchsarkarinaukri.com/sitemap-cross-filter.xml,,other,1
https://www.searchsarkarinaukri.com/post-graduate-jobs-in-nashik,https://www.searchsarkarinaukri.com/sitemap-cross-filter.xml,,other,1
https://www.searchsarkarinaukri.com/post-graduate-jobs-in-patna,https://www.searchsarkarinaukri.com/sitemap-cross-filter.xml,,other,1
https://www.searchsarkarinaukri.com/post-graduate-jobs-in-chandigarh,https://www.searchsarkarinaukri.com/sitemap-cross-filter.xml,,other,1
https://www.searchsarkarinaukri.com/post-graduate-jobs-in-bhubaneswar,https://www.searchsarkarinaukri.com/sitemap-cross-filter.xml,,other,1
https://www.searchsarkarinaukri.com/engineer-jobs-in-delhi,https://www.searchsarkarinaukri.com/sitemap-cross-filter.xml,,other,1
https://www.searchsarkarinaukri.com/engineer-jobs-in-uttar-pradesh,https://www.searchsarkarinaukri.com/sitemap-cross-filter.xml,,other,1
https://www.searchsarkarinaukri.com/engineer-jobs-in-karnataka,https://www.searchsarkarinaukri.com/sitemap-cross-filter.xml,,other,1
https://www.searchsarkarinaukri.com/engineer-jobs-in-rajasthan,https://www.searchsarkarinaukri.com/sitemap-cross-filter.xml,,other,1
https://www.searchsarkarinaukri.com/engineer-jobs-in-bihar,https://www.searchsarkarinaukri.com/sitemap-cross-filter.xml,,other,1
https://www.searchsarkarinaukri.com/engineer-jobs-in-kerala,https://www.searchsarkarinaukri.com/sitemap-cross-filter.xml,,other,1
https://www.searchsarkarinaukri.com/engineer-jobs-in-odisha,https://www.searchsarkarinaukri.com/sitemap-cross-filter.xml,,other,1
https://www.searchsarkarinaukri.com/engineer-jobs-in-punjab,https://www.searchsarkarinaukri.com/sitemap-cross-filter.xml,,other,1
https://www.searchsarkarinaukri.com/engineer-jobs-in-haryana,https://www.searchsarkarinaukri.com/sitemap-cross-filter.xml,,other,1
https://www.searchsarkarinaukri.com/engineer-jobs-in-mumbai,https://www.searchsarkarinaukri.com/sitemap-cross-filter.xml,,other,1
https://www.searchsarkarinaukri.com/engineer-jobs-in-pune,https://www.searchsarkarinaukri.com/sitemap-cross-filter.xml,,other,1
https://www.searchsarkarinaukri.com/engineer-jobs-in-nagpur,https://www.searchsarkarinaukri.com/sitemap-cross-filter.xml,,other,1
https://www.searchsarkarinaukri.com/engineer-jobs-in-bangalore,https://www.searchsarkarinaukri.com/sitemap-cross-filter.xml,,other,1
https://www.searchsarkarinaukri.com/engineer-jobs-in-kolkata,https://www.searchsarkarinaukri.com/sitemap-cross-filter.xml,,other,1
https://www.searchsarkarinaukri.com/engineer-jobs-in-lucknow,https://www.searchsarkarinaukri.com/sitemap-cross-filter.xml,,other,1
https://www.searchsarkarinaukri.com/engineer-jobs-in-kanpur,https://www.searchsarkarinaukri.com/sitemap-cross-filter.xml,,other,1
https://www.searchsarkarinaukri.com/engineer-jobs-in-nashik,https://www.searchsarkarinaukri.com/sitemap-cross-filter.xml,,other,1
https://www.searchsarkarinaukri.com/engineer-jobs-in-chandigarh,https://www.searchsarkarinaukri.com/sitemap-cross-filter.xml,,other,1
https://www.searchsarkarinaukri.com/mbbs-medical-jobs-in-mumbai,https://www.searchsarkarinaukri.com/sitemap-cross-filter.xml,,other,1
https://www.searchsarkarinaukri.com/mbbs-medical-jobs-in-pune,https://www.searchsarkarinaukri.com/sitemap-cross-filter.xml,,other,1
https://www.searchsarkarinaukri.com/engineering-jobs-in-delhi,https://www.searchsarkarinaukri.com/sitemap-cross-filter.xml,,other,1
https://www.searchsarkarinaukri.com/engineering-jobs-in-uttar-pradesh,https://www.searchsarkarinaukri.com/sitemap-cross-filter.xml,,other,1
https://www.searchsarkarinaukri.com/engineering-jobs-in-karnataka,https://www.searchsarkarinaukri.com/sitemap-cross-filter.xml,,other,1
https://www.searchsarkarinaukri.com/engineering-jobs-in-rajasthan,https://www.searchsarkarinaukri.com/sitemap-cross-filter.xml,,other,1
https://www.searchsarkarinaukri.com/engineering-jobs-in-bihar,https://www.searchsarkarinaukri.com/sitemap-cross-filter.xml,,other,1
https://www.searchsarkarinaukri.com/engineering-jobs-in-kerala,https://www.searchsarkarinaukri.com/sitemap-cross-filter.xml,,other,1
https://www.searchsarkarinaukri.com/engineering-jobs-in-odisha,https://www.searchsarkarinaukri.com/sitemap-cross-filter.xml,,other,1
https://www.searchsarkarinaukri.com/engineering-jobs-in-punjab,https://www.searchsarkarinaukri.com/sitemap-cross-filter.xml,,other,1
https://www.searchsarkarinaukri.com/engineering-jobs-in-haryana,https://www.searchsarkarinaukri.com/sitemap-cross-filter.xml,,other,1
https://www.searchsarkarinaukri.com/engineering-jobs-in-mumbai,https://www.searchsarkarinaukri.com/sitemap-cross-filter.xml,,other,1
https://www.searchsarkarinaukri.com/engineering-jobs-in-pune,https://www.searchsarkarinaukri.com/sitemap-cross-filter.xml,,other,1
https://www.searchsarkarinaukri.com/engineering-jobs-in-nagpur,https://www.searchsarkarinaukri.com/sitemap-cross-filter.xml,,other,1
https://www.searchsarkarinaukri.com/engineering-jobs-in-bangalore,https://www.searchsarkarinaukri.com/sitemap-cross-filter.xml,,other,1
https://www.searchsarkarinaukri.com/engineering-jobs-in-kolkata,https://www.searchsarkarinaukri.com/sitemap-cross-filter.xml,,other,1
https://www.searchsarkarinaukri.com/engineering-jobs-in-lucknow,https://www.searchsarkarinaukri.com/sitemap-cross-filter.xml,,other,1
https://www.searchsarkarinaukri.com/engineering-jobs-in-kanpur,https://www.searchsarkarinaukri.com/sitemap-cross-filter.xml,,other,1
https://www.searchsarkarinaukri.com/engineering-jobs-in-nashik,https://www.searchsarkarinaukri.com/sitemap-cross-filter.xml,,other,1
https://www.searchsarkarinaukri.com/engineering-jobs-in-chandigarh,https://www.searchsarkarinaukri.com/sitemap-cross-filter.xml,,other,1
https://www.searchsarkarinaukri.com/blogs/what-happens-when-your-dream-exam-is-not-your-best-opportunity,https://www.searchsarkarinaukri.com/sitemap-blogs.xml,2026-08-25,blog,1
https://www.searchsarkarinaukri.com/blogs/is-a-government-job-still-the-best-safe-career-choice,https://www.searchsarkarinaukri.com/sitemap-blogs.xml,2026-08-25,blog,1
https://www.searchsarkarinaukri.com/blogs/why-do-aspirants-feel-guilty-for-having-a-backup-plan,https://www.searchsarkarinaukri.com/sitemap-blogs.xml,2026-08-24,blog,1
https://www.searchsarkarinaukri.com/blogs/title-why-does-preparing-for-a-government-job-sometimes-feel-like-a-full-time-job,https://www.searchsarkarinaukri.com/sitemap-blogs.xml,2026-08-24,blog,1
https://www.searchsarkarinaukri.com/blogs/what-does-job-security-actually-mean-anymore,https://www.searchsarkarinaukri.com/sitemap-blogs.xml,2026-08-23,blog,1
https://www.searchsarkarinaukri.com/blogs/why-do-so-many-people-prepare-for-competitive-exams-without-knowing-the-odds,https://www.searchsarkarinaukri.com/sitemap-blogs.xml,2026-08-22,blog,1
https://www.searchsarkarinaukri.com/blogs/has-coaching-become-a-second-education-system-in-india,https://www.searchsarkarinaukri.com/sitemap-blogs.xml,2026-08-21,blog,1
https://www.searchsarkarinaukri.com/blogs/why-are-so-many-educated-young-indians-competing-for-the-same-few-jobs,https://www.searchsarkarinaukri.com/sitemap-blogs.xml,2026-08-21,blog,1
https://www.searchsarkarinaukri.com/blogs/search-sarkari-naukri-launches-comprehensive-government-jobs-exam-updates-daily-assessment-platform-for-indian-aspirants-2,https://www.searchsarkarinaukri.com/sitemap-blogs.xml,2026-08-20,blog,1
https://www.searchsarkarinaukri.com/blogs/the-first-job-problem-why-is-getting-your-first-job-so-hard,https://www.searchsarkarinaukri.com/sitemap-blogs.xml,2026-08-20,blog,1
https://www.searchsarkarinaukri.com/blogs/are-we-preparing-students-for-jobs-that-don-t-exist-yet,https://www.searchsarkarinaukri.com/sitemap-blogs.xml,2026-08-21,blog,1
https://www.searchsarkarinaukri.com/blogs/will-competitive-exams-still-matter-in-an-ai-powered-future,https://www.searchsarkarinaukri.com/sitemap-blogs.xml,2026-08-20,blog,1
https://www.searchsarkarinaukri.com/blogs/why-do-indian-degrees-take-so-long-to-become-useful,https://www.searchsarkarinaukri.com/sitemap-blogs.xml,2026-08-20,blog,1
https://www.searchsarkarinaukri.com/blogs/why-is-mobile-internet-so-cheap-in-india-the-real-story,https://www.searchsarkarinaukri.com/sitemap-blogs.xml,2026-08-20,blog,1
https://www.searchsarkarinaukri.com/blogs/why-are-qr-codes-everywhere-in-india-now,https://www.searchsarkarinaukri.com/sitemap-blogs.xml,2026-08-20,blog,1
https://www.searchsarkarinaukri.com/blogs/why-is-indian-currency-called-the-rupee-the-2-000-year-old-story-behind,https://www.searchsarkarinaukri.com/sitemap-blogs.xml,2026-08-20,blog,1
https://www.searchsarkarinaukri.com/blogs/why-does-india-have-so-many-different-types-of-ids-aadhaar-pan-voter-id-passport-more,https://www.searchsarkarinaukri.com/sitemap-blogs.xml,2026-08-20,blog,1
https://www.searchsarkarinaukri.com/blogs/why-do-so-many-smart-people-spend-years-preparing-for-government-exams,https://www.searchsarkarinaukri.com/sitemap-blogs.xml,2026-08-20,blog,1
https://www.searchsarkarinaukri.com/blogs/ai-is-coming-for-jobs-but-should-government-job-aspirants-actually-be-worried,https://www.searchsarkarinaukri.com/sitemap-blogs.xml,2026-08-20,blog,1
https://www.searchsarkarinaukri.com/blogs/ncert-has-1-596-vacant-posts-cbse-has-933-why-are-india-s-education-bodies-short-staffed,https://www.searchsarkarinaukri.com/sitemap-blogs.xml,2026-08-20,blog,1
https://www.searchsarkarinaukri.com/blogs/maharashtra-wants-to-change-how-government-exams-are-conducted-what-could-change-for-aspirants,https://www.searchsarkarinaukri.com/sitemap-blogs.xml,2026-08-20,blog,1
https://www.searchsarkarinaukri.com/blogs/why-do-government-employees-retire-at-a-fixed-age-and-who-decides-it,https://www.searchsarkarinaukri.com/sitemap-blogs.xml,2026-08-20,blog,1
https://www.searchsarkarinaukri.com/blogs/why-did-the-pmo-move-out-of-south-block-the-story-behind-india-s-new-seva-teerth,https://www.searchsarkarinaukri.com/sitemap-blogs.xml,2026-08-20,blog,1
https://www.searchsarkarinaukri.com/blogs/pm-kisan-is-continuing-until-2030-31-what-actually-changes-for-farmers,https://www.searchsarkarinaukri.com/sitemap-blogs.xml,2026-08-20,blog,1
https://www.searchsarkarinaukri.com/blogs/isro-has-opened-scientist-engineer-recruitment-but-these-aren-t-typical-space-jobs,https://www.searchsarkarinaukri.com/sitemap-blogs.xml,2026-08-20,blog,1
https://www.searchsarkarinaukri.com/blogs/what-happens-during-probation-in-a-government-job-can-you-lose-the-job,https://www.searchsarkarinaukri.com/sitemap-blogs.xml,2026-08-20,blog,1
https://www.searchsarkarinaukri.com/blogs/can-a-government-employee-be-transferred-against-their-will-the-rules-explained,https://www.searchsarkarinaukri.com/sitemap-blogs.xml,2026-08-20,blog,1
https://www.searchsarkarinaukri.com/blogs/why-does-india-have-union-territories-states-vs-union-territories-explained,https://www.searchsarkarinaukri.com/sitemap-blogs.xml,2026-08-20,blog,1
https://www.searchsarkarinaukri.com/blogs/what-does-the-cabinet-secretary-actually-do-the-most-powerful-bureaucrat-in-india-explained,https://www.searchsarkarinaukri.com/sitemap-blogs.xml,2026-08-20,blog,1
https://www.searchsarkarinaukri.com/blogs/what-is-the-public-accounts-committee-pac-how-parliament-checks-government-spending,https://www.searchsarkarinaukri.com/sitemap-blogs.xml,2026-08-20,blog,1
https://www.searchsarkarinaukri.com/blogs/why-doesn-t-india-have-a-national-language-the-constitutional-truth,https://www.searchsarkarinaukri.com/sitemap-blogs.xml,2026-08-20,blog,1
https://www.searchsarkarinaukri.com/blogs/how-does-the-election-commission-of-india-conduct-the-world-s-largest-election,https://www.searchsarkarinaukri.com/sitemap-blogs.xml,2026-08-20,blog,1
https://www.searchsarkarinaukri.com/blogs/what-is-the-right-to-information-rti-act-how-citizens-can-seek-government-information,https://www.searchsarkarinaukri.com/sitemap-blogs.xml,2026-08-20,blog,1
https://www.searchsarkarinaukri.com/blogs/what-is-the-comptroller-and-auditor-general-cag-why-its-reports-matter,https://www.searchsarkarinaukri.com/sitemap-blogs.xml,2026-08-20,blog,1
https://www.searchsarkarinaukri.com/blogs/how-laws-are-made-in-india-from-bill-to-act-explained,https://www.searchsarkarinaukri.com/sitemap-blogs.xml,2026-08-20,blog,1
https://www.searchsarkarinaukri.com/blogs/why-was-new-delhi-chosen-as-india-s-capital-the-history-behind-the-decision,https://www.searchsarkarinaukri.com/sitemap-blogs.xml,2026-08-20,blog,1
https://www.searchsarkarinaukri.com/blogs/what-is-the-national-education-policy-nep-and-how-does-it-affect-students,https://www.searchsarkarinaukri.com/sitemap-blogs.xml,2026-08-20,blog,1
https://www.searchsarkarinaukri.com/blogs/how-the-indian-administrative-service-ias-evolved-from-the-british-era-ics,https://www.searchsarkarinaukri.com/sitemap-blogs.xml,2026-08-20,blog,1
https://www.searchsarkarinaukri.com/blogs/one-nation-one-election-explained-what-it-means-for-india,https://www.searchsarkarinaukri.com/sitemap-blogs.xml,2026-08-20,blog,1
https://www.searchsarkarinaukri.com/blogs/common-mistakes-that-lead-to-government-job-application-rejection,https://www.searchsarkarinaukri.com/sitemap-blogs.xml,2026-08-20,blog,1
https://www.searchsarkarinaukri.com/blogs/top-10-highest-paying-government-jobs-in-india-in-2026,https://www.searchsarkarinaukri.com/sitemap-blogs.xml,2026-08-20,blog,1
https://www.searchsarkarinaukri.com/blogs/upsc-civil-services-examination-2026-complete-beginner-s-guide-to-ias-ips-ifs,https://www.searchsarkarinaukri.com/sitemap-blogs.xml,2026-08-20,blog,1
https://www.searchsarkarinaukri.com/blogs/ssc-cgl-2026-complete-guide-to-eligibility-posts-salary-preparation-strategy,https://www.searchsarkarinaukri.com/sitemap-blogs.xml,2026-08-20,blog,1
https://www.searchsarkarinaukri.com/blogs/government-job-vs-private-job-in-2026-which-career-is-better-for-you,https://www.searchsarkarinaukri.com/sitemap-blogs.xml,2026-08-20,blog,1
https://www.searchsarkarinaukri.com/blogs/can-government-employees-start-a-youtube-channel-or-business-rules-explained,https://www.searchsarkarinaukri.com/sitemap-blogs.xml,2026-08-20,blog,1
https://www.searchsarkarinaukri.com/blogs/why-do-indian-currency-notes-have-17-languages-the-story-hidden-in-your-wallet,https://www.searchsarkarinaukri.com/sitemap-blogs.xml,2026-08-20,blog,1
https://www.searchsarkarinaukri.com/blogs/what-happens-to-your-aadhaar-number-after-you-die-the-answer-may-surprise-you,https://www.searchsarkarinaukri.com/sitemap-blogs.xml,2026-08-20,blog,1
https://www.searchsarkarinaukri.com/blogs/what-happens-if-nobody-applies-for-a-government-job-the-surprising-answer,https://www.searchsarkarinaukri.com/sitemap-blogs.xml,2026-08-20,blog,1
https://www.searchsarkarinaukri.com/blogs/what-happens-to-your-government-exam-answer-sheet-after-the-result-the-journey-nobody-sees,https://www.searchsarkarinaukri.com/sitemap-blogs.xml,2026-08-20,blog,1
https://www.searchsarkarinaukri.com/blogs/can-a-government-employee-be-fired-the-truth-about-permanent-government-jobs,https://www.searchsarkarinaukri.com/sitemap-blogs.xml,2026-08-20,blog,1
https://www.searchsarkarinaukri.com/blogs/who-actually-owns-indian-railways-the-answer-isn-t-as-simple-as-you-think,https://www.searchsarkarinaukri.com/sitemap-blogs.xml,2026-08-20,blog,1
https://www.searchsarkarinaukri.com/blogs/why-cybercrime-is-becoming-one-of-india-s-biggest-policing-challenges,https://www.searchsarkarinaukri.com/sitemap-blogs.xml,2026-08-20,blog,1
https://www.searchsarkarinaukri.com/blogs/from-probation-to-promotion-the-career-growth-of-an-income-tax-inspector,https://www.searchsarkarinaukri.com/sitemap-blogs.xml,2026-08-21,blog,1
https://www.searchsarkarinaukri.com/blogs/how-india-s-district-administration-works-collector-sp-ceo-tehsildar-more-explained,https://www.searchsarkarinaukri.com/sitemap-blogs.xml,2026-08-20,blog,1
https://www.searchsarkarinaukri.com/blogs/why-government-files-are-tied-with-red-tape-the-fascinating-story-behind-the-phrase,https://www.searchsarkarinaukri.com/sitemap-blogs.xml,2026-08-20,blog,1
https://www.searchsarkarinaukri.com/blogs/why-are-police-reforms-always-in-the-news-what-every-aspirant-should-know,https://www.searchsarkarinaukri.com/sitemap-blogs.xml,2026-08-20,blog,1
https://www.searchsarkarinaukri.com/blogs/government-jobs-that-no-longer-exist-careers-lost-to-time,https://www.searchsarkarinaukri.com/sitemap-blogs.xml,2026-08-20,blog,1
https://www.searchsarkarinaukri.com/blogs/government-job-verification-process-explained-what-happens-after-you-get-selected,https://www.searchsarkarinaukri.com/sitemap-blogs.xml,2026-08-20,blog,1
https://www.searchsarkarinaukri.com/blogs/a-day-in-the-life-of-an-ias-officer-what-really-happens-behind-the-desk,https://www.searchsarkarinaukri.com/sitemap-blogs.xml,2026-08-20,blog,1
https://www.searchsarkarinaukri.com/blogs/what-is-a-gazetted-officer-and-why-their-signature-matters,https://www.searchsarkarinaukri.com/sitemap-blogs.xml,2026-08-24,blog,1
https://www.searchsarkarinaukri.com/blogs/group-a-b-c-d-government-jobs-explained-which-one-is-right-for-you,https://www.searchsarkarinaukri.com/sitemap-blogs.xml,2026-08-20,blog,1
https://www.searchsarkarinaukri.com/blogs/7th-pay-commission-explained-what-every-government-job-aspirant-should-know,https://www.searchsarkarinaukri.com/sitemap-blogs.xml,2026-08-20,blog,1
https://www.searchsarkarinaukri.com/blogs/government-job-salary-explained-what-you-actually-take-home-every-month,https://www.searchsarkarinaukri.com/sitemap-blogs.xml,2026-08-20,blog,1
https://www.searchsarkarinaukri.com/blogs/why-do-most-government-job-aspirants-fail-hint-it-s-not-because-they-re-less-intelligent,https://www.searchsarkarinaukri.com/sitemap-blogs.xml,2026-08-20,blog,1
https://www.searchsarkarinaukri.com/blogs/latest-government-job-notifications-2026-the-opportunities-you-can-t-afford-to-miss,https://www.searchsarkarinaukri.com/sitemap-blogs.xml,2026-08-20,blog,1
https://www.searchsarkarinaukri.com/blogs/10th-and-12th-pass-government-jobs-in-india-2026-best-career-options-salary-how-to-apply,https://www.searchsarkarinaukri.com/sitemap-blogs.xml,2026-08-20,blog,1
https://www.searchsarkarinaukri.com/blogs/how-to-be-good-student,https://www.searchsarkarinaukri.com/sitemap-blogs.xml,2026-08-20,blog,1
https://www.searchsarkarinaukri.com/results/80,https://www.searchsarkarinaukri.com/sitemap-results.xml,2025-11-03,results,1
https://www.searchsarkarinaukri.com/results/79,https://www.searchsarkarinaukri.com/sitemap-results.xml,2026-07-25,results,1
https://www.searchsarkarinaukri.com/results/78,https://www.searchsarkarinaukri.com/sitemap-results.xml,2026-01-05,results,1
https://www.searchsarkarinaukri.com/results/77,https://www.searchsarkarinaukri.com/sitemap-results.xml,2026-06-22,results,1
https://www.searchsarkarinaukri.com/results/75,https://www.searchsarkarinaukri.com/sitemap-results.xml,2025-11-03,results,1
https://www.searchsarkarinaukri.com/results/74,https://www.searchsarkarinaukri.com/sitemap-results.xml,2026-07-25,results,1
https://www.searchsarkarinaukri.com/results/72,https://www.searchsarkarinaukri.com/sitemap-results.xml,2026-01-05,results,1
https://www.searchsarkarinaukri.com/results/71,https://www.searchsarkarinaukri.com/sitemap-results.xml,2025-06-19,results,1
https://www.searchsarkarinaukri.com/results/70,https://www.searchsarkarinaukri.com/sitemap-results.xml,2026-07-25,results,1
https://www.searchsarkarinaukri.com/results/69,https://www.searchsarkarinaukri.com/sitemap-results.xml,2025-11-03,results,1
https://www.searchsarkarinaukri.com/results/67,https://www.searchsarkarinaukri.com/sitemap-results.xml,2026-07-15,results,1
https://www.searchsarkarinaukri.com/results/66,https://www.searchsarkarinaukri.com/sitemap-results.xml,2026-06-22,results,1
https://www.searchsarkarinaukri.com/results/65,https://www.searchsarkarinaukri.com/sitemap-results.xml,2025-03-05,results,1
https://www.searchsarkarinaukri.com/results/63,https://www.searchsarkarinaukri.com/sitemap-results.xml,2026-07-25,results,1
https://www.searchsarkarinaukri.com/results/62,https://www.searchsarkarinaukri.com/sitemap-results.xml,2025-11-03,results,1
https://www.searchsarkarinaukri.com/results/60,https://www.searchsarkarinaukri.com/sitemap-results.xml,2026-07-15,results,1
https://www.searchsarkarinaukri.com/results/59,https://www.searchsarkarinaukri.com/sitemap-results.xml,2026-06-22,results,1
https://www.searchsarkarinaukri.com/results/58,https://www.searchsarkarinaukri.com/sitemap-results.xml,2025-03-05,results,1
https://www.searchsarkarinaukri.com/results/55,https://www.searchsarkarinaukri.com/sitemap-results.xml,2026-07-25,results,1
https://www.searchsarkarinaukri.com/results/54,https://www.searchsarkarinaukri.com/sitemap-results.xml,2025-11-03,results,1
https://www.searchsarkarinaukri.com/results/52,https://www.searchsarkarinaukri.com/sitemap-results.xml,2026-07-15,results,1
https://www.searchsarkarinaukri.com/results/51,https://www.searchsarkarinaukri.com/sitemap-results.xml,2025-03-05,results,1
https://www.searchsarkarinaukri.com/results/49,https://www.searchsarkarinaukri.com/sitemap-results.xml,2025-11-03,results,1
https://www.searchsarkarinaukri.com/results/46,https://www.searchsarkarinaukri.com/sitemap-results.xml,2026-06-22,results,1
https://www.searchsarkarinaukri.com/results/45,https://www.searchsarkarinaukri.com/sitemap-results.xml,2025-03-05,results,1
https://www.searchsarkarinaukri.com/results/44,https://www.searchsarkarinaukri.com/sitemap-results.xml,2026-06-16,results,1
https://www.searchsarkarinaukri.com/results/42,https://www.searchsarkarinaukri.com/sitemap-results.xml,2025-06-18,results,1
https://www.searchsarkarinaukri.com/results/41,https://www.searchsarkarinaukri.com/sitemap-results.xml,2025-11-03,results,1
https://www.searchsarkarinaukri.com/results/37,https://www.searchsarkarinaukri.com/sitemap-results.xml,2026-06-22,results,1
https://www.searchsarkarinaukri.com/results/35,https://www.searchsarkarinaukri.com/sitemap-results.xml,2025-11-03,results,1
https://www.searchsarkarinaukri.com/results/34,https://www.searchsarkarinaukri.com/sitemap-results.xml,2026-06-16,results,1
https://www.searchsarkarinaukri.com/results/30,https://www.searchsarkarinaukri.com/sitemap-results.xml,2026-06-22,results,1
https://www.searchsarkarinaukri.com/results/28,https://www.searchsarkarinaukri.com/sitemap-results.xml,2026-06-15,results,1
https://www.searchsarkarinaukri.com/results/26,https://www.searchsarkarinaukri.com/sitemap-results.xml,2025-11-03,results,1
https://www.searchsarkarinaukri.com/results/23,https://www.searchsarkarinaukri.com/sitemap-results.xml,2026-06-22,results,1
https://www.searchsarkarinaukri.com/results/21,https://www.searchsarkarinaukri.com/sitemap-results.xml,2026-06-15,results,1
https://www.searchsarkarinaukri.com/results/18,https://www.searchsarkarinaukri.com/sitemap-results.xml,2025-11-03,results,1
https://www.searchsarkarinaukri.com/results/16,https://www.searchsarkarinaukri.com/sitemap-results.xml,2026-01-05,results,1
https://www.searchsarkarinaukri.com/results/15,https://www.searchsarkarinaukri.com/sitemap-results.xml,2026-03-05,results,1
https://www.searchsarkarinaukri.com/results/14,https://www.searchsarkarinaukri.com/sitemap-results.xml,2026-02-28,results,1
https://www.searchsarkarinaukri.com/results/13,https://www.searchsarkarinaukri.com/sitemap-results.xml,2026-03-05,results,1
https://www.searchsarkarinaukri.com/results/12,https://www.searchsarkarinaukri.com/sitemap-results.xml,2026-02-20,results,1
https://www.searchsarkarinaukri.com/results/11,https://www.searchsarkarinaukri.com/sitemap-results.xml,2026-05-09,results,1
https://www.searchsarkarinaukri.com/results/10,https://www.searchsarkarinaukri.com/sitemap-results.xml,2026-03-10,results,1
https://www.searchsarkarinaukri.com/results/9,https://www.searchsarkarinaukri.com/sitemap-results.xml,2026-01-15,results,1
https://www.searchsarkarinaukri.com/admit-cards/82,https://www.searchsarkarinaukri.com/sitemap-admit-cards.xml,2025-11-09,admit-card,1
https://www.searchsarkarinaukri.com/admit-cards/81,https://www.searchsarkarinaukri.com/sitemap-admit-cards.xml,2026-01-10,admit-card,1
https://www.searchsarkarinaukri.com/admit-cards/76,https://www.searchsarkarinaukri.com/sitemap-admit-cards.xml,2025-11-09,admit-card,1
https://www.searchsarkarinaukri.com/admit-cards/73,https://www.searchsarkarinaukri.com/sitemap-admit-cards.xml,2026-01-10,admit-card,1
https://www.searchsarkarinaukri.com/admit-cards/68,https://www.searchsarkarinaukri.com/sitemap-admit-cards.xml,2026-01-10,admit-card,1
https://www.searchsarkarinaukri.com/admit-cards/64,https://www.searchsarkarinaukri.com/sitemap-admit-cards.xml,2025-10-06,admit-card,1
https://www.searchsarkarinaukri.com/admit-cards/61,https://www.searchsarkarinaukri.com/sitemap-admit-cards.xml,2026-01-10,admit-card,1
https://www.searchsarkarinaukri.com/admit-cards/57,https://www.searchsarkarinaukri.com/sitemap-admit-cards.xml,2025-08-12,admit-card,1
https://www.searchsarkarinaukri.com/admit-cards/56,https://www.searchsarkarinaukri.com/sitemap-admit-cards.xml,2025-10-06,admit-card,1
https://www.searchsarkarinaukri.com/admit-cards/53,https://www.searchsarkarinaukri.com/sitemap-admit-cards.xml,2026-01-10,admit-card,1
https://www.searchsarkarinaukri.com/admit-cards/50,https://www.searchsarkarinaukri.com/sitemap-admit-cards.xml,2025-10-06,admit-card,1
https://www.searchsarkarinaukri.com/admit-cards/48,https://www.searchsarkarinaukri.com/sitemap-admit-cards.xml,2026-05-15,admit-card,1
https://www.searchsarkarinaukri.com/admit-cards/47,https://www.searchsarkarinaukri.com/sitemap-admit-cards.xml,2026-01-10,admit-card,1
https://www.searchsarkarinaukri.com/admit-cards/43,https://www.searchsarkarinaukri.com/sitemap-admit-cards.xml,2025-10-06,admit-card,1
https://www.searchsarkarinaukri.com/admit-cards/40,https://www.searchsarkarinaukri.com/sitemap-admit-cards.xml,2026-05-15,admit-card,1
https://www.searchsarkarinaukri.com/admit-cards/39,https://www.searchsarkarinaukri.com/sitemap-admit-cards.xml,2025-11-09,admit-card,1
https://www.searchsarkarinaukri.com/admit-cards/38,https://www.searchsarkarinaukri.com/sitemap-admit-cards.xml,2026-01-10,admit-card,1
https://www.searchsarkarinaukri.com/admit-cards/36,https://www.searchsarkarinaukri.com/sitemap-admit-cards.xml,2025-10-06,admit-card,1
https://www.searchsarkarinaukri.com/admit-cards/33,https://www.searchsarkarinaukri.com/sitemap-admit-cards.xml,2026-05-15,admit-card,1
https://www.searchsarkarinaukri.com/admit-cards/32,https://www.searchsarkarinaukri.com/sitemap-admit-cards.xml,2025-11-03,admit-card,1
https://www.searchsarkarinaukri.com/admit-cards/31,https://www.searchsarkarinaukri.com/sitemap-admit-cards.xml,2026-01-10,admit-card,1
https://www.searchsarkarinaukri.com/admit-cards/29,https://www.searchsarkarinaukri.com/sitemap-admit-cards.xml,2026-02-02,admit-card,1
https://www.searchsarkarinaukri.com/admit-cards/27,https://www.searchsarkarinaukri.com/sitemap-admit-cards.xml,2026-05-15,admit-card,1
https://www.searchsarkarinaukri.com/admit-cards/25,https://www.searchsarkarinaukri.com/sitemap-admit-cards.xml,2025-09-01,admit-card,1
https://www.searchsarkarinaukri.com/admit-cards/24,https://www.searchsarkarinaukri.com/sitemap-admit-cards.xml,2026-01-10,admit-card,1
https://www.searchsarkarinaukri.com/admit-cards/22,https://www.searchsarkarinaukri.com/sitemap-admit-cards.xml,2026-02-02,admit-card,1
https://www.searchsarkarinaukri.com/admit-cards/20,https://www.searchsarkarinaukri.com/sitemap-admit-cards.xml,2025-11-09,admit-card,1
https://www.searchsarkarinaukri.com/admit-cards/19,https://www.searchsarkarinaukri.com/sitemap-admit-cards.xml,2026-05-15,admit-card,1
https://www.searchsarkarinaukri.com/admit-cards/17,https://www.searchsarkarinaukri.com/sitemap-admit-cards.xml,2026-01-10,admit-card,1
https://www.searchsarkarinaukri.com/admit-cards/8,https://www.searchsarkarinaukri.com/sitemap-admit-cards.xml,2026-05-15,admit-card,1
https://www.searchsarkarinaukri.com/admit-cards/7,https://www.searchsarkarinaukri.com/sitemap-admit-cards.xml,2026-09-15,admit-card,1
https://www.searchsarkarinaukri.com/admit-cards/6,https://www.searchsarkarinaukri.com/sitemap-admit-cards.xml,2026-04-13,admit-card,1
https://www.searchsarkarinaukri.com/admit-cards/5,https://www.searchsarkarinaukri.com/sitemap-admit-cards.xml,2026-06-01,admit-card,1
https://www.searchsarkarinaukri.com/admit-cards/4,https://www.searchsarkarinaukri.com/sitemap-admit-cards.xml,2026-04-20,admit-card,1
https://www.searchsarkarinaukri.com/admit-cards/3,https://www.searchsarkarinaukri.com/sitemap-admit-cards.xml,2026-07-10,admit-card,1
https://www.searchsarkarinaukri.com/admit-cards/2,https://www.searchsarkarinaukri.com/sitemap-admit-cards.xml,2026-05-25,admit-card,1
https://www.searchsarkarinaukri.com/admit-cards/1,https://www.searchsarkarinaukri.com/sitemap-admit-cards.xml,2026-06-15,admit-card,1
https://www.searchsarkarinaukri.com/districts/mumbai-city,https://www.searchsarkarinaukri.com/sitemap-districts.xml,,location,1
https://www.searchsarkarinaukri.com/districts/mumbai-suburban,https://www.searchsarkarinaukri.com/sitemap-districts.xml,,location,1
https://www.searchsarkarinaukri.com/districts/thane,https://www.searchsarkarinaukri.com/sitemap-districts.xml,,location,1
https://www.searchsarkarinaukri.com/districts/palghar,https://www.searchsarkarinaukri.com/sitemap-districts.xml,,location,1
https://www.searchsarkarinaukri.com/districts/raigad,https://www.searchsarkarinaukri.com/sitemap-districts.xml,,location,1
https://www.searchsarkarinaukri.com/districts/ratnagiri,https://www.searchsarkarinaukri.com/sitemap-districts.xml,,location,1
https://www.searchsarkarinaukri.com/districts/sindhudurg,https://www.searchsarkarinaukri.com/sitemap-districts.xml,,location,1
https://www.searchsarkarinaukri.com/districts/nashik,https://www.searchsarkarinaukri.com/sitemap-districts.xml,,location,1
https://www.searchsarkarinaukri.com/districts/ahmednagar,https://www.searchsarkarinaukri.com/sitemap-districts.xml,,location,1
https://www.searchsarkarinaukri.com/districts/dhule,https://www.searchsarkarinaukri.com/sitemap-districts.xml,,location,1
https://www.searchsarkarinaukri.com/districts/jalgaon,https://www.searchsarkarinaukri.com/sitemap-districts.xml,,location,1
https://www.searchsarkarinaukri.com/districts/nandurbar,https://www.searchsarkarinaukri.com/sitemap-districts.xml,,location,1
https://www.searchsarkarinaukri.com/districts/pune,https://www.searchsarkarinaukri.com/sitemap-districts.xml,,location,1
https://www.searchsarkarinaukri.com/districts/satara,https://www.searchsarkarinaukri.com/sitemap-districts.xml,,location,1
https://www.searchsarkarinaukri.com/districts/sangli,https://www.searchsarkarinaukri.com/sitemap-districts.xml,,location,1
https://www.searchsarkarinaukri.com/districts/solapur,https://www.searchsarkarinaukri.com/sitemap-districts.xml,,location,1
https://www.searchsarkarinaukri.com/districts/kolhapur,https://www.searchsarkarinaukri.com/sitemap-districts.xml,,location,1
https://www.searchsarkarinaukri.com/districts/aurangabad,https://www.searchsarkarinaukri.com/sitemap-districts.xml,,location,1
https://www.searchsarkarinaukri.com/districts/jalna,https://www.searchsarkarinaukri.com/sitemap-districts.xml,,location,1
https://www.searchsarkarinaukri.com/districts/beed,https://www.searchsarkarinaukri.com/sitemap-districts.xml,,location,1
https://www.searchsarkarinaukri.com/districts/latur,https://www.searchsarkarinaukri.com/sitemap-districts.xml,,location,1
https://www.searchsarkarinaukri.com/districts/osmanabad,https://www.searchsarkarinaukri.com/sitemap-districts.xml,,location,1
https://www.searchsarkarinaukri.com/districts/nanded,https://www.searchsarkarinaukri.com/sitemap-districts.xml,,location,1
https://www.searchsarkarinaukri.com/districts/parbhani,https://www.searchsarkarinaukri.com/sitemap-districts.xml,,location,1
https://www.searchsarkarinaukri.com/districts/hingoli,https://www.searchsarkarinaukri.com/sitemap-districts.xml,,location,1
https://www.searchsarkarinaukri.com/districts/amravati,https://www.searchsarkarinaukri.com/sitemap-districts.xml,,location,1
https://www.searchsarkarinaukri.com/districts/akola,https://www.searchsarkarinaukri.com/sitemap-districts.xml,,location,1
https://www.searchsarkarinaukri.com/districts/buldhana,https://www.searchsarkarinaukri.com/sitemap-districts.xml,,location,1
https://www.searchsarkarinaukri.com/districts/washim,https://www.searchsarkarinaukri.com/sitemap-districts.xml,,location,1
https://www.searchsarkarinaukri.com/districts/yavatmal,https://www.searchsarkarinaukri.com/sitemap-districts.xml,,location,1
https://www.searchsarkarinaukri.com/districts/nagpur,https://www.searchsarkarinaukri.com/sitemap-districts.xml,,location,1
https://www.searchsarkarinaukri.com/districts/wardha,https://www.searchsarkarinaukri.com/sitemap-districts.xml,,location,1
https://www.searchsarkarinaukri.com/districts/bhandara,https://www.searchsarkarinaukri.com/sitemap-districts.xml,,location,1
https://www.searchsarkarinaukri.com/districts/gondia,https://www.searchsarkarinaukri.com/sitemap-districts.xml,,location,1
https://www.searchsarkarinaukri.com/districts/chandrapur,https://www.searchsarkarinaukri.com/sitemap-districts.xml,,location,1
https://www.searchsarkarinaukri.com/districts/gadchiroli,https://www.searchsarkarinaukri.com/sitemap-districts.xml,,location,1
https://www.searchsarkarinaukri.com/districts/mumbai-city/central,https://www.searchsarkarinaukri.com/sitemap-districts.xml,,location,1
https://www.searchsarkarinaukri.com/districts/mumbai-city/health,https://www.searchsarkarinaukri.com/sitemap-districts.xml,,location,1
https://www.searchsarkarinaukri.com/districts/mumbai-suburban/railway,https://www.searchsarkarinaukri.com/sitemap-districts.xml,,location,1
https://www.searchsarkarinaukri.com/districts/mumbai-suburban/central,https://www.searchsarkarinaukri.com/sitemap-districts.xml,,location,1
https://www.searchsarkarinaukri.com/districts/thane/railway,https://www.searchsarkarinaukri.com/sitemap-districts.xml,,location,1
https://www.searchsarkarinaukri.com/districts/raigad/railway,https://www.searchsarkarinaukri.com/sitemap-districts.xml,,location,1
https://www.searchsarkarinaukri.com/districts/ratnagiri/railway,https://www.searchsarkarinaukri.com/sitemap-districts.xml,,location,1
https://www.searchsarkarinaukri.com/districts/raigad/central,https://www.searchsarkarinaukri.com/sitemap-districts.xml,,location,1
https://www.searchsarkarinaukri.com/districts/ratnagiri/central,https://www.searchsarkarinaukri.com/sitemap-districts.xml,,location,1
https://www.searchsarkarinaukri.com/districts/sindhudurg/railway,https://www.searchsarkarinaukri.com/sitemap-districts.xml,,location,1
https://www.searchsarkarinaukri.com/districts/sindhudurg/central,https://www.searchsarkarinaukri.com/sitemap-districts.xml,,location,1
https://www.searchsarkarinaukri.com/districts/pune/health,https://www.searchsarkarinaukri.com/sitemap-districts.xml,,location,1
https://www.searchsarkarinaukri.com/districts/pune/education,https://www.searchsarkarinaukri.com/sitemap-districts.xml,,location,1
https://www.searchsarkarinaukri.com/districts/pune/central,https://www.searchsarkarinaukri.com/sitemap-districts.xml,,location,1
