"url","url_length","page_type"
"https://www.searchsarkarinaukri.com/blogs?search=%E0%A4%B8%E0%A4%B0%E0%A4%95%E0%A4%BE%E0%A4%B0%E0%A5%80%20%E0%A4%A8%E0%A5%8C%E0%A4%95%E0%A4%B0%E0%A5%80%20%E0%A4%86%E0%A4%B5%E0%A5%87%E0%A4%A6%E0%A4%A8%20%E0%A4%95%E0%A5%88%E0%A4%B8%E0%A5%87%20%E0%A4%95%E0%A4%B0%E0%A5%87%E0%A4%82","277","blog"
"https://www.searchsarkarinaukri.com/blogs/10th-and-12th-pass-government-jobs-in-india-2026-best-career-options-salary-how-to-apply","130","blog"
"https://www.searchsarkarinaukri.com/blogs/7th-pay-commission-explained-what-every-government-job-aspirant-should-know","117","blog"
"https://www.searchsarkarinaukri.com/blogs/ai-is-coming-for-jobs-but-should-government-job-aspirants-actually-be-worried","119","blog"
"https://www.searchsarkarinaukri.com/blogs/can-a-government-employee-be-fired-the-truth-about-permanent-government-jobs","118","blog"
"https://www.searchsarkarinaukri.com/blogs/can-a-government-employee-be-transferred-against-their-will-the-rules-explained","121","blog"
"https://www.searchsarkarinaukri.com/blogs/can-government-employees-start-a-youtube-channel-or-business-rules-explained","118","blog"
"https://www.searchsarkarinaukri.com/blogs/government-job-verification-process-explained-what-happens-after-you-get-selected","123","blog"
"https://www.searchsarkarinaukri.com/blogs/how-does-the-election-commission-of-india-conduct-the-world-s-largest-election","120","blog"
"https://www.searchsarkarinaukri.com/blogs/how-india-s-district-administration-works-collector-sp-ceo-tehsildar-more-explained","125","blog"
"https://www.searchsarkarinaukri.com/blogs/how-the-indian-administrative-service-ias-evolved-from-the-british-era-ics","116","blog"
"https://www.searchsarkarinaukri.com/blogs/isro-has-opened-scientist-engineer-recruitment-but-these-aren-t-typical-space-jobs","124","blog"
"https://www.searchsarkarinaukri.com/blogs/latest-government-job-notifications-2026-the-opportunities-you-can-t-afford-to-miss","125","blog"
"https://www.searchsarkarinaukri.com/blogs/maharashtra-wants-to-change-how-government-exams-are-conducted-what-could-change-for-aspirants","136","blog"
"https://www.searchsarkarinaukri.com/blogs/ncert-has-1-596-vacant-posts-cbse-has-933-why-are-india-s-education-bodies-short-staffed","130","blog"
"https://www.searchsarkarinaukri.com/blogs/search-sarkari-naukri-launches-comprehensive-government-jobs-exam-updates-daily-assessment-platform-for-indian-aspirants-2","164","blog"
"https://www.searchsarkarinaukri.com/blogs/ssc-cgl-2026-complete-guide-to-eligibility-posts-salary-preparation-strategy","118","blog"
"https://www.searchsarkarinaukri.com/blogs/title-why-does-preparing-for-a-government-job-sometimes-feel-like-a-full-time-job","123","blog"
"https://www.searchsarkarinaukri.com/blogs/upsc-civil-services-examination-2026-complete-beginner-s-guide-to-ias-ips-ifs","119","blog"
"https://www.searchsarkarinaukri.com/blogs/what-does-the-cabinet-secretary-actually-do-the-most-powerful-bureaucrat-in-india-explained","133","blog"
"https://www.searchsarkarinaukri.com/blogs/what-happens-to-your-aadhaar-number-after-you-die-the-answer-may-surprise-you","119","blog"
"https://www.searchsarkarinaukri.com/blogs/what-happens-to-your-government-exam-answer-sheet-after-the-result-the-journey-nobody-sees","132","blog"
"https://www.searchsarkarinaukri.com/blogs/what-is-the-public-accounts-committee-pac-how-parliament-checks-government-spending","125","blog"
"https://www.searchsarkarinaukri.com/blogs/what-is-the-right-to-information-rti-act-how-citizens-can-seek-government-information","127","blog"
"https://www.searchsarkarinaukri.com/blogs/why-did-the-pmo-move-out-of-south-block-the-story-behind-india-s-new-seva-teerth","122","blog"
"https://www.searchsarkarinaukri.com/blogs/why-do-indian-currency-notes-have-17-languages-the-story-hidden-in-your-wallet","120","blog"
"https://www.searchsarkarinaukri.com/blogs/why-do-most-government-job-aspirants-fail-hint-it-s-not-because-they-re-less-intelligent","130","blog"
"https://www.searchsarkarinaukri.com/blogs/why-do-so-many-people-prepare-for-competitive-exams-without-knowing-the-odds","118","blog"
"https://www.searchsarkarinaukri.com/blogs/why-does-india-have-so-many-different-types-of-ids-aadhaar-pan-voter-id-passport-more","127","blog"
"https://www.searchsarkarinaukri.com/blogs/why-does-india-have-union-territories-states-vs-union-territories-explained","117","blog"
"https://www.searchsarkarinaukri.com/blogs/why-government-files-are-tied-with-red-tape-the-fascinating-story-behind-the-phrase","125","blog"
"https://www.searchsarkarinaukri.com/blogs/why-was-new-delhi-chosen-as-india-s-capital-the-history-behind-the-decision","117","blog"
"https://www.searchsarkarinaukri.com/jobs/aai-birsa-munda-airport-ranchi-apprentice-recruitment-2026-apply-online--3867","118","job-listing"
"https://www.searchsarkarinaukri.com/jobs/aai-junior-executive-finance-recruitment-2026-apply-online-for-36-posts--3669","118","job-listing"
"https://www.searchsarkarinaukri.com/jobs/aai-junior-executive-operations-recruitment-2026-apply-online-for-79-posts--3671","121","job-listing"
"https://www.searchsarkarinaukri.com/jobs/aai-junior-executive-survey-cartography-recruitment-2026-apply-online-for-8-posts--3672","128","job-listing"
"https://www.searchsarkarinaukri.com/jobs/aai-manager-corporate-communications-recruitment-2026-apply-online-for-2-posts--3668","125","job-listing"
"https://www.searchsarkarinaukri.com/jobs/aai-manager-corporate-planning-management-services-recruitment-2026-apply-online-for-1-post--3647","138","job-listing"
"https://www.searchsarkarinaukri.com/jobs/aai-manager-engineering-civil-recruitment-2026-apply-online-for-145-posts--3638","120","job-listing"
"https://www.searchsarkarinaukri.com/jobs/aai-manager-engineering-electrical-recruitment-2026-apply-online-for-16-posts--3639","124","job-listing"
"https://www.searchsarkarinaukri.com/jobs/aai-manager-information-technology-recruitment-2026-apply-online-for-5-posts--3641","123","job-listing"
"https://www.searchsarkarinaukri.com/jobs/aai-sri-vijaya-puram-airport-apprentice-recruitment-2026-apply-online--3863","116","job-listing"
"https://www.searchsarkarinaukri.com/jobs/acsir-recruitment-2025-for-16-admin-acsir-recruitment-2025-for-16-admin-2026--1461","123","job-listing"
"https://www.searchsarkarinaukri.com/jobs/adivasi-gramin-vikas-shikshan-sanstha-gadchiroli-adivasi-gramin-vikas-shikshan-sanstha-gadchiroli-20--4140","147","job-listing"
"https://www.searchsarkarinaukri.com/jobs/advanced-centre-for-treatment-research-and-education-in-cancer-actrec-advanced-centre-for-treatment--1782","146","job-listing"
"https://www.searchsarkarinaukri.com/jobs/advanced-centre-for-treatment-research-and-education-in-cancer-actrec-advanced-centre-for-treatment--2487","146","job-listing"
"https://www.searchsarkarinaukri.com/jobs/advanced-centre-for-treatment-research-and-education-in-cancer-actrec-advanced-centre-for-treatment--3704","146","job-listing"
"https://www.searchsarkarinaukri.com/jobs/advanced-centre-for-treatment-research-and-education-in-cancer-tmc-actrec-advanced-centre-for-treatm--2119","147","job-listing"
"https://www.searchsarkarinaukri.com/jobs/agharkar-research-institute-ari-pune-agharkar-research-institute-ari-pune-invites-2026--2216","133","job-listing"
"https://www.searchsarkarinaukri.com/jobs/agharkar-research-institute-project-associate-i-agharkar-research-2026--2813","117","job-listing"
"https://www.searchsarkarinaukri.com/jobs/agharkar-research-institute-pune-agharkar-research-institute-pune-invites-applications-2026--1864","138","job-listing"
"https://www.searchsarkarinaukri.com/jobs/ahmednagar-jilha-maratha-vidya-prasarak-samaj-ahmednagar-jilha-maratha-vidya-prasarak-samaj-2026--3903","143","job-listing"
"https://www.searchsarkarinaukri.com/jobs/ahmednagar-merchant-co-op-bank-ltd-ahmednagar-merchant-co-op-bank-ltd-2026--2449","121","job-listing"
"https://www.searchsarkarinaukri.com/jobs/ahmednagar-merchant-co-op-bank-ltd-ahmednagar-merchant-co-op-bank-ltd-2026--2549","121","job-listing"
"https://www.searchsarkarinaukri.com/jobs/aiims-norcet-11-nursing-officer-recruitment-2026-apply-online-for-2218-tentative-posts--3679","133","job-listing"
"https://www.searchsarkarinaukri.com/jobs/air-force-school-devlali-nashik-air-force-school-devlali-nashik-2026-2026--2209","120","job-listing"
"https://www.searchsarkarinaukri.com/jobs/air-force-school-pune-afs-pune-recruitment-notification-air-force-school-pune-2026--2330","129","job-listing"
"https://www.searchsarkarinaukri.com/jobs/airports-economic-regulatory-authority-of-india-airports-economic-regulatory-authority-of-india-2026--1898","147","job-listing"
"https://www.searchsarkarinaukri.com/jobs/airports-economic-regulatory-authority-of-india-airports-economic-regulatory-authority-of-india-2026--3652","147","job-listing"
"https://www.searchsarkarinaukri.com/jobs/airports-economic-regulatory-authority-of-india-airports-economic-regulatory-authority-of-india-2026--4262","147","job-listing"
"https://www.searchsarkarinaukri.com/jobs/akola-urban-cooperative-bank-recruitment-notification-akola-urban-cooperative-bank-2026--1778","134","job-listing"
"https://www.searchsarkarinaukri.com/jobs/all-india-institute-of-medical-sciences-all-india-institute-of-medical-sciences-2026--3708","131","job-listing"
"https://www.searchsarkarinaukri.com/jobs/all-india-institute-of-medical-sciences-nagpur-all-india-institute-of-medical-sciences-2026--1896","138","job-listing"
"https://www.searchsarkarinaukri.com/jobs/all-india-institute-of-medical-sciences-nagpur-all-india-institute-of-medical-sciences-2026--1961","138","job-listing"
"https://www.searchsarkarinaukri.com/jobs/all-india-institute-of-medical-sciences-nagpur-all-india-institute-of-medical-sciences-2026--2264","138","job-listing"
"https://www.searchsarkarinaukri.com/jobs/all-india-institute-of-medical-sciences-nagpur-all-india-institute-of-medical-sciences-2026--2313","138","job-listing"
"https://www.searchsarkarinaukri.com/jobs/all-india-institute-of-medical-sciences-nagpur-all-india-institute-of-medical-sciences-2026--2652","138","job-listing"
"https://www.searchsarkarinaukri.com/jobs/all-india-institute-of-medical-sciences-nagpur-all-india-institute-of-medical-sciences-2026--2936","138","job-listing"
"https://www.searchsarkarinaukri.com/jobs/all-india-institute-of-medical-sciences-nagpur-all-india-institute-of-medical-sciences-2026--3244","138","job-listing"
"https://www.searchsarkarinaukri.com/jobs/all-india-institute-of-medical-sciences-nagpur-all-india-institute-of-medical-sciences-2026--3521","138","job-listing"
"https://www.searchsarkarinaukri.com/jobs/all-india-institute-of-medical-sciences-nagpur-all-india-institute-of-medical-sciences-2026--3659","138","job-listing"
"https://www.searchsarkarinaukri.com/jobs/all-india-institute-of-medical-sciences-nagpur-all-india-institute-of-medical-sciences-2026--4008","138","job-listing"
"https://www.searchsarkarinaukri.com/jobs/all-india-institute-of-medical-sciences-nagpur-all-india-institute-of-medical-sciences-2026--4323","138","job-listing"
"https://www.searchsarkarinaukri.com/jobs/all-india-institute-of-medical-sciences-nagpur-all-india-institute-of-medical-sciences-2026--4433","138","job-listing"
"https://www.searchsarkarinaukri.com/jobs/all-india-institute-of-medical-sciences-nagpur-all-india-institute-of-medical-sciences-2026--4534","138","job-listing"
"https://www.searchsarkarinaukri.com/jobs/all-india-institute-of-medical-sciences-nagpur-all-india-institute-of-medical-sciences-2026--4584","138","job-listing"
"https://www.searchsarkarinaukri.com/jobs/all-india-institute-of-speech-and-hearing-clinical-psychologist-grade-ii-2026--2532","124","job-listing"
"https://www.searchsarkarinaukri.com/jobs/all-india-institute-of-speech-and-hearing-executive-assistant-grade-ii-2026--2529","122","job-listing"
"https://www.searchsarkarinaukri.com/jobs/all-india-institute-of-speech-and-hearing-multi-rehabilitation-worker-2026--2528","121","job-listing"
"https://www.searchsarkarinaukri.com/jobs/all-india-institute-of-speech-and-hearing-occupational-therapist-2026--2531","116","job-listing"
"https://www.searchsarkarinaukri.com/jobs/andaman-and-nicobar-administration-secretariat-recruitment-for-the-post-of-superintending-2026--3614","141","job-listing"
"https://www.searchsarkarinaukri.com/jobs/andaman-nicobar-administration-booking-clerk-recruitment-2026-apply-online-for-1-post--3751","132","job-listing"
"https://www.searchsarkarinaukri.com/jobs/andaman-nicobar-administration-computer-assistant-grade-i-recruitment-2026-apply-online-for-3-posts--3735","146","job-listing"
"https://www.searchsarkarinaukri.com/jobs/andaman-nicobar-administration-craft-instructor-recruitment-2026-apply-online-for-3-posts--3757","136","job-listing"
"https://www.searchsarkarinaukri.com/jobs/andaman-nicobar-administration-deputy-cook-recruitment-2026-apply-online-for-1-post--3756","130","job-listing"
"https://www.searchsarkarinaukri.com/jobs/andaman-nicobar-administration-driver-grade-ii-recruitment-2026-apply-online-for-15-posts--3748","136","job-listing"
"https://www.searchsarkarinaukri.com/jobs/andaman-nicobar-administration-ferry-level-mazdoor-recruitment-2026-apply-online-for-7-posts--3750","139","job-listing"
"https://www.searchsarkarinaukri.com/jobs/andaman-nicobar-administration-field-assistant-recruitment-2026-apply-online-for-13-posts--3738","136","job-listing"
"https://www.searchsarkarinaukri.com/jobs/andaman-nicobar-administration-fisheries-extension-worker-recruitment-2026-apply-online-for-2-posts--3741","146","job-listing"
"https://www.searchsarkarinaukri.com/jobs/andaman-nicobar-administration-follower-recruitment-2026-apply-online-for-36-posts--3733","129","job-listing"
"https://www.searchsarkarinaukri.com/jobs/andaman-nicobar-administration-food-assistant-recruitment-2026-apply-online-for-4-posts--3737","134","job-listing"
"https://www.searchsarkarinaukri.com/jobs/andaman-nicobar-administration-godown-keeper-recruitment-2026-apply-online-for-2-posts--3739","133","job-listing"
"https://www.searchsarkarinaukri.com/jobs/andaman-nicobar-administration-gram-sevika-recruitment-2026-apply-online-for-12-posts--3746","132","job-listing"
"https://www.searchsarkarinaukri.com/jobs/andaman-nicobar-administration-laboratory-assistant-recruitment-2026-apply-online-for-6-posts--3729","140","job-listing"
"https://www.searchsarkarinaukri.com/jobs/andaman-nicobar-administration-laboratory-assistant-recruitment-2026-apply-online-for-9-posts--3740","140","job-listing"
"https://www.searchsarkarinaukri.com/jobs/andaman-nicobar-administration-library-assistant-recruitment-2026-apply-online-for-2-posts--3730","137","job-listing"
"https://www.searchsarkarinaukri.com/jobs/andaman-nicobar-administration-lineman-recruitment-2026-apply-online-for-2-posts--3744","127","job-listing"
"https://www.searchsarkarinaukri.com/jobs/andaman-nicobar-administration-lower-division-clerk-recruitment-2026-apply-online-for-5-posts--3731","140","job-listing"
"https://www.searchsarkarinaukri.com/jobs/andaman-nicobar-administration-lower-grade-record-keeper-recruitment-2026-apply-online-for-426-posts--3760","147","job-listing"
"https://www.searchsarkarinaukri.com/jobs/andaman-nicobar-administration-lower-grade-worker-recruitment-2026-apply-online-for-9-posts--3763","138","job-listing"
"https://www.searchsarkarinaukri.com/jobs/andaman-nicobar-administration-marine-radio-assistant-recruitment-2026-apply-online-for-4-posts--3749","142","job-listing"
"https://www.searchsarkarinaukri.com/jobs/andaman-nicobar-administration-marine-radio-operator-recruitment-2026-apply-online-for-23-posts--3759","142","job-listing"
"https://www.searchsarkarinaukri.com/jobs/andaman-nicobar-administration-mechanical-foreman-recruitment-2026-apply-online-for-1-post--3732","137","job-listing"
"https://www.searchsarkarinaukri.com/jobs/andaman-nicobar-administration-multi-tasking-staff-recruitment-2026-apply-online-for-215-posts--3747","141","job-listing"
"https://www.searchsarkarinaukri.com/jobs/andaman-nicobar-administration-patwari-recruitment-2026-apply-online-for-8-posts--3736","127","job-listing"
"https://www.searchsarkarinaukri.com/jobs/andaman-nicobar-administration-pay-level-4-assistant-recruitment-2026-apply-online-for-1-post--3762","140","job-listing"
"https://www.searchsarkarinaukri.com/jobs/andaman-nicobar-administration-plant-room-technician-recruitment-2026-apply-online-for-1-post--3742","140","job-listing"
"https://www.searchsarkarinaukri.com/jobs/andaman-nicobar-administration-pump-driver-recruitment-2026-apply-online-for-1-post--3743","130","job-listing"
"https://www.searchsarkarinaukri.com/jobs/andaman-nicobar-administration-stenographer-grade-i-recruitment-2026-apply-online-for-3-posts--3734","140","job-listing"
"https://www.searchsarkarinaukri.com/jobs/andaman-nicobar-administration-stenographer-grade-i-recruitment-2026-apply-online-for-33-posts--3761","141","job-listing"
"https://www.searchsarkarinaukri.com/jobs/andaman-nicobar-administration-sub-store-keeper-recruitment-2026-apply-online-for-8-posts--3752","136","job-listing"
"https://www.searchsarkarinaukri.com/jobs/andaman-nicobar-administration-sweeper-recruitment-2026-apply-online-for-1-post--3764","126","job-listing"
"https://www.searchsarkarinaukri.com/jobs/andaman-nicobar-administration-tally-clerk-recruitment-2026-apply-online-for-7-posts--3758","131","job-listing"
"https://www.searchsarkarinaukri.com/jobs/andaman-nicobar-administration-typist-cum-weigher-recruitment-2026-apply-online-for-3-posts--3755","138","job-listing"
"https://www.searchsarkarinaukri.com/jobs/andaman-nicobar-administration-village-level-worker-recruitment-2026-apply-online-for-18-posts--3745","141","job-listing"
"https://www.searchsarkarinaukri.com/jobs/andaman-nicobar-administration-visitor-recruitment-2026-apply-online-for-1-post--3754","126","job-listing"
"https://www.searchsarkarinaukri.com/jobs/andaman-nicobar-administration-weighman-recruitment-2026-apply-online-for-3-posts--3753","128","job-listing"
"https://www.searchsarkarinaukri.com/jobs/animal-welfare-board-of-india-mo-fisheries-animal-husbandry-dairying-recruitment-for-the-post-of-ste--1660","147","job-listing"
"https://www.searchsarkarinaukri.com/jobs/anjuman-college-of-engineering-and-technology-anjuman-college-of-engineering-and-technology-2026--1947","143","job-listing"
"https://www.searchsarkarinaukri.com/jobs/ap-mahesh-bank-assistant-general-manager-senior-manager-manager-recruitment-2026-legal-department--4298","144","job-listing"
"https://www.searchsarkarinaukri.com/jobs/armament-research-development-establishment-arde-job-openings-at-armament-research-2026--3706","134","job-listing"
"https://www.searchsarkarinaukri.com/jobs/army-institute-of-technology-pune-army-institute-of-technology-pune-2026--1855","119","job-listing"
"https://www.searchsarkarinaukri.com/jobs/army-institute-of-technology-pune-army-institute-of-technology-pune-2026--2749","119","job-listing"
"https://www.searchsarkarinaukri.com/jobs/army-institute-of-technology-pune-army-institute-of-technology-pune-2026--3469","119","job-listing"
"https://www.searchsarkarinaukri.com/jobs/army-public-school-kamptee-army-public-school-kamptee-2026-recruitment-2026--2686","122","job-listing"
"https://www.searchsarkarinaukri.com/jobs/arogya-vibhag-zilla-parishad-hingoli-job-openings-at-arogya-vibhag-zilla-2026--3206","124","job-listing"
"https://www.searchsarkarinaukri.com/jobs/arogya-vibhag-zilla-parishad-sindhudurg-recruitment-notification-arogya-vibhag-zilla-parishad-2026--2573","145","job-listing"
"https://www.searchsarkarinaukri.com/jobs/assistant-commissioner-social-welfare-gadchiroli-apply-for-5-higher-primary-and-2026--2973","131","job-listing"
"https://www.searchsarkarinaukri.com/jobs/aweil-executive-finance-trainee-recruitment-2026-apply-offline-for-3-posts--4118","121","job-listing"
"https://www.searchsarkarinaukri.com/jobs/aweil-junior-executive-finance-trainee-recruitment-2026-apply-offline-for-6-posts--4119","128","job-listing"
"https://www.searchsarkarinaukri.com/jobs/ayushman-bharat-digital-mission-mumbai-abdm-mumbai-ayushman-bharat-digital-mission-mumbai-abdm-2026--4606","146","job-listing"
"https://www.searchsarkarinaukri.com/jobs/bal-vikas-prakalp-ahilyanagar-integrated-child-development-services-scheme-project-bal-vikas-prakalp--2782","147","job-listing"
"https://www.searchsarkarinaukri.com/jobs/bal-vikas-prakalp-ahilyanagar-integrated-child-development-services-scheme-project-bal-vikas-prakalp--2963","147","job-listing"
"https://www.searchsarkarinaukri.com/jobs/bal-vikas-prakalp-ahilyanagar-integrated-child-development-services-scheme-project-bal-vikas-prakalp--2974","147","job-listing"
"https://www.searchsarkarinaukri.com/jobs/bal-vikas-prakalp-ahilyanagar-integrated-child-development-services-scheme-project-bal-vikas-prakalp--3838","147","job-listing"
"https://www.searchsarkarinaukri.com/jobs/bal-vikas-prakalp-nashik-integrated-child-development-services-scheme-project-nashik-bal-vikas-praka--3394","147","job-listing"
"https://www.searchsarkarinaukri.com/jobs/balmer-lawrie-and-company-limited-assistant-manager-fico-functional-2026--1312","119","job-listing"
"https://www.searchsarkarinaukri.com/jobs/balmer-lawrie-and-company-limited-assistant-manager-mice-govt-and-psu-2026--1615","121","job-listing"
"https://www.searchsarkarinaukri.com/jobs/balmer-lawrie-and-company-limited-assistant-manager-sales-and-marketing-2026--1310","123","job-listing"
"https://www.searchsarkarinaukri.com/jobs/balmer-lawrie-and-company-limited-assistant-manager-sales-private-2026--1616","117","job-listing"
"https://www.searchsarkarinaukri.com/jobs/balmer-lawrie-and-company-limited-chief-operating-officer-travel-and-vacations-2026--1294","130","job-listing"
"https://www.searchsarkarinaukri.com/jobs/balmer-lawrie-and-company-limited-chief-technology-officer-travel-and-vacations-2026--1293","131","job-listing"
"https://www.searchsarkarinaukri.com/jobs/balmer-lawrie-and-company-limited-deputy-manager-key-account-manager-2026--1605","120","job-listing"
"https://www.searchsarkarinaukri.com/jobs/balmer-lawrie-and-company-limited-junior-officer-accounts-and-finance-2026--1299","121","job-listing"
"https://www.searchsarkarinaukri.com/jobs/balmer-lawrie-and-company-limited-junior-officer-electrical-and-maintenance-2026--1295","127","job-listing"
"https://www.searchsarkarinaukri.com/jobs/balmer-lawrie-and-company-limited-junior-officer-or-officer-commercial-2026--1627","122","job-listing"
"https://www.searchsarkarinaukri.com/jobs/balmer-lawrie-and-company-limited-manager-s-and-m-private-customer-2026--1607","118","job-listing"
"https://www.searchsarkarinaukri.com/jobs/bank-of-baroda-chief-manager-data-scientist-recruitment-2026-apply-online-for-1-post--4173","131","job-listing"
"https://www.searchsarkarinaukri.com/jobs/bank-of-baroda-chief-manager-investor-relations-recruitment-2026-apply-online-for-1-post--4182","135","job-listing"
"https://www.searchsarkarinaukri.com/jobs/bank-of-baroda-manager-accounts-recruitment-2026-apply-online-for-5-posts--4179","120","job-listing"
"https://www.searchsarkarinaukri.com/jobs/bank-of-baroda-manager-digital-product-recruitment-2026-apply-online-for-13-posts--4161","128","job-listing"
"https://www.searchsarkarinaukri.com/jobs/bank-of-baroda-manager-information-security-recruitment-2026-apply-online-for-13-posts--4170","133","job-listing"
"https://www.searchsarkarinaukri.com/jobs/bank-of-baroda-manager-security-recruitment-2026-apply-online-for-54-posts--4172","121","job-listing"
"https://www.searchsarkarinaukri.com/jobs/bank-of-baroda-manager-taxation-recruitment-2026-apply-online-for-5-posts--4178","120","job-listing"
"https://www.searchsarkarinaukri.com/jobs/bank-of-baroda-product-manager-digital-lending-recruitment-2026-apply-online-for-5-posts--4163","135","job-listing"
"https://www.searchsarkarinaukri.com/jobs/bank-of-baroda-senior-manager-accounts-recruitment-2026-apply-online-for-2-posts--4181","127","job-listing"
"https://www.searchsarkarinaukri.com/jobs/bank-of-baroda-senior-manager-bi-dashboard-development-recruitment-2026--4646","118","job-listing"
"https://www.searchsarkarinaukri.com/jobs/bank-of-baroda-senior-manager-bi-dashboard-development-recruitment-2026-apply-online-for-8-posts--4177","143","job-listing"
"https://www.searchsarkarinaukri.com/jobs/bank-of-baroda-senior-manager-data-profiling-recruitment-2026-apply-online-for-2-posts--4175","133","job-listing"
"https://www.searchsarkarinaukri.com/jobs/bank-of-baroda-senior-manager-data-scientist-recruitment-2026-apply-online-for-1-post--4174","132","job-listing"
"https://www.searchsarkarinaukri.com/jobs/bank-of-baroda-senior-manager-digital-product-recruitment-2026-apply-online-for-1-post--4162","133","job-listing"
"https://www.searchsarkarinaukri.com/jobs/bank-of-baroda-senior-manager-dq-analyst-recruitment-2026-apply-online-for-2-posts--4176","129","job-listing"
"https://www.searchsarkarinaukri.com/jobs/bank-of-baroda-senior-manager-information-security-recruitment-2026-apply-online-for-3-posts--4171","139","job-listing"
"https://www.searchsarkarinaukri.com/jobs/bank-of-baroda-senior-manager-taxation-recruitment-2026-apply-online-for-2-posts--4180","127","job-listing"
"https://www.searchsarkarinaukri.com/jobs/bank-of-baroda-technical-manager-civil-engineer-recruitment-2026-apply-online-for-21-posts--4165","137","job-listing"
"https://www.searchsarkarinaukri.com/jobs/bank-of-baroda-technical-manager-electrical-engineer-recruitment-2026--4637","116","job-listing"
"https://www.searchsarkarinaukri.com/jobs/bank-of-baroda-technical-manager-electrical-engineer-recruitment-2026-apply-online-for-9-posts--4168","141","job-listing"
"https://www.searchsarkarinaukri.com/jobs/bank-of-baroda-technical-officer-civil-engineer-recruitment-2026-apply-online-for-35-posts--4164","137","job-listing"
"https://www.searchsarkarinaukri.com/jobs/bank-of-baroda-technical-officer-electrical-engineer-recruitment-2026--4636","116","job-listing"
"https://www.searchsarkarinaukri.com/jobs/bank-of-baroda-technical-officer-electrical-engineer-recruitment-2026-apply-online-for-15-posts--4167","142","job-listing"
"https://www.searchsarkarinaukri.com/jobs/bank-of-baroda-technical-senior-manager-civil-engineer-recruitment-2026--4635","118","job-listing"
"https://www.searchsarkarinaukri.com/jobs/bank-of-baroda-technical-senior-manager-civil-engineer-recruitment-2026-apply-online-for-6-posts--4166","143","job-listing"
"https://www.searchsarkarinaukri.com/jobs/bank-of-baroda-technical-senior-manager-electrical-engineer-recruitment-2026--4638","123","job-listing"
"https://www.searchsarkarinaukri.com/jobs/bank-of-baroda-technical-senior-manager-electrical-engineer-recruitment-2026-apply-online-for-2-posts--4169","148","job-listing"
"https://www.searchsarkarinaukri.com/jobs/bcpl-chief-manager-fire-safety-recruitment-2026-apply-online-for-1-post--3277","118","job-listing"
"https://www.searchsarkarinaukri.com/jobs/bcpl-chief-manager-human-resources-recruitment-2026-apply-online-for-1-post--3283","122","job-listing"
"https://www.searchsarkarinaukri.com/jobs/bcpl-deputy-general-manager-fire-safety-recruitment-2026-apply-online-for-1-post--3276","127","job-listing"
"https://www.searchsarkarinaukri.com/jobs/bcpl-deputy-manager-contract-procurement-recruitment-2026-apply-online-for-1-post--3294","128","job-listing"
"https://www.searchsarkarinaukri.com/jobs/bcpl-deputy-manager-electrical-recruitment-2026-apply-online-for-1-post--3290","118","job-listing"
"https://www.searchsarkarinaukri.com/jobs/bcpl-deputy-manager-finance-accounts-recruitment-2026-apply-online-for-1-post--3293","124","job-listing"
"https://www.searchsarkarinaukri.com/jobs/bcpl-deputy-manager-human-resources-recruitment-2026-apply-online-for-1-post--3295","123","job-listing"
"https://www.searchsarkarinaukri.com/jobs/bcpl-deputy-manager-information-technology-recruitment-2026-apply-online-for-1-post--3296","130","job-listing"
"https://www.searchsarkarinaukri.com/jobs/bcpl-deputy-manager-instrumentation-recruitment-2026-apply-online-for-1-post--3291","123","job-listing"
"https://www.searchsarkarinaukri.com/jobs/bcpl-deputy-manager-mechanical-recruitment-2026-apply-online-for-1-post--3292","118","job-listing"
"https://www.searchsarkarinaukri.com/jobs/bcpl-general-manager-chemical-recruitment-2026-apply-online-for-2-posts--3275","118","job-listing"
"https://www.searchsarkarinaukri.com/jobs/bcpl-manager-human-resources-recruitment-2026-apply-online-for-1-post--3289","116","job-listing"
"https://www.searchsarkarinaukri.com/jobs/bcpl-senior-engineer-chemical-recruitment-2026-apply-online-for-2-posts--3278","118","job-listing"
"https://www.searchsarkarinaukri.com/jobs/bcpl-senior-engineer-environment-recruitment-2026-apply-online-for-1-post--3280","120","job-listing"
"https://www.searchsarkarinaukri.com/jobs/bcpl-senior-engineer-instrumentation-recruitment-2026-apply-online-for-1-post--3282","124","job-listing"
"https://www.searchsarkarinaukri.com/jobs/bcpl-senior-manager-chemical-recruitment-2026-apply-online-for-2-posts--3284","117","job-listing"
"https://www.searchsarkarinaukri.com/jobs/bcpl-senior-manager-finance-accounts-recruitment-2026-apply-online-for-1-post--3285","124","job-listing"
"https://www.searchsarkarinaukri.com/jobs/bcpl-senior-manager-marketing-recruitment-2026-apply-online-for-1-post--3287","117","job-listing"
"https://www.searchsarkarinaukri.com/jobs/bcpl-senior-manager-mechanical-recruitment-2026-apply-online-for-1-post--3286","118","job-listing"
"https://www.searchsarkarinaukri.com/jobs/bcpl-senior-officer-company-secretariat-recruitment-2026-apply-online-for-1-post--3279","127","job-listing"
"https://www.searchsarkarinaukri.com/jobs/bcpl-senior-officer-finance-accounts-recruitment-2026-apply-online-for-1-post--3281","124","job-listing"
"https://www.searchsarkarinaukri.com/jobs/bhabha-atomic-research-centre-hospital-bhabha-atomic-research-centre-hospital-invites-2026--2325","137","job-listing"
"https://www.searchsarkarinaukri.com/jobs/bhabha-atomic-research-centre-mumbai-bhabha-atomic-research-centre-mumbai-2026--2363","125","job-listing"
"https://www.searchsarkarinaukri.com/jobs/bhagini-nivedita-sahakari-bank-pune-bhagini-nivedita-sahakari-bank-pune-2026--2307","123","job-listing"
"https://www.searchsarkarinaukri.com/jobs/bharat-electronics-limited-bel-pune-unit-apply-for-5-havildar-security-posts-2026--2872","128","job-listing"
"https://www.searchsarkarinaukri.com/jobs/bharatratna-atalbihari-vajpayee-medical-college-and-hospital-bharatratna-atalbihari-vajpayee-medical--2083","147","job-listing"
"https://www.searchsarkarinaukri.com/jobs/bharatratna-atalbihari-vajpayee-medical-college-and-hospital-bharatratna-atalbihari-vajpayee-medical--4269","147","job-listing"
"https://www.searchsarkarinaukri.com/jobs/bharatratna-atalbihari-vajpayee-medical-college-and-hospital-pune-bharatratna-atalbihari-vajpayee-me--2102","147","job-listing"
"https://www.searchsarkarinaukri.com/jobs/bharatratna-atalbihari-vajpayee-medical-college-and-hospital-pune-bharatratna-atalbihari-vajpayee-me--4316","147","job-listing"
"https://www.searchsarkarinaukri.com/jobs/bhartiya-gramin-punarrachana-sanstha-chhatrapati-sambhajinagar-bhartiya-gramin-punarrachana-sanstha--1904","146","job-listing"
"https://www.searchsarkarinaukri.com/jobs/bhartiya-gramin-punerrachana-sanstha-chhatrapati-sambhajinagar-bhartiya-gramin-punerrachana-sanstha--1841","146","job-listing"
"https://www.searchsarkarinaukri.com/jobs/bhel-trichy-graduate-apprentice-computer-science-engineering-recruitment-2026--4736","124","job-listing"
"https://www.searchsarkarinaukri.com/jobs/bhel-trichy-graduate-apprentice-electrical-electronics-engineering-recruitment-2026--4738","130","job-listing"
"https://www.searchsarkarinaukri.com/jobs/bhel-trichy-graduate-apprentice-electronics-communication-engineering-recruitment-2026--4737","133","job-listing"
"https://www.searchsarkarinaukri.com/jobs/bhel-trichy-graduate-apprentice-mechanical-engineering-recruitment-2026--4734","118","job-listing"
"https://www.searchsarkarinaukri.com/jobs/bhel-trichy-technician-apprentice-computer-engineering-recruitment-2026--4742","118","job-listing"
"https://www.searchsarkarinaukri.com/jobs/bhel-trichy-technician-apprentice-electrical-electronics-engineering-recruitment-2026--4745","132","job-listing"
"https://www.searchsarkarinaukri.com/jobs/bhel-trichy-technician-apprentice-electronics-communication-engineering-recruitment-2026--4744","135","job-listing"
"https://www.searchsarkarinaukri.com/jobs/bhel-trichy-technician-apprentice-mechanical-engineering-recruitment-2026--4741","120","job-listing"
"https://www.searchsarkarinaukri.com/jobs/bmc-ayah-nursing-attendant-recruitment-2026-apply-offline-for-22-posts--3811","117","job-listing"
"https://www.searchsarkarinaukri.com/jobs/bmc-dresser-wound-care-attendant-recruitment-2026-apply-offline-for-2-posts--3820","122","job-listing"
"https://www.searchsarkarinaukri.com/jobs/bmc-hearse-attendant-halalkhor-ambulance-attendant-recruitment-2026-apply-offline-for-5-posts--3819","140","job-listing"
"https://www.searchsarkarinaukri.com/jobs/bmc-lift-operator-wireman-iii-pump-operator-recruitment-2026-apply-offline-for-1-post--3805","132","job-listing"
"https://www.searchsarkarinaukri.com/jobs/bmc-wireman-iii-lift-operator-pump-operator-recruitment-2026-apply-offline-for-1-post--3806","132","job-listing"
"https://www.searchsarkarinaukri.com/jobs/bob-capital-markets-ltd-bobcaps-bobcaps-recruitment-2026-business-development-2026--1684","129","job-listing"
"https://www.searchsarkarinaukri.com/jobs/bombay-high-court-bhc-bombay-high-court-bhc-invites-applications-2026--2103","116","job-listing"
"https://www.searchsarkarinaukri.com/jobs/border-roads-organisation-border-roads-organisation-announces-542-vacancies-2026--1459","127","job-listing"
"https://www.searchsarkarinaukri.com/jobs/bpcl-process-operator-chemical-recruitment-2026-kochi-apply-online-for-64-posts--3797","126","job-listing"
"https://www.searchsarkarinaukri.com/jobs/bpcl-process-technician-chemical-recruitment-2026-mumbai-apply-online-for-60-posts--3796","129","job-listing"
"https://www.searchsarkarinaukri.com/jobs/bpcl-technician-electrical-recruitment-2026-kochi-apply-online-for-17-posts--3799","122","job-listing"
"https://www.searchsarkarinaukri.com/jobs/bpcl-technician-operator-mechanical-recruitment-2026-kochi-apply-online-for-13-posts--3798","131","job-listing"
"https://www.searchsarkarinaukri.com/jobs/bramhapuri-forest-division-chandrapur-bramhapuri-forest-division-recruitment-2026-2026--1661","133","job-listing"
"https://www.searchsarkarinaukri.com/jobs/brihanmumbai-electric-supply-and-transport-undertaking-brihanmumbai-electric-supply-and-transport-un--2779","147","job-listing"
"https://www.searchsarkarinaukri.com/jobs/brihanmumbai-mahanagarpalika-corporation-brihanmumbai-mahanagarpalika-corporation-2026--1889","133","job-listing"
"https://www.searchsarkarinaukri.com/jobs/brihanmumbai-municipal-corporation-bmc-bmc-recruitment-2026-7-medical-2026--1679","121","job-listing"
"https://www.searchsarkarinaukri.com/jobs/brihanmumbai-municipal-corporation-mcgm-recruitment-notification-brihanmumbai-municipal-corporation--2584","146","job-listing"
"https://www.searchsarkarinaukri.com/jobs/brihanmumbai-municipal-corporations-lokmanya-tilak-municipal-general-hospital-job-openings-at-brihan--2218","147","job-listing"
"https://www.searchsarkarinaukri.com/jobs/cantonment-board-deolali-cb-deolali-job-openings-at-cantonment-board-deolali-2026--2019","128","job-listing"
"https://www.searchsarkarinaukri.com/jobs/cantonment-board-kamptee-nagpur-job-opening-at-cantonment-board-kamptee-2026--4931","123","job-listing"
"https://www.searchsarkarinaukri.com/jobs/cantonment-board-kamptee-nagpur-job-openings-at-cantonment-board-kamptee-2026--2115","124","job-listing"
"https://www.searchsarkarinaukri.com/jobs/ccrum-assistant-research-officer-pharmacognosy-recruitment-2026-apply-online-for-2-posts--3619","135","job-listing"
"https://www.searchsarkarinaukri.com/jobs/ccrum-assistant-research-officer-pharmacology-recruitment-2026-apply-online-for-1-post--3618","133","job-listing"
"https://www.searchsarkarinaukri.com/jobs/ccrum-investigator-statistics-recruitment-2026-apply-online-for-3-posts--3624","118","job-listing"
"https://www.searchsarkarinaukri.com/jobs/ccrum-library-information-assistant-recruitment-2026-apply-online-for-3-posts--3626","124","job-listing"
"https://www.searchsarkarinaukri.com/jobs/ccrum-lower-division-clerk-ldc-recruitment-2026-apply-online-for-14-posts--3635","120","job-listing"
"https://www.searchsarkarinaukri.com/jobs/ccrum-medical-laboratory-technologist-mlt-recruitment-2026-apply-online-for-12-posts--3625","131","job-listing"
"https://www.searchsarkarinaukri.com/jobs/ccrum-multi-tasking-staff-mts-recruitment-2026-apply-online-for-38-posts--3637","119","job-listing"
"https://www.searchsarkarinaukri.com/jobs/ccrum-research-assistant-botany-recruitment-2026-apply-online-for-3-posts--3623","120","job-listing"
"https://www.searchsarkarinaukri.com/jobs/ccrum-research-assistant-chemistry-recruitment-2026-apply-online-for-2-posts--3622","123","job-listing"
"https://www.searchsarkarinaukri.com/jobs/ccrum-research-officer-pathology-recruitment-2026-apply-online-for-2-posts--3616","121","job-listing"
"https://www.searchsarkarinaukri.com/jobs/ccrum-research-officer-physiology-recruitment-2026-apply-online-for-1-post--3617","121","job-listing"
"https://www.searchsarkarinaukri.com/jobs/ccrum-research-officer-unani-recruitment-2026-apply-online-for-16-posts--3615","118","job-listing"
"https://www.searchsarkarinaukri.com/jobs/ccrum-stenographer-grade-ii-recruitment-2026-apply-online-for-7-posts--3633","116","job-listing"
"https://www.searchsarkarinaukri.com/jobs/ccrum-upper-division-clerk-udc-recruitment-2026-apply-online-for-31-posts--3634","120","job-listing"
"https://www.searchsarkarinaukri.com/jobs/centbank-financial-services-limited-centbank-financial-services-limited-2026--3899","123","job-listing"
"https://www.searchsarkarinaukri.com/jobs/centbank-financial-services-ltd-cfsl-apply-for-6-assistant-manager-manager-2026--4067","126","job-listing"
"https://www.searchsarkarinaukri.com/jobs/center-for-development-of-advanced-computing-c-dac-job-openings-at-center-for-development-2026--2585","141","job-listing"
"https://www.searchsarkarinaukri.com/jobs/center-for-development-of-advanced-computing-center-for-development-of-advanced-computing-2026--4087","141","job-listing"
"https://www.searchsarkarinaukri.com/jobs/central-adoption-resource-authority-recruitment-for-the-post-of-deputy-2026--3613","122","job-listing"
"https://www.searchsarkarinaukri.com/jobs/central-institute-of-petrochemicals-engineering-and-technology-cipet-chandrapur-central-institute-of--2423","147","job-listing"
"https://www.searchsarkarinaukri.com/jobs/central-railway-railway-recruitment-cell-job-openings-at-central-railway-railway-2026--4126","132","job-listing"
"https://www.searchsarkarinaukri.com/jobs/central-sanskrit-university-nashik-campus-central-sanskrit-university-nashik-campus-2026--4320","135","job-listing"
"https://www.searchsarkarinaukri.com/jobs/central-university-of-kerala-computer-operator-recruitment-2026-apply-online-for-1-post--3367","134","job-listing"
"https://www.searchsarkarinaukri.com/jobs/central-university-of-kerala-laboratory-assistant-recruitment-2026-apply-online-for-5-posts--3366","138","job-listing"
"https://www.searchsarkarinaukri.com/jobs/centre-for-development-of-telematics-centre-for-development-of-telematics-2026--2137","125","job-listing"
"https://www.searchsarkarinaukri.com/jobs/centre-for-development-of-telematics-centre-for-development-of-telematics-2026--3594","125","job-listing"
"https://www.searchsarkarinaukri.com/jobs/cert-in-scientist-b-data-science-artificial-intelligence-recruitment-2026--3135","120","job-listing"
"https://www.searchsarkarinaukri.com/jobs/chandrapur-city-municipal-corporation-chandrapur-city-municipal-corporation-invites-applications-202--2203","147","job-listing"
"https://www.searchsarkarinaukri.com/jobs/chandrapur-city-municipal-corporation-chandrapur-city-municipal-corporation-invites-applications-202--2698","147","job-listing"
"https://www.searchsarkarinaukri.com/jobs/chandrapur-jilha-suraksha-rakshak-chandrapur-jilha-suraksha-rakshak-2026--2755","119","job-listing"
"https://www.searchsarkarinaukri.com/jobs/chhatrapati-sambhaji-maharaj-government-medical-college-and-hospital-satara-chhatrapati-sambhaji-mah--2691","147","job-listing"
"https://www.searchsarkarinaukri.com/jobs/chhatrapati-sambhaji-maharaj-government-medical-college-and-hospital-satara-chhatrapati-sambhaji-mah--4125","147","job-listing"
"https://www.searchsarkarinaukri.com/jobs/chittoor-dccb-staff-assistant-recruitment-2026-apply-online-for-75-posts--4189","119","job-listing"
"https://www.searchsarkarinaukri.com/jobs/civil-hospital-thane-samannya-rignalaya-thane-civil-hospital-thane-samannya-rignalaya-thane-2026--2416","143","job-listing"
"https://www.searchsarkarinaukri.com/jobs/clw-archery-men-recurve-sports-quota-recruitment-2026-apply-offline-for-2-posts--4099","126","job-listing"
"https://www.searchsarkarinaukri.com/jobs/clw-archery-women-compound-sports-quota-recruitment-2026-apply-offline-for-2-posts--4100","129","job-listing"
"https://www.searchsarkarinaukri.com/jobs/clw-badminton-men-singles-sports-quota-recruitment-2026-apply-offline-for-2-posts--4102","128","job-listing"
"https://www.searchsarkarinaukri.com/jobs/clw-badminton-women-singles-sports-quota-recruitment-2026-apply-offline-for-2-posts--4101","130","job-listing"
"https://www.searchsarkarinaukri.com/jobs/clw-basketball-men-sports-quota-recruitment-2026-apply-offline-for-4-posts--4103","121","job-listing"
"https://www.searchsarkarinaukri.com/jobs/clw-basketball-women-sports-quota-recruitment-2026-apply-offline-for-3-posts--4104","123","job-listing"
"https://www.searchsarkarinaukri.com/jobs/clw-football-men-sports-quota-recruitment-2026-apply-offline-for-3-posts--4106","119","job-listing"
"https://www.searchsarkarinaukri.com/jobs/clw-gymnastics-men-sports-quota-recruitment-2026-apply-offline-for-2-posts--4107","121","job-listing"
"https://www.searchsarkarinaukri.com/jobs/clw-gymnastics-women-sports-quota-recruitment-2026-apply-offline-for-1-post--4108","122","job-listing"
"https://www.searchsarkarinaukri.com/jobs/clw-level-5-level-4-sports-quota-recruitment-2026-apply-offline-for-2-posts--4112","122","job-listing"
"https://www.searchsarkarinaukri.com/jobs/clw-shooting-men-sports-quota-recruitment-2026-apply-offline-for-1-post--4111","118","job-listing"
"https://www.searchsarkarinaukri.com/jobs/clw-swimming-men-sports-quota-recruitment-2026-apply-offline-for-1-post--4109","118","job-listing"
"https://www.searchsarkarinaukri.com/jobs/clw-swimming-women-sports-quota-recruitment-2026-apply-offline-for-1-post--4110","120","job-listing"
"https://www.searchsarkarinaukri.com/jobs/collector-office-dhule-jilhadhikari-karyalaya-dhule-collector-office-dhule-jilhadhikari-karyalaya-dh--3602","147","job-listing"
"https://www.searchsarkarinaukri.com/jobs/collector-office-dhule-jilhadhikari-karyalaya-dhule-collector-office-dhule-jilhadhikari-karyalaya-dh--4774","147","job-listing"
"https://www.searchsarkarinaukri.com/jobs/collector-office-gadchiroli-jilhadhikari-karyalay-gadchiroli-collector-office-gadchiroli-jilhadhikar--4065","147","job-listing"
"https://www.searchsarkarinaukri.com/jobs/college-of-agriculture-muktainagar-college-of-agriculture-muktainagar-2026--3361","121","job-listing"
"https://www.searchsarkarinaukri.com/jobs/college-of-engineering-and-technology-chhsambhajinagar-college-of-engineering-and-2026--2337","133","job-listing"
"https://www.searchsarkarinaukri.com/jobs/council-of-scientific-amp-industrial-research-csir-recruitment-of-assistant-section-officer-from-202--2371","147","job-listing"
"https://www.searchsarkarinaukri.com/jobs/criminal-investigation-department-cid-maharashtra-recruitment-notification-criminal-investigation-de--4193","147","job-listing"
"https://www.searchsarkarinaukri.com/jobs/csc-aadhaar-supervisor-operator-recruitment-2026-chhattisgarh-apply-online--3977","121","job-listing"
"https://www.searchsarkarinaukri.com/jobs/csc-aadhaar-supervisor-operator-recruitment-2026-haryana-apply-online--3974","116","job-listing"
"https://www.searchsarkarinaukri.com/jobs/csc-aadhaar-supervisor-operator-recruitment-2026-karnataka-apply-online--3973","118","job-listing"
"https://www.searchsarkarinaukri.com/jobs/csc-aadhaar-supervisor-operator-recruitment-2026-madhya-pradesh-apply-online--3976","123","job-listing"
"https://www.searchsarkarinaukri.com/jobs/csc-aadhaar-supervisor-operator-recruitment-2026-maharashtra-apply-online--3978","120","job-listing"
"https://www.searchsarkarinaukri.com/jobs/csc-aadhaar-supervisor-operator-recruitment-2026-rajasthan-apply-online--3980","118","job-listing"
"https://www.searchsarkarinaukri.com/jobs/csc-aadhaar-supervisor-operator-recruitment-2026-uttar-pradesh-apply-online--3972","122","job-listing"
"https://www.searchsarkarinaukri.com/jobs/csc-e-governance-services-india-limited-apply-for-20-state-project-manager-2026--4932","126","job-listing"
"https://www.searchsarkarinaukri.com/jobs/csc-e-governance-services-india-ltd-csc-e-governance-services-india-ltd-recruitment-2026--2489","135","job-listing"
"https://www.searchsarkarinaukri.com/jobs/csir-central-building-research-institute-part-time-doctor-allopathic-system-2026--2003","127","job-listing"
"https://www.searchsarkarinaukri.com/jobs/csir-central-drug-research-institute-lucknow-engagement-of-project-staff-2026--2645","124","job-listing"
"https://www.searchsarkarinaukri.com/jobs/csir-central-mechanical-engineering-research-institute-recruitment-to-the-posts-of-technician-2026--2856","145","job-listing"
"https://www.searchsarkarinaukri.com/jobs/csir-central-road-research-institute-research-intern-csir-central-road-2026--1289","122","job-listing"
"https://www.searchsarkarinaukri.com/jobs/csir-cmeri-recruitment-2026-project-associate-project-assistant-posts--2736","116","job-listing"
"https://www.searchsarkarinaukri.com/jobs/csir-immt-apprentice-trainee-chemical-engineering-recruitment-2026-4-posts--4342","121","job-listing"
"https://www.searchsarkarinaukri.com/jobs/csir-immt-apprentice-trainee-electronics-engineering-recruitment-2026-3-posts--4345","124","job-listing"
"https://www.searchsarkarinaukri.com/jobs/csir-immt-apprentice-trainee-mechanical-engineering-recruitment-2026-2-posts--4344","123","job-listing"
"https://www.searchsarkarinaukri.com/jobs/csir-immt-apprentice-trainee-office-assistant-recruitment-2026-2-posts--4346","117","job-listing"
"https://www.searchsarkarinaukri.com/jobs/csir-immt-diploma-apprentice-trainee-chemical-engineering-recruitment-2026-3-posts--4351","129","job-listing"
"https://www.searchsarkarinaukri.com/jobs/csir-immt-diploma-apprentice-trainee-civil-engineering-recruitment-2026-2-posts--4352","126","job-listing"
"https://www.searchsarkarinaukri.com/jobs/csir-immt-diploma-apprentice-trainee-electrical-engineering-recruitment-2026-2-posts--4347","131","job-listing"
"https://www.searchsarkarinaukri.com/jobs/csir-immt-diploma-apprentice-trainee-electronics-engineering-recruitment-2026-2-posts--4353","132","job-listing"
"https://www.searchsarkarinaukri.com/jobs/csir-immt-diploma-apprentice-trainee-mechanical-engineering-recruitment-2026-1-post--4348","130","job-listing"
"https://www.searchsarkarinaukri.com/jobs/csir-immt-diploma-apprentice-trainee-metallurgy-recruitment-2026-2-posts--4350","119","job-listing"
"https://www.searchsarkarinaukri.com/jobs/csir-immt-diploma-apprentice-trainee-modern-office-management-recruitment-2026-1-post--4349","132","job-listing"
"https://www.searchsarkarinaukri.com/jobs/csir-immt-iti-apprentice-trainee-electrician-recruitment-2026-2-posts--4355","116","job-listing"
"https://www.searchsarkarinaukri.com/jobs/csir-immt-iti-apprentice-trainee-electronics-mechanic-recruitment-2026-2-posts--4358","125","job-listing"
"https://www.searchsarkarinaukri.com/jobs/csir-immt-iti-apprentice-trainee-mechanic-of-refrigeration-ac-recruitment-2026-1-post--4357","132","job-listing"
"https://www.searchsarkarinaukri.com/jobs/csir-indian-institute-of-chemical-biology-engagement-of-project-personnel-at-csir-iicb-2026--1857","138","job-listing"
"https://www.searchsarkarinaukri.com/jobs/csir-innovation-complex-mumbai-csir-icm-job-openings-at-csir-innovation-complex-mumbai-2026--2008","138","job-listing"
"https://www.searchsarkarinaukri.com/jobs/csir-institute-of-minerals-and-materials-technology-project-associate-csir-institute-of-minerals-202--2811","147","job-listing"
"https://www.searchsarkarinaukri.com/jobs/csir-nal-principal-project-associate-recruitment-2026-walk-in-for-1-post--4228","119","job-listing"
"https://www.searchsarkarinaukri.com/jobs/csir-nal-project-associate-i-net-gate-recruitment-2026-walk-in-for-1-post--4224","120","job-listing"
"https://www.searchsarkarinaukri.com/jobs/csir-nal-project-associate-ii-net-gate-recruitment-2026-walk-in-for-2-posts--4226","122","job-listing"
"https://www.searchsarkarinaukri.com/jobs/csir-nal-senior-project-associate-recruitment-2026-walk-in-for-4-posts--4227","117","job-listing"
"https://www.searchsarkarinaukri.com/jobs/csir-national-chemical-laboratory-pune-job-opening-at-csir-national-2026--3200","119","job-listing"
"https://www.searchsarkarinaukri.com/jobs/csir-national-chemical-laboratory-pune-job-openings-at-csir-national-2026--1870","120","job-listing"
"https://www.searchsarkarinaukri.com/jobs/csir-national-environmental-engineering-research-institute-csir-neeri-recruitment-2026-1-project-202--1672","147","job-listing"
"https://www.searchsarkarinaukri.com/jobs/csir-national-environmental-engineering-research-institute-nagpur-job-openings-at-csir-national-2026--1771","147","job-listing"
"https://www.searchsarkarinaukri.com/jobs/csir-national-environmental-engineering-research-institute-recruitment-notification-csir-national-en--2490","147","job-listing"
"https://www.searchsarkarinaukri.com/jobs/csir-national-institute-for-interdisciplinary-science-and-technology-multi-tasking-staff-2026--1398","140","job-listing"
"https://www.searchsarkarinaukri.com/jobs/csir-national-institute-of-oceanography-project-associate-i-csir-national-institute-2026--1574","135","job-listing"
"https://www.searchsarkarinaukri.com/jobs/csir-national-physical-laboratory-to-assist-the-scientific-and-technical-2026--1766","124","job-listing"
"https://www.searchsarkarinaukri.com/jobs/debt-recovery-tribunal-nagpur-recruitment-notification-debt-recovery-tribunal-nagpur-2026--3205","136","job-listing"
"https://www.searchsarkarinaukri.com/jobs/debts-recovery-appellate-tribunal-mumbai-debts-recovery-appellate-tribunal-mumbai-2026-2026--1768","138","job-listing"
"https://www.searchsarkarinaukri.com/jobs/defence-innovation-organisation-innovations-for-defence-excellence-do-defence-production-mo-defence--4337","146","job-listing"
"https://www.searchsarkarinaukri.com/jobs/defence-institute-of-advanced-technology-pune-defence-institute-of-advanced-2026--2072","127","job-listing"
"https://www.searchsarkarinaukri.com/jobs/defence-institute-of-advanced-technology-pune-defence-institute-of-advanced-2026--2460","127","job-listing"
"https://www.searchsarkarinaukri.com/jobs/defence-institute-of-advanced-technology-pune-defence-institute-of-advanced-2026--2926","127","job-listing"
"https://www.searchsarkarinaukri.com/jobs/defence-institute-of-advanced-technology-pune-defence-institute-of-advanced-2026--2989","127","job-listing"
"https://www.searchsarkarinaukri.com/jobs/defence-institute-of-advanced-technology-pune-defence-institute-of-advanced-2026--4480","127","job-listing"
"https://www.searchsarkarinaukri.com/jobs/defence-institute-of-advanced-technology-pune-defence-institute-of-advanced-2026--4729","127","job-listing"
"https://www.searchsarkarinaukri.com/jobs/defence-institute-of-advanced-technology-pune-job-openings-at-defence-institute-of-2026--1770","134","job-listing"
"https://www.searchsarkarinaukri.com/jobs/delhi-subordinate-services-selection-board-delhi-subordinate-services-selection-board-2026--1802","137","job-listing"
"https://www.searchsarkarinaukri.com/jobs/department-of-defence-production-department-of-defence-production-2026--3118","117","job-listing"
"https://www.searchsarkarinaukri.com/jobs/department-of-health-family-welfare-daman-department-of-health-family-welfare-2026--1925","129","job-listing"
"https://www.searchsarkarinaukri.com/jobs/department-of-sainik-welfare-maharashtra-state-job-openings-at-department-of-sainik-2026--2011","135","job-listing"
"https://www.searchsarkarinaukri.com/jobs/dhamangaon-education-society-amravati-dhamangaon-education-society-amravati-2026--3721","127","job-listing"
"https://www.searchsarkarinaukri.com/jobs/dharampeth-science-college-nagpur-dharampeth-science-college-nagpur-2026--2465","119","job-listing"
"https://www.searchsarkarinaukri.com/jobs/dharampeth-science-college-nagpur-dharampeth-science-college-nagpur-2026--3472","119","job-listing"
"https://www.searchsarkarinaukri.com/jobs/directorate-of-archaeology-museums-pune-directorate-of-archaeology-museums-pune-2026--3359","131","job-listing"
"https://www.searchsarkarinaukri.com/jobs/directorate-of-lighthouses-amp-lightships-navigational-assistant-grade-iii-2026--1385","126","job-listing"
"https://www.searchsarkarinaukri.com/jobs/district-and-sessions-court-beed-district-and-sessions-court-beed-invites-2026--3834","125","job-listing"
"https://www.searchsarkarinaukri.com/jobs/district-civil-hospital-alibag-raigad-job-opening-at-district-civil-hospital-2026--2411","128","job-listing"
"https://www.searchsarkarinaukri.com/jobs/district-civil-hospital-alibag-raigad-job-openings-at-district-civil-hospital-2026--2697","129","job-listing"
"https://www.searchsarkarinaukri.com/jobs/district-collector-office-washim-district-collector-office-washim-recruitment-2026-2026--2486","134","job-listing"
"https://www.searchsarkarinaukri.com/jobs/district-court-gadchiroli-zila-nyayalay-gadchiroli-job-opening-at-district-court-gadchiroli-2026--4315","143","job-listing"
"https://www.searchsarkarinaukri.com/jobs/district-hospital-solapur-zilla-rugnalaya-solapur-recruitment-notification-district-hospital-solapur--3266","147","job-listing"
"https://www.searchsarkarinaukri.com/jobs/district-legal-services-authority-gondia-district-legal-services-authority-gondia-recruitment-2026--2572","145","job-listing"
"https://www.searchsarkarinaukri.com/jobs/dr-ambedkar-law-college-chhatrapati-sambhajinagar-dr-ambedkar-law-college-chhatrapati-sambhajinagar--1853","146","job-listing"
"https://www.searchsarkarinaukri.com/jobs/dr-balasaheb-sawant-konkan-krishi-vidyapeeth-dapoli-dr-balasaheb-sawant-konkan-krishi-vidyapeeth-202--2017","147","job-listing"
"https://www.searchsarkarinaukri.com/jobs/dr-balasaheb-sawant-konkan-krishi-vidyapeeth-dapoli-dr-balasaheb-sawant-konkan-krishi-vidyapeeth-202--2412","147","job-listing"
"https://www.searchsarkarinaukri.com/jobs/dr-balasaheb-sawant-konkan-krishi-vidyapeeth-dapoli-dr-balasaheb-sawant-konkan-krishi-vidyapeeth-202--2578","147","job-listing"
"https://www.searchsarkarinaukri.com/jobs/dr-balasaheb-sawant-konkan-krishi-vidyapeeth-dapoli-dr-balasaheb-sawant-konkan-krishi-vidyapeeth-202--2968","147","job-listing"
"https://www.searchsarkarinaukri.com/jobs/dr-balasaheb-sawant-konkan-krishi-vidyapeeth-dapoli-dr-balasaheb-sawant-konkan-krishi-vidyapeeth-202--4201","147","job-listing"
"https://www.searchsarkarinaukri.com/jobs/dr-panjabrao-deshmukh-krishi-vidyapeeth-akola-dr-panjabrao-deshmukh-krishi-vidyapeeth-akola-2026--1777","143","job-listing"
"https://www.searchsarkarinaukri.com/jobs/dr-panjabrao-deshmukh-krishi-vidyapeeth-akola-dr-panjabrao-deshmukh-krishi-vidyapeeth-akola-2026--2007","143","job-listing"
"https://www.searchsarkarinaukri.com/jobs/dr-panjabrao-deshmukh-krishi-vidyapeeth-akola-dr-panjabrao-deshmukh-krishi-vidyapeeth-akola-2026--3609","143","job-listing"
"https://www.searchsarkarinaukri.com/jobs/dr-panjabrao-deshmukh-memorial-education-society-dr-panjabrao-deshmukh-memorial-education-society-20--1881","147","job-listing"
"https://www.searchsarkarinaukri.com/jobs/dr-shankarrao-chavan-government-medical-college-nanded-dr-shankarrao-chavan-government-medical-colle--4652","147","job-listing"
"https://www.searchsarkarinaukri.com/jobs/drdo-young-scientist-laboratory-quantum-technologies-drdo-dysl-qt-apply-for-3-junior-research-fellow--2012","147","job-listing"
"https://www.searchsarkarinaukri.com/jobs/drdo-young-scientist-laboratory-quantum-technologies-dysl-qt-apply-for-2-jrf-electronics-posts-2026--2118","146","job-listing"
"https://www.searchsarkarinaukri.com/jobs/dsh-kurnool-civil-assistant-surgeon-specialist-gynecology-recruitment-2026--4897","121","job-listing"
"https://www.searchsarkarinaukri.com/jobs/ekatmik-bal-vikas-prakalp-kolhapur-women-and-child-development-department-job-opening-at-ekatmik-bal--4061","147","job-listing"
"https://www.searchsarkarinaukri.com/jobs/ekatmik-bal-vikas-prakalp-solapur-integrated-child-development-services-scheme-project-job-openings--2574","146","job-listing"
"https://www.searchsarkarinaukri.com/jobs/ekatmik-bal-vikas-seva-yojana-dist-sindhudurg-recruitment-notification-ekatmik-bal-vikas-seva-2026--3604","145","job-listing"
"https://www.searchsarkarinaukri.com/jobs/ekatmik-bal-vikas-seva-yojana-district-ratnagiri-apply-for-3-anganwadi-sevika-anganwadi-2026--3603","139","job-listing"
"https://www.searchsarkarinaukri.com/jobs/ekatmik-bal-vikas-seva-yojana-prakalp-dist-latur-job-openings-at-ekatmik-bal-vikas-2026--2770","134","job-listing"
"https://www.searchsarkarinaukri.com/jobs/employees-provident-fund-organization-employees-provident-fund-organization-2026--2390","127","job-listing"
"https://www.searchsarkarinaukri.com/jobs/employees-state-insurance-corporation-esic-apply-for-29-professor-associate-professor-2026--4997","137","job-listing"
"https://www.searchsarkarinaukri.com/jobs/employees-state-insurance-corporation-esic-apply-for-35-professor-associate-professor-2026--4124","137","job-listing"
"https://www.searchsarkarinaukri.com/jobs/employees-state-insurance-corporation-esic-apply-for-77-professor-associate-professor-2026--2577","137","job-listing"
"https://www.searchsarkarinaukri.com/jobs/employees-state-insurance-corporation-esic-mumbai-apply-for-366-advocate-posts-at-2026--4470","133","job-listing"
"https://www.searchsarkarinaukri.com/jobs/employees-state-insurance-society-hospital-kolhapur-apply-for-17-contractual-medical-officer-2026--1874","144","job-listing"
"https://www.searchsarkarinaukri.com/jobs/employees-state-insurance-society-hospital-solapur-apply-for-3-post-graduate-medical-2026--3066","136","job-listing"
"https://www.searchsarkarinaukri.com/jobs/employees-state-insurance-society-mumbai-employees-state-insurance-society-2026--2556","126","job-listing"
"https://www.searchsarkarinaukri.com/jobs/employees-state-insurance-society-mumbai-employees-state-insurance-society-2026--3349","126","job-listing"
"https://www.searchsarkarinaukri.com/jobs/employees-state-insurance-society-mumbai-employees-state-insurance-society-2026--3914","126","job-listing"
"https://www.searchsarkarinaukri.com/jobs/employees-state-insurance-society-mumbai-employees-state-insurance-society-2026--4721","126","job-listing"
"https://www.searchsarkarinaukri.com/jobs/employees-state-insurance-society-mumbai-employees-state-insurance-society-2026--4841","126","job-listing"
"https://www.searchsarkarinaukri.com/jobs/engineering-projects-india-limited-engineering-projects-india-limited-2026--2176","121","job-listing"
"https://www.searchsarkarinaukri.com/jobs/engineering-projects-india-limited-engineering-projects-india-limited-2026--2343","121","job-listing"
"https://www.searchsarkarinaukri.com/jobs/engineering-projects-india-limited-engineering-projects-india-limited-2026--3165","121","job-listing"
"https://www.searchsarkarinaukri.com/jobs/epfo-assistant-director-audit-recruitment-2026-ahmedabad-apply-offline--3925","117","job-listing"
"https://www.searchsarkarinaukri.com/jobs/epfo-assistant-director-audit-recruitment-2026-hyderabad-apply-offline--3923","117","job-listing"
"https://www.searchsarkarinaukri.com/jobs/epfo-assistant-director-audit-recruitment-2026-new-delhi-apply-offline--3929","117","job-listing"
"https://www.searchsarkarinaukri.com/jobs/epfo-deputy-director-audit-recruitment-2026-bandra-mumbai-apply-offline--3919","118","job-listing"
"https://www.searchsarkarinaukri.com/jobs/esic-assistant-professor-recruitment-2026-walk-in-interview-for-30-posts--3682","119","job-listing"
"https://www.searchsarkarinaukri.com/jobs/esic-associate-professor-recruitment-2026-walk-in-interview-for-19-posts--3681","119","job-listing"
"https://www.searchsarkarinaukri.com/jobs/ex-serviceman-contributory-health-scheme-ahilyanagar-ex-serviceman-contributory-health-scheme-ahilya--2657","147","job-listing"
"https://www.searchsarkarinaukri.com/jobs/ex-serviceman-contributory-health-scheme-echs-ahilyanagar-recruitment-notification-ex-serviceman-con--2208","147","job-listing"
"https://www.searchsarkarinaukri.com/jobs/ex-serviceman-contributory-health-scheme-echs-chhatrapati-sambhajinagar-recruitment-notification-ex--1773","146","job-listing"
"https://www.searchsarkarinaukri.com/jobs/ex-serviceman-contributory-health-scheme-echs-mumbai-echs-mumbai-recruitment-2026-10-2026--1670","136","job-listing"
"https://www.searchsarkarinaukri.com/jobs/ex-serviceman-contributory-health-scheme-echs-polyclinic-devlali-recruitment-notification-ex-service--3392","147","job-listing"
"https://www.searchsarkarinaukri.com/jobs/ex-serviceman-contributory-health-scheme-echs-station-hq-pulgaon-ex-serviceman-contributory-health-s--3608","147","job-listing"
"https://www.searchsarkarinaukri.com/jobs/ex-serviceman-contributory-health-scheme-echs-wardha-ex-serviceman-contributory-health-scheme-echs-w--3068","147","job-listing"
"https://www.searchsarkarinaukri.com/jobs/ex-serviceman-contributory-health-scheme-ex-serviceman-contributory-health-scheme-2026--2067","133","job-listing"
"https://www.searchsarkarinaukri.com/jobs/ex-servicemen-contributory-health-scheme-echs-pune-apply-for-3-medical-officer-and-2026--1781","134","job-listing"
"https://www.searchsarkarinaukri.com/jobs/fluid-control-research-institute-mo-heavy-industries-recruitment-for-the-post-of-research-2026--4335","141","job-listing"
"https://www.searchsarkarinaukri.com/jobs/footwear-design-development-institute-mo-commerce-industry-recruitment-for-the-post-of-chief-2026--3970","144","job-listing"
"https://www.searchsarkarinaukri.com/jobs/general-administration-department-gad-mumbai-job-opening-at-general-administration-department-2026--2975","145","job-listing"
"https://www.searchsarkarinaukri.com/jobs/gokhale-institute-of-politics-and-economics-pune-gokhale-institute-of-politics-and-economics-2026--1856","144","job-listing"
"https://www.searchsarkarinaukri.com/jobs/gokhale-institute-of-politics-and-economics-pune-gokhale-institute-of-politics-and-economics-2026--2388","144","job-listing"
"https://www.searchsarkarinaukri.com/jobs/gokhale-institute-of-politics-and-economics-pune-gokhale-institute-of-politics-and-economics-2026--3173","144","job-listing"
"https://www.searchsarkarinaukri.com/jobs/government-college-of-engineering-chhatrapati-sambhajinagar-government-college-of-engineering-chhatr--1984","147","job-listing"
"https://www.searchsarkarinaukri.com/jobs/government-college-of-engineering-chhatrapati-sambhajinagar-government-college-of-engineering-chhatr--2010","147","job-listing"
"https://www.searchsarkarinaukri.com/jobs/government-college-of-engineering-jalgaon-government-college-of-engineering-jalgaon-2026-2026--2977","140","job-listing"
"https://www.searchsarkarinaukri.com/jobs/government-college-of-engineering-karad-job-opening-at-government-college-of-2026--2419","128","job-listing"
"https://www.searchsarkarinaukri.com/jobs/government-college-of-engineering-nagpur-government-college-of-engineering-nagpur-invites-2026--2775","141","job-listing"
"https://www.searchsarkarinaukri.com/jobs/government-dental-college-and-hospital-jalgaon-government-dental-college-and-hospital-jalgaon-2026--4579","145","job-listing"
"https://www.searchsarkarinaukri.com/jobs/government-engineering-college-daman-government-engineering-college-daman-2026--3399","125","job-listing"
"https://www.searchsarkarinaukri.com/jobs/government-institute-of-forensic-science-chhatrapati-sambhajinagar-government-institute-of-forensic--1885","146","job-listing"
"https://www.searchsarkarinaukri.com/jobs/government-institute-of-forensic-science-chhatrapati-sambhajinagar-job-openings-at-government-instit--1868","147","job-listing"
"https://www.searchsarkarinaukri.com/jobs/government-law-college-mumbai-government-law-college-mumbai-invites-applications-2026--1793","132","job-listing"
"https://www.searchsarkarinaukri.com/jobs/government-medical-college-alibag-raigad-government-medical-college-alibag-raigad-2026--2692","133","job-listing"
"https://www.searchsarkarinaukri.com/jobs/government-medical-college-ambernath-thane-government-medical-college-ambernath-thane-2026--4604","137","job-listing"
"https://www.searchsarkarinaukri.com/jobs/government-medical-college-and-hospital-chhatrapati-sambhajinagar-government-medical-college-and-hos--3836","147","job-listing"
"https://www.searchsarkarinaukri.com/jobs/government-medical-college-and-hospital-nagpur-apply-for-1-medical-officer-post-2026--2430","131","job-listing"
"https://www.searchsarkarinaukri.com/jobs/government-medical-college-gondia-government-medical-college-gondia-2026--4581","119","job-listing"
"https://www.searchsarkarinaukri.com/jobs/government-medical-college-jalgaon-recruitment-notification-government-medical-college-jalgaon-2026--2870","146","job-listing"
"https://www.searchsarkarinaukri.com/jobs/government-medical-college-jalna-government-medical-college-jalna-2026--3122","117","job-listing"
"https://www.searchsarkarinaukri.com/jobs/government-medical-college-jalna-job-openings-at-government-medical-college-2026--3207","127","job-listing"
"https://www.searchsarkarinaukri.com/jobs/government-medical-college-miraj-government-medical-college-miraj-2026--3249","117","job-listing"
"https://www.searchsarkarinaukri.com/jobs/government-medical-college-miraj-government-medical-college-miraj-2026--3843","117","job-listing"
"https://www.searchsarkarinaukri.com/jobs/government-medical-college-miraj-sangli-government-medical-college-miraj-sangli-2026--3953","131","job-listing"
"https://www.searchsarkarinaukri.com/jobs/government-polytechnic-ahmednagar-government-polytechnic-ahmednagar-2026--3081","119","job-listing"
"https://www.searchsarkarinaukri.com/jobs/government-polytechnic-miraj-job-opening-at-government-polytechnic-miraj-2026--2965","124","job-listing"
"https://www.searchsarkarinaukri.com/jobs/government-polytechnic-vikramgad-dist-palghar-government-polytechnic-vikramgad-dist-palghar-recruitm--3157","147","job-listing"
"https://www.searchsarkarinaukri.com/jobs/government-polytechnic-vikramgad-government-polytechnic-vikramgad-2026--3088","117","job-listing"
"https://www.searchsarkarinaukri.com/jobs/govt-college-of-education-sambhajinagar-govt-college-of-education-sambhajinagar-2026--2150","131","job-listing"
"https://www.searchsarkarinaukri.com/jobs/gramin-technical-and-management-campus-nanded-gramin-technical-and-management-campus-nanded-2026--3400","143","job-listing"
"https://www.searchsarkarinaukri.com/jobs/gramin-technical-and-management-campus-nanded-gramin-technical-and-management-campus-nanded-2026--4876","143","job-listing"
"https://www.searchsarkarinaukri.com/jobs/grant-government-medical-college-sir-jj-group-of-hospitals-mumbai-grant-government-medical-college-s--4571","147","job-listing"
"https://www.searchsarkarinaukri.com/jobs/hal-nasik-aeronautical-aerospace-engineering-graduate-apprentice-recruitment-2026--4692","128","job-listing"
"https://www.searchsarkarinaukri.com/jobs/hal-nasik-computer-engineering-it-diploma-apprentice-recruitment-2026--4703","116","job-listing"
"https://www.searchsarkarinaukri.com/jobs/hal-nasik-computer-engineering-it-graduate-apprentice-recruitment-2026--4693","117","job-listing"
"https://www.searchsarkarinaukri.com/jobs/hal-nasik-electrical-engineering-graduate-apprentice-recruitment-2026--4695","116","job-listing"
"https://www.searchsarkarinaukri.com/jobs/hal-nasik-mechanical-engineering-graduate-apprentice-recruitment-2026--4697","116","job-listing"
"https://www.searchsarkarinaukri.com/jobs/hal-nasik-refrigeration-air-conditioning-mechanic-apprentice-recruitment-2026--4685","124","job-listing"
"https://www.searchsarkarinaukri.com/jobs/harish-chandra-research-institute-project-assistant-harish-chandra-research-institute-2026--1622","137","job-listing"
"https://www.searchsarkarinaukri.com/jobs/high-court-of-judicature-at-bombay-bench-at-aurangabad-high-court-of-judicature-at-bombay-2026--4772","141","job-listing"
"https://www.searchsarkarinaukri.com/jobs/high-court-of-judicature-at-bombay-bench-at-aurangabad-high-court-of-judicature-at-bombay-2026--4929","141","job-listing"
"https://www.searchsarkarinaukri.com/jobs/high-explosives-factory-khadki-he-factory-khadki-pune-recruitment-notification-high-explosives-facto--4938","147","job-listing"
"https://www.searchsarkarinaukri.com/jobs/high-explosives-factory-khadki-pune-high-explosives-factory-khadki-pune-2026--1744","123","job-listing"
"https://www.searchsarkarinaukri.com/jobs/high-explosives-factory-khadki-pune-high-explosives-factory-khadki-pune-2026--4835","123","job-listing"
"https://www.searchsarkarinaukri.com/jobs/hindustan-copper-ltd-online-applications-from-experienced-personnel-for-2026--1821","123","job-listing"
"https://www.searchsarkarinaukri.com/jobs/hindustan-petroleum-corporation-limited-hindustan-petroleum-corporation-limited-2026--2633","131","job-listing"
"https://www.searchsarkarinaukri.com/jobs/hindustan-petroleum-corporation-limited-hindustan-petroleum-corporation-limited-2026--3086","131","job-listing"
"https://www.searchsarkarinaukri.com/jobs/hindustan-petroleum-corporation-limited-recruitment-notification-hindustan-petroleum-corporation-lim--3159","147","job-listing"
"https://www.searchsarkarinaukri.com/jobs/hindustan-petroleum-corporation-limited-technical-services-speciality-chemicals-2026--2640","131","job-listing"
"https://www.searchsarkarinaukri.com/jobs/homi-bhabha-centre-for-science-education-tata-institute-of-fundamental-research-homi-bhabha-centre-f--2202","147","job-listing"
"https://www.searchsarkarinaukri.com/jobs/hp-high-court-court-manager-recruitment-2026-apply-online-for-5-posts--4304","116","job-listing"
"https://www.searchsarkarinaukri.com/jobs/hp-high-court-process-server-recruitment-2026-apply-online-for-65-posts--4303","118","job-listing"
"https://www.searchsarkarinaukri.com/jobs/hp-high-court-stenographer-grade-iii-recruitment-2026-apply-online-for-79-posts--4301","126","job-listing"
"https://www.searchsarkarinaukri.com/jobs/hpcl-chief-manager-deputy-general-manager-technical-services-recruitment-2026--2820","124","job-listing"
"https://www.searchsarkarinaukri.com/jobs/hpcl-economist-recruitment-2026-senior-manager-chief-manager-deputy-general-manager--2821","130","job-listing"
"https://www.searchsarkarinaukri.com/jobs/hpcl-graduate-apprentice-instrumentation-engineering-recruitment-2026--3155","116","job-listing"
"https://www.searchsarkarinaukri.com/jobs/hurl-deputy-manager-assistant-manager-officer-medical-recruitment-2026-apply-online-for-2-posts--4970","142","job-listing"
"https://www.searchsarkarinaukri.com/jobs/hurl-engineer-senior-engineer-electrical-recruitment-2026-apply-online--4963","117","job-listing"
"https://www.searchsarkarinaukri.com/jobs/hurl-engineer-senior-engineer-mechanical-recruitment-2026-apply-online--4964","117","job-listing"
"https://www.searchsarkarinaukri.com/jobs/hurl-jr-engineer-assistant-ii-ammonia-recruitment-2026-apply-online-for-7-posts--4972","126","job-listing"
"https://www.searchsarkarinaukri.com/jobs/hurl-jr-engineer-assistant-ii-instrumentation-recruitment-2026-apply-online-for-12-posts--4975","135","job-listing"
"https://www.searchsarkarinaukri.com/jobs/hurl-jr-engineer-assistant-ii-o-u-recruitment-2026-apply-online-for-6-posts--4971","122","job-listing"
"https://www.searchsarkarinaukri.com/jobs/hurl-jr-engineer-assistant-ii-qa-mechanical-recruitment-2026-apply-online-for-7-posts--4976","132","job-listing"
"https://www.searchsarkarinaukri.com/jobs/hurl-jr-engineer-assistant-ii-urea-plant-handling-operations-recruitment-2026-apply-online-for-8-posts--4974","149","job-listing"
"https://www.searchsarkarinaukri.com/jobs/hurl-jr-engineer-assistant-ii-urea-recruitment-2026-apply-online-for-3-posts--4973","123","job-listing"
"https://www.searchsarkarinaukri.com/jobs/hurl-officer-senior-officer-human-resource-recruitment-2026-apply-online--4968","119","job-listing"
"https://www.searchsarkarinaukri.com/jobs/hurl-senior-engineer-assistant-manager-it-sap-fico-recruitment-2026-apply-online--4965","127","job-listing"
"https://www.searchsarkarinaukri.com/jobs/hurl-senior-engineer-assistant-manager-it-sap-mm-recruitment-2026-apply-online--4966","125","job-listing"
"https://www.searchsarkarinaukri.com/jobs/hurl-senior-engineer-assistant-manager-it-sap-sd-recruitment-2026-apply-online--4967","125","job-listing"
"https://www.searchsarkarinaukri.com/jobs/ibps-agricultural-field-officer-scale-i-recruitment-2026-apply-online-for-190-posts--3381","130","job-listing"
"https://www.searchsarkarinaukri.com/jobs/ibps-hr-personnel-officer-scale-i-recruitment-2026-apply-online-for-60-posts--3384","123","job-listing"
"https://www.searchsarkarinaukri.com/jobs/ibps-rajbhasha-adhikari-scale-i-recruitment-2026-apply-online-for-89-posts--3383","121","job-listing"
"https://www.searchsarkarinaukri.com/jobs/icar-central-institute-for-cotton-research-nagpur-recruitment-notification-icar-central-institute-20--4479","147","job-listing"
"https://www.searchsarkarinaukri.com/jobs/icar-central-institute-for-research-on-cattle-part-time-medical-officer-2026--1338","123","job-listing"
"https://www.searchsarkarinaukri.com/jobs/icar-central-institute-for-research-on-cattle-senior-research-fellow-2026--1490","120","job-listing"
"https://www.searchsarkarinaukri.com/jobs/icar-central-institute-for-research-on-cattle-young-professional-ii-2026--2568","119","job-listing"
"https://www.searchsarkarinaukri.com/jobs/icar-central-institute-for-research-on-cotton-technology-apply-for-1-junior-research-fellow-2026--3269","143","job-listing"
"https://www.searchsarkarinaukri.com/jobs/icar-central-marine-fisheries-research-institute-junior-research-fellow-2026--2195","123","job-listing"
"https://www.searchsarkarinaukri.com/jobs/icar-central-marine-fisheries-research-institute-junior-research-fellow-2026--2196","123","job-listing"
"https://www.searchsarkarinaukri.com/jobs/icar-central-marine-fisheries-research-institute-project-assistant-icar-central-marine-fisheries-202--2194","147","job-listing"
"https://www.searchsarkarinaukri.com/jobs/icar-central-marine-fisheries-research-institute-young-professional-i-2026--1862","121","job-listing"
"https://www.searchsarkarinaukri.com/jobs/icar-central-marine-fisheries-research-institute-young-professional-i-2026--2322","121","job-listing"
"https://www.searchsarkarinaukri.com/jobs/icar-central-marine-fisheries-research-institute-young-professional-ii-2026--2853","122","job-listing"
"https://www.searchsarkarinaukri.com/jobs/icar-central-marine-fisheries-research-institute-young-professional-ii-2026--2941","122","job-listing"
"https://www.searchsarkarinaukri.com/jobs/icar-directorate-of-medicinal-and-aromatic-plants-research-young-professional-ii-2026--1374","132","job-listing"
"https://www.searchsarkarinaukri.com/jobs/icar-national-bureau-of-soil-survey-and-land-use-planning-icar-national-bureau-of-soil-survey-and-20--1776","147","job-listing"
"https://www.searchsarkarinaukri.com/jobs/icar-national-research-center-for-grapes-pune-job-opening-at-icar-national-2026--4609","126","job-listing"
"https://www.searchsarkarinaukri.com/jobs/icar-ndri-deemed-university-contractual-position-of-young-professional-i-2026--2374","124","job-listing"
"https://www.searchsarkarinaukri.com/jobs/icar-ndri-deemed-university-contractual-position-of-young-professional-ii-2026--2372","125","job-listing"
"https://www.searchsarkarinaukri.com/jobs/icar-ndri-deemed-university-contractual-position-of-young-professional-ii-2026--2373","125","job-listing"
"https://www.searchsarkarinaukri.com/jobs/ichalkaranji-mahanagarpalika-ichalkaranji-municipal-corporation-recruitment-notification-ichalkaranj--3952","147","job-listing"
"https://www.searchsarkarinaukri.com/jobs/income-tax-appellate-tribunal-itat-mumbai-income-tax-appellate-tribunal-itat-mumbai-2026--3344","135","job-listing"
"https://www.searchsarkarinaukri.com/jobs/income-tax-stenographer-grade-ii-recruitment-2026-1-post-sports-quota--2903","116","job-listing"
"https://www.searchsarkarinaukri.com/jobs/indian-agricultural-statistics-research-institute-hiring-contractual-staff-2026--1630","126","job-listing"
"https://www.searchsarkarinaukri.com/jobs/indian-agricultural-statistics-research-institute-recruitment-of-young-professional-ii-2026--2094","138","job-listing"
"https://www.searchsarkarinaukri.com/jobs/indian-agricultural-statistics-research-institute-young-professional-i-2026--2047","122","job-listing"
"https://www.searchsarkarinaukri.com/jobs/indian-air-force-airmen-group-y-medical-assistant-pharmacist-recruitment-2026--2900","124","job-listing"
"https://www.searchsarkarinaukri.com/jobs/indian-army-jag-entry-scheme-125th-course-recruitment-2026-apply-online-for-10-ssc-jag-posts--4229","139","job-listing"
"https://www.searchsarkarinaukri.com/jobs/indian-army-ncc-special-entry-125th-course-women-recruitment-2026-apply-online-for-5-posts--3385","137","job-listing"
"https://www.searchsarkarinaukri.com/jobs/indian-army-ncc-special-entry-125th-course-women-wards-of-battle-casualties-recruitment-2026-apply-online-for-1-post--3386","163","job-listing"
"https://www.searchsarkarinaukri.com/jobs/indian-army-ssc-tech-68-men-recruitment-2026-apply-online-for-40-posts--3387","117","job-listing"
"https://www.searchsarkarinaukri.com/jobs/indian-army-sscw-tech-68-women-recruitment-2026-apply-online-for-30-posts--3388","120","job-listing"
"https://www.searchsarkarinaukri.com/jobs/indian-council-of-forestry-research-amp-education-icfre-financial-advisor-2026--1620","125","job-listing"
"https://www.searchsarkarinaukri.com/jobs/indian-council-of-medical-research-director-indian-council-of-medical-2026--1376","121","job-listing"
"https://www.searchsarkarinaukri.com/jobs/indian-council-of-medical-research-director-indian-council-of-medical-2026--2161","121","job-listing"
"https://www.searchsarkarinaukri.com/jobs/indian-council-of-medical-research-indian-council-of-medical-research-2026--3522","121","job-listing"
"https://www.searchsarkarinaukri.com/jobs/indian-council-of-medical-research-indian-council-of-medical-research-2026--3955","121","job-listing"
"https://www.searchsarkarinaukri.com/jobs/indian-council-of-philosophical-research-indian-council-of-philosophical-research-2026--1951","133","job-listing"
"https://www.searchsarkarinaukri.com/jobs/indian-institute-of-geomagnetism-mumbai-indian-institute-of-geomagnetism-mumbai-2026--2340","131","job-listing"
"https://www.searchsarkarinaukri.com/jobs/indian-institute-of-science-education-and-research-pune-job-opening-at-indian-institute-of-2026--3576","142","job-listing"
"https://www.searchsarkarinaukri.com/jobs/indian-institute-of-science-education-and-research-pune-job-openings-at-indian-institute-of-2026--1775","143","job-listing"
"https://www.searchsarkarinaukri.com/jobs/indian-institute-of-science-education-and-research-pune-job-openings-at-indian-institute-of-2026--2014","143","job-listing"
"https://www.searchsarkarinaukri.com/jobs/indian-institute-of-science-education-and-research-pune-job-openings-at-indian-institute-of-2026--3069","143","job-listing"
"https://www.searchsarkarinaukri.com/jobs/indian-institute-of-technology-bombay-indian-institute-of-technology-bombay-2026--2990","127","job-listing"
"https://www.searchsarkarinaukri.com/jobs/indian-institute-of-technology-bombay-indian-institute-of-technology-bombay-2026--3073","127","job-listing"
"https://www.searchsarkarinaukri.com/jobs/indian-meteorological-department-indian-meteorological-department-2026--1982","117","job-listing"
"https://www.searchsarkarinaukri.com/jobs/indian-navy-air-traffic-controller-atc-ssc-officer-recruitment-2026-apply-online-for-15-posts--3565","140","job-listing"
"https://www.searchsarkarinaukri.com/jobs/indian-navy-education-branch-ssc-officer-recruitment-2026-apply-online-for-13-posts--3568","130","job-listing"
"https://www.searchsarkarinaukri.com/jobs/indian-navy-engineering-branch-general-service-ssc-officer-recruitment-2026-apply-online-for-24-posts--3569","148","job-listing"
"https://www.searchsarkarinaukri.com/jobs/indian-navy-executive-branch-gs-x-hydro-ssc-officer-recruitment-2026-apply-online-for-90-posts--3562","141","job-listing"
"https://www.searchsarkarinaukri.com/jobs/indian-navy-logistics-ssc-officer-recruitment-2026-apply-online-for-10-posts--3566","123","job-listing"
"https://www.searchsarkarinaukri.com/jobs/indian-navy-naval-air-operations-officer-observer-recruitment-2026-apply-online-for-18-posts--3564","139","job-listing"
"https://www.searchsarkarinaukri.com/jobs/indian-navy-naval-armament-inspectorate-cadre-naic-ssc-officer-recruitment-2026-apply-online-for-14-posts--3567","152","job-listing"
"https://www.searchsarkarinaukri.com/jobs/indian-navy-pilot-ssc-officer-recruitment-2026-apply-online-for-25-posts--3563","119","job-listing"
"https://www.searchsarkarinaukri.com/jobs/indian-overseas-bank-local-bank-officer-recruitment-2026-gujarat-50-posts--4283","120","job-listing"
"https://www.searchsarkarinaukri.com/jobs/indian-overseas-bank-local-bank-officer-recruitment-2026-karnataka-50-posts--4281","122","job-listing"
"https://www.searchsarkarinaukri.com/jobs/indian-overseas-bank-local-bank-officer-recruitment-2026-maharashtra-50-posts--4282","124","job-listing"
"https://www.searchsarkarinaukri.com/jobs/indian-overseas-bank-local-bank-officer-recruitment-2026-tamil-nadu-100-posts--4280","124","job-listing"
"https://www.searchsarkarinaukri.com/jobs/indian-port-rail-ropeway-corporation-limited-iprcl-recruitment-2026-02-chief-2026--1663","128","job-listing"
"https://www.searchsarkarinaukri.com/jobs/indian-space-research-organisation-isro-department-of-space-recruitment-notification-indian-space-re--3389","147","job-listing"
"https://www.searchsarkarinaukri.com/jobs/indira-gandhi-institute-of-development-research-igidr-igidr-recruitment-2026-12-non-teaching-2026--1681","144","job-listing"
"https://www.searchsarkarinaukri.com/jobs/industrial-training-institute-yeola-nashik-industrial-training-institute-yeola-nashik-2026--4261","137","job-listing"
"https://www.searchsarkarinaukri.com/jobs/institute-of-chartered-accountants-of-india-institute-of-chartered-accountants-of-india-2026--2720","139","job-listing"
"https://www.searchsarkarinaukri.com/jobs/institute-of-chartered-accountants-of-india-institute-of-chartered-accountants-of-india-2026--3254","139","job-listing"
"https://www.searchsarkarinaukri.com/jobs/institute-of-chemical-technology-mumbai-apply-for-3-junior-research-fellow-2026--4131","126","job-listing"
"https://www.searchsarkarinaukri.com/jobs/insurance-institute-of-india-mumbai-job-openings-at-insurance-institute-of-2026--4127","126","job-listing"
"https://www.searchsarkarinaukri.com/jobs/inter-university-centre-for-astronomy-and-astrophysics-apply-for-1-project-coordinator-post-2026--3571","143","job-listing"
"https://www.searchsarkarinaukri.com/jobs/inter-university-centre-for-astronomy-and-astrophysics-job-opening-at-inter-university-centre-for-20--1789","147","job-listing"
"https://www.searchsarkarinaukri.com/jobs/international-centre-for-theoretical-sciences-icts-tata-institute-of-fundamental-research-tifr-clerk--1819","147","job-listing"
"https://www.searchsarkarinaukri.com/jobs/international-institute-for-population-sciences-iips-international-institute-for-population-sciences--1779","147","job-listing"
"https://www.searchsarkarinaukri.com/jobs/international-institute-for-population-sciences-iips-international-institute-for-population-sciences--1780","147","job-listing"
"https://www.searchsarkarinaukri.com/jobs/international-institute-for-population-sciences-iips-mumbai-international-institute-for-population-s--2421","147","job-listing"
"https://www.searchsarkarinaukri.com/jobs/international-institute-for-population-sciences-iips-mumbai-international-institute-for-population-s--3342","147","job-listing"
"https://www.searchsarkarinaukri.com/jobs/international-institute-for-population-sciences-iips-mumbai-international-institute-for-population-s--3606","147","job-listing"
"https://www.searchsarkarinaukri.com/jobs/international-institute-for-population-sciences-mumbai-international-institute-for-population-scienc--1790","147","job-listing"
"https://www.searchsarkarinaukri.com/jobs/international-institute-for-population-sciences-mumbai-international-institute-for-population-scienc--2117","147","job-listing"
"https://www.searchsarkarinaukri.com/jobs/international-institute-for-population-sciences-mumbai-international-institute-for-population-scienc--2694","147","job-listing"
"https://www.searchsarkarinaukri.com/jobs/iocl-technician-apprentice-electrical-electronics-recruitment-2026-apply-online--4288","126","job-listing"
"https://www.searchsarkarinaukri.com/jobs/iocl-technician-apprentice-instrumentation-recruitment-2026-apply-online--4286","119","job-listing"
"https://www.searchsarkarinaukri.com/jobs/iocl-trade-apprentice-data-entry-operator-fresher-recruitment-2026-apply-online--4296","126","job-listing"
"https://www.searchsarkarinaukri.com/jobs/iocl-trade-apprentice-data-entry-operator-skill-certificate-holders-recruitment-2026-apply-online--4297","144","job-listing"
"https://www.searchsarkarinaukri.com/jobs/iocl-trade-apprentice-electronics-mechanic-recruitment-2026-apply-online--4292","119","job-listing"
"https://www.searchsarkarinaukri.com/jobs/iocl-trade-apprentice-instrument-mechanic-recruitment-2026-apply-online--4293","118","job-listing"
"https://www.searchsarkarinaukri.com/jobs/isro-assistant-autonomous-institutions-recruitment-2026-apply-online-for-17-posts--3677","128","job-listing"
"https://www.searchsarkarinaukri.com/jobs/isro-istrac-commercial-practice-apprentice-recruitment-2026-apply-online-for-5-posts--3548","131","job-listing"
"https://www.searchsarkarinaukri.com/jobs/isro-istrac-diploma-apprentice-recruitment-2026-apply-online-for-18-posts--3547","120","job-listing"
"https://www.searchsarkarinaukri.com/jobs/isro-istrac-graduate-apprentice-recruitment-2026-apply-online-for-58-posts--3546","121","job-listing"
"https://www.searchsarkarinaukri.com/jobs/isro-istrac-iti-trade-apprentice-recruitment-2026-apply-online-for-14-posts--3549","122","job-listing"
"https://www.searchsarkarinaukri.com/jobs/isro-junior-personal-assistant-autonomous-institutions-recruitment-2026-apply-online-for-1-post--3678","142","job-listing"
"https://www.searchsarkarinaukri.com/jobs/isro-junior-personal-assistant-jpa-recruitment-2026-apply-online-for-81-posts--3674","124","job-listing"
"https://www.searchsarkarinaukri.com/jobs/isro-lpsc-technical-assistant-mechanical-recruitment-2026-apply-online-for-6-posts--4977","129","job-listing"
"https://www.searchsarkarinaukri.com/jobs/isro-lpsc-technician-b-fitter-recruitment-2026-apply-online-for-9-posts--4980","118","job-listing"
"https://www.searchsarkarinaukri.com/jobs/isro-nrsc-junior-research-fellow-agriculture-horticulture-recruitment-2026-bengaluru-apply-online-for-1-post--3948","155","job-listing"
"https://www.searchsarkarinaukri.com/jobs/isro-nrsc-junior-research-fellow-agrometeorology-recruitment-2026-bengaluru-apply-online-for-1-post--3946","146","job-listing"
"https://www.searchsarkarinaukri.com/jobs/isro-nrsc-junior-research-fellow-atmospheric-science-physics-recruitment-2026-apply-online-for-9-posts--3944","149","job-listing"
"https://www.searchsarkarinaukri.com/jobs/isro-nrsc-junior-research-fellow-computer-science-ai-data-science-recruitment-2026-bengaluru-apply-online-for-1-post--3949","163","job-listing"
"https://www.searchsarkarinaukri.com/jobs/isro-nrsc-junior-research-fellow-ocean-science-geophysics-recruitment-2026-apply-online-for-6-posts--3945","146","job-listing"
"https://www.searchsarkarinaukri.com/jobs/isro-nrsc-junior-research-fellow-remote-sensing-gis-agriculture-recruitment-2026-bengaluru-apply-online-for-1-post--3947","161","job-listing"
"https://www.searchsarkarinaukri.com/jobs/isro-nrsc-project-associate-i-computer-science-it-recruitment-2026-apply-online-for-3-posts--3936","138","job-listing"
"https://www.searchsarkarinaukri.com/jobs/isro-nrsc-project-associate-ii-computer-science-it-recruitment-2026-new-delhi-apply-online-for-1-post--3937","148","job-listing"
"https://www.searchsarkarinaukri.com/jobs/isro-nrsc-project-associate-ii-geoinformatics-recruitment-2026-new-delhi-apply-online-for-1-post--3938","143","job-listing"
"https://www.searchsarkarinaukri.com/jobs/isro-nrsc-project-scientist-b-computer-science-it-recruitment-2026-apply-online-for-5-posts--3941","138","job-listing"
"https://www.searchsarkarinaukri.com/jobs/isro-nrsc-project-scientist-b-geology-recruitment-2026-apply-online-for-1-post--3939","125","job-listing"
"https://www.searchsarkarinaukri.com/jobs/isro-nrsc-project-scientist-b-remote-sensing-environmental-sciences-recruitment-2026-apply-online-for-1-post--3942","155","job-listing"
"https://www.searchsarkarinaukri.com/jobs/isro-nrsc-project-scientist-b-remote-sensing-gis-recruitment-2026-apply-online-for-1-post--3940","136","job-listing"
"https://www.searchsarkarinaukri.com/jobs/isro-nrsc-project-scientist-i-computer-science-it-recruitment-2026-apply-online-for-2-posts--3943","138","job-listing"
"https://www.searchsarkarinaukri.com/jobs/isro-nrsc-research-scientist-ai-machine-learning-data-science-recruitment-2026-apply-online-for-1-post--3935","149","job-listing"
"https://www.searchsarkarinaukri.com/jobs/isro-nrsc-research-scientist-civil-engineering-recruitment-2026-apply-online-for-3-posts--3930","135","job-listing"
"https://www.searchsarkarinaukri.com/jobs/isro-nrsc-research-scientist-computer-science-it-recruitment-2026-apply-online-for-1-post--3934","136","job-listing"
"https://www.searchsarkarinaukri.com/jobs/isro-nrsc-research-scientist-geology-recruitment-2026-apply-online-for-2-posts--3932","125","job-listing"
"https://www.searchsarkarinaukri.com/jobs/isro-nrsc-research-scientist-remote-sensing-gis-engineering-recruitment-2026-apply-online-for-2-posts--3933","148","job-listing"
"https://www.searchsarkarinaukri.com/jobs/isro-nrsc-research-scientist-remote-sensing-gis-recruitment-2026-apply-online-for-5-posts--3931","136","job-listing"
"https://www.searchsarkarinaukri.com/jobs/isro-upper-division-clerk-udc-recruitment-2026-apply-online-for-22-posts--3675","119","job-listing"
"https://www.searchsarkarinaukri.com/jobs/isro-ursc-commercial-practice-apprentice-recruitment-2026-apply-online-for-70-posts--3861","130","job-listing"
"https://www.searchsarkarinaukri.com/jobs/isro-ursc-graduate-apprentice-recruitment-2026-apply-online-for-220-posts--3859","120","job-listing"
"https://www.searchsarkarinaukri.com/jobs/isro-ursc-technician-apprentice-recruitment-2026-apply-online-for-120-posts--3860","122","job-listing"
"https://www.searchsarkarinaukri.com/jobs/jalna-city-municipal-corporation-jcmc-jalna-city-municipal-corporation-jcmc-recruitment-2026--2583","139","job-listing"
"https://www.searchsarkarinaukri.com/jobs/jankalyan-nagari-sahakari-patsanstha-karad-jankalyan-nagari-sahakari-patsanstha-karad-2026--1835","137","job-listing"
"https://www.searchsarkarinaukri.com/jobs/jawahar-navodaya-vidyalaya-kolhapur-jawahar-navodaya-vidyalaya-kolhapur-2026--2172","123","job-listing"
"https://www.searchsarkarinaukri.com/jobs/jawaharlal-nehru-port-authority-jawaharlal-nehru-port-authority-announces-recruitment-2026--1464","137","job-listing"
"https://www.searchsarkarinaukri.com/jobs/jaywant-shikshan-prasarak-mandal-pune-jaywant-shikshan-prasarak-mandal-pune-2026--2387","127","job-listing"
"https://www.searchsarkarinaukri.com/jobs/jilhadhikari-karyalay-bhandara-recruitment-2026-details-jilhadhikari-karyalay-bhandara-recruitment-2--4326","147","job-listing"
"https://www.searchsarkarinaukri.com/jobs/jilhadhikari-karyalay-gadchiroli-jilhadhikari-karyalay-gadchiroli-2026--3959","117","job-listing"
"https://www.searchsarkarinaukri.com/jobs/jilhadhikari-karyalay-wardha-bharti-2026-details-jilhadhikari-karyalay-wardha-bharti-2026-details-20--5007","147","job-listing"
"https://www.searchsarkarinaukri.com/jobs/jilhadhikari-karyalay-washim-collector-office-washim-recruitment-notification-jilhadhikari-karyalay--2432","146","job-listing"
"https://www.searchsarkarinaukri.com/jobs/jilhadhikari-karyalay-washim-collector-office-washim-recruitment-notification-jilhadhikari-karyalay--2868","146","job-listing"
"https://www.searchsarkarinaukri.com/jobs/kadamba-transport-corporation-ltd-goa-kadamba-transport-corporation-ltd-goa-2026--2261","127","job-listing"
"https://www.searchsarkarinaukri.com/jobs/kadamba-transport-corporation-ltd-goa-kadamba-transport-corporation-ltd-goa-2026--2804","127","job-listing"
"https://www.searchsarkarinaukri.com/jobs/kadapa-dccb-staff-assistant-recruitment-2026-apply-online-for-40-posts--4190","117","job-listing"
"https://www.searchsarkarinaukri.com/jobs/kamla-nehru-mahavidyalaya-nagpur-kamla-nehru-mahavidyalaya-nagpur-2026--1943","117","job-listing"
"https://www.searchsarkarinaukri.com/jobs/karmaveer-ms-kannamwar-government-medical-college-chandrapur-karmaveer-ms-kannamwar-government-medic--3346","147","job-listing"
"https://www.searchsarkarinaukri.com/jobs/kea-irb-special-reserve-police-constable-recruitment-2026-apply-online-for-161-posts--3318","131","job-listing"
"https://www.searchsarkarinaukri.com/jobs/kea-ksisf-police-constable-recruitment-2026-apply-online-for-364-posts--3317","117","job-listing"
"https://www.searchsarkarinaukri.com/jobs/kea-ksrp-kalyana-karnataka-police-constable-recruitment-2026-apply-online-for-334-posts--3316","134","job-listing"
"https://www.searchsarkarinaukri.com/jobs/kea-special-reserve-police-constable-ksrp-state-cadre-recruitment-2026-apply-online-for-1455-posts--3315","145","job-listing"
"https://www.searchsarkarinaukri.com/jobs/kea-village-administrative-officer-kalyana-karnataka-recruitment-2026--3112","116","job-listing"
"https://www.searchsarkarinaukri.com/jobs/kendriya-vidyalaya-bhandup-mumbai-kendriya-vidyalaya-bhandup-mumbai-2026--2042","119","job-listing"
"https://www.searchsarkarinaukri.com/jobs/kendriya-vidyalaya-chhatrapati-sambhajinagar-kendriya-vidyalaya-chhatrapati-sambhajinagar-2026--3036","141","job-listing"
"https://www.searchsarkarinaukri.com/jobs/kendriya-vidyalaya-nashik-road-camp-kendriya-vidyalaya-nashik-road-camp-2026--3582","123","job-listing"
"https://www.searchsarkarinaukri.com/jobs/kendriya-vidyalaya-ordnance-factory-varangaon-kendriya-vidyalaya-ordnance-factory-varangaon-invites--2220","146","job-listing"
"https://www.searchsarkarinaukri.com/jobs/kendriya-vidyalaya-wardha-mgahv-recruitment-notification-kendriya-vidyalaya-wardha-mgahv-2026--4935","140","job-listing"
"https://www.searchsarkarinaukri.com/jobs/kk-wagh-education-society-nashik-kk-wagh-education-society-nashik-2026--2185","117","job-listing"
"https://www.searchsarkarinaukri.com/jobs/kk-wagh-education-society-nashik-kk-wagh-education-society-nashik-2026--2983","117","job-listing"
"https://www.searchsarkarinaukri.com/jobs/kolhapur-municipal-corporation-kmc-kolhapur-municipal-corporation-kmc-recruitment-2026-2026--2207","138","job-listing"
"https://www.searchsarkarinaukri.com/jobs/kolhapur-patbandhare-vibhag-kolhapur-irrigation-department-apply-for-7-junior-engineer-electrical-20--2582","147","job-listing"
"https://www.searchsarkarinaukri.com/jobs/kolhapur-patbandhare-vibhag-kolhapur-irrigation-department-apply-for-8-junior-engineer-civil-2026--3513","144","job-listing"
"https://www.searchsarkarinaukri.com/jobs/konkan-railway-corporation-limited-recruitment-notification-konkan-railway-corporation-limited-2026--3345","146","job-listing"
"https://www.searchsarkarinaukri.com/jobs/konkan-railway-junior-engineer-civil-recruitment-2026-apply-online-for-25-posts--4000","126","job-listing"
"https://www.searchsarkarinaukri.com/jobs/konkan-railway-senior-section-engineer-signal-telecommunication-recruitment-2026-apply-online-for-5-posts--4002","152","job-listing"
"https://www.searchsarkarinaukri.com/jobs/konkan-railway-track-maintainer-recruitment-2026-apply-online-for-57-posts--4001","121","job-listing"
"https://www.searchsarkarinaukri.com/jobs/krishi-vigyan-kendra-wardha-recruitment-notification-krishi-vigyan-kendra-wardha-2026--2327","132","job-listing"
"https://www.searchsarkarinaukri.com/jobs/krushi-utpanna-bazar-samiti-wardha-krushi-utpanna-bazar-samiti-wardha-2026--2648","121","job-listing"
"https://www.searchsarkarinaukri.com/jobs/lal-bahadur-shastri-national-academy-of-administration-lbsnaa-deputation-for-the-post-of-administrat--1659","147","job-listing"
"https://www.searchsarkarinaukri.com/jobs/lal-bahadur-shastri-national-academy-of-administration-lbsnaa-do-personnel-training-recruitment-for--3272","146","job-listing"
"https://www.searchsarkarinaukri.com/jobs/lbsnaa-mussoorie-lbsnaa-mussoorie-announces-recruitment-for-teaching-2026--1457","120","job-listing"
"https://www.searchsarkarinaukri.com/jobs/life-insurance-corporation-of-india-life-insurance-corporation-of-india-invites-2026--2414","131","job-listing"
"https://www.searchsarkarinaukri.com/jobs/lokmanya-tilak-municipal-medical-general-hospital-mumbai-lokmanya-tilak-municipal-medical-general-ho--3268","147","job-listing"
"https://www.searchsarkarinaukri.com/jobs/lokmanya-tilak-municipal-medical-general-hospital-mumbai-lokmanya-tilak-municipal-medical-general-ho--4653","147","job-listing"
"https://www.searchsarkarinaukri.com/jobs/loknete-dattaji-patil-sahakari-bank-loknete-dattaji-patil-sahakari-bank-2026--4144","123","job-listing"
"https://www.searchsarkarinaukri.com/jobs/machine-tool-prototype-factory-ambarnath-armoured-vehicles-nigam-limited-machine-tool-prototype-fact--4995","147","job-listing"
"https://www.searchsarkarinaukri.com/jobs/macs-agharkar-research-institute-ari-pune-recruitment-notification-macs-agharkar-research-institute--2122","146","job-listing"
"https://www.searchsarkarinaukri.com/jobs/maha-directorate-of-archaeology-museums-maha-directorate-of-archaeology-museums-2026--3393","131","job-listing"
"https://www.searchsarkarinaukri.com/jobs/maha-mumbai-metro-operation-corporation-limited-apply-for-1-officer-on-special-2026--2009","130","job-listing"
"https://www.searchsarkarinaukri.com/jobs/maharashtra-airport-development-company-limited-maharashtra-airport-development-company-limited-2026--2687","147","job-listing"
"https://www.searchsarkarinaukri.com/jobs/maharashtra-airport-development-company-limited-maharashtra-airport-development-company-limited-2026--4128","147","job-listing"
"https://www.searchsarkarinaukri.com/jobs/maharashtra-animal-and-fisheries-science-university-job-openings-at-maharashtra-animal-and-2026--2774","142","job-listing"
"https://www.searchsarkarinaukri.com/jobs/maharashtra-bamboo-vikas-mandal-nagpur-maharashtra-bamboo-vikas-mandal-nagpur-invites-2026--2429","137","job-listing"
"https://www.searchsarkarinaukri.com/jobs/maharashtra-bhasha-sanchalanalay-maharashtra-bhasha-sanchalanalay-2026--4318","117","job-listing"
"https://www.searchsarkarinaukri.com/jobs/maharashtra-education-society-pune-maharashtra-education-society-pune-2026--1733","121","job-listing"
"https://www.searchsarkarinaukri.com/jobs/maharashtra-education-society-pune-maharashtra-education-society-pune-2026--2025","121","job-listing"
"https://www.searchsarkarinaukri.com/jobs/maharashtra-education-society-pune-maharashtra-education-society-pune-2026--2149","121","job-listing"
"https://www.searchsarkarinaukri.com/jobs/maharashtra-education-society-pune-maharashtra-education-society-pune-2026--2399","121","job-listing"
"https://www.searchsarkarinaukri.com/jobs/maharashtra-education-society-pune-maharashtra-education-society-pune-2026--2503","121","job-listing"
"https://www.searchsarkarinaukri.com/jobs/maharashtra-education-society-pune-maharashtra-education-society-pune-2026--2626","121","job-listing"
"https://www.searchsarkarinaukri.com/jobs/maharashtra-education-society-pune-maharashtra-education-society-pune-2026--4426","121","job-listing"
"https://www.searchsarkarinaukri.com/jobs/maharashtra-employees-state-insurance-society-esis-mumbai-apply-for-22-part-time-specialist-2026--4771","143","job-listing"
"https://www.searchsarkarinaukri.com/jobs/maharashtra-employees-state-insurance-society-hospital-nashik-apply-for-43-full-timepart-time-2026--2114","145","job-listing"
"https://www.searchsarkarinaukri.com/jobs/maharashtra-employees-state-insurance-society-hospital-thane-maharashtra-employees-state-insurance-s--2217","147","job-listing"
"https://www.searchsarkarinaukri.com/jobs/maharashtra-employees-state-insurance-society-msesis-hospital-apply-for-2-dental-surgeon-2026--1938","140","job-listing"
"https://www.searchsarkarinaukri.com/jobs/maharashtra-ex-servicemen-corporation-limited-maharashtra-ex-servicemen-corporation-limited-2026--2286","143","job-listing"
"https://www.searchsarkarinaukri.com/jobs/maharashtra-ex-servicemen-corporation-limited-maharashtra-ex-servicemen-corporation-limited-2026--2754","143","job-listing"
"https://www.searchsarkarinaukri.com/jobs/maharashtra-ex-servicemen-corporation-limited-maharashtra-ex-servicemen-corporation-limited-2026--4425","143","job-listing"
"https://www.searchsarkarinaukri.com/jobs/maharashtra-ex-servicemen-corporation-limited-mesco-job-openings-at-maharashtra-ex-servicemen-corpor--2328","147","job-listing"
"https://www.searchsarkarinaukri.com/jobs/maharashtra-ex-servicemen-corporation-limited-mesco-job-openings-at-maharashtra-ex-servicemen-corpor--4471","147","job-listing"
"https://www.searchsarkarinaukri.com/jobs/maharashtra-ex-servicemen-corporation-limited-mesco-pune-job-openings-at-maharashtra-ex-servicemen-c--2780","147","job-listing"
"https://www.searchsarkarinaukri.com/jobs/maharashtra-fisheries-development-corporation-mumbai-job-opening-at-maharashtra-fisheries-developmen--3264","147","job-listing"
"https://www.searchsarkarinaukri.com/jobs/maharashtra-human-rights-commission-maharashtra-human-rights-commission-2026--2654","123","job-listing"
"https://www.searchsarkarinaukri.com/jobs/maharashtra-institute-of-pharmacy-maharashtra-institute-of-pharmacy-2026--1763","119","job-listing"
"https://www.searchsarkarinaukri.com/jobs/maharashtra-institution-for-transformation-maha-mitra-recruitment-notification-maharashtra-instituti--3160","147","job-listing"
"https://www.searchsarkarinaukri.com/jobs/maharashtra-institution-for-transformation-mitra-recruitment-notification-maharashtra-institution-fo--1772","147","job-listing"
"https://www.searchsarkarinaukri.com/jobs/maharashtra-mahavidyalaya-nilanga-maharashtra-mahavidyalaya-nilanga-2026--1742","119","job-listing"
"https://www.searchsarkarinaukri.com/jobs/maharashtra-maritime-board-mmb-maharashtra-maritime-board-mmb-2026-recruitment-2026--2871","130","job-listing"
"https://www.searchsarkarinaukri.com/jobs/maharashtra-maritime-board-mumbai-maharashtra-maritime-board-mumbai-2026--2548","119","job-listing"
"https://www.searchsarkarinaukri.com/jobs/maharashtra-maritime-board-mumbai-maharashtra-maritime-board-mumbai-2026--2839","119","job-listing"
"https://www.searchsarkarinaukri.com/jobs/maharashtra-post-graduate-institute-of-medical-education-and-research-nashik-maharashtra-post-gradua--2693","147","job-listing"
"https://www.searchsarkarinaukri.com/jobs/maharashtra-public-service-commission-apply-for-2619-industries-inspector-technical-2026--2417","135","job-listing"
"https://www.searchsarkarinaukri.com/jobs/maharashtra-public-service-commission-maharashtra-public-service-commission-2026-recruitment-2026--2112","144","job-listing"
"https://www.searchsarkarinaukri.com/jobs/maharashtra-public-service-commission-maharashtra-public-service-commission-recruitment-2026-2026--2124","144","job-listing"
"https://www.searchsarkarinaukri.com/jobs/maharashtra-public-service-commission-mpsc-maharashtra-public-service-commission-mpsc-invites-2026--4420","145","job-listing"
"https://www.searchsarkarinaukri.com/jobs/maharashtra-public-service-commission-mpsc-revenue-and-forest-department-apply-for-1539-talathi-vill--3601","147","job-listing"
"https://www.searchsarkarinaukri.com/jobs/maharashtra-public-works-department-maha-pwd-apply-for-civil-engineer-electrical-engineer-2026--2575","141","job-listing"
"https://www.searchsarkarinaukri.com/jobs/maharashtra-real-estate-regulatory-authority-maharashtra-real-estate-regulatory-authority-2026--2595","141","job-listing"
"https://www.searchsarkarinaukri.com/jobs/maharashtra-real-estate-regulatory-authority-maharashtra-real-estate-regulatory-authority-2026-2026--2576","146","job-listing"
"https://www.searchsarkarinaukri.com/jobs/maharashtra-remote-sensing-application-center-maharashtra-remote-sensing-application-center-2026--2081","143","job-listing"
"https://www.searchsarkarinaukri.com/jobs/maharashtra-resident-commissioner-office-maharashtra-sadan-maharashtra-resident-commissioner-office--2329","146","job-listing"
"https://www.searchsarkarinaukri.com/jobs/maharashtra-social-justice-special-assistance-department-apply-for-4-section-officer-assistant-2026--3605","146","job-listing"
"https://www.searchsarkarinaukri.com/jobs/maharashtra-social-justice-special-assistance-department-apply-for-6-chb-teacher-english-2026--3204","140","job-listing"
"https://www.searchsarkarinaukri.com/jobs/maharashtra-state-aids-control-society-job-opening-at-maharashtra-state-aids-2026--4770","128","job-listing"
"https://www.searchsarkarinaukri.com/jobs/maharashtra-state-co-operative-election-authority-scea-pune-maharashtra-state-co-operative-election--3607","146","job-listing"
"https://www.searchsarkarinaukri.com/jobs/maharashtra-state-electricity-board-holding-company-limited-recruitment-notification-maharashtra-sta--4572","147","job-listing"
"https://www.searchsarkarinaukri.com/jobs/maharashtra-state-electricity-board-holding-company-ltd-recruitment-notification-maharashtra-state-e--1937","147","job-listing"
"https://www.searchsarkarinaukri.com/jobs/maharashtra-state-electricity-distribution-company-limited-mahadiscom-maharashtra-state-electricity--4060","146","job-listing"
"https://www.searchsarkarinaukri.com/jobs/maharashtra-state-electricity-distribution-company-limited-msedcl-maharashtra-state-electricity-dist--2413","147","job-listing"
"https://www.searchsarkarinaukri.com/jobs/maharashtra-state-electricity-distribution-company-limited-msedcl-maharashtra-state-electricity-dist--2685","147","job-listing"
"https://www.searchsarkarinaukri.com/jobs/maharashtra-state-electricity-distribution-company-limited-msedcl-maharashtra-state-electricity-dist--2778","147","job-listing"
"https://www.searchsarkarinaukri.com/jobs/maharashtra-state-electricity-distribution-company-limited-msedcl-maharashtra-state-electricity-dist--3201","147","job-listing"
"https://www.searchsarkarinaukri.com/jobs/maharashtra-state-electricity-distribution-company-ltd-msedcl-maharashtra-state-electricity-distribu--1935","147","job-listing"
"https://www.searchsarkarinaukri.com/jobs/maharashtra-state-electricity-transmission-co-ltd-mahatransco-maharashtra-state-electricity-transmis--4992","147","job-listing"
"https://www.searchsarkarinaukri.com/jobs/maharashtra-state-electricity-transmission-company-limited-mahatransco-maharashtra-state-electricity--3343","147","job-listing"
"https://www.searchsarkarinaukri.com/jobs/maharashtra-state-electricity-transmission-company-ltd-mahapareshan-msetcl-chandrapur-recruitment-20--1669","147","job-listing"
"https://www.searchsarkarinaukri.com/jobs/maharashtra-state-information-commission-apply-for-3-retired-group-a-2026--3833","120","job-listing"
"https://www.searchsarkarinaukri.com/jobs/maharashtra-state-information-commission-apply-for-3-under-secretary-legal-2026--4069","126","job-listing"
"https://www.searchsarkarinaukri.com/jobs/maharashtra-state-infrastructure-development-corporation-msidc-maharashtra-state-infrastructure-deve--2426","147","job-listing"
"https://www.searchsarkarinaukri.com/jobs/maharashtra-state-infrastructure-development-corporation-msidc-maharashtra-state-infrastructure-deve--2581","147","job-listing"
"https://www.searchsarkarinaukri.com/jobs/maharashtra-state-institute-of-hotel-management-and-catering-technology-pune-maharashtra-state-insti--2700","147","job-listing"
"https://www.searchsarkarinaukri.com/jobs/maharashtra-state-road-development-corporation-limited-maharashtra-state-road-development-corporatio--3700","147","job-listing"
"https://www.searchsarkarinaukri.com/jobs/maharashtra-state-road-transport-corporation-msrtc-maharashtra-state-road-transport-corporation-msrt--1794","147","job-listing"
"https://www.searchsarkarinaukri.com/jobs/maharashtra-state-rural-livelihoods-mission-umed-amravati-maharashtra-state-rural-livelihoods-missio--3395","147","job-listing"
"https://www.searchsarkarinaukri.com/jobs/maharashtra-state-rural-livelihoods-mission-umed-gadchiroli-maharashtra-state-rural-livelihoods-miss--4768","147","job-listing"
"https://www.searchsarkarinaukri.com/jobs/maharashtra-state-rural-livelihoods-mission-umed-satara-maharashtra-state-rural-livelihoods-mission--4314","146","job-listing"
"https://www.searchsarkarinaukri.com/jobs/maharashtra-state-security-corporation-maharashtra-state-security-corporation-2026--4537","129","job-listing"
"https://www.searchsarkarinaukri.com/jobs/maharashtra-state-security-corporation-maharashtra-state-security-corporation-2026--4582","129","job-listing"
"https://www.searchsarkarinaukri.com/jobs/maharashtra-state-security-corporation-mssc-recruitment-notification-maharashtra-state-security-corp--4597","147","job-listing"
"https://www.searchsarkarinaukri.com/jobs/maharashtra-state-tribal-development-department-apply-for-2421-primary-secondary-and-2026--4313","136","job-listing"
"https://www.searchsarkarinaukri.com/jobs/maharashtra-university-of-health-sciences-muhs-nashik-job-opening-at-maharashtra-university-of-2026--2701","146","job-listing"
"https://www.searchsarkarinaukri.com/jobs/maharashtra-university-of-health-sciences-nashik-job-openings-at-maharashtra-university-of-2026--1936","142","job-listing"
"https://www.searchsarkarinaukri.com/jobs/maharshi-karve-stree-shikshan-samstha-pune-maharshi-karve-stree-shikshan-samstha-pune-2026--4079","137","job-listing"
"https://www.searchsarkarinaukri.com/jobs/mahatma-gandhi-antarrashtriya-hindi-vishwavidyalaya-mahatma-gandhi-antarrashtriya-hindi-vishwavidyal--1454","147","job-listing"
"https://www.searchsarkarinaukri.com/jobs/mahatma-gandhi-institute-of-medical-sciences-sevagram-mahatma-gandhi-institute-of-medical-sciences-2--1869","147","job-listing"
"https://www.searchsarkarinaukri.com/jobs/mahatma-jyotirao-phule-jan-arogya-yojana-mjpjay-dharashiv-mahatma-jyotirao-phule-jan-arogya-yojana-2--2695","147","job-listing"
"https://www.searchsarkarinaukri.com/jobs/mahavitaran-bhusawal-bharti-2026-details-mahavitaran-bhusawal-bharti-2026-details-2026--3128","133","job-listing"
"https://www.searchsarkarinaukri.com/jobs/mahavitaran-jalgaon-bharti-2026-details-mahavitaran-jalgaon-bharti-2026-details-2026--3129","131","job-listing"
"https://www.searchsarkarinaukri.com/jobs/mahavitaran-pachora-bharti-2026-details-mahavitaran-pachora-bharti-2026-details-2026--3125","131","job-listing"
"https://www.searchsarkarinaukri.com/jobs/mahavitaran-raver-bharti-2026-details-mahavitaran-raver-bharti-2026-details-2026--3127","127","job-listing"
"https://www.searchsarkarinaukri.com/jobs/mahila-bal-vikas-vibhag-satara-department-of-women-and-child-development-satara-mahila-bal-vikas-vib--4120","147","job-listing"
"https://www.searchsarkarinaukri.com/jobs/malegaon-mahanagarpalika-malegaon-municipal-corporation-malegaon-mahanagarpalika-malegaon-municipal--4773","146","job-listing"
"https://www.searchsarkarinaukri.com/jobs/malkapur-municipal-council-satara-malkapur-municipal-council-satara-2026--3773","119","job-listing"
"https://www.searchsarkarinaukri.com/jobs/manganese-ore-india-limited-moil-job-opening-at-manganese-ore-india-2026--3831","119","job-listing"
"https://www.searchsarkarinaukri.com/jobs/manipur-ssc-special-primary-teacher-recruitment-2026-apply-online-for-80-posts--3999","125","job-listing"
"https://www.searchsarkarinaukri.com/jobs/maratha-vidya-prasarak-samaj-nashik-maratha-vidya-prasarak-samaj-nashik-2026--2381","123","job-listing"
"https://www.searchsarkarinaukri.com/jobs/matsyodari-shikshan-sanstha-jalna-matsyodari-shikshan-sanstha-jalna-2026--4658","119","job-listing"
"https://www.searchsarkarinaukri.com/jobs/mecl-executive-trainee-electrical-recruitment-2026-apply-online-for-1-post--4040","121","job-listing"
"https://www.searchsarkarinaukri.com/jobs/mecl-executive-trainee-mechanical-drilling-division-recruitment-2026-apply-online-for-5-posts--4043","140","job-listing"
"https://www.searchsarkarinaukri.com/jobs/mecl-executive-trainee-mechanical-procurement-contract-division-recruitment-2026-apply-online-for-5-posts--4041","152","job-listing"
"https://www.searchsarkarinaukri.com/jobs/mecl-executive-trainee-mechanical-store-disposal-division-recruitment-2026-apply-online-for-2-posts--4042","146","job-listing"
"https://www.searchsarkarinaukri.com/jobs/mineral-exploration-consultancy-limited-recruitment-for-the-post-of-executive-2026--4338","129","job-listing"
"https://www.searchsarkarinaukri.com/jobs/ministry-of-education-department-of-higher-education-ministry-of-education-department-2026--2744","137","job-listing"
"https://www.searchsarkarinaukri.com/jobs/ministry-of-education-department-of-higher-education-ministry-of-education-department-of-higher-2026--1833","147","job-listing"
"https://www.searchsarkarinaukri.com/jobs/ministry-of-information-and-broadcasting-ministry-of-information-and-broadcasting-2026--4950","133","job-listing"
"https://www.searchsarkarinaukri.com/jobs/ministry-of-ports-shipping-and-waterways-ministry-of-ports-shipping-2026--2477","119","job-listing"
"https://www.searchsarkarinaukri.com/jobs/mo-defence-do-defence-production-controllerate-of-quality-assurance-heavy-vehicles-deputation-for-th--3612","147","job-listing"
"https://www.searchsarkarinaukri.com/jobs/mo-finance-department-of-revenue-tax-policy-research-unit-recruitment-for-the-post-of-research-2026--3274","146","job-listing"
"https://www.searchsarkarinaukri.com/jobs/mpesb-assistant-accountant-recruitment-2026-apply-online-for-72-posts--4235","116","job-listing"
"https://www.searchsarkarinaukri.com/jobs/mpesb-assistant-public-relations-officer-recruitment-2026-apply-online-for-365-posts--4237","131","job-listing"
"https://www.searchsarkarinaukri.com/jobs/mpesb-assistant-quality-inspector-recruitment-2026-apply-online-for-24-posts--4241","123","job-listing"
"https://www.searchsarkarinaukri.com/jobs/mpesb-assistant-sub-inspector-recruitment-2026-apply-online-for-530-posts--4231","120","job-listing"
"https://www.searchsarkarinaukri.com/jobs/mpesb-rural-agriculture-extension-officer-recruitment-2026-apply-online-for-82-posts--4234","131","job-listing"
"https://www.searchsarkarinaukri.com/jobs/mpesb-rural-horticulture-extension-officer-recruitment-2026-apply-online-for-20-posts--4242","132","job-listing"
"https://www.searchsarkarinaukri.com/jobs/mpesb-senior-assistant-cum-computer-operator-recruitment-2026-apply-online-for-53-posts--4240","134","job-listing"
"https://www.searchsarkarinaukri.com/jobs/mpesb-statistical-investigator-recruitment-2026-apply-online-for-88-posts--4233","120","job-listing"
"https://www.searchsarkarinaukri.com/jobs/mpsc-group-c-services-combined-preliminary-examination-mpsc-group-c-services-combined-preliminary-20--2386","147","job-listing"
"https://www.searchsarkarinaukri.com/jobs/mpsc-group-c-services-combined-preliminary-examination-mpsc-group-c-services-combined-preliminary-20--3213","147","job-listing"
"https://www.searchsarkarinaukri.com/jobs/mrudu-and-jalsandharan-vibhag-department-of-soil-and-water-conservation-mrudu-and-jalsandharan-vibha--3196","147","job-listing"
"https://www.searchsarkarinaukri.com/jobs/mrudu-and-jalsandharan-vibhag-department-of-soil-and-water-conservation-mumbai-mrudu-and-jalsandhara--3162","147","job-listing"
"https://www.searchsarkarinaukri.com/jobs/mumbai-metropolitan-region-development-authority-apply-for-1-director-operation-post-2026--2980","136","job-listing"
"https://www.searchsarkarinaukri.com/jobs/mumbai-metropolitan-region-slum-rehabilitation-authorities-mumbai-metropolitan-region-slum-rehabilit--2145","147","job-listing"
"https://www.searchsarkarinaukri.com/jobs/mumbai-metropolitan-region-slum-rehabilitation-authorities-mumbai-metropolitan-region-slum-rehabilit--2354","147","job-listing"
"https://www.searchsarkarinaukri.com/jobs/mumbai-metropolitan-region-slum-rehabilitation-authorities-mumbai-metropolitan-region-slum-rehabilit--4139","147","job-listing"
"https://www.searchsarkarinaukri.com/jobs/mumbai-port-authority-mbpa-medical-department-mumbai-port-authority-recruitment-2026-2026--1682","136","job-listing"
"https://www.searchsarkarinaukri.com/jobs/mumbai-port-authority-mbpa-mumbai-port-authority-recruitment-2026-2026--1666","117","job-listing"
"https://www.searchsarkarinaukri.com/jobs/mumbai-port-authority-mbpa-mumbai-port-authority-recruitment-2026-2026--1677","117","job-listing"
"https://www.searchsarkarinaukri.com/jobs/mumbai-port-authority-mbpa-recruitment-notification-mumbai-port-authority-mbpa-2026--1866","130","job-listing"
"https://www.searchsarkarinaukri.com/jobs/mumbai-railway-development-corporation-ltd-mumbai-railway-development-corporation-ltd-2026--4017","137","job-listing"
"https://www.searchsarkarinaukri.com/jobs/mumbai-veterinary-college-mvc-mumbai-mafsu-mumbai-veterinary-college-mvc-mumbai-2026--3841","131","job-listing"
"https://www.searchsarkarinaukri.com/jobs/nabard-consultancy-services-nabcons-nabard-consultancy-services-nabcons-recruitment-2026-2026--2015","140","job-listing"
"https://www.searchsarkarinaukri.com/jobs/nabard-consultancy-services-nabcons-nabard-consultancy-services-nabcons-recruitment-2026-2026--2969","140","job-listing"
"https://www.searchsarkarinaukri.com/jobs/nagpur-mahanagarpalika-nagpur-municipal-corporation-nagpur-mahanagarpalika-nagpur-municipal-corporat--3197","147","job-listing"
"https://www.searchsarkarinaukri.com/jobs/nagpur-municipal-corporation-nagpur-mahanagarpalika-nagpur-municipal-corporation-nagpur-mahanagarpal--1872","147","job-listing"
"https://www.searchsarkarinaukri.com/jobs/nagpur-municipal-corporation-nagpur-mahanagarpalika-nagpur-municipal-corporation-nagpur-mahanagarpal--3265","147","job-listing"
"https://www.searchsarkarinaukri.com/jobs/nagpur-municipal-corporation-nagpur-mahanagarpalika-nagpur-municipal-corporation-nagpur-mahanagarpal--4476","147","job-listing"
"https://www.searchsarkarinaukri.com/jobs/nalco-national-aluminium-company-limited-recruitment-for-the-post-of-non-2026--1653","124","job-listing"
"https://www.searchsarkarinaukri.com/jobs/nashik-city-police-department-recruitment-notification-nashik-city-police-department-2026--4607","136","job-listing"
"https://www.searchsarkarinaukri.com/jobs/national-academy-of-agricultural-research-mangement-young-professional-two-2026--1861","126","job-listing"
"https://www.searchsarkarinaukri.com/jobs/national-academy-of-defence-production-national-academy-of-defence-production-2026--3031","129","job-listing"
"https://www.searchsarkarinaukri.com/jobs/national-academy-of-defence-production-recruitment-for-the-post-of-instructional-2026--2483","132","job-listing"
"https://www.searchsarkarinaukri.com/jobs/national-academy-of-defence-production-recruitment-for-the-post-of-library-2026--3273","126","job-listing"
"https://www.searchsarkarinaukri.com/jobs/national-ayush-mission-kolhapur-nam-kolhapur-recruitment-notification-national-ayush-mission-kolhapu--3064","147","job-listing"
"https://www.searchsarkarinaukri.com/jobs/national-backwad-classes-finance-and-development-corporation-managing-director-2026--1563","130","job-listing"
"https://www.searchsarkarinaukri.com/jobs/national-bank-for-agriculture-and-rural-development-sis-national-bank-for-agriculture-and-rural-2026--1919","147","job-listing"
"https://www.searchsarkarinaukri.com/jobs/national-bank-for-agriculture-rural-development-national-bank-for-agriculture-rural-2026--2110","135","job-listing"
"https://www.searchsarkarinaukri.com/jobs/national-bureau-of-plant-genetic-resources-national-bureau-of-plant-genetic-resources-2026--2299","137","job-listing"
"https://www.searchsarkarinaukri.com/jobs/national-centre-for-cold-chain-development-young-professional-operations-2026--1396","124","job-listing"
"https://www.searchsarkarinaukri.com/jobs/national-centre-of-radio-astrophysics-pune-recruitment-notification-national-centre-of-radio-2026--2013","144","job-listing"
"https://www.searchsarkarinaukri.com/jobs/national-commission-for-minorities-educational-institutions-recruitment-for-the-post-of-deputy-2026--1651","146","job-listing"
"https://www.searchsarkarinaukri.com/jobs/national-council-for-cooperative-training-ncct-recruitment-for-the-post-of-consultant-2026--4336","137","job-listing"
"https://www.searchsarkarinaukri.com/jobs/national-council-for-cooperative-training-ncct-recruitment-for-the-post-of-lecturers-2026--2725","136","job-listing"
"https://www.searchsarkarinaukri.com/jobs/national-crafts-museum-hastkala-academy-national-crafts-museum-hastkala-academy-2026--1736","131","job-listing"
"https://www.searchsarkarinaukri.com/jobs/national-disaster-management-authority-deputation-for-the-post-of-consultant-2026--1654","128","job-listing"
"https://www.searchsarkarinaukri.com/jobs/national-disaster-management-authority-deputation-for-the-post-of-senior-2026--1652","124","job-listing"
"https://www.searchsarkarinaukri.com/jobs/national-disaster-management-authority-deputation-for-the-post-of-senior-2026--1655","124","job-listing"
"https://www.searchsarkarinaukri.com/jobs/national-disaster-management-authority-deputation-for-the-post-of-senior-2026--1656","124","job-listing"
"https://www.searchsarkarinaukri.com/jobs/national-disaster-management-authority-deputation-for-the-post-of-senior-2026--1657","124","job-listing"
"https://www.searchsarkarinaukri.com/jobs/national-disaster-management-authority-deputation-for-the-post-of-senior-2026--1658","124","job-listing"
"https://www.searchsarkarinaukri.com/jobs/national-disaster-management-university-deputation-for-the-post-of-lead-2026--3611","123","job-listing"
"https://www.searchsarkarinaukri.com/jobs/national-dope-testing-laboratory-scientist-e-national-dope-testing-2026--1384","118","job-listing"
"https://www.searchsarkarinaukri.com/jobs/national-environmental-engineering-research-institute-csir-neeri-recruitment-2026-1-2026--1671","135","job-listing"
"https://www.searchsarkarinaukri.com/jobs/national-fertilizers-ltd-recruitment-of-field-representative-ndsc-center-2026--1527","124","job-listing"
"https://www.searchsarkarinaukri.com/jobs/national-film-development-corporation-limited-nfdc-apply-for-15-senior-programmer-junior-2026--3705","140","job-listing"
"https://www.searchsarkarinaukri.com/jobs/national-film-development-corporation-ltd-mumbai-apply-for-1-senior-executive-2026--4934","129","job-listing"
"https://www.searchsarkarinaukri.com/jobs/national-film-development-corporation-mumbai-national-film-development-corporation-mumbai-2026--3120","141","job-listing"
"https://www.searchsarkarinaukri.com/jobs/national-film-development-corporation-mumbai-national-film-development-corporation-mumbai-2026--3475","141","job-listing"
"https://www.searchsarkarinaukri.com/jobs/national-film-development-corporation-mumbai-national-film-development-corporation-mumbai-2026--4788","141","job-listing"
"https://www.searchsarkarinaukri.com/jobs/national-health-mission-chhatrapati-sambhajinagar-job-openings-at-national-health-mission-2026--2415","141","job-listing"
"https://www.searchsarkarinaukri.com/jobs/national-health-mission-kolhapur-national-health-mission-kolhapur-2026--1940","117","job-listing"
"https://www.searchsarkarinaukri.com/jobs/national-health-mission-mumbai-apply-for-28-regular-medical-health-2026--4595","118","job-listing"
"https://www.searchsarkarinaukri.com/jobs/national-health-mission-nagpur-job-openings-at-national-health-mission-2026--2428","122","job-listing"
"https://www.searchsarkarinaukri.com/jobs/national-health-mission-nhm-jalgaon-national-health-mission-nhm-jalgaon-recruitment-2026--2978","135","job-listing"
"https://www.searchsarkarinaukri.com/jobs/national-health-mission-ratnagiri-apply-for-4-medical-officer-mbbs-2026--3570","118","job-listing"
"https://www.searchsarkarinaukri.com/jobs/national-health-mission-solapur-recruitment-notification-national-health-mission-solapur-2026--2699","140","job-listing"
"https://www.searchsarkarinaukri.com/jobs/national-health-mission-thane-municipal-corporation-apply-for-13-full-time-medical-2026--3514","134","job-listing"
"https://www.searchsarkarinaukri.com/jobs/national-health-mission-zilla-parishad-dhule-apply-for-yoga-instructor-post-at-2026--1787","130","job-listing"
"https://www.searchsarkarinaukri.com/jobs/national-health-systems-resource-centre-consultant-community-processes-comprehensive-primary-healthc--1581","147","job-listing"
"https://www.searchsarkarinaukri.com/jobs/national-health-systems-resource-centre-junior-consultant-knowledge-management-division-nhsrc-2026--2852","145","job-listing"
"https://www.searchsarkarinaukri.com/jobs/national-health-systems-resource-centre-junior-consultant-nha-cell-bop-2026--1343","122","job-listing"
"https://www.searchsarkarinaukri.com/jobs/national-health-systems-resource-centre-lead-consultant-child-health-me-and-2026--2812","127","job-listing"
"https://www.searchsarkarinaukri.com/jobs/national-health-systems-resource-centre-lead-consultant-knowledge-management-division-2026--1292","137","job-listing"
"https://www.searchsarkarinaukri.com/jobs/national-health-systems-resource-centre-principal-team-lead-information-technology-division-2026--1528","143","job-listing"
"https://www.searchsarkarinaukri.com/jobs/national-health-systems-resource-centre-senior-consultant-community-processes-nhsrc-2026--2854","135","job-listing"
"https://www.searchsarkarinaukri.com/jobs/national-health-systems-resource-centre-senior-consultant-comprehensive-primary-healthcare-and-2026--2855","146","job-listing"
"https://www.searchsarkarinaukri.com/jobs/national-institute-of-design-assam-senior-assistant-finance-and-accounts-2026--1553","124","job-listing"
"https://www.searchsarkarinaukri.com/jobs/national-institute-of-translational-virology-and-aids-research-icmr-nitvar-icmr-nitvar-recruitment-2--1678","147","job-listing"
"https://www.searchsarkarinaukri.com/jobs/national-insurance-academy-pune-national-insurance-academy-pune-invites-applications-2026--2455","136","job-listing"
"https://www.searchsarkarinaukri.com/jobs/national-power-training-institute-recruitment-for-the-post-of-consultant-2026--1649","124","job-listing"
"https://www.searchsarkarinaukri.com/jobs/national-research-development-coporation-chairman-and-managing-director-2026--1519","123","job-listing"
"https://www.searchsarkarinaukri.com/jobs/national-textile-corporation-ltd-chairman-and-managing-director-ntcl-2026--1380","120","job-listing"
"https://www.searchsarkarinaukri.com/jobs/national-thermal-power-corporation-limited-national-thermal-power-corporation-limited-2026--1965","137","job-listing"
"https://www.searchsarkarinaukri.com/jobs/national-thermal-power-corporation-limited-national-thermal-power-corporation-limited-2026--2339","137","job-listing"
"https://www.searchsarkarinaukri.com/jobs/national-thermal-power-corporation-limited-national-thermal-power-corporation-limited-2026--2539","137","job-listing"
"https://www.searchsarkarinaukri.com/jobs/national-thermal-power-corporation-limited-national-thermal-power-corporation-limited-2026--3405","137","job-listing"
"https://www.searchsarkarinaukri.com/jobs/national-thermal-power-corporation-limited-national-thermal-power-corporation-limited-2026--4214","137","job-listing"
"https://www.searchsarkarinaukri.com/jobs/national-thermal-power-corporation-limited-national-thermal-power-corporation-limited-2026--4484","137","job-listing"
"https://www.searchsarkarinaukri.com/jobs/nav-sahyadri-charitable-trust-pune-nav-sahyadri-charitable-trust-pune-2026--2277","121","job-listing"
"https://www.searchsarkarinaukri.com/jobs/navi-mumbai-mahanagarpalika-navi-mumbai-municipal-corporation-job-openings-at-navi-mumbai-mahanagarp--1792","147","job-listing"
"https://www.searchsarkarinaukri.com/jobs/navi-mumbai-municipal-corporation-nmmc-job-openings-at-navi-mumbai-municipal-2026--2206","128","job-listing"
"https://www.searchsarkarinaukri.com/jobs/navi-mumbai-municipal-corporation-nmmc-job-openings-at-navi-mumbai-municipal-2026--2781","128","job-listing"
"https://www.searchsarkarinaukri.com/jobs/navi-mumbai-municipal-corporation-nmmc-job-openings-at-navi-mumbai-municipal-2026--3572","128","job-listing"
"https://www.searchsarkarinaukri.com/jobs/navodaya-vidyalaya-samiti-nvs-pune-region-navodaya-vidyalaya-samiti-nvs-pune-region-2026--2425","135","job-listing"
"https://www.searchsarkarinaukri.com/jobs/navodaya-vidyalaya-samiti-nvs-pune-region-navodaya-vidyalaya-samiti-nvs-pune-region-2026--3198","135","job-listing"
"https://www.searchsarkarinaukri.com/jobs/navsanjivan-shikshan-mandals-college-of-pharmacy-navsanjivan-shikshan-mandals-college-2026--4714","137","job-listing"
"https://www.searchsarkarinaukri.com/jobs/nawegaon-nagzira-tiger-reserve-forest-department-nawegaon-nagzira-tiger-reserve-forest-department-20--2418","147","job-listing"
"https://www.searchsarkarinaukri.com/jobs/nawegaon-nagzira-tiger-reserve-gondia-nawegaon-nagzira-tiger-reserve-gondia-2026--2384","127","job-listing"
"https://www.searchsarkarinaukri.com/jobs/nclt-senior-legal-assistant-recruitment-2026-apply-offline-for-20-posts--3187","118","job-listing"
"https://www.searchsarkarinaukri.com/jobs/nclt-stenographer-grade-i-personal-assistant-recruitment-2026-apply-offline-for-7-posts--3189","134","job-listing"
"https://www.searchsarkarinaukri.com/jobs/nellore-dccb-staff-assistant-recruitment-2026-apply-online-for-48-posts--4191","118","job-listing"
"https://www.searchsarkarinaukri.com/jobs/nfr-act-apprentice-recruitment-2026-alipurduar-division-apply-online-for-651-slots--4029","129","job-listing"
"https://www.searchsarkarinaukri.com/jobs/nfr-act-apprentice-recruitment-2026-dibrugarh-workshop-apply-online-for-763-slots--4034","128","job-listing"
"https://www.searchsarkarinaukri.com/jobs/nfr-act-apprentice-recruitment-2026-headquarters-maligaon-apply-online-for-495-slots--4035","131","job-listing"
"https://www.searchsarkarinaukri.com/jobs/nfr-act-apprentice-recruitment-2026-katihar-kir-tindharia-workshop-apply-online-for-1103-slots--4028","141","job-listing"
"https://www.searchsarkarinaukri.com/jobs/nfr-act-apprentice-recruitment-2026-lumding-division-apply-online-for-1274-slots--4031","127","job-listing"
"https://www.searchsarkarinaukri.com/jobs/nfr-act-apprentice-recruitment-2026-new-bongaigaon-workshop-engineering-workshop-apply-online-for-881-slots--4033","154","job-listing"
"https://www.searchsarkarinaukri.com/jobs/nfr-act-apprentice-recruitment-2026-rangiya-division-apply-online-for-750-slots--4030","126","job-listing"
"https://www.searchsarkarinaukri.com/jobs/nfr-act-apprentice-recruitment-2026-tinsukia-division-apply-online-for-860-slots--4032","127","job-listing"
"https://www.searchsarkarinaukri.com/jobs/nlc-india-computer-science-engineering-graduate-apprentice-recruitment-2026-apply-online--4059","135","job-listing"
"https://www.searchsarkarinaukri.com/jobs/nlc-india-engineering-graduate-apprentice-recruitment-2026-apply-online-for-302-training-slots--4054","141","job-listing"
"https://www.searchsarkarinaukri.com/jobs/nlc-india-mechanical-engineering-graduate-apprentice-recruitment-2026-apply-online--4058","129","job-listing"
"https://www.searchsarkarinaukri.com/jobs/nlc-india-non-engineering-graduate-apprentice-recruitment-2026-apply-online-for-313-training-slots--4053","145","job-listing"
"https://www.searchsarkarinaukri.com/jobs/nlc-india-technician-diploma-apprentice-recruitment-2026-apply-online-for-124-training-slots--4055","139","job-listing"
"https://www.searchsarkarinaukri.com/jobs/nlc-india-trade-iti-apprentice-recruitment-2026-apply-online-for-496-training-slots--4052","130","job-listing"
"https://www.searchsarkarinaukri.com/jobs/norrth-eastern-electric-power-corporation-executive-hr-corporate-communication-2026--2526","130","job-listing"
"https://www.searchsarkarinaukri.com/jobs/norrth-eastern-electric-power-corporation-junior-engineer-mechanical-2026--2046","120","job-listing"
"https://www.searchsarkarinaukri.com/jobs/northeast-frontier-railway-archery-sports-quota-recruitment-2026-apply-online-for-3-posts--3685","136","job-listing"
"https://www.searchsarkarinaukri.com/jobs/northeast-frontier-railway-athletics-sports-quota-recruitment-2026-apply-online-for-3-posts--3686","138","job-listing"
"https://www.searchsarkarinaukri.com/jobs/northeast-frontier-railway-badminton-sports-quota-recruitment-2026-apply-online-for-3-posts--3687","138","job-listing"
"https://www.searchsarkarinaukri.com/jobs/northeast-frontier-railway-basketball-sports-quota-recruitment-2026-apply-online-for-5-posts--3688","139","job-listing"
"https://www.searchsarkarinaukri.com/jobs/northeast-frontier-railway-boxing-sports-quota-recruitment-2026-apply-online-for-6-posts--3689","135","job-listing"
"https://www.searchsarkarinaukri.com/jobs/northeast-frontier-railway-cricket-sports-quota-recruitment-2026-apply-online-for-5-posts--3690","136","job-listing"
"https://www.searchsarkarinaukri.com/jobs/northeast-frontier-railway-football-sports-quota-recruitment-2026-apply-online-for-4-posts--3691","137","job-listing"
"https://www.searchsarkarinaukri.com/jobs/northeast-frontier-railway-golf-sports-quota-recruitment-2026-apply-online-for-2-posts--3692","133","job-listing"
"https://www.searchsarkarinaukri.com/jobs/northeast-frontier-railway-kabaddi-sports-quota-recruitment-2026-apply-online-for-4-posts--3693","136","job-listing"
"https://www.searchsarkarinaukri.com/jobs/northeast-frontier-railway-powerlifting-sports-quota-recruitment-2026-apply-online-for-3-posts--3694","141","job-listing"
"https://www.searchsarkarinaukri.com/jobs/northeast-frontier-railway-table-tennis-sports-quota-recruitment-2026-apply-online-for-4-posts--3695","141","job-listing"
"https://www.searchsarkarinaukri.com/jobs/northeast-frontier-railway-volleyball-sports-quota-recruitment-2026-apply-online-for-8-posts--3696","139","job-listing"
"https://www.searchsarkarinaukri.com/jobs/northeast-frontier-railway-weightlifting-sports-quota-recruitment-2026-apply-online-for-7-posts--3697","142","job-listing"
"https://www.searchsarkarinaukri.com/jobs/npcil-stipendiary-trainee-technician-technician-trades-recruitment-2026--3015","118","job-listing"
"https://www.searchsarkarinaukri.com/jobs/ntpc-deputy-manager-control-instrumentation-recruitment-2026-apply-online-for-40-posts--4185","133","job-listing"
"https://www.searchsarkarinaukri.com/jobs/ntpc-deputy-manager-electrical-recruitment-2026-apply-online-for-40-posts--4183","120","job-listing"
"https://www.searchsarkarinaukri.com/jobs/ntpc-deputy-manager-mechanical-recruitment-2026-apply-online-for-55-posts--4184","120","job-listing"
"https://www.searchsarkarinaukri.com/jobs/nuclear-power-corporation-of-india-limited-nuclear-power-corporation-of-india-limited-2026--2491","137","job-listing"
"https://www.searchsarkarinaukri.com/jobs/nuclear-power-corporation-of-india-limited-nuclear-power-corporation-of-india-limited-2026--2801","137","job-listing"
"https://www.searchsarkarinaukri.com/jobs/nuclear-power-corporation-of-india-limited-nuclear-power-corporation-of-india-limited-2026--4834","137","job-listing"
"https://www.searchsarkarinaukri.com/jobs/nutan-maharashtra-vidya-prasarak-mandal-pune-nutan-maharashtra-vidya-prasarak-mandal-pune-2026--3713","141","job-listing"
"https://www.searchsarkarinaukri.com/jobs/ongc-graduate-trainee-recruitment-2026-apply-online-for-geologists-engineers-posts--3194","129","job-listing"
"https://www.searchsarkarinaukri.com/jobs/ordnance-factory-chanda-ofch-munitions-india-limited-ordnance-factory-chanda-ofch-munitions-india-20--2121","147","job-listing"
"https://www.searchsarkarinaukri.com/jobs/ordnance-factory-hospital-bhandara-job-opening-at-ordnance-factory-hospital-2026--3199","127","job-listing"
"https://www.searchsarkarinaukri.com/jobs/ordnance-factory-hospital-chanda-of-hospital-chandrapur-job-opening-at-ordnance-factory-hospital-202--4064","147","job-listing"
"https://www.searchsarkarinaukri.com/jobs/ordnance-factory-hospital-dehuroad-pune-job-opening-at-ordnance-factory-hospital-2026--2214","132","job-listing"
"https://www.searchsarkarinaukri.com/jobs/pachora-peoples-co-op-bank-jalgaon-pachora-peoples-co-op-bank-jalgaon-2026--4670","121","job-listing"
"https://www.searchsarkarinaukri.com/jobs/panjabrao-deshmukh-krishi-vidyapeeth-akola-panjabrao-deshmukh-krishi-vidyapeeth-akola-2026--1754","137","job-listing"
"https://www.searchsarkarinaukri.com/jobs/panjabrao-deshmukh-krishi-vidyapeeth-akola-panjabrao-deshmukh-krishi-vidyapeeth-akola-2026--1944","137","job-listing"
"https://www.searchsarkarinaukri.com/jobs/panjabrao-deshmukh-krishi-vidyapeeth-akola-panjabrao-deshmukh-krishi-vidyapeeth-akola-2026--1975","137","job-listing"
"https://www.searchsarkarinaukri.com/jobs/panjabrao-deshmukh-krishi-vidyapeeth-akola-panjabrao-deshmukh-krishi-vidyapeeth-akola-2026--3532","137","job-listing"
"https://www.searchsarkarinaukri.com/jobs/panjabrao-deshmukh-krishi-vidyapeeth-akola-panjabrao-deshmukh-krishi-vidyapeeth-akola-2026--3718","137","job-listing"
"https://www.searchsarkarinaukri.com/jobs/panjabrao-deshmukh-krishi-vidyapeeth-akola-panjabrao-deshmukh-krishi-vidyapeeth-akola-2026--4213","137","job-listing"
"https://www.searchsarkarinaukri.com/jobs/pharate-patil-ayurvedic-medical-college-pharate-patil-ayurvedic-medical-college-2026--1740","131","job-listing"
"https://www.searchsarkarinaukri.com/jobs/pm-shree-jawahar-navodaya-vidyalaya-babhulgaon-akola-pm-shree-jawahar-navodaya-vidyalaya-babhulgaon--3067","146","job-listing"
"https://www.searchsarkarinaukri.com/jobs/pm-shree-kendriya-vidyalaya-no-1-devlali-nashik-recruitment-notification-pm-shree-kendriya-vidyalaya--3338","147","job-listing"
"https://www.searchsarkarinaukri.com/jobs/pm-shri-jawahar-navodaya-vidyalaya-wardha-pm-shri-jawahar-navodaya-vidyalaya-wardha-2026--2204","135","job-listing"
"https://www.searchsarkarinaukri.com/jobs/pm-shri-kendriya-vidyalaya-bhandup-mumbai-pm-shri-kendriya-vidyalaya-bhandup-mumbai-2026--2116","135","job-listing"
"https://www.searchsarkarinaukri.com/jobs/pm-shri-kendriya-vidyalaya-diat-girinagar-pune-pm-shri-kendriya-vidyalaya-diat-girinagar-2026--1785","140","job-listing"
"https://www.searchsarkarinaukri.com/jobs/pm-shri-kendriya-vidyalaya-diat-girinagar-pune-pm-shri-kendriya-vidyalaya-diat-girinagar-2026--1786","140","job-listing"
"https://www.searchsarkarinaukri.com/jobs/pm-shri-kendriya-vidyalaya-kamptee-pm-shri-kendriya-vidyalaya-kamptee-2026-2026--2326","126","job-listing"
"https://www.searchsarkarinaukri.com/jobs/pm-shri-kendriya-vidyalaya-kamptee-pm-shri-kendriya-vidyalaya-kamptee-2026-2026--3575","126","job-listing"
"https://www.searchsarkarinaukri.com/jobs/pm-shri-kendriya-vidyalaya-no-1-2-and-3-ahmednagar-pm-shri-kendriya-vidyalaya-no-1-2026--2773","134","job-listing"
"https://www.searchsarkarinaukri.com/jobs/pm-shri-kendriya-vidyalaya-south-command-and-army-area-pune-job-opening-at-pm-shri-kendriya-2026--4608","143","job-listing"
"https://www.searchsarkarinaukri.com/jobs/pm-shri-kendriya-vidyalaya-stc-bsf-chakur-pm-shri-kendriya-vidyalaya-stc-bsf-2026--4478","128","job-listing"
"https://www.searchsarkarinaukri.com/jobs/pm-shri-kendriya-vidyalaya-washim-pm-shri-kendriya-vidyalaya-washim-2026-2026--2586","124","job-listing"
"https://www.searchsarkarinaukri.com/jobs/pm-shri-school-jawahar-navodaya-vidyalaya-kannada-chhatrapati-sambhajinagar-apply-for-6-pgt-tgt-phys--3337","147","job-listing"
"https://www.searchsarkarinaukri.com/jobs/pm-shri-school-jawahar-navodaya-vidyalaya-palghar-pm-shri-school-jawahar-navodaya-vidyalaya-2026--2205","143","job-listing"
"https://www.searchsarkarinaukri.com/jobs/pm-shri-school-jawahar-navodaya-vidyalaya-solapur-job-openings-at-pm-shri-school-2026--2424","132","job-listing"
"https://www.searchsarkarinaukri.com/jobs/pm-shri-school-jawahar-navodaya-vidyalaya-tuljapur-dharashiv-pm-shri-school-jawahar-navodaya-vidyala--2106","147","job-listing"
"https://www.searchsarkarinaukri.com/jobs/pm-shri-school-jawahar-navodaya-vidyalaya-washim-pm-shri-school-jawahar-navodaya-vidyalaya-2026--2772","142","job-listing"
"https://www.searchsarkarinaukri.com/jobs/pm-shri-school-jawahar-navodaya-vidyalaya-washim-pm-shri-school-jawahar-navodaya-vidyalaya-2026--3573","142","job-listing"
"https://www.searchsarkarinaukri.com/jobs/pm-shri-school-jawahar-navodaya-vidyalaya-washim-recruitment-notification-pm-shri-school-jawahar-202--1939","147","job-listing"
"https://www.searchsarkarinaukri.com/jobs/pnb-local-bank-officer-recruitment-2026-andhra-pradesh-apply-online-for-4-posts--3319","126","job-listing"
"https://www.searchsarkarinaukri.com/jobs/pnb-local-bank-officer-recruitment-2026-arunachal-pradesh-apply-online-for-4-posts--3329","129","job-listing"
"https://www.searchsarkarinaukri.com/jobs/pnb-local-bank-officer-recruitment-2026-assam-apply-online-for-85-posts--3326","118","job-listing"
"https://www.searchsarkarinaukri.com/jobs/pnb-local-bank-officer-recruitment-2026-gujarat-apply-online-for-77-posts--3320","120","job-listing"
"https://www.searchsarkarinaukri.com/jobs/pnb-local-bank-officer-recruitment-2026-jammu-kashmir-apply-online-for-9-posts--3327","125","job-listing"
"https://www.searchsarkarinaukri.com/jobs/pnb-local-bank-officer-recruitment-2026-karnataka-apply-online-for-78-posts--3321","122","job-listing"
"https://www.searchsarkarinaukri.com/jobs/pnb-local-bank-officer-recruitment-2026-ladakh-apply-online-for-2-posts--3328","118","job-listing"
"https://www.searchsarkarinaukri.com/jobs/pnb-local-bank-officer-recruitment-2026-maharashtra-apply-online-for-67-posts--3322","124","job-listing"
"https://www.searchsarkarinaukri.com/jobs/pnb-local-bank-officer-recruitment-2026-manipur-apply-online-for-6-posts--3330","119","job-listing"
"https://www.searchsarkarinaukri.com/jobs/pnb-local-bank-officer-recruitment-2026-meghalaya-apply-online-for-8-posts--3331","121","job-listing"
"https://www.searchsarkarinaukri.com/jobs/pnb-local-bank-officer-recruitment-2026-mizoram-apply-online-for-5-posts--3332","119","job-listing"
"https://www.searchsarkarinaukri.com/jobs/pnb-local-bank-officer-recruitment-2026-nagaland-apply-online-for-5-posts--3333","120","job-listing"
"https://www.searchsarkarinaukri.com/jobs/pnb-local-bank-officer-recruitment-2026-sikkim-apply-online-for-5-posts--3334","118","job-listing"
"https://www.searchsarkarinaukri.com/jobs/pnb-local-bank-officer-recruitment-2026-tamil-nadu-apply-online-for-51-posts--3324","123","job-listing"
"https://www.searchsarkarinaukri.com/jobs/pnb-local-bank-officer-recruitment-2026-telangana-apply-online-for-41-posts--3323","122","job-listing"
"https://www.searchsarkarinaukri.com/jobs/pnb-local-bank-officer-recruitment-2026-tripura-apply-online-for-18-posts--3335","120","job-listing"
"https://www.searchsarkarinaukri.com/jobs/pnb-local-bank-officer-recruitment-2026-west-bengal-apply-online-for-80-posts--3325","124","job-listing"
"https://www.searchsarkarinaukri.com/jobs/power-grid-corporation-of-india-limited-power-grid-corporation-of-india-limited-2026--4996","131","job-listing"
"https://www.searchsarkarinaukri.com/jobs/power-grid-corporation-of-india-ltd-officer-trainee-company-secretary-2026--1375","121","job-listing"
"https://www.searchsarkarinaukri.com/jobs/powergrid-diploma-civil-apprentice-recruitment-2026-apply-online-for-35-posts--4985","124","job-listing"
"https://www.searchsarkarinaukri.com/jobs/powergrid-diploma-electrical-apprentice-recruitment-2026-apply-online-for-122-posts--4984","130","job-listing"
"https://www.searchsarkarinaukri.com/jobs/powergrid-graduate-civil-apprentice-recruitment-2026-apply-online-for-15-posts--4987","125","job-listing"
"https://www.searchsarkarinaukri.com/jobs/powergrid-graduate-electrical-apprentice-recruitment-2026-apply-online-for-34-posts--4986","130","job-listing"
"https://www.searchsarkarinaukri.com/jobs/powergrid-iti-electrician-apprentice-recruitment-2026-apply-online-for-64-posts--4983","126","job-listing"
"https://www.searchsarkarinaukri.com/jobs/prakasam-dccb-staff-assistant-recruitment-2026-apply-online-for-60-posts--4192","119","job-listing"
"https://www.searchsarkarinaukri.com/jobs/public-health-department-zilla-parishad-akola-job-opening-at-public-health-department-2026--2964","137","job-listing"
"https://www.searchsarkarinaukri.com/jobs/pune-district-education-association-pune-district-education-association-2026--2247","123","job-listing"
"https://www.searchsarkarinaukri.com/jobs/pune-district-education-association-pune-district-education-association-2026--2716","123","job-listing"
"https://www.searchsarkarinaukri.com/jobs/pune-district-education-association-pune-district-education-association-2026--3413","123","job-listing"
"https://www.searchsarkarinaukri.com/jobs/pune-district-education-association-pune-district-education-association-2026--4377","123","job-listing"
"https://www.searchsarkarinaukri.com/jobs/pune-metropolitan-region-development-authority-job-openings-at-pune-metropolitan-region-2026--2210","139","job-listing"
"https://www.searchsarkarinaukri.com/jobs/pune-municipal-corporation-pmc-apply-for-114-mulani-junior-engineer-2026--2570","119","job-listing"
"https://www.searchsarkarinaukri.com/jobs/pune-municipal-corporation-pmc-apply-for-13-senior-database-engineer-2026--1769","120","job-listing"
"https://www.searchsarkarinaukri.com/jobs/railtel-apprentice-recruitment-2026-eastern-india-locations-apply-online--3887","119","job-listing"
"https://www.searchsarkarinaukri.com/jobs/railtel-apprentice-recruitment-2026-karnataka-tamil-nadu-locations-apply-online--3889","126","job-listing"
"https://www.searchsarkarinaukri.com/jobs/railtel-apprentice-recruitment-2026-new-delhi-gurgaon-locations-apply-online--3881","123","job-listing"
"https://www.searchsarkarinaukri.com/jobs/railtel-apprentice-recruitment-2026-north-india-locations-apply-online--3884","117","job-listing"
"https://www.searchsarkarinaukri.com/jobs/railtel-apprentice-recruitment-2026-telangana-andhra-pradesh-locations-apply-online--3888","130","job-listing"
"https://www.searchsarkarinaukri.com/jobs/railtel-apprentice-recruitment-2026-uttar-pradesh-locations-apply-online--3883","119","job-listing"
"https://www.searchsarkarinaukri.com/jobs/railtel-apprentice-recruitment-2026-west-bengal-locations-apply-online--3885","117","job-listing"
"https://www.searchsarkarinaukri.com/jobs/railtel-apprentice-recruitment-2026-western-india-locations-apply-online--3890","119","job-listing"
"https://www.searchsarkarinaukri.com/jobs/railway-recruitment-board-rrb-assistant-loco-pilot-recruitment-2024-cen-012024-2026--1420","130","job-listing"
"https://www.searchsarkarinaukri.com/jobs/railway-recruitment-board-rrb-assistant-loco-pilot-recruitment-2025-cen-012025-2026--1412","130","job-listing"
"https://www.searchsarkarinaukri.com/jobs/railway-recruitment-board-rrb-assistant-loco-pilot-recruitment-2026-cen-012026-2026--1403","130","job-listing"
"https://www.searchsarkarinaukri.com/jobs/railway-recruitment-board-rrb-isolated-category-posts-recruitment-2025-2026--1405","122","job-listing"
"https://www.searchsarkarinaukri.com/jobs/railway-recruitment-board-rrb-ministerial-isolated-category-posts-2026--1414","117","job-listing"
"https://www.searchsarkarinaukri.com/jobs/railway-recruitment-board-rrb-ministerial-isolated-category-posts-2026--1421","117","job-listing"
"https://www.searchsarkarinaukri.com/jobs/railway-recruitment-board-rrb-ntpc-graduate-posts-recruitment-2024-cen-052024-2026--1416","129","job-listing"
"https://www.searchsarkarinaukri.com/jobs/railway-recruitment-board-rrb-ntpc-graduate-posts-recruitment-2025-cen-062025-2026--1407","129","job-listing"
"https://www.searchsarkarinaukri.com/jobs/railway-recruitment-board-rrb-ntpc-non-technical-popular-categories-2026--1423","119","job-listing"
"https://www.searchsarkarinaukri.com/jobs/railway-recruitment-board-rrb-ntpc-undergraduate-posts-recruitment-2024-cen-062024-2026--1415","134","job-listing"
"https://www.searchsarkarinaukri.com/jobs/railway-recruitment-board-rrb-ntpc-undergraduate-posts-recruitment-2025-cen-072025-2026--1406","134","job-listing"
"https://www.searchsarkarinaukri.com/jobs/railway-recruitment-board-rrb-paramedical-posts-recruitment-2019-cen-022019-2026--1422","127","job-listing"
"https://www.searchsarkarinaukri.com/jobs/railway-recruitment-board-rrb-paramedical-posts-recruitment-2024-cen-042024-2026--1417","127","job-listing"
"https://www.searchsarkarinaukri.com/jobs/railway-recruitment-board-rrb-paramedical-posts-recruitment-2025-cen-032025-2026--1410","127","job-listing"
"https://www.searchsarkarinaukri.com/jobs/railway-recruitment-board-rrb-paylevel-1-group-d-posts-recruitment-2026--1425","118","job-listing"
"https://www.searchsarkarinaukri.com/jobs/railway-recruitment-board-rrb-recruitment-notification-railway-recruitment-board-rrb-2026--2579","136","job-listing"
"https://www.searchsarkarinaukri.com/jobs/railway-recruitment-board-rrb-recruitment-notification-railway-recruitment-board-rrb-2026--3390","136","job-listing"
"https://www.searchsarkarinaukri.com/jobs/railway-recruitment-board-rrb-recruitment-notification-railway-recruitment-board-rrb-2026--4594","136","job-listing"
"https://www.searchsarkarinaukri.com/jobs/railway-recruitment-board-rrb-section-controller-recruitment-2025-cen-042025-2026--1409","128","job-listing"
"https://www.searchsarkarinaukri.com/jobs/railway-recruitment-board-rrb-technicians-recruitment-2024-cen-022024-2026--1419","121","job-listing"
"https://www.searchsarkarinaukri.com/jobs/railway-recruitment-board-rrb-technicians-recruitment-2025-cen-022025-2026--1411","121","job-listing"
"https://www.searchsarkarinaukri.com/jobs/rajarambapu-sahakari-bank-ltd-sangli-rajarambapu-sahakari-bank-ltd-sangli-2026--3526","125","job-listing"
"https://www.searchsarkarinaukri.com/jobs/rashtrasant-tukdoji-maharaj-nagpur-university-apply-for-139-assistant-professor-posts-2026--3701","137","job-listing"
"https://www.searchsarkarinaukri.com/jobs/rashtriya-chemicals-and-fertilizers-limited-assistant-engineer-electrical-2026--2723","125","job-listing"
"https://www.searchsarkarinaukri.com/jobs/rashtriya-chemicals-and-fertilizers-limited-job-openings-at-rashtriya-chemicals-and-2026--2422","135","job-listing"
"https://www.searchsarkarinaukri.com/jobs/rashtriya-chemicals-and-fertilizers-limited-job-openings-at-rashtriya-chemicals-and-2026--4994","135","job-listing"
"https://www.searchsarkarinaukri.com/jobs/rashtriya-chemicals-and-fertilizers-limited-mumbai-rcfl-mumbai-recruitment-2026-46-2026--1665","134","job-listing"
"https://www.searchsarkarinaukri.com/jobs/rashtriya-chemicals-and-fertilizers-limited-rcf-recruitment-2026-46-honorary-2026--1680","128","job-listing"
"https://www.searchsarkarinaukri.com/jobs/rashtriya-chemicals-and-fertilizers-limited-senior-engineer-civil-2026--2480","117","job-listing"
"https://www.searchsarkarinaukri.com/jobs/rcfl-management-trainee-boiler-recruitment-2026-apply-online-for-6-posts--3983","119","job-listing"
"https://www.searchsarkarinaukri.com/jobs/rcfl-management-trainee-cc-lab-recruitment-2026-apply-online-for-1-post--3990","118","job-listing"
"https://www.searchsarkarinaukri.com/jobs/rcfl-management-trainee-chemical-recruitment-2026-apply-online-for-32-posts--3982","122","job-listing"
"https://www.searchsarkarinaukri.com/jobs/rcfl-management-trainee-civil-recruitment-2026-apply-online-for-1-post--3988","117","job-listing"
"https://www.searchsarkarinaukri.com/jobs/rcfl-management-trainee-electrical-recruitment-2026-apply-online-for-10-posts--3985","124","job-listing"
"https://www.searchsarkarinaukri.com/jobs/rcfl-management-trainee-finance-recruitment-2026-apply-online-for-10-posts--3994","121","job-listing"
"https://www.searchsarkarinaukri.com/jobs/rcfl-management-trainee-fire-recruitment-2026-apply-online-for-1-post--3989","116","job-listing"
"https://www.searchsarkarinaukri.com/jobs/rcfl-management-trainee-industrial-engineering-recruitment-2026-apply-online-for-2-posts--3991","135","job-listing"
"https://www.searchsarkarinaukri.com/jobs/rcfl-management-trainee-information-technology-recruitment-2026-apply-online-for-5-posts--3992","135","job-listing"
"https://www.searchsarkarinaukri.com/jobs/rcfl-management-trainee-instrumentation-recruitment-2026-apply-online-for-9-posts--3986","128","job-listing"
"https://www.searchsarkarinaukri.com/jobs/rcfl-management-trainee-marketing-recruitment-2026-apply-online-for-10-posts--3995","123","job-listing"
"https://www.searchsarkarinaukri.com/jobs/rcfl-management-trainee-materials-recruitment-2026-apply-online-for-1-post--3987","121","job-listing"
"https://www.searchsarkarinaukri.com/jobs/rcfl-management-trainee-mechanical-recruitment-2026-apply-online-for-4-posts--3984","123","job-listing"
"https://www.searchsarkarinaukri.com/jobs/rcfl-management-trainee-rajbhasha-recruitment-2026-apply-online-for-2-posts--3993","122","job-listing"
"https://www.searchsarkarinaukri.com/jobs/rcsm-agriculture-college-kolhapur-rcsm-agriculture-college-kolhapur-2026--2501","119","job-listing"
"https://www.searchsarkarinaukri.com/jobs/rcsm-agriculture-college-kolhapur-rcsm-agriculture-college-kolhapur-2026--2875","119","job-listing"
"https://www.searchsarkarinaukri.com/jobs/regional-ayurveda-research-institute-for-mother-and-child-health-nagpur-regional-ayurveda-research-i--2215","147","job-listing"
"https://www.searchsarkarinaukri.com/jobs/reserve-bank-of-india-recruitment-notification-reserve-bank-of-india-2026--2123","120","job-listing"
"https://www.searchsarkarinaukri.com/jobs/rites-deputy-general-manager-joint-program-manager-recruitment-2026-apply-online-for-1-post--4114","138","job-listing"
"https://www.searchsarkarinaukri.com/jobs/rites-senior-manager-cyber-security-expert-recruitment-2026-apply-online-for-1-post--4115","130","job-listing"
"https://www.searchsarkarinaukri.com/jobs/rvunl-junior-engineer-civil-recruitment-2026-apply-online-for-32-posts--3373","117","job-listing"
"https://www.searchsarkarinaukri.com/jobs/rvunl-junior-engineer-electrical-recruitment-2026-apply-online-for-727-posts--3371","123","job-listing"
"https://www.searchsarkarinaukri.com/jobs/rvunl-junior-engineer-mechanical-recruitment-2026-apply-online-for-110-posts--3372","123","job-listing"
"https://www.searchsarkarinaukri.com/jobs/sail-rsp-diploma-graduate-apprentice-ceramic-technology-recruitment-2026--4446","119","job-listing"
"https://www.searchsarkarinaukri.com/jobs/sail-rsp-diploma-graduate-apprentice-computer-science-recruitment-2026--4449","117","job-listing"
"https://www.searchsarkarinaukri.com/jobs/sail-rsp-diploma-graduate-apprentice-electronics-communication-recruitment-2026--4466","126","job-listing"
"https://www.searchsarkarinaukri.com/jobs/sail-rsp-diploma-graduate-apprentice-electronics-telecommunication-recruitment-2026--4454","130","job-listing"
"https://www.searchsarkarinaukri.com/jobs/sail-rsp-diploma-graduate-apprentice-information-technology-recruitment-2026--4455","123","job-listing"
"https://www.searchsarkarinaukri.com/jobs/sail-rsp-diploma-graduate-apprentice-mechanical-mechatronics-recruitment-2026--4452","124","job-listing"
"https://www.searchsarkarinaukri.com/jobs/sail-rsp-graduate-apprentice-bachelor-of-business-administration-recruitment-2026--4464","128","job-listing"
"https://www.searchsarkarinaukri.com/jobs/sail-rsp-graduate-apprentice-bachelor-of-computer-application-recruitment-2026--4463","125","job-listing"
"https://www.searchsarkarinaukri.com/jobs/sail-rsp-graduate-apprentice-electronics-communication-recruitment-2026--4457","118","job-listing"
"https://www.searchsarkarinaukri.com/jobs/sail-rsp-graduate-apprentice-electronics-instrumentation-recruitment-2026--4458","120","job-listing"
"https://www.searchsarkarinaukri.com/jobs/sail-rsp-graduate-apprentice-electronics-instrumentation-recruitment-2026--4467","120","job-listing"
"https://www.searchsarkarinaukri.com/jobs/sail-rsp-trade-apprentice-manufacturing-process-control-automation-recruitment-2026--4445","130","job-listing"
"https://www.searchsarkarinaukri.com/jobs/sail-rsp-trade-apprentice-mechanic-refrigeration-and-ac-recruitment-2026--4439","119","job-listing"
"https://www.searchsarkarinaukri.com/jobs/sainik-school-chandrapur-job-openings-at-sainik-school-chandrapur-2026--2105","117","job-listing"
"https://www.searchsarkarinaukri.com/jobs/sangli-mahanagarpalika-bharti-2026-smkm-sangli-mahanagarpalika-bharti-2026-2026--2506","126","job-listing"
"https://www.searchsarkarinaukri.com/jobs/sangli-mahanagarpalika-bharti-2026-smkm-sangli-mahanagarpalika-bharti-2026-2026--2550","126","job-listing"
"https://www.searchsarkarinaukri.com/jobs/sangli-miraj-kupwad-city-municipal-corporation-recruitment-notification-sangli-miraj-kupwad-city-202--2580","147","job-listing"
"https://www.searchsarkarinaukri.com/jobs/sanjay-gandhi-national-park-sgnp-maharashtra-sanjay-gandhi-national-park-sgnp-maharashtra-2026--4599","141","job-listing"
"https://www.searchsarkarinaukri.com/jobs/savitribai-phule-mahila-mahavidyalaya-savitribai-phule-mahila-mahavidyalaya-2026--2233","127","job-listing"
"https://www.searchsarkarinaukri.com/jobs/sbi-deputy-chief-technology-officer-enterprise-architecture-recruitment-2026--4628","123","job-listing"
"https://www.searchsarkarinaukri.com/jobs/sbi-deputy-vice-president-citizen-centric-initiatives-recruitment-2026--4621","117","job-listing"
"https://www.searchsarkarinaukri.com/jobs/sbi-deputy-vice-president-cyber-innovation-simulation-lab-recruitment-2026--4620","121","job-listing"
"https://www.searchsarkarinaukri.com/jobs/secondary-training-college-mumbai-secondary-training-college-mumbai-2026--1831","119","job-listing"
"https://www.searchsarkarinaukri.com/jobs/securities-and-exchange-board-of-india-securities-and-exchange-board-2026--1723","120","job-listing"
"https://www.searchsarkarinaukri.com/jobs/securities-and-exchange-board-of-india-securities-and-exchange-board-2026--4590","120","job-listing"
"https://www.searchsarkarinaukri.com/jobs/security-guard-board-chandrapur-chandrapur-jilha-suraksha-rakshak-board-recruitment-notification-sec--2777","147","job-listing"
"https://www.searchsarkarinaukri.com/jobs/security-printing-and-minting-corporation-of-india-limited-security-printing-and-minting-corporation--3311","147","job-listing"
"https://www.searchsarkarinaukri.com/jobs/serious-fraud-investigation-office-serious-fraud-investigation-office-2026--1980","121","job-listing"
"https://www.searchsarkarinaukri.com/jobs/serious-fraud-investigation-office-serious-fraud-investigation-office-2026--3765","121","job-listing"
"https://www.searchsarkarinaukri.com/jobs/shipping-corporation-of-india-limited-recruitment-notification-shipping-corporation-of-india-2026--3158","144","job-listing"
"https://www.searchsarkarinaukri.com/jobs/shirur-shikshan-prasarkar-mandal-pune-shirur-shikshan-prasarkar-mandal-pune-2026--4328","127","job-listing"
"https://www.searchsarkarinaukri.com/jobs/shivaji-education-society-amravati-shivaji-education-society-amravati-2026--1955","121","job-listing"
"https://www.searchsarkarinaukri.com/jobs/shivaji-education-society-amravati-shivaji-education-society-amravati-2026--2231","121","job-listing"
"https://www.searchsarkarinaukri.com/jobs/shivpratap-nagari-co-op-credit-society-shivpratap-nagari-co-op-credit-society-2026--1757","129","job-listing"
"https://www.searchsarkarinaukri.com/jobs/shree-mahalakshmi-nagari-sahakari-patsanstha-shree-mahalakshmi-nagari-sahakari-patsanstha-2026--4487","141","job-listing"
"https://www.searchsarkarinaukri.com/jobs/shree-vile-parle-kelavani-mandal-shree-vile-parle-kelavani-mandal-2026--1945","117","job-listing"
"https://www.searchsarkarinaukri.com/jobs/shri-saikrupa-kisan-education-society-shri-saikrupa-kisan-education-society-2026--2458","127","job-listing"
"https://www.searchsarkarinaukri.com/jobs/shri-shahu-shikshan-prasarak-mandal-shri-shahu-shikshan-prasarak-mandal-2026--1988","123","job-listing"
"https://www.searchsarkarinaukri.com/jobs/shri-shivaji-shikshan-prasarak-mandal-solapur-shri-shivaji-shikshan-prasarak-2026--4265","128","job-listing"
"https://www.searchsarkarinaukri.com/jobs/shri-shivaji-shikshan-prasarak-mandal-solapur-shri-shivaji-shikshan-prasarak-2026--4333","128","job-listing"
"https://www.searchsarkarinaukri.com/jobs/shri-venkatesh-multistate-co-op-credit-society-pune-shri-venkatesh-multistate-co-op-credit-society-2--2074","147","job-listing"
"https://www.searchsarkarinaukri.com/jobs/shs-bihar-md-medicine-physician-recruitment-2026-apply-online-for-60-posts--4253","121","job-listing"
"https://www.searchsarkarinaukri.com/jobs/shs-bihar-obstetrician-gynaecologist-recruitment-2026-apply-online-for-94-posts--4252","126","job-listing"
"https://www.searchsarkarinaukri.com/jobs/shs-bihar-orthopaedic-surgeon-recruitment-2026-apply-online-for-22-posts--4255","119","job-listing"
"https://www.searchsarkarinaukri.com/jobs/sidbi-consultant-credit-analyst-recruitment-2026-apply-online-for-50-posts--3379","121","job-listing"
"https://www.searchsarkarinaukri.com/jobs/sindhudurg-district-central-co-op-bank-sindhudurg-district-central-co-op-bank-2026--4838","129","job-listing"
"https://www.searchsarkarinaukri.com/jobs/sir-central-food-technological-research-institute-engagement-to-project-associate-i-2026--1637","135","job-listing"
"https://www.searchsarkarinaukri.com/jobs/sir-central-food-technological-research-institute-engagement-to-project-associate-i-2026--2407","135","job-listing"
"https://www.searchsarkarinaukri.com/jobs/sir-central-food-technological-research-institute-engagement-to-project-associate-i-2026--2680","135","job-listing"
"https://www.searchsarkarinaukri.com/jobs/sir-central-food-technological-research-institute-engagement-to-project-associate-i-2026--2682","135","job-listing"
"https://www.searchsarkarinaukri.com/jobs/sir-central-food-technological-research-institute-engagement-to-project-associate-ii-2026--1359","136","job-listing"
"https://www.searchsarkarinaukri.com/jobs/sjvn-deputy-manager-chemical-recruitment-2026-apply-online-for-1-post--3879","116","job-listing"
"https://www.searchsarkarinaukri.com/jobs/sjvn-deputy-manager-electrical-recruitment-2026-apply-online-for-3-posts--3875","119","job-listing"
"https://www.searchsarkarinaukri.com/jobs/sjvn-deputy-manager-mechanical-recruitment-2026-apply-online-for-3-posts--3873","119","job-listing"
"https://www.searchsarkarinaukri.com/jobs/solapur-municipal-corporation-solapur-mahanagarpalika-recruitment-notification-solapur-municipal-cor--3161","147","job-listing"
"https://www.searchsarkarinaukri.com/jobs/solapur-science-center-solapur-vigyan-kendra-job-openings-at-solapur-science-center-2026--2696","135","job-listing"
"https://www.searchsarkarinaukri.com/jobs/south-east-central-railway-nagpur-job-openings-at-south-east-central-2026--2689","120","job-listing"
"https://www.searchsarkarinaukri.com/jobs/south-east-central-railway-nagpur-job-openings-at-south-east-central-2026--3577","120","job-listing"
"https://www.searchsarkarinaukri.com/jobs/specialist-grade-iii-assistant-professor-clinical-hematology-recruitment-2026--3043","124","job-listing"
"https://www.searchsarkarinaukri.com/jobs/specialist-grade-iii-assistant-professor-endocrinology-recruitment-2026--3044","118","job-listing"
"https://www.searchsarkarinaukri.com/jobs/specialist-grade-iii-assistant-professor-neonatology-recruitment-2026--3045","116","job-listing"
"https://www.searchsarkarinaukri.com/jobs/specialist-grade-iii-assistant-professor-nuclear-medicine-recruitment-2026--3046","121","job-listing"
"https://www.searchsarkarinaukri.com/jobs/specialist-grade-iii-assistant-professor-paediatric-cardiology-recruitment-2026--3048","126","job-listing"
"https://www.searchsarkarinaukri.com/jobs/specialist-grade-iii-assistant-professor-pulmonary-medicine-recruitment-2026--3047","123","job-listing"
"https://www.searchsarkarinaukri.com/jobs/specialist-grade-iii-assistant-professor-surgical-gastroenterology-recruitment-2026--3049","130","job-listing"
"https://www.searchsarkarinaukri.com/jobs/spicer-adventist-university-pune-spicer-adventist-university-pune-2026--2276","117","job-listing"
"https://www.searchsarkarinaukri.com/jobs/ssc-aso-recruitment-2026-apply-online-for-341-assistant-section-officer-assistant-posts--2943","134","job-listing"
"https://www.searchsarkarinaukri.com/jobs/ssc-junior-secretariat-assistant-jsa-lower-division-clerk-ldc-recruitment-2026--2946","125","job-listing"
"https://www.searchsarkarinaukri.com/jobs/ssc-junior-secretariat-assistant-jsa-lower-division-clerk-ldc-recruitment-2026--3019","125","job-listing"
"https://www.searchsarkarinaukri.com/jobs/steel-authority-of-india-limited-steel-authority-of-india-limited-2026--3245","117","job-listing"
"https://www.searchsarkarinaukri.com/jobs/svkms-college-of-engineering-shirpur-svkms-college-of-engineering-shirpur-2026--2349","125","job-listing"
"https://www.searchsarkarinaukri.com/jobs/svnirtar-assistant-professor-special-education-recruitment-2026-apply-online-for-1-post--3231","134","job-listing"
"https://www.searchsarkarinaukri.com/jobs/svnirtar-associate-professor-clinical-psychology-recruitment-2026-apply-online-for-1-post--3230","136","job-listing"
"https://www.searchsarkarinaukri.com/jobs/svnirtar-associate-professor-speech-language-pathology-audiology-recruitment-2026-apply-online-for-1-post--3229","152","job-listing"
"https://www.searchsarkarinaukri.com/jobs/svnirtar-laboratory-technician-grade-i-recruitment-2026-apply-online-for-1-post--3243","126","job-listing"
"https://www.searchsarkarinaukri.com/jobs/svnirtar-lecturer-occupational-therapy-recruitment-2026-apply-online-for-1-post--3232","126","job-listing"
"https://www.searchsarkarinaukri.com/jobs/svnirtar-prosthetist-orthotist-recruitment-2026-apply-online-for-1-post--3234","118","job-listing"
"https://www.searchsarkarinaukri.com/jobs/svnirtar-radiographer-grade-i-recruitment-2026-apply-online-for-1-post--3242","117","job-listing"
"https://www.searchsarkarinaukri.com/jobs/svnirtar-rehabilitation-officer-recruitment-2026-apply-online-for-1-post--3233","119","job-listing"
"https://www.searchsarkarinaukri.com/jobs/svnirtar-senior-stenographer-recruitment-2026-apply-online-for-1-post--3241","116","job-listing"
"https://www.searchsarkarinaukri.com/jobs/svnirtar-special-educator-orientation-mobility-instructor-recruitment-2026-apply-online-for-1-post--3235","145","job-listing"
"https://www.searchsarkarinaukri.com/jobs/svnirtar-speech-pathologist-audiologist-grade-ii-recruitment-2026-apply-online-for-1-post--3236","136","job-listing"
"https://www.searchsarkarinaukri.com/jobs/svnirtar-workshop-supervisor-cum-store-keeper-recruitment-2026-apply-online-for-1-post--3239","133","job-listing"
"https://www.searchsarkarinaukri.com/jobs/svpuat-programme-assistant-computer-recruitment-2026-apply-online-for-7-posts--4037","124","job-listing"
"https://www.searchsarkarinaukri.com/jobs/svpuat-programme-assistant-lab-technician-recruitment-2026-apply-online-for-11-posts--4038","131","job-listing"
"https://www.searchsarkarinaukri.com/jobs/swami-ramanand-teerth-marathwada-university-nanded-swami-ramanand-teerth-marathwada-university-nande--3208","147","job-listing"
"https://www.searchsarkarinaukri.com/jobs/tadoba-andhari-tiger-reserve-conservation-forest-department-chandrapur-tadoba-andhari-tiger-reserve--2869","146","job-listing"
"https://www.searchsarkarinaukri.com/jobs/tadoba-andhari-tiger-reserve-conservation-forest-department-chandrapur-tadoba-andhari-tiger-reserve--3065","146","job-listing"
"https://www.searchsarkarinaukri.com/jobs/tata-institute-of-fundamental-research-administrative-assistant-b-2026--2101","117","job-listing"
"https://www.searchsarkarinaukri.com/jobs/tata-institute-of-fundamental-research-mumbai-apply-for-2-project-associate-2026--4068","127","job-listing"
"https://www.searchsarkarinaukri.com/jobs/tata-institute-of-fundamental-research-mumbai-apply-for-5-project-assistant-project-2026--1875","135","job-listing"
"https://www.searchsarkarinaukri.com/jobs/tata-institute-of-fundamental-research-mumbai-job-openings-at-tata-institute-of-2026--2016","131","job-listing"
"https://www.searchsarkarinaukri.com/jobs/tata-institute-of-fundamental-research-mumbai-job-openings-at-tata-institute-of-2026--2109","131","job-listing"
"https://www.searchsarkarinaukri.com/jobs/tata-institute-of-fundamental-research-mumbai-job-openings-at-tata-institute-of-2026--2333","131","job-listing"
"https://www.searchsarkarinaukri.com/jobs/tata-institute-of-fundamental-research-mumbai-job-openings-at-tata-institute-of-2026--3341","131","job-listing"
"https://www.searchsarkarinaukri.com/jobs/tata-institute-of-fundamental-research-project-administrative-assistant-b-2026--2086","125","job-listing"
"https://www.searchsarkarinaukri.com/jobs/tata-institute-of-fundamental-research-project-junior-engineer-b-civil-2026--2566","122","job-listing"
"https://www.searchsarkarinaukri.com/jobs/tata-institute-of-fundamental-research-supervisor-cosmetics-maintenance-2026--2100","123","job-listing"
"https://www.searchsarkarinaukri.com/jobs/tata-institute-of-fundamental-research-tradesman-b-technician-mechatronics-2026--2096","126","job-listing"
"https://www.searchsarkarinaukri.com/jobs/tata-institute-of-fundamental-research-work-assistant-technical-air-conditioning-2026--2091","132","job-listing"
"https://www.searchsarkarinaukri.com/jobs/tata-institute-of-fundamental-research-work-assistant-technical-fitter-2026--2088","122","job-listing"
"https://www.searchsarkarinaukri.com/jobs/tata-institute-of-fundamental-research-work-assistant-technical-painter-2026--2090","123","job-listing"
"https://www.searchsarkarinaukri.com/jobs/tata-institute-of-fundamental-research-work-assistant-technical-plumber-2026--2089","123","job-listing"
"https://www.searchsarkarinaukri.com/jobs/tata-institute-of-social-sciences-tiss-apply-for-1-senior-research-officer-2026--1783","126","job-listing"
"https://www.searchsarkarinaukri.com/jobs/tata-institute-of-social-sciences-tiss-mumbai-tata-institute-of-social-sciences-tiss-2026--1788","136","job-listing"
"https://www.searchsarkarinaukri.com/jobs/tata-institute-of-social-sciences-tiss-mumbai-tata-institute-of-social-sciences-tiss-2026--2111","136","job-listing"
"https://www.searchsarkarinaukri.com/jobs/tata-institute-of-social-sciences-tiss-mumbai-tata-institute-of-social-sciences-tiss-2026--2971","136","job-listing"
"https://www.searchsarkarinaukri.com/jobs/tata-institute-of-social-sciences-tiss-mumbai-tata-institute-of-social-sciences-tiss-2026--3163","136","job-listing"
"https://www.searchsarkarinaukri.com/jobs/tata-institute-of-social-sciences-tiss-mumbai-tata-institute-of-social-sciences-tiss-2026--3837","136","job-listing"
"https://www.searchsarkarinaukri.com/jobs/tata-institute-of-social-sciences-tiss-mumbai-tata-institute-of-social-sciences-tiss-2026--4605","136","job-listing"
"https://www.searchsarkarinaukri.com/jobs/tata-institute-of-social-sciences-tiss-recruitment-notification-tata-institute-of-social-2026--2488","140","job-listing"
"https://www.searchsarkarinaukri.com/jobs/tata-institute-of-social-sciences-tiss-tiss-recruitment-2026-1-academic-2026--1674","123","job-listing"
"https://www.searchsarkarinaukri.com/jobs/tata-institute-of-social-sciences-tiss-tiss-recruitment-2026-3-research-2026--1676","123","job-listing"
"https://www.searchsarkarinaukri.com/jobs/tata-institute-of-social-sciences-tiss-tiss-recruitment-2026-6-project-2026--1675","122","job-listing"
"https://www.searchsarkarinaukri.com/jobs/tata-memorial-center-tmc-mumbai-tata-memorial-center-tmc-mumbai-invites-2026--1871","123","job-listing"
"https://www.searchsarkarinaukri.com/jobs/tata-memorial-center-tmc-mumbai-tata-memorial-center-tmc-mumbai-invites-2026--3610","123","job-listing"
"https://www.searchsarkarinaukri.com/jobs/tata-memorial-center-tmc-mumbai-tata-memorial-center-tmc-mumbai-invites-2026--4940","123","job-listing"
"https://www.searchsarkarinaukri.com/jobs/territorial-army-soldier-black-smith-recruitment-rally-2026-apply-for-1-post--4097","123","job-listing"
"https://www.searchsarkarinaukri.com/jobs/territorial-army-soldier-carpenter-recruitment-rally-2026-apply-for-3-posts--4092","122","job-listing"
"https://www.searchsarkarinaukri.com/jobs/territorial-army-soldier-chef-community-recruitment-rally-2026-apply-for-4-posts--4090","127","job-listing"
"https://www.searchsarkarinaukri.com/jobs/territorial-army-soldier-clerk-recruitment-rally-2026-apply-for-1-post--4098","117","job-listing"
"https://www.searchsarkarinaukri.com/jobs/territorial-army-soldier-equipment-repairer-recruitment-rally-2026-apply-for-2-posts--4095","131","job-listing"
"https://www.searchsarkarinaukri.com/jobs/territorial-army-soldier-general-duty-recruitment-rally-2026-apply-for-49-posts--4089","126","job-listing"
"https://www.searchsarkarinaukri.com/jobs/territorial-army-soldier-hair-dresser-recruitment-rally-2026-apply-for-3-posts--4091","125","job-listing"
"https://www.searchsarkarinaukri.com/jobs/territorial-army-soldier-house-keeper-recruitment-rally-2026-apply-for-2-posts--4096","125","job-listing"
"https://www.searchsarkarinaukri.com/jobs/territorial-army-soldier-tailor-recruitment-rally-2026-apply-for-2-posts--4094","119","job-listing"
"https://www.searchsarkarinaukri.com/jobs/territorial-army-soldier-washer-man-recruitment-rally-2026-apply-for-2-posts--4093","123","job-listing"
"https://www.searchsarkarinaukri.com/jobs/thane-mahanagarpalika-thane-municipal-corporation-apply-for-11-gynecologist-posts-at-2026--1873","136","job-listing"
"https://www.searchsarkarinaukri.com/jobs/thane-mahanagarpalika-thane-municipal-corporation-apply-for-11-medical-officer-mbbsbams-2026--2219","139","job-listing"
"https://www.searchsarkarinaukri.com/jobs/thane-mahanagarpalika-thane-municipal-corporation-apply-for-6-pharmaceutical-officer-pharmacist-2026--2690","147","job-listing"
"https://www.searchsarkarinaukri.com/jobs/thane-mahanagarpalika-thane-municipal-corporation-apply-for-67-specialist-and-resident-2026--2420","138","job-listing"
"https://www.searchsarkarinaukri.com/jobs/thane-mahanagarpalika-thane-municipal-corporation-apply-for-9-resident-medical-officer-2026--2331","138","job-listing"
"https://www.searchsarkarinaukri.com/jobs/thane-mahanagarpalika-thane-municipal-corporation-thane-municipal-corporation-recruitment-2026-2026--1662","146","job-listing"
"https://www.searchsarkarinaukri.com/jobs/the-braithwaite-burn-and-jessop-construction-company-limited-chairman-and-managing-director-2026--1369","143","job-listing"
"https://www.searchsarkarinaukri.com/jobs/the-chandwad-merchants-co-op-bank-ltd-the-chandwad-merchants-co-op-bank-ltd-2026--2751","127","job-listing"
"https://www.searchsarkarinaukri.com/jobs/the-csc-e-governance-services-india-uidai-apply-for-1-aadhaar-supervisor-operator-2026--2867","133","job-listing"
"https://www.searchsarkarinaukri.com/jobs/the-fertilisers-and-chemicals-travancore-limited-director-finance-2026--1562","117","job-listing"
"https://www.searchsarkarinaukri.com/jobs/the-institute-of-company-secretaries-of-india-icsi-job-openings-at-the-institute-of-2026--1774","135","job-listing"
"https://www.searchsarkarinaukri.com/jobs/the-new-india-assurance-co-ltd-niacl-mumbai-the-new-india-assurance-co-ltd-2026--2107","126","job-listing"
"https://www.searchsarkarinaukri.com/jobs/tiss-program-administrative-staff-recruitment-2026-apply-via-email-for-1-post--3829","124","job-listing"
"https://www.searchsarkarinaukri.com/jobs/tmb-oracle-hcm-talent-workflow-experience-recruitment-2026-apply-online--4051","118","job-listing"
"https://www.searchsarkarinaukri.com/jobs/tmb-software-developer-assistant-manager-recruitment-2026-apply-online--4047","117","job-listing"
"https://www.searchsarkarinaukri.com/jobs/tmb-software-engineer-software-programmer-recruitment-2026-apply-online--4049","118","job-listing"
"https://www.searchsarkarinaukri.com/jobs/tourism-and-cultural-affairs-department-government-of-maharashtra-recruitment-notification-tourism-a--1867","147","job-listing"
"https://www.searchsarkarinaukri.com/jobs/tourism-and-cultural-affairs-department-government-of-maharashtra-tourism-and-cultural-affairs-dept--1668","146","job-listing"
"https://www.searchsarkarinaukri.com/jobs/trade-apprentice-data-entry-operator-skill-certificate-holders-recruitment-2026--3108","126","job-listing"
"https://www.searchsarkarinaukri.com/jobs/tslprb-sct-police-constable-ar-recruitment-2026-apply-online-for-1-052-posts--4244","123","job-listing"
"https://www.searchsarkarinaukri.com/jobs/tslprb-sct-police-constable-civil-recruitment-2026-apply-online-for-3-697-posts--4243","126","job-listing"
"https://www.searchsarkarinaukri.com/jobs/tslprb-sct-police-constable-sar-cpl-recruitment-2026-apply-online-for-24-posts--4245","125","job-listing"
"https://www.searchsarkarinaukri.com/jobs/tslprb-special-protection-force-spf-constable-recruitment-2026-apply-online-for-1-380-posts--4246","138","job-listing"
"https://www.searchsarkarinaukri.com/jobs/tuberculosis-hospital-group-sewri-mumbai-job-openings-at-tuberculosis-hospital-group-2026--4993","136","job-listing"
"https://www.searchsarkarinaukri.com/jobs/tuberculosis-hospital-group-sewri-mumbai-tb-hospital-sewri-recruitment-2026-2026--1664","127","job-listing"
"https://www.searchsarkarinaukri.com/jobs/ukmssb-associate-professor-recruitment-2026-apply-online-for-46-posts--3177","116","job-listing"
"https://www.searchsarkarinaukri.com/jobs/umed-maharashtra-state-rural-livelihood-mission-ahilyanagar-umed-maharashtra-state-rural-livelihood--3391","146","job-listing"
"https://www.searchsarkarinaukri.com/jobs/umed-maharashtra-state-rural-livelihood-mission-chandrapur-umed-maharashtra-state-rural-livelihood-2--3340","147","job-listing"
"https://www.searchsarkarinaukri.com/jobs/umed-maharashtra-state-rural-livelihood-mission-msrlm-jalna-umed-maharashtra-state-rural-livelihood--2771","146","job-listing"
"https://www.searchsarkarinaukri.com/jobs/umed-maharashtra-state-rural-livelihood-mission-msrlm-umed-maharashtra-state-rural-livelihood-2026--3267","145","job-listing"
"https://www.searchsarkarinaukri.com/jobs/umed-maharashtra-state-rural-livelihood-mission-solapur-recruitment-notification-umed-maharashtra-st--3835","147","job-listing"
"https://www.searchsarkarinaukri.com/jobs/umed-maharashtra-state-rural-livelihoods-mission-msrlm-yavatmal-umed-maharashtra-state-rural-livelih--3397","147","job-listing"
"https://www.searchsarkarinaukri.com/jobs/union-bank-of-india-ad-av-edr-xdr-administrator-recruitment-2026-apply-online-for-2-posts--3503","136","job-listing"
"https://www.searchsarkarinaukri.com/jobs/union-bank-of-india-agm-capital-planning-investor-relations-recruitment-2026--4397","123","job-listing"
"https://www.searchsarkarinaukri.com/jobs/union-bank-of-india-agm-capital-planning-investor-relations-recruitment-2026-apply-online--3434","136","job-listing"
"https://www.searchsarkarinaukri.com/jobs/union-bank-of-india-agm-taxation-direct-indirect-recruitment-2026-apply-online--3432","125","job-listing"
"https://www.searchsarkarinaukri.com/jobs/union-bank-of-india-api-management-professional-recruitment-2026-apply-online-for-4-posts--3440","136","job-listing"
"https://www.searchsarkarinaukri.com/jobs/union-bank-of-india-blockchain-quantum-computing-recruitment-2026-apply-online-for-1-post--3452","136","job-listing"
"https://www.searchsarkarinaukri.com/jobs/union-bank-of-india-certified-anti-money-laundering-specialist-recruitment-2026--4389","126","job-listing"
"https://www.searchsarkarinaukri.com/jobs/union-bank-of-india-certified-financial-crimes-investigator-recruitment-2026--4390","123","job-listing"
"https://www.searchsarkarinaukri.com/jobs/union-bank-of-india-certified-financial-crimes-investigator-recruitment-2026-apply-online-for-1-post--3430","147","job-listing"
"https://www.searchsarkarinaukri.com/jobs/union-bank-of-india-certified-fraud-examiner-recruitment-2026-apply-online-for-1-post--3429","132","job-listing"
"https://www.searchsarkarinaukri.com/jobs/union-bank-of-india-cloud-administrator-recruitment-2026-apply-online-for-6-posts--3444","128","job-listing"
"https://www.searchsarkarinaukri.com/jobs/union-bank-of-india-cyber-security-professional-recruitment-2026-apply-online-for-12-posts--3442","137","job-listing"
"https://www.searchsarkarinaukri.com/jobs/union-bank-of-india-dam-database-activity-monitoring-administrator-recruitment-2026-apply-online-for-2-posts--3504","155","job-listing"
"https://www.searchsarkarinaukri.com/jobs/union-bank-of-india-data-centre-specialist-recruitment-2026-apply-online-for-10-posts--3441","132","job-listing"
"https://www.searchsarkarinaukri.com/jobs/union-bank-of-india-data-privacy-officer-recruitment-2026-apply-online-for-1-post--3453","128","job-listing"
"https://www.searchsarkarinaukri.com/jobs/union-bank-of-india-data-scientist-analyst-recruitment-2026-apply-online-for-1-post--3454","130","job-listing"
"https://www.searchsarkarinaukri.com/jobs/union-bank-of-india-database-administrator-recruitment-2026-apply-online-for-5-posts--3445","131","job-listing"
"https://www.searchsarkarinaukri.com/jobs/union-bank-of-india-ddos-administrator-recruitment-2026-apply-online-for-1-post--3505","126","job-listing"
"https://www.searchsarkarinaukri.com/jobs/union-bank-of-india-devops-engineer-recruitment-2026-apply-online-for-5-posts--3447","124","job-listing"
"https://www.searchsarkarinaukri.com/jobs/union-bank-of-india-devsecops-recruitment-2026-apply-online-for-2-posts--3455","118","job-listing"
"https://www.searchsarkarinaukri.com/jobs/union-bank-of-india-digital-identity-biometrics-recruitment-2026-apply-online-for-3-posts--3456","136","job-listing"
"https://www.searchsarkarinaukri.com/jobs/union-bank-of-india-disaster-management-professional-recruitment-2026--4398","116","job-listing"
"https://www.searchsarkarinaukri.com/jobs/union-bank-of-india-disaster-management-professional-recruitment-2026--4399","116","job-listing"
"https://www.searchsarkarinaukri.com/jobs/union-bank-of-india-disaster-management-professional-recruitment-2026-apply-online-for-1-post--3435","140","job-listing"
"https://www.searchsarkarinaukri.com/jobs/union-bank-of-india-email-administrator-recruitment-2026-apply-online-for-1-post--3506","127","job-listing"
"https://www.searchsarkarinaukri.com/jobs/union-bank-of-india-enterprise-architect-recruitment-2026-apply-online-for-3-posts--3457","129","job-listing"
"https://www.searchsarkarinaukri.com/jobs/union-bank-of-india-etl-developer-recruitment-2026-apply-online-for-3-posts--3458","122","job-listing"
"https://www.searchsarkarinaukri.com/jobs/union-bank-of-india-figma-ui-developer-recruitment-2026-apply-online-for-2-posts--3508","127","job-listing"
"https://www.searchsarkarinaukri.com/jobs/union-bank-of-india-firewall-administrator-recruitment-2026-apply-online-for-2-posts--3507","131","job-listing"
"https://www.searchsarkarinaukri.com/jobs/union-bank-of-india-flutter-ui-developer-recruitment-2026-apply-online-for-2-posts--3511","129","job-listing"
"https://www.searchsarkarinaukri.com/jobs/union-bank-of-india-forex-officer-recruitment-2026-apply-online-for-25-posts--3439","123","job-listing"
"https://www.searchsarkarinaukri.com/jobs/union-bank-of-india-full-stack-developer-mern-recruitment-2026-apply-online-for-1-post--3509","133","job-listing"
"https://www.searchsarkarinaukri.com/jobs/union-bank-of-india-full-stack-developer-recruitment-2026-apply-online-for-1-post--3510","128","job-listing"
"https://www.searchsarkarinaukri.com/jobs/union-bank-of-india-gen-ai-ml-professional-recruitment-2026-apply-online-for-5-posts--3459","131","job-listing"
"https://www.searchsarkarinaukri.com/jobs/union-bank-of-india-general-banking-officer-recruitment-2026-apply-online-for-250-posts--3437","134","job-listing"
"https://www.searchsarkarinaukri.com/jobs/union-bank-of-india-innovation-r-d-recruitment-2026-apply-online-for-4-posts--3460","123","job-listing"
"https://www.searchsarkarinaukri.com/jobs/union-bank-of-india-iot-edge-computing-recruitment-2026-apply-online-for-2-posts--3461","127","job-listing"
"https://www.searchsarkarinaukri.com/jobs/union-bank-of-india-it-infrastructure-management-recruitment-2026-apply-online-for-2-posts--3479","137","job-listing"
"https://www.searchsarkarinaukri.com/jobs/union-bank-of-india-linux-administrator-recruitment-2026-apply-online-for-4-posts--3448","128","job-listing"
"https://www.searchsarkarinaukri.com/jobs/union-bank-of-india-linux-unix-administrator-recruitment-2026-apply-online-for-1-post--3536","132","job-listing"
"https://www.searchsarkarinaukri.com/jobs/union-bank-of-india-load-balancer-recruitment-2026-apply-online-for-2-posts--3512","122","job-listing"
"https://www.searchsarkarinaukri.com/jobs/union-bank-of-india-middleware-administrator-recruitment-2026-apply-online-for-4-posts--3446","133","job-listing"
"https://www.searchsarkarinaukri.com/jobs/union-bank-of-india-mobile-app-developer-recruitment-2026-apply-online-for-2-posts--3480","129","job-listing"
"https://www.searchsarkarinaukri.com/jobs/union-bank-of-india-mq-jboss-administrator-recruitment-2026-apply-online-for-2-posts--3481","131","job-listing"
"https://www.searchsarkarinaukri.com/jobs/union-bank-of-india-nbad-network-behaviour-analytics-administrator-recruitment-2026-apply-online-for-1-post--3537","154","job-listing"
"https://www.searchsarkarinaukri.com/jobs/union-bank-of-india-network-administrator-recruitment-2026-apply-online-for-8-posts--3443","130","job-listing"
"https://www.searchsarkarinaukri.com/jobs/union-bank-of-india-open-banking-platform-recruitment-2026-apply-online-for-3-posts--3499","130","job-listing"
"https://www.searchsarkarinaukri.com/jobs/union-bank-of-india-open-source-developer-recruitment-2026-apply-online-for-2-posts--3482","130","job-listing"
"https://www.searchsarkarinaukri.com/jobs/union-bank-of-india-oracle-database-administrator-recruitment-2026-apply-online-for-3-posts--3450","138","job-listing"
"https://www.searchsarkarinaukri.com/jobs/union-bank-of-india-oracle-dba-recruitment-2026-apply-online-for-2-posts--3483","119","job-listing"
"https://www.searchsarkarinaukri.com/jobs/union-bank-of-india-pam-privileged-access-management-administrator-recruitment-2026-apply-online-for-2-posts--3538","155","job-listing"
"https://www.searchsarkarinaukri.com/jobs/union-bank-of-india-patch-administrator-recruitment-2026-apply-online-for-1-post--3539","127","job-listing"
"https://www.searchsarkarinaukri.com/jobs/union-bank-of-india-personal-assistant-to-executives-recruitment-2026-apply-online-for-2-posts--3436","141","job-listing"
"https://www.searchsarkarinaukri.com/jobs/union-bank-of-india-personal-assistants-to-executives-recruitment-2026--4400","117","job-listing"
"https://www.searchsarkarinaukri.com/jobs/union-bank-of-india-personal-assistants-to-executives-recruitment-2026--4401","117","job-listing"
"https://www.searchsarkarinaukri.com/jobs/union-bank-of-india-platform-engineer-recruitment-2026-apply-online-for-2-posts--3484","126","job-listing"
"https://www.searchsarkarinaukri.com/jobs/union-bank-of-india-production-support-engineer-recruitment-2026-apply-online-for-2-posts--3485","136","job-listing"
"https://www.searchsarkarinaukri.com/jobs/union-bank-of-india-project-management-professional-recruitment-2026-apply-online-for-1-post--3431","139","job-listing"
"https://www.searchsarkarinaukri.com/jobs/union-bank-of-india-quality-assurances-recruitment-2026-apply-online-for-4-posts--3500","127","job-listing"
"https://www.searchsarkarinaukri.com/jobs/union-bank-of-india-robotic-process-automation-rpa-professional-recruitment-2026-apply-online-for-3-posts--3501","152","job-listing"
"https://www.searchsarkarinaukri.com/jobs/union-bank-of-india-sdlc-professional-recruitment-2026-apply-online-for-2-posts--3486","126","job-listing"
"https://www.searchsarkarinaukri.com/jobs/union-bank-of-india-soc-analyst-recruitment-2026-apply-online-for-2-posts--3502","120","job-listing"
"https://www.searchsarkarinaukri.com/jobs/union-bank-of-india-software-developer-recruitment-2026-apply-online-for-5-posts--3487","127","job-listing"
"https://www.searchsarkarinaukri.com/jobs/union-bank-of-india-solution-architect-recruitment-2026-apply-online-for-3-posts--3488","127","job-listing"
"https://www.searchsarkarinaukri.com/jobs/union-bank-of-india-storage-administrator-recruitment-2026-apply-online-for-2-posts--3489","130","job-listing"
"https://www.searchsarkarinaukri.com/jobs/union-bank-of-india-storage-administrator-recruitment-2026-apply-online-for-3-posts--3451","130","job-listing"
"https://www.searchsarkarinaukri.com/jobs/union-bank-of-india-ui-ux-designer-recruitment-2026-apply-online-for-2-posts--3494","123","job-listing"
"https://www.searchsarkarinaukri.com/jobs/union-bank-of-india-unix-administrator-recruitment-2026-apply-online-for-2-posts--3490","127","job-listing"
"https://www.searchsarkarinaukri.com/jobs/union-bank-of-india-ux-researcher-recruitment-2026-apply-online-for-2-posts--3495","122","job-listing"
"https://www.searchsarkarinaukri.com/jobs/union-bank-of-india-vendor-management-professional-non-it-recruitment-2026-apply-online-for-2-posts--3438","146","job-listing"
"https://www.searchsarkarinaukri.com/jobs/union-bank-of-india-virtualization-specialist-recruitment-2026-apply-online-for-2-posts--3491","134","job-listing"
"https://www.searchsarkarinaukri.com/jobs/union-bank-of-india-voice-administrator-recruitment-2026-apply-online-for-2-posts--3496","128","job-listing"
"https://www.searchsarkarinaukri.com/jobs/union-bank-of-india-vulnerability-assessment-penetration-testing-vapt-recruitment-2026-apply-online-for-2-posts--3492","158","job-listing"
"https://www.searchsarkarinaukri.com/jobs/union-bank-of-india-waf-administrator-recruitment-2026-apply-online-for-1-post--3540","125","job-listing"
"https://www.searchsarkarinaukri.com/jobs/union-bank-of-india-web-developer-recruitment-2026-apply-online-for-2-posts--3497","122","job-listing"
"https://www.searchsarkarinaukri.com/jobs/union-bank-of-india-windows-administrator-recruitment-2026-apply-online-for-2-posts--3493","130","job-listing"
"https://www.searchsarkarinaukri.com/jobs/union-bank-of-india-windows-administrator-recruitment-2026-apply-online-for-4-posts--3449","130","job-listing"
"https://www.searchsarkarinaukri.com/jobs/union-bank-of-india-z-os-administrator-recruitment-2026-apply-online-for-2-posts--3498","127","job-listing"
"https://www.searchsarkarinaukri.com/jobs/union-public-service-commission-central-armed-police-forces-acs-examination-2026--1431","127","job-listing"
"https://www.searchsarkarinaukri.com/jobs/union-public-service-commission-central-armed-police-forces-acs-examination-2026--1443","127","job-listing"
"https://www.searchsarkarinaukri.com/jobs/union-public-service-commission-civil-services-main-examination-2025-2026--1440","120","job-listing"
"https://www.searchsarkarinaukri.com/jobs/union-public-service-commission-civil-services-preliminary-examination-2025-2026--1445","127","job-listing"
"https://www.searchsarkarinaukri.com/jobs/union-public-service-commission-civil-services-preliminary-examination-2026-2026--1434","127","job-listing"
"https://www.searchsarkarinaukri.com/jobs/union-public-service-commission-combined-defence-services-examination-i-2026-2026--1435","128","job-listing"
"https://www.searchsarkarinaukri.com/jobs/union-public-service-commission-combined-defence-services-examination-ii-2025-2026--1442","129","job-listing"
"https://www.searchsarkarinaukri.com/jobs/union-public-service-commission-combined-defence-services-examination-ii-2026-2026--1483","129","job-listing"
"https://www.searchsarkarinaukri.com/jobs/union-public-service-commission-combined-geo-scientist-main-examination-2026-2026--1400","128","job-listing"
"https://www.searchsarkarinaukri.com/jobs/union-public-service-commission-combined-geo-scientist-preliminary-examination-2026-2026--1402","135","job-listing"
"https://www.searchsarkarinaukri.com/jobs/union-public-service-commission-combined-medical-services-examination-2026-2026--1429","126","job-listing"
"https://www.searchsarkarinaukri.com/jobs/union-public-service-commission-combined-section-officers-grade-b-ldce-2025-2026--1401","127","job-listing"
"https://www.searchsarkarinaukri.com/jobs/union-public-service-commission-engineering-services-main-examination-2026-2026--1428","126","job-listing"
"https://www.searchsarkarinaukri.com/jobs/union-public-service-commission-engineering-services-preliminary-examination-2026-2026--1438","133","job-listing"
"https://www.searchsarkarinaukri.com/jobs/union-public-service-commission-indian-economic-service-indian-statistical-2026--1432","126","job-listing"
"https://www.searchsarkarinaukri.com/jobs/union-public-service-commission-indian-forest-service-examination-2025-2026--1427","122","job-listing"
"https://www.searchsarkarinaukri.com/jobs/union-public-service-commission-indian-forest-service-main-examination-2025-2026--1439","127","job-listing"
"https://www.searchsarkarinaukri.com/jobs/union-public-service-commission-indian-forest-service-preliminary-examination-2025-2026--1444","134","job-listing"
"https://www.searchsarkarinaukri.com/jobs/union-public-service-commission-indian-forest-service-preliminary-examination-2026-2026--1433","134","job-listing"
"https://www.searchsarkarinaukri.com/jobs/union-public-service-commission-national-defence-academy-and-naval-academy-2026--1436","126","job-listing"
"https://www.searchsarkarinaukri.com/jobs/union-public-service-commission-national-defence-academy-and-naval-academy-2026--1441","126","job-listing"
"https://www.searchsarkarinaukri.com/jobs/union-public-service-commission-national-defence-academy-and-naval-academy-2026--1484","126","job-listing"
"https://www.searchsarkarinaukri.com/jobs/university-of-mumbai-university-of-mumbai-2026-recruitment-drive-2026--2454","116","job-listing"
"https://www.searchsarkarinaukri.com/jobs/university-of-mumbai-university-of-mumbai-2026-recruitment-drive-2026--3396","116","job-listing"
"https://www.searchsarkarinaukri.com/jobs/upsc-assistant-director-engineering-recruitment-2026-apply-online-for-1-post--4308","123","job-listing"
"https://www.searchsarkarinaukri.com/jobs/upsc-assistant-executive-engineer-civil-recruitment-2026-apply-online-for-1-post--4306","127","job-listing"
"https://www.searchsarkarinaukri.com/jobs/upsc-assistant-executive-engineer-electronics-recruitment-2026-apply-online-for-9-posts--4307","134","job-listing"
"https://www.searchsarkarinaukri.com/jobs/upsc-assistant-industrial-adviser-recruitment-2026-apply-online-for-2-posts--3560","122","job-listing"
"https://www.searchsarkarinaukri.com/jobs/upsc-civilian-medical-officer-recruitment-2026-apply-online-for-18-posts--3557","119","job-listing"
"https://www.searchsarkarinaukri.com/jobs/upsc-horticulture-development-officer-recruitment-2026-apply-online-for-4-posts--4311","126","job-listing"
"https://www.searchsarkarinaukri.com/jobs/upsc-medical-officer-research-officer-siddha-recruitment-2026-01-post--2738","116","job-listing"
"https://www.searchsarkarinaukri.com/jobs/upsc-medical-officer-research-officer-unani-recruitment-2026-apply-online-for-4-posts--3551","132","job-listing"
"https://www.searchsarkarinaukri.com/jobs/upsc-recruitment-2026-joint-director-crops-development-directorate-06-posts--2737","122","job-listing"
"https://www.searchsarkarinaukri.com/jobs/upsc-soil-conservation-assistant-recruitment-2026-apply-online-for-7-posts--4312","121","job-listing"
"https://www.searchsarkarinaukri.com/jobs/upsc-specialist-grade-iii-assistant-professor-immuno-haematology-blood-transfusion-recruitment-2026-apply-online-for-5-posts--3558","171","job-listing"
"https://www.searchsarkarinaukri.com/jobs/upsc-specialist-grade-iii-assistant-professor-surgical-oncology-recruitment-2026-apply-online--3559","140","job-listing"
"https://www.searchsarkarinaukri.com/jobs/upsc-superintendent-translation-hindi-branch-recruitment-2026-apply-online-for-1-post--4309","132","job-listing"
"https://www.searchsarkarinaukri.com/jobs/upsc-veterinary-assistant-surgeon-recruitment-2026-apply-online-for-4-posts--3561","122","job-listing"
"https://www.searchsarkarinaukri.com/jobs/upsc-vice-principal-recruitment-2026-apply-online-for-704-vice-principal-posts--3699","125","job-listing"
"https://www.searchsarkarinaukri.com/jobs/upsssc-laboratory-assistant-prayogshala-sahayak-recruitment-2026-apply-online-for-61-posts--3544","137","job-listing"
"https://www.searchsarkarinaukri.com/jobs/van-vibhag-nagpur-forest-department-mahaforest-nagpur-van-vibhag-nagpur-forest-department-mahaforest--2976","147","job-listing"
"https://www.searchsarkarinaukri.com/jobs/vasai-virar-city-municipal-corporation-vvcmc-vasai-virar-city-municipal-corporation-vvcmc-2026--2018","141","job-listing"
"https://www.searchsarkarinaukri.com/jobs/vasantrao-naik-marathwada-agricultural-university-parbhani-vasantrao-naik-marathwada-agricultural-un--2979","147","job-listing"
"https://www.searchsarkarinaukri.com/jobs/vasundhara-mahila-nagari-sahakari-bank-vasundhara-mahila-nagari-sahakari-bank-2026--2707","129","job-listing"
"https://www.searchsarkarinaukri.com/jobs/vidyanand-co-op-bank-ltd-solapur-vidyanand-co-op-bank-ltd-solapur-2026--2843","117","job-listing"
"https://www.searchsarkarinaukri.com/jobs/vilasrao-deshmukh-government-medical-college-and-hospital-latur-vilasrao-deshmukh-government-medical--4765","147","job-listing"
"https://www.searchsarkarinaukri.com/jobs/visvesvaraya-national-institute-of-technology-nagpur-visvesvaraya-national-institute-of-technology-n--2335","147","job-listing"
"https://www.searchsarkarinaukri.com/jobs/visvesvaraya-national-institute-of-technology-nagpur-visvesvaraya-national-institute-of-technology-n--2776","147","job-listing"
"https://www.searchsarkarinaukri.com/jobs/visvesvaraya-national-institute-of-technology-nagpur-visvesvaraya-national-institute-of-technology-n--3071","147","job-listing"
"https://www.searchsarkarinaukri.com/jobs/visvesvaraya-national-institute-of-technology-nagpur-vnit-nagpur-recruitment-2026-02-2026--1667","136","job-listing"
"https://www.searchsarkarinaukri.com/jobs/vitthalrao-patil-mahavidyalaya-kolhapur-vitthalrao-patil-mahavidyalaya-kolhapur-2026--2126","131","job-listing"
"https://www.searchsarkarinaukri.com/jobs/vivekanand-education-society-mumbai-vivekanand-education-society-mumbai-2026--5008","123","job-listing"
"https://www.searchsarkarinaukri.com/jobs/vspm-academy-of-higher-education-nagpur-vspm-academy-of-higher-education-nagpur-2026--4138","131","job-listing"
"https://www.searchsarkarinaukri.com/jobs/wardha-nagarik-sahakari-adhikosh-bank-wardha-nagarik-sahakari-adhikosh-bank-2026--3788","127","job-listing"
"https://www.searchsarkarinaukri.com/jobs/water-and-conservation-department-water-and-conservation-department-2026--3169","119","job-listing"
"https://www.searchsarkarinaukri.com/jobs/wcl-assistant-foreman-electrical-recruitment-2026-apply-online-for-224-posts--3222","123","job-listing"
"https://www.searchsarkarinaukri.com/jobs/western-coalfields-limited-western-coalfields-limited-2026-recruitment-drive-2026--1865","128","job-listing"
"https://www.searchsarkarinaukri.com/jobs/western-coalfields-limited-western-coalfields-limited-recruitment-2026-2026--1784","122","job-listing"
"https://www.searchsarkarinaukri.com/jobs/wii-administrative-assistant-recruitment-2026-apply-online-for-2-posts--3223","117","job-listing"
"https://www.searchsarkarinaukri.com/jobs/wii-scientific-administrative-assistant-field-worker-recruitment-2026-apply-online-for-3-posts--3228","141","job-listing"
"https://www.searchsarkarinaukri.com/jobs/wii-senior-project-associate-recruitment-2026-apply-online-for-1-post--3227","116","job-listing"
"https://www.searchsarkarinaukri.com/jobs/women-and-child-development-department-maharashtra-recruitment-notification-women-and-child-developm--4475","147","job-listing"
"https://www.searchsarkarinaukri.com/jobs/yashodeep-college-of-pharmacy-saralgaon-yashodeep-college-of-pharmacy-saralgaon-2026--3767","131","job-listing"
"https://www.searchsarkarinaukri.com/jobs/yashwantrao-chavan-college-kolhapur-yashwantrao-chavan-college-kolhapur-2026--1836","123","job-listing"
"https://www.searchsarkarinaukri.com/jobs/yashwantrao-chavan-mahavidyalaya-sangli-yashwantrao-chavan-mahavidyalaya-sangli-2026--2272","131","job-listing"
"https://www.searchsarkarinaukri.com/jobs/yuva-gramin-vikas-sanstha-kolhapur-yuva-gramin-vikas-sanstha-kolhapur-2026--1803","121","job-listing"
"https://www.searchsarkarinaukri.com/jobs/zilla-parishad-solapur-recruitment-notification-zilla-parishad-solapur-hiring-2026--2967","129","job-listing"
"https://www.searchsarkarinaukri.com/jobs/zilla-parishad-wardha-zilla-parishad-wardha-2026-recruitment-drive-2026--2966","118","job-listing"
"https://www.searchsarkarinaukri.com/jobs/zilla-parishad-yavatmal-zilla-parishad-yavatmal-invites-applications-for-2026--4767","124","job-listing"
"https://www.searchsarkarinaukri.com/jobs/zonal-agricultural-research-station-kolhapur-mpkv-job-opening-at-zonal-agricultural-research-2026--2211","144","job-listing"
